appointment_id,patient_id,doctor_id,department,scheduled_time,appointment_type
bd730856-1bd8-4786-a1cb-27fe278e70ce,PAT_764,DOC_GEN_1,General Physician,2026-08-05 09:00:00,follow_up
89447ef7-2cb9-45f3-8546-4d4e17aa982a,PAT_717,DOC_GEN_1,General Physician,2026-08-05 09:10:00,new
efbdbee5-ed12-4aae-9ed1-f570f4ce8cd3,PAT_240,DOC_GEN_1,General Physician,2026-08-05 09:20:00,new
9c7ef0b0-c8ae-46e1-ae61-d38c6967cff9,PAT_551,DOC_GEN_1,General Physician,2026-08-05 09:30:00,new
9731674d-165a-4196-be00-630448a017a5,PAT_484,DOC_GEN_1,General Physician,2026-08-05 09:40:00,follow_up
01b3ba7c-0eb5-45fd-8fb7-708050adce12,PAT_198,DOC_GEN_1,General Physician,2026-08-05 09:50:00,follow_up
69c3adcc-de35-47d2-898d-0d01b2d4c909,PAT_752,DOC_GEN_1,General Physician,2026-08-05 10:00:00,follow_up
cce0d0ef-e932-427d-9571-fc0bd735a89d,PAT_158,DOC_GEN_1,General Physician,2026-08-05 10:10:00,new
96b51226-1e35-4038-9f64-b6ac8c111472,PAT_512,DOC_GEN_1,General Physician,2026-08-05 10:20:00,new
9c91e7a9-01e6-4b89-aab5-b2ecd035b652,PAT_260,DOC_GEN_1,General Physician,2026-08-05 10:30:00,new
37351dde-22b7-432e-9a65-34af73227fa3,PAT_215,DOC_GEN_1,General Physician,2026-08-05 10:40:00,new
142584eb-0383-4828-b2cf-48704937b852,PAT_994,DOC_GEN_1,General Physician,2026-08-05 10:50:00,new
1cda9835-621c-481d-a58f-52612ac0cdbe,PAT_534,DOC_GEN_1,General Physician,2026-08-05 11:00:00,new
9494bfaf-ef70-4ba2-bfba-e839cce4245a,PAT_386,DOC_GEN_1,General Physician,2026-08-05 11:10:00,follow_up
9c3f197b-f5e2-44f3-a561-cdc533589594,PAT_850,DOC_GEN_1,General Physician,2026-08-05 11:20:00,new
a5582fb2-b593-488f-a962-aff44235ac83,PAT_353,DOC_GEN_1,General Physician,2026-08-05 11:30:00,new
e7853a76-662f-48be-a3f3-d97c3822581b,PAT_227,DOC_GEN_1,General Physician,2026-08-05 11:40:00,follow_up
f3a79434-96a0-437e-9919-4f113c2d00ad,PAT_14,DOC_GEN_1,General Physician,2026-08-05 11:50:00,new
a1abbdc0-e6b6-4f9e-b0a6-6b69694df485,PAT_703,DOC_GEN_2,General Physician,2026-08-05 09:00:00,follow_up
508c5f46-5a9c-4de0-b434-a5e27b9e956a,PAT_423,DOC_GEN_2,General Physician,2026-08-05 09:10:00,new
99d12485-b42a-4927-ba08-16e1ef8c8faa,PAT_383,DOC_GEN_2,General Physician,2026-08-05 09:20:00,new
856a1751-28cc-496c-bc4d-6da99983bc78,PAT_877,DOC_GEN_2,General Physician,2026-08-05 09:30:00,follow_up
4fc55625-43b9-44c8-89fb-3679db7c5e92,PAT_445,DOC_GEN_2,General Physician,2026-08-05 09:40:00,follow_up
c2409540-8024-4096-bf3f-38fbc11efd77,PAT_403,DOC_GEN_2,General Physician,2026-08-05 09:50:00,follow_up
5d323170-a020-49b5-a259-9cbbbf90fdd5,PAT_327,DOC_GEN_2,General Physician,2026-08-05 10:00:00,follow_up
5dece3d5-4608-4d64-8197-42482322d19e,PAT_207,DOC_GEN_2,General Physician,2026-08-05 10:10:00,new
c2ae3281-ec6b-450e-bf28-a8107c4a5411,PAT_687,DOC_GEN_2,General Physician,2026-08-05 10:20:00,new
719bc7c3-06f9-4285-9693-c93f43d6e442,PAT_84,DOC_GEN_2,General Physician,2026-08-05 10:30:00,follow_up
fda3ea16-8e1d-4485-b60a-5b220bfe426c,PAT_909,DOC_GEN_2,General Physician,2026-08-05 10:40:00,new
069c99bb-0444-4cd8-b00f-508fd76156cb,PAT_43,DOC_GEN_2,General Physician,2026-08-05 10:50:00,new
a3a9c4b2-a66f-484c-8355-6a6b96bc62ab,PAT_463,DOC_GEN_2,General Physician,2026-08-05 11:00:00,new
912a2efc-86f6-4d04-9f99-44baf85dc47a,PAT_976,DOC_GEN_2,General Physician,2026-08-05 11:10:00,new
572da728-39fb-4cc6-af18-ac9fd55cca79,PAT_199,DOC_GEN_2,General Physician,2026-08-05 11:20:00,follow_up
c91bd00a-cde8-402b-b272-efe23bb08cda,PAT_168,DOC_GEN_2,General Physician,2026-08-05 11:30:00,follow_up
03d4f9a2-a3cd-4944-9630-be4183510afd,PAT_572,DOC_GEN_2,General Physician,2026-08-05 11:40:00,follow_up
83a2e21a-d9d6-478d-9bba-609c461f4d70,PAT_245,DOC_CAR_1,Cardiology,2026-08-05 09:00:00,new
2a3289ea-7ead-473d-835c-5342ec35ef45,PAT_998,DOC_CAR_1,Cardiology,2026-08-05 09:25:00,new
9d04156e-4168-4476-ad1e-87d63d011e7c,PAT_123,DOC_CAR_1,Cardiology,2026-08-05 09:50:00,follow_up
e2c9142c-2d2f-43e9-bd41-79dc9d6b5c68,PAT_530,DOC_CAR_1,Cardiology,2026-08-05 10:15:00,new
679fe5cc-6c71-4659-9bd9-5c067b75f2f5,PAT_936,DOC_CAR_1,Cardiology,2026-08-05 10:40:00,follow_up
79c47faf-9254-4901-8c01-8106866dbb39,PAT_590,DOC_CAR_1,Cardiology,2026-08-05 11:05:00,new
d717a084-0aaf-4efb-aeaa-2a9e8600be2f,PAT_296,DOC_CAR_1,Cardiology,2026-08-05 11:30:00,follow_up
e604213b-5d40-4440-8a2d-819d3adf10cb,PAT_854,DOC_CAR_1,Cardiology,2026-08-05 11:55:00,new
9c91ccc0-1ba8-4a43-81fc-30b52f059e5e,PAT_476,DOC_CAR_1,Cardiology,2026-08-05 12:20:00,follow_up
50186e0e-77c7-4cf0-8d25-3f7dd123ee19,PAT_95,DOC_CAR_1,Cardiology,2026-08-05 12:45:00,follow_up
0f529de0-1691-4cac-a3d5-a8b464f9de0b,PAT_529,DOC_CAR_1,Cardiology,2026-08-05 13:10:00,new
5f9f6ef6-6d5a-4f18-9609-ecd265f96690,PAT_441,DOC_CAR_1,Cardiology,2026-08-05 13:35:00,follow_up
6754915a-77e1-4d06-b3e6-6d53d01e6eab,PAT_244,DOC_CAR_2,Cardiology,2026-08-05 09:00:00,new
939a490b-8795-4aaf-9797-095e62e6c763,PAT_620,DOC_CAR_2,Cardiology,2026-08-05 09:25:00,new
f6a7899f-824d-4a61-8455-347598049da6,PAT_626,DOC_CAR_2,Cardiology,2026-08-05 09:50:00,follow_up
1bd60ca9-0392-4300-b2e2-07f02e747ea4,PAT_54,DOC_CAR_2,Cardiology,2026-08-05 10:15:00,follow_up
bba970da-5572-488e-8d98-827fd6288637,PAT_839,DOC_CAR_2,Cardiology,2026-08-05 10:40:00,new
56663086-d248-408f-94c1-1692eb47c9d2,PAT_453,DOC_CAR_2,Cardiology,2026-08-05 11:05:00,new
02a69248-43c7-44e7-a36f-2d065dacbad1,PAT_774,DOC_CAR_2,Cardiology,2026-08-05 11:30:00,new
ecda5edb-4fed-4c78-b34d-ea30a210e47c,PAT_694,DOC_CAR_2,Cardiology,2026-08-05 11:55:00,follow_up
4ffd9379-90ec-4b69-bd4a-e9a21414bc0a,PAT_365,DOC_CAR_2,Cardiology,2026-08-05 12:20:00,new
740172bc-8130-46d1-b3ca-c9792ea4a678,PAT_381,DOC_CAR_2,Cardiology,2026-08-05 12:45:00,follow_up
2116646a-35a1-4baf-bdc5-fd456225da08,PAT_888,DOC_CAR_2,Cardiology,2026-08-05 13:10:00,new
5405ad45-53fa-4f32-9be7-be5c34ac1263,PAT_258,DOC_CAR_2,Cardiology,2026-08-05 13:35:00,follow_up
ac8ef7bb-e88e-4dbd-a615-2b4525204e46,PAT_356,DOC_CAR_2,Cardiology,2026-08-05 14:00:00,follow_up
0a1ffb4d-9a11-47fc-b08d-adcb4b372d0d,PAT_840,DOC_CAR_2,Cardiology,2026-08-05 14:25:00,follow_up
5950757d-483d-4b85-baaf-7c352db970c0,PAT_940,DOC_CAR_2,Cardiology,2026-08-05 14:50:00,new
5f53c2df-56e6-4645-aabe-ff3914e79a2a,PAT_491,DOC_CAR_2,Cardiology,2026-08-05 15:15:00,new
bb2d1cac-822c-4432-ba3c-58c38edf0395,PAT_570,DOC_ORT_1,Orthopedics,2026-08-05 09:00:00,new
ab9eedf1-863b-4bb1-9ddf-e5e5b23c722f,PAT_819,DOC_ORT_1,Orthopedics,2026-08-05 09:20:00,follow_up
f5bf1b0f-7ffa-4165-9342-b199a79e6a35,PAT_539,DOC_ORT_1,Orthopedics,2026-08-05 09:40:00,follow_up
25267443-2955-42e4-8555-177a3c47ca26,PAT_556,DOC_ORT_1,Orthopedics,2026-08-05 10:00:00,follow_up
ad8a2209-c567-494a-ae02-5bbce3daf9d4,PAT_56,DOC_ORT_1,Orthopedics,2026-08-05 10:20:00,follow_up
b4204d3b-e6fa-4615-83c2-2f01044dccbd,PAT_906,DOC_ORT_1,Orthopedics,2026-08-05 10:40:00,new
30893af9-f9ec-4819-a440-912ed25f1aa1,PAT_499,DOC_ORT_1,Orthopedics,2026-08-05 11:00:00,follow_up
cd3b3959-7661-4ad6-a53e-371d8af6c48e,PAT_288,DOC_ORT_1,Orthopedics,2026-08-05 11:20:00,follow_up
a409481d-38b1-44b3-8353-c7e70cdf15d5,PAT_634,DOC_ORT_1,Orthopedics,2026-08-05 11:40:00,new
78e0c5e9-09cb-4940-abee-837a38927a59,PAT_119,DOC_ORT_1,Orthopedics,2026-08-05 12:00:00,new
5f7eb8f2-712e-4b1c-93b0-e502c381192b,PAT_750,DOC_ORT_1,Orthopedics,2026-08-05 12:20:00,follow_up
36a2be7f-beea-469e-a200-8678c2ffc92a,PAT_510,DOC_ORT_1,Orthopedics,2026-08-05 12:40:00,new
39033c03-ba60-4991-aaf3-2a8f93842234,PAT_445,DOC_ORT_1,Orthopedics,2026-08-05 13:00:00,follow_up
18c3d40d-a33b-4493-a7fe-d48864d83190,PAT_464,DOC_ORT_2,Orthopedics,2026-08-05 09:00:00,follow_up
99c390c4-4e72-4005-895d-314abecf1c8e,PAT_869,DOC_ORT_2,Orthopedics,2026-08-05 09:20:00,new
a343df06-b3bd-4d93-b069-54db344f43cc,PAT_597,DOC_ORT_2,Orthopedics,2026-08-05 09:40:00,follow_up
2131592c-d982-4e48-bc89-84054339b62a,PAT_413,DOC_ORT_2,Orthopedics,2026-08-05 10:00:00,new
70979176-9178-4e89-9c9a-729dfb4d4c94,PAT_464,DOC_ORT_2,Orthopedics,2026-08-05 10:20:00,new
c4ea8785-52b7-4c34-bcfc-f6343ab5d8ba,PAT_243,DOC_ORT_2,Orthopedics,2026-08-05 10:40:00,follow_up
348f6ea3-06b0-4625-87b6-229d2a14826d,PAT_990,DOC_ORT_2,Orthopedics,2026-08-05 11:00:00,follow_up
39d459b2-2701-491f-9a67-1962558873a8,PAT_764,DOC_ORT_2,Orthopedics,2026-08-05 11:20:00,new
ac2afe74-e3b0-478a-b80c-453d99e1668a,PAT_515,DOC_ORT_2,Orthopedics,2026-08-05 11:40:00,new
d7e1f3dc-1474-4add-b5ac-8bbf17d4ec7d,PAT_98,DOC_ORT_2,Orthopedics,2026-08-05 12:00:00,new
2ad9a38e-8c43-40ce-bdb2-c05dff05c565,PAT_311,DOC_ORT_2,Orthopedics,2026-08-05 12:20:00,new
043107e4-ac50-4b29-b935-755095f584d4,PAT_567,DOC_ORT_2,Orthopedics,2026-08-05 12:40:00,new
3db91e3b-25f8-4f5f-9df9-523dad7ab848,PAT_904,DOC_ORT_2,Orthopedics,2026-08-05 13:00:00,new
dba15411-1d29-4dc7-9d13-a4d1cf8dfada,PAT_890,DOC_ORT_2,Orthopedics,2026-08-05 13:20:00,follow_up
aa3bbdb2-279c-4ffb-830d-6d7b11dd7862,PAT_270,DOC_ORT_2,Orthopedics,2026-08-05 13:40:00,follow_up
f20a81f6-7ccb-45f7-bc03-21f45bf6985d,PAT_851,DOC_ORT_2,Orthopedics,2026-08-05 14:00:00,follow_up
2b9d13cc-9974-4f0e-9bf1-bfc05520158f,PAT_253,DOC_ORT_2,Orthopedics,2026-08-05 14:20:00,new
0613a487-cb21-4ed7-ba84-15d83f05a6f2,PAT_25,DOC_PED_1,Pediatrics,2026-08-05 09:00:00,new
93f25cf2-8101-4a51-b581-f0ced2aff558,PAT_221,DOC_PED_1,Pediatrics,2026-08-05 09:15:00,follow_up
71d09e1b-8d1e-4a1c-9009-1d09cae4e9a2,PAT_747,DOC_PED_1,Pediatrics,2026-08-05 09:30:00,follow_up
31046bef-8d8c-42fe-abfc-801dc0f453f5,PAT_457,DOC_PED_1,Pediatrics,2026-08-05 09:45:00,new
49cc6e52-afe7-420a-8f1c-63a3eb534b69,PAT_532,DOC_PED_1,Pediatrics,2026-08-05 10:00:00,follow_up
338b808e-28c3-4d51-9aaa-0310976355bd,PAT_855,DOC_PED_1,Pediatrics,2026-08-05 10:15:00,new
fad2d7b3-45cd-4b4b-bfc8-c5de520373d4,PAT_218,DOC_PED_1,Pediatrics,2026-08-05 10:30:00,new
1b2c3a35-5d1f-4d4a-a03a-8426cee14981,PAT_717,DOC_PED_1,Pediatrics,2026-08-05 10:45:00,follow_up
0fd57180-d73e-46a4-ac9b-c5d0b0d931f3,PAT_768,DOC_PED_1,Pediatrics,2026-08-05 11:00:00,new
f9934d8f-c437-4a98-89b8-4b232fb6da9f,PAT_812,DOC_PED_1,Pediatrics,2026-08-05 11:15:00,new
295f3caf-04c6-4798-962d-139433e145fe,PAT_925,DOC_PED_1,Pediatrics,2026-08-05 11:30:00,new
86560b96-cbf9-40bd-8fdb-edc83cf75a74,PAT_987,DOC_PED_2,Pediatrics,2026-08-05 09:00:00,follow_up
ed2c3cfa-ff59-4671-bcfc-5735ed9c494b,PAT_788,DOC_PED_2,Pediatrics,2026-08-05 09:15:00,follow_up
10eb42f2-ab31-47cf-9aab-ba322c02955b,PAT_393,DOC_PED_2,Pediatrics,2026-08-05 09:30:00,follow_up
e70c127e-3751-4a73-8cc3-086626165691,PAT_813,DOC_PED_2,Pediatrics,2026-08-05 09:45:00,follow_up
a25aea79-8d1b-4684-bd88-6a44cff26f24,PAT_955,DOC_PED_2,Pediatrics,2026-08-05 10:00:00,new
6f411e30-18b1-453f-b4ca-89343acb672e,PAT_291,DOC_PED_2,Pediatrics,2026-08-05 10:15:00,new
27b74ede-3f81-4e0c-963b-db4a8863a9f2,PAT_735,DOC_PED_2,Pediatrics,2026-08-05 10:30:00,new
225c4c26-8151-4a86-9a31-5e960bb5ee3b,PAT_432,DOC_PED_2,Pediatrics,2026-08-05 10:45:00,follow_up
a1bc0384-6b59-4e77-83ca-625c9ce2d2af,PAT_564,DOC_PED_2,Pediatrics,2026-08-05 11:00:00,follow_up
2e8de4b4-8c35-448e-bd79-d0c6f3be9b59,PAT_602,DOC_PED_2,Pediatrics,2026-08-05 11:15:00,follow_up
96e31336-eb37-4c45-a721-33c0bdfbb9dc,PAT_926,DOC_PED_2,Pediatrics,2026-08-05 11:30:00,follow_up
53d1b9ec-a428-4db2-8710-e786216c70e6,PAT_718,DOC_PED_2,Pediatrics,2026-08-05 11:45:00,new
4b647c45-4a75-40ff-876f-5237e4478c8e,PAT_878,DOC_GEN_1,General Physician,2026-08-06 09:00:00,new
635d9266-523f-49f9-b0d1-5b00b92b0572,PAT_1,DOC_GEN_1,General Physician,2026-08-06 09:10:00,new
38c5811d-3241-4bcb-b693-b4abb86602c3,PAT_839,DOC_GEN_1,General Physician,2026-08-06 09:20:00,follow_up
8899ede3-649a-4667-abab-ec66af74b67a,PAT_572,DOC_GEN_1,General Physician,2026-08-06 09:30:00,follow_up
b556cda8-2801-438a-9a73-7f12d77ed545,PAT_185,DOC_GEN_1,General Physician,2026-08-06 09:40:00,follow_up
0d3e1ad7-01f2-4b92-b712-5210926d506d,PAT_288,DOC_GEN_1,General Physician,2026-08-06 09:50:00,new
0080739f-ee31-4f13-9e98-e9bfb853a34b,PAT_788,DOC_GEN_1,General Physician,2026-08-06 10:00:00,new
438a22ee-70cc-4ac1-9b7a-b38eacad7e13,PAT_859,DOC_GEN_1,General Physician,2026-08-06 10:10:00,new
d942865e-d0c6-4eb9-8e3d-794c9ae1a87e,PAT_852,DOC_GEN_1,General Physician,2026-08-06 10:20:00,new
f9ebe698-bb69-4cfc-97f2-46c2011c0458,PAT_674,DOC_GEN_1,General Physician,2026-08-06 10:30:00,new
8a8cc6f1-6dd0-4e93-bcb9-d553a411a85f,PAT_941,DOC_GEN_1,General Physician,2026-08-06 10:40:00,follow_up
58b5ec3b-781c-4050-bd3e-0c53b1ebaf98,PAT_311,DOC_GEN_2,General Physician,2026-08-06 09:00:00,new
366885be-e904-4731-b305-f3a50bcdc565,PAT_213,DOC_GEN_2,General Physician,2026-08-06 09:10:00,follow_up
79ba87d6-79aa-4113-8e1c-cdb9a66fa891,PAT_990,DOC_GEN_2,General Physician,2026-08-06 09:20:00,new
9b013be9-4c21-41d2-99c8-feeef9e9b622,PAT_888,DOC_GEN_2,General Physician,2026-08-06 09:30:00,new
ce5e8b13-8ed2-403d-8bbb-d9b00eb4bc88,PAT_825,DOC_GEN_2,General Physician,2026-08-06 09:40:00,new
f200c6fe-64b1-4d9f-a13a-6996ffcde3a8,PAT_316,DOC_GEN_2,General Physician,2026-08-06 09:50:00,follow_up
5de11aa2-6c06-401a-b9be-5eb455161dd0,PAT_122,DOC_GEN_2,General Physician,2026-08-06 10:00:00,new
156c2144-536b-46af-a0c1-112808fede84,PAT_544,DOC_GEN_2,General Physician,2026-08-06 10:10:00,new
f30a9777-9a61-4d54-8c96-fc01f8780533,PAT_829,DOC_GEN_2,General Physician,2026-08-06 10:20:00,new
856ebae0-63e1-4904-bac1-f7565f3d75b9,PAT_295,DOC_GEN_2,General Physician,2026-08-06 10:30:00,follow_up
41b15dbb-bf8b-49f9-ad12-ddd14fadd1f0,PAT_699,DOC_GEN_2,General Physician,2026-08-06 10:40:00,follow_up
b599ae29-ee12-4ab8-8fd3-4247c40b7fa0,PAT_314,DOC_CAR_1,Cardiology,2026-08-06 09:00:00,new
aa130d5d-7024-475a-9f43-f0ec3f1f4733,PAT_240,DOC_CAR_1,Cardiology,2026-08-06 09:25:00,follow_up
03dc1baa-d1ff-430f-abd4-7c51aded0817,PAT_265,DOC_CAR_1,Cardiology,2026-08-06 09:50:00,follow_up
d2e36bbf-ebd4-481f-9d4a-86b8a81ba9d7,PAT_799,DOC_CAR_1,Cardiology,2026-08-06 10:15:00,follow_up
1fa31aaa-7ea0-4f0c-a34b-2309d508c08d,PAT_630,DOC_CAR_1,Cardiology,2026-08-06 10:40:00,new
323ad945-6379-4c8a-861a-c81b3bfc21f1,PAT_56,DOC_CAR_1,Cardiology,2026-08-06 11:05:00,follow_up
efb8d1ea-8351-4e12-b3d6-5ecc60360caf,PAT_419,DOC_CAR_1,Cardiology,2026-08-06 11:30:00,new
c765f418-4fcb-4483-a213-a407d1999b3d,PAT_264,DOC_CAR_1,Cardiology,2026-08-06 11:55:00,follow_up
4c230e85-6f55-4ee1-9600-843d0614ee23,PAT_907,DOC_CAR_1,Cardiology,2026-08-06 12:20:00,follow_up
859a2bbd-c698-4c1b-8c5c-677593f8969e,PAT_28,DOC_CAR_1,Cardiology,2026-08-06 12:45:00,new
f6e7f3ba-9fb8-4192-8441-627b78389aaa,PAT_34,DOC_CAR_1,Cardiology,2026-08-06 13:10:00,new
155ebec7-fc7d-4a2a-b176-4b48748294fc,PAT_674,DOC_CAR_1,Cardiology,2026-08-06 13:35:00,follow_up
eab7231b-4ace-434a-8488-edb6f6f46d43,PAT_92,DOC_CAR_1,Cardiology,2026-08-06 14:00:00,follow_up
2ad0a970-516a-495d-be8f-f67a868eeb87,PAT_188,DOC_CAR_1,Cardiology,2026-08-06 14:25:00,new
a287b75b-dd12-4397-bf0d-fbb82636392d,PAT_12,DOC_CAR_1,Cardiology,2026-08-06 14:50:00,new
79517351-a1db-44cf-b49b-545261604412,PAT_282,DOC_CAR_2,Cardiology,2026-08-06 09:00:00,new
22ee7e37-076f-43b2-80ab-b3edee1e9dc8,PAT_929,DOC_CAR_2,Cardiology,2026-08-06 09:25:00,new
6c1a3009-6c37-477d-ab4f-516255b1284a,PAT_120,DOC_CAR_2,Cardiology,2026-08-06 09:50:00,new
545cb4ac-acb6-4c6c-a7c3-ef45549fca6a,PAT_203,DOC_CAR_2,Cardiology,2026-08-06 10:15:00,follow_up
422c5b5b-279b-411a-a9a6-0580a23b51cc,PAT_525,DOC_CAR_2,Cardiology,2026-08-06 10:40:00,follow_up
e52b70ff-db05-4d6c-9d63-77b6748bda81,PAT_27,DOC_CAR_2,Cardiology,2026-08-06 11:05:00,follow_up
9eb95a34-6cd6-4b64-986b-439e6d930f01,PAT_208,DOC_CAR_2,Cardiology,2026-08-06 11:30:00,follow_up
daf7212d-b605-41f5-a8a1-735b949f9bd2,PAT_172,DOC_CAR_2,Cardiology,2026-08-06 11:55:00,new
1c40bc5e-0060-4759-a93a-150a57bbf58a,PAT_238,DOC_CAR_2,Cardiology,2026-08-06 12:20:00,follow_up
1db876df-5012-4a27-9473-c5b110975500,PAT_766,DOC_CAR_2,Cardiology,2026-08-06 12:45:00,follow_up
150349b9-7f7f-4c96-962d-8138af94dc99,PAT_359,DOC_CAR_2,Cardiology,2026-08-06 13:10:00,follow_up
5cefeb3f-8ae2-4210-8209-82639aa5541d,PAT_688,DOC_CAR_2,Cardiology,2026-08-06 13:35:00,follow_up
d8f04940-7b66-4940-9ee4-546102d01da6,PAT_932,DOC_CAR_2,Cardiology,2026-08-06 14:00:00,follow_up
c49b08d8-f34d-4778-9734-d3a65c66b55b,PAT_452,DOC_CAR_2,Cardiology,2026-08-06 14:25:00,new
e41aaa01-90d2-435d-aa16-bb9710b492b4,PAT_601,DOC_CAR_2,Cardiology,2026-08-06 14:50:00,new
9f00ecf0-da05-40bc-9e7d-903b6de95d61,PAT_77,DOC_CAR_2,Cardiology,2026-08-06 15:15:00,follow_up
43a31211-2292-4fb2-a3bb-01413e74fcd5,PAT_954,DOC_ORT_1,Orthopedics,2026-08-06 09:00:00,follow_up
73951b93-d395-4e69-99c5-ef6d7eeaf157,PAT_362,DOC_ORT_1,Orthopedics,2026-08-06 09:20:00,follow_up
9fd93379-2ae2-490f-b2b4-8238c06ceb4d,PAT_149,DOC_ORT_1,Orthopedics,2026-08-06 09:40:00,follow_up
f27ff462-743f-465b-960b-b73fd962205f,PAT_689,DOC_ORT_1,Orthopedics,2026-08-06 10:00:00,follow_up
d1b761cf-9576-4ba2-91d0-8062d2e1bf29,PAT_287,DOC_ORT_1,Orthopedics,2026-08-06 10:20:00,follow_up
f61a00a1-0403-4f17-b10d-a0de2e2f9ece,PAT_856,DOC_ORT_1,Orthopedics,2026-08-06 10:40:00,new
7e26a2b8-9cf3-4f61-8089-e3577165ef2e,PAT_993,DOC_ORT_1,Orthopedics,2026-08-06 11:00:00,follow_up
d03b3423-5d8a-4d42-9b3f-3abf532b7d79,PAT_608,DOC_ORT_1,Orthopedics,2026-08-06 11:20:00,new
9cfcb90d-3ec4-4544-b65a-72700ac5bae2,PAT_57,DOC_ORT_1,Orthopedics,2026-08-06 11:40:00,follow_up
c219b26f-93f2-4297-ac61-13a33b4f078b,PAT_841,DOC_ORT_1,Orthopedics,2026-08-06 12:00:00,new
a251cedf-8d11-4b6a-8353-424d30e176c4,PAT_731,DOC_ORT_1,Orthopedics,2026-08-06 12:20:00,new
b65eb047-d7a0-4781-bace-270bd31dad25,PAT_985,DOC_ORT_1,Orthopedics,2026-08-06 12:40:00,follow_up
9eed7a08-90ac-4ae2-89df-1c7b6499b5f0,PAT_740,DOC_ORT_1,Orthopedics,2026-08-06 13:00:00,new
88fee36a-866d-434e-b7db-0f5b971eabac,PAT_708,DOC_ORT_1,Orthopedics,2026-08-06 13:20:00,follow_up
c5e89b96-31f6-47f8-a9b2-acc0dec2d5a1,PAT_961,DOC_ORT_1,Orthopedics,2026-08-06 13:40:00,follow_up
c090841f-a032-4f76-baec-8f67c7f764b5,PAT_717,DOC_ORT_1,Orthopedics,2026-08-06 14:00:00,follow_up
1a8e25ad-15a3-4247-ae6c-b7370ca197c3,PAT_985,DOC_ORT_1,Orthopedics,2026-08-06 14:20:00,new
a21ed36d-b7f8-4ba3-8be4-0e1fb49381f4,PAT_257,DOC_ORT_2,Orthopedics,2026-08-06 09:00:00,new
c6596ab3-2834-492c-8b3c-7e991b446c76,PAT_139,DOC_ORT_2,Orthopedics,2026-08-06 09:20:00,new
d4c04058-07db-43ee-881e-994f7971f120,PAT_843,DOC_ORT_2,Orthopedics,2026-08-06 09:40:00,new
ed566baf-1e89-4a05-9e65-50323737d87e,PAT_776,DOC_ORT_2,Orthopedics,2026-08-06 10:00:00,follow_up
5c4f1151-5e54-4fcb-8c1a-0ae5b1c75c8c,PAT_329,DOC_ORT_2,Orthopedics,2026-08-06 10:20:00,new
b1b926c6-dc94-4004-b930-0a126853f430,PAT_264,DOC_ORT_2,Orthopedics,2026-08-06 10:40:00,new
75556c1c-a266-4ece-b986-ff3ffeab1eec,PAT_122,DOC_ORT_2,Orthopedics,2026-08-06 11:00:00,new
a758c09b-2134-48e7-bdc6-bb4498f99520,PAT_783,DOC_ORT_2,Orthopedics,2026-08-06 11:20:00,new
e7cd061a-2b2d-4139-9bbb-d511ec0bc3d9,PAT_789,DOC_ORT_2,Orthopedics,2026-08-06 11:40:00,follow_up
5d2c5dd8-c589-48d8-b718-b882d676fc44,PAT_455,DOC_ORT_2,Orthopedics,2026-08-06 12:00:00,new
a8804b61-2714-4ebc-a3a8-d497f7562c59,PAT_495,DOC_ORT_2,Orthopedics,2026-08-06 12:20:00,follow_up
1317470b-5e0e-4ceb-8853-1081dff9e881,PAT_963,DOC_ORT_2,Orthopedics,2026-08-06 12:40:00,follow_up
db26cd7f-f309-4863-a936-690fe1179b74,PAT_681,DOC_ORT_2,Orthopedics,2026-08-06 13:00:00,new
1ecdb927-ef69-4f63-9f8f-3c6d26c08f25,PAT_793,DOC_ORT_2,Orthopedics,2026-08-06 13:20:00,follow_up
93387c13-67a0-48ae-ac1a-b8bde00fe207,PAT_502,DOC_ORT_2,Orthopedics,2026-08-06 13:40:00,follow_up
14c53ff8-2371-4af4-87e7-0c23cf0e20cb,PAT_701,DOC_ORT_2,Orthopedics,2026-08-06 14:00:00,new
1425e751-51ac-4e26-8a5b-6a2c6c04b9e3,PAT_565,DOC_ORT_2,Orthopedics,2026-08-06 14:20:00,follow_up
62860f1b-34ae-423a-89e0-46457d5fa16c,PAT_907,DOC_ORT_2,Orthopedics,2026-08-06 14:40:00,follow_up
eb688df0-007c-417e-9032-37f4f5c8cdfc,PAT_262,DOC_PED_1,Pediatrics,2026-08-06 09:00:00,new
9a50086b-3975-48a4-8e5a-96e454aa18ec,PAT_81,DOC_PED_1,Pediatrics,2026-08-06 09:15:00,new
d7a52838-b598-4e72-a523-1e352d86b4d4,PAT_316,DOC_PED_1,Pediatrics,2026-08-06 09:30:00,new
45c80007-fc80-4007-a411-4f8709f1adbd,PAT_195,DOC_PED_1,Pediatrics,2026-08-06 09:45:00,follow_up
69c0fef6-eed5-436c-bdd8-2662b9139b57,PAT_336,DOC_PED_1,Pediatrics,2026-08-06 10:00:00,follow_up
2b4dbb28-9ca0-45a9-9194-728630af0723,PAT_804,DOC_PED_1,Pediatrics,2026-08-06 10:15:00,follow_up
4a2cde63-2ecb-4f98-80b9-04a2251dcb4f,PAT_200,DOC_PED_1,Pediatrics,2026-08-06 10:30:00,new
ac0f9b15-040f-442a-aa92-5e75998d34bc,PAT_808,DOC_PED_1,Pediatrics,2026-08-06 10:45:00,follow_up
1995414b-d2aa-4b35-988c-0723af9af09b,PAT_670,DOC_PED_1,Pediatrics,2026-08-06 11:00:00,new
4a972e11-8756-45e1-8256-c08582073be1,PAT_427,DOC_PED_1,Pediatrics,2026-08-06 11:15:00,follow_up
bdf8554b-a8df-44eb-98e2-e062b5c69b2e,PAT_307,DOC_PED_1,Pediatrics,2026-08-06 11:30:00,new
0fa74033-6bde-4e1e-aa66-c8e71dcb63e4,PAT_470,DOC_PED_1,Pediatrics,2026-08-06 11:45:00,new
37e6f1c5-842a-40d4-8b69-2e83bc78f5d5,PAT_45,DOC_PED_2,Pediatrics,2026-08-06 09:00:00,new
0dab9d38-b330-4cd0-aec1-dabcc87200eb,PAT_124,DOC_PED_2,Pediatrics,2026-08-06 09:15:00,new
1a92afc5-7a26-4895-b38c-b9b7137aa956,PAT_263,DOC_PED_2,Pediatrics,2026-08-06 09:30:00,new
8526f36f-6c80-48fc-bda0-9d789a2d2c05,PAT_995,DOC_PED_2,Pediatrics,2026-08-06 09:45:00,follow_up
73827268-8294-45ec-9b23-9a7b31072eb2,PAT_81,DOC_PED_2,Pediatrics,2026-08-06 10:00:00,follow_up
4e5ad2f2-f2b1-4d4c-8969-df85d675d7b5,PAT_758,DOC_PED_2,Pediatrics,2026-08-06 10:15:00,follow_up
38dcda14-d360-451d-9e66-55071b8b1e1f,PAT_320,DOC_PED_2,Pediatrics,2026-08-06 10:30:00,follow_up
cf8cfdfd-36d3-421c-a7c2-321ffaf1cfdc,PAT_69,DOC_PED_2,Pediatrics,2026-08-06 10:45:00,follow_up
0e2b4b10-d750-4409-bc04-89bc8193bb07,PAT_921,DOC_PED_2,Pediatrics,2026-08-06 11:00:00,new
0bb4812a-eae9-4249-997e-674cfddba80e,PAT_211,DOC_PED_2,Pediatrics,2026-08-06 11:15:00,new
ffcb49ef-3b24-41a6-9e8c-2f1a7dbfc7ed,PAT_474,DOC_PED_2,Pediatrics,2026-08-06 11:30:00,new
d1331f51-832d-4a9b-b3a5-03307e000018,PAT_458,DOC_PED_2,Pediatrics,2026-08-06 11:45:00,follow_up
c2c9dace-26d0-4270-86f6-5210f214ef6d,PAT_133,DOC_PED_2,Pediatrics,2026-08-06 12:00:00,follow_up
78f771b6-6c8c-457b-8344-8e3b86d60fb5,PAT_661,DOC_PED_2,Pediatrics,2026-08-06 12:15:00,follow_up
4f7df489-a11c-4f98-928b-94c1a4c1e82c,PAT_854,DOC_PED_2,Pediatrics,2026-08-06 12:30:00,follow_up
d03dcf3a-1955-4b30-af7b-2e7c8b0ba9dd,PAT_801,DOC_PED_2,Pediatrics,2026-08-06 12:45:00,new
fbb78d7a-b80b-4abd-bfc4-010dc58237c9,PAT_620,DOC_PED_2,Pediatrics,2026-08-06 13:00:00,follow_up
36a9edf5-2255-46ca-a770-5beccd0d6c77,PAT_263,DOC_PED_2,Pediatrics,2026-08-06 13:15:00,follow_up
5d3bb313-35a2-4316-ad8f-29d5328ee513,PAT_952,DOC_PED_2,Pediatrics,2026-08-06 13:30:00,follow_up
099f69cd-a44d-42b1-8bf7-a814295ffbb2,PAT_638,DOC_GEN_1,General Physician,2026-08-07 09:00:00,new
76ac4964-c1b4-46cf-9b77-2b6824d97700,PAT_396,DOC_GEN_1,General Physician,2026-08-07 09:10:00,follow_up
e8edb6da-bba8-4688-8758-3bc5385acc44,PAT_958,DOC_GEN_1,General Physician,2026-08-07 09:20:00,new
923bfa1a-f8e8-45e5-b9ce-c5de77b35cf7,PAT_607,DOC_GEN_1,General Physician,2026-08-07 09:30:00,new
b39f149d-c97b-48d9-a909-06df14eba3dd,PAT_40,DOC_GEN_1,General Physician,2026-08-07 09:40:00,follow_up
405bacb6-42c5-4dbd-b889-74100d08f6ca,PAT_157,DOC_GEN_1,General Physician,2026-08-07 09:50:00,new
06072c3d-ea88-43cf-82fe-9f6acbba57d5,PAT_69,DOC_GEN_1,General Physician,2026-08-07 10:00:00,follow_up
3c3f1ac1-69a2-4a5b-9d46-91f93976c903,PAT_418,DOC_GEN_1,General Physician,2026-08-07 10:10:00,new
fba08364-55dd-47c0-81d5-547344cd64a3,PAT_983,DOC_GEN_1,General Physician,2026-08-07 10:20:00,follow_up
06e7c170-c2b0-4f42-be13-877d6be3bd16,PAT_612,DOC_GEN_1,General Physician,2026-08-07 10:30:00,follow_up
8a1ee05e-b56b-4391-9931-f63596a31547,PAT_784,DOC_GEN_1,General Physician,2026-08-07 10:40:00,follow_up
f824e7bd-28df-459d-a8b5-dc09ba4cc482,PAT_343,DOC_GEN_1,General Physician,2026-08-07 10:50:00,new
2c8db5b8-03ec-4d8f-8066-2b582a9d0f04,PAT_256,DOC_GEN_1,General Physician,2026-08-07 11:00:00,new
1a07c495-ca28-4ada-a5bc-eef9610c125b,PAT_853,DOC_GEN_1,General Physician,2026-08-07 11:10:00,new
6a34114f-4632-4da2-9621-8e278a099cb0,PAT_433,DOC_GEN_1,General Physician,2026-08-07 11:20:00,follow_up
a2a5578a-af98-4dbc-a84f-6a512512c31a,PAT_526,DOC_GEN_1,General Physician,2026-08-07 11:30:00,new
f4599b2d-8251-479a-99f6-ec4e9a00cdfa,PAT_14,DOC_GEN_1,General Physician,2026-08-07 11:40:00,follow_up
f18b1406-f0d4-445b-b82b-f717ab16c0c4,PAT_652,DOC_GEN_2,General Physician,2026-08-07 09:00:00,follow_up
59c8645f-4310-4a87-933d-f2789be24d4f,PAT_871,DOC_GEN_2,General Physician,2026-08-07 09:10:00,new
345d7aec-ff03-410c-9842-a1bad888309c,PAT_184,DOC_GEN_2,General Physician,2026-08-07 09:20:00,new
55e81503-cb82-4f6c-99ad-727a30e91e20,PAT_891,DOC_GEN_2,General Physician,2026-08-07 09:30:00,new
3290fb48-27a9-4d50-bb67-d99a6f5deb7a,PAT_275,DOC_GEN_2,General Physician,2026-08-07 09:40:00,follow_up
56869462-e8b0-41a8-a3fd-fd018cfca4e7,PAT_864,DOC_GEN_2,General Physician,2026-08-07 09:50:00,follow_up
b82f664a-4cbc-4041-a4b2-425bc6ed8477,PAT_681,DOC_GEN_2,General Physician,2026-08-07 10:00:00,new
aa21d886-6609-49ec-8285-7ec377a7bf9b,PAT_334,DOC_GEN_2,General Physician,2026-08-07 10:10:00,follow_up
6cfdd743-26db-47b0-b444-6dd25fb2b03b,PAT_452,DOC_GEN_2,General Physician,2026-08-07 10:20:00,follow_up
82b19b5d-4923-4ee6-b421-90f50cd3315b,PAT_804,DOC_GEN_2,General Physician,2026-08-07 10:30:00,new
0edf9e7e-06d4-4de4-b814-4c1d57f38209,PAT_892,DOC_GEN_2,General Physician,2026-08-07 10:40:00,follow_up
44a50b13-5552-489c-9029-161b30fa53fd,PAT_458,DOC_GEN_2,General Physician,2026-08-07 10:50:00,new
77f2b45b-9290-44e2-97f5-e9c2d4f374dc,PAT_401,DOC_GEN_2,General Physician,2026-08-07 11:00:00,follow_up
559d4048-9ca5-4da5-8eee-a6b96b808bba,PAT_515,DOC_GEN_2,General Physician,2026-08-07 11:10:00,new
9e65ea9e-a1d9-4fc6-9d23-27da40e35761,PAT_206,DOC_GEN_2,General Physician,2026-08-07 11:20:00,new
db63b1ed-48ae-4df2-9dd5-c40928b63a43,PAT_598,DOC_GEN_2,General Physician,2026-08-07 11:30:00,new
47d81e12-229f-48ba-8f8c-b995d20161b9,PAT_169,DOC_GEN_2,General Physician,2026-08-07 11:40:00,follow_up
59170eb8-1031-4af0-a1e9-55e87fe920d6,PAT_401,DOC_GEN_2,General Physician,2026-08-07 11:50:00,new
ac2417fd-2ad4-4fce-a269-17e50b254193,PAT_214,DOC_GEN_2,General Physician,2026-08-07 12:00:00,follow_up
4242b9fd-eeac-4d64-b944-959a441e3e01,PAT_58,DOC_CAR_1,Cardiology,2026-08-07 09:00:00,new
e3fd4859-e502-4255-ac67-9526277c10ca,PAT_776,DOC_CAR_1,Cardiology,2026-08-07 09:25:00,follow_up
dd8d5d60-8793-4029-8917-c7a1daed324a,PAT_49,DOC_CAR_1,Cardiology,2026-08-07 09:50:00,follow_up
9621c054-f51d-4ce2-a52f-600b2a9c72d6,PAT_933,DOC_CAR_1,Cardiology,2026-08-07 10:15:00,new
870981fc-e87a-447c-9a6f-90841499881f,PAT_728,DOC_CAR_1,Cardiology,2026-08-07 10:40:00,new
bd2122e2-e19e-4405-aaa8-ee577ad0f761,PAT_324,DOC_CAR_1,Cardiology,2026-08-07 11:05:00,follow_up
a6e9cbee-7ad0-4e6f-9f67-9b0281393fec,PAT_814,DOC_CAR_1,Cardiology,2026-08-07 11:30:00,follow_up
d77a7cc5-717b-47e0-896c-acbad7ce51da,PAT_622,DOC_CAR_1,Cardiology,2026-08-07 11:55:00,new
3dd108e4-30d5-4252-b2e7-67043d4a0ee1,PAT_392,DOC_CAR_1,Cardiology,2026-08-07 12:20:00,follow_up
370a3da2-d243-43c9-a05c-611d070c25ef,PAT_139,DOC_CAR_1,Cardiology,2026-08-07 12:45:00,new
51b51e2a-202b-4d3d-b39a-251bdad38350,PAT_660,DOC_CAR_2,Cardiology,2026-08-07 09:00:00,new
62883043-d1a9-4893-abde-ae2636109790,PAT_180,DOC_CAR_2,Cardiology,2026-08-07 09:25:00,new
df8f1a73-eefc-4d86-99ea-f671ec4bf5d7,PAT_399,DOC_CAR_2,Cardiology,2026-08-07 09:50:00,follow_up
27638a3e-e5f6-49e4-b29f-342090607dd3,PAT_624,DOC_CAR_2,Cardiology,2026-08-07 10:15:00,follow_up
c76524f5-1f97-4f40-99b8-744a54fa2ab0,PAT_491,DOC_CAR_2,Cardiology,2026-08-07 10:40:00,new
2cf20817-0a0f-4fad-ab4f-68acd3316165,PAT_43,DOC_CAR_2,Cardiology,2026-08-07 11:05:00,follow_up
6808aa11-1d33-458a-84ea-4e479136dc46,PAT_29,DOC_CAR_2,Cardiology,2026-08-07 11:30:00,follow_up
b78d0d3b-0cf0-4f83-a213-9134807443f9,PAT_1000,DOC_CAR_2,Cardiology,2026-08-07 11:55:00,follow_up
d30afcf2-0a3c-4195-85eb-6ca836367929,PAT_877,DOC_CAR_2,Cardiology,2026-08-07 12:20:00,follow_up
258e630b-05a3-4954-ba3f-3fe6f1366554,PAT_241,DOC_CAR_2,Cardiology,2026-08-07 12:45:00,follow_up
dd949b0d-6113-4a23-80e4-dc1d20126158,PAT_537,DOC_CAR_2,Cardiology,2026-08-07 13:10:00,follow_up
f5af9bd0-c61f-46dc-9e20-17bc8635258c,PAT_406,DOC_CAR_2,Cardiology,2026-08-07 13:35:00,new
56785e26-1dee-4eab-8edc-6a61ff37a8bb,PAT_748,DOC_CAR_2,Cardiology,2026-08-07 14:00:00,new
662d9695-8d3e-4e9c-9c56-55ec6a37a62b,PAT_901,DOC_CAR_2,Cardiology,2026-08-07 14:25:00,follow_up
0661a65e-d0e6-4335-95ec-2750ca603e98,PAT_594,DOC_ORT_1,Orthopedics,2026-08-07 09:00:00,follow_up
c3b35f67-6bf5-4443-9f7b-2c32e6c2116b,PAT_952,DOC_ORT_1,Orthopedics,2026-08-07 09:20:00,new
cdb21d05-5fe2-4136-bcea-c129a16db93a,PAT_675,DOC_ORT_1,Orthopedics,2026-08-07 09:40:00,follow_up
1a778693-890a-4354-a82d-bc960e3e423b,PAT_99,DOC_ORT_1,Orthopedics,2026-08-07 10:00:00,new
2b4995f7-ae6d-4954-a35f-91af2b4aaf5c,PAT_29,DOC_ORT_1,Orthopedics,2026-08-07 10:20:00,follow_up
1a31bdf7-da51-43c4-97bd-c4e354d14102,PAT_145,DOC_ORT_1,Orthopedics,2026-08-07 10:40:00,follow_up
9ab06fac-6147-4948-a54a-7b78969e4aef,PAT_588,DOC_ORT_1,Orthopedics,2026-08-07 11:00:00,follow_up
6e33d5aa-1f1c-4401-a6d0-a95349f1a594,PAT_359,DOC_ORT_1,Orthopedics,2026-08-07 11:20:00,new
edd665f2-9ea1-4907-a2a1-6713071068ea,PAT_148,DOC_ORT_1,Orthopedics,2026-08-07 11:40:00,new
b764d5c3-0a96-4b65-8f8c-33db2fd3efda,PAT_690,DOC_ORT_1,Orthopedics,2026-08-07 12:00:00,new
0b0542c5-0eff-442e-96c9-aaceed8726e9,PAT_718,DOC_ORT_1,Orthopedics,2026-08-07 12:20:00,follow_up
aaa79903-aad0-42a2-80a7-d271e2495cb0,PAT_591,DOC_ORT_1,Orthopedics,2026-08-07 12:40:00,follow_up
0b31904d-c863-4bfe-9b19-2b92251d9ece,PAT_67,DOC_ORT_1,Orthopedics,2026-08-07 13:00:00,new
869bf4fe-4764-4943-bf4e-f5aad121da17,PAT_804,DOC_ORT_1,Orthopedics,2026-08-07 13:20:00,follow_up
1ee97b87-48c9-4644-8ee0-54b321a928ee,PAT_346,DOC_ORT_1,Orthopedics,2026-08-07 13:40:00,new
15c808d2-7038-437e-8f0a-5f44bc5c8460,PAT_463,DOC_ORT_1,Orthopedics,2026-08-07 14:00:00,new
0c688f65-e900-462d-b7df-967c7e69eeea,PAT_700,DOC_ORT_1,Orthopedics,2026-08-07 14:20:00,follow_up
fac61cdf-510f-47bb-8e4f-0027029ffa43,PAT_578,DOC_ORT_2,Orthopedics,2026-08-07 09:00:00,new
9ebf8d30-ac0e-44e3-b547-ca2441d576f5,PAT_370,DOC_ORT_2,Orthopedics,2026-08-07 09:20:00,follow_up
b8502708-2306-407a-b6b7-2b24637f989e,PAT_161,DOC_ORT_2,Orthopedics,2026-08-07 09:40:00,follow_up
96d61b10-4617-432e-bbb3-b9e5746c32e3,PAT_188,DOC_ORT_2,Orthopedics,2026-08-07 10:00:00,new
466ca3bf-c545-4726-b3b2-9f0464bbccfa,PAT_752,DOC_ORT_2,Orthopedics,2026-08-07 10:20:00,follow_up
cdfd3a7c-50b9-42ca-8ada-738106c097a3,PAT_231,DOC_ORT_2,Orthopedics,2026-08-07 10:40:00,follow_up
19cb881e-ae8d-4c54-aa89-f0779feb2fb0,PAT_283,DOC_ORT_2,Orthopedics,2026-08-07 11:00:00,new
bee84f9a-c10d-4fce-98e7-71facccfb9de,PAT_816,DOC_ORT_2,Orthopedics,2026-08-07 11:20:00,follow_up
230c7a19-a534-429d-862a-e9d48e942598,PAT_180,DOC_ORT_2,Orthopedics,2026-08-07 11:40:00,new
1766133c-4155-4be2-8979-5a8cb730d491,PAT_919,DOC_ORT_2,Orthopedics,2026-08-07 12:00:00,new
78991efc-5a59-45ba-bf6c-861c9f517552,PAT_365,DOC_ORT_2,Orthopedics,2026-08-07 12:20:00,follow_up
0bda84b5-d77e-4571-9af3-07312add574f,PAT_803,DOC_ORT_2,Orthopedics,2026-08-07 12:40:00,follow_up
ed1a6e26-50c7-4f93-a3aa-9faa2de029c7,PAT_242,DOC_ORT_2,Orthopedics,2026-08-07 13:00:00,follow_up
8c414348-8598-4bd1-a6d7-5c8b6ff81a9a,PAT_913,DOC_ORT_2,Orthopedics,2026-08-07 13:20:00,new
ee5bda59-e4ee-458e-ac95-fab008de8280,PAT_701,DOC_ORT_2,Orthopedics,2026-08-07 13:40:00,new
d5768278-b71d-4fa6-9b9a-5f58ab962da4,PAT_815,DOC_PED_1,Pediatrics,2026-08-07 09:00:00,new
3709700b-fc51-4636-8ce4-1ff4e0b7bf7a,PAT_986,DOC_PED_1,Pediatrics,2026-08-07 09:15:00,follow_up
6f0acf55-a99d-4db2-948e-0eb186a889ce,PAT_686,DOC_PED_1,Pediatrics,2026-08-07 09:30:00,new
7e25d900-0809-42a6-be53-feab2b21fee1,PAT_537,DOC_PED_1,Pediatrics,2026-08-07 09:45:00,follow_up
7c44090d-abfe-4951-a468-fd076dd2ae44,PAT_252,DOC_PED_1,Pediatrics,2026-08-07 10:00:00,follow_up
9b53d850-089c-4889-9bd5-0baff15a307b,PAT_374,DOC_PED_1,Pediatrics,2026-08-07 10:15:00,new
218c8dc5-94c0-453d-9422-bbe20d155292,PAT_600,DOC_PED_1,Pediatrics,2026-08-07 10:30:00,follow_up
2a847226-1368-47c9-b7f6-455d55e0073a,PAT_522,DOC_PED_1,Pediatrics,2026-08-07 10:45:00,follow_up
84d44920-f2a7-4fc1-ae81-48210eb3868b,PAT_566,DOC_PED_1,Pediatrics,2026-08-07 11:00:00,new
2a633116-9431-4f81-9b1d-480161fa1989,PAT_154,DOC_PED_1,Pediatrics,2026-08-07 11:15:00,new
491f7347-62bb-4732-ac36-b1eb6a786c5d,PAT_867,DOC_PED_1,Pediatrics,2026-08-07 11:30:00,new
3acfaedd-b67a-4117-acb4-5e88207de1db,PAT_501,DOC_PED_1,Pediatrics,2026-08-07 11:45:00,follow_up
0e2b1e33-74e1-47f4-8dd4-cc06bb3a9615,PAT_252,DOC_PED_1,Pediatrics,2026-08-07 12:00:00,follow_up
b1a470d5-fe37-4b02-9c7d-156ca032400e,PAT_798,DOC_PED_1,Pediatrics,2026-08-07 12:15:00,new
91c5dc3f-b899-4425-b43e-d69aaa5782dd,PAT_293,DOC_PED_1,Pediatrics,2026-08-07 12:30:00,follow_up
43ecb993-a75f-4721-b3b2-6c8003899628,PAT_96,DOC_PED_1,Pediatrics,2026-08-07 12:45:00,follow_up
c5bf56c7-2d5a-4519-b2ea-eb5ff80509d0,PAT_407,DOC_PED_1,Pediatrics,2026-08-07 13:00:00,follow_up
2adeda0d-bb0e-4912-b870-8f38349ee766,PAT_308,DOC_PED_1,Pediatrics,2026-08-07 13:15:00,follow_up
eaed1308-3f2d-4ab6-ae19-0686f8767543,PAT_947,DOC_PED_1,Pediatrics,2026-08-07 13:30:00,follow_up
b87d92fa-402e-4134-a67b-58a22447f334,PAT_724,DOC_PED_2,Pediatrics,2026-08-07 09:00:00,follow_up
ef9a2cf4-32f7-441d-b11b-ef6faf618c1e,PAT_17,DOC_PED_2,Pediatrics,2026-08-07 09:15:00,follow_up
7b0170cc-109e-4585-a478-2cebce4905ae,PAT_933,DOC_PED_2,Pediatrics,2026-08-07 09:30:00,new
bdef25c4-e350-4bde-bd65-d97ce8b574e5,PAT_847,DOC_PED_2,Pediatrics,2026-08-07 09:45:00,follow_up
a125e1bc-cf7f-4f62-ab7b-b9171788b427,PAT_850,DOC_PED_2,Pediatrics,2026-08-07 10:00:00,new
f059b604-6f4a-4306-b1dd-f125124098a0,PAT_1,DOC_PED_2,Pediatrics,2026-08-07 10:15:00,new
f065b134-30fb-4765-ae32-d6f8d0d7f00a,PAT_454,DOC_PED_2,Pediatrics,2026-08-07 10:30:00,new
04ed1261-513d-4d36-bc00-eff66866730b,PAT_589,DOC_PED_2,Pediatrics,2026-08-07 10:45:00,follow_up
a3b1f9d8-dc10-4071-8be7-6b84ce79b845,PAT_248,DOC_PED_2,Pediatrics,2026-08-07 11:00:00,new
c000f046-6ab1-4132-ba30-2747328f93f4,PAT_994,DOC_PED_2,Pediatrics,2026-08-07 11:15:00,follow_up
7c6cfd53-565a-4f05-b060-2a2c6a0c349e,PAT_722,DOC_PED_2,Pediatrics,2026-08-07 11:30:00,follow_up
4511e476-2da1-44ec-b15a-a9ba35d6f4d6,PAT_247,DOC_PED_2,Pediatrics,2026-08-07 11:45:00,follow_up
9b5d22fc-a87e-4696-ae44-ac1b43c0021a,PAT_682,DOC_PED_2,Pediatrics,2026-08-07 12:00:00,new
14787bd5-e172-4fe8-8b2c-80b7ff266418,PAT_445,DOC_PED_2,Pediatrics,2026-08-07 12:15:00,new
63c73d08-bdc6-47cf-8425-772dd662645f,PAT_529,DOC_GEN_1,General Physician,2026-08-10 09:00:00,follow_up
97bc6cc5-92c4-4a94-8a67-233bbe28c7e3,PAT_723,DOC_GEN_1,General Physician,2026-08-10 09:10:00,new
e6da0ea6-b09f-4d19-82ac-320cfa1ed241,PAT_239,DOC_GEN_1,General Physician,2026-08-10 09:20:00,follow_up
ddcedbce-dc2a-49d3-bf78-66c5eb40b1a2,PAT_153,DOC_GEN_1,General Physician,2026-08-10 09:30:00,new
41008848-bfca-4faa-909a-db8eb0d8e538,PAT_236,DOC_GEN_1,General Physician,2026-08-10 09:40:00,follow_up
630158e4-d21a-4bea-9b66-c0603769d419,PAT_652,DOC_GEN_1,General Physician,2026-08-10 09:50:00,new
cd00c0e1-5f1e-4df4-a4b4-f304d0cf1c29,PAT_32,DOC_GEN_1,General Physician,2026-08-10 10:00:00,follow_up
922f26d4-b4ac-41e7-906c-9860c2c64d62,PAT_749,DOC_GEN_1,General Physician,2026-08-10 10:10:00,follow_up
063d0b2c-7f7b-4dfe-a4a5-741e79e40d99,PAT_39,DOC_GEN_1,General Physician,2026-08-10 10:20:00,follow_up
ca31b665-764e-4144-8da3-a8e6c764a93a,PAT_600,DOC_GEN_1,General Physician,2026-08-10 10:30:00,new
0fc9437d-b54f-4cab-ab3d-e4aca8b7d8ac,PAT_990,DOC_GEN_1,General Physician,2026-08-10 10:40:00,new
57842e60-30e0-4ecd-b524-59d69ef80810,PAT_739,DOC_GEN_1,General Physician,2026-08-10 10:50:00,new
d6327f78-04d0-4ca1-bf5c-71f21ab55212,PAT_981,DOC_GEN_1,General Physician,2026-08-10 11:00:00,follow_up
4cc5b3b3-0144-4899-bde4-a2650a6dd574,PAT_102,DOC_GEN_1,General Physician,2026-08-10 11:10:00,follow_up
f9333ea0-1c9d-4fbe-a448-91f97f05a158,PAT_718,DOC_GEN_1,General Physician,2026-08-10 11:20:00,follow_up
e3e79b6a-aff9-402c-8b91-6e1fbf856e4d,PAT_137,DOC_GEN_1,General Physician,2026-08-10 11:30:00,new
6608fb86-d2fd-4a8c-81cf-962dadc65a19,PAT_196,DOC_GEN_1,General Physician,2026-08-10 11:40:00,new
7596d0dc-299a-4db9-927f-ac36d07ba6e8,PAT_791,DOC_GEN_1,General Physician,2026-08-10 11:50:00,follow_up
8bfde759-17fb-41ac-9d02-0619490504ed,PAT_839,DOC_GEN_1,General Physician,2026-08-10 12:00:00,follow_up
3b17b922-61c1-4533-bc77-706bfb08fdfb,PAT_236,DOC_GEN_1,General Physician,2026-08-10 12:10:00,new
d89bf78f-86b5-4e75-b5a7-5d94628ccd16,PAT_312,DOC_GEN_2,General Physician,2026-08-10 09:00:00,follow_up
6ec116b5-6a8c-4d0d-893c-6efa7eb4721b,PAT_890,DOC_GEN_2,General Physician,2026-08-10 09:10:00,new
d493b0d8-3361-4698-832a-5d8a9362c300,PAT_732,DOC_GEN_2,General Physician,2026-08-10 09:20:00,new
abd470c6-e42d-4bdf-8c4a-420a592a0d1e,PAT_635,DOC_GEN_2,General Physician,2026-08-10 09:30:00,follow_up
0182de56-92ca-4b1b-95be-7fd7cbeac43f,PAT_409,DOC_GEN_2,General Physician,2026-08-10 09:40:00,follow_up
17d0e796-077b-43e0-86cd-e1c58daba779,PAT_111,DOC_GEN_2,General Physician,2026-08-10 09:50:00,follow_up
76149aad-119f-4d0b-ab4c-e8e2f80d215c,PAT_940,DOC_GEN_2,General Physician,2026-08-10 10:00:00,follow_up
b4ea5c35-4a24-46d4-a865-1e6fe1266bb4,PAT_864,DOC_GEN_2,General Physician,2026-08-10 10:10:00,new
bf508dec-04c2-41f2-9dd8-9128aa1017d9,PAT_912,DOC_GEN_2,General Physician,2026-08-10 10:20:00,new
23cbd491-a0e0-453d-b092-b5c98ee5d9ed,PAT_371,DOC_GEN_2,General Physician,2026-08-10 10:30:00,new
3ebad0cf-3856-44c2-9126-92d5d0569164,PAT_853,DOC_GEN_2,General Physician,2026-08-10 10:40:00,follow_up
083280be-055a-4a38-99e8-5ba16308de67,PAT_892,DOC_GEN_2,General Physician,2026-08-10 10:50:00,new
11697f33-9efe-48f0-b919-f58fbc37b76b,PAT_844,DOC_GEN_2,General Physician,2026-08-10 11:00:00,new
fdee6529-f05d-4781-98a6-c4c842898993,PAT_897,DOC_GEN_2,General Physician,2026-08-10 11:10:00,new
35352de5-59b4-4232-90b6-4698f6cd8b17,PAT_883,DOC_GEN_2,General Physician,2026-08-10 11:20:00,follow_up
81ee9fea-e1fd-4b06-84d0-722c74295ee4,PAT_936,DOC_CAR_1,Cardiology,2026-08-10 09:00:00,new
942de7e8-68fe-45d2-9698-cb673adb1d45,PAT_714,DOC_CAR_1,Cardiology,2026-08-10 09:25:00,follow_up
42240412-9605-47e7-a1d7-029db7101673,PAT_443,DOC_CAR_1,Cardiology,2026-08-10 09:50:00,new
00f049cb-eff0-42a5-be06-43de350863e0,PAT_299,DOC_CAR_1,Cardiology,2026-08-10 10:15:00,new
347496bd-fbeb-4432-b648-4c196856adee,PAT_593,DOC_CAR_1,Cardiology,2026-08-10 10:40:00,follow_up
41c6998e-e201-4ed6-83e3-9cab38542017,PAT_555,DOC_CAR_1,Cardiology,2026-08-10 11:05:00,new
e9e30dc3-c760-4e0b-a471-d59ac98ae345,PAT_67,DOC_CAR_1,Cardiology,2026-08-10 11:30:00,follow_up
0ab636ed-e69e-4e1b-b167-ed9ac3b96d70,PAT_713,DOC_CAR_1,Cardiology,2026-08-10 11:55:00,follow_up
9d31318c-af01-421b-b083-9cd11dadf876,PAT_830,DOC_CAR_1,Cardiology,2026-08-10 12:20:00,new
1b6c750b-13e7-41e5-8c0d-b080556d5df5,PAT_453,DOC_CAR_1,Cardiology,2026-08-10 12:45:00,new
fbaa7b98-21bc-42b2-a6ca-191ce6bcdf9d,PAT_384,DOC_CAR_1,Cardiology,2026-08-10 13:10:00,follow_up
735271ef-a09a-454a-851d-91b0fdbe4171,PAT_6,DOC_CAR_2,Cardiology,2026-08-10 09:00:00,follow_up
8ab5eb67-b494-47fd-bb75-9e6a3794d75a,PAT_833,DOC_CAR_2,Cardiology,2026-08-10 09:25:00,new
2a4c9afe-6e00-415e-97d3-c5e4b401f73f,PAT_930,DOC_CAR_2,Cardiology,2026-08-10 09:50:00,follow_up
bb016a17-02d4-46be-9d76-0ce38d89509f,PAT_439,DOC_CAR_2,Cardiology,2026-08-10 10:15:00,new
c637fedb-0fb5-4e0e-96f0-094ab3c0bf2d,PAT_635,DOC_CAR_2,Cardiology,2026-08-10 10:40:00,new
082a5f54-aa7e-44f2-a79a-f947e20b0f55,PAT_433,DOC_CAR_2,Cardiology,2026-08-10 11:05:00,new
26f4f41b-c8b1-4552-881e-b795915f16ad,PAT_630,DOC_CAR_2,Cardiology,2026-08-10 11:30:00,new
31b09ae1-fb19-4025-90af-ba0f7a820377,PAT_349,DOC_CAR_2,Cardiology,2026-08-10 11:55:00,new
820774e4-659a-4d1d-91e1-5ba72a803d64,PAT_386,DOC_CAR_2,Cardiology,2026-08-10 12:20:00,follow_up
fe881359-ca92-4136-b981-741be5891d64,PAT_966,DOC_CAR_2,Cardiology,2026-08-10 12:45:00,new
fbde95a9-488b-4f1c-82c5-b72917b48556,PAT_610,DOC_CAR_2,Cardiology,2026-08-10 13:10:00,new
4ab48d61-875d-4122-a7c1-2db4284a3635,PAT_9,DOC_CAR_2,Cardiology,2026-08-10 13:35:00,new
31e12e7b-5e2d-4740-aeef-e72e9773cb0c,PAT_566,DOC_CAR_2,Cardiology,2026-08-10 14:00:00,new
7ac83878-6074-4755-94a6-faf6a578dce8,PAT_296,DOC_CAR_2,Cardiology,2026-08-10 14:25:00,new
d1bee2db-d594-458b-8309-f6094d66d1fe,PAT_882,DOC_CAR_2,Cardiology,2026-08-10 14:50:00,follow_up
90ace2ab-31a8-4d71-a690-392fc43f244c,PAT_142,DOC_CAR_2,Cardiology,2026-08-10 15:15:00,follow_up
1e19faea-6281-4999-ad08-127bb0f14027,PAT_364,DOC_CAR_2,Cardiology,2026-08-10 15:40:00,follow_up
6318f4ce-a4b6-45dd-892f-f260adb56563,PAT_337,DOC_ORT_1,Orthopedics,2026-08-10 09:00:00,new
c3c0a75d-a7cb-4ead-adfe-8d04d20cbc84,PAT_140,DOC_ORT_1,Orthopedics,2026-08-10 09:20:00,new
edc42b0b-b518-427c-8e82-1960c8927fc5,PAT_948,DOC_ORT_1,Orthopedics,2026-08-10 09:40:00,new
187b6a1f-6077-4214-bc6d-1ee39c5bcc2c,PAT_322,DOC_ORT_1,Orthopedics,2026-08-10 10:00:00,follow_up
c45a3fef-e17a-4b67-b12b-52d8d6333048,PAT_98,DOC_ORT_1,Orthopedics,2026-08-10 10:20:00,follow_up
a88cdc28-1faf-44a7-a0d6-95f51ec9b1bf,PAT_463,DOC_ORT_1,Orthopedics,2026-08-10 10:40:00,follow_up
e14663d4-9a39-49b1-90c6-892da310a5ce,PAT_830,DOC_ORT_1,Orthopedics,2026-08-10 11:00:00,follow_up
36fcdc06-06ca-4e25-8738-83434982f0c6,PAT_662,DOC_ORT_1,Orthopedics,2026-08-10 11:20:00,follow_up
9dbdba5e-205e-41f2-96b0-c8237539a46e,PAT_941,DOC_ORT_1,Orthopedics,2026-08-10 11:40:00,follow_up
73b81275-0340-4522-9c14-57d54c8b0bc8,PAT_814,DOC_ORT_1,Orthopedics,2026-08-10 12:00:00,follow_up
2d41f143-b51e-4862-afce-653eefb1b08e,PAT_201,DOC_ORT_1,Orthopedics,2026-08-10 12:20:00,new
4a90d2c8-e391-4b9d-a66f-e6bb3a899346,PAT_26,DOC_ORT_1,Orthopedics,2026-08-10 12:40:00,new
6ac6d6e1-eb64-474d-bad5-1f6e1064c425,PAT_175,DOC_ORT_1,Orthopedics,2026-08-10 13:00:00,follow_up
e4c19492-215e-4bf9-8138-399e34d13f66,PAT_304,DOC_ORT_1,Orthopedics,2026-08-10 13:20:00,new
59e377bf-5e00-4aff-8b70-775d05112f89,PAT_206,DOC_ORT_1,Orthopedics,2026-08-10 13:40:00,follow_up
99f4e79f-f07c-4ab2-8d2e-030e210f56a2,PAT_989,DOC_ORT_1,Orthopedics,2026-08-10 14:00:00,new
78d04479-ec76-47cf-a668-63c68e169cb7,PAT_703,DOC_ORT_1,Orthopedics,2026-08-10 14:20:00,follow_up
568fd439-ca02-4515-8795-24f6763c88ce,PAT_133,DOC_ORT_1,Orthopedics,2026-08-10 14:40:00,new
d13765d4-45c7-47fe-9059-c000c9ed49ce,PAT_298,DOC_ORT_1,Orthopedics,2026-08-10 15:00:00,new
a05e6d45-560c-480a-91fa-186b379fd1ae,PAT_830,DOC_ORT_1,Orthopedics,2026-08-10 15:20:00,follow_up
3a4b80f9-5e14-4bcb-8e10-505f717ec673,PAT_626,DOC_ORT_2,Orthopedics,2026-08-10 09:00:00,follow_up
5b23e3b4-868f-48c6-9111-c7abebd5f29f,PAT_882,DOC_ORT_2,Orthopedics,2026-08-10 09:20:00,follow_up
624bb2a0-db46-4e85-a878-8e60d98368c1,PAT_671,DOC_ORT_2,Orthopedics,2026-08-10 09:40:00,new
aba83ec7-bd4e-41a9-9e2c-aea80dff22c9,PAT_859,DOC_ORT_2,Orthopedics,2026-08-10 10:00:00,new
ad4ad669-2390-487c-b313-ba84087dd058,PAT_773,DOC_ORT_2,Orthopedics,2026-08-10 10:20:00,follow_up
cde316ea-a096-4353-9897-ce3420a0bf3a,PAT_666,DOC_ORT_2,Orthopedics,2026-08-10 10:40:00,new
004c961a-1ce8-4939-8fc5-d423da324869,PAT_537,DOC_ORT_2,Orthopedics,2026-08-10 11:00:00,follow_up
6ba173d8-8dcb-442e-bbcf-052e10628f37,PAT_521,DOC_ORT_2,Orthopedics,2026-08-10 11:20:00,new
8e37cf9c-9da6-4888-a3d8-f565e0de909e,PAT_22,DOC_ORT_2,Orthopedics,2026-08-10 11:40:00,follow_up
e6e775ee-2368-4846-bb18-8dc62433a4f3,PAT_25,DOC_ORT_2,Orthopedics,2026-08-10 12:00:00,follow_up
8fa58b8f-52ef-44fc-9c5e-0b41b934bd1b,PAT_547,DOC_ORT_2,Orthopedics,2026-08-10 12:20:00,follow_up
6c961957-ba21-4803-ad5a-f914717518af,PAT_645,DOC_ORT_2,Orthopedics,2026-08-10 12:40:00,follow_up
ebd7b908-be12-4633-bc3d-e1c2624dd373,PAT_934,DOC_ORT_2,Orthopedics,2026-08-10 13:00:00,follow_up
4ecee38d-f082-498e-8e6a-d38dc73e0e5e,PAT_319,DOC_ORT_2,Orthopedics,2026-08-10 13:20:00,new
4a52e7b0-b79f-4c4b-822d-47390e2b3397,PAT_230,DOC_ORT_2,Orthopedics,2026-08-10 13:40:00,new
41ad10c5-16db-4582-8c8a-6bef88711aae,PAT_697,DOC_ORT_2,Orthopedics,2026-08-10 14:00:00,new
78be7292-ada2-4357-aaee-6352aa4cb291,PAT_522,DOC_ORT_2,Orthopedics,2026-08-10 14:20:00,follow_up
a5ccb6df-363c-4054-a826-2cb59c7ab3de,PAT_341,DOC_PED_1,Pediatrics,2026-08-10 09:00:00,new
c6f13b5c-07e8-42ce-bdd2-ca95b63c2ab0,PAT_344,DOC_PED_1,Pediatrics,2026-08-10 09:15:00,new
c5df357d-467c-4227-bf32-3fb7af10b81c,PAT_729,DOC_PED_1,Pediatrics,2026-08-10 09:30:00,follow_up
e8b4defd-7aa7-4b43-8523-268fe7a643e3,PAT_462,DOC_PED_1,Pediatrics,2026-08-10 09:45:00,new
ef18916a-905c-4022-812c-8c9dc315cdb8,PAT_389,DOC_PED_1,Pediatrics,2026-08-10 10:00:00,follow_up
1ad7c8bd-95d4-438c-8768-733245fbe9de,PAT_450,DOC_PED_1,Pediatrics,2026-08-10 10:15:00,new
976880e2-d7bd-49f1-a409-d2de6a735193,PAT_998,DOC_PED_1,Pediatrics,2026-08-10 10:30:00,follow_up
51735e2a-31c3-4f6c-b343-9b61fc72c5e9,PAT_555,DOC_PED_1,Pediatrics,2026-08-10 10:45:00,follow_up
2a93ef13-3090-44b1-b9d8-99ddaccf6aa1,PAT_360,DOC_PED_1,Pediatrics,2026-08-10 11:00:00,follow_up
e08f1cd8-b09c-4dd6-bbb9-f1aa021066a7,PAT_427,DOC_PED_1,Pediatrics,2026-08-10 11:15:00,follow_up
2df69676-6183-4f27-8852-114d459d10a8,PAT_565,DOC_PED_1,Pediatrics,2026-08-10 11:30:00,new
38b515bc-7c4a-4ae3-9190-d7f0f5fa0dc1,PAT_960,DOC_PED_1,Pediatrics,2026-08-10 11:45:00,new
a8a7a7ae-1b0e-490f-b4c3-d317ced3f370,PAT_441,DOC_PED_1,Pediatrics,2026-08-10 12:00:00,follow_up
a11a5236-2956-4323-a399-c51e84025a6d,PAT_762,DOC_PED_2,Pediatrics,2026-08-10 09:00:00,new
88b17f60-2609-44cb-a548-68b19d546d37,PAT_342,DOC_PED_2,Pediatrics,2026-08-10 09:15:00,new
7116d3a8-8eba-4b64-9d5e-fffd87459683,PAT_534,DOC_PED_2,Pediatrics,2026-08-10 09:30:00,follow_up
ec078eae-017a-4dc6-9436-49de6a6fd580,PAT_563,DOC_PED_2,Pediatrics,2026-08-10 09:45:00,follow_up
9edff0d3-7f03-45b3-858a-cb30600aad1e,PAT_906,DOC_PED_2,Pediatrics,2026-08-10 10:00:00,new
6b1a592d-5cc7-43f4-9a73-8acd11d543b7,PAT_825,DOC_PED_2,Pediatrics,2026-08-10 10:15:00,new
028c8181-6ed9-4622-bcd9-e7d7c6031d10,PAT_643,DOC_PED_2,Pediatrics,2026-08-10 10:30:00,follow_up
66cd786a-823b-444f-9899-c1818512874e,PAT_456,DOC_PED_2,Pediatrics,2026-08-10 10:45:00,new
34acaa2b-773c-47d9-a686-065ca44b9171,PAT_971,DOC_PED_2,Pediatrics,2026-08-10 11:00:00,new
06621e59-8018-4df6-b1da-f2a0300640b6,PAT_234,DOC_PED_2,Pediatrics,2026-08-10 11:15:00,new
39beccf6-7230-4abf-8d02-67461d65c4a3,PAT_189,DOC_PED_2,Pediatrics,2026-08-10 11:30:00,new
6aa6dc07-7489-4d0a-a8e2-f382bd9e53bc,PAT_89,DOC_PED_2,Pediatrics,2026-08-10 11:45:00,new
0c2b7616-8c4e-4422-b671-c0b80dcd804b,PAT_999,DOC_PED_2,Pediatrics,2026-08-10 12:00:00,follow_up
ec735e34-19f0-43a5-a4dc-19172496cb74,PAT_28,DOC_GEN_1,General Physician,2026-08-11 09:00:00,new
014c00f4-b538-4184-ae12-c8793c9fc505,PAT_347,DOC_GEN_1,General Physician,2026-08-11 09:10:00,new
f00af3a0-1704-400c-9d7f-c971096dcf68,PAT_404,DOC_GEN_1,General Physician,2026-08-11 09:20:00,new
894690de-f8a6-45e3-9b7d-6a33e285830a,PAT_350,DOC_GEN_1,General Physician,2026-08-11 09:30:00,follow_up
d99d7a78-d190-4b65-af58-de4c480aba98,PAT_594,DOC_GEN_1,General Physician,2026-08-11 09:40:00,new
dcf9f730-9426-420a-90b9-9f3d76ee2f73,PAT_205,DOC_GEN_1,General Physician,2026-08-11 09:50:00,follow_up
5436430f-891f-4ce6-bbb2-2db75e70b8c9,PAT_667,DOC_GEN_1,General Physician,2026-08-11 10:00:00,new
d1c40365-9e26-4b8a-a95b-80a85526592e,PAT_925,DOC_GEN_1,General Physician,2026-08-11 10:10:00,follow_up
943dea3a-c248-42b0-ba24-07809a52c7e0,PAT_828,DOC_GEN_1,General Physician,2026-08-11 10:20:00,follow_up
95f988d3-bd1b-4b26-84b9-8b80e267d589,PAT_68,DOC_GEN_1,General Physician,2026-08-11 10:30:00,new
a603dfca-9c19-44f0-a4f6-7ed0166503d9,PAT_350,DOC_GEN_1,General Physician,2026-08-11 10:40:00,new
f33d9cf1-956d-4ba0-898b-af5d7f500921,PAT_467,DOC_GEN_1,General Physician,2026-08-11 10:50:00,new
96205af6-ba4e-479e-a1ab-b611c9ad8e9d,PAT_648,DOC_GEN_1,General Physician,2026-08-11 11:00:00,new
30c12bc8-a0ea-444a-b520-a2319a4ef9d2,PAT_707,DOC_GEN_1,General Physician,2026-08-11 11:10:00,new
2e39d5fc-8c1a-44a8-9f60-0e0d65fca75f,PAT_769,DOC_GEN_1,General Physician,2026-08-11 11:20:00,follow_up
24f33cab-0f89-4d8a-9a39-e0f3ad1010d3,PAT_456,DOC_GEN_1,General Physician,2026-08-11 11:30:00,follow_up
2019ffa0-2f13-4743-b426-d5f5dc9f6b27,PAT_52,DOC_GEN_1,General Physician,2026-08-11 11:40:00,follow_up
c9573c69-20fe-405b-a2c3-61ecaa1d5931,PAT_63,DOC_GEN_1,General Physician,2026-08-11 11:50:00,follow_up
4cf551e9-1051-4642-a4f8-26751e8135d7,PAT_722,DOC_GEN_1,General Physician,2026-08-11 12:00:00,follow_up
38905dfd-d4c7-4f6e-b1de-5155ee8bc39d,PAT_411,DOC_GEN_2,General Physician,2026-08-11 09:00:00,new
5a8287c0-5641-4b4b-be43-be0f20d35294,PAT_102,DOC_GEN_2,General Physician,2026-08-11 09:10:00,new
3eb1f163-e554-402d-9a3c-f847d0b54b2c,PAT_466,DOC_GEN_2,General Physician,2026-08-11 09:20:00,follow_up
701c4206-8686-42e0-be1b-a26cee6dddde,PAT_191,DOC_GEN_2,General Physician,2026-08-11 09:30:00,follow_up
2f3c30f5-9a44-4dd5-bdc7-44658411f637,PAT_919,DOC_GEN_2,General Physician,2026-08-11 09:40:00,follow_up
61ff81c9-ad6b-4232-b641-a0903abd6eea,PAT_569,DOC_GEN_2,General Physician,2026-08-11 09:50:00,follow_up
4e9d8716-441e-4715-a424-547542ef01ac,PAT_666,DOC_GEN_2,General Physician,2026-08-11 10:00:00,follow_up
acd48f38-0ae4-421a-a389-ecd2ab41c828,PAT_54,DOC_GEN_2,General Physician,2026-08-11 10:10:00,follow_up
8bdaaf39-8957-45c3-9b34-413827d9e754,PAT_746,DOC_GEN_2,General Physician,2026-08-11 10:20:00,follow_up
039a890b-395a-429c-83c6-67d4f0cf7b6a,PAT_125,DOC_GEN_2,General Physician,2026-08-11 10:30:00,follow_up
3b2b153f-f95f-4a32-80ba-c212a11c8471,PAT_418,DOC_GEN_2,General Physician,2026-08-11 10:40:00,new
fe15dd43-8c9c-4f53-b8ae-274451800d23,PAT_412,DOC_GEN_2,General Physician,2026-08-11 10:50:00,follow_up
1dfd6044-891a-4e1d-af01-c5308d8b7f68,PAT_241,DOC_GEN_2,General Physician,2026-08-11 11:00:00,new
3cc0781e-ac71-43b0-8afb-49ef609ea122,PAT_698,DOC_GEN_2,General Physician,2026-08-11 11:10:00,follow_up
e0839c30-e7d7-482e-b323-68c143c79025,PAT_520,DOC_CAR_1,Cardiology,2026-08-11 09:00:00,follow_up
6d4ffa9d-a19f-4eec-ab2a-69baaa9a3ba5,PAT_364,DOC_CAR_1,Cardiology,2026-08-11 09:25:00,new
64933bc4-1d5e-42cf-96ed-e4cd42126334,PAT_123,DOC_CAR_1,Cardiology,2026-08-11 09:50:00,follow_up
8f1142f9-4aea-4912-981e-7669858b8b7d,PAT_366,DOC_CAR_1,Cardiology,2026-08-11 10:15:00,follow_up
626aa40a-f44b-468a-80cb-87de194139a6,PAT_718,DOC_CAR_1,Cardiology,2026-08-11 10:40:00,new
3668c142-9c5a-46fb-bb60-49ab5d126ca2,PAT_141,DOC_CAR_1,Cardiology,2026-08-11 11:05:00,follow_up
0a727b11-bc4e-4c17-b8cf-fb13e45c4919,PAT_332,DOC_CAR_1,Cardiology,2026-08-11 11:30:00,new
449af89b-b947-44fb-84b4-8569704972ae,PAT_364,DOC_CAR_1,Cardiology,2026-08-11 11:55:00,new
576bc630-ee89-476e-afdd-af9dc21487c0,PAT_88,DOC_CAR_1,Cardiology,2026-08-11 12:20:00,follow_up
8850af56-183f-4451-b6e7-6a74271ecef3,PAT_309,DOC_CAR_1,Cardiology,2026-08-11 12:45:00,new
ac09da40-26bf-4cd1-bad4-4cc373e2f887,PAT_257,DOC_CAR_1,Cardiology,2026-08-11 13:10:00,new
c210d227-5383-4c88-b07f-dc10ca7e459a,PAT_757,DOC_CAR_1,Cardiology,2026-08-11 13:35:00,new
04859f68-8a8e-4944-af29-2102fdc0288c,PAT_289,DOC_CAR_1,Cardiology,2026-08-11 14:00:00,follow_up
c171b053-ffa3-4fa9-ab77-7e562a3f9f1e,PAT_407,DOC_CAR_1,Cardiology,2026-08-11 14:25:00,follow_up
01a1b178-0516-438a-a3e1-fb2947c4f49f,PAT_235,DOC_CAR_1,Cardiology,2026-08-11 14:50:00,follow_up
2423a120-520f-4b3e-9f2c-25dde8bdb7b9,PAT_623,DOC_CAR_1,Cardiology,2026-08-11 15:15:00,new
41df6772-9e9a-40b0-8517-f9be81f086cf,PAT_235,DOC_CAR_1,Cardiology,2026-08-11 15:40:00,new
4263f6cd-7e57-4657-9af0-ad8a7ae167e5,PAT_579,DOC_CAR_1,Cardiology,2026-08-11 16:05:00,new
e0407752-39c6-48b1-8714-2e2511a83607,PAT_580,DOC_CAR_1,Cardiology,2026-08-11 16:30:00,follow_up
172651b2-1ed6-49b5-83e5-1e0d85f7a2a0,PAT_596,DOC_CAR_1,Cardiology,2026-08-11 16:55:00,follow_up
0a3cd7bc-011f-48ff-90f8-302465f16a02,PAT_783,DOC_CAR_2,Cardiology,2026-08-11 09:00:00,new
4b0b691f-365b-4a8b-8bc7-9283de0ab0c8,PAT_854,DOC_CAR_2,Cardiology,2026-08-11 09:25:00,follow_up
0c9f453d-a7df-48c9-b1f4-fd54b4de9b75,PAT_380,DOC_CAR_2,Cardiology,2026-08-11 09:50:00,follow_up
2a09b09b-43b2-4148-ab6e-f8fc2a2fe19f,PAT_409,DOC_CAR_2,Cardiology,2026-08-11 10:15:00,new
e10063e4-fece-4af2-accf-aad7e2d62a0b,PAT_408,DOC_CAR_2,Cardiology,2026-08-11 10:40:00,follow_up
209681c0-35fa-4b79-be7e-dec05696cf48,PAT_570,DOC_CAR_2,Cardiology,2026-08-11 11:05:00,new
da86028a-fb84-4845-a9a7-207c572393ae,PAT_992,DOC_CAR_2,Cardiology,2026-08-11 11:30:00,new
41c335c1-38ac-4629-a618-cc8a44d34e32,PAT_245,DOC_CAR_2,Cardiology,2026-08-11 11:55:00,new
55c66ff2-2f9e-475f-b027-6a3f3abeec59,PAT_671,DOC_CAR_2,Cardiology,2026-08-11 12:20:00,new
764fd74f-8160-4c7f-a13a-35ce5c42a563,PAT_181,DOC_CAR_2,Cardiology,2026-08-11 12:45:00,new
7245923e-d132-462d-bcfb-4eeb70cd2e98,PAT_616,DOC_CAR_2,Cardiology,2026-08-11 13:10:00,new
54657658-b1ab-4e16-adb5-26a2581215a3,PAT_629,DOC_CAR_2,Cardiology,2026-08-11 13:35:00,follow_up
0e952323-c315-419a-970c-c868d4b2af70,PAT_832,DOC_CAR_2,Cardiology,2026-08-11 14:00:00,follow_up
26e8a801-b4d4-4769-848a-0d6f47b4e3d1,PAT_490,DOC_CAR_2,Cardiology,2026-08-11 14:25:00,follow_up
bda40f35-99a0-43e6-8c25-37ec38b4b2a6,PAT_81,DOC_CAR_2,Cardiology,2026-08-11 14:50:00,follow_up
e03858ae-a5cb-4821-8fd1-1c60b949f6b9,PAT_487,DOC_CAR_2,Cardiology,2026-08-11 15:15:00,new
7a1efaf7-346f-4d47-a618-901561591a29,PAT_114,DOC_CAR_2,Cardiology,2026-08-11 15:40:00,follow_up
30cc31b4-66f1-4ece-b65c-38d5f75b10aa,PAT_187,DOC_CAR_2,Cardiology,2026-08-11 16:05:00,follow_up
6c7923c3-5d30-4601-b804-9d672958caa4,PAT_425,DOC_CAR_2,Cardiology,2026-08-11 16:30:00,follow_up
3817d49a-9b03-40b9-a910-86756245e611,PAT_565,DOC_ORT_1,Orthopedics,2026-08-11 09:00:00,new
5e98a24e-2834-4dcd-966f-b1afb838e76c,PAT_42,DOC_ORT_1,Orthopedics,2026-08-11 09:20:00,new
e5d0add9-80e3-420e-94e2-2e59b26a5993,PAT_585,DOC_ORT_1,Orthopedics,2026-08-11 09:40:00,new
8869575d-a9b9-46b3-b415-3dd0b1edb938,PAT_721,DOC_ORT_1,Orthopedics,2026-08-11 10:00:00,new
26040233-c428-486c-98a0-8560755e0c4c,PAT_939,DOC_ORT_1,Orthopedics,2026-08-11 10:20:00,follow_up
f613a3c6-cd4d-41e4-b462-b8ae253a8013,PAT_597,DOC_ORT_1,Orthopedics,2026-08-11 10:40:00,follow_up
60488386-d46a-48bb-9b58-cd93a2df3aac,PAT_903,DOC_ORT_1,Orthopedics,2026-08-11 11:00:00,follow_up
30be7979-ce1a-4883-b29b-83be71844f11,PAT_131,DOC_ORT_1,Orthopedics,2026-08-11 11:20:00,new
ab714d76-172a-4ba3-9102-33fa11714a8b,PAT_168,DOC_ORT_1,Orthopedics,2026-08-11 11:40:00,follow_up
695f26cc-faa5-42d9-a73c-aa99d6c11b5c,PAT_61,DOC_ORT_1,Orthopedics,2026-08-11 12:00:00,new
de0d21ee-d15a-44d2-9f92-e6c31f25a96d,PAT_894,DOC_ORT_1,Orthopedics,2026-08-11 12:20:00,follow_up
7bb75f14-16b0-431d-867e-8f3ed047fe2d,PAT_496,DOC_ORT_1,Orthopedics,2026-08-11 12:40:00,new
ce4370e0-9f81-4da2-a350-8b8003b3826d,PAT_797,DOC_ORT_1,Orthopedics,2026-08-11 13:00:00,follow_up
47179aaf-ecae-4573-89d6-da65f8981aba,PAT_581,DOC_ORT_1,Orthopedics,2026-08-11 13:20:00,new
2456634c-4bb9-497d-a0f7-66abc80f0708,PAT_586,DOC_ORT_2,Orthopedics,2026-08-11 09:00:00,new
1504ee88-245b-48a2-9cfb-201ef3cd61b2,PAT_929,DOC_ORT_2,Orthopedics,2026-08-11 09:20:00,follow_up
03db24dc-5b02-4ae2-bd37-cf9bf22d7dc8,PAT_330,DOC_ORT_2,Orthopedics,2026-08-11 09:40:00,follow_up
b999fcad-1f30-4472-bc33-bb707f57ff5d,PAT_756,DOC_ORT_2,Orthopedics,2026-08-11 10:00:00,follow_up
330546c2-9466-4089-a3b0-6684ec393b10,PAT_876,DOC_ORT_2,Orthopedics,2026-08-11 10:20:00,new
2a68ea78-a68e-41e2-b97b-d403bb05314d,PAT_429,DOC_ORT_2,Orthopedics,2026-08-11 10:40:00,follow_up
fd811a60-6ff9-4e40-8eb8-b9c7dcead670,PAT_559,DOC_ORT_2,Orthopedics,2026-08-11 11:00:00,follow_up
db42cab3-f71d-4eb6-a998-5e41670c7fdf,PAT_41,DOC_ORT_2,Orthopedics,2026-08-11 11:20:00,follow_up
e8ed2360-4e8b-4d25-b3fb-6ec590cc7e4d,PAT_834,DOC_ORT_2,Orthopedics,2026-08-11 11:40:00,new
2a498efc-df45-45a8-8009-67f3fc016947,PAT_906,DOC_ORT_2,Orthopedics,2026-08-11 12:00:00,new
b73f6934-9c71-4156-a410-12365bd65758,PAT_191,DOC_ORT_2,Orthopedics,2026-08-11 12:20:00,follow_up
7203846a-4581-40d1-b1ba-eef5dfb5d277,PAT_666,DOC_ORT_2,Orthopedics,2026-08-11 12:40:00,new
b70fba60-1da4-4afc-97cc-db6aa86bc7b1,PAT_42,DOC_ORT_2,Orthopedics,2026-08-11 13:00:00,follow_up
1a68e0ef-aa07-4bb2-9e2b-ffe3f695fd05,PAT_114,DOC_ORT_2,Orthopedics,2026-08-11 13:20:00,new
4781ea8f-9a28-4b05-a424-279a2d771437,PAT_364,DOC_ORT_2,Orthopedics,2026-08-11 13:40:00,follow_up
d3d28344-43a4-44f4-b4cf-d524dbf2be42,PAT_635,DOC_ORT_2,Orthopedics,2026-08-11 14:00:00,follow_up
062f8e47-2544-4b68-9c73-524c1cf2d5c6,PAT_841,DOC_PED_1,Pediatrics,2026-08-11 09:00:00,new
48f94edb-cbb3-41b6-8f40-e5c7c1c87cdc,PAT_39,DOC_PED_1,Pediatrics,2026-08-11 09:15:00,follow_up
3adb7c70-873f-4ed9-a348-6d43a1bf31e4,PAT_293,DOC_PED_1,Pediatrics,2026-08-11 09:30:00,new
23c16321-3f9d-4192-8d10-d8e42cd66ee9,PAT_771,DOC_PED_1,Pediatrics,2026-08-11 09:45:00,follow_up
2aefc36d-f720-476d-951a-e39abbbe6e3f,PAT_360,DOC_PED_1,Pediatrics,2026-08-11 10:00:00,follow_up
9749f03b-d03a-47b6-995a-c6ea0233667c,PAT_28,DOC_PED_1,Pediatrics,2026-08-11 10:15:00,new
056d3e89-4b1b-4593-b40f-2adbb97327b9,PAT_866,DOC_PED_1,Pediatrics,2026-08-11 10:30:00,follow_up
70dc2bee-16b0-49d3-9c20-730a3573bf2d,PAT_746,DOC_PED_1,Pediatrics,2026-08-11 10:45:00,follow_up
f0ce5a59-0ab3-449f-b630-9f285edb2840,PAT_924,DOC_PED_1,Pediatrics,2026-08-11 11:00:00,new
41debbe1-4016-4811-a38b-10949d1bdb4d,PAT_762,DOC_PED_1,Pediatrics,2026-08-11 11:15:00,follow_up
3f7c787c-0a17-4b6a-9ee6-e056dd583138,PAT_190,DOC_PED_1,Pediatrics,2026-08-11 11:30:00,follow_up
8f4e3097-7617-4be9-bf72-322a5803968f,PAT_1000,DOC_PED_1,Pediatrics,2026-08-11 11:45:00,follow_up
3e7eb393-7624-4e0c-990e-ed61f5122e3e,PAT_9,DOC_PED_1,Pediatrics,2026-08-11 12:00:00,follow_up
4f1645e8-c5c5-4a0d-97ed-6e1754df9d28,PAT_184,DOC_PED_2,Pediatrics,2026-08-11 09:00:00,new
eb13d8a0-3d1f-4477-80ca-f0fe9c7c6ed0,PAT_847,DOC_PED_2,Pediatrics,2026-08-11 09:15:00,follow_up
47a18de2-a176-4429-ba95-7fdfca96845d,PAT_414,DOC_PED_2,Pediatrics,2026-08-11 09:30:00,follow_up
e922e9ea-5e5b-40b8-a395-077d278090be,PAT_468,DOC_PED_2,Pediatrics,2026-08-11 09:45:00,new
6394b466-c2aa-473f-a238-82731a1c2a2e,PAT_447,DOC_PED_2,Pediatrics,2026-08-11 10:00:00,follow_up
fa1ec306-8ff3-4764-bcfe-bfbc8c6a00b0,PAT_613,DOC_PED_2,Pediatrics,2026-08-11 10:15:00,new
7d2e5600-e7af-414e-be27-f78087d0bac7,PAT_927,DOC_PED_2,Pediatrics,2026-08-11 10:30:00,follow_up
b330cca9-665d-484b-aa60-d2c55eb502ee,PAT_220,DOC_PED_2,Pediatrics,2026-08-11 10:45:00,follow_up
a83aaa00-fdc9-4498-8b6f-069b07e185aa,PAT_764,DOC_PED_2,Pediatrics,2026-08-11 11:00:00,follow_up
b44ac647-b63d-4b1a-acf1-d06581bae667,PAT_911,DOC_PED_2,Pediatrics,2026-08-11 11:15:00,follow_up
690f9270-13c7-4bfa-99d6-099fa357a9ee,PAT_976,DOC_GEN_1,General Physician,2026-08-12 09:00:00,follow_up
52c0a3ef-cc92-4478-a4e1-26ebfe8c6fd7,PAT_409,DOC_GEN_1,General Physician,2026-08-12 09:10:00,new
d2cb9a3a-10b5-42e6-8ed1-bf172cd27b6e,PAT_249,DOC_GEN_1,General Physician,2026-08-12 09:20:00,new
576e553c-35c5-4db2-9b98-38ec538b68e4,PAT_166,DOC_GEN_1,General Physician,2026-08-12 09:30:00,new
ea13857f-9d68-4610-b25b-a2cbfdf30d5f,PAT_458,DOC_GEN_1,General Physician,2026-08-12 09:40:00,follow_up
ea888cf3-7f5b-457e-b5d0-ab5afdc38c55,PAT_65,DOC_GEN_1,General Physician,2026-08-12 09:50:00,follow_up
3db30e7e-2587-4e4b-b4de-ef647de810cf,PAT_284,DOC_GEN_1,General Physician,2026-08-12 10:00:00,new
d0862d36-33b0-4403-a39b-71463db1c938,PAT_871,DOC_GEN_1,General Physician,2026-08-12 10:10:00,follow_up
417a577a-c517-4338-a985-01815558a1f1,PAT_616,DOC_GEN_1,General Physician,2026-08-12 10:20:00,follow_up
23d33844-66f4-425d-a087-07846776b9dc,PAT_553,DOC_GEN_1,General Physician,2026-08-12 10:30:00,follow_up
386b198f-e707-416b-aabe-c0c104416926,PAT_300,DOC_GEN_1,General Physician,2026-08-12 10:40:00,new
182ae1c5-1671-468a-924a-9b5828378e7e,PAT_52,DOC_GEN_1,General Physician,2026-08-12 10:50:00,follow_up
34383634-52e6-4f33-a3d4-75c9b9a730c4,PAT_287,DOC_GEN_1,General Physician,2026-08-12 11:00:00,follow_up
ee8c01f4-6662-4058-92ec-d816ddb19c90,PAT_127,DOC_GEN_1,General Physician,2026-08-12 11:10:00,new
00bb7e59-cf14-4d72-a6e4-f234f328659b,PAT_148,DOC_GEN_1,General Physician,2026-08-12 11:20:00,follow_up
2aa8872b-348e-4403-95dd-44161c9b19b1,PAT_451,DOC_GEN_1,General Physician,2026-08-12 11:30:00,new
0c8e86f4-6d9c-4ee5-80fd-fd71631f5a21,PAT_985,DOC_GEN_1,General Physician,2026-08-12 11:40:00,new
96d00cd9-ac7b-4665-a046-c6b0117a8e3e,PAT_46,DOC_GEN_1,General Physician,2026-08-12 11:50:00,follow_up
91679a9f-7dd4-4589-bb5e-b115bd2290f2,PAT_904,DOC_GEN_1,General Physician,2026-08-12 12:00:00,follow_up
1d83f181-db95-46c4-8834-095892c79baa,PAT_789,DOC_GEN_1,General Physician,2026-08-12 12:10:00,new
c4de98d9-15b8-4d68-b2bf-1d3b00bbadb2,PAT_77,DOC_GEN_2,General Physician,2026-08-12 09:00:00,follow_up
fa87e124-94eb-40ba-8a60-71ecccfbdb65,PAT_443,DOC_GEN_2,General Physician,2026-08-12 09:10:00,follow_up
87411a09-6d7c-4ec9-8f9e-0529de5398f4,PAT_991,DOC_GEN_2,General Physician,2026-08-12 09:20:00,new
9cfd59dc-fdab-45e1-a7c4-c80b28eedbb2,PAT_371,DOC_GEN_2,General Physician,2026-08-12 09:30:00,follow_up
c2456b3b-c99b-4c4d-9c15-9ba7c21bb11d,PAT_591,DOC_GEN_2,General Physician,2026-08-12 09:40:00,follow_up
2aec3fed-cf99-4e3d-afe6-a47a3601913a,PAT_752,DOC_GEN_2,General Physician,2026-08-12 09:50:00,follow_up
7012433d-6906-43ac-aaa5-4a94509e3bf1,PAT_923,DOC_GEN_2,General Physician,2026-08-12 10:00:00,new
21ceafba-aefa-4591-be99-2618b539af78,PAT_43,DOC_GEN_2,General Physician,2026-08-12 10:10:00,follow_up
74790b41-fbec-4424-8c5c-ec1213998a46,PAT_91,DOC_GEN_2,General Physician,2026-08-12 10:20:00,new
1e4ef97e-b707-4003-b1c7-db45f46c3564,PAT_471,DOC_GEN_2,General Physician,2026-08-12 10:30:00,new
91f0405e-1cb4-43cc-bfd1-2388b96ee9d3,PAT_529,DOC_GEN_2,General Physician,2026-08-12 10:40:00,follow_up
743276f3-b1c1-4564-9918-75fb6ba460de,PAT_767,DOC_GEN_2,General Physician,2026-08-12 10:50:00,follow_up
1bd5e733-1179-491c-b706-9ddfb3a2becc,PAT_231,DOC_GEN_2,General Physician,2026-08-12 11:00:00,follow_up
ff8b69d8-2766-433f-bbd1-9ce294de8950,PAT_865,DOC_GEN_2,General Physician,2026-08-12 11:10:00,new
0e1404e4-5944-4cda-a5b3-2dd130de12b3,PAT_98,DOC_GEN_2,General Physician,2026-08-12 11:20:00,follow_up
af570b31-af65-42b6-a929-b0a350402937,PAT_624,DOC_GEN_2,General Physician,2026-08-12 11:30:00,new
bb520d2c-ccc9-4add-af6b-29587d34f0b5,PAT_882,DOC_GEN_2,General Physician,2026-08-12 11:40:00,follow_up
70d2af20-0325-4945-9b6d-226418010f4a,PAT_631,DOC_CAR_1,Cardiology,2026-08-12 09:00:00,follow_up
56ea2477-d2f8-4bbc-839e-e622399f4b08,PAT_805,DOC_CAR_1,Cardiology,2026-08-12 09:25:00,follow_up
9f22bf98-28e8-476a-bfd4-3f0cf408f824,PAT_743,DOC_CAR_1,Cardiology,2026-08-12 09:50:00,new
37b4de38-f5ec-4db0-91df-02f900f30bea,PAT_751,DOC_CAR_1,Cardiology,2026-08-12 10:15:00,new
47defe89-2647-4d6e-9d28-97de3f8c3a86,PAT_891,DOC_CAR_1,Cardiology,2026-08-12 10:40:00,new
93d8a584-e026-43e7-a51c-e17bfecb79c7,PAT_253,DOC_CAR_1,Cardiology,2026-08-12 11:05:00,new
3fdd0997-b3f4-4183-b929-9e655ab3d101,PAT_547,DOC_CAR_1,Cardiology,2026-08-12 11:30:00,follow_up
7b9c33b4-e5d7-4a8e-a550-b3f293fb3f4f,PAT_759,DOC_CAR_1,Cardiology,2026-08-12 11:55:00,follow_up
17fe09aa-6c00-4eca-95c6-09beb697301f,PAT_592,DOC_CAR_1,Cardiology,2026-08-12 12:20:00,new
69e2ab33-1cec-49f0-9a15-019e6e1c8cbc,PAT_728,DOC_CAR_1,Cardiology,2026-08-12 12:45:00,new
efc31e6c-9ba2-456a-921b-eba429b0b3a1,PAT_503,DOC_CAR_1,Cardiology,2026-08-12 13:10:00,follow_up
f2fb8fbb-a91e-4c24-86ac-e63adbda59b7,PAT_447,DOC_CAR_1,Cardiology,2026-08-12 13:35:00,follow_up
8b2c47b2-d64a-4447-a85e-437ecc4105d5,PAT_488,DOC_CAR_1,Cardiology,2026-08-12 14:00:00,follow_up
f68e6614-bf07-49cb-864b-68c2cbc988d5,PAT_748,DOC_CAR_1,Cardiology,2026-08-12 14:25:00,new
14a3bab7-cf0c-49c3-8fd3-057a57440ca9,PAT_53,DOC_CAR_1,Cardiology,2026-08-12 14:50:00,follow_up
02c54338-62b6-4e7e-867d-d807ffd5bb7c,PAT_466,DOC_CAR_1,Cardiology,2026-08-12 15:15:00,new
0bf161a7-f433-4d54-bf76-7c364ace75c7,PAT_874,DOC_CAR_1,Cardiology,2026-08-12 15:40:00,follow_up
66a4452d-b041-413d-95db-a9bdb2329094,PAT_368,DOC_CAR_1,Cardiology,2026-08-12 16:05:00,new
f8c627d4-7ac1-4210-9c29-21e979e2aded,PAT_718,DOC_CAR_2,Cardiology,2026-08-12 09:00:00,new
3a2cdac5-6e49-4e3d-a62e-6ee0f14f0c96,PAT_972,DOC_CAR_2,Cardiology,2026-08-12 09:25:00,new
9c4bbf04-a723-4320-8078-7d077d38e249,PAT_378,DOC_CAR_2,Cardiology,2026-08-12 09:50:00,follow_up
df084318-1226-415a-955e-46da0fcb06fe,PAT_163,DOC_CAR_2,Cardiology,2026-08-12 10:15:00,follow_up
db65e28a-7590-4e97-a1c4-ad8fbf554f4d,PAT_116,DOC_CAR_2,Cardiology,2026-08-12 10:40:00,new
11189eb3-9b6a-498c-b05f-89aabde042d6,PAT_99,DOC_CAR_2,Cardiology,2026-08-12 11:05:00,new
28f9fdfa-8c59-4169-839a-ad6deb81b580,PAT_889,DOC_CAR_2,Cardiology,2026-08-12 11:30:00,follow_up
1460b15e-e770-4517-970e-98dfc110d567,PAT_759,DOC_CAR_2,Cardiology,2026-08-12 11:55:00,follow_up
968d8f4e-649e-4ac6-82ff-bb1834c2382b,PAT_238,DOC_CAR_2,Cardiology,2026-08-12 12:20:00,new
34fed18f-7b54-494d-be3c-5219232dc3b3,PAT_63,DOC_CAR_2,Cardiology,2026-08-12 12:45:00,follow_up
1698c1d4-a835-4eab-8acc-5a1a0d47b028,PAT_948,DOC_CAR_2,Cardiology,2026-08-12 13:10:00,new
41ef98a9-f421-4330-90be-76f71a09b145,PAT_225,DOC_CAR_2,Cardiology,2026-08-12 13:35:00,new
4051dcf4-d638-4b2b-a3dc-b3da70616486,PAT_312,DOC_CAR_2,Cardiology,2026-08-12 14:00:00,follow_up
cebf27e4-85c6-4fb8-9c84-7fe277bb8d02,PAT_620,DOC_CAR_2,Cardiology,2026-08-12 14:25:00,new
18057058-b0c1-4e73-a239-b9bd902ba892,PAT_181,DOC_ORT_1,Orthopedics,2026-08-12 09:00:00,new
8ae19f0c-a60d-4d02-9b3d-322f22e3c811,PAT_203,DOC_ORT_1,Orthopedics,2026-08-12 09:20:00,follow_up
0881f3d6-c784-43e7-aae7-9317baaf6bf1,PAT_37,DOC_ORT_1,Orthopedics,2026-08-12 09:40:00,follow_up
0fd80aa4-5a54-4438-8456-e1e11a6056e1,PAT_567,DOC_ORT_1,Orthopedics,2026-08-12 10:00:00,follow_up
c6694249-993b-4197-9a4b-4bc2001af0d5,PAT_60,DOC_ORT_1,Orthopedics,2026-08-12 10:20:00,follow_up
b8b5303d-214a-4c87-8cec-684fd685d07c,PAT_69,DOC_ORT_1,Orthopedics,2026-08-12 10:40:00,follow_up
a2d403f4-a06b-4dfc-ac27-eb563ba127cb,PAT_464,DOC_ORT_1,Orthopedics,2026-08-12 11:00:00,new
8c2e6a7a-de2b-4de9-a4f0-5060564f5409,PAT_511,DOC_ORT_1,Orthopedics,2026-08-12 11:20:00,new
14732336-f576-4768-ab8d-6f9244852528,PAT_69,DOC_ORT_1,Orthopedics,2026-08-12 11:40:00,new
92f46c81-7b91-49d1-a3ef-1bf490732016,PAT_512,DOC_ORT_1,Orthopedics,2026-08-12 12:00:00,follow_up
8c00f5f3-0d87-40da-9048-c55a24f7daaa,PAT_731,DOC_ORT_1,Orthopedics,2026-08-12 12:20:00,new
2a6756ee-fd5e-42ab-bf9e-04f94ae81c8d,PAT_321,DOC_ORT_1,Orthopedics,2026-08-12 12:40:00,new
3c34b752-5f6a-4c26-8467-2bfba10fbfa8,PAT_988,DOC_ORT_1,Orthopedics,2026-08-12 13:00:00,new
1b803566-fa0a-47b5-9eb0-e3908cd498ab,PAT_217,DOC_ORT_1,Orthopedics,2026-08-12 13:20:00,new
ccafa4e1-dbf3-4e35-8c4c-2b117bf27024,PAT_103,DOC_ORT_1,Orthopedics,2026-08-12 13:40:00,new
741325df-8b3b-426e-ad97-201f6e353b56,PAT_161,DOC_ORT_1,Orthopedics,2026-08-12 14:00:00,follow_up
9775d7cf-a8e3-467c-afb8-ce6c43d32f2e,PAT_959,DOC_ORT_1,Orthopedics,2026-08-12 14:20:00,new
01101f42-db81-4773-a169-0c5627654138,PAT_875,DOC_ORT_1,Orthopedics,2026-08-12 14:40:00,new
045e002c-4503-4d0e-94cd-27ba82cbe60c,PAT_323,DOC_ORT_1,Orthopedics,2026-08-12 15:00:00,new
4b54e13c-f983-48bc-917e-58a8a21b16d9,PAT_664,DOC_ORT_1,Orthopedics,2026-08-12 15:20:00,follow_up
23f0c7ed-682c-437f-a51e-cff0fcac0f01,PAT_117,DOC_ORT_2,Orthopedics,2026-08-12 09:00:00,new
5d650694-6841-46a9-8a53-5d4bdb534669,PAT_67,DOC_ORT_2,Orthopedics,2026-08-12 09:20:00,follow_up
3d441d0a-c1a8-4ba4-a1d7-6f1d023715d7,PAT_608,DOC_ORT_2,Orthopedics,2026-08-12 09:40:00,new
4f8bb3ba-761d-40b1-a2e6-9ed85b72f151,PAT_580,DOC_ORT_2,Orthopedics,2026-08-12 10:00:00,follow_up
83b2df97-0ec5-4693-aaa7-6fbc24a14dfe,PAT_182,DOC_ORT_2,Orthopedics,2026-08-12 10:20:00,follow_up
3272bab6-efbd-4c2a-89e3-2138cff57633,PAT_599,DOC_ORT_2,Orthopedics,2026-08-12 10:40:00,follow_up
f54e0e5e-cd2f-4b1a-af0d-076170fc777f,PAT_907,DOC_ORT_2,Orthopedics,2026-08-12 11:00:00,follow_up
655b960a-dd1c-40ce-a77b-8e5135107b90,PAT_672,DOC_ORT_2,Orthopedics,2026-08-12 11:20:00,new
a92f4b53-7e0e-4508-b66d-6d06260e79bf,PAT_151,DOC_ORT_2,Orthopedics,2026-08-12 11:40:00,follow_up
898f205d-9927-4b6d-b971-9a8c6832c7e7,PAT_330,DOC_ORT_2,Orthopedics,2026-08-12 12:00:00,new
b1e977ba-b860-41ef-b2ef-46ba491b456c,PAT_96,DOC_ORT_2,Orthopedics,2026-08-12 12:20:00,follow_up
83ce1551-0647-44a0-8b0f-da073a80c2ac,PAT_598,DOC_ORT_2,Orthopedics,2026-08-12 12:40:00,follow_up
b5fd93f3-f07c-4b03-82c3-e0c7be96124b,PAT_845,DOC_ORT_2,Orthopedics,2026-08-12 13:00:00,new
6c14c936-3940-4694-8d16-5bd2447a6778,PAT_129,DOC_ORT_2,Orthopedics,2026-08-12 13:20:00,new
5c02839a-8d7f-4048-87e7-0e040eaeadf4,PAT_796,DOC_PED_1,Pediatrics,2026-08-12 09:00:00,follow_up
405a2720-4215-416c-9a59-c45ccbf8156d,PAT_160,DOC_PED_1,Pediatrics,2026-08-12 09:15:00,follow_up
67019913-576f-413d-b04d-619cf9615b64,PAT_676,DOC_PED_1,Pediatrics,2026-08-12 09:30:00,new
ab2eb1fc-2042-4594-8f7b-4503181d0554,PAT_524,DOC_PED_1,Pediatrics,2026-08-12 09:45:00,follow_up
8f0c694a-dea9-445c-b84e-a63743a594f4,PAT_840,DOC_PED_1,Pediatrics,2026-08-12 10:00:00,follow_up
588bc922-dd19-44f3-9bda-8e39e08d4dc0,PAT_863,DOC_PED_1,Pediatrics,2026-08-12 10:15:00,follow_up
35000c3e-2645-41e3-8dc8-4a2463c957e2,PAT_539,DOC_PED_1,Pediatrics,2026-08-12 10:30:00,new
6c5951ee-d2cd-4a63-a316-00f30eecd91e,PAT_287,DOC_PED_1,Pediatrics,2026-08-12 10:45:00,follow_up
a89ccfd0-9ea6-4a89-aba0-c0603bf12b96,PAT_773,DOC_PED_1,Pediatrics,2026-08-12 11:00:00,new
e6052edc-02db-4603-8757-a77b84f8d1bd,PAT_459,DOC_PED_1,Pediatrics,2026-08-12 11:15:00,follow_up
c9156849-2211-4b50-8ef4-325fd4b55edf,PAT_683,DOC_PED_1,Pediatrics,2026-08-12 11:30:00,follow_up
bb3f44c8-c65d-429c-8e58-14e2feba4461,PAT_276,DOC_PED_2,Pediatrics,2026-08-12 09:00:00,follow_up
f98055d1-8a6a-4093-be74-88c2834ca244,PAT_558,DOC_PED_2,Pediatrics,2026-08-12 09:15:00,follow_up
04345e2a-c8cb-4895-80ff-41f4ebff9346,PAT_790,DOC_PED_2,Pediatrics,2026-08-12 09:30:00,follow_up
878d19eb-975d-4bf2-ae80-338cd6a446dd,PAT_870,DOC_PED_2,Pediatrics,2026-08-12 09:45:00,new
941b45cb-1f72-4c71-8448-ab7e0759d6e1,PAT_324,DOC_PED_2,Pediatrics,2026-08-12 10:00:00,new
136cc02d-eb37-4d64-90d9-133041ebf234,PAT_25,DOC_PED_2,Pediatrics,2026-08-12 10:15:00,follow_up
593beb9f-a754-4b8c-b128-9b7f23dbcb5e,PAT_919,DOC_PED_2,Pediatrics,2026-08-12 10:30:00,new
8460acce-f7bb-457d-87c1-8dbe79179426,PAT_310,DOC_PED_2,Pediatrics,2026-08-12 10:45:00,new
3b84d7f0-ba01-498d-87f0-9519ec88f9a3,PAT_664,DOC_PED_2,Pediatrics,2026-08-12 11:00:00,follow_up
f0628d33-1867-4d42-960c-0e7b27cd609e,PAT_817,DOC_PED_2,Pediatrics,2026-08-12 11:15:00,new
c84d0a87-2b97-4092-9ab6-b998be539296,PAT_272,DOC_PED_2,Pediatrics,2026-08-12 11:30:00,follow_up
ae534432-1c4c-4fd6-862d-f50da17e6589,PAT_272,DOC_PED_2,Pediatrics,2026-08-12 11:45:00,follow_up
f2105807-558f-4496-8506-285cd03146ec,PAT_477,DOC_PED_2,Pediatrics,2026-08-12 12:00:00,follow_up
b3cd0b43-650c-4d22-b9e9-f44fa202f9bb,PAT_38,DOC_PED_2,Pediatrics,2026-08-12 12:15:00,follow_up
73c4c2a5-e62a-4eec-9d6e-a62130ab4a3e,PAT_955,DOC_PED_2,Pediatrics,2026-08-12 12:30:00,follow_up
834eb37d-cecf-4483-8f58-cda93256eee2,PAT_133,DOC_PED_2,Pediatrics,2026-08-12 12:45:00,new
c4faf932-9857-489b-ba9b-b38d379546cb,PAT_850,DOC_PED_2,Pediatrics,2026-08-12 13:00:00,follow_up
a205e65e-7d4f-48f7-ab2e-238fd902b51f,PAT_556,DOC_PED_2,Pediatrics,2026-08-12 13:15:00,follow_up
fe9655d4-9db3-4503-9bd8-ab8a80dc20ba,PAT_500,DOC_PED_2,Pediatrics,2026-08-12 13:30:00,new
19009b02-9001-4e80-b1af-5d7b4500c524,PAT_359,DOC_PED_2,Pediatrics,2026-08-12 13:45:00,new
30984e86-ea34-4f6f-aa7f-e55cfc0b9c7e,PAT_110,DOC_GEN_1,General Physician,2026-08-13 09:00:00,new
dc785c2f-f1f2-4146-8a68-f5f394f263d2,PAT_826,DOC_GEN_1,General Physician,2026-08-13 09:10:00,follow_up
35583064-6356-421a-b3b1-6a6818284836,PAT_297,DOC_GEN_1,General Physician,2026-08-13 09:20:00,new
7c337cb7-c2d8-4495-b344-f2f3aac5f97d,PAT_702,DOC_GEN_1,General Physician,2026-08-13 09:30:00,new
5861990a-1ec3-4f8d-8c3e-77c737a337c5,PAT_392,DOC_GEN_1,General Physician,2026-08-13 09:40:00,follow_up
926b8ae3-1b56-4b88-a772-1aec5b55d72e,PAT_323,DOC_GEN_1,General Physician,2026-08-13 09:50:00,follow_up
e3201909-0132-4e16-ad31-d91ad9397d1f,PAT_78,DOC_GEN_1,General Physician,2026-08-13 10:00:00,new
f96203ad-0b81-4a6d-aec9-689c70414527,PAT_66,DOC_GEN_1,General Physician,2026-08-13 10:10:00,follow_up
bb1c2cb6-1508-4309-8cbf-9eca989400c7,PAT_832,DOC_GEN_1,General Physician,2026-08-13 10:20:00,new
eb9dbe09-0f2b-4076-9798-bb03049a626e,PAT_235,DOC_GEN_1,General Physician,2026-08-13 10:30:00,new
f9cf50e7-bdf4-4eb3-bc8f-5ff7b9758591,PAT_746,DOC_GEN_1,General Physician,2026-08-13 10:40:00,follow_up
17dd1790-4742-4812-bc3d-d1159e922f71,PAT_647,DOC_GEN_1,General Physician,2026-08-13 10:50:00,follow_up
90e6fe40-856d-4d00-9fa9-7f062f365771,PAT_981,DOC_GEN_1,General Physician,2026-08-13 11:00:00,follow_up
e7527f74-c005-461c-abf3-79a75d841c66,PAT_988,DOC_GEN_1,General Physician,2026-08-13 11:10:00,follow_up
29d8ffc9-45a8-45ed-bdf5-e0fe6ed9b5c9,PAT_948,DOC_GEN_1,General Physician,2026-08-13 11:20:00,new
d0dcb21a-f5cd-4c7b-8402-f50219b9dee5,PAT_650,DOC_GEN_2,General Physician,2026-08-13 09:00:00,follow_up
95bf81df-e901-40d2-8654-f7111d487450,PAT_986,DOC_GEN_2,General Physician,2026-08-13 09:10:00,follow_up
ece8de83-26d4-40c0-9b81-d9bde842e1c0,PAT_3,DOC_GEN_2,General Physician,2026-08-13 09:20:00,follow_up
cdf33e35-a043-4d2e-b731-7859e3323c4a,PAT_880,DOC_GEN_2,General Physician,2026-08-13 09:30:00,new
eb7728a8-644d-4d6c-a294-1135f29f503a,PAT_860,DOC_GEN_2,General Physician,2026-08-13 09:40:00,follow_up
fdd9b831-4dfc-4cf2-8739-1bb0c71cae77,PAT_653,DOC_GEN_2,General Physician,2026-08-13 09:50:00,follow_up
ceecba14-e1a1-479d-b027-70c82ec5a083,PAT_409,DOC_GEN_2,General Physician,2026-08-13 10:00:00,follow_up
5d696811-0a5c-44e6-81b1-f8780d4b4cb3,PAT_849,DOC_GEN_2,General Physician,2026-08-13 10:10:00,follow_up
f4ee7f73-cd74-43af-9a72-8be5bea4f727,PAT_255,DOC_GEN_2,General Physician,2026-08-13 10:20:00,new
15d8bc42-88f2-4d65-acc1-ddeb9a5c2493,PAT_628,DOC_GEN_2,General Physician,2026-08-13 10:30:00,new
40a29b73-6e7d-403b-850f-f590ac15efba,PAT_90,DOC_GEN_2,General Physician,2026-08-13 10:40:00,follow_up
83e4e315-c366-45fb-b424-e1481ab79cc0,PAT_970,DOC_CAR_1,Cardiology,2026-08-13 09:00:00,new
bcc81867-b4be-4210-bfdf-a626661324e6,PAT_903,DOC_CAR_1,Cardiology,2026-08-13 09:25:00,new
36d6ff94-0c88-436c-8d24-fae982a470ad,PAT_773,DOC_CAR_1,Cardiology,2026-08-13 09:50:00,new
40fe26f9-591c-44ca-80a8-3d95531fb93b,PAT_655,DOC_CAR_1,Cardiology,2026-08-13 10:15:00,follow_up
dee1fdf3-f60a-49bb-98a2-11cdeb6daaa9,PAT_183,DOC_CAR_1,Cardiology,2026-08-13 10:40:00,new
8b2c8cca-bd16-40a0-9524-45e0d3a61c83,PAT_931,DOC_CAR_1,Cardiology,2026-08-13 11:05:00,follow_up
2c62f6ca-8ff9-41e4-859b-65afac7d0dfe,PAT_326,DOC_CAR_1,Cardiology,2026-08-13 11:30:00,new
9d861648-6901-448c-8ae9-0d45e27bd751,PAT_620,DOC_CAR_1,Cardiology,2026-08-13 11:55:00,follow_up
9b1eae06-021b-4b00-b484-ed59e6dcab43,PAT_96,DOC_CAR_1,Cardiology,2026-08-13 12:20:00,new
cb304af5-1c11-452a-ba1b-e81b188def6d,PAT_585,DOC_CAR_1,Cardiology,2026-08-13 12:45:00,follow_up
8d1b110c-24bb-4293-9095-7750898b3ea7,PAT_900,DOC_CAR_2,Cardiology,2026-08-13 09:00:00,follow_up
dbdc53db-3981-420d-8b31-bde7104b3b57,PAT_65,DOC_CAR_2,Cardiology,2026-08-13 09:25:00,new
050cc775-066d-4cec-bdbd-538edd40cd41,PAT_941,DOC_CAR_2,Cardiology,2026-08-13 09:50:00,new
2e558f65-b8a9-4788-b418-d929cb0c837b,PAT_606,DOC_CAR_2,Cardiology,2026-08-13 10:15:00,new
9765223e-9bf8-4fff-bc8c-073ce2809376,PAT_832,DOC_CAR_2,Cardiology,2026-08-13 10:40:00,follow_up
9970133f-4fee-4af9-8116-00a436812e03,PAT_70,DOC_CAR_2,Cardiology,2026-08-13 11:05:00,follow_up
e5c0c989-154f-4298-893d-fa2a1f6c89a3,PAT_199,DOC_CAR_2,Cardiology,2026-08-13 11:30:00,new
f1a47ddd-af14-4fef-914d-ae690f2f8e0d,PAT_101,DOC_CAR_2,Cardiology,2026-08-13 11:55:00,new
01c0cc0d-1024-4bb3-b60b-91f0e167373e,PAT_527,DOC_CAR_2,Cardiology,2026-08-13 12:20:00,follow_up
26d930f1-1d4e-44ee-950f-b74be3802dfc,PAT_98,DOC_CAR_2,Cardiology,2026-08-13 12:45:00,follow_up
2979695b-3904-4f14-83f0-b2de6396e77d,PAT_429,DOC_CAR_2,Cardiology,2026-08-13 13:10:00,new
08c6c89f-3793-4048-8056-930033ef5ac5,PAT_292,DOC_CAR_2,Cardiology,2026-08-13 13:35:00,follow_up
66e0c29b-4842-48c2-821e-9837e62faf13,PAT_585,DOC_CAR_2,Cardiology,2026-08-13 14:00:00,follow_up
b1654584-04a4-46aa-a7ba-44cf45446345,PAT_274,DOC_CAR_2,Cardiology,2026-08-13 14:25:00,new
abc6ab48-32b0-4ba8-86d6-78a689a8a2bd,PAT_679,DOC_ORT_1,Orthopedics,2026-08-13 09:00:00,follow_up
1232159d-2fbf-41bc-9e47-cc0e820b1add,PAT_571,DOC_ORT_1,Orthopedics,2026-08-13 09:20:00,follow_up
5e09b248-adb7-419e-ad49-b3860fc38b59,PAT_895,DOC_ORT_1,Orthopedics,2026-08-13 09:40:00,new
35710da4-5b61-4f47-bd6d-482817047d66,PAT_858,DOC_ORT_1,Orthopedics,2026-08-13 10:00:00,new
c255932c-e64c-4b40-987f-8d777865b6f6,PAT_741,DOC_ORT_1,Orthopedics,2026-08-13 10:20:00,follow_up
79c9da95-77aa-4997-8b8a-fe7cc46b5000,PAT_511,DOC_ORT_1,Orthopedics,2026-08-13 10:40:00,follow_up
4f7493ef-cd38-412c-822a-e532e0d44c45,PAT_899,DOC_ORT_1,Orthopedics,2026-08-13 11:00:00,new
47e4b93a-cf11-47bf-a7bf-edd08210c257,PAT_455,DOC_ORT_1,Orthopedics,2026-08-13 11:20:00,follow_up
c78bac17-94cf-487a-8999-30735dbfe1d0,PAT_41,DOC_ORT_1,Orthopedics,2026-08-13 11:40:00,follow_up
83ce14ab-4ee5-4fb9-8bf1-73d29c9774e7,PAT_949,DOC_ORT_1,Orthopedics,2026-08-13 12:00:00,follow_up
a0715255-4021-4e03-9c6b-a78b7440251b,PAT_738,DOC_ORT_1,Orthopedics,2026-08-13 12:20:00,new
47b48c7b-b7d9-4a9d-93e2-88f531f63b52,PAT_674,DOC_ORT_1,Orthopedics,2026-08-13 12:40:00,follow_up
0e425a9e-f9ce-41c9-9934-807b63427ba3,PAT_357,DOC_ORT_1,Orthopedics,2026-08-13 13:00:00,follow_up
4af8f226-4406-44c3-bcd4-e0681e91f4c4,PAT_543,DOC_ORT_1,Orthopedics,2026-08-13 13:20:00,new
39393488-441c-4b16-bf62-b3638e1be59a,PAT_960,DOC_ORT_1,Orthopedics,2026-08-13 13:40:00,follow_up
d5691256-15e9-4745-b88d-cbcc96c4c999,PAT_181,DOC_ORT_2,Orthopedics,2026-08-13 09:00:00,new
7bbfa813-aad6-449d-a1d6-a84ce5eb45dd,PAT_893,DOC_ORT_2,Orthopedics,2026-08-13 09:20:00,follow_up
c775ee4d-4253-40cf-87a7-f3d2093b6f93,PAT_657,DOC_ORT_2,Orthopedics,2026-08-13 09:40:00,new
d3c8d814-638e-45a9-a260-ecc6c667297e,PAT_142,DOC_ORT_2,Orthopedics,2026-08-13 10:00:00,follow_up
05428e34-4104-4ffe-b3b5-73dd9f1031d1,PAT_125,DOC_ORT_2,Orthopedics,2026-08-13 10:20:00,follow_up
3af3b271-e7e9-4603-a8db-9c3f2bbb87c7,PAT_646,DOC_ORT_2,Orthopedics,2026-08-13 10:40:00,follow_up
0215a1c7-2927-48ee-9a68-6f563e2033f3,PAT_640,DOC_ORT_2,Orthopedics,2026-08-13 11:00:00,new
97efb79f-ac58-437d-b8d0-c543710b44b0,PAT_945,DOC_ORT_2,Orthopedics,2026-08-13 11:20:00,new
0f79f459-65ec-4890-bf2d-4a92392c0296,PAT_69,DOC_ORT_2,Orthopedics,2026-08-13 11:40:00,follow_up
9a4e8f4a-9f7c-40c2-9150-1619499ce8d5,PAT_846,DOC_ORT_2,Orthopedics,2026-08-13 12:00:00,new
9f8b8729-97f4-4dfa-9787-b1dc10a8a81c,PAT_717,DOC_ORT_2,Orthopedics,2026-08-13 12:20:00,follow_up
7f8fa780-3bae-4496-8cf6-87b2aee5dd60,PAT_322,DOC_ORT_2,Orthopedics,2026-08-13 12:40:00,follow_up
9c926ac9-1a52-472f-a6c5-98c8912de1a8,PAT_661,DOC_ORT_2,Orthopedics,2026-08-13 13:00:00,follow_up
9065bb37-ab5b-4a76-b3d0-8998556c639c,PAT_518,DOC_ORT_2,Orthopedics,2026-08-13 13:20:00,new
d1e064da-622e-4525-b9a4-ee13c7861983,PAT_170,DOC_ORT_2,Orthopedics,2026-08-13 13:40:00,follow_up
4aa4c869-3334-4c3e-81b1-ab7c9665a37d,PAT_750,DOC_ORT_2,Orthopedics,2026-08-13 14:00:00,follow_up
c1c78ca6-788f-4f7a-8b77-bf3219991629,PAT_34,DOC_ORT_2,Orthopedics,2026-08-13 14:20:00,follow_up
541fd09f-f26b-4de9-bd47-a87466ee52c5,PAT_516,DOC_ORT_2,Orthopedics,2026-08-13 14:40:00,follow_up
51c1dd9f-a436-4b7b-9623-b8af18257af4,PAT_9,DOC_PED_1,Pediatrics,2026-08-13 09:00:00,follow_up
d453595d-476a-47e8-88ec-bc6ecad6e328,PAT_579,DOC_PED_1,Pediatrics,2026-08-13 09:15:00,follow_up
96f642ff-e8b2-43ca-ac58-74d4bb32afc8,PAT_137,DOC_PED_1,Pediatrics,2026-08-13 09:30:00,new
7f6bef95-c9a6-4557-a352-445b26ab0c6c,PAT_784,DOC_PED_1,Pediatrics,2026-08-13 09:45:00,new
97b6e463-d54e-4389-8cc0-7eb877b27554,PAT_81,DOC_PED_1,Pediatrics,2026-08-13 10:00:00,new
82bbe647-c8dd-4ebd-b8ba-d5cc18c5a18e,PAT_332,DOC_PED_1,Pediatrics,2026-08-13 10:15:00,follow_up
e07510e8-b920-4bdd-8ad9-e198d43b48e4,PAT_633,DOC_PED_1,Pediatrics,2026-08-13 10:30:00,new
ea9acca5-03ae-4def-a623-b41a66a9926b,PAT_750,DOC_PED_1,Pediatrics,2026-08-13 10:45:00,new
466e96a9-f8be-4259-8ee1-76ce3f5665bd,PAT_136,DOC_PED_1,Pediatrics,2026-08-13 11:00:00,new
e2e0441f-988e-4194-ab53-1b503d579e3a,PAT_274,DOC_PED_1,Pediatrics,2026-08-13 11:15:00,new
32095a8c-4b21-42c9-a121-a6b64afe57c5,PAT_733,DOC_PED_1,Pediatrics,2026-08-13 11:30:00,new
070259e5-194e-48ee-b374-55aa1b26e9fe,PAT_914,DOC_PED_1,Pediatrics,2026-08-13 11:45:00,new
c1dd27a6-880b-4c6a-bda6-95a8269ab755,PAT_138,DOC_PED_1,Pediatrics,2026-08-13 12:00:00,follow_up
49a88767-1e42-48b4-91d6-57be6c09d269,PAT_323,DOC_PED_1,Pediatrics,2026-08-13 12:15:00,new
f7fa4610-e45c-457e-92db-0b55df3aa7ea,PAT_768,DOC_PED_1,Pediatrics,2026-08-13 12:30:00,follow_up
55aab482-f365-4e7f-936a-38d4c000498a,PAT_554,DOC_PED_1,Pediatrics,2026-08-13 12:45:00,new
dd0838dc-4158-4638-946e-97556a9b12e4,PAT_532,DOC_PED_2,Pediatrics,2026-08-13 09:00:00,new
4e088e6f-e40d-4fee-950f-bd0d457ebcac,PAT_509,DOC_PED_2,Pediatrics,2026-08-13 09:15:00,follow_up
38a96dff-fb16-4290-a9ef-5494c0de3826,PAT_225,DOC_PED_2,Pediatrics,2026-08-13 09:30:00,follow_up
1b418408-f063-4328-9bab-9ff0a965fc9d,PAT_597,DOC_PED_2,Pediatrics,2026-08-13 09:45:00,new
1a1564a1-d544-4dc5-933b-8cb95f862d3d,PAT_67,DOC_PED_2,Pediatrics,2026-08-13 10:00:00,new
54d972c1-7f2c-44c9-bc4e-5690be0d5452,PAT_943,DOC_PED_2,Pediatrics,2026-08-13 10:15:00,new
1ff36b6d-ccfd-42c6-875e-3177a3e7673e,PAT_806,DOC_PED_2,Pediatrics,2026-08-13 10:30:00,new
0ce28b56-e598-4ef2-a19c-ee1a1b0a4ded,PAT_436,DOC_PED_2,Pediatrics,2026-08-13 10:45:00,follow_up
eeb82243-c5b6-4eb9-82ad-e4f1e009c315,PAT_535,DOC_PED_2,Pediatrics,2026-08-13 11:00:00,new
b02f6dc0-be24-4f5a-85dc-d3426fdd6426,PAT_987,DOC_PED_2,Pediatrics,2026-08-13 11:15:00,new
382641ab-fc14-4b79-86d0-cef2edba85cf,PAT_829,DOC_PED_2,Pediatrics,2026-08-13 11:30:00,new
a5d85191-0467-434b-b7c6-3a8ac6c7d5cc,PAT_576,DOC_PED_2,Pediatrics,2026-08-13 11:45:00,follow_up
c9d5ded0-cfc0-4f52-a9c0-2544cf96e520,PAT_236,DOC_PED_2,Pediatrics,2026-08-13 12:00:00,follow_up
27e8130f-02e1-4419-95d1-18c145b67a71,PAT_428,DOC_PED_2,Pediatrics,2026-08-13 12:15:00,new
04b2f975-4db0-4264-b58c-7876f93f4b60,PAT_653,DOC_GEN_1,General Physician,2026-08-14 09:00:00,follow_up
c4060baa-ec21-454e-8cca-06f2f71e518f,PAT_999,DOC_GEN_1,General Physician,2026-08-14 09:10:00,follow_up
af947e99-96c2-497c-81da-82cfa0e9ca5c,PAT_200,DOC_GEN_1,General Physician,2026-08-14 09:20:00,follow_up
d6a30fad-a4ee-4b0a-9612-350990c502b3,PAT_584,DOC_GEN_1,General Physician,2026-08-14 09:30:00,new
f2f840da-d482-4c2d-81f0-e825a88ba325,PAT_40,DOC_GEN_1,General Physician,2026-08-14 09:40:00,follow_up
c1e9dc9a-0630-48c8-b789-07d1ddb835ab,PAT_318,DOC_GEN_1,General Physician,2026-08-14 09:50:00,follow_up
a5982380-bcfc-4368-be83-095aa52ceac0,PAT_760,DOC_GEN_1,General Physician,2026-08-14 10:00:00,new
6878fda8-2573-4b22-9d3b-b105aa008f1b,PAT_128,DOC_GEN_1,General Physician,2026-08-14 10:10:00,new
a481cc0e-659c-404f-b904-47692de148de,PAT_465,DOC_GEN_1,General Physician,2026-08-14 10:20:00,new
2ab4dea4-eee6-4b87-832b-fbbf889d425a,PAT_405,DOC_GEN_1,General Physician,2026-08-14 10:30:00,new
b6bb67c4-f31b-4594-a4b4-880bc2510420,PAT_130,DOC_GEN_1,General Physician,2026-08-14 10:40:00,follow_up
4fb6884d-904a-423e-a731-fe4ea160d4ab,PAT_208,DOC_GEN_1,General Physician,2026-08-14 10:50:00,new
529dfe5a-3233-4393-836c-ac223ebb80a6,PAT_76,DOC_GEN_1,General Physician,2026-08-14 11:00:00,follow_up
e9dce259-aeae-4a77-83ad-a7657b20defc,PAT_207,DOC_GEN_1,General Physician,2026-08-14 11:10:00,follow_up
2944972a-7aa6-40e2-ac7d-7b98491783ca,PAT_901,DOC_GEN_1,General Physician,2026-08-14 11:20:00,follow_up
4185ec4c-33a8-4fd7-bff8-df5b1677c60b,PAT_228,DOC_GEN_1,General Physician,2026-08-14 11:30:00,follow_up
b49444cf-33e0-4a31-8a04-07977ffd73ef,PAT_426,DOC_GEN_1,General Physician,2026-08-14 11:40:00,follow_up
bb22ec55-2cb7-484d-af21-b6d29a357bfb,PAT_694,DOC_GEN_1,General Physician,2026-08-14 11:50:00,new
582ba963-e41c-44cd-b937-e1c554c3f26f,PAT_22,DOC_GEN_2,General Physician,2026-08-14 09:00:00,follow_up
86c0427c-bbeb-4d00-b62d-5d391c92ef6b,PAT_719,DOC_GEN_2,General Physician,2026-08-14 09:10:00,new
b360f52a-54a3-477d-bb37-752b874a8fb1,PAT_860,DOC_GEN_2,General Physician,2026-08-14 09:20:00,follow_up
d01768bc-e14b-421f-8ff4-993655873b5e,PAT_798,DOC_GEN_2,General Physician,2026-08-14 09:30:00,follow_up
35f0df44-021a-48cd-883c-f5a46bd6c082,PAT_553,DOC_GEN_2,General Physician,2026-08-14 09:40:00,new
ba61a77a-d3aa-4b70-bf58-72ed359410f5,PAT_214,DOC_GEN_2,General Physician,2026-08-14 09:50:00,follow_up
309c4472-093f-4d90-92cf-3ef5b653c15d,PAT_162,DOC_GEN_2,General Physician,2026-08-14 10:00:00,new
33076f82-3ef9-4923-8f43-20746b511ff4,PAT_78,DOC_GEN_2,General Physician,2026-08-14 10:10:00,new
b013cd40-178d-4411-b349-ade9c4adff93,PAT_145,DOC_GEN_2,General Physician,2026-08-14 10:20:00,new
cf8c0ab0-fe9c-44c7-acda-2a24e76cb252,PAT_853,DOC_GEN_2,General Physician,2026-08-14 10:30:00,new
2c293cf9-f443-4fbe-81f4-ea80999ab2bf,PAT_900,DOC_GEN_2,General Physician,2026-08-14 10:40:00,follow_up
c7a83955-fc44-4c3a-85e2-4a6f98889112,PAT_513,DOC_GEN_2,General Physician,2026-08-14 10:50:00,follow_up
ab3af36a-8534-4b5c-a4a3-4e6d67036d7e,PAT_67,DOC_GEN_2,General Physician,2026-08-14 11:00:00,follow_up
c90781f8-761f-4cca-910d-4f30f3df2a36,PAT_44,DOC_GEN_2,General Physician,2026-08-14 11:10:00,new
21bb94ca-37da-479d-9afd-f1b3a29e925b,PAT_969,DOC_GEN_2,General Physician,2026-08-14 11:20:00,follow_up
e0be87fd-fb51-4408-b708-463d3fc41ef0,PAT_998,DOC_GEN_2,General Physician,2026-08-14 11:30:00,new
e4cf9201-07d6-4b62-b3a7-1a3f79625267,PAT_929,DOC_CAR_1,Cardiology,2026-08-14 09:00:00,new
a1e10c11-a135-4f8c-82b8-ab6a2d5d9246,PAT_622,DOC_CAR_1,Cardiology,2026-08-14 09:25:00,follow_up
4bf3411f-202c-4eef-93bc-ce1552c7ede2,PAT_874,DOC_CAR_1,Cardiology,2026-08-14 09:50:00,new
39fec6c6-f8be-4b0f-a576-6f608b7e3a4d,PAT_888,DOC_CAR_1,Cardiology,2026-08-14 10:15:00,follow_up
918e2d98-f364-41ff-bff7-079f09327ad7,PAT_751,DOC_CAR_1,Cardiology,2026-08-14 10:40:00,new
76ff4874-ef49-4366-872c-64a0b03f3220,PAT_16,DOC_CAR_1,Cardiology,2026-08-14 11:05:00,new
0415769b-2759-4e73-a135-a0a4ccd4915d,PAT_507,DOC_CAR_1,Cardiology,2026-08-14 11:30:00,follow_up
2a20aa3c-153e-4254-9182-59d05e766016,PAT_298,DOC_CAR_1,Cardiology,2026-08-14 11:55:00,new
8806702c-3009-45fb-9c8b-831c24d9e90e,PAT_27,DOC_CAR_1,Cardiology,2026-08-14 12:20:00,follow_up
ac1341b6-e2e0-4a73-9ae7-54f83a544fa8,PAT_798,DOC_CAR_1,Cardiology,2026-08-14 12:45:00,follow_up
d5c96ce7-4e81-4455-88ec-a6d013e3defa,PAT_826,DOC_CAR_1,Cardiology,2026-08-14 13:10:00,follow_up
5588478f-790c-4772-a720-716dd62694e8,PAT_898,DOC_CAR_1,Cardiology,2026-08-14 13:35:00,new
c1c7140e-0750-431b-abe2-30324fa984e3,PAT_74,DOC_CAR_2,Cardiology,2026-08-14 09:00:00,new
c478ed79-3c1b-489d-831f-d1e1f06cfcd7,PAT_968,DOC_CAR_2,Cardiology,2026-08-14 09:25:00,follow_up
28d67b26-e465-43ad-be22-27dd50a337cb,PAT_687,DOC_CAR_2,Cardiology,2026-08-14 09:50:00,follow_up
137d7fd0-6390-4988-b875-9b2c6f6a7c81,PAT_637,DOC_CAR_2,Cardiology,2026-08-14 10:15:00,new
e5818d61-d96d-465a-b2fd-a333b08a44e4,PAT_556,DOC_CAR_2,Cardiology,2026-08-14 10:40:00,follow_up
8c073046-a94b-4e66-99a1-e32ff978868b,PAT_16,DOC_CAR_2,Cardiology,2026-08-14 11:05:00,follow_up
fd17585b-14d0-4fdf-a656-7807c9af4e67,PAT_220,DOC_CAR_2,Cardiology,2026-08-14 11:30:00,new
18faf1e9-8d1f-42a2-9ac7-ae74fa6cb74c,PAT_513,DOC_CAR_2,Cardiology,2026-08-14 11:55:00,new
d34a30d8-06c6-4afd-927f-df4ff7135d01,PAT_612,DOC_CAR_2,Cardiology,2026-08-14 12:20:00,follow_up
cde8e6a9-a82e-4162-ae3e-ebca3b0eda56,PAT_190,DOC_CAR_2,Cardiology,2026-08-14 12:45:00,new
2d80afc6-e933-4ca1-a240-60d47bcc3a75,PAT_769,DOC_CAR_2,Cardiology,2026-08-14 13:10:00,follow_up
0bb74b8c-7f92-4e9f-8605-eab3313a49f3,PAT_789,DOC_CAR_2,Cardiology,2026-08-14 13:35:00,new
be73e833-a795-4dd5-8da0-2c79c43cac05,PAT_357,DOC_CAR_2,Cardiology,2026-08-14 14:00:00,follow_up
fcf21658-93d6-44eb-b698-8ceb61e06593,PAT_582,DOC_CAR_2,Cardiology,2026-08-14 14:25:00,follow_up
89ef1b86-94b5-4507-9889-7d609ccdb52a,PAT_182,DOC_CAR_2,Cardiology,2026-08-14 14:50:00,follow_up
a25d03b8-2a5a-49d6-80fc-98e31334ae1a,PAT_15,DOC_CAR_2,Cardiology,2026-08-14 15:15:00,follow_up
9ab1aab3-0927-4d4e-a59e-2acf591407d6,PAT_152,DOC_CAR_2,Cardiology,2026-08-14 15:40:00,new
61080800-be2e-4084-9f65-7f06e5d8870c,PAT_32,DOC_CAR_2,Cardiology,2026-08-14 16:05:00,follow_up
feadbeeb-be05-4401-9546-d5cd4e24ef4f,PAT_161,DOC_ORT_1,Orthopedics,2026-08-14 09:00:00,new
622276d8-46d2-43e6-9e64-6ea61e1e051d,PAT_462,DOC_ORT_1,Orthopedics,2026-08-14 09:20:00,new
a6cdc776-3461-4a1c-954a-364d76dfb870,PAT_718,DOC_ORT_1,Orthopedics,2026-08-14 09:40:00,follow_up
f1f92ef3-581c-4f5f-ac20-f491be2fd393,PAT_516,DOC_ORT_1,Orthopedics,2026-08-14 10:00:00,new
f2961fd1-21a5-4f5d-97e0-58d3dfa82518,PAT_718,DOC_ORT_1,Orthopedics,2026-08-14 10:20:00,follow_up
4e902ead-5d49-46c9-b0c8-fff7cba00b9a,PAT_159,DOC_ORT_1,Orthopedics,2026-08-14 10:40:00,new
8cbe34d9-3035-4124-b81a-88d8e5f1c497,PAT_676,DOC_ORT_1,Orthopedics,2026-08-14 11:00:00,new
34dbabaf-1e48-4c2b-b809-29a36c82bf8c,PAT_149,DOC_ORT_1,Orthopedics,2026-08-14 11:20:00,follow_up
c4e2e987-a660-4bf2-89cd-8d9a43a4b31a,PAT_928,DOC_ORT_1,Orthopedics,2026-08-14 11:40:00,new
1ecba523-ce3f-4566-b318-0c51c13c8af6,PAT_693,DOC_ORT_1,Orthopedics,2026-08-14 12:00:00,new
f1587465-aba4-4b86-9b38-f4ffae2d40a3,PAT_319,DOC_ORT_1,Orthopedics,2026-08-14 12:20:00,new
532bb498-0e7b-415d-a7c8-3bd1cc721676,PAT_146,DOC_ORT_1,Orthopedics,2026-08-14 12:40:00,new
8a7ce0c3-afb8-4587-a972-3e98fbe8278b,PAT_922,DOC_ORT_1,Orthopedics,2026-08-14 13:00:00,new
24f38174-8c2d-4718-93a5-b33ae1785800,PAT_22,DOC_ORT_1,Orthopedics,2026-08-14 13:20:00,follow_up
7923e443-d651-4707-94dc-e8965c59b79e,PAT_997,DOC_ORT_1,Orthopedics,2026-08-14 13:40:00,new
3293ae23-3b6e-4d64-94cc-6ed841caec7a,PAT_788,DOC_ORT_1,Orthopedics,2026-08-14 14:00:00,new
3f709f3e-d130-4ad1-9d96-ed4ae030a317,PAT_483,DOC_ORT_1,Orthopedics,2026-08-14 14:20:00,follow_up
dc27dfe7-cb55-4baa-97db-f6238799b8f5,PAT_492,DOC_ORT_1,Orthopedics,2026-08-14 14:40:00,new
4be42325-d31b-4d39-8c44-e866d0e18cc4,PAT_74,DOC_ORT_1,Orthopedics,2026-08-14 15:00:00,follow_up
17412d7e-fd2a-4f76-a474-b8a9ca25335c,PAT_340,DOC_ORT_2,Orthopedics,2026-08-14 09:00:00,new
1cd0f95c-817a-450f-b1f2-07567e5a0554,PAT_941,DOC_ORT_2,Orthopedics,2026-08-14 09:20:00,new
a163231c-b5b2-4cd4-a4f3-8cdba13a5df3,PAT_883,DOC_ORT_2,Orthopedics,2026-08-14 09:40:00,new
9fb76c30-c7c2-4a97-8758-c73a459fa4ca,PAT_690,DOC_ORT_2,Orthopedics,2026-08-14 10:00:00,new
f25ea823-9722-4d19-aa2d-688d9401b39c,PAT_75,DOC_ORT_2,Orthopedics,2026-08-14 10:20:00,new
f6a88eea-abb9-4a23-a7e8-3eead7bfb238,PAT_955,DOC_ORT_2,Orthopedics,2026-08-14 10:40:00,follow_up
502851cf-b3bc-424c-b850-96e8de8c1523,PAT_461,DOC_ORT_2,Orthopedics,2026-08-14 11:00:00,follow_up
c955fb72-ffa3-45dd-8ccc-941f1de52bcf,PAT_894,DOC_ORT_2,Orthopedics,2026-08-14 11:20:00,follow_up
9db7e8b9-9a85-4ad5-a31b-ee1cd979e874,PAT_448,DOC_ORT_2,Orthopedics,2026-08-14 11:40:00,new
0458d9fa-8de4-4c22-90ab-fcd47384d916,PAT_551,DOC_ORT_2,Orthopedics,2026-08-14 12:00:00,new
aa40bae9-f223-4fa1-9276-56ad7410fe85,PAT_449,DOC_ORT_2,Orthopedics,2026-08-14 12:20:00,new
87dbb41e-693e-4d4a-842b-d0e9efe650e2,PAT_956,DOC_ORT_2,Orthopedics,2026-08-14 12:40:00,new
9880d81a-4bc8-46ab-a408-0c75a57ea491,PAT_588,DOC_ORT_2,Orthopedics,2026-08-14 13:00:00,follow_up
ca37955e-8718-46f9-a994-c40809315bb1,PAT_623,DOC_ORT_2,Orthopedics,2026-08-14 13:20:00,follow_up
9e91215a-036a-4a78-b4d9-1e2964b0c534,PAT_724,DOC_ORT_2,Orthopedics,2026-08-14 13:40:00,new
683af38b-5607-4e64-94c3-1785c2bb843d,PAT_886,DOC_ORT_2,Orthopedics,2026-08-14 14:00:00,new
848b43c7-04a9-49ff-85ab-e4e33a92911a,PAT_423,DOC_ORT_2,Orthopedics,2026-08-14 14:20:00,follow_up
cbb9c676-3964-478c-8625-4db363d33a0c,PAT_437,DOC_PED_1,Pediatrics,2026-08-14 09:00:00,follow_up
b4ae076f-59c7-499a-b674-3e43519c613a,PAT_712,DOC_PED_1,Pediatrics,2026-08-14 09:15:00,follow_up
a5f110e1-6a6f-4f3a-832c-a89a19824597,PAT_451,DOC_PED_1,Pediatrics,2026-08-14 09:30:00,follow_up
4ec78b14-323a-4d12-86ca-27915a23809e,PAT_867,DOC_PED_1,Pediatrics,2026-08-14 09:45:00,follow_up
cf92054c-f362-4751-950a-079f7b322d0e,PAT_355,DOC_PED_1,Pediatrics,2026-08-14 10:00:00,follow_up
32228266-65b9-41ca-921e-dac2da639924,PAT_101,DOC_PED_1,Pediatrics,2026-08-14 10:15:00,follow_up
30aa926a-e78a-4726-a233-888709cb35bf,PAT_198,DOC_PED_1,Pediatrics,2026-08-14 10:30:00,new
84399bd9-7f1d-4371-b6f2-a695e098c692,PAT_754,DOC_PED_1,Pediatrics,2026-08-14 10:45:00,new
73134319-f16a-4aed-a4b6-c3b0441ce1dc,PAT_900,DOC_PED_1,Pediatrics,2026-08-14 11:00:00,new
aee1b0a6-1db0-4fd2-a642-ace35e8785bd,PAT_410,DOC_PED_1,Pediatrics,2026-08-14 11:15:00,follow_up
b3f6b6dc-d0de-44c1-9a21-cf80c8154635,PAT_718,DOC_PED_1,Pediatrics,2026-08-14 11:30:00,new
d52278dd-940c-4f91-9bae-b9ce34bf7da2,PAT_862,DOC_PED_1,Pediatrics,2026-08-14 11:45:00,new
0fadde57-441a-413e-8c01-355228a29676,PAT_493,DOC_PED_1,Pediatrics,2026-08-14 12:00:00,follow_up
73bc5b3a-c387-45fb-a1a0-5913b2334830,PAT_371,DOC_PED_1,Pediatrics,2026-08-14 12:15:00,follow_up
4a4b566e-c7ed-4611-ae6f-a23d71285ff4,PAT_602,DOC_PED_1,Pediatrics,2026-08-14 12:30:00,follow_up
48802a91-e1eb-4e24-84ac-770f42db37d0,PAT_252,DOC_PED_1,Pediatrics,2026-08-14 12:45:00,new
90ec43ae-6b30-4ca8-9850-1dbb2690e7a2,PAT_990,DOC_PED_1,Pediatrics,2026-08-14 13:00:00,new
8d6a1a9d-cb9e-4ae9-945a-9206841a099c,PAT_306,DOC_PED_1,Pediatrics,2026-08-14 13:15:00,follow_up
76c65b96-424b-42a2-97fe-bf0532f8550c,PAT_23,DOC_PED_2,Pediatrics,2026-08-14 09:00:00,follow_up
3d11ac87-5adf-4774-96c2-0f14d358e802,PAT_294,DOC_PED_2,Pediatrics,2026-08-14 09:15:00,new
c2e74b9c-c18b-4bb2-88df-d3d982d03ea3,PAT_327,DOC_PED_2,Pediatrics,2026-08-14 09:30:00,new
83182035-71c1-4860-b70b-c45a83142838,PAT_741,DOC_PED_2,Pediatrics,2026-08-14 09:45:00,new
00c123a4-5077-4265-a1a5-ce1e3590c042,PAT_799,DOC_PED_2,Pediatrics,2026-08-14 10:00:00,follow_up
3fc738e5-9b82-498b-8e1d-320fb4ba715f,PAT_347,DOC_PED_2,Pediatrics,2026-08-14 10:15:00,new
78010c43-776d-4a51-a208-c43cf1c16c56,PAT_509,DOC_PED_2,Pediatrics,2026-08-14 10:30:00,follow_up
5181451b-7334-4666-915f-613e33f71991,PAT_249,DOC_PED_2,Pediatrics,2026-08-14 10:45:00,new
d4c6a80b-499c-4df5-a13f-a8a72f83e41f,PAT_190,DOC_PED_2,Pediatrics,2026-08-14 11:00:00,follow_up
b3a4bb3e-89be-4055-849d-6e43676a0cdb,PAT_161,DOC_PED_2,Pediatrics,2026-08-14 11:15:00,new
8b5e03da-36fb-4ebe-984d-887a6e6797a9,PAT_881,DOC_PED_2,Pediatrics,2026-08-14 11:30:00,follow_up
9ac39bd0-ea48-416c-903e-0961a025184d,PAT_318,DOC_PED_2,Pediatrics,2026-08-14 11:45:00,new
d4b78cf6-bb9f-4d62-a761-4d98758fa2e7,PAT_861,DOC_PED_2,Pediatrics,2026-08-14 12:00:00,new
b3dc760d-2a21-4a6f-8112-1a1ba4ac8d0c,PAT_674,DOC_GEN_1,General Physician,2026-08-17 09:00:00,new
42e81a37-dbaa-4159-833a-3ed833edb3e8,PAT_340,DOC_GEN_1,General Physician,2026-08-17 09:10:00,new
0425d28b-abd5-4389-a20d-45d3de404c32,PAT_425,DOC_GEN_1,General Physician,2026-08-17 09:20:00,new
f7a75c0e-edd1-41f8-9baf-68a19c131e9a,PAT_912,DOC_GEN_1,General Physician,2026-08-17 09:30:00,new
24fa72e1-c2e7-4233-8834-2ade67a8d992,PAT_199,DOC_GEN_1,General Physician,2026-08-17 09:40:00,new
1c9f71ed-ddbc-4d15-b7d3-f7fa44b11d36,PAT_23,DOC_GEN_1,General Physician,2026-08-17 09:50:00,new
bbaf7ff3-631c-49d9-86d6-c4fb41814248,PAT_719,DOC_GEN_1,General Physician,2026-08-17 10:00:00,follow_up
3de1d62c-cd55-4f2e-924c-737fa367c8c5,PAT_821,DOC_GEN_1,General Physician,2026-08-17 10:10:00,new
240eb7a8-d95a-4916-9671-976d1e1560f0,PAT_259,DOC_GEN_1,General Physician,2026-08-17 10:20:00,follow_up
84106068-4012-4c03-9b90-b38290fa8f39,PAT_839,DOC_GEN_1,General Physician,2026-08-17 10:30:00,new
e1118ba8-b919-4c45-93a8-25ae9f07f3b3,PAT_330,DOC_GEN_1,General Physician,2026-08-17 10:40:00,new
2d762baa-e75c-460c-8095-7d1819e3a6d8,PAT_99,DOC_GEN_1,General Physician,2026-08-17 10:50:00,new
ddf01423-5f6e-4cc2-b1c0-637e31cd9c02,PAT_486,DOC_GEN_1,General Physician,2026-08-17 11:00:00,follow_up
ebfa51b0-70f0-43d4-87e9-ae17cf2fea77,PAT_617,DOC_GEN_1,General Physician,2026-08-17 11:10:00,follow_up
46da45a0-af16-4c41-bdac-a3a0d742f725,PAT_440,DOC_GEN_1,General Physician,2026-08-17 11:20:00,follow_up
18e3419c-55eb-4bb7-81a7-ad6c77abca72,PAT_611,DOC_GEN_1,General Physician,2026-08-17 11:30:00,new
7d7a0ff9-d06e-4784-8bc4-f3ce39f678a6,PAT_526,DOC_GEN_2,General Physician,2026-08-17 09:00:00,follow_up
13dc5eec-56d7-44f7-b8fd-2f21d6695c2b,PAT_528,DOC_GEN_2,General Physician,2026-08-17 09:10:00,follow_up
fe38406d-3b91-4ee3-b8a0-fa53eef1bacd,PAT_645,DOC_GEN_2,General Physician,2026-08-17 09:20:00,new
40465381-95bc-44b0-9ea4-fc415b493e69,PAT_74,DOC_GEN_2,General Physician,2026-08-17 09:30:00,new
367e1f16-a146-4363-9091-213cc55260d0,PAT_369,DOC_GEN_2,General Physician,2026-08-17 09:40:00,new
5cd28799-f169-4e65-8e10-6929b3b04140,PAT_702,DOC_GEN_2,General Physician,2026-08-17 09:50:00,follow_up
d1beab8d-f6fe-4b32-be38-a02e451ff23d,PAT_370,DOC_GEN_2,General Physician,2026-08-17 10:00:00,new
b8d2d68d-f28d-4457-99c9-c9e5bca20ea4,PAT_80,DOC_GEN_2,General Physician,2026-08-17 10:10:00,new
02374a1a-1dcf-46b5-b035-11c7800ed11b,PAT_93,DOC_GEN_2,General Physician,2026-08-17 10:20:00,follow_up
3cf38e93-eebf-4a26-a830-1b0090d41cf8,PAT_365,DOC_GEN_2,General Physician,2026-08-17 10:30:00,new
b8a402e9-a2da-4509-997d-9c822bfe2fea,PAT_838,DOC_GEN_2,General Physician,2026-08-17 10:40:00,new
4144b85b-1a54-4160-b355-340b6a441f3f,PAT_342,DOC_GEN_2,General Physician,2026-08-17 10:50:00,new
146907ba-bc79-483a-85c0-a7ea58fb8634,PAT_144,DOC_GEN_2,General Physician,2026-08-17 11:00:00,follow_up
a3766768-cf29-45dc-b92b-d236315f5772,PAT_833,DOC_GEN_2,General Physician,2026-08-17 11:10:00,follow_up
ea9c0bc5-b973-43c7-af5e-d0e503f504de,PAT_24,DOC_GEN_2,General Physician,2026-08-17 11:20:00,follow_up
68168daf-1fc5-4967-9eea-a496a5a37b37,PAT_644,DOC_GEN_2,General Physician,2026-08-17 11:30:00,new
7ad9ff08-4a56-4e04-b3e1-eba0010e1d91,PAT_93,DOC_GEN_2,General Physician,2026-08-17 11:40:00,new
ca0ae9da-a5d6-42e9-8f95-edb4c9f3643b,PAT_325,DOC_GEN_2,General Physician,2026-08-17 11:50:00,follow_up
b091f41d-a14c-4135-86a4-0bade4966ccf,PAT_993,DOC_CAR_1,Cardiology,2026-08-17 09:00:00,follow_up
914e14da-7dd4-44df-8848-5a8723f4fbe9,PAT_523,DOC_CAR_1,Cardiology,2026-08-17 09:25:00,new
79e698b2-9654-46f1-bcdf-649f9fcf4d14,PAT_793,DOC_CAR_1,Cardiology,2026-08-17 09:50:00,follow_up
575404b7-73ff-475c-946a-14764f29ce65,PAT_205,DOC_CAR_1,Cardiology,2026-08-17 10:15:00,follow_up
f63df19f-35a0-4d69-95f0-862f75b97cb2,PAT_431,DOC_CAR_1,Cardiology,2026-08-17 10:40:00,new
63123670-3cb5-44fa-8f38-0c16a9c34b33,PAT_531,DOC_CAR_1,Cardiology,2026-08-17 11:05:00,follow_up
e9cc9b51-7aed-4e8c-b3a7-f49e1672672f,PAT_703,DOC_CAR_1,Cardiology,2026-08-17 11:30:00,new
bbc493ea-7484-42f3-bcbb-cc3eaa42746f,PAT_569,DOC_CAR_1,Cardiology,2026-08-17 11:55:00,follow_up
4e162e95-c6c8-4ffb-8d9a-36bcc3dffd26,PAT_783,DOC_CAR_1,Cardiology,2026-08-17 12:20:00,follow_up
6935a2ff-7704-4108-b7a1-455f67f604d9,PAT_790,DOC_CAR_1,Cardiology,2026-08-17 12:45:00,new
c53df772-468f-494e-8ce0-d095f617003d,PAT_913,DOC_CAR_1,Cardiology,2026-08-17 13:10:00,new
24d26f5b-230c-4410-bf97-6d8f96a84bcd,PAT_829,DOC_CAR_1,Cardiology,2026-08-17 13:35:00,new
f4fe7fcb-e4b7-4db9-a2e4-734de7673d8d,PAT_548,DOC_CAR_1,Cardiology,2026-08-17 14:00:00,new
74467d64-9500-4597-99d4-f8332967fcc6,PAT_147,DOC_CAR_1,Cardiology,2026-08-17 14:25:00,follow_up
726e2419-91a7-48f4-9a15-0a99289cd314,PAT_451,DOC_CAR_1,Cardiology,2026-08-17 14:50:00,new
085407e7-726c-42d0-9306-dbae5fd90564,PAT_463,DOC_CAR_1,Cardiology,2026-08-17 15:15:00,follow_up
f4d5f2d5-4be7-4c08-bdf3-406bfe3bc973,PAT_722,DOC_CAR_1,Cardiology,2026-08-17 15:40:00,new
93dddcf6-ade1-45e3-9a8e-580c5f9232a6,PAT_504,DOC_CAR_1,Cardiology,2026-08-17 16:05:00,follow_up
6936b113-73d3-4408-8b84-ed958b2a7bec,PAT_136,DOC_CAR_1,Cardiology,2026-08-17 16:30:00,new
5e4e8cfc-2c31-4bad-bd0b-2a652fdd665d,PAT_361,DOC_CAR_1,Cardiology,2026-08-17 16:55:00,new
dbf5c177-18a2-4230-9c94-02de2ada6326,PAT_203,DOC_CAR_2,Cardiology,2026-08-17 09:00:00,follow_up
0f4db6ee-6226-4285-9b05-cde21d06746f,PAT_756,DOC_CAR_2,Cardiology,2026-08-17 09:25:00,new
9241c471-3e4a-4443-91c6-9be555d297b7,PAT_998,DOC_CAR_2,Cardiology,2026-08-17 09:50:00,new
8f1e0d26-9bd8-43ba-8b19-978e31e804ac,PAT_690,DOC_CAR_2,Cardiology,2026-08-17 10:15:00,new
69a67f65-b944-4660-a3b9-688dbbd9b08d,PAT_391,DOC_CAR_2,Cardiology,2026-08-17 10:40:00,new
4419c0d8-0611-4812-9949-e669ff66bdcd,PAT_656,DOC_CAR_2,Cardiology,2026-08-17 11:05:00,new
a931aa7b-7f9f-47b2-8b22-3826399708d2,PAT_515,DOC_CAR_2,Cardiology,2026-08-17 11:30:00,follow_up
ccafa5c1-596b-4b8f-831e-c500adb5e734,PAT_738,DOC_CAR_2,Cardiology,2026-08-17 11:55:00,follow_up
11c8af91-80a4-4286-a97b-ef280fde36a8,PAT_725,DOC_CAR_2,Cardiology,2026-08-17 12:20:00,new
fab6cd96-dd6f-47c9-9378-d89dce257f3b,PAT_159,DOC_CAR_2,Cardiology,2026-08-17 12:45:00,follow_up
b51b9dca-98f1-447a-aa83-4e496f7627de,PAT_216,DOC_CAR_2,Cardiology,2026-08-17 13:10:00,new
a65bb647-e684-456b-b4f5-f51331dfa05f,PAT_181,DOC_CAR_2,Cardiology,2026-08-17 13:35:00,new
2b0eb9dd-9e70-4f7b-be92-9d0bc6b0c5fe,PAT_436,DOC_CAR_2,Cardiology,2026-08-17 14:00:00,follow_up
922b9051-690e-4158-b19e-7f7d266e31d3,PAT_753,DOC_CAR_2,Cardiology,2026-08-17 14:25:00,follow_up
ad59be93-a900-4d8e-833e-b089832917c8,PAT_497,DOC_CAR_2,Cardiology,2026-08-17 14:50:00,follow_up
3dfaf37b-60db-4710-981f-ab6ee7d66868,PAT_226,DOC_CAR_2,Cardiology,2026-08-17 15:15:00,new
75bf6e19-6d13-426a-85e2-7ffc5d8ea82a,PAT_989,DOC_ORT_1,Orthopedics,2026-08-17 09:00:00,follow_up
1397191c-b568-4b4d-b250-929773aad39d,PAT_71,DOC_ORT_1,Orthopedics,2026-08-17 09:20:00,new
b12e634d-1f35-465d-8f3b-e63d90134686,PAT_441,DOC_ORT_1,Orthopedics,2026-08-17 09:40:00,new
db50205c-e536-4e47-9f58-93f8d9104e20,PAT_777,DOC_ORT_1,Orthopedics,2026-08-17 10:00:00,new
ca532876-099e-4e45-a1f6-b5295621889d,PAT_119,DOC_ORT_1,Orthopedics,2026-08-17 10:20:00,new
f38052c9-ec88-4e45-9664-1d9495e5a180,PAT_218,DOC_ORT_1,Orthopedics,2026-08-17 10:40:00,new
24e564c5-f3c7-44eb-a06b-df0c480d0b87,PAT_78,DOC_ORT_1,Orthopedics,2026-08-17 11:00:00,follow_up
29920ba5-b0e5-4c29-9d01-7e9d3214b32b,PAT_657,DOC_ORT_1,Orthopedics,2026-08-17 11:20:00,new
0434a272-2ef6-41fb-aa75-0c1d364f3c53,PAT_412,DOC_ORT_1,Orthopedics,2026-08-17 11:40:00,new
a7c9d26f-f7a6-4f6c-8cc4-93c763f4d03d,PAT_169,DOC_ORT_1,Orthopedics,2026-08-17 12:00:00,follow_up
302554a1-e8f8-4308-beb8-5bb51eb1975e,PAT_717,DOC_ORT_1,Orthopedics,2026-08-17 12:20:00,new
079084a8-37cd-479f-ae60-9fe14b26a114,PAT_641,DOC_ORT_1,Orthopedics,2026-08-17 12:40:00,follow_up
bdaeeb6a-33a4-4c28-bf6f-1b883da9e980,PAT_521,DOC_ORT_1,Orthopedics,2026-08-17 13:00:00,new
73f571fe-48a7-470f-aab8-11730109718b,PAT_377,DOC_ORT_1,Orthopedics,2026-08-17 13:20:00,new
3f42a944-4a42-4fb4-adec-3027c3fa313b,PAT_525,DOC_ORT_1,Orthopedics,2026-08-17 13:40:00,follow_up
59e98e4b-1d61-4f0a-ad34-7a956c89808e,PAT_579,DOC_ORT_1,Orthopedics,2026-08-17 14:00:00,follow_up
f9920330-255a-45d5-99c5-2db49a5a44ec,PAT_280,DOC_ORT_1,Orthopedics,2026-08-17 14:20:00,follow_up
98dedc91-d934-4340-a944-5f553e7dcae0,PAT_591,DOC_ORT_1,Orthopedics,2026-08-17 14:40:00,new
61fbad42-7829-48db-a19d-a3a3c1d6b72c,PAT_664,DOC_ORT_2,Orthopedics,2026-08-17 09:00:00,new
913082a2-8e2e-4840-8409-9af3988c74a6,PAT_157,DOC_ORT_2,Orthopedics,2026-08-17 09:20:00,follow_up
83673607-f2fe-4b26-a1ed-d197d3813e76,PAT_155,DOC_ORT_2,Orthopedics,2026-08-17 09:40:00,follow_up
956fdef8-42d5-4dfb-9b2c-01e60910ec79,PAT_671,DOC_ORT_2,Orthopedics,2026-08-17 10:00:00,follow_up
9fa00ad9-e711-4792-b387-51a133df4509,PAT_770,DOC_ORT_2,Orthopedics,2026-08-17 10:20:00,new
9561aad5-562f-4c40-b5d8-fde381c542cc,PAT_749,DOC_ORT_2,Orthopedics,2026-08-17 10:40:00,new
a244e4fd-9955-41a0-a175-09c9537b8621,PAT_575,DOC_ORT_2,Orthopedics,2026-08-17 11:00:00,follow_up
29fa5221-d024-46c0-8bfe-eadacedf374d,PAT_662,DOC_ORT_2,Orthopedics,2026-08-17 11:20:00,follow_up
00b8f827-5147-4cd2-9f50-aab2359b27fa,PAT_429,DOC_ORT_2,Orthopedics,2026-08-17 11:40:00,follow_up
8ff16602-ce92-41c3-81da-0a835bf1217d,PAT_38,DOC_ORT_2,Orthopedics,2026-08-17 12:00:00,follow_up
472bab38-f83d-401c-88f9-ed1b32451672,PAT_106,DOC_ORT_2,Orthopedics,2026-08-17 12:20:00,new
77d582b3-7473-4a43-a806-9acce1aed9fd,PAT_96,DOC_ORT_2,Orthopedics,2026-08-17 12:40:00,follow_up
f4c8970d-f2b9-4bc7-a8f8-bf8ff74285ed,PAT_263,DOC_ORT_2,Orthopedics,2026-08-17 13:00:00,follow_up
5e0eb36f-6fa5-45cf-8e8b-b6b18fde5a82,PAT_876,DOC_ORT_2,Orthopedics,2026-08-17 13:20:00,new
a4b85fe9-c1e5-4cfc-8eca-772123da6ea5,PAT_63,DOC_ORT_2,Orthopedics,2026-08-17 13:40:00,new
39dcd85d-4203-4cea-9719-11e36b2ff069,PAT_892,DOC_ORT_2,Orthopedics,2026-08-17 14:00:00,new
9e551f72-607d-4211-a11e-0c04d2e44eda,PAT_379,DOC_ORT_2,Orthopedics,2026-08-17 14:20:00,new
507d0bda-1b9f-4aec-9f37-1219fbcb90a7,PAT_301,DOC_PED_1,Pediatrics,2026-08-17 09:00:00,follow_up
141ef0d9-bf31-4639-a3c0-3df399a4658a,PAT_80,DOC_PED_1,Pediatrics,2026-08-17 09:15:00,follow_up
8125d949-fdbf-4847-95d6-af1f983447c9,PAT_891,DOC_PED_1,Pediatrics,2026-08-17 09:30:00,new
4416e257-f329-4aa5-9e9e-7085c068d53d,PAT_17,DOC_PED_1,Pediatrics,2026-08-17 09:45:00,follow_up
1b3aef97-4162-48ed-aa50-6323ca57c823,PAT_651,DOC_PED_1,Pediatrics,2026-08-17 10:00:00,new
9c9ecb0b-ab03-43ee-87be-cd9d13908176,PAT_849,DOC_PED_1,Pediatrics,2026-08-17 10:15:00,follow_up
5befdc3f-1ee8-467f-b1f7-7c95e2210b9f,PAT_667,DOC_PED_1,Pediatrics,2026-08-17 10:30:00,follow_up
8ca412af-2ab9-4423-9a50-a41645cc6c5c,PAT_528,DOC_PED_1,Pediatrics,2026-08-17 10:45:00,new
be2923b8-b331-4646-90ab-31ab7fb1adf1,PAT_385,DOC_PED_1,Pediatrics,2026-08-17 11:00:00,new
3c8b47ba-167e-46e4-bd00-b982201ab8c4,PAT_177,DOC_PED_1,Pediatrics,2026-08-17 11:15:00,new
83067f21-50d7-4802-a91d-3b99fb0fc22d,PAT_164,DOC_PED_1,Pediatrics,2026-08-17 11:30:00,follow_up
3ce7f109-6325-42c7-a319-c91c6decbb03,PAT_74,DOC_PED_1,Pediatrics,2026-08-17 11:45:00,new
c9056a8f-a2f4-4799-a0fb-39f4cb046506,PAT_730,DOC_PED_1,Pediatrics,2026-08-17 12:00:00,follow_up
4ea846a7-bdcd-4136-b520-c9619c272b49,PAT_417,DOC_PED_1,Pediatrics,2026-08-17 12:15:00,new
35002356-9ad9-43e7-a4be-42b013c2a7d9,PAT_59,DOC_PED_1,Pediatrics,2026-08-17 12:30:00,follow_up
0b69d925-28fc-4a59-834b-76c15bfca4db,PAT_412,DOC_PED_1,Pediatrics,2026-08-17 12:45:00,new
ce4c1f27-1631-41f2-b10f-cc177456e47e,PAT_814,DOC_PED_1,Pediatrics,2026-08-17 13:00:00,new
e9542b7b-0fd3-4bc3-b230-db5fc6b7bde9,PAT_668,DOC_PED_1,Pediatrics,2026-08-17 13:15:00,follow_up
3afab251-b40e-497b-ad2b-3cde5201f6ea,PAT_389,DOC_PED_1,Pediatrics,2026-08-17 13:30:00,follow_up
8d867a4d-0ed9-40a8-8624-e2c6c454bd51,PAT_178,DOC_PED_1,Pediatrics,2026-08-17 13:45:00,follow_up
0f8ea602-a991-4c6b-b871-5895b0eb48d7,PAT_636,DOC_PED_2,Pediatrics,2026-08-17 09:00:00,new
bc672a4e-a0b2-4d38-a161-8bf68441d484,PAT_240,DOC_PED_2,Pediatrics,2026-08-17 09:15:00,follow_up
41ad5f5e-6f19-4c95-8935-af7203395ef5,PAT_840,DOC_PED_2,Pediatrics,2026-08-17 09:30:00,new
cbbaa630-7844-4686-8a26-46905084e1b7,PAT_535,DOC_PED_2,Pediatrics,2026-08-17 09:45:00,new
f2e9f1c7-4a3d-4c1a-a760-412eeee28740,PAT_596,DOC_PED_2,Pediatrics,2026-08-17 10:00:00,new
31b398bc-ec59-40a2-924f-d88c193bef97,PAT_11,DOC_PED_2,Pediatrics,2026-08-17 10:15:00,new
e6adbc18-75e1-4f86-b2ae-f21169bfbe2d,PAT_484,DOC_PED_2,Pediatrics,2026-08-17 10:30:00,follow_up
bd7042da-1870-40cc-86d8-547557a543fc,PAT_509,DOC_PED_2,Pediatrics,2026-08-17 10:45:00,new
f87425c4-1977-47b9-b44a-54232d871534,PAT_839,DOC_PED_2,Pediatrics,2026-08-17 11:00:00,new
0d25fa40-f430-436b-a34c-70054d3bbfa8,PAT_590,DOC_PED_2,Pediatrics,2026-08-17 11:15:00,new
0218adec-0d4b-4372-b56c-db814be05eff,PAT_670,DOC_PED_2,Pediatrics,2026-08-17 11:30:00,follow_up
bb7c43cc-e96a-435a-a4d6-9fb649be7896,PAT_679,DOC_PED_2,Pediatrics,2026-08-17 11:45:00,follow_up
efe76590-6638-4eb3-bfb5-d3b56c50d1c4,PAT_376,DOC_GEN_1,General Physician,2026-08-18 09:00:00,follow_up
72cc1eb3-de67-45f9-922f-17b802716880,PAT_524,DOC_GEN_1,General Physician,2026-08-18 09:10:00,new
00a7d8b4-3a7c-4e79-b1be-e5a491eeaf4f,PAT_369,DOC_GEN_1,General Physician,2026-08-18 09:20:00,new
d06970f1-764e-4742-9530-eee1c02da4ab,PAT_678,DOC_GEN_1,General Physician,2026-08-18 09:30:00,follow_up
d1711cca-44d8-4716-976d-4f989ec8c7e7,PAT_434,DOC_GEN_1,General Physician,2026-08-18 09:40:00,new
dddf1f38-a84c-4673-a5a6-0f20db291a07,PAT_210,DOC_GEN_1,General Physician,2026-08-18 09:50:00,follow_up
8759b965-55f7-4bf5-b59e-a2b41d0f4b49,PAT_865,DOC_GEN_1,General Physician,2026-08-18 10:00:00,follow_up
e41e8a48-e77b-43ff-8556-4e374bbbd7a4,PAT_136,DOC_GEN_1,General Physician,2026-08-18 10:10:00,follow_up
a35c6d9a-4475-4a75-b44c-71c894a144a8,PAT_809,DOC_GEN_1,General Physician,2026-08-18 10:20:00,new
622df07d-1109-4911-b93f-57276c62f323,PAT_904,DOC_GEN_1,General Physician,2026-08-18 10:30:00,follow_up
5c83c59c-5617-4fbc-a1b2-19d3de737724,PAT_23,DOC_GEN_1,General Physician,2026-08-18 10:40:00,new
4a22a5f5-0064-4bd5-b07f-aade16ce3ff1,PAT_967,DOC_GEN_1,General Physician,2026-08-18 10:50:00,new
764e28d1-291d-44c8-a4bc-90e0a3d65b0b,PAT_4,DOC_GEN_1,General Physician,2026-08-18 11:00:00,follow_up
3215c622-f6c3-4973-a951-0a490fef0361,PAT_265,DOC_GEN_1,General Physician,2026-08-18 11:10:00,follow_up
9bee0047-11a3-4295-8825-57743763dd60,PAT_224,DOC_GEN_1,General Physician,2026-08-18 11:20:00,new
5afed615-ebdb-4925-90db-ea69cf05948d,PAT_204,DOC_GEN_1,General Physician,2026-08-18 11:30:00,new
66f18f2f-1db1-4b0d-a9ac-ab7fb10783b7,PAT_883,DOC_GEN_2,General Physician,2026-08-18 09:00:00,follow_up
60578644-ec1d-43d8-8685-2713414f9328,PAT_386,DOC_GEN_2,General Physician,2026-08-18 09:10:00,follow_up
cea20f2e-def9-431a-b338-c0d881c8ac8e,PAT_107,DOC_GEN_2,General Physician,2026-08-18 09:20:00,follow_up
fcda75f4-9c6e-466b-a8af-b37d8aa0c336,PAT_963,DOC_GEN_2,General Physician,2026-08-18 09:30:00,new
6d4709b1-d18b-4503-8355-c9ae89880d0b,PAT_311,DOC_GEN_2,General Physician,2026-08-18 09:40:00,new
f048db99-11c0-4a48-8bf7-0629f0537786,PAT_312,DOC_GEN_2,General Physician,2026-08-18 09:50:00,follow_up
d67dfc36-2248-4d71-8cd0-79ae9f011c91,PAT_645,DOC_GEN_2,General Physician,2026-08-18 10:00:00,new
855cefbf-295e-4bc0-9ef1-57d1c608dba0,PAT_815,DOC_GEN_2,General Physician,2026-08-18 10:10:00,new
e837bfc5-0671-4ef6-b663-dcda5bdf7a1c,PAT_734,DOC_GEN_2,General Physician,2026-08-18 10:20:00,new
608c892e-b7ac-49f9-b6d0-a846da7f42f5,PAT_882,DOC_GEN_2,General Physician,2026-08-18 10:30:00,new
7e83e449-9a7d-4e08-bee8-3599fd3a8120,PAT_996,DOC_GEN_2,General Physician,2026-08-18 10:40:00,new
f6b36610-8e93-403e-853d-5db55e352bb3,PAT_160,DOC_GEN_2,General Physician,2026-08-18 10:50:00,follow_up
a7fb3736-f48b-497d-8c20-b3a4b919f4e0,PAT_467,DOC_GEN_2,General Physician,2026-08-18 11:00:00,follow_up
4fa56118-30f5-468e-b1dc-151753cedb52,PAT_793,DOC_GEN_2,General Physician,2026-08-18 11:10:00,follow_up
d671a938-f3f8-4d57-baa2-0001e1422561,PAT_752,DOC_GEN_2,General Physician,2026-08-18 11:20:00,new
e4dbcbda-c48b-401f-be4a-4c6943aa5178,PAT_849,DOC_CAR_1,Cardiology,2026-08-18 09:00:00,follow_up
411b2c98-4060-4697-a6ef-3dca4694b85c,PAT_325,DOC_CAR_1,Cardiology,2026-08-18 09:25:00,follow_up
a7599072-9c9f-488b-b59a-67d1b0da3d9b,PAT_526,DOC_CAR_1,Cardiology,2026-08-18 09:50:00,new
43a81d88-3120-4f5d-8630-342e2f29140e,PAT_693,DOC_CAR_1,Cardiology,2026-08-18 10:15:00,new
0f1cad02-fc4d-4e46-a295-d53ccd254b77,PAT_222,DOC_CAR_1,Cardiology,2026-08-18 10:40:00,new
3926eb79-d447-4591-aada-ed53ee7a17f7,PAT_545,DOC_CAR_1,Cardiology,2026-08-18 11:05:00,follow_up
c1f9fe62-339c-4393-a9d2-0b943286d30b,PAT_431,DOC_CAR_1,Cardiology,2026-08-18 11:30:00,follow_up
6b7b76ad-e882-47dc-a5c5-e46e359ef95a,PAT_922,DOC_CAR_1,Cardiology,2026-08-18 11:55:00,follow_up
db8efad3-28c5-4eb9-89e4-755835b3d433,PAT_206,DOC_CAR_1,Cardiology,2026-08-18 12:20:00,new
4dd5d039-88d1-4af7-92a0-df2fd1df99bf,PAT_281,DOC_CAR_1,Cardiology,2026-08-18 12:45:00,new
b55cf389-8bee-431b-bfa7-cf9f654d1e20,PAT_769,DOC_CAR_1,Cardiology,2026-08-18 13:10:00,new
bd68fa11-0e74-4758-9559-afbe7ac331a0,PAT_759,DOC_CAR_1,Cardiology,2026-08-18 13:35:00,follow_up
526343df-2186-433f-b50d-9050d49bdfd3,PAT_415,DOC_CAR_1,Cardiology,2026-08-18 14:00:00,new
57a62d94-2e41-4451-a4cc-6ea56be80b1f,PAT_963,DOC_CAR_2,Cardiology,2026-08-18 09:00:00,new
01210f27-3fa9-4154-a23e-0e55c879289e,PAT_398,DOC_CAR_2,Cardiology,2026-08-18 09:25:00,new
d324cc87-a38c-4d40-a8b5-9f29a41c3477,PAT_397,DOC_CAR_2,Cardiology,2026-08-18 09:50:00,new
475004e7-8876-46a4-808a-47b259078e35,PAT_370,DOC_CAR_2,Cardiology,2026-08-18 10:15:00,new
993847a8-96e3-4df2-a92f-fba87294796f,PAT_978,DOC_CAR_2,Cardiology,2026-08-18 10:40:00,follow_up
ca49349c-b666-47ab-983c-a3bc47531fcc,PAT_409,DOC_CAR_2,Cardiology,2026-08-18 11:05:00,new
d614b9b4-4ce1-463b-a50d-db41f499a3e7,PAT_397,DOC_CAR_2,Cardiology,2026-08-18 11:30:00,new
75928019-e02d-4301-9f7c-c10b73fbfc01,PAT_661,DOC_CAR_2,Cardiology,2026-08-18 11:55:00,new
7c954d07-0db3-4ab1-b287-28ca62184413,PAT_75,DOC_CAR_2,Cardiology,2026-08-18 12:20:00,new
4c5b4b37-132d-472d-a82b-6fbcaaa28157,PAT_485,DOC_CAR_2,Cardiology,2026-08-18 12:45:00,follow_up
c7ac836c-4bb2-4981-853b-3bd06791e625,PAT_832,DOC_CAR_2,Cardiology,2026-08-18 13:10:00,follow_up
d5a68f52-f547-4b51-a455-26e12fd0359c,PAT_709,DOC_CAR_2,Cardiology,2026-08-18 13:35:00,follow_up
baea11ef-f8a3-4e0a-a096-ae70ccbd8fbb,PAT_697,DOC_ORT_1,Orthopedics,2026-08-18 09:00:00,follow_up
de66d804-1b3f-49ea-9a90-5fabffe05af0,PAT_169,DOC_ORT_1,Orthopedics,2026-08-18 09:20:00,new
c7ce1613-3fef-4985-98d5-9e846bb00372,PAT_784,DOC_ORT_1,Orthopedics,2026-08-18 09:40:00,follow_up
505586d9-b291-42fe-aee1-5a78d9a5dd0c,PAT_532,DOC_ORT_1,Orthopedics,2026-08-18 10:00:00,new
e545678d-cda5-49e3-96ad-f81b1202f443,PAT_915,DOC_ORT_1,Orthopedics,2026-08-18 10:20:00,new
eb5a2ff0-5d36-4a02-8f3e-b7eb50a046b3,PAT_965,DOC_ORT_1,Orthopedics,2026-08-18 10:40:00,follow_up
a68add1f-180f-4876-9cc6-ece57a47f1ef,PAT_695,DOC_ORT_1,Orthopedics,2026-08-18 11:00:00,new
ed185260-37bd-4e09-8d72-38041ff89864,PAT_857,DOC_ORT_1,Orthopedics,2026-08-18 11:20:00,follow_up
aad85157-dd93-4acf-bf44-a18ee1d7d41a,PAT_427,DOC_ORT_1,Orthopedics,2026-08-18 11:40:00,follow_up
ee6c6479-2798-4b6b-a367-50ef7bf37475,PAT_494,DOC_ORT_1,Orthopedics,2026-08-18 12:00:00,follow_up
4c28f88d-2193-4256-aa66-02841314f736,PAT_478,DOC_ORT_1,Orthopedics,2026-08-18 12:20:00,new
911e60ca-52e2-4bcb-ae5f-e8de5c9da05b,PAT_193,DOC_ORT_1,Orthopedics,2026-08-18 12:40:00,follow_up
aa120a85-fa84-4674-b86b-84c933a741e6,PAT_935,DOC_ORT_1,Orthopedics,2026-08-18 13:00:00,follow_up
7b698b7b-4e59-4d5d-b30e-21ef935e81bd,PAT_40,DOC_ORT_1,Orthopedics,2026-08-18 13:20:00,new
d0f7613d-c41b-4122-8df2-476818ebd28c,PAT_831,DOC_ORT_2,Orthopedics,2026-08-18 09:00:00,new
f1a29a8a-d76a-4ee4-8c14-a05219a85e20,PAT_911,DOC_ORT_2,Orthopedics,2026-08-18 09:20:00,follow_up
9406d01d-e122-4fed-b082-8b32e3e37ada,PAT_821,DOC_ORT_2,Orthopedics,2026-08-18 09:40:00,follow_up
ab61dc5c-f8b7-45f8-9dec-ee4d8e8212b9,PAT_142,DOC_ORT_2,Orthopedics,2026-08-18 10:00:00,follow_up
2ea85b1a-0dc1-40c1-9ff6-5f122d8c6771,PAT_211,DOC_ORT_2,Orthopedics,2026-08-18 10:20:00,follow_up
1c8976bc-cdf0-484f-99fd-c9d679720871,PAT_52,DOC_ORT_2,Orthopedics,2026-08-18 10:40:00,follow_up
99c71e02-aed3-44a5-a138-0888c9f62f44,PAT_966,DOC_ORT_2,Orthopedics,2026-08-18 11:00:00,follow_up
6a182f64-fd98-4e5f-b8f9-15cf4503afee,PAT_553,DOC_ORT_2,Orthopedics,2026-08-18 11:20:00,follow_up
2860c9b0-f354-4a14-8e86-efe70bcdbc25,PAT_435,DOC_ORT_2,Orthopedics,2026-08-18 11:40:00,follow_up
6b149a32-fd15-481a-884d-2920ffdab32e,PAT_127,DOC_ORT_2,Orthopedics,2026-08-18 12:00:00,new
b72e6e0b-dcd8-4a7a-9873-c04e671380c2,PAT_944,DOC_ORT_2,Orthopedics,2026-08-18 12:20:00,follow_up
664270dd-f493-4597-b986-6a396003f24a,PAT_23,DOC_ORT_2,Orthopedics,2026-08-18 12:40:00,follow_up
321688fd-a968-4af3-adcf-20c25b46d08e,PAT_563,DOC_ORT_2,Orthopedics,2026-08-18 13:00:00,new
f0d59645-e1ab-4c6a-9694-36badd357523,PAT_464,DOC_ORT_2,Orthopedics,2026-08-18 13:20:00,follow_up
ced572a8-4b33-42b4-9f4e-15e269ccdf0a,PAT_96,DOC_ORT_2,Orthopedics,2026-08-18 13:40:00,follow_up
0f4ee317-31ee-4dc5-8390-ea07784ef04a,PAT_460,DOC_ORT_2,Orthopedics,2026-08-18 14:00:00,follow_up
540c7788-d5f8-414a-8abe-e5b555ab1038,PAT_396,DOC_ORT_2,Orthopedics,2026-08-18 14:20:00,follow_up
f34dcdff-bd26-4c10-826b-dca65966ef22,PAT_91,DOC_PED_1,Pediatrics,2026-08-18 09:00:00,new
d4fdaff2-8e48-4444-87ad-ce2441fe88df,PAT_792,DOC_PED_1,Pediatrics,2026-08-18 09:15:00,follow_up
5dced881-10a8-4191-aa05-47e4155d6e77,PAT_223,DOC_PED_1,Pediatrics,2026-08-18 09:30:00,follow_up
811c761f-20e6-4690-a0fc-47f8533f7172,PAT_524,DOC_PED_1,Pediatrics,2026-08-18 09:45:00,new
f6761380-a189-46d3-a4fc-1c2452d3542f,PAT_818,DOC_PED_1,Pediatrics,2026-08-18 10:00:00,follow_up
2fdde404-c874-48ec-bb3f-b82c97dbed67,PAT_623,DOC_PED_1,Pediatrics,2026-08-18 10:15:00,new
826a7156-efc2-4f50-aa8c-5b0f336715ac,PAT_328,DOC_PED_1,Pediatrics,2026-08-18 10:30:00,new
3b47d149-8f89-406a-a636-42806b748ac1,PAT_842,DOC_PED_1,Pediatrics,2026-08-18 10:45:00,follow_up
c6ed6798-21d3-4ea3-9cb7-74c43ee275c0,PAT_639,DOC_PED_1,Pediatrics,2026-08-18 11:00:00,follow_up
cbeb3da1-6fd8-42e7-b58e-31c3f797f3df,PAT_207,DOC_PED_1,Pediatrics,2026-08-18 11:15:00,follow_up
c422a42b-9ae3-4f66-9e1f-4ce7c9e543eb,PAT_969,DOC_PED_1,Pediatrics,2026-08-18 11:30:00,new
b479d26b-dcb3-42ca-9645-b0a3609f96b0,PAT_835,DOC_PED_1,Pediatrics,2026-08-18 11:45:00,new
038f2a97-5ad9-4b46-aec2-af2d05f3e788,PAT_577,DOC_PED_1,Pediatrics,2026-08-18 12:00:00,new
0b84f695-2a06-4e07-b0b4-5a627d52b7d7,PAT_748,DOC_PED_1,Pediatrics,2026-08-18 12:15:00,new
3bf9c5a6-60bb-42cd-8b71-087e5f9d0ce2,PAT_701,DOC_PED_1,Pediatrics,2026-08-18 12:30:00,new
903b04da-c0a4-4d05-a880-e9353493044b,PAT_393,DOC_PED_1,Pediatrics,2026-08-18 12:45:00,new
69962d93-8e33-4fdf-b3cd-335e17b9add0,PAT_349,DOC_PED_1,Pediatrics,2026-08-18 13:00:00,follow_up
e5ce6970-5cb1-43d1-b2ec-f7b043c078cd,PAT_400,DOC_PED_2,Pediatrics,2026-08-18 09:00:00,follow_up
8de78af0-7d7e-4414-a237-63c2c3e9038c,PAT_591,DOC_PED_2,Pediatrics,2026-08-18 09:15:00,follow_up
11e2500b-3fc4-44f5-be75-39d1193d9ddd,PAT_918,DOC_PED_2,Pediatrics,2026-08-18 09:30:00,follow_up
7ccbe0a9-a0da-490b-ac1c-dc277de62de9,PAT_659,DOC_PED_2,Pediatrics,2026-08-18 09:45:00,new
46ac1b88-fa23-4cf9-b979-5519e85725b1,PAT_389,DOC_PED_2,Pediatrics,2026-08-18 10:00:00,new
6aa7c970-6aca-4f9c-b960-a7df039ac421,PAT_575,DOC_PED_2,Pediatrics,2026-08-18 10:15:00,follow_up
2af67288-93d9-4b13-9603-3153cee0038c,PAT_169,DOC_PED_2,Pediatrics,2026-08-18 10:30:00,new
d889542a-8d8e-47b6-9fb0-0cbf59c9dc02,PAT_57,DOC_PED_2,Pediatrics,2026-08-18 10:45:00,follow_up
56d155c3-9e3c-4fa9-a4ac-cfc9a27bd866,PAT_884,DOC_PED_2,Pediatrics,2026-08-18 11:00:00,follow_up
073b62e1-1df5-4114-9640-7782fd12d54f,PAT_788,DOC_PED_2,Pediatrics,2026-08-18 11:15:00,new
61c0fe7b-4cbf-4155-9ba7-8d2c18ad0324,PAT_625,DOC_PED_2,Pediatrics,2026-08-18 11:30:00,new
f592438f-f97d-4b3e-a263-b1b878836753,PAT_396,DOC_PED_2,Pediatrics,2026-08-18 11:45:00,new
e2e5a467-3dc7-467c-8537-bd3f541f4244,PAT_342,DOC_PED_2,Pediatrics,2026-08-18 12:00:00,new
83084f2f-b0ab-4fb7-8cab-c543e78cb6c8,PAT_223,DOC_PED_2,Pediatrics,2026-08-18 12:15:00,new
e6fd2041-01b9-428a-bd26-93de75f1c4b3,PAT_111,DOC_PED_2,Pediatrics,2026-08-18 12:30:00,follow_up
5f449ba1-dedb-4b51-9398-915efa884149,PAT_174,DOC_PED_2,Pediatrics,2026-08-18 12:45:00,new
934538f1-77f8-487c-a58d-0105c23b19b8,PAT_820,DOC_PED_2,Pediatrics,2026-08-18 13:00:00,new
d6d5f197-19c9-46bf-bb4e-3d3481d206ba,PAT_578,DOC_PED_2,Pediatrics,2026-08-18 13:15:00,new
2f0f4be3-f55f-4b2f-a328-bc5a682cda8d,PAT_326,DOC_PED_2,Pediatrics,2026-08-18 13:30:00,new
883852ca-e62f-4fd6-9569-fbd39e5f2840,PAT_654,DOC_PED_2,Pediatrics,2026-08-18 13:45:00,follow_up
e3e837f0-7dd7-4479-87e0-6ff0dc5e6b3c,PAT_447,DOC_GEN_1,General Physician,2026-08-19 09:00:00,follow_up
24405976-234e-443c-826e-275b82b81d78,PAT_13,DOC_GEN_1,General Physician,2026-08-19 09:10:00,follow_up
43417aef-cce1-4ff8-b138-a2a9740cf455,PAT_772,DOC_GEN_1,General Physician,2026-08-19 09:20:00,new
440d7649-a99c-466b-8027-8cfad84a4f69,PAT_662,DOC_GEN_1,General Physician,2026-08-19 09:30:00,new
028e859a-e3f9-4158-84e3-d84cdc1ebafa,PAT_241,DOC_GEN_1,General Physician,2026-08-19 09:40:00,new
cb60753e-2039-40f3-92f7-080d32229f4c,PAT_529,DOC_GEN_1,General Physician,2026-08-19 09:50:00,follow_up
f7d8656d-68d0-4fa8-937b-dcde6f67361d,PAT_762,DOC_GEN_1,General Physician,2026-08-19 10:00:00,follow_up
2f8c1d23-8563-4f10-ac42-7038f1c9d729,PAT_829,DOC_GEN_1,General Physician,2026-08-19 10:10:00,new
7dea183f-2377-4091-a6e7-a75e851e9413,PAT_178,DOC_GEN_1,General Physician,2026-08-19 10:20:00,follow_up
7a51f109-4506-418f-8f51-b37ede449cc4,PAT_392,DOC_GEN_1,General Physician,2026-08-19 10:30:00,new
af2d4bfd-4865-496e-b731-be3c67240429,PAT_96,DOC_GEN_2,General Physician,2026-08-19 09:00:00,follow_up
3b9fb541-3e82-4aad-879c-da0bdac01c69,PAT_128,DOC_GEN_2,General Physician,2026-08-19 09:10:00,new
de243d4a-fe1f-4685-9c87-004b7eb12d2d,PAT_209,DOC_GEN_2,General Physician,2026-08-19 09:20:00,new
b4ced7f8-5588-4005-b840-8eb4d762c1ee,PAT_706,DOC_GEN_2,General Physician,2026-08-19 09:30:00,new
60ab2626-aefe-4fd1-beee-001294eb36f9,PAT_87,DOC_GEN_2,General Physician,2026-08-19 09:40:00,new
67a279ba-29bf-439d-b107-e9ef8b2fbc0a,PAT_284,DOC_GEN_2,General Physician,2026-08-19 09:50:00,new
a5e0b0c2-c122-4277-aa5d-81bba7081238,PAT_581,DOC_GEN_2,General Physician,2026-08-19 10:00:00,new
9ccb6e41-ea3a-474e-9d17-27914a6b0607,PAT_546,DOC_GEN_2,General Physician,2026-08-19 10:10:00,new
c999cb9e-6908-4fe6-a049-87e84157f15d,PAT_348,DOC_GEN_2,General Physician,2026-08-19 10:20:00,follow_up
a473ae33-1867-43f7-aa22-264601944e21,PAT_130,DOC_GEN_2,General Physician,2026-08-19 10:30:00,new
1b4a618e-f3b7-4e5c-aab2-50d716bd3fbf,PAT_703,DOC_GEN_2,General Physician,2026-08-19 10:40:00,new
e7f47ad4-2cff-486b-b3c5-5c35db48678f,PAT_11,DOC_CAR_1,Cardiology,2026-08-19 09:00:00,follow_up
29affcc3-c1a6-4e9c-89e4-e42ed9bfafe8,PAT_615,DOC_CAR_1,Cardiology,2026-08-19 09:25:00,new
a5c49a6c-4aa9-4a14-abd6-4c4c39ecfc83,PAT_123,DOC_CAR_1,Cardiology,2026-08-19 09:50:00,follow_up
214480ef-42d1-4461-851d-797ac893585c,PAT_370,DOC_CAR_1,Cardiology,2026-08-19 10:15:00,follow_up
33053fb1-1d91-4972-8a7b-e4ac44c10718,PAT_965,DOC_CAR_1,Cardiology,2026-08-19 10:40:00,new
191c6863-e6fe-4671-badb-6e704ed91ad4,PAT_416,DOC_CAR_1,Cardiology,2026-08-19 11:05:00,new
0c3f89a0-94d9-48f0-954e-1d646d3d9bbb,PAT_22,DOC_CAR_1,Cardiology,2026-08-19 11:30:00,follow_up
070fdbc7-76fe-4c4f-8fa9-dc97a8df1ddb,PAT_336,DOC_CAR_1,Cardiology,2026-08-19 11:55:00,follow_up
88b41345-e690-4a60-aa55-18e2a411cd45,PAT_790,DOC_CAR_1,Cardiology,2026-08-19 12:20:00,follow_up
eb5cee77-813b-4396-9211-830979bd8ec6,PAT_805,DOC_CAR_1,Cardiology,2026-08-19 12:45:00,new
23fc3d78-79a6-40ed-827f-5436d100c1f4,PAT_640,DOC_CAR_1,Cardiology,2026-08-19 13:10:00,follow_up
54225112-0ef1-487f-96f4-6530a416e464,PAT_182,DOC_CAR_1,Cardiology,2026-08-19 13:35:00,new
a11709a1-c03b-48b9-ac66-e58c68199165,PAT_69,DOC_CAR_1,Cardiology,2026-08-19 14:00:00,new
7e2a81b1-a370-498f-88db-611e22810355,PAT_244,DOC_CAR_1,Cardiology,2026-08-19 14:25:00,new
bcb84894-a5c2-4901-8fa9-6fc50ab32bbe,PAT_648,DOC_CAR_1,Cardiology,2026-08-19 14:50:00,new
229e4374-3104-455e-838c-239443a498b5,PAT_840,DOC_CAR_1,Cardiology,2026-08-19 15:15:00,follow_up
f40b6176-12df-4eee-8c89-846518c47641,PAT_830,DOC_CAR_2,Cardiology,2026-08-19 09:00:00,follow_up
d2b36ac7-a325-48d5-ac0a-3a8875cd123b,PAT_530,DOC_CAR_2,Cardiology,2026-08-19 09:25:00,new
bd72a1c7-d18b-41b9-8752-209923ca8237,PAT_209,DOC_CAR_2,Cardiology,2026-08-19 09:50:00,follow_up
43a8e878-2028-4126-89a1-9e923f03d7eb,PAT_479,DOC_CAR_2,Cardiology,2026-08-19 10:15:00,new
5dbc2d82-5905-4f26-aef1-33eb0d4c732d,PAT_928,DOC_CAR_2,Cardiology,2026-08-19 10:40:00,follow_up
006e6f73-3687-428d-8049-b7b008fd74e4,PAT_23,DOC_CAR_2,Cardiology,2026-08-19 11:05:00,new
a5367ed3-a696-4c33-a259-8c9f74cefe98,PAT_50,DOC_CAR_2,Cardiology,2026-08-19 11:30:00,follow_up
d5f72cdd-4ae3-40a8-aef4-d8e59ed88b56,PAT_667,DOC_CAR_2,Cardiology,2026-08-19 11:55:00,follow_up
5c2ae874-9ef1-4ca4-806a-4c0e00481dff,PAT_410,DOC_CAR_2,Cardiology,2026-08-19 12:20:00,follow_up
1c9f27e7-edca-4913-851c-964aa9809542,PAT_547,DOC_CAR_2,Cardiology,2026-08-19 12:45:00,new
148a378d-64a3-4f81-a5fc-d81d6d192d96,PAT_905,DOC_ORT_1,Orthopedics,2026-08-19 09:00:00,follow_up
1c9872ec-7049-48eb-9a01-1cf29f936815,PAT_693,DOC_ORT_1,Orthopedics,2026-08-19 09:20:00,follow_up
92ea50c7-1146-4fc4-bb04-4fc03e60bd57,PAT_545,DOC_ORT_1,Orthopedics,2026-08-19 09:40:00,new
7a7a9082-29f0-4050-898a-e3d3b32b9222,PAT_724,DOC_ORT_1,Orthopedics,2026-08-19 10:00:00,new
6f47ae3c-cefc-4bc8-b265-964bd962d8d0,PAT_250,DOC_ORT_1,Orthopedics,2026-08-19 10:20:00,new
c77c1147-2ae8-442a-9406-c960a3d1d4ec,PAT_933,DOC_ORT_1,Orthopedics,2026-08-19 10:40:00,new
979e59e5-2fc5-41ad-befb-ebce95a5812e,PAT_70,DOC_ORT_1,Orthopedics,2026-08-19 11:00:00,new
f105daac-eaf7-45f1-8065-9360adb900db,PAT_828,DOC_ORT_1,Orthopedics,2026-08-19 11:20:00,new
58e3137e-0454-46f9-ad7b-4d68ab1166f5,PAT_556,DOC_ORT_1,Orthopedics,2026-08-19 11:40:00,follow_up
5591c74f-ac64-4c69-9b90-f730b45a7c85,PAT_417,DOC_ORT_1,Orthopedics,2026-08-19 12:00:00,follow_up
f6291b2a-bed3-4416-a5cc-3cf0b2bb74ab,PAT_670,DOC_ORT_1,Orthopedics,2026-08-19 12:20:00,new
8367e58c-813b-4ec5-be32-103489fd18c4,PAT_126,DOC_ORT_1,Orthopedics,2026-08-19 12:40:00,follow_up
79e0aac4-ca22-4f49-a59c-e2eaa0252756,PAT_960,DOC_ORT_1,Orthopedics,2026-08-19 13:00:00,new
13fda908-e205-43bd-bb4e-8d9242e961f7,PAT_93,DOC_ORT_1,Orthopedics,2026-08-19 13:20:00,follow_up
2cb93af0-791f-492c-a6b1-5a6588e8b6a4,PAT_170,DOC_ORT_1,Orthopedics,2026-08-19 13:40:00,new
05e9bead-e5c1-416b-a6d1-1d7afd89a35e,PAT_298,DOC_ORT_1,Orthopedics,2026-08-19 14:00:00,follow_up
1551fa76-14e4-4245-8d85-3f7a2dc77ef8,PAT_236,DOC_ORT_1,Orthopedics,2026-08-19 14:20:00,new
e062731c-15b1-4743-a912-0aeeaa91231e,PAT_596,DOC_ORT_1,Orthopedics,2026-08-19 14:40:00,new
d25a3c7c-f7fe-460f-b71d-f1dd99c90823,PAT_230,DOC_ORT_1,Orthopedics,2026-08-19 15:00:00,follow_up
04487588-82a8-4958-af79-03db98712941,PAT_572,DOC_ORT_1,Orthopedics,2026-08-19 15:20:00,follow_up
efb574ef-293e-413b-80d2-ba6cedaab560,PAT_223,DOC_ORT_2,Orthopedics,2026-08-19 09:00:00,new
91bcf52f-6e19-41b6-95f8-8e07e8122004,PAT_6,DOC_ORT_2,Orthopedics,2026-08-19 09:20:00,new
4129495d-662c-4ce7-a43f-f42e2af8006a,PAT_669,DOC_ORT_2,Orthopedics,2026-08-19 09:40:00,new
7ae5c751-4e7e-4097-b195-9253b7ebde31,PAT_363,DOC_ORT_2,Orthopedics,2026-08-19 10:00:00,follow_up
241101b0-751a-4ba6-bf0d-940ccf20f87f,PAT_722,DOC_ORT_2,Orthopedics,2026-08-19 10:20:00,new
5dc79dbf-0a14-45e8-80de-a78788d28d24,PAT_44,DOC_ORT_2,Orthopedics,2026-08-19 10:40:00,follow_up
3a17d14b-285f-4c34-9bab-b3c3cdfc8056,PAT_194,DOC_ORT_2,Orthopedics,2026-08-19 11:00:00,follow_up
3dd43aac-2367-4ca0-b039-527058291266,PAT_757,DOC_ORT_2,Orthopedics,2026-08-19 11:20:00,new
32b73a38-4b8d-45fc-8247-5c4ef3f530de,PAT_746,DOC_ORT_2,Orthopedics,2026-08-19 11:40:00,follow_up
4c991176-7a8a-41f8-bee4-220f181c70a5,PAT_266,DOC_ORT_2,Orthopedics,2026-08-19 12:00:00,follow_up
6d4325a0-10ed-4259-8101-6b1bf0e28e82,PAT_74,DOC_ORT_2,Orthopedics,2026-08-19 12:20:00,follow_up
a39bace2-a973-4322-8467-bf084e63d00a,PAT_472,DOC_PED_1,Pediatrics,2026-08-19 09:00:00,follow_up
5d866e41-ab97-4bb8-a50e-329071c20878,PAT_342,DOC_PED_1,Pediatrics,2026-08-19 09:15:00,follow_up
b9773567-5005-40c2-9f32-555e02f5f25f,PAT_693,DOC_PED_1,Pediatrics,2026-08-19 09:30:00,follow_up
e5ec2c3f-45e4-4fdb-8c06-5956693633d7,PAT_618,DOC_PED_1,Pediatrics,2026-08-19 09:45:00,new
d38c79e2-86ef-4881-a999-c045e61f36ca,PAT_374,DOC_PED_1,Pediatrics,2026-08-19 10:00:00,new
f4206ce8-ce85-4e8b-9469-c6775b0245d7,PAT_342,DOC_PED_1,Pediatrics,2026-08-19 10:15:00,new
750d424c-f114-4ba5-8619-a5f787bb638b,PAT_150,DOC_PED_1,Pediatrics,2026-08-19 10:30:00,follow_up
3d87a77b-1612-45d8-843a-2b5344a980cc,PAT_848,DOC_PED_1,Pediatrics,2026-08-19 10:45:00,new
4cde5125-1b8c-4954-aa81-ee248898f7a2,PAT_424,DOC_PED_1,Pediatrics,2026-08-19 11:00:00,follow_up
511f0c6b-6ab7-48c2-a53e-5aca3ebd6eab,PAT_532,DOC_PED_1,Pediatrics,2026-08-19 11:15:00,new
969413b6-715b-46b5-8902-283b843b9ebf,PAT_755,DOC_PED_1,Pediatrics,2026-08-19 11:30:00,new
eaab8d9c-7609-4f12-af87-a89b3cd39cd5,PAT_528,DOC_PED_1,Pediatrics,2026-08-19 11:45:00,new
8d46782f-48ec-4eac-a18a-086041dbb6c7,PAT_21,DOC_PED_1,Pediatrics,2026-08-19 12:00:00,follow_up
f0887598-2322-4d2f-8031-826fbe8d66d8,PAT_160,DOC_PED_1,Pediatrics,2026-08-19 12:15:00,follow_up
dc5d7b98-c041-4d6e-9fec-578147329f8a,PAT_276,DOC_PED_1,Pediatrics,2026-08-19 12:30:00,follow_up
06284608-ada7-48d9-bba4-77ee0a27f1b2,PAT_834,DOC_PED_1,Pediatrics,2026-08-19 12:45:00,follow_up
d0c6b84f-261d-48ed-b7fb-167d78bebec6,PAT_593,DOC_PED_2,Pediatrics,2026-08-19 09:00:00,follow_up
593275ce-c465-486b-88ad-81f4ead6613f,PAT_143,DOC_PED_2,Pediatrics,2026-08-19 09:15:00,new
24fcebb6-52c1-47ce-8499-1d90e6ac501e,PAT_710,DOC_PED_2,Pediatrics,2026-08-19 09:30:00,follow_up
2b153352-5443-4b91-9f0c-e8d0ea4c2dd4,PAT_140,DOC_PED_2,Pediatrics,2026-08-19 09:45:00,follow_up
a3df17d8-c4ba-427f-a38e-ff724e0b2a5e,PAT_652,DOC_PED_2,Pediatrics,2026-08-19 10:00:00,follow_up
5fea3425-ce31-4ef4-9c5b-3f6380eac896,PAT_62,DOC_PED_2,Pediatrics,2026-08-19 10:15:00,new
cb4f4a14-6f16-472f-9b75-312ed29cbea0,PAT_744,DOC_PED_2,Pediatrics,2026-08-19 10:30:00,follow_up
258d8d42-2f9e-4363-85fe-29f6f990b822,PAT_368,DOC_PED_2,Pediatrics,2026-08-19 10:45:00,new
7fc2d683-5cf0-417e-a367-002f9abd9224,PAT_596,DOC_PED_2,Pediatrics,2026-08-19 11:00:00,new
1664cf3a-69b5-4dd2-812d-18c59f968e1b,PAT_993,DOC_PED_2,Pediatrics,2026-08-19 11:15:00,follow_up
b51ebe5b-92f9-4a0e-99f5-0b52c78edd60,PAT_62,DOC_PED_2,Pediatrics,2026-08-19 11:30:00,follow_up
cd400c3a-2828-424f-b33f-784b9404b76c,PAT_826,DOC_PED_2,Pediatrics,2026-08-19 11:45:00,new
59f895c8-41ea-40cf-a8d6-42560fc05a35,PAT_259,DOC_PED_2,Pediatrics,2026-08-19 12:00:00,follow_up
0a9dfad8-3630-4816-9dfa-433470db2b8f,PAT_557,DOC_PED_2,Pediatrics,2026-08-19 12:15:00,follow_up
6e17a3c5-2da3-436a-a194-9cc0ade41010,PAT_964,DOC_PED_2,Pediatrics,2026-08-19 12:30:00,new
d54ee1a3-7560-4a01-bc20-696ee1a85d54,PAT_886,DOC_PED_2,Pediatrics,2026-08-19 12:45:00,follow_up
f335f409-aa74-4e3c-a1ef-002927d2c55e,PAT_977,DOC_PED_2,Pediatrics,2026-08-19 13:00:00,follow_up
25b75faa-b988-477c-b7ee-b863e186d76a,PAT_32,DOC_GEN_1,General Physician,2026-08-20 09:00:00,follow_up
f11af837-e7ba-40cd-b449-b0a3c0b7af63,PAT_624,DOC_GEN_1,General Physician,2026-08-20 09:10:00,new
c878f9c6-c3a4-423d-9279-d0fffd63577d,PAT_358,DOC_GEN_1,General Physician,2026-08-20 09:20:00,follow_up
8bbc061a-336d-4f6a-907b-37f687df5c57,PAT_80,DOC_GEN_1,General Physician,2026-08-20 09:30:00,follow_up
27b535e0-e594-48cc-8b5f-6ba038bf801e,PAT_746,DOC_GEN_1,General Physician,2026-08-20 09:40:00,follow_up
b2c91aab-cef6-4a7a-8d05-d279d2f21c94,PAT_422,DOC_GEN_1,General Physician,2026-08-20 09:50:00,follow_up
3d740e1f-73c0-4b72-bd9f-1c486ad54ef3,PAT_486,DOC_GEN_1,General Physician,2026-08-20 10:00:00,follow_up
a379e4bd-6239-45ac-8379-cba8b2af4070,PAT_575,DOC_GEN_1,General Physician,2026-08-20 10:10:00,follow_up
06810d7c-8346-4356-90b0-f7c811b908b1,PAT_927,DOC_GEN_1,General Physician,2026-08-20 10:20:00,new
ee0a2dad-d161-4b38-b715-f0e53ce58396,PAT_194,DOC_GEN_1,General Physician,2026-08-20 10:30:00,new
5094c85e-b579-4826-ba1b-117cce680222,PAT_677,DOC_GEN_1,General Physician,2026-08-20 10:40:00,new
c42cd40c-5b2d-460e-933e-73acb7b2d0bc,PAT_151,DOC_GEN_1,General Physician,2026-08-20 10:50:00,new
e7b754a6-a9af-4c23-ab72-76ba6f24dfed,PAT_49,DOC_GEN_1,General Physician,2026-08-20 11:00:00,follow_up
6616d30e-33b0-45be-94c0-8a2e25e4bf73,PAT_540,DOC_GEN_1,General Physician,2026-08-20 11:10:00,follow_up
83c7f517-b70c-4b93-958a-334184388520,PAT_802,DOC_GEN_1,General Physician,2026-08-20 11:20:00,new
ec63d49d-493c-4605-a67a-8d975cc2309a,PAT_800,DOC_GEN_1,General Physician,2026-08-20 11:30:00,follow_up
22f33444-2a3e-4a28-8463-ed0b86c78ad0,PAT_359,DOC_GEN_1,General Physician,2026-08-20 11:40:00,follow_up
46f8e11d-378b-4ab4-94c6-7af1f58fc070,PAT_777,DOC_GEN_2,General Physician,2026-08-20 09:00:00,follow_up
b0eb6f3e-0ffb-4eb4-80f1-16b2b7bfc3e1,PAT_434,DOC_GEN_2,General Physician,2026-08-20 09:10:00,new
d81e8e2d-f421-4181-892c-0284188fce8e,PAT_348,DOC_GEN_2,General Physician,2026-08-20 09:20:00,new
9137afcf-44b3-40cf-b28d-0adc1dc725fe,PAT_393,DOC_GEN_2,General Physician,2026-08-20 09:30:00,new
1adefcc8-15e9-4fc4-8946-aa5f477ac95a,PAT_14,DOC_GEN_2,General Physician,2026-08-20 09:40:00,follow_up
5cbd6650-0f6f-4c92-b3d2-86365577027a,PAT_877,DOC_GEN_2,General Physician,2026-08-20 09:50:00,new
3c2c84e6-c955-4644-a699-8b24e65bde14,PAT_77,DOC_GEN_2,General Physician,2026-08-20 10:00:00,follow_up
3efc60ac-a8ce-40f3-b528-282ad1400e1c,PAT_377,DOC_GEN_2,General Physician,2026-08-20 10:10:00,new
2bb46dde-7883-442b-b2dd-f68aced613a8,PAT_752,DOC_GEN_2,General Physician,2026-08-20 10:20:00,new
50bee295-2b38-4c9b-bfb3-91ceeef2ab3c,PAT_278,DOC_GEN_2,General Physician,2026-08-20 10:30:00,new
ee33a20d-cf73-4339-8f06-278c30195bd9,PAT_970,DOC_GEN_2,General Physician,2026-08-20 10:40:00,follow_up
b398172c-5bd0-4fd4-9c9d-3d58f5998edd,PAT_239,DOC_GEN_2,General Physician,2026-08-20 10:50:00,follow_up
a7077ad2-23c6-4a49-a344-ef701d7807b6,PAT_325,DOC_GEN_2,General Physician,2026-08-20 11:00:00,follow_up
db3478fc-2f9e-4ec7-8796-5b0dc8e8ed29,PAT_588,DOC_GEN_2,General Physician,2026-08-20 11:10:00,follow_up
638ff8a4-b2a4-4455-ac07-72084a041a57,PAT_9,DOC_CAR_1,Cardiology,2026-08-20 09:00:00,follow_up
c45bb899-45e9-45f1-9f76-d74ef9ea5814,PAT_202,DOC_CAR_1,Cardiology,2026-08-20 09:25:00,follow_up
9c6a3939-53b1-4e77-9d7d-f86b7bbd07d6,PAT_679,DOC_CAR_1,Cardiology,2026-08-20 09:50:00,new
f3f22f13-9a83-406f-b96d-ff6b0561948c,PAT_185,DOC_CAR_1,Cardiology,2026-08-20 10:15:00,follow_up
08d802ce-9cce-4a5d-b285-107de755613c,PAT_675,DOC_CAR_1,Cardiology,2026-08-20 10:40:00,new
d7b5c85b-9304-4e0c-9bb8-ec998c9aaaad,PAT_133,DOC_CAR_1,Cardiology,2026-08-20 11:05:00,new
2fc38ba1-f181-4f4d-b5a6-8c2149588d33,PAT_104,DOC_CAR_1,Cardiology,2026-08-20 11:30:00,new
c01a1bc8-5295-4744-ba03-62d2dfbf39e5,PAT_790,DOC_CAR_1,Cardiology,2026-08-20 11:55:00,follow_up
1c9410da-9215-4172-8b6d-7a44e5b28d2c,PAT_182,DOC_CAR_1,Cardiology,2026-08-20 12:20:00,follow_up
67044021-aba0-441b-a7e1-a062de70ce55,PAT_400,DOC_CAR_1,Cardiology,2026-08-20 12:45:00,new
3f8200b0-8b93-4a82-a76d-6703abd9983a,PAT_471,DOC_CAR_1,Cardiology,2026-08-20 13:10:00,new
68e283f9-e5ad-49d9-8c88-9e18aa730a5f,PAT_487,DOC_CAR_1,Cardiology,2026-08-20 13:35:00,follow_up
cc49b784-dd7a-45b6-aed9-26e929341801,PAT_970,DOC_CAR_1,Cardiology,2026-08-20 14:00:00,follow_up
77e1b120-28ae-4623-9bc7-77ad64210fc7,PAT_458,DOC_CAR_1,Cardiology,2026-08-20 14:25:00,new
9af5fbc6-9081-42c9-bb07-a6a6e1bca189,PAT_213,DOC_CAR_1,Cardiology,2026-08-20 14:50:00,follow_up
e5c47298-1dd0-4f6c-8fce-24e6b6364d5c,PAT_85,DOC_CAR_1,Cardiology,2026-08-20 15:15:00,new
f255d955-3dff-42c5-a810-a6a6dcef2e0c,PAT_177,DOC_CAR_2,Cardiology,2026-08-20 09:00:00,follow_up
a49eb079-490e-4a53-8ccf-440986c41daa,PAT_127,DOC_CAR_2,Cardiology,2026-08-20 09:25:00,new
a6b97a01-25d6-44a1-916e-7d594960bf45,PAT_890,DOC_CAR_2,Cardiology,2026-08-20 09:50:00,new
39ac7c7c-8251-4566-a4f7-98c7d8936c22,PAT_548,DOC_CAR_2,Cardiology,2026-08-20 10:15:00,new
5df12bff-a9b9-46a3-a1fd-5fc028c120ad,PAT_584,DOC_CAR_2,Cardiology,2026-08-20 10:40:00,new
a9eb18d8-7416-45dd-b9f3-7eedb3c48c5d,PAT_63,DOC_CAR_2,Cardiology,2026-08-20 11:05:00,new
0f201160-4535-49d8-9b1c-35f7d3beaa57,PAT_497,DOC_CAR_2,Cardiology,2026-08-20 11:30:00,follow_up
94f969c1-98ca-468e-8402-4aecddc65969,PAT_966,DOC_CAR_2,Cardiology,2026-08-20 11:55:00,follow_up
8100babf-1dd8-4191-b57d-5037acba0aed,PAT_198,DOC_CAR_2,Cardiology,2026-08-20 12:20:00,follow_up
0d3d0ed5-a872-4ed4-87be-c71ae2e61de3,PAT_195,DOC_CAR_2,Cardiology,2026-08-20 12:45:00,follow_up
eb9cfa45-4edc-4278-b7aa-2fc3ea4a10e3,PAT_541,DOC_CAR_2,Cardiology,2026-08-20 13:10:00,new
3137e346-87bc-439b-bf25-d56af3c2b14b,PAT_447,DOC_CAR_2,Cardiology,2026-08-20 13:35:00,follow_up
cef09a30-3d1c-4d21-9f8e-75445f2ecdd4,PAT_544,DOC_CAR_2,Cardiology,2026-08-20 14:00:00,follow_up
7bc5be42-6f60-491c-ac27-88c9d0a4422a,PAT_852,DOC_CAR_2,Cardiology,2026-08-20 14:25:00,new
cd1028f6-db86-4c2f-ae8a-e07744e9cc02,PAT_201,DOC_CAR_2,Cardiology,2026-08-20 14:50:00,new
4d116610-868b-4a66-8530-252fb30afc44,PAT_261,DOC_CAR_2,Cardiology,2026-08-20 15:15:00,follow_up
c32e64f9-4f55-454f-9196-83ff81bf4d87,PAT_553,DOC_CAR_2,Cardiology,2026-08-20 15:40:00,new
bb4a3e84-b570-4d77-9f89-dd06714f5b2c,PAT_373,DOC_ORT_1,Orthopedics,2026-08-20 09:00:00,new
5ea366d9-a63b-4311-8845-f398e8057a46,PAT_461,DOC_ORT_1,Orthopedics,2026-08-20 09:20:00,follow_up
18685e3c-361e-4ea2-ba8d-ee1588b1884f,PAT_417,DOC_ORT_1,Orthopedics,2026-08-20 09:40:00,follow_up
dd122199-2cf3-46b5-b5db-11aa6881da2c,PAT_74,DOC_ORT_1,Orthopedics,2026-08-20 10:00:00,follow_up
335db83b-2bdc-49f0-96fb-9e209b91bd9f,PAT_942,DOC_ORT_1,Orthopedics,2026-08-20 10:20:00,new
ea5230ee-2f87-425b-a2ac-19e5c9560796,PAT_817,DOC_ORT_1,Orthopedics,2026-08-20 10:40:00,new
994b952b-6901-44fb-96de-c79014df3bbd,PAT_324,DOC_ORT_1,Orthopedics,2026-08-20 11:00:00,new
521846e0-7334-4daf-9e78-970c97f06106,PAT_31,DOC_ORT_1,Orthopedics,2026-08-20 11:20:00,new
8bc54178-cfd5-4e4e-bf5b-5a2b7d02dab6,PAT_137,DOC_ORT_1,Orthopedics,2026-08-20 11:40:00,follow_up
fe07fcc8-e24a-4b87-8c51-354ae00a3836,PAT_466,DOC_ORT_1,Orthopedics,2026-08-20 12:00:00,new
1e03e11e-192e-4c1d-b11c-2595baf9f02d,PAT_145,DOC_ORT_1,Orthopedics,2026-08-20 12:20:00,new
764c5e93-896a-4bb6-8923-717db1ececa0,PAT_863,DOC_ORT_1,Orthopedics,2026-08-20 12:40:00,new
619c20e4-1986-438d-baae-614f4c4cd5a0,PAT_387,DOC_ORT_1,Orthopedics,2026-08-20 13:00:00,follow_up
10f58b5e-62c6-4b28-bbcc-07f0dff21310,PAT_61,DOC_ORT_1,Orthopedics,2026-08-20 13:20:00,follow_up
0c09433d-ee23-4038-b1c9-33998aaeaa94,PAT_779,DOC_ORT_1,Orthopedics,2026-08-20 13:40:00,new
8aa9666d-d644-4d1c-b7eb-430173384495,PAT_646,DOC_ORT_1,Orthopedics,2026-08-20 14:00:00,new
5e58b95b-8833-4b7e-8687-f56952b13877,PAT_272,DOC_ORT_1,Orthopedics,2026-08-20 14:20:00,new
00a677fd-d222-4ff5-82ce-dc40857e479c,PAT_899,DOC_ORT_1,Orthopedics,2026-08-20 14:40:00,new
087f265f-573b-4062-8a65-57fb033cc3b1,PAT_710,DOC_ORT_1,Orthopedics,2026-08-20 15:00:00,follow_up
dde5c6f3-7a45-4eb5-9916-043673086511,PAT_803,DOC_ORT_1,Orthopedics,2026-08-20 15:20:00,new
c25fbbf2-a7b1-4500-a4c0-ac82c5c2d745,PAT_108,DOC_ORT_2,Orthopedics,2026-08-20 09:00:00,follow_up
420b5fa7-d111-4f0d-aea3-d41b490af857,PAT_990,DOC_ORT_2,Orthopedics,2026-08-20 09:20:00,new
2f71d856-40b3-4e8f-b22f-16a5bf1dc664,PAT_335,DOC_ORT_2,Orthopedics,2026-08-20 09:40:00,follow_up
6d435728-6ff0-45b3-9678-3600e568d622,PAT_33,DOC_ORT_2,Orthopedics,2026-08-20 10:00:00,follow_up
d189fb1d-5772-485c-9377-98d344c3bd0a,PAT_887,DOC_ORT_2,Orthopedics,2026-08-20 10:20:00,follow_up
4786508b-2ce2-4a64-9e6f-d74b036cd463,PAT_86,DOC_ORT_2,Orthopedics,2026-08-20 10:40:00,follow_up
b87c68bf-028a-4c2e-8e37-beadbed4141c,PAT_261,DOC_ORT_2,Orthopedics,2026-08-20 11:00:00,follow_up
509ca64e-aa8c-4b7d-90c3-02f84ac8f098,PAT_734,DOC_ORT_2,Orthopedics,2026-08-20 11:20:00,new
129ea2c5-265a-4039-88aa-019542377938,PAT_459,DOC_ORT_2,Orthopedics,2026-08-20 11:40:00,new
bfd4857b-32f5-4cf4-844a-a40bf2a0c4c6,PAT_984,DOC_ORT_2,Orthopedics,2026-08-20 12:00:00,follow_up
d4cc0683-7aae-4b61-b1e6-9b8cf201669e,PAT_678,DOC_ORT_2,Orthopedics,2026-08-20 12:20:00,follow_up
6d75d355-9929-4187-a0f0-c34539908166,PAT_548,DOC_ORT_2,Orthopedics,2026-08-20 12:40:00,follow_up
1f880a24-ed04-4871-8733-e7c6b345867c,PAT_883,DOC_ORT_2,Orthopedics,2026-08-20 13:00:00,new
ab913659-7519-4599-9cdf-a54e5847d1f7,PAT_121,DOC_PED_1,Pediatrics,2026-08-20 09:00:00,follow_up
2d0bd1fa-0189-4649-899c-b59b3ccac382,PAT_437,DOC_PED_1,Pediatrics,2026-08-20 09:15:00,follow_up
f2d4e7a8-5ebf-47d8-b699-13ed63b09cd2,PAT_706,DOC_PED_1,Pediatrics,2026-08-20 09:30:00,new
16819ad6-c01f-4f59-906c-2cc55130367b,PAT_622,DOC_PED_1,Pediatrics,2026-08-20 09:45:00,new
6ad16ad2-ec85-47ca-a56b-fafddc54ab95,PAT_929,DOC_PED_1,Pediatrics,2026-08-20 10:00:00,follow_up
77afce6e-5d3c-49d1-9872-99b89dc970e7,PAT_53,DOC_PED_1,Pediatrics,2026-08-20 10:15:00,follow_up
c6223440-ab7c-4ed3-8e7c-6a7d8028dae2,PAT_319,DOC_PED_1,Pediatrics,2026-08-20 10:30:00,new
76521bee-7ebf-4450-8587-123097f9ef3b,PAT_459,DOC_PED_1,Pediatrics,2026-08-20 10:45:00,new
91e7cd1e-54b0-4e72-a91a-35622e64e501,PAT_396,DOC_PED_1,Pediatrics,2026-08-20 11:00:00,new
81b39c97-e4e7-4e70-93c4-dd377d002b4c,PAT_921,DOC_PED_1,Pediatrics,2026-08-20 11:15:00,follow_up
204377dc-447c-4c8c-ae15-45dbe439c23d,PAT_840,DOC_PED_1,Pediatrics,2026-08-20 11:30:00,new
ba57f99f-e7f3-4555-8f89-4e72f6de2d99,PAT_611,DOC_PED_1,Pediatrics,2026-08-20 11:45:00,follow_up
19130809-3680-4ab1-99d2-a768118563c2,PAT_859,DOC_PED_1,Pediatrics,2026-08-20 12:00:00,new
504ec890-520e-41b4-94d6-ae20d9498c9e,PAT_385,DOC_PED_1,Pediatrics,2026-08-20 12:15:00,new
4a78863e-3678-4fc3-bfa5-a39cd9c9a0d8,PAT_909,DOC_PED_1,Pediatrics,2026-08-20 12:30:00,follow_up
ffc39537-a67d-4072-9573-ce8671cd9dd5,PAT_594,DOC_PED_1,Pediatrics,2026-08-20 12:45:00,follow_up
b9da13e1-5d02-431a-8852-d68ffc24d81a,PAT_321,DOC_PED_2,Pediatrics,2026-08-20 09:00:00,new
e9b89430-2c4c-4d68-9bd0-b754633c0b36,PAT_928,DOC_PED_2,Pediatrics,2026-08-20 09:15:00,follow_up
71a7cc8b-e84c-47ee-8edc-8be9594b9a58,PAT_496,DOC_PED_2,Pediatrics,2026-08-20 09:30:00,new
e0b91d1f-cf4d-422a-8905-e96b0331f094,PAT_512,DOC_PED_2,Pediatrics,2026-08-20 09:45:00,follow_up
42252e52-4f25-4038-9a8c-2e775fb88587,PAT_126,DOC_PED_2,Pediatrics,2026-08-20 10:00:00,follow_up
2dac1ee4-a549-4584-a543-0fc64167f839,PAT_830,DOC_PED_2,Pediatrics,2026-08-20 10:15:00,follow_up
8dd088f9-eb7f-4f0b-a516-9e9e3bf8c0e3,PAT_985,DOC_PED_2,Pediatrics,2026-08-20 10:30:00,follow_up
99df3ce9-3ebc-4cad-a910-87e55b78195a,PAT_843,DOC_PED_2,Pediatrics,2026-08-20 10:45:00,follow_up
5ef31288-e835-47cb-ac83-575b0e123952,PAT_443,DOC_PED_2,Pediatrics,2026-08-20 11:00:00,follow_up
5847e953-6621-476f-a8c2-27ceed735cf4,PAT_174,DOC_PED_2,Pediatrics,2026-08-20 11:15:00,follow_up
ff98e3fe-78fd-456f-a66f-ad4352c07014,PAT_544,DOC_PED_2,Pediatrics,2026-08-20 11:30:00,new
4123c640-1fa8-468f-a1f9-6b8348c97e31,PAT_340,DOC_PED_2,Pediatrics,2026-08-20 11:45:00,follow_up
13d63321-129f-48e4-b227-06f6d6bd2eda,PAT_749,DOC_PED_2,Pediatrics,2026-08-20 12:00:00,new
c5fd0714-2873-4c1b-a58b-f2d6ea40876a,PAT_1,DOC_PED_2,Pediatrics,2026-08-20 12:15:00,new
46e4af73-6507-4100-91fe-825384bd011c,PAT_3,DOC_PED_2,Pediatrics,2026-08-20 12:30:00,new
4572e44c-dc80-4d18-b514-d5785a062e50,PAT_203,DOC_PED_2,Pediatrics,2026-08-20 12:45:00,new
928b4f7e-028f-4fa5-8896-b9c6d60b2c36,PAT_829,DOC_PED_2,Pediatrics,2026-08-20 13:00:00,follow_up
3ef99aa1-cc3c-4af2-849f-2dd3e8837fcf,PAT_804,DOC_PED_2,Pediatrics,2026-08-20 13:15:00,follow_up
b6182760-7451-418a-9717-70eff29a132b,PAT_541,DOC_GEN_1,General Physician,2026-08-21 09:00:00,new
ead397e9-4f0d-486b-9a57-cd9c59fd3d90,PAT_976,DOC_GEN_1,General Physician,2026-08-21 09:10:00,new
bbec59a3-8bd8-46b2-9ccc-7a5e96057033,PAT_671,DOC_GEN_1,General Physician,2026-08-21 09:20:00,new
6de18a91-762a-4975-85ca-aaea58774361,PAT_253,DOC_GEN_1,General Physician,2026-08-21 09:30:00,new
148398ff-8843-4665-8151-a1f290a7be50,PAT_889,DOC_GEN_1,General Physician,2026-08-21 09:40:00,new
e9bf21fb-fc3a-482a-aca9-a028946bdf3c,PAT_81,DOC_GEN_1,General Physician,2026-08-21 09:50:00,follow_up
f4927ed7-5da5-499f-9c31-f02abd409fb7,PAT_928,DOC_GEN_1,General Physician,2026-08-21 10:00:00,new
bbe821bf-c7f7-4cc8-b2dd-7be96a9bbedc,PAT_929,DOC_GEN_1,General Physician,2026-08-21 10:10:00,new
63f943aa-24be-4591-8bae-e7f2555542f2,PAT_240,DOC_GEN_1,General Physician,2026-08-21 10:20:00,follow_up
0b9c375a-45a7-45b9-9b98-21eff3f55168,PAT_542,DOC_GEN_1,General Physician,2026-08-21 10:30:00,follow_up
e5cc2ca8-a1a1-4ced-8eee-a240a808f1be,PAT_882,DOC_GEN_2,General Physician,2026-08-21 09:00:00,new
eb5fc80c-2300-4f7d-a9ed-b6f771316f6b,PAT_540,DOC_GEN_2,General Physician,2026-08-21 09:10:00,follow_up
90584a12-7cf7-470c-860b-1b37ae88f9ac,PAT_348,DOC_GEN_2,General Physician,2026-08-21 09:20:00,new
560feaec-f2d8-47c1-bb72-9112e0c5676b,PAT_695,DOC_GEN_2,General Physician,2026-08-21 09:30:00,new
449bbff0-bea6-4c80-aa3d-8d330ff38c83,PAT_765,DOC_GEN_2,General Physician,2026-08-21 09:40:00,follow_up
5c44c0bd-84f7-4763-a1fd-07588847a0b3,PAT_409,DOC_GEN_2,General Physician,2026-08-21 09:50:00,new
c1c9c8a7-bc50-42d9-92df-7b4a8a0fbf1f,PAT_363,DOC_GEN_2,General Physician,2026-08-21 10:00:00,new
2a750c52-f39d-4ab5-a478-5c67c6cfe432,PAT_578,DOC_GEN_2,General Physician,2026-08-21 10:10:00,new
6d7c9d35-41c5-4877-8fad-9a4942432c75,PAT_807,DOC_GEN_2,General Physician,2026-08-21 10:20:00,new
32903992-13c1-41c8-81a6-be51c84a621b,PAT_795,DOC_GEN_2,General Physician,2026-08-21 10:30:00,follow_up
9f24c9b9-3b21-4d05-970a-1ecfe4a9c0eb,PAT_55,DOC_GEN_2,General Physician,2026-08-21 10:40:00,follow_up
222fd257-7f8f-489d-b64c-19ff9c1f709f,PAT_753,DOC_GEN_2,General Physician,2026-08-21 10:50:00,new
fe478752-709d-481c-a25e-5854b1274d2d,PAT_306,DOC_GEN_2,General Physician,2026-08-21 11:00:00,new
fd9bd1a5-5a48-4272-a86c-d945016941de,PAT_571,DOC_GEN_2,General Physician,2026-08-21 11:10:00,new
9fa7ccf7-f27b-4e38-b639-b92910d8e088,PAT_907,DOC_GEN_2,General Physician,2026-08-21 11:20:00,new
94d07ccd-0c71-4f58-b9c5-0751c7d537f4,PAT_138,DOC_CAR_1,Cardiology,2026-08-21 09:00:00,new
29b35914-e9c9-43a7-8537-49fbb48f3040,PAT_352,DOC_CAR_1,Cardiology,2026-08-21 09:25:00,new
b7ca5815-c233-42cd-88c8-2ffe1ae0a2a0,PAT_237,DOC_CAR_1,Cardiology,2026-08-21 09:50:00,follow_up
7099f037-63db-4a59-9209-a5c5b9f64ff2,PAT_58,DOC_CAR_1,Cardiology,2026-08-21 10:15:00,follow_up
6da4086a-a3c3-4d16-ac19-5facfad233b7,PAT_166,DOC_CAR_1,Cardiology,2026-08-21 10:40:00,new
03650040-c865-421f-bc5c-80d873bc0c96,PAT_604,DOC_CAR_1,Cardiology,2026-08-21 11:05:00,follow_up
b04d6d3e-9ce4-496c-a51a-dfb79f1bae86,PAT_470,DOC_CAR_1,Cardiology,2026-08-21 11:30:00,new
ab318504-cd4a-49f6-a2ee-5bda239d0316,PAT_739,DOC_CAR_1,Cardiology,2026-08-21 11:55:00,new
a6ef3fb1-d444-4aee-ab17-35cccf881050,PAT_739,DOC_CAR_1,Cardiology,2026-08-21 12:20:00,new
d7ea629a-c563-4ce0-bce3-caa764da003c,PAT_698,DOC_CAR_1,Cardiology,2026-08-21 12:45:00,follow_up
85173c2b-e2bc-4c79-98ae-15aca7dd1666,PAT_337,DOC_CAR_1,Cardiology,2026-08-21 13:10:00,follow_up
4c140b3d-901e-4b99-8aaa-f73db565dd84,PAT_135,DOC_CAR_1,Cardiology,2026-08-21 13:35:00,follow_up
ef8ef15d-6d13-4898-a80b-2fe19d8ae106,PAT_332,DOC_CAR_1,Cardiology,2026-08-21 14:00:00,follow_up
f958c179-0e30-4d3f-bedd-2b6d5e207ca4,PAT_662,DOC_CAR_2,Cardiology,2026-08-21 09:00:00,follow_up
2bb09b67-db0d-4cf6-9c66-42b8f7a087f9,PAT_812,DOC_CAR_2,Cardiology,2026-08-21 09:25:00,follow_up
7bf8d40a-2512-480d-9295-8964eea50f10,PAT_674,DOC_CAR_2,Cardiology,2026-08-21 09:50:00,new
a400eff5-4ef2-4241-9ace-1254bfbc97cf,PAT_348,DOC_CAR_2,Cardiology,2026-08-21 10:15:00,new
5bef4abf-4eed-44b0-8539-e0145a14196c,PAT_247,DOC_CAR_2,Cardiology,2026-08-21 10:40:00,new
164a2225-51a0-4eca-85ee-9dd08d3d1b93,PAT_575,DOC_CAR_2,Cardiology,2026-08-21 11:05:00,follow_up
419df5a9-fbc1-4c8b-ae6a-5876e20c77ae,PAT_375,DOC_CAR_2,Cardiology,2026-08-21 11:30:00,new
6b26f969-b7c0-4e07-837a-88b34d7fe05d,PAT_118,DOC_CAR_2,Cardiology,2026-08-21 11:55:00,follow_up
fcfe1b71-d940-460a-9c86-a32a4c2b0119,PAT_806,DOC_CAR_2,Cardiology,2026-08-21 12:20:00,new
b900bfb8-3726-440a-91d7-09fed37608ba,PAT_691,DOC_CAR_2,Cardiology,2026-08-21 12:45:00,follow_up
9e2672e9-cf29-4d8d-8fc9-77f8c8853fff,PAT_336,DOC_CAR_2,Cardiology,2026-08-21 13:10:00,follow_up
e27508ad-a224-47a7-b325-d6058f70e618,PAT_831,DOC_CAR_2,Cardiology,2026-08-21 13:35:00,follow_up
e423cc00-87fd-490d-9220-c12a682194aa,PAT_618,DOC_CAR_2,Cardiology,2026-08-21 14:00:00,follow_up
9fc38b5f-d0fc-412d-b48e-d1a299d2185a,PAT_873,DOC_CAR_2,Cardiology,2026-08-21 14:25:00,follow_up
66d83c6d-9030-4f32-b250-448660ef19e5,PAT_867,DOC_CAR_2,Cardiology,2026-08-21 14:50:00,new
8df347f7-025e-405a-8e10-143fbb8a15ba,PAT_13,DOC_CAR_2,Cardiology,2026-08-21 15:15:00,follow_up
a29adf2f-ee70-407f-868c-bd0d00275774,PAT_867,DOC_ORT_1,Orthopedics,2026-08-21 09:00:00,new
8eb36966-1b17-40c7-b57e-5765545184ac,PAT_683,DOC_ORT_1,Orthopedics,2026-08-21 09:20:00,new
0de83fab-e405-4913-8766-392b6c400b11,PAT_937,DOC_ORT_1,Orthopedics,2026-08-21 09:40:00,new
d87b1566-0207-4866-9c2a-a6f7bb20d497,PAT_320,DOC_ORT_1,Orthopedics,2026-08-21 10:00:00,follow_up
0da658bd-f906-43d9-bb02-67af773ff2e1,PAT_266,DOC_ORT_1,Orthopedics,2026-08-21 10:20:00,follow_up
2ff8867c-5c25-4970-9f19-3a0686c04c34,PAT_813,DOC_ORT_1,Orthopedics,2026-08-21 10:40:00,new
d3b7b2da-8d52-4a75-9267-39944c9c1bef,PAT_824,DOC_ORT_1,Orthopedics,2026-08-21 11:00:00,follow_up
c35e09bd-6f92-47f8-822e-ecd788d10143,PAT_655,DOC_ORT_1,Orthopedics,2026-08-21 11:20:00,new
c39672e9-2233-4ab9-8b2d-b5987cbeed81,PAT_840,DOC_ORT_1,Orthopedics,2026-08-21 11:40:00,follow_up
65eba321-c27a-4c2b-88f5-b4ef75fd56c8,PAT_951,DOC_ORT_1,Orthopedics,2026-08-21 12:00:00,follow_up
f67157f5-b499-40d6-b4d7-7e72b9406bf2,PAT_293,DOC_ORT_1,Orthopedics,2026-08-21 12:20:00,follow_up
0bcc6fdf-9278-43fe-b05f-708beab2eff8,PAT_640,DOC_ORT_2,Orthopedics,2026-08-21 09:00:00,follow_up
ca278326-dabe-4d9b-aa9e-542dbabff7c0,PAT_623,DOC_ORT_2,Orthopedics,2026-08-21 09:20:00,follow_up
c2a62057-501c-4075-81bd-4d6250bcb3da,PAT_153,DOC_ORT_2,Orthopedics,2026-08-21 09:40:00,follow_up
5bc0e21e-14d3-4dc8-9208-928be9b0bf14,PAT_891,DOC_ORT_2,Orthopedics,2026-08-21 10:00:00,new
72859458-dd50-4db6-8ea2-bf015cb08f06,PAT_501,DOC_ORT_2,Orthopedics,2026-08-21 10:20:00,follow_up
fc5a20df-afb6-4b8c-9675-10338dde30d9,PAT_101,DOC_ORT_2,Orthopedics,2026-08-21 10:40:00,new
7831af60-467a-4f33-a7e5-18c2851ebfcc,PAT_130,DOC_ORT_2,Orthopedics,2026-08-21 11:00:00,new
0017c664-c0a5-4dd5-b666-b4f4e1ccce62,PAT_250,DOC_ORT_2,Orthopedics,2026-08-21 11:20:00,new
eec8f5d3-0070-454b-b560-8381440993e8,PAT_988,DOC_ORT_2,Orthopedics,2026-08-21 11:40:00,new
2e6b17bc-2d71-4571-8ffd-afe716b44741,PAT_127,DOC_ORT_2,Orthopedics,2026-08-21 12:00:00,new
d893a72b-9c12-4c8e-b85d-8bfcc334cf7e,PAT_645,DOC_ORT_2,Orthopedics,2026-08-21 12:20:00,new
aa0b1f6a-65e4-4e38-8c53-b68bf882f1f8,PAT_766,DOC_ORT_2,Orthopedics,2026-08-21 12:40:00,new
6900be6a-4b8c-44c7-bb1f-0a17420ed8f5,PAT_6,DOC_ORT_2,Orthopedics,2026-08-21 13:00:00,follow_up
e20e0abd-e24b-4c46-acbb-10e303a48c9d,PAT_276,DOC_ORT_2,Orthopedics,2026-08-21 13:20:00,follow_up
88f066a3-092b-4a68-a064-9caf716b8d4c,PAT_172,DOC_ORT_2,Orthopedics,2026-08-21 13:40:00,new
a78a6520-9bbd-41a7-8494-3d0c98adfee1,PAT_367,DOC_ORT_2,Orthopedics,2026-08-21 14:00:00,new
aafb7ab5-648b-45fe-ab78-7b14acf0b840,PAT_329,DOC_PED_1,Pediatrics,2026-08-21 09:00:00,follow_up
1d067b90-49d1-41e7-b170-531f2fae4cd5,PAT_850,DOC_PED_1,Pediatrics,2026-08-21 09:15:00,new
9e1ea940-ed64-42f2-bb12-8885cc8711a2,PAT_986,DOC_PED_1,Pediatrics,2026-08-21 09:30:00,follow_up
d1219fff-0469-42a1-9189-27da4d109b4a,PAT_67,DOC_PED_1,Pediatrics,2026-08-21 09:45:00,new
c5cf61de-cfc5-4c0b-9265-a465c1082205,PAT_417,DOC_PED_1,Pediatrics,2026-08-21 10:00:00,new
af62924e-0c63-46f5-8937-86b601d4396b,PAT_293,DOC_PED_1,Pediatrics,2026-08-21 10:15:00,follow_up
ce0712aa-c610-4cbc-81e9-fffcee063083,PAT_297,DOC_PED_1,Pediatrics,2026-08-21 10:30:00,follow_up
ee262041-c8c2-4e38-a229-f8c48bf6e5a9,PAT_362,DOC_PED_1,Pediatrics,2026-08-21 10:45:00,new
5d740263-22e6-4ac8-a6ca-1452eb36881f,PAT_599,DOC_PED_1,Pediatrics,2026-08-21 11:00:00,new
fd97e220-9b95-4441-8d93-98d27ca7243a,PAT_718,DOC_PED_1,Pediatrics,2026-08-21 11:15:00,new
45476e36-52f1-491e-bc5e-ed820487abe6,PAT_641,DOC_PED_1,Pediatrics,2026-08-21 11:30:00,follow_up
df4de068-c632-4264-bfe7-8928ddfff888,PAT_775,DOC_PED_1,Pediatrics,2026-08-21 11:45:00,new
e040fb11-6a6f-4069-8f1a-49c55d580489,PAT_266,DOC_PED_1,Pediatrics,2026-08-21 12:00:00,new
f641a262-c851-4160-ac93-92a333e4defb,PAT_718,DOC_PED_1,Pediatrics,2026-08-21 12:15:00,new
b7925417-a3fd-4468-8fff-ed3967d9d2e5,PAT_251,DOC_PED_1,Pediatrics,2026-08-21 12:30:00,new
c0749336-68ae-4121-be85-30b0151643a3,PAT_943,DOC_PED_1,Pediatrics,2026-08-21 12:45:00,new
031c9b0d-6977-48c2-9529-e973004261c4,PAT_487,DOC_PED_1,Pediatrics,2026-08-21 13:00:00,new
591a4ce9-bf88-492a-9d91-556edf4c0d09,PAT_613,DOC_PED_1,Pediatrics,2026-08-21 13:15:00,new
48bf885a-6ea3-445e-a63f-f411fd8d311a,PAT_254,DOC_PED_1,Pediatrics,2026-08-21 13:30:00,new
8bab71b6-2dbb-443d-9299-f0e8ae4d58af,PAT_125,DOC_PED_2,Pediatrics,2026-08-21 09:00:00,new
f009a857-b7ac-49b3-8ef5-7a67a893dee5,PAT_816,DOC_PED_2,Pediatrics,2026-08-21 09:15:00,follow_up
3a6d45ed-48e8-4fba-aa71-978c2455f987,PAT_323,DOC_PED_2,Pediatrics,2026-08-21 09:30:00,follow_up
9dc14f25-5ded-43fc-8baa-bf57111afc29,PAT_750,DOC_PED_2,Pediatrics,2026-08-21 09:45:00,follow_up
c6f48ef5-4e25-4ec6-a020-baae630cc8fb,PAT_359,DOC_PED_2,Pediatrics,2026-08-21 10:00:00,new
d8106c5d-5357-4565-b28e-45eacabd85b6,PAT_254,DOC_PED_2,Pediatrics,2026-08-21 10:15:00,new
4a5aae3a-d5ac-420f-a66e-a799988c77bf,PAT_754,DOC_PED_2,Pediatrics,2026-08-21 10:30:00,follow_up
a0a0fd5a-4da1-453d-ab0d-99f55e9ae504,PAT_167,DOC_PED_2,Pediatrics,2026-08-21 10:45:00,follow_up
87450065-ac39-49d2-b533-084684863b0d,PAT_852,DOC_PED_2,Pediatrics,2026-08-21 11:00:00,follow_up
88e83155-0afb-49b5-8ec7-02c14ce061ee,PAT_220,DOC_PED_2,Pediatrics,2026-08-21 11:15:00,follow_up
c5536fd1-3eda-4a0f-bf88-e39e3d33da64,PAT_711,DOC_PED_2,Pediatrics,2026-08-21 11:30:00,new
d8d55a3a-a713-4f2b-9fe5-43c6fe706ed8,PAT_506,DOC_PED_2,Pediatrics,2026-08-21 11:45:00,follow_up
21b0f769-1e7a-450f-b2da-69d757f02c62,PAT_553,DOC_PED_2,Pediatrics,2026-08-21 12:00:00,follow_up
8b7c34eb-ddd3-4dd6-9d9f-bb5f20cc6c3e,PAT_411,DOC_PED_2,Pediatrics,2026-08-21 12:15:00,new
4a188bb8-effc-4f8b-8c43-b6c7b928cd1f,PAT_111,DOC_PED_2,Pediatrics,2026-08-21 12:30:00,follow_up
57802670-5299-4263-b5c2-0a5278e357b0,PAT_740,DOC_PED_2,Pediatrics,2026-08-21 12:45:00,follow_up
c468c686-ac15-47df-adc0-15743ba4b116,PAT_220,DOC_PED_2,Pediatrics,2026-08-21 13:00:00,follow_up
cc5e794a-8666-47fd-a914-b63f3373d00f,PAT_803,DOC_PED_2,Pediatrics,2026-08-21 13:15:00,follow_up
f0b24c47-697f-4d53-beba-63d09a5f8b44,PAT_507,DOC_PED_2,Pediatrics,2026-08-21 13:30:00,follow_up
fefc3400-0f49-404f-9147-d46fc2f043e1,PAT_952,DOC_PED_2,Pediatrics,2026-08-21 13:45:00,new
14a920c9-7225-425a-b193-a0510d924a60,PAT_731,DOC_GEN_1,General Physician,2026-08-24 09:00:00,follow_up
cb8fb160-76e7-4a85-b757-4514269b2e25,PAT_390,DOC_GEN_1,General Physician,2026-08-24 09:10:00,new
7e87e76b-11d9-48a2-ac5c-d32127428f10,PAT_811,DOC_GEN_1,General Physician,2026-08-24 09:20:00,new
82cc95cb-0b34-4991-ad5e-b6799bb8b342,PAT_602,DOC_GEN_1,General Physician,2026-08-24 09:30:00,new
5a24d39e-6f58-441c-9e0a-ec0bc8db1704,PAT_932,DOC_GEN_1,General Physician,2026-08-24 09:40:00,follow_up
99e35717-86f4-4d45-a0f5-7e3e652b10d5,PAT_988,DOC_GEN_1,General Physician,2026-08-24 09:50:00,new
ce2cebe8-0fc4-4c3f-be97-498f6dba3572,PAT_35,DOC_GEN_1,General Physician,2026-08-24 10:00:00,new
d5f5b019-6348-4914-921c-eebf8ffb52f4,PAT_15,DOC_GEN_1,General Physician,2026-08-24 10:10:00,follow_up
20c773f0-65d6-4ae3-8681-da3d95c57498,PAT_50,DOC_GEN_1,General Physician,2026-08-24 10:20:00,new
92e2c1ab-b2aa-417a-94e2-c82b11a8b5dc,PAT_863,DOC_GEN_1,General Physician,2026-08-24 10:30:00,new
874eb468-e350-42e1-b445-625138c3b17f,PAT_133,DOC_GEN_1,General Physician,2026-08-24 10:40:00,new
8f405362-6492-43c5-9946-4ba1d239e19e,PAT_514,DOC_GEN_1,General Physician,2026-08-24 10:50:00,follow_up
56f1cd31-1373-4ff7-a499-c6ae2977816c,PAT_699,DOC_GEN_2,General Physician,2026-08-24 09:00:00,follow_up
c3403bfa-ca7a-46ff-abc8-6a7d56a8bcf3,PAT_781,DOC_GEN_2,General Physician,2026-08-24 09:10:00,new
a3f2c9d0-3d4c-4e70-abca-3882bbbadd54,PAT_245,DOC_GEN_2,General Physician,2026-08-24 09:20:00,new
6c935833-24fe-420b-9d4a-b536c5d2370b,PAT_325,DOC_GEN_2,General Physician,2026-08-24 09:30:00,follow_up
09897fba-8f7f-44eb-906e-4bc30404ad34,PAT_266,DOC_GEN_2,General Physician,2026-08-24 09:40:00,follow_up
ff960cd9-1b63-42e7-9cbd-66e206aa8ed7,PAT_295,DOC_GEN_2,General Physician,2026-08-24 09:50:00,follow_up
7832e698-d227-432d-89aa-16169a7a166d,PAT_573,DOC_GEN_2,General Physician,2026-08-24 10:00:00,follow_up
a51d8665-cb8c-4faa-84b9-c4f83740e55b,PAT_857,DOC_GEN_2,General Physician,2026-08-24 10:10:00,follow_up
23ec72e0-fa01-48a4-8ccb-59cd0230be11,PAT_898,DOC_GEN_2,General Physician,2026-08-24 10:20:00,new
860855b0-5b73-4287-b722-f748ffb50cb2,PAT_136,DOC_GEN_2,General Physician,2026-08-24 10:30:00,new
5acddca5-e6a9-4ae5-8563-93c4a4d5ef19,PAT_297,DOC_GEN_2,General Physician,2026-08-24 10:40:00,follow_up
87553905-510c-4570-b6c9-7652921bd7c1,PAT_973,DOC_GEN_2,General Physician,2026-08-24 10:50:00,follow_up
1277a422-72a2-4cd0-a2b8-706c7b19b530,PAT_805,DOC_GEN_2,General Physician,2026-08-24 11:00:00,new
c39490da-3d19-4909-8bfe-aa8612910798,PAT_373,DOC_GEN_2,General Physician,2026-08-24 11:10:00,new
47d1eabf-7db0-486f-a644-b0c7731bf0d7,PAT_403,DOC_CAR_1,Cardiology,2026-08-24 09:00:00,follow_up
dd2baa2e-b46f-4b3e-ac66-c2cbe65b9634,PAT_997,DOC_CAR_1,Cardiology,2026-08-24 09:25:00,follow_up
d66287f1-e277-4069-81a0-1bf4f44435ca,PAT_488,DOC_CAR_1,Cardiology,2026-08-24 09:50:00,follow_up
99c8d838-628a-4269-9d58-55db89c5f7d2,PAT_280,DOC_CAR_1,Cardiology,2026-08-24 10:15:00,follow_up
ce3dfe47-6cb2-4e43-845b-cac910311f3f,PAT_620,DOC_CAR_1,Cardiology,2026-08-24 10:40:00,new
638ee158-39dd-45c7-b7bf-a2b9b821a0b3,PAT_767,DOC_CAR_1,Cardiology,2026-08-24 11:05:00,follow_up
cf2262b3-4551-4fea-90e9-e89057333ee6,PAT_641,DOC_CAR_1,Cardiology,2026-08-24 11:30:00,follow_up
247b59d0-ec85-4d20-a863-cdb983b3cb66,PAT_167,DOC_CAR_1,Cardiology,2026-08-24 11:55:00,new
ce3eabb5-195a-48a8-8476-4bc3f3c78c64,PAT_405,DOC_CAR_1,Cardiology,2026-08-24 12:20:00,new
73ff5bd3-0f60-4939-97ba-0a346b9ebfbb,PAT_346,DOC_CAR_1,Cardiology,2026-08-24 12:45:00,follow_up
33253ec8-3a24-4e9b-9b4f-ca337a200b10,PAT_895,DOC_CAR_1,Cardiology,2026-08-24 13:10:00,new
1dd2d7b6-1fa4-444c-89a1-99a3c479a23d,PAT_845,DOC_CAR_1,Cardiology,2026-08-24 13:35:00,follow_up
b99559dc-624c-4e13-bc73-f6ff4bcb6ede,PAT_128,DOC_CAR_1,Cardiology,2026-08-24 14:00:00,follow_up
436b8922-bdad-48e3-90a6-6d2f5aa962af,PAT_357,DOC_CAR_1,Cardiology,2026-08-24 14:25:00,follow_up
e6921d2e-2ef2-46d0-8eab-f5983604b8a4,PAT_413,DOC_CAR_1,Cardiology,2026-08-24 14:50:00,follow_up
b84f323e-b965-4ab9-925b-cc08d8ad1383,PAT_431,DOC_CAR_1,Cardiology,2026-08-24 15:15:00,new
35c03043-1d2f-4534-ae30-a79bdc14c0ba,PAT_413,DOC_CAR_2,Cardiology,2026-08-24 09:00:00,follow_up
4f853393-6af4-4a86-b5d3-1d0abb22f6e9,PAT_4,DOC_CAR_2,Cardiology,2026-08-24 09:25:00,new
af8b4b75-74a9-4c12-be45-737a5492d475,PAT_737,DOC_CAR_2,Cardiology,2026-08-24 09:50:00,new
ab1f872c-6d79-468c-854a-8dff6bf3c591,PAT_483,DOC_CAR_2,Cardiology,2026-08-24 10:15:00,follow_up
3d0a5d85-17a7-48c8-ac5a-602af1baa289,PAT_358,DOC_CAR_2,Cardiology,2026-08-24 10:40:00,new
59dbde3b-02c1-41fa-903a-b786212ee030,PAT_447,DOC_CAR_2,Cardiology,2026-08-24 11:05:00,follow_up
1c8433b3-f036-4fc7-a6d8-8db627a69217,PAT_346,DOC_CAR_2,Cardiology,2026-08-24 11:30:00,follow_up
9bb75dee-36a0-40f5-a2b5-587812914de4,PAT_888,DOC_CAR_2,Cardiology,2026-08-24 11:55:00,follow_up
a79d6157-ef7a-4106-835f-9b49b23d3273,PAT_400,DOC_CAR_2,Cardiology,2026-08-24 12:20:00,new
8a9e3bd7-f857-478e-ba2a-54926950d39c,PAT_5,DOC_CAR_2,Cardiology,2026-08-24 12:45:00,follow_up
50af0b3b-44f0-4c71-ac73-eae9a62d55db,PAT_233,DOC_CAR_2,Cardiology,2026-08-24 13:10:00,follow_up
dc360c86-a95b-4aa3-9016-bb7f02cc625b,PAT_981,DOC_CAR_2,Cardiology,2026-08-24 13:35:00,follow_up
d1edcfb0-7c2b-40c8-a6df-143fbecd05f5,PAT_741,DOC_CAR_2,Cardiology,2026-08-24 14:00:00,follow_up
bad66021-f30a-486a-99e9-17d4ccf7137a,PAT_101,DOC_CAR_2,Cardiology,2026-08-24 14:25:00,new
8c40af90-893b-4a9b-a83c-e7f34129ff0a,PAT_448,DOC_CAR_2,Cardiology,2026-08-24 14:50:00,follow_up
24f07bff-71f7-41c7-b022-394cb2d26a0a,PAT_309,DOC_ORT_1,Orthopedics,2026-08-24 09:00:00,follow_up
6605bbc1-98ab-45e6-9291-5a5c7cd80718,PAT_973,DOC_ORT_1,Orthopedics,2026-08-24 09:20:00,new
a0c645f8-345f-4eef-b9b5-693d24918452,PAT_404,DOC_ORT_1,Orthopedics,2026-08-24 09:40:00,new
ae9280d1-2ba5-4672-8105-fe6839a05bd5,PAT_301,DOC_ORT_1,Orthopedics,2026-08-24 10:00:00,new
6e404ded-85f1-40e0-aceb-ce47c09ba260,PAT_195,DOC_ORT_1,Orthopedics,2026-08-24 10:20:00,follow_up
40fc3f31-ec5b-4010-b0a3-1c1ee95e1a0a,PAT_163,DOC_ORT_1,Orthopedics,2026-08-24 10:40:00,new
ce405f82-7e88-4f0c-9d14-43b0fd7986c6,PAT_253,DOC_ORT_1,Orthopedics,2026-08-24 11:00:00,new
120a26bd-4367-4159-b382-9918eec1152d,PAT_310,DOC_ORT_1,Orthopedics,2026-08-24 11:20:00,new
849c5bb3-2895-4889-84eb-48fb1e35b2fd,PAT_164,DOC_ORT_1,Orthopedics,2026-08-24 11:40:00,new
9ad241a2-dca9-430e-ad20-895cf4cd4c9c,PAT_302,DOC_ORT_1,Orthopedics,2026-08-24 12:00:00,follow_up
da2759be-3773-420f-b6fd-09914af86219,PAT_196,DOC_ORT_1,Orthopedics,2026-08-24 12:20:00,new
291f956b-07cf-42e7-a941-b41a208a59a7,PAT_747,DOC_ORT_1,Orthopedics,2026-08-24 12:40:00,new
af12d9db-4ea1-40d5-9e0a-8779d193986b,PAT_71,DOC_ORT_1,Orthopedics,2026-08-24 13:00:00,follow_up
5481a6c8-a5cd-43eb-93d5-c20dff9012c8,PAT_885,DOC_ORT_1,Orthopedics,2026-08-24 13:20:00,follow_up
589cb4fb-6901-4f23-b056-9c6672facf8b,PAT_709,DOC_ORT_1,Orthopedics,2026-08-24 13:40:00,follow_up
4383b732-2520-4574-922a-9ef2cdf25b04,PAT_256,DOC_ORT_1,Orthopedics,2026-08-24 14:00:00,new
1e6de922-e932-4dec-96f1-0825645a8455,PAT_619,DOC_ORT_1,Orthopedics,2026-08-24 14:20:00,new
31b3d29f-ed8e-4b54-8f2d-d70dfb7b3556,PAT_905,DOC_ORT_1,Orthopedics,2026-08-24 14:40:00,new
52d26f8d-58fe-4e88-b83a-cc57baa6f6df,PAT_121,DOC_ORT_1,Orthopedics,2026-08-24 15:00:00,follow_up
59885ae5-a3e7-4353-af1f-f524d823ad0a,PAT_173,DOC_ORT_1,Orthopedics,2026-08-24 15:20:00,new
d7299f70-fab4-4616-8d98-5b1d8b5aff9d,PAT_624,DOC_ORT_2,Orthopedics,2026-08-24 09:00:00,new
c821239a-a414-4b8d-8d65-857586168c52,PAT_232,DOC_ORT_2,Orthopedics,2026-08-24 09:20:00,follow_up
4faa3742-23f7-43fb-9c97-ee3ea3fbbe54,PAT_770,DOC_ORT_2,Orthopedics,2026-08-24 09:40:00,follow_up
a07c963a-a992-478c-a54e-0f8c14d38f43,PAT_654,DOC_ORT_2,Orthopedics,2026-08-24 10:00:00,new
fb863e0f-d0d3-454a-b8c7-c1e82d6cb78e,PAT_870,DOC_ORT_2,Orthopedics,2026-08-24 10:20:00,follow_up
58a5ec0a-49b4-4368-a8a2-5ccb63d6db68,PAT_937,DOC_ORT_2,Orthopedics,2026-08-24 10:40:00,follow_up
738b483e-2dd8-40da-8462-f1c1b82975f6,PAT_768,DOC_ORT_2,Orthopedics,2026-08-24 11:00:00,follow_up
3eaa94b3-efc9-42ed-85e3-2a6b4a983e0a,PAT_86,DOC_ORT_2,Orthopedics,2026-08-24 11:20:00,follow_up
7d3f7d0e-a548-4300-9fa0-0122e6c1cc34,PAT_994,DOC_ORT_2,Orthopedics,2026-08-24 11:40:00,follow_up
8f5bc07e-7c4f-4c6a-8bf4-0ed83f35c026,PAT_658,DOC_ORT_2,Orthopedics,2026-08-24 12:00:00,follow_up
aa4be4b7-e49f-4dfb-b490-457b9878edbd,PAT_99,DOC_ORT_2,Orthopedics,2026-08-24 12:20:00,follow_up
3ac61544-9d5a-4910-880d-3ce16add0dbc,PAT_119,DOC_ORT_2,Orthopedics,2026-08-24 12:40:00,new
c8703f46-8712-43f3-a58d-19e5f1950d77,PAT_530,DOC_ORT_2,Orthopedics,2026-08-24 13:00:00,follow_up
82186236-6ad1-4832-9e02-4c5d390492a5,PAT_576,DOC_ORT_2,Orthopedics,2026-08-24 13:20:00,new
9e2cc086-c237-4d9c-a0cd-d3b55fb826ea,PAT_728,DOC_ORT_2,Orthopedics,2026-08-24 13:40:00,new
edabb7c8-b4db-4f11-94fd-beacec6b70c3,PAT_893,DOC_ORT_2,Orthopedics,2026-08-24 14:00:00,new
ebbf04d6-1530-4904-bf81-0a6b9056ba74,PAT_951,DOC_PED_1,Pediatrics,2026-08-24 09:00:00,follow_up
2384f352-ce26-4685-8817-c30c2b665049,PAT_842,DOC_PED_1,Pediatrics,2026-08-24 09:15:00,follow_up
5c143128-82de-4275-bcf5-5200a86127f0,PAT_917,DOC_PED_1,Pediatrics,2026-08-24 09:30:00,new
b67d19b3-60ce-47bf-9755-cdd4ebd7be24,PAT_576,DOC_PED_1,Pediatrics,2026-08-24 09:45:00,follow_up
7106e502-ca4d-44ef-87b6-efdf6484968a,PAT_604,DOC_PED_1,Pediatrics,2026-08-24 10:00:00,new
ddc9fb45-d1f4-4516-81a2-941fc4d779f4,PAT_799,DOC_PED_1,Pediatrics,2026-08-24 10:15:00,new
fc9a4ea5-17a4-4ced-b1ff-bde837f157ac,PAT_370,DOC_PED_1,Pediatrics,2026-08-24 10:30:00,follow_up
10f65c8f-dd27-4266-8bc5-f5a52532576d,PAT_442,DOC_PED_1,Pediatrics,2026-08-24 10:45:00,follow_up
779bf0dd-aa14-4dd7-9cc0-866d07ad3d7e,PAT_660,DOC_PED_1,Pediatrics,2026-08-24 11:00:00,follow_up
41c49c62-6f33-43be-b30e-7d15a2bb0a05,PAT_813,DOC_PED_1,Pediatrics,2026-08-24 11:15:00,new
f30d0daf-118f-42c7-b240-7d9f645b639f,PAT_154,DOC_PED_1,Pediatrics,2026-08-24 11:30:00,new
32f03d59-0073-4f13-bbaa-4dc086540e3c,PAT_659,DOC_PED_1,Pediatrics,2026-08-24 11:45:00,new
55583e28-f9d4-465c-88dc-feeded7daa2f,PAT_47,DOC_PED_1,Pediatrics,2026-08-24 12:00:00,follow_up
ff31478a-c441-4102-880b-337b438ca17f,PAT_479,DOC_PED_1,Pediatrics,2026-08-24 12:15:00,follow_up
af3202c6-5e92-4ed7-b1d7-c8fa231b3708,PAT_852,DOC_PED_1,Pediatrics,2026-08-24 12:30:00,new
191fd83e-8ed3-4db4-8254-6cd280ed4b4f,PAT_476,DOC_PED_1,Pediatrics,2026-08-24 12:45:00,follow_up
1a6100ef-eac4-40c9-8f20-8bd2f2c909ec,PAT_955,DOC_PED_1,Pediatrics,2026-08-24 13:00:00,follow_up
1b40310d-f22d-47e8-a6a2-43b077e8e7cd,PAT_76,DOC_PED_1,Pediatrics,2026-08-24 13:15:00,new
648f7a7d-6c76-4222-8e94-0882ad153288,PAT_729,DOC_PED_1,Pediatrics,2026-08-24 13:30:00,new
4fa928fe-8c27-4aff-b682-fadd6524ddb3,PAT_68,DOC_PED_2,Pediatrics,2026-08-24 09:00:00,new
4b9f148b-99cd-40fb-b4d6-a82eb6ddcc7b,PAT_11,DOC_PED_2,Pediatrics,2026-08-24 09:15:00,follow_up
42ca64f4-8779-4950-bab9-31bb9e604f8e,PAT_594,DOC_PED_2,Pediatrics,2026-08-24 09:30:00,follow_up
64229bdb-58e4-45ac-9e6f-e9c384221388,PAT_438,DOC_PED_2,Pediatrics,2026-08-24 09:45:00,new
d9221965-9d04-4225-a856-cd9f1de1a114,PAT_303,DOC_PED_2,Pediatrics,2026-08-24 10:00:00,follow_up
f64f8f7c-d7bf-4125-b717-202c17af4895,PAT_989,DOC_PED_2,Pediatrics,2026-08-24 10:15:00,follow_up
6b3ae092-b434-4101-88f3-8f544af2a717,PAT_554,DOC_PED_2,Pediatrics,2026-08-24 10:30:00,follow_up
ba5997e5-46e8-48ce-b647-b806d4125b56,PAT_50,DOC_PED_2,Pediatrics,2026-08-24 10:45:00,follow_up
8b7aaa55-92e4-41fb-bcff-1f6ff7a99fec,PAT_681,DOC_PED_2,Pediatrics,2026-08-24 11:00:00,new
9c43ed2e-e5bf-457c-a45c-a81bb9096a3d,PAT_842,DOC_PED_2,Pediatrics,2026-08-24 11:15:00,follow_up
14f49e0b-8b2c-47e0-9135-a1bcdc4daff9,PAT_168,DOC_PED_2,Pediatrics,2026-08-24 11:30:00,follow_up
cebc69ed-e749-4de2-8e3e-84e53133f49e,PAT_288,DOC_PED_2,Pediatrics,2026-08-24 11:45:00,follow_up
e1d12101-1608-40a3-a812-2290e9cd890b,PAT_937,DOC_PED_2,Pediatrics,2026-08-24 12:00:00,follow_up
06643a0c-1a81-46d8-ba50-687a934aa13d,PAT_584,DOC_PED_2,Pediatrics,2026-08-24 12:15:00,new
e4b90b29-d37f-4734-a61c-89565ce338bd,PAT_580,DOC_GEN_1,General Physician,2026-08-25 09:00:00,new
bf48ed80-f877-4e2b-8250-2f967e9eaa60,PAT_77,DOC_GEN_1,General Physician,2026-08-25 09:10:00,follow_up
a44a4844-06a5-44ff-8961-4f20e4b149b4,PAT_308,DOC_GEN_1,General Physician,2026-08-25 09:20:00,follow_up
40bbf89d-3ee9-47e8-af6f-c52370c4b11e,PAT_69,DOC_GEN_1,General Physician,2026-08-25 09:30:00,new
d71dd9ba-a0fb-4e2c-9f6a-96ab7e6faf74,PAT_265,DOC_GEN_1,General Physician,2026-08-25 09:40:00,new
8331c551-fe99-4863-9fda-e715d002b538,PAT_383,DOC_GEN_1,General Physician,2026-08-25 09:50:00,new
e852a25c-436a-457c-852c-833107b4f12a,PAT_301,DOC_GEN_1,General Physician,2026-08-25 10:00:00,follow_up
b6cf4d49-8e62-4cb0-b863-439abb9a8b49,PAT_807,DOC_GEN_1,General Physician,2026-08-25 10:10:00,follow_up
cf16e58d-4454-46d6-912f-ccbaa4725f4f,PAT_912,DOC_GEN_1,General Physician,2026-08-25 10:20:00,follow_up
835aceff-a175-4669-807d-37268fe6f275,PAT_41,DOC_GEN_1,General Physician,2026-08-25 10:30:00,follow_up
4f5c68a4-c1d1-4315-879d-a35de9ae9c71,PAT_535,DOC_GEN_1,General Physician,2026-08-25 10:40:00,follow_up
7f476149-2d66-484f-ac06-f778178188c2,PAT_694,DOC_GEN_1,General Physician,2026-08-25 10:50:00,new
bc44f567-7dd7-434f-afa6-3ca6339dd817,PAT_139,DOC_GEN_1,General Physician,2026-08-25 11:00:00,new
fde03761-0898-4a40-9eb3-6bc128eab271,PAT_146,DOC_GEN_1,General Physician,2026-08-25 11:10:00,follow_up
a7c5ac03-5251-4ebb-852a-f6a2a92d9108,PAT_539,DOC_GEN_1,General Physician,2026-08-25 11:20:00,new
221b23de-289e-4a52-8ec3-9d95b65e2640,PAT_439,DOC_GEN_1,General Physician,2026-08-25 11:30:00,follow_up
1653b241-ddd6-44e6-b2a7-0a628c3da54c,PAT_71,DOC_GEN_1,General Physician,2026-08-25 11:40:00,new
cc0224db-ddd2-4a1c-8663-4effac074daf,PAT_813,DOC_GEN_1,General Physician,2026-08-25 11:50:00,follow_up
f4f96cbc-ce2d-40cf-88d7-fad476ab56e0,PAT_383,DOC_GEN_2,General Physician,2026-08-25 09:00:00,new
fbc5921f-61b8-42dd-baf4-08453120eeba,PAT_532,DOC_GEN_2,General Physician,2026-08-25 09:10:00,new
85a0876d-34c9-46b8-9f7a-76018bef5116,PAT_603,DOC_GEN_2,General Physician,2026-08-25 09:20:00,follow_up
f71723c7-e58b-4089-b20a-f3a4dddc4037,PAT_384,DOC_GEN_2,General Physician,2026-08-25 09:30:00,follow_up
b283c4af-2917-4d45-ae97-49c84e739c20,PAT_763,DOC_GEN_2,General Physician,2026-08-25 09:40:00,follow_up
22d82096-96eb-4c89-83f1-087ddbd776a9,PAT_612,DOC_GEN_2,General Physician,2026-08-25 09:50:00,new
91c72ae3-298f-41a5-b129-3753ccb13d2c,PAT_33,DOC_GEN_2,General Physician,2026-08-25 10:00:00,new
79d31d62-efa6-48bf-b675-d7cce2f33f18,PAT_393,DOC_GEN_2,General Physician,2026-08-25 10:10:00,follow_up
c3b0d056-7fec-4fa1-90ad-51205ea4c1ee,PAT_507,DOC_GEN_2,General Physician,2026-08-25 10:20:00,new
c229b5ee-2176-4d8b-906e-3820c1cf0937,PAT_426,DOC_GEN_2,General Physician,2026-08-25 10:30:00,new
4495063e-16ac-4892-95d7-c48f41aca85d,PAT_37,DOC_GEN_2,General Physician,2026-08-25 10:40:00,new
a2a2d661-d665-479e-82d1-89bac1c0438e,PAT_942,DOC_GEN_2,General Physician,2026-08-25 10:50:00,new
55255af4-c75b-4f72-80c4-d728448c9b7b,PAT_27,DOC_GEN_2,General Physician,2026-08-25 11:00:00,follow_up
c07561fb-31c6-4ea9-89cf-59494cc8602c,PAT_86,DOC_GEN_2,General Physician,2026-08-25 11:10:00,follow_up
21ed3281-2058-4d6a-b4de-796bcaa88995,PAT_258,DOC_GEN_2,General Physician,2026-08-25 11:20:00,new
d4b790c6-6422-4b8c-a1bc-609290bd3728,PAT_132,DOC_GEN_2,General Physician,2026-08-25 11:30:00,new
877c290f-21fb-44b9-a8ad-f4202c2ee7a6,PAT_476,DOC_GEN_2,General Physician,2026-08-25 11:40:00,new
447f8b58-a5dc-4ef9-8a14-9c197a595a44,PAT_93,DOC_GEN_2,General Physician,2026-08-25 11:50:00,follow_up
6748306e-2a94-45b2-a7c0-86dba60f50e2,PAT_158,DOC_GEN_2,General Physician,2026-08-25 12:00:00,new
743dd510-f777-4415-9561-8b8b9b10b237,PAT_646,DOC_GEN_2,General Physician,2026-08-25 12:10:00,follow_up
0e50b980-e4a3-4c57-b85e-03f1fc6e313e,PAT_505,DOC_CAR_1,Cardiology,2026-08-25 09:00:00,follow_up
f5b2d599-92a1-487c-8642-40d18b0f4edf,PAT_405,DOC_CAR_1,Cardiology,2026-08-25 09:25:00,follow_up
2e33d7ab-d87e-4a73-9e12-f8ba54d11092,PAT_205,DOC_CAR_1,Cardiology,2026-08-25 09:50:00,new
4eb8c60e-d376-44cd-9b79-4a61e8dfd8b2,PAT_499,DOC_CAR_1,Cardiology,2026-08-25 10:15:00,new
add5da6b-85b2-4634-945b-8f63833c6b23,PAT_868,DOC_CAR_1,Cardiology,2026-08-25 10:40:00,new
56a3fbe0-36a5-47c0-afe8-6ebbb8972d7a,PAT_579,DOC_CAR_1,Cardiology,2026-08-25 11:05:00,new
47f2dc4b-d1e5-472c-9506-02705aab5287,PAT_982,DOC_CAR_1,Cardiology,2026-08-25 11:30:00,new
2f8ec5d1-3bea-4259-b2b5-06e036488fee,PAT_414,DOC_CAR_1,Cardiology,2026-08-25 11:55:00,new
5788db56-fd58-48f9-aa83-f07dcb2c7b56,PAT_59,DOC_CAR_1,Cardiology,2026-08-25 12:20:00,follow_up
1f8c8ecf-29a5-4ff8-8794-35b854220207,PAT_523,DOC_CAR_1,Cardiology,2026-08-25 12:45:00,follow_up
c286b716-a130-4f9b-917c-3a14795c04d8,PAT_312,DOC_CAR_1,Cardiology,2026-08-25 13:10:00,new
d626f8e8-59c5-41fc-aad4-0b9a005383db,PAT_2,DOC_CAR_1,Cardiology,2026-08-25 13:35:00,new
5cfb61de-1509-46e9-aa5d-bc72751d0ccf,PAT_442,DOC_CAR_1,Cardiology,2026-08-25 14:00:00,follow_up
294148b6-6353-4b34-b191-a49d31235289,PAT_868,DOC_CAR_1,Cardiology,2026-08-25 14:25:00,new
e755547e-d323-414d-8243-acee319aa480,PAT_497,DOC_CAR_2,Cardiology,2026-08-25 09:00:00,new
28ffc83e-2c9b-4cd2-bb12-0c3655287551,PAT_823,DOC_CAR_2,Cardiology,2026-08-25 09:25:00,follow_up
478f7d98-98d2-4aa8-b895-3fb83914667b,PAT_302,DOC_CAR_2,Cardiology,2026-08-25 09:50:00,follow_up
2df4e0b6-619a-4a05-8291-d2869af24d77,PAT_479,DOC_CAR_2,Cardiology,2026-08-25 10:15:00,follow_up
78b451d3-cb58-4e7d-9989-e335af842f88,PAT_79,DOC_CAR_2,Cardiology,2026-08-25 10:40:00,follow_up
e56b9fea-5980-4aac-accd-20fdd741d5eb,PAT_334,DOC_CAR_2,Cardiology,2026-08-25 11:05:00,new
c751ef24-1277-4560-b870-b5dee861cca9,PAT_776,DOC_CAR_2,Cardiology,2026-08-25 11:30:00,follow_up
50bcaa86-5fda-4e57-9d8b-de1d109c634d,PAT_714,DOC_CAR_2,Cardiology,2026-08-25 11:55:00,follow_up
9a231ece-82ff-4e90-9d4d-aa7ca97815ac,PAT_328,DOC_CAR_2,Cardiology,2026-08-25 12:20:00,follow_up
389823df-b194-4a5f-abbd-ec342b9919ec,PAT_129,DOC_CAR_2,Cardiology,2026-08-25 12:45:00,follow_up
3524e031-0765-4ea9-b979-010693708cff,PAT_399,DOC_CAR_2,Cardiology,2026-08-25 13:10:00,follow_up
7e156095-d558-496b-aec7-ec43ef702971,PAT_597,DOC_CAR_2,Cardiology,2026-08-25 13:35:00,new
1e89e2b6-8113-459a-b970-de37d6690ea0,PAT_144,DOC_CAR_2,Cardiology,2026-08-25 14:00:00,follow_up
6e70a621-8908-45c0-bef2-9ab953723d38,PAT_812,DOC_ORT_1,Orthopedics,2026-08-25 09:00:00,follow_up
9801dd0f-3ecd-43c2-9548-575eb4c0f014,PAT_267,DOC_ORT_1,Orthopedics,2026-08-25 09:20:00,new
e21b1916-b5fd-4ef9-bc0c-a97a7b4e8185,PAT_731,DOC_ORT_1,Orthopedics,2026-08-25 09:40:00,new
72f5b605-9d88-420f-b005-fa718e1ffd0d,PAT_336,DOC_ORT_1,Orthopedics,2026-08-25 10:00:00,follow_up
64f2ca74-892e-4350-a7ac-3dec40431f5f,PAT_914,DOC_ORT_1,Orthopedics,2026-08-25 10:20:00,new
e3a9e8db-785c-4438-a3fa-96f8b0182a3d,PAT_224,DOC_ORT_1,Orthopedics,2026-08-25 10:40:00,new
4121261a-1b75-47b6-afd6-5fb0247b8436,PAT_483,DOC_ORT_1,Orthopedics,2026-08-25 11:00:00,follow_up
c08c0659-060d-46e3-89ce-36c8b5386744,PAT_289,DOC_ORT_1,Orthopedics,2026-08-25 11:20:00,new
b3ef12f3-ad26-45d4-808a-0d4d425d82f9,PAT_548,DOC_ORT_1,Orthopedics,2026-08-25 11:40:00,follow_up
e6656e7c-7161-4a5a-b350-5a6a4980decb,PAT_665,DOC_ORT_1,Orthopedics,2026-08-25 12:00:00,new
3881711e-fe23-4e25-a33b-6ce5e532506c,PAT_59,DOC_ORT_1,Orthopedics,2026-08-25 12:20:00,follow_up
1aa169c5-2a36-45bd-ad01-c76a672e1deb,PAT_220,DOC_ORT_1,Orthopedics,2026-08-25 12:40:00,new
de3d4f21-d808-44e5-951b-15bae052b7da,PAT_933,DOC_ORT_2,Orthopedics,2026-08-25 09:00:00,new
7b01fe91-8a36-41aa-9641-fbf5fa2a96fb,PAT_142,DOC_ORT_2,Orthopedics,2026-08-25 09:20:00,new
9a551623-ee4b-42f8-aa55-84d0aaa55c9a,PAT_551,DOC_ORT_2,Orthopedics,2026-08-25 09:40:00,follow_up
eba54087-2513-4977-b669-f578e379f559,PAT_651,DOC_ORT_2,Orthopedics,2026-08-25 10:00:00,follow_up
11a50cfe-f3ef-40a0-aa87-79869c9fd8aa,PAT_869,DOC_ORT_2,Orthopedics,2026-08-25 10:20:00,follow_up
ceb546a9-a687-4411-a14f-f398b97a73c0,PAT_798,DOC_ORT_2,Orthopedics,2026-08-25 10:40:00,follow_up
5886fbfc-34e4-42a4-aece-4350cd52c515,PAT_911,DOC_ORT_2,Orthopedics,2026-08-25 11:00:00,follow_up
113cd588-2bb1-4deb-b5b8-b0fdb64972b7,PAT_14,DOC_ORT_2,Orthopedics,2026-08-25 11:20:00,follow_up
a94ed524-24e5-49f5-b4a9-caeafd1ea0e7,PAT_385,DOC_ORT_2,Orthopedics,2026-08-25 11:40:00,follow_up
9238756a-6d59-4b00-92b3-1e9e5641e5fd,PAT_668,DOC_ORT_2,Orthopedics,2026-08-25 12:00:00,new
50d06f24-27a1-4a56-8554-e6dcc2b3fd35,PAT_73,DOC_ORT_2,Orthopedics,2026-08-25 12:20:00,new
ff250cef-66e7-4f15-9bfe-54a6b810880d,PAT_102,DOC_ORT_2,Orthopedics,2026-08-25 12:40:00,new
3f2f5aa0-fce5-4912-9b5b-085355cbe9a0,PAT_754,DOC_ORT_2,Orthopedics,2026-08-25 13:00:00,new
5a2d5e5a-f26e-4d1d-bc00-582eda30951c,PAT_847,DOC_ORT_2,Orthopedics,2026-08-25 13:20:00,follow_up
98bddde4-03e0-416d-b8f1-cdee08930921,PAT_205,DOC_ORT_2,Orthopedics,2026-08-25 13:40:00,new
5282fbba-ea60-4755-8352-38abe0c09618,PAT_444,DOC_ORT_2,Orthopedics,2026-08-25 14:00:00,follow_up
db7a080a-4a12-4781-9d1d-6b42864c4c92,PAT_345,DOC_ORT_2,Orthopedics,2026-08-25 14:20:00,new
f37d8c44-ce4f-46a1-a3b5-ff1349db4b9b,PAT_62,DOC_ORT_2,Orthopedics,2026-08-25 14:40:00,new
2700ea3a-4aca-45fe-a830-458507129bdb,PAT_488,DOC_ORT_2,Orthopedics,2026-08-25 15:00:00,new
9c061758-da84-4c6f-95d4-7b025bb54b63,PAT_490,DOC_PED_1,Pediatrics,2026-08-25 09:00:00,follow_up
a2bb9c1d-2da4-479a-bd75-fec0fad684f3,PAT_333,DOC_PED_1,Pediatrics,2026-08-25 09:15:00,follow_up
e19e6cf1-bb2c-4915-98de-753faa7b8430,PAT_662,DOC_PED_1,Pediatrics,2026-08-25 09:30:00,new
b419f13f-72c3-4815-aac6-f8b26905eb67,PAT_447,DOC_PED_1,Pediatrics,2026-08-25 09:45:00,new
5cc32f5e-fd0c-4cd4-bb21-d24ace8337e8,PAT_65,DOC_PED_1,Pediatrics,2026-08-25 10:00:00,follow_up
8ac0602b-36c9-4122-b404-87e74d0f785f,PAT_997,DOC_PED_1,Pediatrics,2026-08-25 10:15:00,new
86dcd746-9bde-4056-a0dd-cce5938cfda9,PAT_111,DOC_PED_1,Pediatrics,2026-08-25 10:30:00,new
d728e17b-d304-4654-a823-f7d031624db9,PAT_845,DOC_PED_1,Pediatrics,2026-08-25 10:45:00,new
41f1ac4d-f818-48e2-ae27-123d2cb1427a,PAT_466,DOC_PED_1,Pediatrics,2026-08-25 11:00:00,follow_up
d17dd509-202e-4ac8-80e0-18156bfa82c6,PAT_227,DOC_PED_1,Pediatrics,2026-08-25 11:15:00,follow_up
3deec036-9f13-473c-9072-5c8bfb710863,PAT_303,DOC_PED_1,Pediatrics,2026-08-25 11:30:00,follow_up
9e6d3d5c-9c66-4b70-9d3c-1d6882225bc2,PAT_107,DOC_PED_1,Pediatrics,2026-08-25 11:45:00,follow_up
c1137d38-821c-4662-88b3-fad9aaee0df5,PAT_907,DOC_PED_2,Pediatrics,2026-08-25 09:00:00,new
6e33ec64-685a-4e70-976b-b2b303daa3f0,PAT_648,DOC_PED_2,Pediatrics,2026-08-25 09:15:00,new
106d25d8-c79a-4919-864d-7ad9d6f9c84a,PAT_926,DOC_PED_2,Pediatrics,2026-08-25 09:30:00,new
98349751-72eb-45b5-9594-9e53ba094653,PAT_41,DOC_PED_2,Pediatrics,2026-08-25 09:45:00,follow_up
ec828818-17b9-4d71-9ca1-d3a1726ec27f,PAT_860,DOC_PED_2,Pediatrics,2026-08-25 10:00:00,follow_up
ab19fc2c-51d2-40e4-bca3-8fdc286103d2,PAT_354,DOC_PED_2,Pediatrics,2026-08-25 10:15:00,new
b559a3b7-8236-4b32-b297-3752aed68bbe,PAT_143,DOC_PED_2,Pediatrics,2026-08-25 10:30:00,new
f2aab3e1-4576-4840-a687-5fec3926576a,PAT_905,DOC_PED_2,Pediatrics,2026-08-25 10:45:00,new
5ed75546-9728-46b3-b469-39e99cc8c194,PAT_752,DOC_PED_2,Pediatrics,2026-08-25 11:00:00,follow_up
2ba5493e-90b6-4de5-8389-8c3f3ad1cc0c,PAT_89,DOC_PED_2,Pediatrics,2026-08-25 11:15:00,follow_up
2435b12b-2404-40f9-9d03-b1cbefce71ed,PAT_780,DOC_PED_2,Pediatrics,2026-08-25 11:30:00,new
a510ce33-700a-47cc-a234-5dc1635c3818,PAT_98,DOC_PED_2,Pediatrics,2026-08-25 11:45:00,follow_up
592e5429-88a6-49e7-8522-8416549e0304,PAT_305,DOC_PED_2,Pediatrics,2026-08-25 12:00:00,new
d71eded6-7802-4d33-a839-12fcfa4d22d6,PAT_997,DOC_PED_2,Pediatrics,2026-08-25 12:15:00,follow_up
a30ade70-e0f7-44a0-825d-195b9dbf7095,PAT_728,DOC_PED_2,Pediatrics,2026-08-25 12:30:00,follow_up
3fca3817-8e71-4fed-9efe-d9816472190a,PAT_299,DOC_PED_2,Pediatrics,2026-08-25 12:45:00,new
06124566-b84c-410d-a07f-91230002c4a0,PAT_72,DOC_PED_2,Pediatrics,2026-08-25 13:00:00,follow_up
0d0bb54e-5773-4eb5-a2f3-dfc0732f6adf,PAT_438,DOC_PED_2,Pediatrics,2026-08-25 13:15:00,new
9103fd9d-68e1-49cc-98e5-de11ceeb3a7b,PAT_995,DOC_PED_2,Pediatrics,2026-08-25 13:30:00,new
1fda1895-7e85-463e-8938-6c6821bc9eb4,PAT_643,DOC_GEN_1,General Physician,2026-08-26 09:00:00,follow_up
20828bd3-8099-49da-9e06-eec338603923,PAT_893,DOC_GEN_1,General Physician,2026-08-26 09:10:00,new
d02c16ea-4272-4ff2-ae64-e3b9ba125c82,PAT_734,DOC_GEN_1,General Physician,2026-08-26 09:20:00,new
9cf7e2c1-0375-4ba4-bd31-3063b3df8d07,PAT_295,DOC_GEN_1,General Physician,2026-08-26 09:30:00,follow_up
a23eff39-4dcb-4c3b-88ae-eb1d145ecff9,PAT_880,DOC_GEN_1,General Physician,2026-08-26 09:40:00,new
f23a1141-3460-4618-ae2b-2864dd31eab2,PAT_555,DOC_GEN_1,General Physician,2026-08-26 09:50:00,new
3071903c-3319-4c56-b821-9236c8b0b224,PAT_265,DOC_GEN_1,General Physician,2026-08-26 10:00:00,follow_up
67332a9d-0b9e-44f8-85de-50ac3364f88a,PAT_963,DOC_GEN_1,General Physician,2026-08-26 10:10:00,follow_up
5fc5aa2d-8b92-45f3-98d5-4a5b51ab9b0e,PAT_901,DOC_GEN_1,General Physician,2026-08-26 10:20:00,follow_up
1b78b987-9b15-4977-8414-5dbc8a824833,PAT_422,DOC_GEN_1,General Physician,2026-08-26 10:30:00,follow_up
e1d9dc6b-b68d-4904-87bf-897d85607f71,PAT_222,DOC_GEN_1,General Physician,2026-08-26 10:40:00,new
fddc3fc4-9fed-4c2b-a8f0-5735cb88260e,PAT_668,DOC_GEN_1,General Physician,2026-08-26 10:50:00,follow_up
1940d08b-65f0-46c0-8dc0-cd94b97ca77d,PAT_100,DOC_GEN_1,General Physician,2026-08-26 11:00:00,new
34659e5c-e599-4781-8cf8-74aba24f1074,PAT_186,DOC_GEN_1,General Physician,2026-08-26 11:10:00,follow_up
1d052ed8-dda3-4f4d-968e-08eca2f5deaf,PAT_912,DOC_GEN_1,General Physician,2026-08-26 11:20:00,follow_up
605d4a43-4908-440f-82d9-6f78b4c20ed9,PAT_197,DOC_GEN_1,General Physician,2026-08-26 11:30:00,follow_up
4e1c25fd-6218-4d1b-9a80-1d88c729570c,PAT_211,DOC_GEN_1,General Physician,2026-08-26 11:40:00,new
c241742b-33b7-425f-a970-3fd98fd97aa4,PAT_233,DOC_GEN_1,General Physician,2026-08-26 11:50:00,follow_up
753aecfa-8892-4f19-8594-cf05216fa99a,PAT_853,DOC_GEN_1,General Physician,2026-08-26 12:00:00,follow_up
9ec0e2cb-7813-4f53-8709-ae8fb68abfa8,PAT_614,DOC_GEN_2,General Physician,2026-08-26 09:00:00,follow_up
2ff07987-0eb8-4da0-9cd9-03e38df37d53,PAT_986,DOC_GEN_2,General Physician,2026-08-26 09:10:00,follow_up
d8b148d6-a9a8-4246-9623-8bae8cecd763,PAT_415,DOC_GEN_2,General Physician,2026-08-26 09:20:00,new
13656003-9db2-4660-a19f-18c17be4381c,PAT_850,DOC_GEN_2,General Physician,2026-08-26 09:30:00,new
3aa76995-0761-4c58-a72f-77b619dd9df8,PAT_318,DOC_GEN_2,General Physician,2026-08-26 09:40:00,new
2b1835c6-9b9e-442a-95b3-87dbff760788,PAT_582,DOC_GEN_2,General Physician,2026-08-26 09:50:00,new
db179d08-a28f-4dce-afc4-eb68efe61cb5,PAT_694,DOC_GEN_2,General Physician,2026-08-26 10:00:00,new
757a16ae-18c8-497c-91a7-741f4b65c93a,PAT_302,DOC_GEN_2,General Physician,2026-08-26 10:10:00,new
42027ab2-a689-4be6-96e6-251c88de4984,PAT_645,DOC_GEN_2,General Physician,2026-08-26 10:20:00,follow_up
14e9f8b0-8740-4333-b4a0-79533bc057ad,PAT_42,DOC_GEN_2,General Physician,2026-08-26 10:30:00,new
495b7b1b-c340-4101-8c5d-dfeecc63ee66,PAT_790,DOC_GEN_2,General Physician,2026-08-26 10:40:00,follow_up
a92d5b00-8362-4e2a-986a-c7d5f2400909,PAT_186,DOC_GEN_2,General Physician,2026-08-26 10:50:00,follow_up
2922b7be-259d-41ac-b0ef-88249067d330,PAT_539,DOC_GEN_2,General Physician,2026-08-26 11:00:00,new
5d1e6254-21ab-493a-af72-5bfd8705baa5,PAT_840,DOC_GEN_2,General Physician,2026-08-26 11:10:00,follow_up
04fa7a8e-aafb-4cf4-8744-9eb712dc2f77,PAT_600,DOC_GEN_2,General Physician,2026-08-26 11:20:00,new
93a24355-4baf-4412-a5c2-226a353fbd34,PAT_119,DOC_GEN_2,General Physician,2026-08-26 11:30:00,follow_up
080e00a0-a0cb-4a3d-8c11-76b11baaa89f,PAT_708,DOC_GEN_2,General Physician,2026-08-26 11:40:00,new
087c73a3-f64d-4226-8fa2-8b1d7cd45061,PAT_529,DOC_CAR_1,Cardiology,2026-08-26 09:00:00,new
af24a826-3010-435d-bbbf-a58a63fea15e,PAT_807,DOC_CAR_1,Cardiology,2026-08-26 09:25:00,new
7e03ed8d-97f8-4271-9ed7-76269b593e8d,PAT_601,DOC_CAR_1,Cardiology,2026-08-26 09:50:00,new
0990ec62-057f-4998-934a-c803521168e6,PAT_46,DOC_CAR_1,Cardiology,2026-08-26 10:15:00,new
fad36b16-9cf8-4c9f-bd6e-eb6be2c66a39,PAT_682,DOC_CAR_1,Cardiology,2026-08-26 10:40:00,follow_up
1fdc0723-602e-479c-b6e3-cc3acf9c7799,PAT_686,DOC_CAR_1,Cardiology,2026-08-26 11:05:00,follow_up
55a11a01-ed46-4032-99b4-b6cd38beccb5,PAT_197,DOC_CAR_1,Cardiology,2026-08-26 11:30:00,new
7ea52063-2d07-4a94-90be-67f228e7939d,PAT_38,DOC_CAR_1,Cardiology,2026-08-26 11:55:00,new
272cc05e-7413-497e-9b56-ed098b5455ea,PAT_294,DOC_CAR_1,Cardiology,2026-08-26 12:20:00,follow_up
09b65fff-bd68-4d27-a774-a90a4c193429,PAT_339,DOC_CAR_1,Cardiology,2026-08-26 12:45:00,follow_up
6eae255d-9252-41d8-9602-5c232f2e4d84,PAT_857,DOC_CAR_1,Cardiology,2026-08-26 13:10:00,follow_up
f9f4b7e1-0f20-4a6f-ac28-334d07cf86b9,PAT_146,DOC_CAR_2,Cardiology,2026-08-26 09:00:00,follow_up
5d9676c6-08b6-4e74-8b76-191e9f444b77,PAT_370,DOC_CAR_2,Cardiology,2026-08-26 09:25:00,follow_up
7dcbded9-b88d-4ed0-8480-92d3bb0f0e28,PAT_128,DOC_CAR_2,Cardiology,2026-08-26 09:50:00,new
299967dd-2712-4dda-a738-e60f72c70559,PAT_270,DOC_CAR_2,Cardiology,2026-08-26 10:15:00,new
74698428-f4d0-4e98-9e86-542a7b9af19c,PAT_521,DOC_CAR_2,Cardiology,2026-08-26 10:40:00,follow_up
2520a787-61f0-404a-b484-874b6bcfa703,PAT_789,DOC_CAR_2,Cardiology,2026-08-26 11:05:00,follow_up
34cc4708-8924-42fb-87fb-640afb64b9c7,PAT_151,DOC_CAR_2,Cardiology,2026-08-26 11:30:00,follow_up
1d7da6f2-4c93-4f92-a538-96d4075e4363,PAT_965,DOC_CAR_2,Cardiology,2026-08-26 11:55:00,new
443c637e-3484-4d29-9183-6f49704fd8d0,PAT_380,DOC_CAR_2,Cardiology,2026-08-26 12:20:00,follow_up
12b7c060-8eac-4147-b8cc-475a5907e9b0,PAT_252,DOC_CAR_2,Cardiology,2026-08-26 12:45:00,new
f614e407-0958-4427-a423-c17e40929e9f,PAT_787,DOC_CAR_2,Cardiology,2026-08-26 13:10:00,new
7695ca28-598d-4f55-b30e-6578ee41ceb7,PAT_850,DOC_CAR_2,Cardiology,2026-08-26 13:35:00,new
609f29ed-f687-4fe3-9998-98739b8c97c5,PAT_837,DOC_CAR_2,Cardiology,2026-08-26 14:00:00,follow_up
a9bc79a9-060e-4611-9f7e-ec2c872f9321,PAT_560,DOC_CAR_2,Cardiology,2026-08-26 14:25:00,follow_up
073ed24b-265d-45eb-afdc-46b1d20f2a8d,PAT_29,DOC_CAR_2,Cardiology,2026-08-26 14:50:00,follow_up
535e9ed9-5d16-4a65-b28c-96f1594b831b,PAT_540,DOC_CAR_2,Cardiology,2026-08-26 15:15:00,new
8fe8c386-9697-4653-98a3-42e19add4271,PAT_200,DOC_CAR_2,Cardiology,2026-08-26 15:40:00,new
169d2c22-df0c-4346-a71b-2297911f8811,PAT_235,DOC_CAR_2,Cardiology,2026-08-26 16:05:00,new
24431235-d07b-49f1-b4f6-b5f30429aff6,PAT_338,DOC_CAR_2,Cardiology,2026-08-26 16:30:00,new
c30ec214-2979-4714-8b91-585e9679afe8,PAT_389,DOC_ORT_1,Orthopedics,2026-08-26 09:00:00,follow_up
d8e80cc0-59bc-497a-b67d-2b520f538b28,PAT_264,DOC_ORT_1,Orthopedics,2026-08-26 09:20:00,follow_up
2d72bc55-3a86-4ab3-801d-99c883f575b8,PAT_277,DOC_ORT_1,Orthopedics,2026-08-26 09:40:00,new
14b8cea7-7a80-4c11-aa8a-fddd2c9584a0,PAT_686,DOC_ORT_1,Orthopedics,2026-08-26 10:00:00,new
ca52f764-7685-4b7d-b101-d7e2181ee550,PAT_306,DOC_ORT_1,Orthopedics,2026-08-26 10:20:00,follow_up
730bd5da-7fcd-4eab-8f17-278eea4714aa,PAT_497,DOC_ORT_1,Orthopedics,2026-08-26 10:40:00,follow_up
81e27121-6dd9-4f54-8025-d4d15f968d23,PAT_526,DOC_ORT_1,Orthopedics,2026-08-26 11:00:00,new
40d20500-2225-49d2-ae93-46da06ba92df,PAT_837,DOC_ORT_1,Orthopedics,2026-08-26 11:20:00,follow_up
ad249978-2a63-4317-9ee3-0bf1f384a0f7,PAT_702,DOC_ORT_1,Orthopedics,2026-08-26 11:40:00,follow_up
c9a2bd42-5c8c-4835-a634-eefac82a3ce2,PAT_326,DOC_ORT_1,Orthopedics,2026-08-26 12:00:00,follow_up
60e9962d-65b4-4090-ae0d-c2a06bbfb77d,PAT_335,DOC_ORT_1,Orthopedics,2026-08-26 12:20:00,new
8bd9ebf3-1a77-4801-8844-d3f91aeb6b70,PAT_967,DOC_ORT_1,Orthopedics,2026-08-26 12:40:00,new
3a01433d-2300-4a05-9ea0-d9dbe3744c60,PAT_553,DOC_ORT_2,Orthopedics,2026-08-26 09:00:00,new
e571b57f-6e92-42d6-8ec8-a40fdc0f3880,PAT_972,DOC_ORT_2,Orthopedics,2026-08-26 09:20:00,new
9a62f932-d9a2-4458-aa5c-5971d7b54c34,PAT_505,DOC_ORT_2,Orthopedics,2026-08-26 09:40:00,new
674d1ad8-6290-4cbf-b0ce-5c89d36388d7,PAT_702,DOC_ORT_2,Orthopedics,2026-08-26 10:00:00,follow_up
59039146-4566-4a38-8f68-f6c2218f2755,PAT_395,DOC_ORT_2,Orthopedics,2026-08-26 10:20:00,new
ef9f0b61-71d8-47d9-84d3-890d16a086e5,PAT_815,DOC_ORT_2,Orthopedics,2026-08-26 10:40:00,follow_up
41a56831-2f92-43e9-bf57-728dd34e5023,PAT_423,DOC_ORT_2,Orthopedics,2026-08-26 11:00:00,follow_up
d2fcc3bd-b55a-4021-be34-52e5e068ccf0,PAT_14,DOC_ORT_2,Orthopedics,2026-08-26 11:20:00,follow_up
88f0ce46-c01c-419b-8fef-4a8631a544b6,PAT_108,DOC_ORT_2,Orthopedics,2026-08-26 11:40:00,new
df6f2e50-dab2-43aa-bf66-84a696a6a1fc,PAT_843,DOC_ORT_2,Orthopedics,2026-08-26 12:00:00,new
04b387f9-198a-41d9-bec8-cb78595b7db6,PAT_667,DOC_ORT_2,Orthopedics,2026-08-26 12:20:00,new
78e73f1b-375c-46e0-9080-3c1ba5968b5e,PAT_405,DOC_ORT_2,Orthopedics,2026-08-26 12:40:00,follow_up
6c8ab457-2d36-4103-8741-df3839f25d39,PAT_11,DOC_ORT_2,Orthopedics,2026-08-26 13:00:00,new
e5a457b5-6573-4575-a532-d95e9ec927fe,PAT_764,DOC_ORT_2,Orthopedics,2026-08-26 13:20:00,follow_up
8b10a90f-df9e-4608-8a48-2255a01fd2a9,PAT_509,DOC_ORT_2,Orthopedics,2026-08-26 13:40:00,new
0033c3be-708a-425f-877f-3652386cd60c,PAT_226,DOC_ORT_2,Orthopedics,2026-08-26 14:00:00,new
ca1b6a6b-b4be-43a4-a975-00ef3b0283cc,PAT_997,DOC_ORT_2,Orthopedics,2026-08-26 14:20:00,new
85be2239-3585-4c9c-9169-868e27430d67,PAT_529,DOC_PED_1,Pediatrics,2026-08-26 09:00:00,follow_up
1116fe72-290f-401e-aa05-2081df33f277,PAT_991,DOC_PED_1,Pediatrics,2026-08-26 09:15:00,new
50091667-3d68-4b4f-beb8-4dd696a4641c,PAT_289,DOC_PED_1,Pediatrics,2026-08-26 09:30:00,new
ddf53440-e8f5-440a-b79d-83d265673df4,PAT_925,DOC_PED_1,Pediatrics,2026-08-26 09:45:00,follow_up
73943c21-31c5-415c-83ce-fb97110dce09,PAT_205,DOC_PED_1,Pediatrics,2026-08-26 10:00:00,new
d331f89c-27a3-4359-a5c8-560579e52ea2,PAT_584,DOC_PED_1,Pediatrics,2026-08-26 10:15:00,new
6e057bad-e101-4d49-8936-2e7ceb386121,PAT_807,DOC_PED_1,Pediatrics,2026-08-26 10:30:00,follow_up
52b6cd16-0b60-4376-bc1d-ad7372e6f0e4,PAT_444,DOC_PED_1,Pediatrics,2026-08-26 10:45:00,new
6ade6124-e71d-4205-8610-d5e5187eb4cb,PAT_395,DOC_PED_1,Pediatrics,2026-08-26 11:00:00,follow_up
074e4734-e1be-4aa2-9e87-6531050548f0,PAT_902,DOC_PED_1,Pediatrics,2026-08-26 11:15:00,new
76cb03fb-d847-42bb-a2a8-e1cb25e74e4e,PAT_85,DOC_PED_1,Pediatrics,2026-08-26 11:30:00,new
ae29799f-a482-44cf-8c3a-879cd9dcbf12,PAT_358,DOC_PED_1,Pediatrics,2026-08-26 11:45:00,new
3cc8cf60-7639-46e0-8d3f-acc29ec9f54c,PAT_884,DOC_PED_1,Pediatrics,2026-08-26 12:00:00,new
f2078505-8c43-4049-be50-a0cca0ede658,PAT_419,DOC_PED_1,Pediatrics,2026-08-26 12:15:00,new
14ebffa4-119d-4516-ab46-977eea9596c0,PAT_883,DOC_PED_1,Pediatrics,2026-08-26 12:30:00,follow_up
e57071ab-e53e-4c1d-a5f5-caec5c88ec65,PAT_704,DOC_PED_1,Pediatrics,2026-08-26 12:45:00,new
3b4d4201-918c-4821-9ac4-184c4fcc564a,PAT_357,DOC_PED_1,Pediatrics,2026-08-26 13:00:00,new
651f4fe6-1af2-4aba-9529-de32917d77e1,PAT_211,DOC_PED_1,Pediatrics,2026-08-26 13:15:00,new
3ff70c27-2036-4e69-93f9-7efc372fb46a,PAT_933,DOC_PED_1,Pediatrics,2026-08-26 13:30:00,follow_up
7c891b3c-f74b-4bb7-9d46-d56bc4836336,PAT_546,DOC_PED_1,Pediatrics,2026-08-26 13:45:00,follow_up
c9cf1a68-ef51-4916-805e-4d3f1697c464,PAT_537,DOC_PED_2,Pediatrics,2026-08-26 09:00:00,follow_up
cdfac069-8558-4a3b-b30f-4f9c4f8c5553,PAT_683,DOC_PED_2,Pediatrics,2026-08-26 09:15:00,follow_up
6b2c3474-9949-4ca4-a654-f8629896b685,PAT_353,DOC_PED_2,Pediatrics,2026-08-26 09:30:00,new
119bcdc8-dce7-4c22-8455-8c5914e1df2b,PAT_572,DOC_PED_2,Pediatrics,2026-08-26 09:45:00,new
be1d551a-c000-412f-9103-001441a99f6d,PAT_422,DOC_PED_2,Pediatrics,2026-08-26 10:00:00,follow_up
04dee36e-6632-4791-9cee-3391cdb9170e,PAT_194,DOC_PED_2,Pediatrics,2026-08-26 10:15:00,follow_up
3955eb1b-7554-4968-908f-41d3e2be9ca4,PAT_222,DOC_PED_2,Pediatrics,2026-08-26 10:30:00,new
d26a3ea2-2061-4845-9f78-6c5718aa8093,PAT_956,DOC_PED_2,Pediatrics,2026-08-26 10:45:00,follow_up
79490828-4e8d-48f3-8748-a9d6b74e9ac3,PAT_771,DOC_PED_2,Pediatrics,2026-08-26 11:00:00,follow_up
ff4ae85e-e368-47b6-ab6a-08afe986ce76,PAT_13,DOC_PED_2,Pediatrics,2026-08-26 11:15:00,follow_up
ced454cc-3f82-4207-9a1d-c00f6795d53a,PAT_662,DOC_PED_2,Pediatrics,2026-08-26 11:30:00,new
0fb35cd7-c264-40b3-9afe-aebcdcd16363,PAT_275,DOC_PED_2,Pediatrics,2026-08-26 11:45:00,follow_up
5f0c4bcf-e259-44be-ae91-4a146fa686e5,PAT_774,DOC_PED_2,Pediatrics,2026-08-26 12:00:00,new
1c1121e0-a613-436c-9346-74ed6ee20fd6,PAT_123,DOC_PED_2,Pediatrics,2026-08-26 12:15:00,new
c1d74989-104a-472a-97a9-79ed8f399060,PAT_469,DOC_PED_2,Pediatrics,2026-08-26 12:30:00,new
7b6edeb2-48ed-4f74-b8cf-104928a9cba2,PAT_328,DOC_PED_2,Pediatrics,2026-08-26 12:45:00,follow_up
2b517699-52cf-48e8-a760-065295e57c3f,PAT_170,DOC_PED_2,Pediatrics,2026-08-26 13:00:00,new
b44ae8f5-a3c4-4f05-a43a-89685c9a8b89,PAT_66,DOC_PED_2,Pediatrics,2026-08-26 13:15:00,new
fda33f39-8eb5-475c-b48e-3bf626c7c8a2,PAT_252,DOC_GEN_1,General Physician,2026-08-27 09:00:00,new
4f3ce091-a33a-4692-9fe1-b4f6e1564d08,PAT_778,DOC_GEN_1,General Physician,2026-08-27 09:10:00,new
04d64747-4ed4-49cd-8d98-9f9d94467780,PAT_541,DOC_GEN_1,General Physician,2026-08-27 09:20:00,follow_up
a97e7953-d45c-418b-8d4c-f4d9d6ea98fc,PAT_121,DOC_GEN_1,General Physician,2026-08-27 09:30:00,follow_up
f2aaa999-6ecc-4b10-abb8-97de76b00755,PAT_58,DOC_GEN_1,General Physician,2026-08-27 09:40:00,follow_up
1eb41b3a-875e-4b1c-ab0d-16563326ee5d,PAT_979,DOC_GEN_1,General Physician,2026-08-27 09:50:00,new
7d78f18f-188e-4435-a632-57be0bd9a756,PAT_975,DOC_GEN_1,General Physician,2026-08-27 10:00:00,new
c31bca95-97af-4607-8658-be44fb826651,PAT_558,DOC_GEN_1,General Physician,2026-08-27 10:10:00,new
44336958-858d-4064-b255-4e3edf748665,PAT_996,DOC_GEN_1,General Physician,2026-08-27 10:20:00,new
b8001061-db9c-47e4-8c54-ca10b31e78b9,PAT_829,DOC_GEN_1,General Physician,2026-08-27 10:30:00,follow_up
5d7d2a38-0d94-4f2e-b487-a7ef8f5bbee4,PAT_342,DOC_GEN_1,General Physician,2026-08-27 10:40:00,new
e9f64da5-1370-4f9e-9151-0771c7513a29,PAT_383,DOC_GEN_1,General Physician,2026-08-27 10:50:00,follow_up
2ed0d47f-31e3-42e6-bb42-5df7f48d557a,PAT_569,DOC_GEN_1,General Physician,2026-08-27 11:00:00,new
84ed6a00-9847-4a8d-aab0-c01e7760a4d1,PAT_76,DOC_GEN_1,General Physician,2026-08-27 11:10:00,new
bc851393-8c2a-45e4-b9f6-01ff19a5ee14,PAT_820,DOC_GEN_1,General Physician,2026-08-27 11:20:00,follow_up
e0ac3a59-7845-44b8-bd0d-88af5b8102fc,PAT_172,DOC_GEN_2,General Physician,2026-08-27 09:00:00,new
350cdce5-8142-48a4-826c-80ba288f6bd0,PAT_700,DOC_GEN_2,General Physician,2026-08-27 09:10:00,new
49d4af9c-c095-41b3-83b6-7f92af0f0f82,PAT_990,DOC_GEN_2,General Physician,2026-08-27 09:20:00,new
ee8fa151-82f8-4548-bc2b-36711bd6ac96,PAT_962,DOC_GEN_2,General Physician,2026-08-27 09:30:00,follow_up
40806516-d9c3-488e-bbee-df9ace6efccb,PAT_674,DOC_GEN_2,General Physician,2026-08-27 09:40:00,follow_up
982819d4-411e-41e8-ac22-e3ebc40f994f,PAT_766,DOC_GEN_2,General Physician,2026-08-27 09:50:00,new
68494987-0593-495b-8ef5-b500c00eaae3,PAT_717,DOC_GEN_2,General Physician,2026-08-27 10:00:00,follow_up
358d4945-1ae0-4624-be5c-2a6ca65ae4ac,PAT_884,DOC_GEN_2,General Physician,2026-08-27 10:10:00,follow_up
063480e6-4b99-4912-8715-7c5518e1cec0,PAT_502,DOC_GEN_2,General Physician,2026-08-27 10:20:00,follow_up
1d04e483-0943-42cf-8f81-4a6d6bce0bd5,PAT_673,DOC_GEN_2,General Physician,2026-08-27 10:30:00,follow_up
5f87434f-484f-426c-b71a-b75ac96c8a9f,PAT_778,DOC_GEN_2,General Physician,2026-08-27 10:40:00,follow_up
134ee53a-ec40-483a-ba00-0006f71df943,PAT_347,DOC_GEN_2,General Physician,2026-08-27 10:50:00,follow_up
39497c62-0b4c-4c46-ad4a-1a2706ccec5b,PAT_431,DOC_GEN_2,General Physician,2026-08-27 11:00:00,new
3cf530bb-0ea1-4b18-8ef8-74d1c32d1b43,PAT_912,DOC_GEN_2,General Physician,2026-08-27 11:10:00,new
ac67d465-2291-4289-9305-f2a1ed5cdae5,PAT_838,DOC_GEN_2,General Physician,2026-08-27 11:20:00,follow_up
efb379fe-15d0-41f5-924c-0c6e4444f848,PAT_125,DOC_GEN_2,General Physician,2026-08-27 11:30:00,new
22095d75-306a-40bd-a175-dde6b96d5dec,PAT_600,DOC_CAR_1,Cardiology,2026-08-27 09:00:00,new
179e6a81-f93e-488c-82ec-4382879fbe69,PAT_863,DOC_CAR_1,Cardiology,2026-08-27 09:25:00,new
94bc6605-5dda-46e0-b3e3-e021afcf2aac,PAT_54,DOC_CAR_1,Cardiology,2026-08-27 09:50:00,follow_up
23c0b160-f280-432b-866a-dea053ac2ade,PAT_611,DOC_CAR_1,Cardiology,2026-08-27 10:15:00,new
51e69a26-371b-478b-9c94-9696e8d2db74,PAT_148,DOC_CAR_1,Cardiology,2026-08-27 10:40:00,new
3af08339-0e7d-41f6-a180-bd3c8423c804,PAT_712,DOC_CAR_1,Cardiology,2026-08-27 11:05:00,new
6c08cf2a-fa03-4c42-b393-b59d8c019064,PAT_465,DOC_CAR_1,Cardiology,2026-08-27 11:30:00,new
1923d03d-9724-4f98-955e-afd379f2f998,PAT_272,DOC_CAR_1,Cardiology,2026-08-27 11:55:00,follow_up
75f8d117-662b-4873-84fe-932e600a70a0,PAT_466,DOC_CAR_1,Cardiology,2026-08-27 12:20:00,follow_up
d86f8639-fd85-48b0-a559-939cfb4668c4,PAT_153,DOC_CAR_1,Cardiology,2026-08-27 12:45:00,new
10b50c44-f08c-4c92-bd1b-4e346a06f86b,PAT_537,DOC_CAR_1,Cardiology,2026-08-27 13:10:00,follow_up
3ef3ac4e-3c89-496d-9ad1-05ca62c70b7d,PAT_679,DOC_CAR_1,Cardiology,2026-08-27 13:35:00,follow_up
0aa276ba-1f6d-4922-91aa-355aefca374b,PAT_252,DOC_CAR_1,Cardiology,2026-08-27 14:00:00,follow_up
c7bf16f8-022b-43e9-84e4-35ee5a91f93b,PAT_396,DOC_CAR_1,Cardiology,2026-08-27 14:25:00,follow_up
908c6662-60fb-415f-b9f7-35acb033e41b,PAT_142,DOC_CAR_1,Cardiology,2026-08-27 14:50:00,new
cf3ba8c7-2394-436d-ab77-01aacee1906d,PAT_509,DOC_CAR_2,Cardiology,2026-08-27 09:00:00,follow_up
24ab506f-0f8a-43b7-af71-8bee9f90a56c,PAT_856,DOC_CAR_2,Cardiology,2026-08-27 09:25:00,new
29308806-1c31-410d-8f9b-59831a60ab24,PAT_737,DOC_CAR_2,Cardiology,2026-08-27 09:50:00,new
be675153-3622-49c2-b44e-587766de08c1,PAT_387,DOC_CAR_2,Cardiology,2026-08-27 10:15:00,follow_up
f798d610-198f-459f-9343-5421c188ba4b,PAT_908,DOC_CAR_2,Cardiology,2026-08-27 10:40:00,new
4b0c4f11-b175-4f58-a4c3-29f181aa9752,PAT_311,DOC_CAR_2,Cardiology,2026-08-27 11:05:00,new
153c5f6e-32fe-4c14-8a3b-c77cb9ec3266,PAT_782,DOC_CAR_2,Cardiology,2026-08-27 11:30:00,follow_up
25d5c38f-6b27-455c-814b-0b9308b0bcec,PAT_212,DOC_CAR_2,Cardiology,2026-08-27 11:55:00,new
184556fc-dd1d-47b4-b921-ef9f7f4a2d33,PAT_350,DOC_CAR_2,Cardiology,2026-08-27 12:20:00,new
1c47d630-af84-4334-90a8-d15b7e6e1360,PAT_492,DOC_CAR_2,Cardiology,2026-08-27 12:45:00,follow_up
10d6265c-f8bb-4612-9bc0-3cd1b5c7133d,PAT_17,DOC_CAR_2,Cardiology,2026-08-27 13:10:00,new
3a08f2c9-466e-4431-b8fa-e54eb14cafaf,PAT_154,DOC_CAR_2,Cardiology,2026-08-27 13:35:00,new
0c26790f-7d14-4ac5-aa27-8a78fbaac688,PAT_496,DOC_CAR_2,Cardiology,2026-08-27 14:00:00,follow_up
97344c26-fb05-49c6-92e1-5387fd9583ce,PAT_401,DOC_ORT_1,Orthopedics,2026-08-27 09:00:00,follow_up
8038c553-961a-48ab-bf00-795aee4bb16b,PAT_593,DOC_ORT_1,Orthopedics,2026-08-27 09:20:00,new
abd9c3b4-cb40-4fd8-8f74-0dee986702ee,PAT_884,DOC_ORT_1,Orthopedics,2026-08-27 09:40:00,new
6db16ade-6640-4fa4-9280-f0ae85ea0de8,PAT_332,DOC_ORT_1,Orthopedics,2026-08-27 10:00:00,follow_up
10412908-fcc8-418d-8d12-d1ff69110b39,PAT_678,DOC_ORT_1,Orthopedics,2026-08-27 10:20:00,follow_up
94a0db89-350d-4a32-8e52-92535f63c991,PAT_271,DOC_ORT_1,Orthopedics,2026-08-27 10:40:00,new
f70e198f-0953-433b-906a-09540b02f387,PAT_836,DOC_ORT_1,Orthopedics,2026-08-27 11:00:00,follow_up
2e108a45-c428-4fc7-9eac-de6b42c7373c,PAT_993,DOC_ORT_1,Orthopedics,2026-08-27 11:20:00,follow_up
3cb0e305-4bfa-47cf-8102-b3d92c6c3efc,PAT_437,DOC_ORT_1,Orthopedics,2026-08-27 11:40:00,new
7855e27b-6378-49ba-a8a6-98c2c3dbb878,PAT_768,DOC_ORT_1,Orthopedics,2026-08-27 12:00:00,follow_up
9fadcf87-ad53-4a77-aa1d-8f2b2b79fc71,PAT_226,DOC_ORT_1,Orthopedics,2026-08-27 12:20:00,new
90aacd93-1cd2-446f-982d-575d181916c0,PAT_661,DOC_ORT_1,Orthopedics,2026-08-27 12:40:00,follow_up
0ec4284f-26d5-44b2-985c-4cb2486f9188,PAT_313,DOC_ORT_1,Orthopedics,2026-08-27 13:00:00,new
457b5ed8-f7d9-471f-aa4e-3463c801a7ea,PAT_210,DOC_ORT_1,Orthopedics,2026-08-27 13:20:00,follow_up
3f5d3168-4d14-47d5-bb05-ba58cad9dea1,PAT_142,DOC_ORT_1,Orthopedics,2026-08-27 13:40:00,new
d667c53b-92ff-40fe-9a94-ae1d4bfaee26,PAT_373,DOC_ORT_1,Orthopedics,2026-08-27 14:00:00,new
a9387cef-c20d-415f-962f-ca85cd460dd5,PAT_152,DOC_ORT_1,Orthopedics,2026-08-27 14:20:00,new
d737f8e7-9e10-40ee-8f6a-f428f93d74d4,PAT_442,DOC_ORT_1,Orthopedics,2026-08-27 14:40:00,new
9ec1375a-5491-4f98-97f2-a1330a6afa01,PAT_476,DOC_ORT_2,Orthopedics,2026-08-27 09:00:00,follow_up
185b7cc9-1f67-4060-bb1d-7ef613ac866e,PAT_867,DOC_ORT_2,Orthopedics,2026-08-27 09:20:00,follow_up
a2d942aa-269f-47b0-b16c-a2fe8acd32d0,PAT_874,DOC_ORT_2,Orthopedics,2026-08-27 09:40:00,follow_up
53ec01af-7ab5-4c5b-8811-1a1808927375,PAT_799,DOC_ORT_2,Orthopedics,2026-08-27 10:00:00,new
4464c54f-5f5b-4647-baca-4fdd88a03739,PAT_627,DOC_ORT_2,Orthopedics,2026-08-27 10:20:00,new
f25662c8-4926-4567-9140-926f594818d0,PAT_860,DOC_ORT_2,Orthopedics,2026-08-27 10:40:00,new
d2402455-c685-4c58-9554-00d572707a02,PAT_381,DOC_ORT_2,Orthopedics,2026-08-27 11:00:00,new
8808a03c-9682-442c-84e0-7dae6cbbb654,PAT_39,DOC_ORT_2,Orthopedics,2026-08-27 11:20:00,new
d6e2def2-e11f-4365-8081-d79937ea16b7,PAT_932,DOC_ORT_2,Orthopedics,2026-08-27 11:40:00,follow_up
ee0e5d56-5f63-4a36-8255-d66dc32c1c70,PAT_54,DOC_ORT_2,Orthopedics,2026-08-27 12:00:00,follow_up
beaa949c-4641-40b1-8a71-177f2d6abba6,PAT_562,DOC_ORT_2,Orthopedics,2026-08-27 12:20:00,new
376481ba-e3db-44bd-bd35-61777a0a1565,PAT_569,DOC_ORT_2,Orthopedics,2026-08-27 12:40:00,follow_up
9da171ed-257e-43f5-8cec-7c7c8cefb829,PAT_150,DOC_ORT_2,Orthopedics,2026-08-27 13:00:00,follow_up
dacc1d4e-5db6-470f-bbde-7de2834749b8,PAT_253,DOC_ORT_2,Orthopedics,2026-08-27 13:20:00,follow_up
cc81c57e-9945-467d-992b-5a882d4ae4f5,PAT_471,DOC_ORT_2,Orthopedics,2026-08-27 13:40:00,new
b91b4390-b205-42e3-a944-1aa49ecee9af,PAT_995,DOC_ORT_2,Orthopedics,2026-08-27 14:00:00,follow_up
a4785ea5-7e67-4c87-ab3a-e78693db3a55,PAT_167,DOC_ORT_2,Orthopedics,2026-08-27 14:20:00,new
2ad85757-5817-492d-8fc9-53bd652f7af4,PAT_487,DOC_PED_1,Pediatrics,2026-08-27 09:00:00,follow_up
66e6d006-565b-4e3f-a636-f3bf72def119,PAT_768,DOC_PED_1,Pediatrics,2026-08-27 09:15:00,follow_up
b275f3f0-1058-4e5b-95b4-3cd5cd43074a,PAT_588,DOC_PED_1,Pediatrics,2026-08-27 09:30:00,new
a24d8325-4613-44c2-afa8-9c343cf05487,PAT_261,DOC_PED_1,Pediatrics,2026-08-27 09:45:00,new
ebc1fe60-1eaf-451b-83dd-863fa7a6d031,PAT_880,DOC_PED_1,Pediatrics,2026-08-27 10:00:00,new
933063ca-fe35-42ec-840d-49df9b06fe0a,PAT_187,DOC_PED_1,Pediatrics,2026-08-27 10:15:00,follow_up
853365a4-dc1f-48f8-bd2b-d77e4f9e5e9b,PAT_674,DOC_PED_1,Pediatrics,2026-08-27 10:30:00,follow_up
5d0d4d3d-503e-4d9a-bdc0-3970e07ac245,PAT_217,DOC_PED_1,Pediatrics,2026-08-27 10:45:00,new
b839b38d-e6d0-4673-8eb3-592f4b14d355,PAT_41,DOC_PED_1,Pediatrics,2026-08-27 11:00:00,follow_up
203b1d15-496b-4a08-b2a2-342420e24ebc,PAT_851,DOC_PED_1,Pediatrics,2026-08-27 11:15:00,follow_up
64e79774-5fb6-45c4-acd1-abf0061d89a4,PAT_568,DOC_PED_1,Pediatrics,2026-08-27 11:30:00,new
a76ecd79-e15f-496b-802e-15d7bfb76d51,PAT_999,DOC_PED_1,Pediatrics,2026-08-27 11:45:00,new
67b97fae-8639-4a29-a1db-131962b9dd2a,PAT_811,DOC_PED_1,Pediatrics,2026-08-27 12:00:00,new
8ec4bf63-d2b7-4a32-a74d-87dde82ab4d4,PAT_959,DOC_PED_1,Pediatrics,2026-08-27 12:15:00,new
2549db40-14d2-4d07-a36d-d1163b4b9705,PAT_431,DOC_PED_1,Pediatrics,2026-08-27 12:30:00,new
63e9de77-417f-4fc2-b635-8d983632c99c,PAT_752,DOC_PED_1,Pediatrics,2026-08-27 12:45:00,follow_up
dcd335d4-eadc-4267-affe-52f54ac9ccfd,PAT_845,DOC_PED_2,Pediatrics,2026-08-27 09:00:00,follow_up
cd2d4099-04aa-4f86-911e-5a66454f3267,PAT_697,DOC_PED_2,Pediatrics,2026-08-27 09:15:00,new
2df46f2b-2d75-43e4-91f3-b534aa68f853,PAT_972,DOC_PED_2,Pediatrics,2026-08-27 09:30:00,follow_up
cd0aacb7-db57-46a5-980c-285ed1fd5cc1,PAT_69,DOC_PED_2,Pediatrics,2026-08-27 09:45:00,follow_up
70710a67-b8be-40e3-b4c4-35534f23e1bc,PAT_709,DOC_PED_2,Pediatrics,2026-08-27 10:00:00,follow_up
b2c2ba4b-84e6-4cf7-bcf5-079b32b9c252,PAT_57,DOC_PED_2,Pediatrics,2026-08-27 10:15:00,new
a73f4681-3d2e-487f-82ec-fb9a58bdce33,PAT_98,DOC_PED_2,Pediatrics,2026-08-27 10:30:00,new
3e517e32-9db2-4c8b-82bf-4e16f94dbbdd,PAT_686,DOC_PED_2,Pediatrics,2026-08-27 10:45:00,follow_up
30a3848a-76c2-475c-80a9-e65091ce033b,PAT_239,DOC_PED_2,Pediatrics,2026-08-27 11:00:00,follow_up
d83a14b4-95be-4cb4-881f-4f61cb40f215,PAT_709,DOC_PED_2,Pediatrics,2026-08-27 11:15:00,follow_up
f41b8967-80e4-44c5-8f67-91f4d4bd5bc2,PAT_440,DOC_PED_2,Pediatrics,2026-08-27 11:30:00,new
ebd2b279-a73c-4d3e-895a-18fbf4fbab38,PAT_161,DOC_PED_2,Pediatrics,2026-08-27 11:45:00,new
bcbc419c-d433-4a68-b9ac-18be77502e73,PAT_512,DOC_PED_2,Pediatrics,2026-08-27 12:00:00,follow_up
13a79dae-6d24-4c1e-a806-4b5a1f9e5ffa,PAT_605,DOC_GEN_1,General Physician,2026-08-28 09:00:00,new
e7cea6ee-a89c-4daa-b310-e1883b5b645a,PAT_747,DOC_GEN_1,General Physician,2026-08-28 09:10:00,follow_up
5a9b20ec-b880-4baf-88fc-8b469b4a2722,PAT_304,DOC_GEN_1,General Physician,2026-08-28 09:20:00,new
39eab158-2577-4fad-81e6-81b33cc52d93,PAT_334,DOC_GEN_1,General Physician,2026-08-28 09:30:00,follow_up
a7515f24-b613-420b-88fb-730de04bb5ab,PAT_102,DOC_GEN_1,General Physician,2026-08-28 09:40:00,follow_up
bd87a8dd-2e16-47b4-b84d-366926b3c02d,PAT_412,DOC_GEN_1,General Physician,2026-08-28 09:50:00,new
2994245e-3b3c-431c-816a-07ee1620eeb0,PAT_196,DOC_GEN_1,General Physician,2026-08-28 10:00:00,new
0da0eb5d-195c-411b-9ea8-23795884cbca,PAT_452,DOC_GEN_1,General Physician,2026-08-28 10:10:00,new
a97d0ccc-ca8b-4d91-aa67-1170e6be26e6,PAT_995,DOC_GEN_1,General Physician,2026-08-28 10:20:00,follow_up
413ec71b-bc5e-4432-a559-754f8e7a9b6b,PAT_331,DOC_GEN_1,General Physician,2026-08-28 10:30:00,new
488f0bc1-cf26-4af3-8346-dd719e2527fc,PAT_48,DOC_GEN_1,General Physician,2026-08-28 10:40:00,new
d175bd15-fcd7-4403-a22b-66853aea938d,PAT_835,DOC_GEN_1,General Physician,2026-08-28 10:50:00,follow_up
b2f6faf1-b90a-4426-977b-8749e181332c,PAT_151,DOC_GEN_1,General Physician,2026-08-28 11:00:00,follow_up
50a8b4e2-d60b-4be5-8d13-f60501c0a148,PAT_324,DOC_GEN_1,General Physician,2026-08-28 11:10:00,new
a036a57f-e69a-4466-8dea-b358ba4dc728,PAT_605,DOC_GEN_1,General Physician,2026-08-28 11:20:00,new
4aabd636-b7fd-4c19-a392-6947c613cfb3,PAT_686,DOC_GEN_2,General Physician,2026-08-28 09:00:00,follow_up
6e2233a4-14c5-4a76-9d40-6955bd7287f2,PAT_61,DOC_GEN_2,General Physician,2026-08-28 09:10:00,new
161cae6e-1d06-4a4e-a19a-66435b16e90e,PAT_747,DOC_GEN_2,General Physician,2026-08-28 09:20:00,new
d4827dea-e407-4acb-86f0-a2ee13a1c428,PAT_873,DOC_GEN_2,General Physician,2026-08-28 09:30:00,new
32578c3f-d0a6-450d-aacb-8d7ad242e811,PAT_91,DOC_GEN_2,General Physician,2026-08-28 09:40:00,follow_up
60040cde-2a51-4d8b-a066-a5329e0e0a98,PAT_228,DOC_GEN_2,General Physician,2026-08-28 09:50:00,follow_up
5c6114b2-08d3-465a-9fbd-81787ec7a3c3,PAT_908,DOC_GEN_2,General Physician,2026-08-28 10:00:00,follow_up
ce42ba20-532d-45ca-9c03-4089e9f7148c,PAT_854,DOC_GEN_2,General Physician,2026-08-28 10:10:00,new
046dc5ff-46e0-492e-8b90-efd0a0a3275d,PAT_477,DOC_GEN_2,General Physician,2026-08-28 10:20:00,follow_up
5f136fd6-1931-4570-bed1-fc5709a11682,PAT_842,DOC_GEN_2,General Physician,2026-08-28 10:30:00,new
f836d411-33f1-4724-9210-0e387dcce986,PAT_632,DOC_GEN_2,General Physician,2026-08-28 10:40:00,follow_up
0ed21c3e-431e-45db-9886-d715d5053ef4,PAT_103,DOC_GEN_2,General Physician,2026-08-28 10:50:00,follow_up
02c5cde8-68a0-46ed-ab5c-4e540264706e,PAT_773,DOC_GEN_2,General Physician,2026-08-28 11:00:00,new
f66b0d55-4039-4dfd-abb1-4e92f412c78a,PAT_392,DOC_CAR_1,Cardiology,2026-08-28 09:00:00,new
7bf6c99f-a201-4ba6-853a-a57f64feeacd,PAT_855,DOC_CAR_1,Cardiology,2026-08-28 09:25:00,new
780c90fc-b864-4d00-9929-bceabb955582,PAT_284,DOC_CAR_1,Cardiology,2026-08-28 09:50:00,new
ad5abe15-8847-48f1-81b1-a9d787f74e74,PAT_833,DOC_CAR_1,Cardiology,2026-08-28 10:15:00,new
24b184c1-c2c4-48ad-8744-19bd691db5d3,PAT_136,DOC_CAR_1,Cardiology,2026-08-28 10:40:00,new
2323a433-b76f-4983-a8a6-5397fcc4cf47,PAT_397,DOC_CAR_1,Cardiology,2026-08-28 11:05:00,follow_up
e877cf3b-d017-44a8-bc2e-fa74deb81d15,PAT_974,DOC_CAR_1,Cardiology,2026-08-28 11:30:00,new
a87efa1d-01ac-462f-9137-b1ebebadeb4c,PAT_801,DOC_CAR_1,Cardiology,2026-08-28 11:55:00,new
5f723647-dbf4-47e1-ba68-06a7c751d08f,PAT_841,DOC_CAR_1,Cardiology,2026-08-28 12:20:00,follow_up
96f6a4e7-1a9b-4ed0-a9ad-89b17dffa5b0,PAT_878,DOC_CAR_1,Cardiology,2026-08-28 12:45:00,follow_up
5c4f62a1-1b69-42e9-9b06-f2c9199fa2c1,PAT_213,DOC_CAR_1,Cardiology,2026-08-28 13:10:00,follow_up
37d1fd01-2fff-4d57-8166-59ae1b6b0fb9,PAT_633,DOC_CAR_1,Cardiology,2026-08-28 13:35:00,new
285bd8df-77de-4935-b466-3a6af02cc000,PAT_828,DOC_CAR_1,Cardiology,2026-08-28 14:00:00,new
f7addf22-4af2-4629-a39b-d354e3e95496,PAT_979,DOC_CAR_1,Cardiology,2026-08-28 14:25:00,new
55bc6444-6b3d-4d4a-b6f2-f39554623a06,PAT_146,DOC_CAR_1,Cardiology,2026-08-28 14:50:00,new
e2309010-f3a5-4abc-a14e-88ec60a89f16,PAT_402,DOC_CAR_2,Cardiology,2026-08-28 09:00:00,follow_up
76b5e6f4-7689-44ba-b9eb-2eaf3a467297,PAT_133,DOC_CAR_2,Cardiology,2026-08-28 09:25:00,new
d067d257-0ddd-421a-9785-ac477f387aac,PAT_109,DOC_CAR_2,Cardiology,2026-08-28 09:50:00,new
8b3a7296-0420-4c46-9df9-69a684bcec96,PAT_719,DOC_CAR_2,Cardiology,2026-08-28 10:15:00,new
4cf06995-6e8b-4fde-8244-3d73318ec2bd,PAT_218,DOC_CAR_2,Cardiology,2026-08-28 10:40:00,follow_up
74e9a2fa-dcad-4e19-8094-aeda7b5f700b,PAT_313,DOC_CAR_2,Cardiology,2026-08-28 11:05:00,new
ef1fb65a-207b-4095-8775-275e976ed40c,PAT_943,DOC_CAR_2,Cardiology,2026-08-28 11:30:00,new
5fedb057-13cd-4709-9cdd-a0d9609d6bd5,PAT_910,DOC_CAR_2,Cardiology,2026-08-28 11:55:00,new
5c0254f1-4f4a-4f4e-8741-20b8f7ea2ce8,PAT_321,DOC_CAR_2,Cardiology,2026-08-28 12:20:00,new
7779d07e-6de0-425d-9c71-c391636a20b4,PAT_672,DOC_CAR_2,Cardiology,2026-08-28 12:45:00,new
b3f8564d-5d73-499d-bfb8-a44092a3326a,PAT_912,DOC_CAR_2,Cardiology,2026-08-28 13:10:00,new
caa35f90-a895-41c9-b9ed-88d7fa3220a7,PAT_529,DOC_CAR_2,Cardiology,2026-08-28 13:35:00,new
addf9ecf-e059-4e2f-a06c-dc074356874c,PAT_160,DOC_CAR_2,Cardiology,2026-08-28 14:00:00,follow_up
56b4cce7-2a11-4899-a336-3ba093bbf6ab,PAT_492,DOC_CAR_2,Cardiology,2026-08-28 14:25:00,new
d6d66dc8-6b14-4aa5-9e10-188c22acea47,PAT_563,DOC_CAR_2,Cardiology,2026-08-28 14:50:00,follow_up
72927d34-f79b-4bc4-80a0-7c6f749af63e,PAT_12,DOC_CAR_2,Cardiology,2026-08-28 15:15:00,follow_up
46a27bc3-4b29-4154-afc9-566ea9c42ff9,PAT_908,DOC_CAR_2,Cardiology,2026-08-28 15:40:00,follow_up
60dc7f17-0bb4-412b-be36-c405b83b28e1,PAT_573,DOC_CAR_2,Cardiology,2026-08-28 16:05:00,new
4e135c49-6ca5-4d9d-a03b-c6c05bc04ef3,PAT_197,DOC_CAR_2,Cardiology,2026-08-28 16:30:00,new
1fb0973d-18b1-4b2e-b558-67008afbb0ee,PAT_221,DOC_CAR_2,Cardiology,2026-08-28 16:55:00,follow_up
7770bbd8-44b9-4118-83ba-2171cd6c753f,PAT_765,DOC_ORT_1,Orthopedics,2026-08-28 09:00:00,follow_up
3f3c44d4-7d3e-4466-b8c8-043085b4816a,PAT_68,DOC_ORT_1,Orthopedics,2026-08-28 09:20:00,follow_up
90760626-b39f-4a36-a941-e9fb4442e5f0,PAT_592,DOC_ORT_1,Orthopedics,2026-08-28 09:40:00,new
3177ff90-2888-4e01-b112-706f8dbf02bd,PAT_781,DOC_ORT_1,Orthopedics,2026-08-28 10:00:00,follow_up
b57f8b60-5e86-4442-b3fe-9d54aea6dfc8,PAT_446,DOC_ORT_1,Orthopedics,2026-08-28 10:20:00,follow_up
937a3179-9edf-4153-90d2-663aa41450ed,PAT_132,DOC_ORT_1,Orthopedics,2026-08-28 10:40:00,new
9542eb70-c76e-4bb4-a4b8-f154da88a187,PAT_108,DOC_ORT_1,Orthopedics,2026-08-28 11:00:00,new
886a647f-4346-4845-98f7-5e677a5965aa,PAT_778,DOC_ORT_1,Orthopedics,2026-08-28 11:20:00,follow_up
89ff5a96-c48d-434b-91d8-6c5c3deec709,PAT_786,DOC_ORT_1,Orthopedics,2026-08-28 11:40:00,follow_up
52ba7a52-64a4-4d5f-94f9-351add18a6bf,PAT_963,DOC_ORT_1,Orthopedics,2026-08-28 12:00:00,follow_up
331372a3-7ad9-42d3-8042-176b17bf562a,PAT_7,DOC_ORT_1,Orthopedics,2026-08-28 12:20:00,new
7196c08a-2d6e-4355-9a51-3bf8afa244e3,PAT_686,DOC_ORT_1,Orthopedics,2026-08-28 12:40:00,follow_up
7b74d776-45a2-42c9-baf0-cf8d9c9f4081,PAT_511,DOC_ORT_1,Orthopedics,2026-08-28 13:00:00,new
2fb37c56-c6cf-4386-9c48-5889175a0059,PAT_363,DOC_ORT_1,Orthopedics,2026-08-28 13:20:00,follow_up
8883535b-d218-4f76-83d4-db306c6f8ffc,PAT_757,DOC_ORT_1,Orthopedics,2026-08-28 13:40:00,new
71b77bf8-3bce-4af5-b36d-64e8f8945439,PAT_435,DOC_ORT_1,Orthopedics,2026-08-28 14:00:00,follow_up
c65fa521-5860-43a4-bc46-6f07c5ee8788,PAT_749,DOC_ORT_2,Orthopedics,2026-08-28 09:00:00,new
c31f896b-fa92-47a1-871b-258245fd1fce,PAT_272,DOC_ORT_2,Orthopedics,2026-08-28 09:20:00,new
07555e52-5076-4b8d-8076-f089e3bae939,PAT_292,DOC_ORT_2,Orthopedics,2026-08-28 09:40:00,new
64439148-28cc-4a2c-bae1-dce0b238a25a,PAT_795,DOC_ORT_2,Orthopedics,2026-08-28 10:00:00,follow_up
69081611-653d-41c0-8b64-7b3efa6dc86f,PAT_940,DOC_ORT_2,Orthopedics,2026-08-28 10:20:00,follow_up
6bb183c3-dcd7-4c0a-9182-e75a8b17ff94,PAT_193,DOC_ORT_2,Orthopedics,2026-08-28 10:40:00,follow_up
23c0a366-f58d-41bf-bd73-58b4570fcebb,PAT_292,DOC_ORT_2,Orthopedics,2026-08-28 11:00:00,follow_up
28d24e47-0d86-4dce-8165-8a1ca5425581,PAT_264,DOC_ORT_2,Orthopedics,2026-08-28 11:20:00,new
19ac6887-a645-41c2-bd23-fb3ed85fb320,PAT_437,DOC_ORT_2,Orthopedics,2026-08-28 11:40:00,new
a30b11ef-19bd-4154-99aa-2ab60b9330db,PAT_443,DOC_ORT_2,Orthopedics,2026-08-28 12:00:00,new
b563e6e4-569c-491c-862f-3c5ec249cf7f,PAT_153,DOC_PED_1,Pediatrics,2026-08-28 09:00:00,new
6a3e61dd-7788-4029-8898-861935c8940b,PAT_428,DOC_PED_1,Pediatrics,2026-08-28 09:15:00,follow_up
0f382f74-4aad-46a9-b3c4-8c683c0b73d9,PAT_171,DOC_PED_1,Pediatrics,2026-08-28 09:30:00,follow_up
9fc147a8-6a7f-4dca-a433-71aaffd71451,PAT_766,DOC_PED_1,Pediatrics,2026-08-28 09:45:00,new
d414d004-9dc7-4ed5-8dab-8658139b2934,PAT_521,DOC_PED_1,Pediatrics,2026-08-28 10:00:00,follow_up
8105de95-1131-4a27-89f5-8df258081145,PAT_593,DOC_PED_1,Pediatrics,2026-08-28 10:15:00,follow_up
f0c9f653-2d6d-4b11-89ef-c7c5ac3cb678,PAT_992,DOC_PED_1,Pediatrics,2026-08-28 10:30:00,new
29e067c0-cc23-4947-9dd8-5f18ea42dab7,PAT_775,DOC_PED_1,Pediatrics,2026-08-28 10:45:00,follow_up
0645bf92-19ec-48c3-bd49-43d4dc30d192,PAT_846,DOC_PED_1,Pediatrics,2026-08-28 11:00:00,new
c824d1c4-9f41-45c9-b177-ed5ce86288a1,PAT_630,DOC_PED_1,Pediatrics,2026-08-28 11:15:00,new
a32d7c87-2a70-4458-9b5d-a6214bf3a063,PAT_277,DOC_PED_1,Pediatrics,2026-08-28 11:30:00,new
598a3858-384d-4224-9b77-ec678a4fa261,PAT_103,DOC_PED_1,Pediatrics,2026-08-28 11:45:00,follow_up
b9188bcd-12f1-4c82-9f33-d4f719c33e28,PAT_75,DOC_PED_1,Pediatrics,2026-08-28 12:00:00,follow_up
7ea69f9d-7a5a-400b-b8dc-6ac554b0dd86,PAT_326,DOC_PED_1,Pediatrics,2026-08-28 12:15:00,new
fa6225db-843c-433d-8e38-8d350d5fe6fe,PAT_516,DOC_PED_1,Pediatrics,2026-08-28 12:30:00,follow_up
ac51032c-b6ae-48c9-aa3d-3df3ca28805b,PAT_696,DOC_PED_1,Pediatrics,2026-08-28 12:45:00,new
14e396a0-a819-4d8a-97c9-3e9c40254827,PAT_32,DOC_PED_1,Pediatrics,2026-08-28 13:00:00,new
2c232a5c-c24b-421b-a42a-3d47084080c6,PAT_761,DOC_PED_2,Pediatrics,2026-08-28 09:00:00,follow_up
5a9156fe-3197-453e-a064-6d1eeb5bc2d3,PAT_95,DOC_PED_2,Pediatrics,2026-08-28 09:15:00,new
69013d94-f364-446e-bc64-a6e557ebab6a,PAT_13,DOC_PED_2,Pediatrics,2026-08-28 09:30:00,new
5d5e6cf6-b431-43d6-a8f4-ed639c46066f,PAT_925,DOC_PED_2,Pediatrics,2026-08-28 09:45:00,follow_up
753d43b9-3920-479c-9f37-a7ee14aec8e0,PAT_891,DOC_PED_2,Pediatrics,2026-08-28 10:00:00,follow_up
a982eed6-08b6-4646-93dc-4dd0053e2537,PAT_279,DOC_PED_2,Pediatrics,2026-08-28 10:15:00,follow_up
0a7d2677-3da8-4788-940a-c2ffe036937d,PAT_344,DOC_PED_2,Pediatrics,2026-08-28 10:30:00,follow_up
30b5b757-99e4-4a8d-be27-2b70d6fc27fd,PAT_884,DOC_PED_2,Pediatrics,2026-08-28 10:45:00,follow_up
a2347377-88a2-4e5d-8f26-434acad8e8b1,PAT_453,DOC_PED_2,Pediatrics,2026-08-28 11:00:00,new
92404ecb-8961-4c81-9f3c-8d122d8e28a7,PAT_656,DOC_PED_2,Pediatrics,2026-08-28 11:15:00,follow_up
9b860c8c-ed1f-4845-b8e8-69d32bf289c5,PAT_828,DOC_PED_2,Pediatrics,2026-08-28 11:30:00,follow_up
535dcbed-051a-4af9-9d8e-6cb6249e4bb0,PAT_224,DOC_PED_2,Pediatrics,2026-08-28 11:45:00,follow_up
19f26ba3-75d4-4736-bf57-8d9e61d2d010,PAT_129,DOC_PED_2,Pediatrics,2026-08-28 12:00:00,new
4f121409-b6c3-4c39-aa80-53ca68bebfc8,PAT_709,DOC_PED_2,Pediatrics,2026-08-28 12:15:00,follow_up
b1e6c772-701d-4f55-a795-f50d82f3a39f,PAT_625,DOC_GEN_1,General Physician,2026-08-31 09:00:00,follow_up
a2d34edb-99ed-446e-b6c2-63c2eb3aaebb,PAT_468,DOC_GEN_1,General Physician,2026-08-31 09:10:00,follow_up
120683e8-0146-4f54-91c8-64f7dfd5c748,PAT_611,DOC_GEN_1,General Physician,2026-08-31 09:20:00,new
284c0332-70f3-41a2-aed1-8179938f6755,PAT_922,DOC_GEN_1,General Physician,2026-08-31 09:30:00,new
6d059f6a-11cb-4084-a628-8f2286f229c5,PAT_473,DOC_GEN_1,General Physician,2026-08-31 09:40:00,new
3f291b92-964f-4a76-968d-744d80ba2867,PAT_643,DOC_GEN_1,General Physician,2026-08-31 09:50:00,new
d132bcc4-19b8-4870-a728-37166d52c931,PAT_361,DOC_GEN_1,General Physician,2026-08-31 10:00:00,new
fe2c4034-7474-4950-8dbf-ee6ee976716a,PAT_673,DOC_GEN_1,General Physician,2026-08-31 10:10:00,follow_up
b35477f4-8b99-4b5e-a094-1d1e22bfebd1,PAT_143,DOC_GEN_1,General Physician,2026-08-31 10:20:00,follow_up
5c8ba4c4-2f3c-4d1b-a9c9-15caffa9cae7,PAT_255,DOC_GEN_1,General Physician,2026-08-31 10:30:00,follow_up
e67d44e7-646b-4c7e-b2a8-2d0abfde931e,PAT_922,DOC_GEN_1,General Physician,2026-08-31 10:40:00,follow_up
92ff38fa-14e1-4e27-9186-8351cfc479af,PAT_979,DOC_GEN_1,General Physician,2026-08-31 10:50:00,follow_up
499945f9-06f8-4c26-a559-1fa5e3872316,PAT_868,DOC_GEN_1,General Physician,2026-08-31 11:00:00,follow_up
d699d306-3e4d-495a-bf8d-c699ccf38bdc,PAT_353,DOC_GEN_1,General Physician,2026-08-31 11:10:00,follow_up
b062d140-d785-4888-9231-242d388d54a9,PAT_404,DOC_GEN_1,General Physician,2026-08-31 11:20:00,follow_up
31384787-ca98-4981-bb17-d7c6c8c517a7,PAT_500,DOC_GEN_1,General Physician,2026-08-31 11:30:00,new
5a99673f-89e7-49c6-ba28-613bbb4a273d,PAT_522,DOC_GEN_2,General Physician,2026-08-31 09:00:00,new
020c1397-4ae5-44ef-97a8-d006f57c7944,PAT_181,DOC_GEN_2,General Physician,2026-08-31 09:10:00,new
ad73a331-742a-4867-be92-deb54bef86d0,PAT_932,DOC_GEN_2,General Physician,2026-08-31 09:20:00,new
265e4f40-503a-49ae-a086-785b50e33654,PAT_377,DOC_GEN_2,General Physician,2026-08-31 09:30:00,new
c3ad628a-7ed7-427e-95f2-0863c988898c,PAT_559,DOC_GEN_2,General Physician,2026-08-31 09:40:00,new
1c240f1e-0951-40a2-b534-c6f714235153,PAT_206,DOC_GEN_2,General Physician,2026-08-31 09:50:00,follow_up
e39b31e8-c3d2-449d-9c29-3a8feeb39568,PAT_876,DOC_GEN_2,General Physician,2026-08-31 10:00:00,follow_up
47a74e29-9ce4-42ea-afdd-d76ed9a13197,PAT_150,DOC_GEN_2,General Physician,2026-08-31 10:10:00,follow_up
5fb597f5-afb8-403c-9e4e-b6a7033eb78e,PAT_749,DOC_GEN_2,General Physician,2026-08-31 10:20:00,follow_up
2fb2a9ad-a359-42dd-b8b6-a7c255fa9446,PAT_455,DOC_GEN_2,General Physician,2026-08-31 10:30:00,follow_up
496be386-473b-4081-81d1-3ac74a4f9013,PAT_806,DOC_GEN_2,General Physician,2026-08-31 10:40:00,new
7e66dab5-855e-4a54-928a-7e24a0081649,PAT_530,DOC_GEN_2,General Physician,2026-08-31 10:50:00,follow_up
8d1c53ad-76f8-4d47-a6af-484c6d436178,PAT_378,DOC_GEN_2,General Physician,2026-08-31 11:00:00,new
38cb0c73-4c76-4827-a2e8-a1a5cc7095d7,PAT_359,DOC_GEN_2,General Physician,2026-08-31 11:10:00,follow_up
562618b6-dfd0-4298-9af0-6f1844c2a76a,PAT_344,DOC_GEN_2,General Physician,2026-08-31 11:20:00,new
53342aac-b943-4047-b4da-25ea283faafa,PAT_110,DOC_GEN_2,General Physician,2026-08-31 11:30:00,follow_up
d6dc2073-1264-4c91-a2af-a1cf56856e18,PAT_185,DOC_CAR_1,Cardiology,2026-08-31 09:00:00,new
bbc09ef2-9a53-4e13-8698-7d239d0feb8f,PAT_619,DOC_CAR_1,Cardiology,2026-08-31 09:25:00,new
d543b401-09f2-478f-be95-cb49cd969352,PAT_672,DOC_CAR_1,Cardiology,2026-08-31 09:50:00,follow_up
d8e942d1-3dfb-423d-8282-51731e32dec6,PAT_422,DOC_CAR_1,Cardiology,2026-08-31 10:15:00,new
62e4be3e-a223-4a36-b0dc-030558f17d17,PAT_170,DOC_CAR_1,Cardiology,2026-08-31 10:40:00,follow_up
1db2dcf4-1790-4eda-8602-68ae1ab4318c,PAT_591,DOC_CAR_1,Cardiology,2026-08-31 11:05:00,new
f3fc54b1-68fe-4aa0-936e-e7b49917bc9d,PAT_347,DOC_CAR_1,Cardiology,2026-08-31 11:30:00,new
709f3458-c737-4890-a655-3f2ebad3f910,PAT_49,DOC_CAR_1,Cardiology,2026-08-31 11:55:00,follow_up
d22d9a3c-26c1-4d82-87e5-b83bfd874664,PAT_636,DOC_CAR_1,Cardiology,2026-08-31 12:20:00,follow_up
48955cd1-74b2-4afd-97a5-c2c933cd4895,PAT_670,DOC_CAR_1,Cardiology,2026-08-31 12:45:00,new
9161452a-0a03-44d6-8b03-baf9531acb5f,PAT_425,DOC_CAR_1,Cardiology,2026-08-31 13:10:00,follow_up
a3b79a18-c551-4ebe-a825-2798ce08eb9f,PAT_469,DOC_CAR_1,Cardiology,2026-08-31 13:35:00,new
d7705ee9-18f7-4af0-a0b9-b7b7c783839d,PAT_848,DOC_CAR_1,Cardiology,2026-08-31 14:00:00,new
e2e18966-5e7a-4054-827f-f28067976385,PAT_441,DOC_CAR_1,Cardiology,2026-08-31 14:25:00,follow_up
82977bd6-39d1-4f35-bb6e-604d4b41395d,PAT_255,DOC_CAR_1,Cardiology,2026-08-31 14:50:00,follow_up
4ee9dae3-b990-43d7-8caf-d55bd48101ab,PAT_390,DOC_CAR_1,Cardiology,2026-08-31 15:15:00,new
cffe72e1-4e40-4ec9-9ca5-73dda4859caa,PAT_614,DOC_CAR_1,Cardiology,2026-08-31 15:40:00,follow_up
307f66b2-33eb-4cb6-a2e0-598487608715,PAT_490,DOC_CAR_1,Cardiology,2026-08-31 16:05:00,follow_up
5ccb9a1f-cf5f-4967-b894-cad2b22d5afd,PAT_408,DOC_CAR_2,Cardiology,2026-08-31 09:00:00,new
f852ddef-b001-4c7f-908b-bd6d846c0587,PAT_441,DOC_CAR_2,Cardiology,2026-08-31 09:25:00,new
cfea14f0-7c4c-44b8-a740-7cf080550a4f,PAT_838,DOC_CAR_2,Cardiology,2026-08-31 09:50:00,follow_up
d1379d24-c02a-4eb4-8f4c-d80a23dc65f3,PAT_380,DOC_CAR_2,Cardiology,2026-08-31 10:15:00,follow_up
be542933-9523-4907-8284-a4c982a431cb,PAT_150,DOC_CAR_2,Cardiology,2026-08-31 10:40:00,follow_up
1bebc4b8-4d88-4a6f-bbfa-1888e4da0cfe,PAT_630,DOC_CAR_2,Cardiology,2026-08-31 11:05:00,follow_up
7c8085b0-d0fd-43b9-ac74-4da5603390bb,PAT_889,DOC_CAR_2,Cardiology,2026-08-31 11:30:00,follow_up
c9a72e47-f812-42a2-9ce5-c86cafee5b4b,PAT_696,DOC_CAR_2,Cardiology,2026-08-31 11:55:00,follow_up
97e1f2dd-7020-4506-92c4-d6843ed41d8e,PAT_644,DOC_CAR_2,Cardiology,2026-08-31 12:20:00,follow_up
dab2e3cc-615c-439c-8bcc-69764210033b,PAT_760,DOC_CAR_2,Cardiology,2026-08-31 12:45:00,new
7199c9b4-edb5-4acc-9551-4170a4b9739c,PAT_735,DOC_CAR_2,Cardiology,2026-08-31 13:10:00,new
3d95e7e3-0d89-4ac8-b919-0729adfddad2,PAT_317,DOC_CAR_2,Cardiology,2026-08-31 13:35:00,new
82519b41-2a86-4274-ae71-1e01227c515f,PAT_870,DOC_CAR_2,Cardiology,2026-08-31 14:00:00,follow_up
d88e33b3-de36-4fa2-b818-1e95ce779a82,PAT_743,DOC_CAR_2,Cardiology,2026-08-31 14:25:00,follow_up
0df94d21-965c-465b-81c0-90562630dcf3,PAT_457,DOC_CAR_2,Cardiology,2026-08-31 14:50:00,new
9cd9f851-a6b7-4a4a-8ced-15346e2bac8d,PAT_40,DOC_CAR_2,Cardiology,2026-08-31 15:15:00,follow_up
32d85c2f-9e04-4094-80aa-59ff96901055,PAT_774,DOC_CAR_2,Cardiology,2026-08-31 15:40:00,follow_up
f01b38f7-0e1a-4664-8d15-e504a94a9c41,PAT_945,DOC_CAR_2,Cardiology,2026-08-31 16:05:00,new
84af7e52-d93f-4143-a3d9-04164dce5eff,PAT_227,DOC_CAR_2,Cardiology,2026-08-31 16:30:00,new
3b893db3-ef37-4565-830f-1b15edbb09f5,PAT_990,DOC_CAR_2,Cardiology,2026-08-31 16:55:00,follow_up
a8555e00-35fe-44f2-aa6d-445d42601e19,PAT_120,DOC_ORT_1,Orthopedics,2026-08-31 09:00:00,new
fef919d2-1341-4f9c-9a7b-5026dcd86cc1,PAT_428,DOC_ORT_1,Orthopedics,2026-08-31 09:20:00,new
f4656d6c-a50c-4284-8c49-7839c243ecd7,PAT_827,DOC_ORT_1,Orthopedics,2026-08-31 09:40:00,follow_up
1cd89c9f-012b-4cc8-9cfa-c8fdb609c2d3,PAT_436,DOC_ORT_1,Orthopedics,2026-08-31 10:00:00,new
b4424636-1bc9-48a8-b3a7-bb39f00629c6,PAT_915,DOC_ORT_1,Orthopedics,2026-08-31 10:20:00,follow_up
83c7ef80-7890-4d4b-93df-b8e2a6743a78,PAT_253,DOC_ORT_1,Orthopedics,2026-08-31 10:40:00,new
6f01d733-b7b0-4fb7-bbbe-7d0aac61d15d,PAT_412,DOC_ORT_1,Orthopedics,2026-08-31 11:00:00,new
c7aa12b5-429c-4c3b-b83e-4eb448ec42ba,PAT_346,DOC_ORT_1,Orthopedics,2026-08-31 11:20:00,follow_up
cdf09481-65b6-4072-ae45-e604e87949ec,PAT_828,DOC_ORT_1,Orthopedics,2026-08-31 11:40:00,new
0409f9fb-ac09-4fc0-a5a5-09087ac47218,PAT_388,DOC_ORT_1,Orthopedics,2026-08-31 12:00:00,new
dfc4224f-af67-44f6-830f-1c167c6b4a19,PAT_927,DOC_ORT_1,Orthopedics,2026-08-31 12:20:00,follow_up
1d200c8b-6db2-4d7c-8577-a6483f3ce79c,PAT_408,DOC_ORT_1,Orthopedics,2026-08-31 12:40:00,follow_up
eb55b0e1-89c2-4483-9452-56192bdedd03,PAT_23,DOC_ORT_1,Orthopedics,2026-08-31 13:00:00,follow_up
11175eff-5ee7-4b62-a8ea-512e25e3e12a,PAT_212,DOC_ORT_1,Orthopedics,2026-08-31 13:20:00,follow_up
3a4cee59-d893-4a10-bf00-286737045681,PAT_821,DOC_ORT_2,Orthopedics,2026-08-31 09:00:00,follow_up
0504e35c-3881-4306-8a72-d54bdced1a16,PAT_974,DOC_ORT_2,Orthopedics,2026-08-31 09:20:00,new
0f81a5f5-bebd-4963-9fad-6fe72e5ced84,PAT_768,DOC_ORT_2,Orthopedics,2026-08-31 09:40:00,follow_up
120c6336-dda1-4142-8fd6-c1033641492b,PAT_150,DOC_ORT_2,Orthopedics,2026-08-31 10:00:00,follow_up
3199cacc-52e0-4d76-8c24-dbb38d7ee9a4,PAT_936,DOC_ORT_2,Orthopedics,2026-08-31 10:20:00,new
1e0adfb6-0103-4960-9eca-2ec85aa35968,PAT_636,DOC_ORT_2,Orthopedics,2026-08-31 10:40:00,new
3191e58e-b91c-4075-991c-2d5e67111184,PAT_66,DOC_ORT_2,Orthopedics,2026-08-31 11:00:00,follow_up
ec7a3d44-35ac-4267-812a-516f88e48648,PAT_280,DOC_ORT_2,Orthopedics,2026-08-31 11:20:00,follow_up
1f00bae0-2692-4063-86e0-57faf4aa00a2,PAT_581,DOC_ORT_2,Orthopedics,2026-08-31 11:40:00,follow_up
282944cc-187d-44e5-bd36-d8dbc5f21a09,PAT_329,DOC_ORT_2,Orthopedics,2026-08-31 12:00:00,new
d98943c6-e32d-4aa8-b6ea-9be5b0159f5a,PAT_695,DOC_ORT_2,Orthopedics,2026-08-31 12:20:00,new
b06a720c-58e6-4df1-b685-0e39d24a121e,PAT_211,DOC_ORT_2,Orthopedics,2026-08-31 12:40:00,follow_up
00abdfc6-abde-4f71-8190-5ec68fbf94ea,PAT_125,DOC_ORT_2,Orthopedics,2026-08-31 13:00:00,follow_up
c9516bce-fd18-4559-912a-fc6fa260d9f2,PAT_321,DOC_ORT_2,Orthopedics,2026-08-31 13:20:00,follow_up
04738236-b1ab-43c1-8ded-2042fa8cd29d,PAT_533,DOC_ORT_2,Orthopedics,2026-08-31 13:40:00,follow_up
e868c578-695a-499b-a43b-ec2d9f7824de,PAT_683,DOC_ORT_2,Orthopedics,2026-08-31 14:00:00,new
070db430-bbf5-4255-94f7-8574e84490f5,PAT_448,DOC_ORT_2,Orthopedics,2026-08-31 14:20:00,follow_up
c702bcd3-e164-42f1-9ebf-eab20e9f3e82,PAT_660,DOC_ORT_2,Orthopedics,2026-08-31 14:40:00,new
a4eecff2-629a-470b-affe-dd9be3454d6a,PAT_814,DOC_ORT_2,Orthopedics,2026-08-31 15:00:00,new
60f58d43-0939-4da8-ac95-835ae74b759b,PAT_898,DOC_ORT_2,Orthopedics,2026-08-31 15:20:00,new
a01bdd8e-bc1e-41c1-bbc0-6ff690e4b56d,PAT_570,DOC_PED_1,Pediatrics,2026-08-31 09:00:00,follow_up
ace7fffd-b1e3-4208-b1fb-8dd3cd093390,PAT_710,DOC_PED_1,Pediatrics,2026-08-31 09:15:00,follow_up
654fa093-a5dc-42bf-a331-7aeeb6743ef6,PAT_317,DOC_PED_1,Pediatrics,2026-08-31 09:30:00,new
b1553af3-214b-4dff-bc2a-d9b771ef5444,PAT_894,DOC_PED_1,Pediatrics,2026-08-31 09:45:00,new
200b6f2e-2d35-4f43-8d88-eeb62b89d7b9,PAT_35,DOC_PED_1,Pediatrics,2026-08-31 10:00:00,follow_up
c7c9a7d1-0ad2-43a8-9724-c59e22b0cf89,PAT_767,DOC_PED_1,Pediatrics,2026-08-31 10:15:00,new
136454fe-6b16-46e8-a90a-64158ed22035,PAT_42,DOC_PED_1,Pediatrics,2026-08-31 10:30:00,new
6895f69a-896b-4f9e-b93a-2600b1eed517,PAT_713,DOC_PED_1,Pediatrics,2026-08-31 10:45:00,new
3697682f-81ae-4a21-bff8-12158e057f30,PAT_703,DOC_PED_1,Pediatrics,2026-08-31 11:00:00,follow_up
1ccce2f2-16a9-411b-9371-805989719b66,PAT_516,DOC_PED_1,Pediatrics,2026-08-31 11:15:00,follow_up
f221f76d-518c-457d-b236-820d0494e3ab,PAT_52,DOC_PED_1,Pediatrics,2026-08-31 11:30:00,new
eca28b68-cb25-4ccf-be03-4a759dc21e99,PAT_673,DOC_PED_1,Pediatrics,2026-08-31 11:45:00,new
487fb7ee-27cc-4309-ae98-09e4e99b9926,PAT_29,DOC_PED_1,Pediatrics,2026-08-31 12:00:00,new
5c3f433d-9a0b-46d4-9c4f-b668124c4b4c,PAT_652,DOC_PED_2,Pediatrics,2026-08-31 09:00:00,new
66838b24-1643-4643-88e1-c3d9c2d4ed28,PAT_597,DOC_PED_2,Pediatrics,2026-08-31 09:15:00,new
e40dc70f-31db-4680-b329-ce20916ce52f,PAT_575,DOC_PED_2,Pediatrics,2026-08-31 09:30:00,follow_up
9b4ea788-9e45-4538-a34c-29c76dca7670,PAT_623,DOC_PED_2,Pediatrics,2026-08-31 09:45:00,follow_up
2bb17f44-ae56-4b79-9c29-1ec2b27b5a4a,PAT_132,DOC_PED_2,Pediatrics,2026-08-31 10:00:00,follow_up
1c0e8e24-8a27-4299-81b4-fe9a657080ec,PAT_564,DOC_PED_2,Pediatrics,2026-08-31 10:15:00,follow_up
67cd802d-1a33-4ebb-a2e0-e7b0996919cc,PAT_871,DOC_PED_2,Pediatrics,2026-08-31 10:30:00,new
1b69401b-f86d-4ec9-aa3d-a4787095ff73,PAT_500,DOC_PED_2,Pediatrics,2026-08-31 10:45:00,follow_up
adec37b9-c2a5-470b-a57f-279625e34a80,PAT_964,DOC_PED_2,Pediatrics,2026-08-31 11:00:00,new
39c38322-5704-4d64-aa23-f4b7221ace93,PAT_568,DOC_PED_2,Pediatrics,2026-08-31 11:15:00,new
3b7bf30b-ccd4-4588-9c71-3111d10fdbe9,PAT_817,DOC_GEN_1,General Physician,2026-09-01 09:00:00,new
3b9b695b-7c7a-4c6d-87e0-bd61de6f50e3,PAT_157,DOC_GEN_1,General Physician,2026-09-01 09:10:00,new
5977300f-8e7c-431d-af27-7ab5ad0dc264,PAT_960,DOC_GEN_1,General Physician,2026-09-01 09:20:00,new
35dc0e43-95c5-4a2b-b6c3-2438f48fb23b,PAT_285,DOC_GEN_1,General Physician,2026-09-01 09:30:00,new
909a7440-ef99-4c50-b168-42031959083d,PAT_564,DOC_GEN_1,General Physician,2026-09-01 09:40:00,follow_up
d353b021-fa35-4572-b50e-e87723d47b61,PAT_807,DOC_GEN_1,General Physician,2026-09-01 09:50:00,follow_up
86e2e268-df61-4c96-b350-23eceaf5288f,PAT_943,DOC_GEN_1,General Physician,2026-09-01 10:00:00,new
1611373d-a129-4f98-b69e-c55af03b7307,PAT_500,DOC_GEN_1,General Physician,2026-09-01 10:10:00,follow_up
80fcf8ac-7bea-43e7-b037-9e3ba05213da,PAT_681,DOC_GEN_1,General Physician,2026-09-01 10:20:00,follow_up
663f5a82-f2be-4dfb-84a4-738ff47018e0,PAT_338,DOC_GEN_1,General Physician,2026-09-01 10:30:00,new
f9bc94d2-fba5-43b9-b464-71634e08fb68,PAT_771,DOC_GEN_1,General Physician,2026-09-01 10:40:00,follow_up
c5a84f78-8ed6-4929-8721-592995eeaea1,PAT_849,DOC_GEN_1,General Physician,2026-09-01 10:50:00,follow_up
c44c5515-1e69-4927-8efc-123ed97c99b0,PAT_470,DOC_GEN_1,General Physician,2026-09-01 11:00:00,follow_up
2801040b-8698-41bf-949a-907e961e034d,PAT_84,DOC_GEN_1,General Physician,2026-09-01 11:10:00,new
c6e51c33-1d41-4652-a51a-0f151d0a36eb,PAT_218,DOC_GEN_2,General Physician,2026-09-01 09:00:00,new
33f8b56e-c2a1-4b93-b55d-28cecd5899e6,PAT_262,DOC_GEN_2,General Physician,2026-09-01 09:10:00,follow_up
ccf32235-fae9-49ef-aeeb-610c618eb84d,PAT_298,DOC_GEN_2,General Physician,2026-09-01 09:20:00,new
4e6c3df3-9769-4d92-8a97-960a7c337ffe,PAT_167,DOC_GEN_2,General Physician,2026-09-01 09:30:00,new
ce9ff848-0e09-4b9f-bea1-b24a141693f9,PAT_904,DOC_GEN_2,General Physician,2026-09-01 09:40:00,new
c3e1d936-5b47-4e24-a3ac-fb3cc2d724b9,PAT_294,DOC_GEN_2,General Physician,2026-09-01 09:50:00,new
8deb3fde-7b65-4ca3-9766-2fec02df6d9a,PAT_587,DOC_GEN_2,General Physician,2026-09-01 10:00:00,follow_up
b144435f-bef9-4d03-99c9-cced2c166e84,PAT_770,DOC_GEN_2,General Physician,2026-09-01 10:10:00,follow_up
8f2f359d-6974-469e-baa7-9b2ca1b31747,PAT_828,DOC_GEN_2,General Physician,2026-09-01 10:20:00,follow_up
3ab2df2c-993d-43c8-b232-1a4c544a5211,PAT_730,DOC_GEN_2,General Physician,2026-09-01 10:30:00,new
7ea3f346-c5f9-46e3-a3e7-3ed28e3d1a44,PAT_31,DOC_GEN_2,General Physician,2026-09-01 10:40:00,follow_up
cdd4b549-674a-4452-88a3-d813441af7f5,PAT_577,DOC_GEN_2,General Physician,2026-09-01 10:50:00,new
7f9e17bb-8935-4b42-9732-e7a5c0e7dcee,PAT_48,DOC_GEN_2,General Physician,2026-09-01 11:00:00,follow_up
3127cd8c-3f87-4483-b2bb-e8964e6a6890,PAT_339,DOC_GEN_2,General Physician,2026-09-01 11:10:00,new
12634d79-780e-410d-beb4-d4d60c6f3d3a,PAT_60,DOC_GEN_2,General Physician,2026-09-01 11:20:00,follow_up
86069631-04d7-44bb-b4cd-5734207e98be,PAT_904,DOC_GEN_2,General Physician,2026-09-01 11:30:00,follow_up
b12197cf-22ac-4ac2-8a81-e18062777e78,PAT_296,DOC_GEN_2,General Physician,2026-09-01 11:40:00,follow_up
7b1b1ab6-9121-4b45-a00e-caa8363500a7,PAT_398,DOC_GEN_2,General Physician,2026-09-01 11:50:00,follow_up
c88e80b6-d4b9-43d2-a4a0-ec81db88ab05,PAT_509,DOC_GEN_2,General Physician,2026-09-01 12:00:00,follow_up
140f7395-7a2c-413f-b63f-eb274add9823,PAT_561,DOC_CAR_1,Cardiology,2026-09-01 09:00:00,follow_up
d7475ddb-d790-42a3-9e0a-b753003abd7a,PAT_360,DOC_CAR_1,Cardiology,2026-09-01 09:25:00,new
60c9fcd0-412d-4694-8709-55ae37f26ca3,PAT_952,DOC_CAR_1,Cardiology,2026-09-01 09:50:00,new
0711b390-e067-46fc-95f8-c2fab1b97a84,PAT_802,DOC_CAR_1,Cardiology,2026-09-01 10:15:00,new
97a6bc53-0bc9-4471-960e-fd62d222c4f9,PAT_585,DOC_CAR_1,Cardiology,2026-09-01 10:40:00,new
6e94c0e2-37a5-482d-94a7-86e3cf37e669,PAT_708,DOC_CAR_1,Cardiology,2026-09-01 11:05:00,follow_up
ecd4ac73-42c0-407e-bf19-ff9c7585accc,PAT_6,DOC_CAR_1,Cardiology,2026-09-01 11:30:00,follow_up
11b8a217-1954-4cb2-ba02-740689161d23,PAT_837,DOC_CAR_1,Cardiology,2026-09-01 11:55:00,new
ab3dfebc-e0b3-4de3-b1d9-e96112e6c428,PAT_580,DOC_CAR_1,Cardiology,2026-09-01 12:20:00,follow_up
d248a909-2e8e-4faf-bc7a-971d905e3168,PAT_52,DOC_CAR_1,Cardiology,2026-09-01 12:45:00,new
6391c74d-b6f6-418a-adfd-27204cf65e37,PAT_866,DOC_CAR_1,Cardiology,2026-09-01 13:10:00,follow_up
5305c9b7-ea1b-4698-9f1d-8a50fa91f696,PAT_458,DOC_CAR_1,Cardiology,2026-09-01 13:35:00,new
5f1b7194-996a-4bbd-9b51-8820fb71a6bf,PAT_851,DOC_CAR_1,Cardiology,2026-09-01 14:00:00,follow_up
05fc658e-8b46-4233-8d61-2449a47d54eb,PAT_900,DOC_CAR_1,Cardiology,2026-09-01 14:25:00,new
a159eb92-1f99-42b4-8d17-8c1ed56840dc,PAT_857,DOC_CAR_2,Cardiology,2026-09-01 09:00:00,new
0eb6f26f-1a16-4ded-ab99-0ac08506815a,PAT_721,DOC_CAR_2,Cardiology,2026-09-01 09:25:00,follow_up
43d21508-9965-44a2-bd5e-5299d5d15744,PAT_836,DOC_CAR_2,Cardiology,2026-09-01 09:50:00,follow_up
647d5c35-2010-4f8b-bc6f-e26a29bfd907,PAT_991,DOC_CAR_2,Cardiology,2026-09-01 10:15:00,new
1caa72a4-a238-41a8-8bb8-eb522f611a11,PAT_433,DOC_CAR_2,Cardiology,2026-09-01 10:40:00,follow_up
15cc20b9-479c-4adb-b197-3131191c6d22,PAT_33,DOC_CAR_2,Cardiology,2026-09-01 11:05:00,follow_up
f0d77a77-3448-419b-8baf-00f79b0b5d5f,PAT_875,DOC_CAR_2,Cardiology,2026-09-01 11:30:00,follow_up
1730d227-7b24-4908-8bc6-66ef52600b5e,PAT_157,DOC_CAR_2,Cardiology,2026-09-01 11:55:00,follow_up
23afc5cb-6f0a-44de-905a-d4a1e7add72f,PAT_566,DOC_CAR_2,Cardiology,2026-09-01 12:20:00,new
8b916d92-d258-4949-a6d8-b275dfaf9a46,PAT_119,DOC_CAR_2,Cardiology,2026-09-01 12:45:00,follow_up
f315437a-cd75-44ea-b27a-d716b2b781e8,PAT_925,DOC_CAR_2,Cardiology,2026-09-01 13:10:00,new
a79fb9f3-f5de-4e72-a9a3-20159a4e26b3,PAT_909,DOC_CAR_2,Cardiology,2026-09-01 13:35:00,follow_up
1e47cd7d-dec4-4123-bc91-e4d636758d15,PAT_618,DOC_CAR_2,Cardiology,2026-09-01 14:00:00,new
2576af78-b9dd-4fd7-aacf-7540320472d9,PAT_696,DOC_CAR_2,Cardiology,2026-09-01 14:25:00,new
63b7b086-1f99-4e3d-a86d-be88a1facbb2,PAT_275,DOC_CAR_2,Cardiology,2026-09-01 14:50:00,new
8739ac95-3975-4936-a8ec-c2c029e6b8e2,PAT_803,DOC_CAR_2,Cardiology,2026-09-01 15:15:00,follow_up
3d9d7a82-84f1-473b-b777-d24196c220f1,PAT_246,DOC_CAR_2,Cardiology,2026-09-01 15:40:00,follow_up
a6401c94-b777-4c05-8ed9-84e0d43cc39c,PAT_626,DOC_CAR_2,Cardiology,2026-09-01 16:05:00,new
bd90d341-2945-40a0-9bc6-b2844533f557,PAT_36,DOC_CAR_2,Cardiology,2026-09-01 16:30:00,follow_up
c25f40e0-5fbb-4888-8107-7bb039ae473a,PAT_10,DOC_ORT_1,Orthopedics,2026-09-01 09:00:00,new
d7a27202-40da-4719-b4a9-9fa4ff77ee5d,PAT_208,DOC_ORT_1,Orthopedics,2026-09-01 09:20:00,follow_up
edf0d2b0-fe0d-42df-969f-0a49a2eef427,PAT_444,DOC_ORT_1,Orthopedics,2026-09-01 09:40:00,new
a240d52a-3733-449c-97ab-0016c85ced0d,PAT_409,DOC_ORT_1,Orthopedics,2026-09-01 10:00:00,new
5a7f6c87-aaf0-4be9-8bbc-036adc0f53cb,PAT_398,DOC_ORT_1,Orthopedics,2026-09-01 10:20:00,follow_up
5940410a-8cfa-4971-9c2d-dcee8d6f762c,PAT_353,DOC_ORT_1,Orthopedics,2026-09-01 10:40:00,new
59853c16-b465-4ee8-aa02-6e2161577dd5,PAT_398,DOC_ORT_1,Orthopedics,2026-09-01 11:00:00,follow_up
268e7af0-5266-4762-930d-5bfc3b7447c7,PAT_135,DOC_ORT_1,Orthopedics,2026-09-01 11:20:00,follow_up
0f45ced6-495e-486e-adb2-86a5eab4fe77,PAT_691,DOC_ORT_1,Orthopedics,2026-09-01 11:40:00,follow_up
46c80054-b13b-4956-a981-26ff5b2f8e88,PAT_197,DOC_ORT_1,Orthopedics,2026-09-01 12:00:00,new
75025b73-7878-45ab-a419-1ed72f5be98d,PAT_250,DOC_ORT_1,Orthopedics,2026-09-01 12:20:00,follow_up
ee4d8bbb-0d67-446a-bdea-880ee6ed4a42,PAT_206,DOC_ORT_1,Orthopedics,2026-09-01 12:40:00,follow_up
b62e3fe2-8b5d-4a8e-8443-f2b7ae4274b2,PAT_230,DOC_ORT_1,Orthopedics,2026-09-01 13:00:00,new
f55f44a1-45f3-4518-a7ea-df326c1177f3,PAT_112,DOC_ORT_1,Orthopedics,2026-09-01 13:20:00,follow_up
144c747b-8ab9-4dff-8864-d8a157db89ea,PAT_852,DOC_ORT_2,Orthopedics,2026-09-01 09:00:00,new
6ccddfec-eded-443c-8c1c-d490ce396413,PAT_345,DOC_ORT_2,Orthopedics,2026-09-01 09:20:00,follow_up
9059c441-b326-406a-9fab-f0a5d2222099,PAT_969,DOC_ORT_2,Orthopedics,2026-09-01 09:40:00,new
60e60f26-70cd-45f0-ac6f-0023ccecee04,PAT_598,DOC_ORT_2,Orthopedics,2026-09-01 10:00:00,follow_up
bf03d8e8-2920-4699-a2f1-1fd0f8125180,PAT_259,DOC_ORT_2,Orthopedics,2026-09-01 10:20:00,new
249f396d-a658-4366-a142-2aff61e55d48,PAT_510,DOC_ORT_2,Orthopedics,2026-09-01 10:40:00,follow_up
f70b1d39-e3ba-4359-bb8a-76dc90b77915,PAT_681,DOC_ORT_2,Orthopedics,2026-09-01 11:00:00,new
0926ebbf-441a-4f0f-864d-ee42158f564e,PAT_453,DOC_ORT_2,Orthopedics,2026-09-01 11:20:00,new
74e4fb94-5750-4c17-adc4-2383d28572de,PAT_504,DOC_ORT_2,Orthopedics,2026-09-01 11:40:00,follow_up
0f5f232c-b054-4b6a-ab20-4e41ac3f6d52,PAT_647,DOC_ORT_2,Orthopedics,2026-09-01 12:00:00,new
dc806f0c-0a58-4c3c-a514-6feaea836e62,PAT_987,DOC_ORT_2,Orthopedics,2026-09-01 12:20:00,follow_up
5f55cb4c-501c-4c14-8c14-e96e95d858b8,PAT_456,DOC_ORT_2,Orthopedics,2026-09-01 12:40:00,new
38768991-50b6-4581-b30d-409369e3ccf0,PAT_949,DOC_ORT_2,Orthopedics,2026-09-01 13:00:00,new
4c15698b-1344-475d-a7e4-4d008acfc191,PAT_392,DOC_PED_1,Pediatrics,2026-09-01 09:00:00,new
bdc8ff84-c020-451f-89bd-5415951c366f,PAT_894,DOC_PED_1,Pediatrics,2026-09-01 09:15:00,new
b3dddb29-9246-4455-804c-79c0009ca23b,PAT_785,DOC_PED_1,Pediatrics,2026-09-01 09:30:00,new
2eaac55e-55cb-4370-b1fa-d301463ffba6,PAT_101,DOC_PED_1,Pediatrics,2026-09-01 09:45:00,new
102437e6-a78d-4200-9c84-d860b55f16a6,PAT_929,DOC_PED_1,Pediatrics,2026-09-01 10:00:00,new
56ab5b27-58e6-4e4e-9352-7259020794d8,PAT_108,DOC_PED_1,Pediatrics,2026-09-01 10:15:00,follow_up
b826d503-ac28-4ecb-ba42-ef3432692ed6,PAT_289,DOC_PED_1,Pediatrics,2026-09-01 10:30:00,follow_up
f896af7b-5c71-4bd2-9a1e-71fe125ff3ef,PAT_743,DOC_PED_1,Pediatrics,2026-09-01 10:45:00,new
ab3949a3-390b-4776-87c3-05b2f8120ab1,PAT_748,DOC_PED_1,Pediatrics,2026-09-01 11:00:00,follow_up
92efedbe-56ca-4ba3-a587-d4bce9dc75fb,PAT_194,DOC_PED_1,Pediatrics,2026-09-01 11:15:00,follow_up
562c8838-a489-486b-a17a-c8d32f785cdb,PAT_533,DOC_PED_1,Pediatrics,2026-09-01 11:30:00,new
7f6def41-36f5-40cb-993e-2bc706bc8354,PAT_771,DOC_PED_1,Pediatrics,2026-09-01 11:45:00,follow_up
1a735bfa-e885-4333-bcda-e655b17c850e,PAT_619,DOC_PED_1,Pediatrics,2026-09-01 12:00:00,follow_up
f7da4380-0ab2-471e-aa94-367f33d8a848,PAT_309,DOC_PED_1,Pediatrics,2026-09-01 12:15:00,new
09b98f8f-798a-473c-a563-e512f51a4b64,PAT_946,DOC_PED_1,Pediatrics,2026-09-01 12:30:00,follow_up
8f4d82d7-1068-4edc-a40c-2c5bfff784dd,PAT_61,DOC_PED_1,Pediatrics,2026-09-01 12:45:00,new
b284e181-d661-4bd9-aa67-696d9f5a91de,PAT_465,DOC_PED_1,Pediatrics,2026-09-01 13:00:00,follow_up
46d6e509-24fc-4a01-b7f6-c5499b7cac7e,PAT_472,DOC_PED_2,Pediatrics,2026-09-01 09:00:00,follow_up
d290d082-740e-469c-bd1a-d9a8f0017ea9,PAT_483,DOC_PED_2,Pediatrics,2026-09-01 09:15:00,new
7fed65cc-0e3b-4c24-9cc4-d5d523664b94,PAT_856,DOC_PED_2,Pediatrics,2026-09-01 09:30:00,follow_up
2ea090c6-3827-41df-abcb-ea767b4c14cd,PAT_235,DOC_PED_2,Pediatrics,2026-09-01 09:45:00,new
dce16d53-b2bb-46c7-8592-55cef139fbfe,PAT_37,DOC_PED_2,Pediatrics,2026-09-01 10:00:00,new
6550617f-d56c-422b-aa10-1a56f2c1f4a8,PAT_250,DOC_PED_2,Pediatrics,2026-09-01 10:15:00,new
a024384c-2b17-4607-a21f-dfab4a848175,PAT_866,DOC_PED_2,Pediatrics,2026-09-01 10:30:00,new
2270f823-edd0-4cb8-a9a8-bb44f9fd3a6c,PAT_700,DOC_PED_2,Pediatrics,2026-09-01 10:45:00,new
bccbd4df-ba60-47a7-a3e9-c5e24f5ad626,PAT_475,DOC_PED_2,Pediatrics,2026-09-01 11:00:00,new
792697b7-17be-4d94-a6fc-d1894b06d803,PAT_441,DOC_PED_2,Pediatrics,2026-09-01 11:15:00,follow_up
4cabd348-4a69-40ae-95ad-f13da87fa9ca,PAT_369,DOC_PED_2,Pediatrics,2026-09-01 11:30:00,follow_up
2c3eaaef-0010-4e31-aca0-2ccae2f9ab1a,PAT_155,DOC_PED_2,Pediatrics,2026-09-01 11:45:00,new
68ca8155-3e31-4e00-93ab-2aea0ca0c31f,PAT_316,DOC_PED_2,Pediatrics,2026-09-01 12:00:00,follow_up
081fa6c6-b251-45b0-8906-58bf5bd97828,PAT_750,DOC_PED_2,Pediatrics,2026-09-01 12:15:00,new
ee2227c7-d0d0-4bbc-b77b-2ba439192a29,PAT_832,DOC_PED_2,Pediatrics,2026-09-01 12:30:00,new
163e8a44-ef0a-458c-905f-2f65545a8885,PAT_74,DOC_PED_2,Pediatrics,2026-09-01 12:45:00,follow_up
9523eb64-4d12-43fa-abc2-731c4b3deba5,PAT_308,DOC_PED_2,Pediatrics,2026-09-01 13:00:00,new
d30174b1-1ebb-4529-bac1-509d7658634c,PAT_762,DOC_GEN_1,General Physician,2026-09-02 09:00:00,new
dc45164f-558d-4f1e-8704-31276fbba198,PAT_812,DOC_GEN_1,General Physician,2026-09-02 09:10:00,follow_up
aa3f7276-ba26-437b-bd9b-0ca8dae6f1b2,PAT_738,DOC_GEN_1,General Physician,2026-09-02 09:20:00,follow_up
7f40697c-b008-4ebf-92ae-5ce4d21f41d0,PAT_206,DOC_GEN_1,General Physician,2026-09-02 09:30:00,follow_up
ee40adf4-af3e-4acb-9185-8ad8d258476f,PAT_434,DOC_GEN_1,General Physician,2026-09-02 09:40:00,new
0d3c8405-6575-47b3-a1d6-e06b9579261f,PAT_400,DOC_GEN_1,General Physician,2026-09-02 09:50:00,new
eef99a7b-aaa0-441b-a9c4-2692d360504d,PAT_128,DOC_GEN_1,General Physician,2026-09-02 10:00:00,follow_up
e2b9d05d-cf80-4550-9660-331fa47e47a3,PAT_377,DOC_GEN_1,General Physician,2026-09-02 10:10:00,new
a07b117e-d726-453f-b582-5523769b652b,PAT_217,DOC_GEN_1,General Physician,2026-09-02 10:20:00,new
0da78032-d769-4e03-b65a-85a4c04747e9,PAT_568,DOC_GEN_1,General Physician,2026-09-02 10:30:00,follow_up
14bf80a1-6351-44ad-8e43-385176ecc502,PAT_96,DOC_GEN_1,General Physician,2026-09-02 10:40:00,new
1f887184-a384-4129-bb83-646b6a791b65,PAT_759,DOC_GEN_1,General Physician,2026-09-02 10:50:00,new
174a77d2-2b34-446d-a382-8f6876545bcd,PAT_739,DOC_GEN_1,General Physician,2026-09-02 11:00:00,new
5eea61e3-cf18-4545-bd21-c3f45ead189e,PAT_551,DOC_GEN_1,General Physician,2026-09-02 11:10:00,new
ab6e2d59-d04d-4001-82f1-2fff24c7488d,PAT_707,DOC_GEN_1,General Physician,2026-09-02 11:20:00,new
2798d9d4-f2b4-43f4-b8b7-d59fdbe450a9,PAT_707,DOC_GEN_1,General Physician,2026-09-02 11:30:00,follow_up
d9333de3-ab55-4941-a288-b78871f2be21,PAT_344,DOC_GEN_1,General Physician,2026-09-02 11:40:00,new
6c9b731a-c58d-4e49-9660-cf82fb82082f,PAT_291,DOC_GEN_2,General Physician,2026-09-02 09:00:00,new
e0823f43-ad47-493c-abe7-476904008c4f,PAT_432,DOC_GEN_2,General Physician,2026-09-02 09:10:00,new
a405549c-9453-4065-9ac7-3f4514e87fca,PAT_995,DOC_GEN_2,General Physician,2026-09-02 09:20:00,follow_up
8f7c34cd-9c43-48b7-a189-d98f77d46635,PAT_333,DOC_GEN_2,General Physician,2026-09-02 09:30:00,new
66033818-a2a6-4e65-949f-17820b840285,PAT_119,DOC_GEN_2,General Physician,2026-09-02 09:40:00,follow_up
d9d8c630-b2d9-4316-b33b-a7f37820cf26,PAT_895,DOC_GEN_2,General Physician,2026-09-02 09:50:00,follow_up
cfef7a27-e3d7-42a8-9778-37ca11ef46ca,PAT_727,DOC_GEN_2,General Physician,2026-09-02 10:00:00,follow_up
bf57a63f-3a13-4ed9-aee4-36f47c10f410,PAT_314,DOC_GEN_2,General Physician,2026-09-02 10:10:00,follow_up
18e65a9a-789a-4512-a617-a7f0dcd6614a,PAT_813,DOC_GEN_2,General Physician,2026-09-02 10:20:00,new
49e4b17e-1c34-4298-a198-6c61cee5d330,PAT_675,DOC_GEN_2,General Physician,2026-09-02 10:30:00,follow_up
791e4c56-dcd3-44d7-8fac-d660fba8bfa7,PAT_686,DOC_GEN_2,General Physician,2026-09-02 10:40:00,new
5621769b-901f-473c-a495-122276ab438a,PAT_154,DOC_CAR_1,Cardiology,2026-09-02 09:00:00,new
54d615c8-2653-465d-9a19-1e7a555e501d,PAT_609,DOC_CAR_1,Cardiology,2026-09-02 09:25:00,follow_up
9c2c1b63-6449-4ed4-b7d5-8e0736d86f15,PAT_905,DOC_CAR_1,Cardiology,2026-09-02 09:50:00,follow_up
702ca597-bf26-4e3d-9b51-3ab9192cfc4b,PAT_969,DOC_CAR_1,Cardiology,2026-09-02 10:15:00,new
6ccb13cf-a456-45a9-ac7d-ea9d5d7df81e,PAT_187,DOC_CAR_1,Cardiology,2026-09-02 10:40:00,new
a9fef807-a5f3-4427-94bf-817e2cfc3c06,PAT_301,DOC_CAR_1,Cardiology,2026-09-02 11:05:00,new
123f225f-ea70-48df-bb48-83c7e6129ac3,PAT_363,DOC_CAR_1,Cardiology,2026-09-02 11:30:00,new
cc56b435-f17b-4740-8a05-7d05a752f5a0,PAT_333,DOC_CAR_1,Cardiology,2026-09-02 11:55:00,follow_up
6847704f-0166-4d55-8222-b77ab5c9bff6,PAT_68,DOC_CAR_1,Cardiology,2026-09-02 12:20:00,follow_up
a5234714-d0d4-4bd2-8157-cdc1d673ccf9,PAT_359,DOC_CAR_1,Cardiology,2026-09-02 12:45:00,new
4062da0a-3915-4ecc-9b14-542d99313bb0,PAT_775,DOC_CAR_1,Cardiology,2026-09-02 13:10:00,follow_up
08baded4-57a8-4ff4-b6b0-dfdf5726ed0a,PAT_417,DOC_CAR_1,Cardiology,2026-09-02 13:35:00,follow_up
c8084c15-22c9-4fb2-aff7-aa9505143469,PAT_266,DOC_CAR_1,Cardiology,2026-09-02 14:00:00,new
afd7a1e8-7917-45c8-90a5-296a40552fa1,PAT_185,DOC_CAR_1,Cardiology,2026-09-02 14:25:00,new
23fe3e0d-bd61-48c7-bc0f-cbdc4e8b9be4,PAT_740,DOC_CAR_1,Cardiology,2026-09-02 14:50:00,follow_up
58329960-9f75-425c-b58d-5e2c61068d9d,PAT_653,DOC_CAR_1,Cardiology,2026-09-02 15:15:00,follow_up
2a9e676b-af83-4fad-9d8a-46e6fd56e7cd,PAT_458,DOC_CAR_1,Cardiology,2026-09-02 15:40:00,new
d93f716c-33b1-4575-9b03-2026e5ebb151,PAT_185,DOC_CAR_1,Cardiology,2026-09-02 16:05:00,new
79f9cf11-1123-4e5c-8179-299b90088bd3,PAT_653,DOC_CAR_1,Cardiology,2026-09-02 16:30:00,new
e3e051ed-e805-4c2e-b00e-e1a37527b632,PAT_1000,DOC_CAR_1,Cardiology,2026-09-02 16:55:00,follow_up
12616dcd-8870-4172-a410-64ffe539d288,PAT_446,DOC_CAR_2,Cardiology,2026-09-02 09:00:00,new
1c8d905f-fd66-47a6-8377-d24d69795d72,PAT_709,DOC_CAR_2,Cardiology,2026-09-02 09:25:00,follow_up
24634f78-c90c-40da-81ec-683364b4a28d,PAT_931,DOC_CAR_2,Cardiology,2026-09-02 09:50:00,new
f57501cc-072d-46e6-9ca0-af0edd7f1842,PAT_753,DOC_CAR_2,Cardiology,2026-09-02 10:15:00,follow_up
943a0bd8-2795-45ae-8578-f3d226a61ba6,PAT_73,DOC_CAR_2,Cardiology,2026-09-02 10:40:00,new
9e046d3c-399a-44a1-8ee7-217ba8b43a84,PAT_149,DOC_CAR_2,Cardiology,2026-09-02 11:05:00,follow_up
3308d974-ad67-41c4-966a-7bc64819e5e2,PAT_810,DOC_CAR_2,Cardiology,2026-09-02 11:30:00,follow_up
3a8da17d-5654-4a73-ace1-63ffd21d1dae,PAT_573,DOC_CAR_2,Cardiology,2026-09-02 11:55:00,new
98a5b6e7-1207-4623-9ec8-f83d3f8a5a84,PAT_137,DOC_CAR_2,Cardiology,2026-09-02 12:20:00,new
73eddcf7-3e0e-442a-b143-6c982757f3ca,PAT_293,DOC_CAR_2,Cardiology,2026-09-02 12:45:00,new
450dd4f0-83eb-47d4-b188-3fc9f0cc20e1,PAT_205,DOC_CAR_2,Cardiology,2026-09-02 13:10:00,follow_up
77929906-92dd-472c-afd4-84a4db700852,PAT_455,DOC_CAR_2,Cardiology,2026-09-02 13:35:00,new
7a59c753-343a-44b1-b5e8-e6d94e4a6205,PAT_43,DOC_CAR_2,Cardiology,2026-09-02 14:00:00,new
ae51899a-759c-4ccb-9b8b-cce495af1d10,PAT_632,DOC_ORT_1,Orthopedics,2026-09-02 09:00:00,new
baecacde-9bb5-40df-9635-495ca0ad40e7,PAT_986,DOC_ORT_1,Orthopedics,2026-09-02 09:20:00,new
7b10c953-a727-472c-9943-1d48bec95fb9,PAT_297,DOC_ORT_1,Orthopedics,2026-09-02 09:40:00,new
b8ee6258-e3ef-4014-b1ae-ddd92a8b15d8,PAT_303,DOC_ORT_1,Orthopedics,2026-09-02 10:00:00,follow_up
af941740-2a7d-4fb6-aa45-30fa6250fede,PAT_869,DOC_ORT_1,Orthopedics,2026-09-02 10:20:00,follow_up
f6c96b48-1507-479d-b247-a509a96a25ae,PAT_310,DOC_ORT_1,Orthopedics,2026-09-02 10:40:00,follow_up
1bf2cbdf-6531-436a-a970-793c146db754,PAT_535,DOC_ORT_1,Orthopedics,2026-09-02 11:00:00,follow_up
374ad256-e3a7-441d-bfae-3974350b9191,PAT_635,DOC_ORT_1,Orthopedics,2026-09-02 11:20:00,new
cca2c3be-c6bc-4212-b685-b41a2604f744,PAT_98,DOC_ORT_1,Orthopedics,2026-09-02 11:40:00,new
297fcbfd-f494-49ed-b9d3-f3879959caeb,PAT_598,DOC_ORT_1,Orthopedics,2026-09-02 12:00:00,follow_up
b70475af-c9fb-4e63-9e7a-4a9a55119347,PAT_18,DOC_ORT_1,Orthopedics,2026-09-02 12:20:00,new
d7166b07-b006-4ea3-a6e6-7b166a4e4bc1,PAT_816,DOC_ORT_1,Orthopedics,2026-09-02 12:40:00,new
b0981881-03a1-4a8d-b7b0-05806d8eb5a2,PAT_46,DOC_ORT_1,Orthopedics,2026-09-02 13:00:00,new
2699eb33-b539-4ec9-bdfb-6e529e0a377d,PAT_787,DOC_ORT_2,Orthopedics,2026-09-02 09:00:00,new
c067dbf8-ebba-44ef-8be0-e3fbf1bd99cb,PAT_824,DOC_ORT_2,Orthopedics,2026-09-02 09:20:00,follow_up
3e639d2f-4d74-49e1-9d71-6455cbb20bb3,PAT_345,DOC_ORT_2,Orthopedics,2026-09-02 09:40:00,new
a96f6d90-73c3-47a1-a693-8f11856e9cf8,PAT_684,DOC_ORT_2,Orthopedics,2026-09-02 10:00:00,follow_up
1ad53628-8980-4ca5-a8c9-79dfc9a17aaf,PAT_447,DOC_ORT_2,Orthopedics,2026-09-02 10:20:00,follow_up
4497d9a4-181e-4126-b1fc-0d4f027531e4,PAT_405,DOC_ORT_2,Orthopedics,2026-09-02 10:40:00,follow_up
82f4891b-24b8-4381-b4f7-60906db3dbe7,PAT_912,DOC_ORT_2,Orthopedics,2026-09-02 11:00:00,new
a4c96180-e503-4cb1-8251-9e31aff3fab8,PAT_470,DOC_ORT_2,Orthopedics,2026-09-02 11:20:00,new
da8b9afd-f7ec-4baf-92ee-8244acb0fa65,PAT_332,DOC_ORT_2,Orthopedics,2026-09-02 11:40:00,follow_up
b9fbfcaf-6fd3-4892-9089-20055d3c81fe,PAT_914,DOC_ORT_2,Orthopedics,2026-09-02 12:00:00,new
62c30f86-b7b2-4d02-9402-cb630cfd69ba,PAT_81,DOC_ORT_2,Orthopedics,2026-09-02 12:20:00,new
f7be95fc-3140-47d7-a93b-80fcc2253fb9,PAT_371,DOC_ORT_2,Orthopedics,2026-09-02 12:40:00,follow_up
9040efcd-eb89-4f32-9a4b-5d69d246137f,PAT_889,DOC_ORT_2,Orthopedics,2026-09-02 13:00:00,follow_up
b3561fba-88f0-44dd-8248-629bb94443b4,PAT_84,DOC_ORT_2,Orthopedics,2026-09-02 13:20:00,follow_up
68b9ddf4-e6b4-43f8-90f5-09c897fb5c44,PAT_508,DOC_ORT_2,Orthopedics,2026-09-02 13:40:00,follow_up
ec4b41ef-0266-42cc-af68-d3827f902d40,PAT_322,DOC_PED_1,Pediatrics,2026-09-02 09:00:00,new
cf09312d-58cf-4399-b414-efb4db8720d7,PAT_995,DOC_PED_1,Pediatrics,2026-09-02 09:15:00,new
7bcf35c8-053e-4be7-88df-207335a7505c,PAT_218,DOC_PED_1,Pediatrics,2026-09-02 09:30:00,follow_up
bdbe0763-c7af-42ce-85f0-54f732138476,PAT_443,DOC_PED_1,Pediatrics,2026-09-02 09:45:00,new
a78243fb-2413-43cb-8435-93ccd3281f93,PAT_242,DOC_PED_1,Pediatrics,2026-09-02 10:00:00,follow_up
7e9d084c-78f2-4d91-9121-72fddb90546c,PAT_510,DOC_PED_1,Pediatrics,2026-09-02 10:15:00,new
7bb173f6-711d-46f0-9829-b18cf7828f5d,PAT_591,DOC_PED_1,Pediatrics,2026-09-02 10:30:00,new
3f35a359-2b84-43aa-90a6-39d4b73fb2d7,PAT_174,DOC_PED_1,Pediatrics,2026-09-02 10:45:00,follow_up
d7d13d58-991a-4f04-bad0-9325cae5832a,PAT_588,DOC_PED_1,Pediatrics,2026-09-02 11:00:00,new
c5665ab7-befc-4388-a74d-fd9a2c681fac,PAT_721,DOC_PED_1,Pediatrics,2026-09-02 11:15:00,new
a686e767-c5c2-4551-8b41-5f742b01d867,PAT_510,DOC_PED_1,Pediatrics,2026-09-02 11:30:00,new
37cac970-4f5c-45ab-9415-34772f3ce5fd,PAT_203,DOC_PED_1,Pediatrics,2026-09-02 11:45:00,follow_up
91eaba86-5741-4dc0-88f4-b14a7128fd41,PAT_362,DOC_PED_1,Pediatrics,2026-09-02 12:00:00,new
544efb32-fa07-4495-89a4-ba3326452167,PAT_893,DOC_PED_2,Pediatrics,2026-09-02 09:00:00,new
66ff01bc-04f9-46c7-bcf7-e0453a0af1b3,PAT_231,DOC_PED_2,Pediatrics,2026-09-02 09:15:00,new
6542d89f-c26d-4223-ab52-edce34d18f81,PAT_796,DOC_PED_2,Pediatrics,2026-09-02 09:30:00,new
9d1e9b46-86a7-4bc0-a957-376a7b81fdb4,PAT_152,DOC_PED_2,Pediatrics,2026-09-02 09:45:00,follow_up
31c50749-0630-45df-a52d-f1ccbd6ad913,PAT_551,DOC_PED_2,Pediatrics,2026-09-02 10:00:00,new
f94523d4-e02f-42c1-8b2b-461a38d353c3,PAT_569,DOC_PED_2,Pediatrics,2026-09-02 10:15:00,new
829c6dde-1534-44b0-9b20-5434b6693f39,PAT_746,DOC_PED_2,Pediatrics,2026-09-02 10:30:00,follow_up
7f98b72c-e7ac-4edc-a703-79a59059b988,PAT_822,DOC_PED_2,Pediatrics,2026-09-02 10:45:00,follow_up
300a850b-a1c2-409c-9395-4847cdcc213b,PAT_57,DOC_PED_2,Pediatrics,2026-09-02 11:00:00,new
ec5b4ce9-1602-42c6-bbf4-0ef92364e2cd,PAT_250,DOC_PED_2,Pediatrics,2026-09-02 11:15:00,follow_up
a4c09650-9753-4058-b867-b2813bb41f24,PAT_652,DOC_PED_2,Pediatrics,2026-09-02 11:30:00,new
266eb440-fc02-4464-9727-036e5d7dfafe,PAT_133,DOC_PED_2,Pediatrics,2026-09-02 11:45:00,follow_up
89acc954-25a1-4901-a6bf-0847e906320a,PAT_345,DOC_PED_2,Pediatrics,2026-09-02 12:00:00,follow_up
6ad84edb-688b-46d0-89aa-e32994fbd69d,PAT_17,DOC_GEN_1,General Physician,2026-09-03 09:00:00,new
94ae1d96-2429-4f20-9dce-531ad84a3840,PAT_531,DOC_GEN_1,General Physician,2026-09-03 09:10:00,follow_up
32571af8-e06f-4720-bfb6-37ad849f8b21,PAT_610,DOC_GEN_1,General Physician,2026-09-03 09:20:00,follow_up
fade198e-f348-46ad-9a5c-3bafb82d15fd,PAT_398,DOC_GEN_1,General Physician,2026-09-03 09:30:00,new
f3e6c9bb-754e-4357-94ed-7a0ed971126d,PAT_832,DOC_GEN_1,General Physician,2026-09-03 09:40:00,new
02d90847-7d4d-446e-a327-87e17fad0d8e,PAT_834,DOC_GEN_1,General Physician,2026-09-03 09:50:00,new
95c9cb64-b0d2-4739-9e9a-62f279055413,PAT_182,DOC_GEN_1,General Physician,2026-09-03 10:00:00,follow_up
756f94bd-7478-4e0c-ac19-a72a154cb10f,PAT_101,DOC_GEN_1,General Physician,2026-09-03 10:10:00,new
0841320c-e88d-4298-b17c-751645d943a1,PAT_734,DOC_GEN_1,General Physician,2026-09-03 10:20:00,follow_up
d1e52b7d-10ad-4585-9168-833034b8c907,PAT_389,DOC_GEN_1,General Physician,2026-09-03 10:30:00,new
4fad89c1-34e2-409f-a99b-914dc3443c70,PAT_912,DOC_GEN_1,General Physician,2026-09-03 10:40:00,follow_up
624b36fe-ede4-4955-a84c-395df6071561,PAT_500,DOC_GEN_1,General Physician,2026-09-03 10:50:00,new
b359096a-32e3-4586-bc1b-f1208455838b,PAT_4,DOC_GEN_1,General Physician,2026-09-03 11:00:00,follow_up
d9b70aa0-4ecd-43e3-a047-e1307f1443ac,PAT_161,DOC_GEN_2,General Physician,2026-09-03 09:00:00,follow_up
71b222e2-58b7-4944-a849-42c332f5834c,PAT_709,DOC_GEN_2,General Physician,2026-09-03 09:10:00,new
218856ee-5e3a-498e-8fa6-68deae871968,PAT_459,DOC_GEN_2,General Physician,2026-09-03 09:20:00,new
72c696eb-c0a9-44c3-ac20-c16d86fda8d9,PAT_916,DOC_GEN_2,General Physician,2026-09-03 09:30:00,new
766ca8aa-1f18-4266-8706-4bfb3e01e030,PAT_513,DOC_GEN_2,General Physician,2026-09-03 09:40:00,new
c702da1d-4544-4267-b3be-1b9131082ded,PAT_356,DOC_GEN_2,General Physician,2026-09-03 09:50:00,follow_up
8c397518-fc6f-44a9-a02c-9e3be325e50e,PAT_470,DOC_GEN_2,General Physician,2026-09-03 10:00:00,follow_up
0064519e-0240-4323-a6fe-d8d234c13bf9,PAT_742,DOC_GEN_2,General Physician,2026-09-03 10:10:00,follow_up
a8bbf6e1-7a46-4f14-94ec-f182b3d88399,PAT_197,DOC_GEN_2,General Physician,2026-09-03 10:20:00,follow_up
e7269050-d763-41ae-9004-c1aff0b6c7a6,PAT_667,DOC_GEN_2,General Physician,2026-09-03 10:30:00,new
4fe4fff5-0635-4efc-8079-f8e8d35229af,PAT_495,DOC_GEN_2,General Physician,2026-09-03 10:40:00,follow_up
b625da77-0ea1-4b5a-8f59-6be61c46c6f0,PAT_37,DOC_GEN_2,General Physician,2026-09-03 10:50:00,new
b7aaa2b4-58fe-4d80-921e-7ab24598242e,PAT_545,DOC_GEN_2,General Physician,2026-09-03 11:00:00,new
82f8716e-c3ea-4fb3-9474-8133b403988d,PAT_254,DOC_CAR_1,Cardiology,2026-09-03 09:00:00,follow_up
6e5849db-d544-4677-bfbc-e5bf93590bd6,PAT_872,DOC_CAR_1,Cardiology,2026-09-03 09:25:00,follow_up
ee008115-20b0-49d8-afcc-8c62e8b1311b,PAT_624,DOC_CAR_1,Cardiology,2026-09-03 09:50:00,follow_up
a9d87645-e0ea-44be-8fcc-9023a83fbd4e,PAT_643,DOC_CAR_1,Cardiology,2026-09-03 10:15:00,follow_up
4756912b-4bd1-436d-b821-e2742e3e471b,PAT_596,DOC_CAR_1,Cardiology,2026-09-03 10:40:00,new
54bbda79-f7dc-4222-8233-6b2399cb226f,PAT_726,DOC_CAR_1,Cardiology,2026-09-03 11:05:00,follow_up
866b484b-041b-4469-8af6-c2d4626f4981,PAT_245,DOC_CAR_1,Cardiology,2026-09-03 11:30:00,new
a8cfed58-a24e-4da7-bd9f-8784c029ee02,PAT_924,DOC_CAR_1,Cardiology,2026-09-03 11:55:00,new
292c361f-5c6f-4bc8-8d70-c78e1b90f745,PAT_579,DOC_CAR_1,Cardiology,2026-09-03 12:20:00,follow_up
8be31c7d-1824-49ae-b7e5-00e38d2a10f7,PAT_299,DOC_CAR_1,Cardiology,2026-09-03 12:45:00,new
871f75b1-4206-4644-be4a-b5059030b8a3,PAT_505,DOC_CAR_1,Cardiology,2026-09-03 13:10:00,follow_up
acd318da-dd4a-4465-9cc1-a1c01694303d,PAT_288,DOC_CAR_1,Cardiology,2026-09-03 13:35:00,follow_up
21d43d04-90aa-4d16-b168-efa8e9ae1795,PAT_418,DOC_CAR_2,Cardiology,2026-09-03 09:00:00,new
7b0534a4-0e6d-4748-93cd-696a6a754242,PAT_665,DOC_CAR_2,Cardiology,2026-09-03 09:25:00,new
48cb8860-387d-4764-b2b2-d2e21891c53f,PAT_508,DOC_CAR_2,Cardiology,2026-09-03 09:50:00,new
c834bf77-f55a-4512-82a8-61f693c1b11a,PAT_868,DOC_CAR_2,Cardiology,2026-09-03 10:15:00,new
3403322e-3529-441c-b4fd-459d915d0d1e,PAT_412,DOC_CAR_2,Cardiology,2026-09-03 10:40:00,new
538e29d7-e75e-4926-88fe-5f625ffad3ce,PAT_735,DOC_CAR_2,Cardiology,2026-09-03 11:05:00,new
7eca8e23-4486-46c7-a53f-53c11f4c6821,PAT_500,DOC_CAR_2,Cardiology,2026-09-03 11:30:00,new
36e2539a-5737-4066-a685-ac96459d9ed0,PAT_712,DOC_CAR_2,Cardiology,2026-09-03 11:55:00,new
9213b86a-7f16-45ca-8e08-15b873461d69,PAT_121,DOC_CAR_2,Cardiology,2026-09-03 12:20:00,new
92617be6-4056-4358-ad12-4ddc8c07f415,PAT_434,DOC_CAR_2,Cardiology,2026-09-03 12:45:00,follow_up
8d578167-e9c9-4526-b2e6-3450ee953d2e,PAT_848,DOC_CAR_2,Cardiology,2026-09-03 13:10:00,new
759fc54c-ebbc-4022-a2e7-514aaaac889a,PAT_359,DOC_CAR_2,Cardiology,2026-09-03 13:35:00,follow_up
cb3afae6-0d42-4dce-88e8-35bb677a8b9c,PAT_63,DOC_CAR_2,Cardiology,2026-09-03 14:00:00,new
49cbc74f-c4ce-4056-badf-a6d87242e925,PAT_151,DOC_ORT_1,Orthopedics,2026-09-03 09:00:00,follow_up
c5660027-727f-4a6c-bea1-cbeb96ec63d2,PAT_2,DOC_ORT_1,Orthopedics,2026-09-03 09:20:00,follow_up
3d25cf54-1521-45b2-a269-0df0330fe036,PAT_870,DOC_ORT_1,Orthopedics,2026-09-03 09:40:00,new
d7944ba3-b970-4af9-8599-04b6e0c16a2f,PAT_117,DOC_ORT_1,Orthopedics,2026-09-03 10:00:00,follow_up
f84b385e-0639-4c6a-a59a-3c5ce30d56f3,PAT_558,DOC_ORT_1,Orthopedics,2026-09-03 10:20:00,follow_up
c8aeb6c3-f0e2-4638-85b7-289584ed568e,PAT_705,DOC_ORT_1,Orthopedics,2026-09-03 10:40:00,follow_up
63d9c072-49a3-4299-be58-3f2297403143,PAT_860,DOC_ORT_1,Orthopedics,2026-09-03 11:00:00,new
8f65a49a-299e-4d0b-9b22-8709e32af660,PAT_528,DOC_ORT_1,Orthopedics,2026-09-03 11:20:00,new
d6818f05-71b4-42be-aeaa-306dcf1fc685,PAT_750,DOC_ORT_1,Orthopedics,2026-09-03 11:40:00,follow_up
5f1d8b6f-b775-48cd-942c-80f5249402a7,PAT_249,DOC_ORT_1,Orthopedics,2026-09-03 12:00:00,follow_up
25910f19-4af7-471f-b74c-7432506f0ab6,PAT_356,DOC_ORT_1,Orthopedics,2026-09-03 12:20:00,follow_up
c7622c8e-887c-438f-85cc-0f0e20da7541,PAT_877,DOC_ORT_1,Orthopedics,2026-09-03 12:40:00,follow_up
84dd63c3-83a3-4ab9-ab91-dd41798603b7,PAT_517,DOC_ORT_1,Orthopedics,2026-09-03 13:00:00,new
1edf3279-e5fc-4812-bc89-0b201a3dabe7,PAT_889,DOC_ORT_1,Orthopedics,2026-09-03 13:20:00,follow_up
30b3e1c1-9f88-46ee-8a67-ae6341a808a7,PAT_681,DOC_ORT_1,Orthopedics,2026-09-03 13:40:00,follow_up
1137810a-a24f-4815-9e2a-ff61c1b0682d,PAT_60,DOC_ORT_1,Orthopedics,2026-09-03 14:00:00,new
ce2c423c-b1a3-491c-a512-dfd44a68eb7d,PAT_877,DOC_ORT_2,Orthopedics,2026-09-03 09:00:00,follow_up
426761a3-f5fe-4b20-8568-db363509a9c8,PAT_668,DOC_ORT_2,Orthopedics,2026-09-03 09:20:00,follow_up
86ef4758-7332-42fc-b1be-56ed57d9a957,PAT_525,DOC_ORT_2,Orthopedics,2026-09-03 09:40:00,new
501195b6-d630-4287-8e2b-a3733f78ed3b,PAT_514,DOC_ORT_2,Orthopedics,2026-09-03 10:00:00,follow_up
b49ccb37-30d5-425a-b5ff-491bdaedd0d9,PAT_999,DOC_ORT_2,Orthopedics,2026-09-03 10:20:00,new
2c957deb-879d-4ce2-bb22-7adc9be877cb,PAT_425,DOC_ORT_2,Orthopedics,2026-09-03 10:40:00,follow_up
41218924-0328-4f15-8800-98b8bd3de157,PAT_438,DOC_ORT_2,Orthopedics,2026-09-03 11:00:00,new
158630f2-eacf-4df2-b301-1df3b7235402,PAT_146,DOC_ORT_2,Orthopedics,2026-09-03 11:20:00,follow_up
112933fb-ea63-416b-b302-fd371655e2f1,PAT_946,DOC_ORT_2,Orthopedics,2026-09-03 11:40:00,new
0541e847-48d3-41d2-b2a6-21ab28f4d114,PAT_308,DOC_ORT_2,Orthopedics,2026-09-03 12:00:00,follow_up
64c305a5-db45-4a36-ac5b-d313e8b64ed1,PAT_910,DOC_ORT_2,Orthopedics,2026-09-03 12:20:00,follow_up
d3545e5a-d3b2-426e-ba3f-72eb1d29863e,PAT_721,DOC_ORT_2,Orthopedics,2026-09-03 12:40:00,follow_up
a2dc114a-6f14-47d1-a3c1-660bc74b51f4,PAT_956,DOC_ORT_2,Orthopedics,2026-09-03 13:00:00,new
003c6e7e-3d9a-407c-9c1b-27e673515bdf,PAT_2,DOC_ORT_2,Orthopedics,2026-09-03 13:20:00,follow_up
d9fc48fa-3fc1-484d-9be7-2ee549dc8197,PAT_203,DOC_ORT_2,Orthopedics,2026-09-03 13:40:00,new
d64129f0-f16b-4516-a080-570ff744d463,PAT_402,DOC_ORT_2,Orthopedics,2026-09-03 14:00:00,follow_up
a0477025-fb71-4b23-8c99-96e37f7a8bc3,PAT_674,DOC_ORT_2,Orthopedics,2026-09-03 14:20:00,new
48729e81-dbc0-4c53-a7e7-4d50a003ee9e,PAT_634,DOC_PED_1,Pediatrics,2026-09-03 09:00:00,new
99924232-8f2d-4ac2-9248-0063ea0878ea,PAT_113,DOC_PED_1,Pediatrics,2026-09-03 09:15:00,follow_up
afe96214-f685-4087-9363-501de77edaad,PAT_553,DOC_PED_1,Pediatrics,2026-09-03 09:30:00,follow_up
ab0c3279-cef1-4ed4-9176-b1e627064ec7,PAT_289,DOC_PED_1,Pediatrics,2026-09-03 09:45:00,follow_up
d67cbf16-17b3-4d91-ae10-da12065f4765,PAT_771,DOC_PED_1,Pediatrics,2026-09-03 10:00:00,follow_up
f3fd7738-bc03-4c54-8ce9-d6ca228db227,PAT_841,DOC_PED_1,Pediatrics,2026-09-03 10:15:00,new
38196542-e33b-4fa1-9d21-b8e1b3ed0154,PAT_50,DOC_PED_1,Pediatrics,2026-09-03 10:30:00,new
fc456681-37a1-4cad-81a9-b66b3b434717,PAT_492,DOC_PED_1,Pediatrics,2026-09-03 10:45:00,new
1c1c3d79-973d-4b3e-8f68-3880b2f3fec1,PAT_504,DOC_PED_1,Pediatrics,2026-09-03 11:00:00,new
5a536464-b3a9-4fb1-a7ee-2bb61ce07594,PAT_532,DOC_PED_1,Pediatrics,2026-09-03 11:15:00,follow_up
9779a627-79c8-482b-b376-49d9f5683263,PAT_62,DOC_PED_1,Pediatrics,2026-09-03 11:30:00,follow_up
fb148232-5921-4bc3-a3b8-a2983aedd791,PAT_675,DOC_PED_1,Pediatrics,2026-09-03 11:45:00,follow_up
6bd413be-012a-40d4-9096-82581c464686,PAT_684,DOC_PED_1,Pediatrics,2026-09-03 12:00:00,new
60ca2116-2488-4398-a7c4-b8c49ff946fa,PAT_751,DOC_PED_1,Pediatrics,2026-09-03 12:15:00,follow_up
234cefb6-ad83-44bb-82b6-850071336a1f,PAT_780,DOC_PED_2,Pediatrics,2026-09-03 09:00:00,new
9dc58a20-9605-4993-87be-89e4a9805567,PAT_925,DOC_PED_2,Pediatrics,2026-09-03 09:15:00,follow_up
8732d2f1-12f2-4253-bc47-bd3dfd1642c3,PAT_168,DOC_PED_2,Pediatrics,2026-09-03 09:30:00,follow_up
af82ecda-8208-48a8-884d-82d4e0247e89,PAT_422,DOC_PED_2,Pediatrics,2026-09-03 09:45:00,new
ee961e21-5622-4b31-94e7-7ef49f669f35,PAT_791,DOC_PED_2,Pediatrics,2026-09-03 10:00:00,follow_up
bb9db5b8-18bd-45cd-b60d-147b17c844b9,PAT_687,DOC_PED_2,Pediatrics,2026-09-03 10:15:00,follow_up
7b3129aa-8cb7-47a8-b92f-28b042202f12,PAT_124,DOC_PED_2,Pediatrics,2026-09-03 10:30:00,follow_up
cf4f7778-cb5a-41ea-93cd-fd83658e3f9e,PAT_301,DOC_PED_2,Pediatrics,2026-09-03 10:45:00,new
ccb15d0a-347b-4cf4-8ae5-41cbbbad4a71,PAT_542,DOC_PED_2,Pediatrics,2026-09-03 11:00:00,follow_up
69bb6831-593c-46ed-a3a2-284badc7e504,PAT_410,DOC_PED_2,Pediatrics,2026-09-03 11:15:00,follow_up
d6098767-6014-45b5-ab0d-0c27a0035899,PAT_576,DOC_PED_2,Pediatrics,2026-09-03 11:30:00,follow_up
c5b1934d-7af9-49bb-8336-a2c79a01e0b1,PAT_969,DOC_PED_2,Pediatrics,2026-09-03 11:45:00,follow_up
79403636-cc9c-4ae7-924b-965b020b6fa8,PAT_295,DOC_PED_2,Pediatrics,2026-09-03 12:00:00,new
156ee9ea-f6f6-429a-aaeb-866c1fa19cb1,PAT_700,DOC_PED_2,Pediatrics,2026-09-03 12:15:00,follow_up
5166029b-e105-44df-af00-07b9d4551c42,PAT_110,DOC_PED_2,Pediatrics,2026-09-03 12:30:00,follow_up
87545bd1-10b1-4bc0-bdcf-5cdb9e0bd8b7,PAT_547,DOC_PED_2,Pediatrics,2026-09-03 12:45:00,new
