tree
version=v4
num_class=4
num_tree_per_iteration=4
label_index=0
max_feature_idx=13
objective=multiclass num_class:4
feature_names=current_active_census arrivals_15m arrivals_30m arrivals_60m arrivals_120m departures_30m departures_60m net_flow_60m high_acuity_ratio mean_time_in_system hour_of_day day_of_week month arrival_rate_trend
feature_infos=[5:72] [0:10] [0:17] [0:25] [0:42] [0:14] [0:22] [-19:21] [0:0.625] [63.697849462365603:801.70185185185187] [0:23] [0:6] [1:12] [0:2]
tree_sizes=3292 3305 3312 3296 3385 3374 3379 3362 3390 3386 3385 3373 3381 3388 3394 3378 3381 3398 3394 3385 3395 3396 3400 3373 3386 3408 3391 3389 3393 3403 3397 3392 3403 3417 3411 3404 3395 3417 3406 3376 3382 3413 3406 3388 3399 3408 3410 3396 3401 3407 3412 3402 3381 3421 3406 3405 3395 3403 3399 3390 3397 3409 3414 3402 3393 3415 3407 3394 3409 3403 3406 3399 3391 3412 3410 3410 3399 3411 3398 3402 3397 3394 3391 3416 3378 3408 3385 3394 3399 3399 3399 3391 3399 3395 3379 3401 3407 3400 3390 3387 3405 3397 3400 3412 3414 3383 3411 3386 3416 3396 3390 3382 3390 3380 3379 3402 3404 3386 3391 3403 3411 3392 3408 3391 3393 3393 3409 3385 3419 3403 3384 3379 3401 3380 3408 3397 3389 3396 3405 3403 3376 3388 3395 3402 3398 3393 3385 3412 3400 3382 3384 3400 3405 3401 3403 3386 3405 3379 3373 3408 3389 3388 3390 3401 3391 3383 3382 3390 3397 3378 3395 3400 3402 3397 3376 3403 3398 3407 3376 3386 3384 3395 3389 3396 3407 3380 3412 3401 3391 3395 3377 3398 3408 3388 3395 3404 3394 3371 3378 3396 3385 3388 3383 3376 3382 3398 3386 3405 3403 3379 3384 3395 3394 3394 3379 3392 3377 3391 3381 3411 3382 3393 3407 3415 3380 3387 3408 3386 3378 3395 3398 3396 3384 3397 3393 3392 3387 3396 3402 3372 3387 3376 3394 3390 3380 3393 3384 3383

Tree=0
num_leaves=31
num_cat=0
split_feature=0 10 0 4 4 0 0 10 0 0 0 0 4 1 0 2 3 0 3 9 10 0 10 0 8 12 10 9 3 8
split_gain=10739.2 1283.12 582.831 304.361 210.464 175.509 80.7073 53.521 47.5084 44.6379 41.2301 37.6506 24.5626 24.0484 22.9036 20.7874 20.558 13.3756 11.8187 11.7825 11.672 11.0595 9.69801 9.379 9.1795 9.09007 8.1889 8.51604 9.44048 7.95589
threshold=23.500000000000004 7.5000000000000009 27.500000000000004 8.5000000000000018 11.500000000000002 20.500000000000004 14.500000000000002 20.500000000000004 19.500000000000004 25.500000000000004 16.500000000000004 30.500000000000004 11.500000000000002 2.5000000000000004 21.500000000000004 4.5000000000000009 3.5000000000000004 17.500000000000004 2.5000000000000004 291.64493055555562 7.5000000000000009 18.500000000000004 8.5000000000000018 19.500000000000004 0.15954545454545457 2.5000000000000004 6.5000000000000009 448.9585294117648 3.5000000000000004 0.39602987421383651
decision_type=2 2 2 2 2 2 2 2 2 2 2 2 2 2 2 2 2 2 2 2 2 2 2 2 2 2 2 2 2 2
left_child=1 5 4 6 9 21 -3 8 13 15 -5 12 -4 17 -7 18 19 22 -2 -11 -6 -1 -8 -12 25 -20 27 28 -16 -26
right_child=2 3 11 10 20 14 7 -9 -10 16 23 -13 -14 -15 26 -17 -18 -19 24 -21 -22 -23 -24 -25 29 -27 -28 -29 -30 -31
leaf_value=-1.0260979885249812 -1.1939714857686072 -1.0874027909712047 -1.3425949465376108 -1.1924235118922419 -1.3124673683829213 -1.0779627493535506 -1.1395537764411787 -1.0798155148550421 -1.3246497575804927 -1.3216207124403359 -1.3189648619463035 -1.395298474530156 -1.3941625207865105 -1.3283680346312297 -1.1005807380453261 -1.3611230178575491 -1.324822379541994 -1.2312410547305725 -1.0709141849457022 -1.2443759985636109 -1.3954813918711706 -1.0472669705986366 -1.232727185111862 -1.3731629863612285 -1.2428572319505407 -1.2177681095633568 -1.1827514068835643 -1.2287796512865621 -1.140885979336133 -1.3619192012125885
leaf_weight=734.21102374792099 90.017192423343658 72.226183891296387 238.98369669914246 16.197783887386322 19.118695735931396 148.9665042757988 54.16963791847229 26.553744077682495 41.954915642738342 25.491594314575195 42.751527965068817 3502.1733064055443 150.55972892045975 13.276872038841246 133.29979526996613 11.418109953403471 95.327941238880157 40.627228438854218 5.8418236970901516 87.627355456352234 148.43542939424515 371.75241708755493 14.073484361171721 126.13028436899185 142.85914313793182 15.13563412427902 23.898369669914246 7.1695109009742728 103.02852702140808 5.841823697090148
leaf_count=2765 339 272 900 61 72 561 204 100 158 96 161 13189 567 50 502 43 359 153 22 330 559 1400 53 475 538 57 90 27 388 22
internal_value=-1.29278 -1.09782 -1.37741 -1.24659 -1.28953 -1.05405 -1.17743 -1.21153 -1.23284 -1.25582 -1.34483 -1.39202 -1.36253 -1.20131 -1.10939 -1.22907 -1.29061 -1.18581 -1.22326 -1.26178 -1.38601 -1.03321 -1.15877 -1.35944 -1.2388 -1.17687 -1.12689 -1.12141 -1.11815 -1.24753
internal_weight=6509.12 1970.29 4538.83 447.962 647.115 1522.33 262.882 190.656 164.102 479.561 185.08 3891.72 389.543 122.147 416.363 271.114 208.447 108.87 259.696 113.119 167.554 1105.96 68.2431 168.882 169.678 20.9775 267.396 243.498 236.328 148.701
internal_count=24513 7420 17093 1687 2437 5733 990 718 618 1806 697 14656 1467 460 1568 1021 785 410 978 426 631 4165 257 636 639 79 1007 917 890 560
is_linear=0
shrinkage=1


Tree=1
num_leaves=31
num_cat=0
split_feature=0 0 4 10 0 0 0 10 10 0 10 9 0 10 0 0 10 0 0 10 0 0 0 1 2 3 4 4 10 10
split_gain=2747.6 1992.95 1161.7 941.048 568.54 540.156 183.305 166.683 151.571 121.072 118.814 111.183 87.9966 68.4126 77.3458 63.011 59.9835 89.0229 56.4102 54.1293 49.718 47.7305 33.5465 26.0871 23.6586 19.813 19.4061 18.3591 15.5357 14.6019
threshold=38.500000000000007 21.500000000000004 13.500000000000002 7.5000000000000009 29.500000000000004 24.500000000000004 17.500000000000004 7.5000000000000009 20.500000000000004 42.500000000000007 20.500000000000004 232.97789855072466 27.500000000000004 19.500000000000004 32.500000000000007 35.500000000000007 19.500000000000004 30.500000000000004 26.500000000000004 21.500000000000004 23.500000000000004 14.500000000000002 19.500000000000004 2.5000000000000004 1.5000000000000002 4.5000000000000009 8.5000000000000018 10.500000000000002 8.5000000000000018 6.5000000000000009
decision_type=2 2 2 2 2 2 2 2 2 2 2 2 2 2 2 2 2 2 2 2 2 2 2 2 2 2 2 2 2 2
left_child=1 3 5 22 18 7 21 20 -2 -10 -9 16 26 14 -6 27 17 -7 -4 24 -3 -5 -1 28 -8 -17 -13 -14 -23 -29
right_child=8 2 4 6 13 11 19 10 9 -11 -12 12 15 -15 -16 25 -18 -19 -20 -21 -22 23 -24 -25 -26 -27 -28 29 -30 -31
leaf_value=-1.494484801148888 -1.5009900661038655 -1.3891935957812389 -1.1995229467178492 -1.4278959039557411 -1.3925855881620228 -1.2291704138738584 -1.2771623901019526 -1.1559066572833976 -1.3478334401403904 -1.4808258186329404 -1.3971009630337887 -1.2491284348408536 -1.1469932778587242 -1.2389997264417585 -1.478603634957963 -1.2114727575682831 -1.191010057409291 -1.4402047886808675 -1.3034172315237391 -1.4583565860651651 -1.3101958282849264 -1.3696144655197098 -1.4561443820464648 -1.1956615984225014 -1.180386713222205 -1.3074710798357048 -1.1931117352967691 -1.1481449994627904 -1.2698672697485085 -1.2656318503588391
leaf_weight=855.28722770512104 2018.1322867870331 248.56399373710155 97.006603315472603 70.348300114274025 143.65863391757011 37.025421112775803 32.088698297739029 76.272367492318153 122.43072581291199 155.25993253290653 27.892483904957771 231.28546388447285 444.55188949406147 15.057004585862158 383.83019886910915 93.7977334856987 38.259601816534996 43.443160772323608 113.29778860509396 8.6392649263143522 117.24716685712337 55.538131669163704 311.26037348806858 14.563332304358481 118.72818370163441 27.892483904957771 84.41796013712883 18.512710556387901 21.721580386161804 24.683614075183868
leaf_count=3465 8176 1007 393 285 582 150 130 309 496 629 113 937 1801 61 1555 380 155 176 459 35 475 225 1261 59 481 113 342 75 88 100
internal_value=-1.40528 -1.35259 -1.29356 -1.4425 -1.39507 -1.24307 -1.29106 -1.33209 -1.49146 -1.42219 -1.22049 -1.20299 -1.1913 -1.44918 -1.45518 -1.1691 -1.29409 -1.3431 -1.25549 -1.21492 -1.36387 -1.36591 -1.48425 -1.31843 -1.20098 -1.23348 -1.23415 -1.15304 -1.34157 -1.21528
internal_weight=6050.69 3754.87 2266.7 1488.18 752.85 1513.85 321.627 469.976 2295.82 277.691 104.165 1043.87 925.142 542.546 527.489 609.438 118.728 80.4686 210.304 159.456 365.811 162.171 1166.55 91.823 150.817 121.69 315.703 487.748 77.2597 43.1963
internal_count=24513 15212 9183 6029 3050 6133 1303 1904 9301 1125 422 4229 3748 2198 2137 2469 481 326 852 646 1482 657 4726 372 611 493 1279 1976 313 175
is_linear=0
shrinkage=1


Tree=2
num_leaves=31
num_cat=0
split_feature=0 0 4 0 10 0 10 4 0 10 10 0 0 0 0 10 4 0 10 0 0 0 0 10 7 3 0 0 0 10
split_gain=3292.05 1720.65 1091.56 519.866 424.781 368.091 508.3 239.687 205.31 161.307 81.1167 111.069 108.647 63.55 53.8922 43.4279 34.9345 31.7721 33.5306 31.4562 29.3857 28.2113 27.6048 27.4657 26.7249 24.5371 21.3875 18.8943 15.584 15.2122
threshold=28.500000000000004 47.500000000000007 9.5000000000000018 37.500000000000007 19.500000000000004 43.500000000000007 19.500000000000004 12.500000000000002 52.500000000000007 7.5000000000000009 20.500000000000004 38.500000000000007 40.500000000000007 24.500000000000004 39.500000000000007 18.500000000000004 20.500000000000004 31.500000000000004 19.500000000000004 33.500000000000007 38.500000000000007 51.500000000000007 34.500000000000007 13.500000000000002 3.5000000000000004 7.5000000000000009 54.500000000000007 34.500000000000007 41.500000000000007 7.5000000000000009
decision_type=2 2 2 2 2 2 2 2 2 2 2 2 2 2 2 2 2 2 2 2 2 2 2 2 2 2 2 2 2 2
left_child=7 2 3 19 21 9 16 -1 25 22 12 27 17 -9 -5 24 -7 -11 20 -2 -19 -3 -4 -22 -14 -6 -10 -12 -13 -15
right_child=1 4 5 14 8 6 -8 13 26 10 11 28 15 29 -16 -17 -18 18 -20 -21 23 -23 -24 -25 -26 -27 -28 -29 -30 -31
leaf_value=-1.5116273927068606 -1.5055171784419679 -1.4717008476653228 -1.4971040343100832 -1.3471611542406423 -1.1967045555219384 -1.3642465719886117 -1.1432731393145976 -1.4709349664479923 -1.3655352202607389 -1.2517100120050679 -1.4868725469283683 -1.2650697189107802 -1.2678583277043476 -1.5146894032474059 -1.2187675042018589 -1.1997284114323845 -1.4219186300628124 -1.1832836565787503 -1.302668010201514 -1.4481634551344333 -1.2708127560406492 -1.508864191664995 -1.2852003386153468 -1.1944148095580052 -1.329796085926825 -1.2965865885027517 -1.4805412507030367 -1.3700886986691183 -1.1655168524558845 -1.3534836017081151
leaf_weight=2318.7379702925682 272.56201088428497 365.2134858071804 28.432727754116058 50.73771245777607 66.669844388961792 235.30533313751221 103.92652213573456 84.562854096293449 22.795204147696495 151.72291792929173 21.569655537605286 37.256677746772766 176.23389013111591 6.1277430504560462 91.916145756840706 61.277430504560471 189.71492484211922 477.96395793557167 31.128934696316719 147.31094293296337 87.749280482530594 463.5024843364954 7.8435111045837393 101.47542491555214 115.20156934857368 38.972445800900459 55.639906898140907 38.727336078882217 27.207179144024849 130.88859155774117
leaf_count=9460 1112 1490 116 207 272 960 424 345 93 619 88 152 719 25 375 250 774 1950 127 601 358 1891 32 414 470 159 227 158 111 534
internal_value=-1.41564 -1.35229 -1.30705 -1.42936 -1.46196 -1.2707 -1.34152 -1.50213 -1.32455 -1.24324 -1.23755 -1.31431 -1.22959 -1.40277 -1.26443 -1.27625 -1.38999 -1.21023 -1.20122 -1.48539 -1.19649 -1.49249 -1.45129 -1.22984 -1.29234 -1.23355 -1.44712 -1.41187 -1.22305 -1.36069
internal_weight=6008.37 3468.06 2455.26 562.527 1012.79 1892.74 528.947 2540.32 184.077 1363.79 1327.51 124.761 1202.75 221.579 142.654 352.713 425.02 850.041 698.318 419.873 667.189 828.716 36.2762 189.225 291.435 105.642 78.4351 60.297 64.4639 137.016
internal_count=24513 14149 10017 2295 4132 7722 2158 10364 751 5564 5416 509 4907 904 582 1439 1734 3468 2849 1713 2722 3381 148 772 1189 431 320 246 263 559
is_linear=0
shrinkage=1


Tree=3
num_leaves=31
num_cat=0
split_feature=0 10 0 0 10 0 3 0 0 4 4 0 0 0 0 4 7 4 9 9 2 6 13 9 3 0 12 3 4 8
split_gain=9597.55 1172.87 682.491 443.584 328.945 302.575 71.1307 69.4556 45.9176 36.3361 34.7034 28.6441 28.495 27.2531 21.7157 17.2172 10.806 10.7093 12.0401 10.396 9.74181 10.5766 9.43304 9.19477 9.39354 8.98282 8.70988 8.03603 7.50498 9.28628
threshold=43.500000000000007 19.500000000000004 38.500000000000007 52.500000000000007 19.500000000000004 47.500000000000007 9.5000000000000018 48.500000000000007 34.500000000000007 20.500000000000004 15.500000000000002 51.500000000000007 41.500000000000007 40.500000000000007 54.500000000000007 18.500000000000004 4.5000000000000009 11.500000000000002 272.0478070175439 251.58103038936375 7.5000000000000009 8.5000000000000018 0.94987468671679209 287.21704857030949 4.5000000000000009 44.500000000000007 1.5000000000000002 10.500000000000002 25.500000000000004 0.21294035577258458
decision_type=2 2 2 2 2 2 2 2 2 2 2 2 2 2 2 2 2 2 2 2 2 2 2 2 2 2 2 2 2 2
left_child=2 5 8 7 6 9 13 16 -1 23 -10 -7 20 -4 19 -9 -3 -15 22 -5 21 -8 -19 24 -2 26 -26 -11 29 -14
right_child=1 3 4 14 -6 11 12 15 10 27 -12 -13 28 17 -16 -17 -18 18 -20 -21 -22 -23 -24 -25 25 -27 -28 -29 -30 -31
leaf_value=-1.535129425332495 -1.3809142543848338 -1.5108654008182065 -1.4556555499145958 -1.2344507698442457 -1.5357266192768959 -1.1656622795115772 -1.3687402685414771 -1.4281916637556429 -1.5280271010688715 -1.24733050585851 -1.4737687202477348 -1.1279287425853621 -1.3518323254633249 -1.5007480144634966 -1.1566862391835284 -1.3307651013627044 -1.3769311759396741 -1.3632908792292322 -1.2494726656945625 -1.3921707804255026 -1.3225589939898743 -1.4437540842235188 -1.4131658095664985 -1.4119822662570796 -1.4026284562310272 -1.2563454285018969 -1.287330181925622 -1.2023891115368532 -1.2206427645676918 -1.2870366575350931
leaf_weight=3200.3174805790186 7.7249875068664542 149.67163294553757 106.70138993859291 16.898410171270374 189.50359977781773 359.69473078846931 77.008469209074974 44.418678164482117 243.09570060670376 57.45459458231926 228.85275489091873 456.49848048388958 35.245255500078201 8.4492050856351835 54.799130126833916 30.658544167876244 6.2765523493289939 68.800669983029366 6.2765523493289939 5.5523347705602637 30.417138308286667 24.864803537726402 84.492050856351852 4.8281171917915335 7.4835816472768775 160.05208490788937 52.626477390527725 129.39354074001312 10.139046102762221 59.385841459035873
leaf_count=13257 32 620 442 70 785 1490 319 184 1007 238 948 1891 146 35 227 127 26 285 26 23 126 103 350 20 31 663 218 536 42 246
internal_value=-1.4379 -1.22357 -1.51357 -1.39807 -1.42318 -1.18004 -1.3815 -1.46743 -1.53084 -1.24905 -1.50172 -1.14456 -1.34137 -1.41613 -1.19062 -1.38841 -1.50547 -1.39103 -1.38522 -1.27346 -1.37222 -1.38705 -1.39078 -1.27542 -1.27253 -1.26872 -1.30168 -1.21621 -1.30241 -1.31117
internal_weight=5917.58 1544.03 4373.55 308.275 701.284 1235.76 511.78 231.025 3672.27 419.563 471.948 816.193 237.061 274.72 77.2499 75.0772 155.948 168.018 159.569 22.4507 132.29 101.873 153.293 232.715 227.887 220.162 60.1101 186.848 104.77 94.6311
internal_count=24513 6396 18117 1277 2905 5119 2120 957 15212 1738 1955 3381 982 1138 320 311 646 696 661 93 548 422 635 964 944 912 249 774 434 392
is_linear=0
shrinkage=1


Tree=4
num_leaves=31
num_cat=0
split_feature=0 10 4 0 0 4 0 10 0 0 0 0 0 1 0 4 4 0 11 0 3 10 3 10 10 3 10 0 10 9
split_gain=8193.63 908.188 298.411 287.729 210.041 120.847 51.8743 38.9764 43.6365 38.1422 26.8809 22.162 18.064 17.8419 16.2306 14.7686 12.9726 11.3919 9.61073 8.31227 7.98176 7.92285 7.48796 6.95348 6.68448 6.58284 5.87068 6.87812 5.69515 6.01022
threshold=24.500000000000004 7.5000000000000009 8.5000000000000018 28.500000000000004 21.500000000000004 10.500000000000002 14.500000000000002 20.500000000000004 19.500000000000004 16.500000000000004 23.500000000000004 26.500000000000004 19.500000000000004 2.5000000000000004 31.500000000000004 7.5000000000000009 5.5000000000000009 21.500000000000004 1.0000000180025095e-35 17.500000000000004 1.5000000000000002 7.5000000000000009 3.5000000000000004 8.5000000000000018 5.5000000000000009 6.5000000000000009 6.5000000000000009 16.500000000000004 6.5000000000000009 448.9585294117648
decision_type=2 2 2 2 2 2 2 2 2 2 2 2 2 2 2 2 2 2 2 2 2 2 2 2 2 2 2 2 2 2
left_child=1 4 6 5 12 11 -3 8 13 -4 28 15 26 19 16 18 -5 25 -2 20 -8 -7 -13 -22 -17 -11 -1 -28 29 -6
right_child=3 2 9 14 10 21 7 -9 -10 17 -12 22 -14 -15 -16 24 -18 -19 -20 -21 23 -23 -24 -25 -26 -27 27 -29 -30 -31
leaf_value=0.20929373564009224 0.10783442006051569 0.16451010474590488 0.085797388750886328 -0.040050434040643762 0.14243866750062692 -0.040923850844932233 0.17567818275371172 0.15549920793803862 -0.035453659244717842 -0.0087748316850506398 0.081172165813737041 -0.00051593517570686922 0.18001875190397279 -0.032285235215310536 -0.099085559854802802 0.012563677311803462 -0.086476221139438716 -0.091984088867016978 0.037238600550903674 0.055881282830878509 0.11254608411400427 -0.097732362538602527 -0.043288643760666747 0.027206805939411972 -0.052899037766649976 -0.063867502013609065 0.2054093018482909 0.16889904957195234 0.090522047683214091 0.051924047957892738
leaf_weight=837.40343400835991 22.554832756519318 80.528448581695557 17.094314336776733 76.03713047504425 259.45237648487091 29.261282101273537 15.451303035020826 43.152249485254288 44.985410034656525 33.425271600484848 131.8221310377121 101.83541387319565 377.77752086520195 12.939416676759718 3136.2541564553976 54.144308179616928 288.75190362334251 107.88927060365677 132.97995433211327 41.639251381158829 45.880784600973129 152.4844653904438 68.432908415794373 12.056857109069822 21.910572677850723 61.765279680490494 128.61405703425407 86.169153809547424 25.620943337678909 7.5493519306182852
leaf_count=2758 83 272 61 301 890 112 54 148 173 130 477 389 1261 50 12692 203 1156 429 490 153 159 614 265 44 83 242 423 284 90 27
internal_value=-9.13288e-05 0.147769 0.0305389 -0.0859273 0.18044 -0.0209212 0.0960049 0.0704774 0.0492642 -0.0576614 0.118667 0.00968121 0.198776 0.0790457 -0.0967634 0.0298173 -0.0767992 -0.0697371 0.047476 0.0915692 0.111818 -0.0885861 -0.0177068 0.0947869 -0.00629541 -0.0445222 0.205511 0.190762 0.135558 0.139879
internal_weight=6455.86 2371.22 516.808 4084.65 1854.41 583.604 296.634 216.105 172.953 220.174 424.445 401.858 1429.96 127.968 3501.04 231.59 364.789 203.08 155.535 115.028 73.3889 181.746 170.268 57.9376 76.0549 95.1906 1052.19 214.783 292.623 267.002
internal_count=24513 8125 1915 16388 6210 2239 1053 781 633 862 1484 1513 4726 460 14149 859 1457 801 573 410 257 726 654 203 286 372 3465 707 1007 917
is_linear=0
shrinkage=0.1


Tree=5
num_leaves=31
num_cat=0
split_feature=0 0 4 10 0 0 10 0 10 0 10 4 0 0 10 10 2 0 0 0 0 10 0 0 9 4 11 0 10 7
split_gain=2285.01 1463.51 779.228 760.727 426.272 326.491 142.734 121.301 109.138 102.13 72.2602 69.027 58.6725 56.9789 62.6905 50.7935 47.297 35.6908 34.7005 33.9395 32.3807 27.199 23.4478 18.8638 18.1783 16.0777 14.4346 13.8158 12.8369 12.148
threshold=38.500000000000007 21.500000000000004 13.500000000000002 7.5000000000000009 29.500000000000004 24.500000000000004 20.500000000000004 16.500000000000004 7.5000000000000009 42.500000000000007 20.500000000000004 11.500000000000002 26.500000000000004 32.500000000000007 19.500000000000004 10.500000000000002 1.5000000000000002 25.500000000000004 23.500000000000004 36.500000000000007 19.500000000000004 19.500000000000004 13.500000000000002 32.500000000000007 214.1086904761905 8.5000000000000018 1.0000000180025095e-35 29.500000000000004 10.500000000000002 -3.4999999999999996
decision_type=2 2 2 2 2 2 2 2 2 2 2 2 2 2 2 2 2 2 2 2 2 2 2 2 2 2 2 2 2 2
left_child=1 3 5 20 17 8 -2 22 18 -8 -10 12 26 -6 -15 -13 28 -4 -3 24 -1 23 -5 -17 -14 -18 -7 -26 -9 -21
right_child=6 2 4 7 13 11 9 16 10 -11 -12 15 19 14 -16 21 25 -19 -20 29 -22 -23 -24 -25 27 -27 -28 -29 -30 -31
leaf_value=-0.0852701373196941 -0.092331474487037851 0.015345550315369275 0.17528359485529399 -0.038414305414284824 0.012746635855252342 0.064982563291337378 0.050938061724376774 0.081242451578726282 0.19209875379499328 -0.071704636005522335 0.0076884394660662117 0.16161398649743616 0.088731975484219225 -0.069477169259947735 0.13280346211804805 0.063758322597867664 0.12840246449524192 0.093201648805688209 0.07991979034512757 0.15085206280335448 -0.046586866485744796 0.11909369212281971 0.050800216364171119 -0.065115188012596095 0.17365075584805759 0.19344747223487382 0.13559033874262022 0.20241884485981598 -0.058313982422754568 0.071807629749683397
leaf_weight=794.25153215229511 1876.412796780467 249.68567311763763 82.518912762403488 46.765140771865845 144.99416895210743 33.508987426757812 126.37311542034149 49.352307796478271 88.359919786453247 146.746317923069 27.976120591163635 56.654329866170883 17.730558887124062 363.47300705313683 15.995468050241469 19.743864595890045 61.450541138648987 147.9543120265007 124.81911340355873 51.787597626447678 297.42321415245533 24.925984114408493 79.611438244581223 26.741470918059349 272.79402241110802 99.584335058927536 212.97194132208824 430.20433694124222 7.6070955246686927 31.130653977394104
leaf_count=3465 8176 1007 295 194 584 123 496 187 309 629 113 204 68 1555 59 75 224 557 475 188 1261 91 313 110 967 353 780 1508 32 115
internal_value=0.000131207 0.0461463 0.0935404 -0.0338523 0.00923676 0.131673 -0.0825003 0.0957354 0.0631488 -0.0149575 0.147752 0.16022 0.168673 -0.0405761 -0.0609506 0.0909082 0.140924 0.12259 0.0368676 0.181763 -0.074731 0.0348136 0.0177867 -0.0103783 0.188733 0.168626 0.125991 0.191256 0.0626043 0.121176
internal_weight=6009.55 3860.02 2423.97 1436.05 754.936 1669.03 2149.53 344.371 490.841 273.119 116.336 1178.19 1050.13 524.463 379.468 128.066 217.994 230.473 374.505 803.647 1091.67 71.4113 126.377 46.4853 720.729 161.035 246.481 702.998 56.9594 82.9183
internal_count=24513 15212 9183 6029 3050 6133 9301 1303 1904 1125 422 4229 3749 2198 1614 480 796 852 1482 2846 4726 276 507 185 2543 577 903 2475 219 303
is_linear=0
shrinkage=0.1


Tree=6
num_leaves=31
num_cat=0
split_feature=0 0 4 0 10 0 10 4 0 10 0 10 0 0 3 0 0 10 0 4 0 0 4 8 10 0 2 0 10 9
split_gain=2707.49 1268.09 753.851 401.682 350.82 225.841 321.231 220.281 142.945 107.114 51.7639 47.6714 75.9966 63.5814 44.106 33.0247 29.5801 28.9216 27.2715 26.7347 25.855 22.2857 15.1051 13.1916 12.4955 12.3778 11.6301 11.3055 10.9947 10.5079
threshold=28.500000000000004 47.500000000000007 9.5000000000000018 37.500000000000007 19.500000000000004 43.500000000000007 19.500000000000004 12.500000000000002 53.500000000000007 7.5000000000000009 24.500000000000004 20.500000000000004 37.500000000000007 39.500000000000007 9.5000000000000018 39.500000000000007 33.500000000000007 19.500000000000004 51.500000000000007 20.500000000000004 32.500000000000007 34.500000000000007 18.500000000000004 0.20864427860696519 7.5000000000000009 41.500000000000007 6.5000000000000009 34.500000000000007 18.500000000000004 334.09273657628927
decision_type=2 2 2 2 2 2 2 2 2 2 2 2 2 2 2 2 2 2 2 2 2 2 2 2 2 2 2 2 2 2
left_child=7 2 3 16 18 9 19 26 22 21 -9 13 27 17 28 29 -2 20 -3 -7 -11 -4 -6 -16 -12 -14 -1 -13 -15 -5
right_child=1 4 5 15 8 6 -8 10 -10 11 24 12 25 14 23 -17 -18 -19 -20 -21 -22 -23 -24 -25 -26 -27 -28 -29 -30 -31
leaf_value=-0.093270401436205103 -0.086364948079014042 -0.051942706023402153 -0.077998500086953318 0.07718849962816926 0.16505776181031004 0.045358627187018767 0.20733716118875664 -0.051752102903533742 -0.044502674821215428 0.14029666548281169 -0.096240753378949162 -0.068113912128124995 0.11426394336763329 0.13527684475231166 0.11996666571583768 0.15586033658368548 -0.029593038400472817 0.061648705093108047 -0.089594544987257232 -0.0048932494756961523 0.17960269418507782 0.10761574131642396 0.095203481438580276 0.068588139588138669 0.054497019035813721 0.19404571374355106 -0.012255804283610798 0.028297135014259428 0.18156128884908884 -0.049255772566309974
leaf_weight=2131.6958395540714 254.60185115039349 348.41909646987915 26.849773302674294 45.372727394104004 79.255252212285995 242.60677635669708 121.86652210354805 81.245449274778366 64.293000683188438 233.96807715296745 5.7314370870590201 20.654558554291725 50.975799292325974 213.33800762891769 76.921164274215698 103.77548748254776 143.50666491687298 26.182340115308762 429.51155731081963 187.83987975120544 587.74640128016472 8.5214495956897718 50.794918060302734 142.64172065258026 135.79175943136215 31.439914524555206 17.868252649903297 29.5838682949543 67.581579595804214 7.6855602264404288
leaf_count=9382 1112 1490 116 177 287 960 424 345 273 855 25 88 192 788 289 375 601 100 1891 774 2093 32 191 540 534 111 78 118 242 30
internal_value=0.000136167 0.054843 0.0909932 -0.0125009 -0.0427075 0.118756 0.0640083 -0.0827873 0.0774729 0.138696 0.0118689 0.142804 0.0856042 0.148431 0.120167 0.123049 -0.0659003 0.165114 -0.0727311 0.0234295 0.168411 -0.0332813 0.137774 0.086588 0.0483924 0.144699 -0.092597 -0.0113404 0.146412 0.0588729
internal_weight=5968.27 3595.93 2623.66 554.942 972.274 2068.72 552.313 2372.33 194.343 1516.4 222.769 1481.03 132.654 1348.38 500.482 156.834 398.109 847.897 777.931 430.447 821.714 35.3712 130.05 219.563 141.523 82.4157 2149.56 50.2384 280.92 53.0583
internal_count=24513 14149 10017 2295 4132 7722 2158 10364 751 5564 904 5416 509 4907 1859 582 1713 3048 3381 1734 2948 148 478 829 559 303 9460 206 1030 207
is_linear=0
shrinkage=0.1


Tree=7
num_leaves=31
num_cat=0
split_feature=0 10 0 0 0 10 0 3 0 0 0 0 7 4 3 0 0 4 10 8 9 3 9 3 7 13 0 9 5 9
split_gain=7123.51 795.095 430.044 351.321 240.224 206.451 47.5913 42.3035 33.161 31.0678 24.2687 23.2982 20.4949 18.6476 15.693 15.2787 13.7137 12.9446 12.112 11.165 8.85908 8.85579 8.76225 8.7374 8.16477 7.55192 7.02042 6.75851 7.10097 6.84005
threshold=42.500000000000007 19.500000000000004 37.500000000000007 51.500000000000007 47.500000000000007 19.500000000000004 47.500000000000007 9.5000000000000018 44.500000000000007 39.500000000000007 54.500000000000007 34.500000000000007 4.5000000000000009 15.500000000000002 7.5000000000000009 40.500000000000007 51.500000000000007 20.500000000000004 13.500000000000002 0.21294035577258458 265.93608974358978 4.5000000000000009 203.24102067183466 4.5000000000000009 4.5000000000000009 1.1055555555555558 43.500000000000007 206.81703703703704 5.5000000000000009 252.61076388888893
decision_type=2 2 2 2 2 2 2 2 2 2 2 2 2 2 2 2 2 2 2 2 2 2 2 2 2 2 2 2 2 2
left_child=2 4 11 6 8 7 24 15 12 18 20 -1 26 -13 -8 -4 -6 23 -9 -11 -5 -17 -14 -10 -3 -23 27 28 -2 -29
right_child=1 3 5 10 16 -7 14 9 17 19 -12 13 22 -15 -16 21 -18 -19 -20 -21 -22 25 -24 -25 -26 -27 -28 29 -30 -31
leaf_value=-0.094111890829908895 0.11671399379544051 -0.081868770778839972 -0.018693854255155462 0.13325588094673899 0.2063961749680254 -0.09550222773131406 -0.017327482343263114 0.036159056090112593 0.024879196989889395 0.050895522770094327 0.21230843888436635 -0.08920427843155164 0.16953538977392604 -0.041811838939105998 0.070247344662797626 -0.073168572507065169 0.23036118811524542 0.17841329331444988 -0.048906919919564702 0.10726621465543099 0.0013619801360366421 0.061331770726382719 0.063544327796562564 0.14411393594901287 0.038875942514145799 0.0080143422340512964 0.11102871722543567 0.009867283075264419 0.033009826758012166 0.12019123028480397
leaf_weight=2964.940439671278 35.41666442155838 148.89967694878578 149.88328520953655 35.587878629565239 423.46410244703293 179.76098610460758 55.917187437415123 53.249589011073112 6.3601363450288764 54.723067283630371 64.784445434808731 170.98111012578011 58.797160595655441 161.3930980861187 32.270939573645592 7.7933357506990424 547.50541743636131 165.46758699417114 24.411209896206856 98.164433971047401 5.9430417418479911 58.780308857560158 8.9925928711891157 182.34459716081619 5.8191165030002585 48.472634375095367 80.541150644421577 25.481642320752144 14.197938546538351 7.2098634690046302
leaf_count=13257 140 654 635 136 1490 800 235 218 25 216 227 758 219 691 129 32 1891 598 102 382 24 234 34 677 24 197 302 102 56 28
internal_value=-0.000172108 0.158805 -0.0764083 0.0224462 0.189414 -0.00370189 -0.0439097 0.0296036 0.138781 0.0609263 0.174055 -0.0912975 0.109273 -0.0661916 0.014719 0.00234573 0.219909 0.157997 0.00942017 0.0870894 0.114382 0.0297563 0.155475 0.140095 -0.0773275 0.0372351 0.0900394 0.0695002 0.0927608 0.0341984
internal_weight=5877.55 1905 3972.55 349.222 1555.78 675.239 242.907 495.478 584.809 230.548 106.315 3297.31 230.637 332.374 88.1881 264.93 970.97 354.172 77.6608 152.888 41.5309 115.046 67.7898 188.705 154.719 107.253 162.847 82.3061 49.6146 32.6915
internal_count=24513 6991 17522 1429 5562 2816 1042 2016 2181 918 387 14706 881 1449 364 1098 3381 1300 320 598 160 463 253 702 678 431 628 326 196 130
is_linear=0
shrinkage=0.1


Tree=8
num_leaves=31
num_cat=0
split_feature=0 10 0 4 0 4 7 0 0 0 0 0 0 0 9 0 4 10 0 12 8 10 11 12 11 3 10 1 5 11
split_gain=6465.54 621.435 271.573 232.472 143.557 107.58 38.2466 32.2188 28.1005 18.2777 17.2746 16.534 14.1074 13.3222 12.8603 12.7765 12.1324 10.2997 16.4031 7.67558 8.94487 7.63141 7.06706 6.98417 6.81259 6.69616 5.85741 5.45444 5.29323 4.71612
threshold=24.500000000000004 7.5000000000000009 28.500000000000004 8.5000000000000018 21.500000000000004 10.500000000000002 -1.0000000180025095e-35 19.500000000000004 17.500000000000004 23.500000000000004 26.500000000000004 31.500000000000004 15.500000000000002 14.500000000000002 302.66798717948723 19.500000000000004 7.5000000000000009 20.500000000000004 19.500000000000004 10.500000000000002 0.28345771144278614 7.5000000000000009 5.5000000000000009 3.5000000000000004 1.0000000180025095e-35 3.5000000000000004 5.5000000000000009 1.5000000000000002 3.5000000000000004 1.0000000180025095e-35
decision_type=2 2 2 2 2 2 2 2 2 2 2 2 2 2 2 2 2 2 2 2 2 2 2 2 2 2 2 2 2 2
left_child=1 4 5 6 15 10 13 12 19 -6 16 14 -5 -3 -4 -1 24 18 22 20 23 -7 28 -8 -2 29 -18 -10 -15 -12
right_child=2 3 11 7 9 21 8 -9 27 -11 25 -13 -14 17 -16 -17 26 -19 -20 -21 -22 -23 -24 -25 -26 -27 -28 -29 -30 -31
leaf_value=0.17046852470337737 0.092231956091868184 0.15470243937375558 -0.086994660524101819 0.12157442493787254 0.11405527154061466 -0.037863568445919558 0.06297855281342149 -0.077917478292857556 0.016918898075553256 0.070239151789016033 -0.052162014241009039 -0.095765447700618483 -0.012064171773669096 0.09340503454209001 -0.046592240290245751 0.14973463379331489 0.011703644172779894 0.13249997189588245 -0.024378576930666963 -0.021148755450317594 0.04498127030095217 -0.094551953192143656 0.1705777063756436 0.14598992249722986 0.034216481005642417 -0.039588322670510413 -0.050097656715714582 -0.044597162713318976 0.00015804527533416323 0.010112629137037192
leaf_weight=1126.043455183506 23.814305394887924 55.277942031621933 220.3238959312439 9.4224024116992933 310.43913021683693 28.509960025548935 15.073168456554411 151.90256927907467 35.396194353699684 137.31483745574951 14.150144577026365 2901.9242355674505 48.862866953015327 38.839959651231766 122.63593237102032 403.76795428991318 54.397947818040848 44.81623187661171 14.313846215605734 6.4860291481018058 25.522757798433304 142.15984944999218 10.255959093570707 30.939365267753601 134.8815181851387 66.214744091033936 21.356930926442146 24.314816728234291 7.2191849350929251 86.500057876110077
leaf_count=3465 83 175 944 32 1007 112 50 640 132 477 55 12692 190 132 513 1261 203 144 56 22 85 614 35 103 490 265 83 94 25 334
internal_value=-0.000271859 0.124868 -0.0821124 0.0274387 0.15042 -0.0185797 0.0827048 -0.0536655 0.043501 0.100618 0.0097022 -0.0933115 0.00953986 0.114333 -0.0725475 0.164996 0.0272054 0.0950029 0.0712098 0.0830157 0.0924602 -0.0850823 0.0955059 0.118796 0.0429224 -0.0148904 -0.00571947 -0.00813095 0.0787898 0.0013576
internal_weight=6313.08 2496.21 3816.87 518.643 1977.57 571.985 308.455 210.188 137.732 447.754 401.316 3244.88 58.2853 170.723 342.96 1529.81 234.451 115.445 70.6289 78.0213 71.5353 170.67 56.3151 46.0125 158.696 166.865 75.7549 59.711 46.0591 100.65
internal_count=24513 8125 16388 1915 6210 2239 1053 862 486 1484 1513 14149 222 567 1457 4726 859 392 248 260 238 726 192 153 573 654 286 226 157 389
is_linear=0
shrinkage=0.1


Tree=9
num_leaves=31
num_cat=0
split_feature=0 0 10 4 0 0 10 4 0 0 10 0 10 10 4 0 0 4 10 0 10 0 10 10 0 7 6 0 0 4
split_gain=1915.58 1097.15 621.722 550.121 292.49 180.747 135.097 96.1616 86.5508 85.7333 84.6472 50.8455 47.6204 46.6295 38.2655 31.5187 28.2933 31.378 28.0907 25.9561 21.1137 19.0749 17.6739 39.8207 16.6114 14.4071 13.7972 11.4054 10.9969 10.9801
threshold=38.500000000000007 21.500000000000004 7.5000000000000009 14.500000000000002 31.500000000000004 24.500000000000004 20.500000000000004 12.500000000000002 42.500000000000007 15.500000000000002 7.5000000000000009 28.500000000000004 21.500000000000004 10.500000000000002 8.5000000000000018 19.500000000000004 26.500000000000004 10.500000000000002 19.500000000000004 23.500000000000004 19.500000000000004 33.500000000000007 9.5000000000000018 19.500000000000004 37.500000000000007 -1.0000000180025095e-35 9.5000000000000018 12.500000000000002 32.500000000000007 7.5000000000000009
decision_type=2 2 2 2 2 2 2 2 2 2 2 2 2 2 2 2 2 2 2 2 2 2 2 2 2 2 2 2 2 2
left_child=1 2 15 5 11 10 -2 16 -8 27 19 -5 -12 -9 25 -1 29 24 28 -3 21 26 -19 -24 -18 -11 -6 -4 -15 -7
right_child=6 3 9 4 20 7 8 13 -10 14 12 -13 -14 18 -16 -17 17 22 -20 -21 -22 -23 23 -25 -26 -27 -28 -29 -30 -31
leaf_value=-0.081634034998949875 -0.089362117996011861 0.014953582016588616 -0.050905844748838226 0.11513069463421172 -0.029631632627307825 0.092401696021392518 0.045623672090501027 0.1214434471584956 -0.068070987471177014 0.039181565380299654 0.15440020002621613 0.030839615231425005 0.0069537416391930972 0.021970913808088438 0.1521809253184403 -0.042393664944069889 0.15506353168750006 0.14774474540921495 0.1141469209153953 0.069894857007749653 0.080930459163994758 -0.072926845685485395 -0.022171624103627038 0.13128298006167094 0.087294991280768827 0.10294834577060437 0.14083595213064301 0.023821261520976009 -0.060688940572305387 0.13274108955608155
leaf_weight=733.213299497962 1736.479095056653 250.26892468333244 30.491129860281944 161.96955043077469 87.094895929098129 165.54382419586182 129.64616042375565 53.865787923336029 138.46919910609722 60.917925953865051 110.70803013443947 128.21048554778099 27.306848138570786 27.004459649324417 122.07971805334091 283.96919886767864 775.40496365725994 39.67800709605217 17.77537003159523 130.99765214323997 10.993707567453383 274.53911124169827 30.145473003387451 38.515685170888901 37.939975529909134 84.688061952590942 5.0217357426881781 61.864879533648491 39.838442623615265 113.90235513448715
leaf_count=3465 8176 1007 131 555 371 573 496 187 629 227 356 498 111 102 401 1261 2510 130 61 477 38 1247 119 130 131 297 21 247 176 383
internal_value=0.000298721 0.0410997 -0.0307057 0.0802382 0.00239067 0.108206 -0.0791613 0.12762 -0.0130944 0.0822268 0.0581221 0.0778883 0.125227 0.0487147 0.11089 -0.0706792 0.136717 0.145168 0.00241749 0.0338306 -0.0556205 -0.0597149 0.094613 0.0639092 0.151902 0.0762699 -0.0203386 -0.000849725 -0.0272944 0.108844
internal_weight=5908.54 3903.95 1377.22 2526.73 667.829 1858.9 2004.59 1339.61 268.115 360.042 519.281 290.18 138.015 138.484 267.686 1017.18 1201.13 921.684 84.6183 381.267 377.649 366.656 108.339 68.6612 813.345 145.606 92.1166 92.356 66.8429 279.446
internal_count=24513 15212 6029 9183 2730 6453 9301 4502 1125 1303 1951 1053 467 526 925 4726 3976 3020 339 1484 1677 1639 379 249 2641 524 392 378 278 956
is_linear=0
shrinkage=0.1


Tree=10
num_leaves=31
num_cat=0
split_feature=10 0 4 0 0 10 0 10 0 10 0 0 0 0 3 0 0 0 10 4 2 0 0 0 0 3 10 8 0 8
split_gain=2265.73 867.865 517.467 312.619 291.937 193.481 188.74 319.365 78.204 58.1133 86.7811 48.8458 47.5027 42.4245 28.8209 26.2066 24.5727 22.7985 20.2877 19.45 18.8467 15.5864 15.5208 14.4268 10.4282 10.1792 9.48783 9.24991 9.17577 9.04248
threshold=8.5000000000000018 48.500000000000007 8.5000000000000018 25.500000000000004 36.500000000000007 19.500000000000004 43.500000000000007 19.500000000000004 54.500000000000007 20.500000000000004 37.500000000000007 29.500000000000004 39.500000000000007 33.500000000000007 9.5000000000000018 39.500000000000007 22.500000000000004 46.500000000000007 19.500000000000004 24.500000000000004 6.5000000000000009 33.500000000000007 38.500000000000007 51.500000000000007 33.500000000000007 10.500000000000002 18.500000000000004 0.21913109756097562 40.500000000000007 0.20864427860696519
decision_type=2 2 2 2 2 2 2 2 2 2 2 2 2 2 2 2 2 2 2 2 2 2 2 2 2 2 2 2 2 2
left_child=13 2 4 16 24 23 9 17 25 11 21 -5 18 20 27 -6 -4 19 -13 26 -1 -11 -15 -3 -2 -7 -8 -14 -12 -16
right_child=1 5 3 6 15 8 7 -9 -10 10 28 12 14 22 29 -17 -18 -19 -20 -21 -22 -23 -24 -25 -26 -27 -28 -29 -30 -31
leaf_value=-0.091387928267659069 -0.086754591513074325 -0.05501851356951553 -0.082511777112171725 0.068607002513356996 0.040182502738155261 0.10597491594099202 0.029931352095438499 0.16800525523520066 -0.057143207619173103 -0.083582857988628884 0.084333316205556397 0.14179991999299021 0.10164767719013179 -0.016558355077602283 0.10100145919851256 0.1225904982072257 -0.0075763435943296265 -0.014247244696387308 0.053837157566523269 -0.037372242556083089 0.010004303258039117 0.010818270278568975 0.14266167696528773 -0.086334067014856977 -0.045202528091260907 0.027018013639586502 0.081213683774546297 0.13674623563539137 0.1429863297409141 0.059625280835551742
leaf_weight=1877.5051654726267 265.3872164785862 234.18750369548798 84.756338387727737 176.20887225866318 67.719488620758057 95.176081523299217 248.95610049366951 174.96327683329582 50.244025066494942 27.142534211277962 48.470004588365555 833.23665490746498 134.35647016763687 33.122122228145599 82.087141335010529 89.711852878332138 90.470714181661606 201.50033515691757 27.072094455361366 39.554281249642372 18.513418093323708 49.181411370635033 7.5106506347656241 395.65904109179974 78.193760305643082 19.709275305271149 42.191143393516541 170.20757263898849 59.309663683176041 148.13606637716293
leaf_count=8952 1253 1052 391 659 265 331 987 563 227 124 173 2749 457 140 289 300 390 856 100 165 79 202 26 1891 340 73 165 577 197 540
internal_value=0.000310676 0.0439009 0.0675391 0.0852346 -0.0256264 -0.0494302 0.0944178 0.0507997 0.0469188 0.111989 0.0588338 0.118217 0.124483 -0.0882312 0.101079 0.0871425 -0.0438222 0.012268 0.139032 0.028424 -0.0903979 -0.0227529 0.0128722 -0.0746904 -0.077298 0.0924294 0.0373629 0.121263 0.116609 0.0743781
internal_weight=5870.44 3933.79 3138.81 2637.8 501.012 794.976 2462.57 707.165 165.129 1755.41 184.104 1571.3 1395.1 1936.65 534.787 157.431 175.227 532.202 860.309 330.702 1896.02 76.3239 40.6328 629.847 343.581 114.885 291.147 304.564 107.78 230.223
internal_count=24513 15316 11742 9584 2158 3574 8803 2736 631 6067 696 5371 4712 9197 1863 565 781 2173 2849 1317 9031 326 166 2943 1593 404 1152 1034 370 829
is_linear=0
shrinkage=0.1


Tree=11
num_leaves=31
num_cat=0
split_feature=0 10 0 0 0 10 0 0 0 0 4 3 4 0 0 4 7 10 9 9 2 10 3 3 13 3 8 6 12 12
split_gain=5546.71 600.962 302.469 257.678 228.163 119.598 41.3034 38.3561 23.7066 22.4892 21.9861 20.8147 20.1623 18.1039 14.7886 13.8251 13.374 11.2914 11.14 10.0154 9.21788 7.93146 7.46649 7.13795 5.8564 5.85379 5.85064 5.68219 7.36414 5.50947
threshold=41.500000000000007 19.500000000000004 49.500000000000007 37.500000000000007 46.500000000000007 19.500000000000004 53.500000000000007 43.500000000000007 33.500000000000007 48.500000000000007 16.500000000000004 9.5000000000000018 15.500000000000002 46.500000000000007 39.500000000000007 24.500000000000004 1.0000000180025095e-35 13.500000000000002 255.71382275132285 206.81703703703704 7.5000000000000009 18.500000000000004 5.5000000000000009 8.5000000000000018 0.32051282051282054 7.5000000000000009 0.20722186076772933 8.5000000000000018 9.5000000000000018 10.500000000000002
decision_type=2 2 2 2 2 2 2 2 2 2 2 2 2 2 2 2 2 2 2 2 2 2 2 2 2 2 2 2 2 2
left_child=3 4 13 8 7 10 22 11 -1 25 27 18 -10 -3 17 21 -15 23 19 -2 -16 24 26 -12 -9 -6 -4 -5 -29 -24
right_child=1 2 6 5 9 -7 -8 15 12 -11 14 -13 -14 16 20 -17 -18 -19 -20 -21 -22 -23 29 -25 -26 -27 -28 28 -30 -31
leaf_value=-0.091980546927024245 0.05466948778446136 -0.083123443968322747 -0.057529881153931532 -0.037517468025437511 0.1146771631561348 -0.09317441828016633 0.16498314736780162 0.035391608993805453 -0.087198459792333816 0.18157126747605731 -0.03741243730273406 0.097860860904671804 -0.043350663125154676 -0.047745585546504127 0.043098498540695529 0.16843448386666141 0.05037850708488411 -0.036723288475851851 0.13560344640809521 -0.0067782757429865215 0.11198670214190401 0.074204915700724697 0.098082166854385644 0.042713944057318369 0.12066871662352539 0.15500260714577085 0.04858768117048029 -0.011129473569744298 0.092056025150972443 -0.010041617347483213
leaf_weight=2627.6677893400192 64.604990407824516 152.75949947535992 7.2697666436433819 69.715279266238213 43.1452826410532 133.8134142011404 84.283100664615631 8.291364371776579 221.19132559001446 929.24907818436623 13.476133108139036 119.96206647157669 199.40943071246147 53.969844445586205 123.22813560068607 49.790456861257553 18.704065755009651 40.140588477253914 10.863920629024504 45.001030102372169 23.058825969696045 47.711941480636597 41.092987656593323 63.53317329287529 280.29291242361069 217.30696710944176 18.209075912833214 38.104373618960381 8.4503178894519788 5.3231543302536002
leaf_count=12744 251 721 30 295 144 640 273 29 1061 2943 58 434 901 239 483 165 77 174 41 180 85 165 155 261 960 713 74 161 36 20
internal_value=-0.000325115 0.124602 0.0105248 -0.0774126 0.148571 -0.0118807 0.117487 0.0997298 -0.0884523 0.174292 0.0167682 0.0683755 -0.0664099 -0.0635772 0.0327544 0.119255 -0.0224914 0.00627814 0.0390145 0.0294408 0.0539572 0.111974 0.061806 0.0286923 0.118219 0.148322 0.0183096 -0.0194523 0.00760012 0.0856822
internal_weight=5759.62 2197.83 381.611 3561.79 1816.22 513.52 156.178 626.519 3048.27 1189.7 379.707 240.432 420.601 225.433 263.437 386.087 72.6739 117.15 120.47 109.606 146.287 336.296 71.895 77.0093 288.584 260.452 25.4788 116.27 46.5547 46.4161
internal_count=24513 7614 1589 16899 6025 2193 552 2225 14706 3800 1553 906 1962 1037 1061 1319 316 493 472 431 568 1154 279 319 989 857 104 492 197 175
is_linear=0
shrinkage=0.1


Tree=12
num_leaves=31
num_cat=0
split_feature=0 10 0 4 0 4 0 7 0 0 4 0 0 0 0 0 3 9 10 0 9 10 12 8 8 12 3 8 12 7
split_gain=5194.79 450.565 260.283 182.123 110.382 96.045 29.2544 28.1377 21.3812 17.0431 13.0356 13.0233 12.9987 11.0365 10.4014 9.9346 9.64149 9.50521 7.81851 12.5617 7.47209 7.46374 6.17365 7.27334 6.042 6.5643 5.98331 5.95735 5.90734 6.15522
threshold=24.500000000000004 7.5000000000000009 28.500000000000004 8.5000000000000018 21.500000000000004 10.500000000000002 19.500000000000004 -1.0000000180025095e-35 17.500000000000004 31.500000000000004 5.5000000000000009 23.500000000000004 26.500000000000004 20.500000000000004 15.500000000000002 14.500000000000002 1.5000000000000002 328.81087622549029 20.500000000000004 19.500000000000004 221.55425925925928 7.5000000000000009 10.500000000000002 0.29805897723030988 0.19657494145199064 8.5000000000000018 3.5000000000000004 0.095695970695970675 2.5000000000000004 -4.4999999999999991
decision_type=2 2 2 2 2 2 2 2 2 2 2 2 2 2 2 2 2 2 2 2 2 2 2 2 2 2 2 2 2 2
left_child=1 4 5 7 13 12 14 15 22 10 -4 -6 16 -1 -5 -3 17 -2 19 -17 -18 -7 23 -9 25 28 -14 -12 -22 -30
right_child=2 3 9 6 11 21 -8 8 -10 -11 27 -13 26 -15 -16 18 20 -19 -20 -21 24 -23 -24 -25 -26 -27 -28 -29 29 -31
leaf_value=0.14524465523711705 0.0068133602478040794 0.13283430669511342 -0.030251486992009163 0.10356293462090392 0.097780321966594558 -0.0344961152578937 -0.074099780052768321 0.099313081107910858 -0.0070030936992783351 -0.092972322246194838 0.032440292706560458 0.061409267965150005 0.003816044380056627 0.11925393527256248 -0.0090223196744226904 0.082144946644834765 -0.10086179243909282 0.10788223546355567 0.11420707083457196 -0.022868284677747625 0.086918041572909499 -0.091626662442260198 -0.021374569949007036 0.028290867455532998 0.0080960784877762721 0.11138049740946837 -0.03545918062089657 -0.08128133352108155 0.084668765232657317 -0.021024392632368341
leaf_weight=1385.6416520774364 14.865009367465971 57.435214638710022 69.440849050879478 9.9051270484924299 322.53835266828537 27.683625116944313 142.33486485481262 54.190863430500031 59.206493124365807 2673.3584125638008 4.6936149746179572 141.69890052080154 99.091475397348404 185.21794071793556 47.835757181048393 58.594114035367966 5.3161318600177756 24.879077166318893 46.568843841552734 14.139861837029455 12.327137082815169 131.4462605714798 6.4814963936805716 19.647145986557007 136.76678614318371 12.406961947679518 63.738558292388916 248.05674111843109 7.2796421945095053 22.665712729096416
leaf_count=4165 53 175 301 32 1007 112 640 174 226 12692 21 477 389 561 190 192 21 87 144 56 44 614 22 64 499 45 265 1135 26 84
internal_value=-0.000513726 0.108352 -0.0786689 0.0249244 0.129519 -0.0159927 -0.049745 0.072162 0.0385916 -0.0903538 -0.0686264 0.0866788 0.0101858 0.14218 0.0102911 0.0986642 0.0251559 0.0700806 0.0822139 0.0617298 0.0160816 -0.0816877 0.0722011 0.0804152 0.0193289 0.0474249 -0.0115579 -0.0791695 0.028654 0.00466935
internal_weight=6105.45 2551.44 3554.02 516.34 2035.1 558.466 200.076 316.264 139.526 2995.55 322.191 464.237 399.336 1570.86 57.7409 176.738 236.506 39.7441 119.303 72.734 196.762 159.13 80.3195 73.838 191.446 54.6795 162.83 252.75 42.2725 29.9454
internal_count=24513 8125 16388 1915 6210 2239 862 1053 486 14149 1457 1484 1513 4726 222 567 859 140 392 248 719 726 260 238 698 199 654 1156 154 110
is_linear=0
shrinkage=0.1


Tree=13
num_leaves=31
num_cat=0
split_feature=0 0 10 4 0 0 10 4 10 0 0 0 0 10 10 0 0 1 10 0 10 10 10 10 0 10 10 0 0 9
split_gain=1619.01 789.969 433.08 430.763 214.55 170.901 126.639 106.289 77.3385 73.3986 52.4946 51.0296 46.3639 38.8337 36.4112 29.7134 24.2956 20.9148 20.051 18.4988 15.9711 16.6432 15.8091 15.5697 13.0794 12.8885 39.4279 12.4023 12.1122 10.4076
threshold=39.500000000000007 20.500000000000004 7.5000000000000009 15.500000000000002 31.500000000000004 23.500000000000004 6.5000000000000009 12.500000000000002 20.500000000000004 29.500000000000004 14.500000000000002 43.500000000000007 25.500000000000004 19.500000000000004 21.500000000000004 36.500000000000007 27.500000000000004 2.5000000000000004 9.5000000000000018 33.500000000000007 19.500000000000004 10.500000000000002 19.500000000000004 7.5000000000000009 17.500000000000004 20.500000000000004 9.5000000000000018 22.500000000000004 18.500000000000004 322.07002314814821
decision_type=2 2 2 2 2 2 2 2 2 2 2 2 2 2 2 2 2 2 2 2 2 2 2 2 2 2 2 2 2 2
left_child=1 2 28 5 16 6 27 12 -2 -9 -4 -10 29 18 23 25 -5 24 -11 -6 21 -17 -21 -8 -12 26 -14 -3 -1 -7
right_child=8 3 10 4 19 7 14 9 11 13 17 -13 15 -15 -16 20 -18 -19 -20 22 -22 -23 -24 -25 -26 -27 -28 -29 -30 -31
leaf_value=-0.082154266044003554 -0.088098155390199051 -0.016664512867739924 -0.015228963916286298 0.10076704196559819 -0.014370916150639686 0.091881654430686077 0.056250443784736148 0.10146083150539298 0.018953612522641813 0.077242493974555723 0.039912706871500017 -0.075922457112493597 0.12280680543571781 0.09960829530173565 -0.027792791403174141 0.10629489522755964 0.036823279566603147 0.13699098427695086 -0.046598936782163758 -0.071982314388760904 0.0900453516200478 -0.075031675556926761 0.06565582833700441 0.1308867803582989 0.092262076022306044 0.13735265148651701 0.027676759216701197 0.023975928136675075 -0.056691787014627328 0.055713303967237185
leaf_weight=536.43085713684559 1517.0653547346592 222.96577508747578 66.139569476246834 100.98932284116745 81.527375444769859 179.55136534571648 35.507946863770485 110.38843667507172 120.75606541335583 14.938425496220587 86.031738519668579 106.85430173575878 503.72685596346855 28.037128627300262 19.998288244009018 8.3240254223346728 144.35505855083466 58.971338868141174 104.74486501514912 292.90050828456879 121.00168886780739 12.916503995656965 8.5897828936576825 131.31057775020599 107.19452503323555 452.36437007784843 47.693161994218826 113.22148305177689 286.64751790463924 142.86267387866974
leaf_count=2765 7755 964 285 327 355 603 148 362 480 54 313 518 1573 95 84 31 541 186 476 1435 406 56 31 406 350 1396 172 456 1400 490
internal_value=0.000499005 0.0354165 -0.034979 0.0633363 -0.00986579 0.0837836 0.033704 0.0989536 -0.079943 0.0397728 0.0640675 -0.025587 0.109356 -0.00632538 0.0997145 0.118781 0.063144 0.0848632 -0.0311415 -0.0566327 0.0760062 -0.00397097 -0.0680609 0.115 0.0689541 0.124842 0.114579 -0.00297758 -0.0732866 0.0758553
internal_weight=5764.01 4019.33 1141.42 2877.92 628.362 2249.55 523.004 1726.55 1744.68 258.109 318.337 227.61 1468.44 147.72 186.817 1146.03 245.344 252.198 119.683 383.018 142.242 21.2405 301.49 166.819 193.226 1003.78 551.42 336.187 823.078 322.414
internal_count=24513 15760 5299 10461 2689 7772 2058 5714 8753 987 1134 998 4727 625 638 3634 868 849 530 1821 493 87 1466 554 663 3141 1745 1420 4165 1093
is_linear=0
shrinkage=0.1


Tree=14
num_leaves=31
num_cat=0
split_feature=10 0 4 0 0 10 0 10 0 0 0 10 0 0 10 0 0 2 4 0 0 3 9 11 0 0 5 9 0 7
split_gain=1914.94 672.03 392.671 240.456 234.729 165.923 133.477 201.96 60.0203 39.8425 32.7811 23.2484 70.3301 51.726 25.5038 22.7677 18.3448 18.1485 17.8343 15.1059 15.0563 12.6903 11.8418 10.9059 10.482 8.91847 8.81261 7.94948 8.56445 7.39185
threshold=8.5000000000000018 48.500000000000007 8.5000000000000018 36.500000000000007 25.500000000000004 19.500000000000004 44.500000000000007 19.500000000000004 54.500000000000007 33.500000000000007 28.500000000000004 20.500000000000004 38.500000000000007 41.500000000000007 19.500000000000004 22.500000000000004 39.500000000000007 6.5000000000000009 19.500000000000004 53.500000000000007 33.500000000000007 7.5000000000000009 315.80716911764711 4.5000000000000009 33.500000000000007 47.500000000000007 1.5000000000000002 258.74669312169317 52.500000000000007 -4.4999999999999991
decision_type=2 2 2 2 2 2 2 2 2 2 2 2 2 2 2 2 2 2 2 2 2 2 2 2 2 2 2 2 2 2
left_child=9 2 3 24 15 19 10 21 27 17 -6 13 20 23 18 -4 29 -1 -15 -3 -13 -8 -11 -12 -2 -23 -17 28 -7 -5
right_child=1 5 4 16 6 8 7 -9 -10 22 11 12 -14 14 -16 26 -18 -19 -20 -21 -22 25 -24 -25 -26 -27 -28 -29 -30 -31
leaf_value=-0.088896660454225895 -0.084039305901699321 -0.056825347728583178 -0.079507951182741426 0.0089387221702868624 0.044296615233248897 0.082241549879506604 0.038925903754439689 0.13963831717565389 -0.053093754364670703 0.072605537426973787 0.10539585874409373 -0.078585939504011812 0.11415821894663158 0.082369354926031063 0.14420046119102059 -0.041904084398906971 0.10374264626933134 0.011058287417654826 0.038724131839249019 -0.089266228179244789 0.019308964991130301 0.0040078451580352675 -0.036297122083109333 0.12603507431542227 -0.041281091031824708 -0.034211698795626501 0.021585458830930562 0.12893885397462579 0.008978920727607231 0.075554414852005314
leaf_weight=1722.4669926911592 245.55220232903957 328.58477430045605 78.898782834410667 41.138399884104729 124.93066389858723 73.281696617603302 81.524341687560081 147.20355573296547 47.454091757535934 18.143603593111038 869.83839344978333 21.056758731603622 120.24190366268158 206.45575374364853 42.597149163484573 38.400371626019478 94.204575642943382 18.358471527695656 171.30646455287933 254.87149786949158 61.8813187032938 258.29155911505222 22.204331830143929 362.80649767816067 74.797291994094849 79.954240098595619 50.764088481664658 25.840349614620209 20.397799462080002 27.99066349864006
leaf_count=8952 1253 1615 391 158 473 243 324 452 227 72 2778 102 385 711 131 168 300 79 628 1328 249 1044 94 1157 340 369 222 84 77 107
internal_value=0.000515028 0.0393288 0.0593031 -0.0237101 0.0740858 -0.0458418 0.0816356 0.0388528 0.042056 -0.0855656 0.0938796 0.0972168 0.0652953 0.10114 0.0708485 -0.0403803 0.075034 -0.0878426 0.0625773 -0.0709965 -0.00554511 0.00350961 0.0126741 0.111471 -0.0740558 -0.00502646 -0.00575752 0.0798342 0.0662893 0.0359117
internal_weight=5731.44 3950.27 3199.83 483.683 2716.15 750.43 2548.09 566.974 166.974 1781.17 1981.11 1856.18 203.18 1653 420.359 168.063 163.334 1740.83 377.762 583.456 82.9381 419.77 40.3479 1232.64 320.349 338.246 89.1645 119.52 93.6795 69.1291
internal_count=24513 15316 11742 2158 9584 3574 8803 2189 631 9197 6614 6141 736 5405 1470 781 565 9031 1339 2943 351 1737 166 3935 1593 1413 390 404 320 265
is_linear=0
shrinkage=0.1


Tree=15
num_leaves=31
num_cat=0
split_feature=0 10 0 0 0 10 0 0 0 4 4 0 3 7 4 0 3 10 0 9 9 2 3 9 0 0 9 13 6 12
split_gain=4444.57 426.954 243.999 239.691 166.752 107.361 33.7979 29.4087 24.3166 18.0668 17.7922 17.3569 14.7811 11.5357 11.0521 10.623 10.1962 9.74017 8.89942 8.7276 8.25478 6.92605 6.06821 5.74539 5.67728 5.4107 5.36051 5.25052 5.02333 6.03672
threshold=41.500000000000007 19.500000000000004 37.500000000000007 49.500000000000007 47.500000000000007 19.500000000000004 43.500000000000007 52.500000000000007 34.500000000000007 16.500000000000004 15.500000000000002 46.500000000000007 9.5000000000000018 1.0000000180025095e-35 20.500000000000004 39.500000000000007 5.5000000000000009 13.500000000000002 53.500000000000007 255.71382275132285 206.81703703703704 7.5000000000000009 8.5000000000000018 287.21704857030949 56.500000000000007 42.500000000000007 231.27047979797985 1.2344322344322347 8.5000000000000018 9.5000000000000018
decision_type=2 2 2 2 2 2 2 2 2 2 2 2 2 2 2 2 2 2 2 2 2 2 2 2 2 2 2 2 2 2
left_child=2 4 8 11 6 9 12 16 -1 28 -10 -3 19 -13 23 17 -5 22 -6 20 25 -17 -11 -8 -9 27 -18 -2 -4 -30
right_child=1 3 5 7 18 -7 14 24 10 15 -12 13 -14 -15 -16 21 26 -19 -20 -21 -22 -23 -24 -25 -26 -27 -28 -29 29 -31
leaf_value=-0.089107219190545095 0.047084692276982205 -0.080304311963161762 -0.034710004588599977 -0.0082816657781510806 0.14408441013230233 -0.09116186901327894 0.094081543986543004 0.11228232220952694 -0.083538001531636527 -0.034207645348066723 -0.034483561511040504 -0.044169080511896899 0.084688880352549081 0.046930376811430384 0.12087737177349228 0.038301502020443655 0.10230274106922424 -0.033419871191062704 0.16237252774797234 0.11887227641333738 -0.0059212609192200553 0.096591954297496535 0.040607737917432364 -0.0065298251008552109 0.1596329015749503 0.078452848869011813 0.021739169515402945 -0.039894889465795481 -0.0094630028992959345 0.082509508550396862
leaf_weight=2511.0799375027418 23.358835712075233 142.06801472604275 67.77690227329731 22.084525465965271 673.81559309363365 124.13536037504673 286.45953807234764 55.559508889913559 146.57511074841022 13.042139798402784 149.20309260487556 51.677873611450195 125.60086473822594 19.014166206121445 245.24576190114021 126.16772709786892 26.31285947561264 38.806065037846565 439.73755025863647 11.474699854850767 44.72976353764534 24.311989694833755 64.243372738361359 5.7905122041702262 46.525932431221008 32.893437251448631 12.03724956512451 9.8736908733844739 37.600329130887985 8.8083010464906675
leaf_count=13257 89 721 295 91 2053 640 944 178 758 58 691 239 434 77 774 483 95 174 1328 41 180 85 261 20 142 123 46 39 161 36
internal_value=-0.000481846 0.107158 -0.0744007 0.00969192 0.126419 -0.0104012 0.0911352 0.101133 -0.0859128 0.0159286 -0.0587929 -0.0601565 0.0605921 -0.0196659 0.105224 0.0301852 0.0458456 0.00745742 0.151306 0.0358511 0.0272576 0.0477191 0.0279824 0.0920881 0.133863 0.0497009 0.0770156 0.0212423 -0.017354 0.00799327
internal_weight=5586.01 2274.26 3311.75 375.28 1898.98 504.892 785.427 162.52 2806.86 380.757 295.778 212.76 247.931 70.692 537.496 266.571 60.4346 116.092 1113.55 122.33 110.856 150.48 77.2855 292.25 102.085 66.126 38.3501 33.2325 114.186 46.4086
internal_count=24513 7614 16899 1589 6025 2193 2644 552 14706 1553 1449 1037 906 316 1738 1061 232 493 3381 472 431 568 319 964 320 251 141 128 492 197
is_linear=0
shrinkage=0.1


Tree=16
num_leaves=31
num_cat=0
split_feature=0 10 4 0 0 4 0 0 1 9 0 0 0 0 10 0 0 3 0 4 8 8 10 0 12 10 11 10 12 9
split_gain=4232.71 381.813 181.264 146.448 145.779 64.9907 30.0401 23.8162 22.7485 11.7726 10.737 10.363 9.72543 8.7215 8.25608 16.3098 8.05171 7.50303 7.0599 8.54915 6.23719 6.98733 6.09688 6.06515 6.01177 5.94125 5.89005 6.76607 5.73996 7.30357
threshold=25.500000000000004 7.5000000000000009 8.5000000000000018 21.500000000000004 29.500000000000004 10.500000000000002 19.500000000000004 23.500000000000004 1.5000000000000002 282.8497756410257 12.500000000000002 19.500000000000004 14.500000000000002 27.500000000000004 22.500000000000004 19.500000000000004 15.500000000000002 3.5000000000000004 31.500000000000004 5.5000000000000009 0.41763565891472876 0.31198770491803285 20.500000000000004 17.500000000000004 11.500000000000002 5.5000000000000009 4.5000000000000009 21.500000000000004 3.5000000000000004 374.04469362745107
decision_type=2 2 2 2 2 2 2 2 2 2 2 2 2 2 2 2 2 2 2 2 2 2 2 2 2 2 2 2 2 2
left_child=1 3 8 11 5 9 16 -5 10 -2 -3 -1 -10 17 15 20 -4 28 19 -6 21 23 -17 -12 -9 -7 -15 -28 29 -11
right_child=4 2 6 7 18 25 -8 24 12 13 14 -13 -14 26 -16 22 -18 -19 -20 -21 -22 -23 -24 -25 -26 -27 27 -29 -30 -31
leaf_value=0.13071455086581377 -0.041643517459805685 0.12723495923680969 0.090554887994313049 0.084756799892613463 -0.031137524368339709 -0.032047259331093272 -0.073809693692884426 0.040769677959488881 0.090849403778895443 0.042390943239768407 0.095361504776937195 0.11235579019897637 -0.001726529153126934 -0.032823136732167073 0.10511494160757173 -0.0225302706008591 -0.0073682877186794105 -0.0087702991362373205 -0.090599871386358 -0.081869262321274977 0.16829117598552529 0.026355919499835047 0.064889506125725388 0.037654958238970783 0.11854149732642801 -0.090277650928975009 -0.011205958927945382 0.083864227400703636 0.020816625639560757 0.1516950939870306
leaf_weight=1146.6396124362946 68.562473654747009 36.942870557308197 10.212218463420866 330.1218985915184 42.440054789185524 20.097655236721039 166.74799974262714 242.22762995958328 13.882624536752699 21.588645994663242 80.606066823005676 420.12310826778412 62.150060936808586 73.873406663537025 49.849494993686676 28.190633207559586 47.236304894089699 56.422208607196808 2453.7754614949226 152.8532232940197 6.8352125585079184 28.389176547527313 11.126738071441649 23.530201971530914 10.364647597074507 136.70996500551701 25.843902230262756 10.538575515151022 67.292968288064003 8.5278810262680036
leaf_count=3465 287 111 32 1007 193 87 805 827 42 79 249 1261 227 322 156 112 190 224 12692 753 22 92 36 81 35 689 113 46 247 31
internal_value=-0.000787976 0.0906356 0.0175385 0.109873 -0.0798796 -0.0297409 -0.0523242 0.0670728 0.0634033 -0.00472257 0.0772157 0.125792 0.0151767 0.00486286 0.0691298 0.0590903 0.0100388 0.0202479 -0.0891435 -0.0708445 0.0751379 0.0703334 0.00220935 0.0823224 0.0439609 -0.0828144 -0.0166028 0.0163321 0.0370561 0.0733418
internal_weight=5853.7 2715.18 565.7 2149.48 3138.53 489.458 224.197 582.714 341.503 332.65 265.47 1566.76 76.0327 264.088 228.528 178.678 57.4485 153.832 2649.07 195.293 139.361 132.525 39.3174 104.136 252.592 156.808 110.256 36.3825 97.4095 30.1165
internal_count=24513 8750 2155 6595 15763 2125 1027 1869 1128 1349 859 4726 269 1062 748 592 222 581 13638 946 444 422 148 330 862 776 481 159 357 110
is_linear=0
shrinkage=0.1


Tree=17
num_leaves=31
num_cat=0
split_feature=0 0 10 4 0 0 10 4 10 0 0 0 0 10 10 0 0 2 10 10 0 10 0 9 10 10 6 0 10 7
split_gain=1374.51 609.874 361.783 327.605 177.57 121.83 95.0566 77.3286 75.8468 55.4403 45.8263 38.4752 35.1993 30.9999 27.1222 24.7495 23.3277 17.5266 16.3999 12.8787 12.5642 10.5209 10.3125 10.1094 9.85077 33.2172 9.3356 9.31597 8.73882 8.60275
threshold=39.500000000000007 20.500000000000004 7.5000000000000009 15.500000000000002 32.500000000000007 23.500000000000004 6.5000000000000009 12.500000000000002 20.500000000000004 29.500000000000004 43.500000000000007 14.500000000000002 25.500000000000004 19.500000000000004 21.500000000000004 27.500000000000004 37.500000000000007 1.5000000000000002 9.5000000000000018 19.500000000000004 18.500000000000004 7.5000000000000009 22.500000000000004 334.09273657628927 20.500000000000004 9.5000000000000018 3.5000000000000004 33.500000000000007 19.500000000000004 3.5000000000000004
decision_type=2 2 2 2 2 2 2 2 2 2 2 2 2 2 2 2 2 2 2 2 2 2 2 2 2 2 2 2 2 2
left_child=1 2 20 5 15 6 22 12 -2 26 -10 -4 29 18 21 -5 24 -13 -11 -6 -1 -8 -3 28 25 -14 -9 -27 -18 -7
right_child=8 3 11 4 19 7 14 9 10 13 -12 17 16 -15 -16 -17 23 -19 -20 -21 -22 -23 -24 -25 -26 27 -28 -29 -30 -31
leaf_value=-0.079217646354894464 -0.085813715295969359 -0.013919214178428608 -0.012367562623761812 0.086802274102927054 -0.063318594758110136 0.060658763683773147 0.052427734864776115 0.11605513437167408 0.018678144999621765 0.067600079370480223 -0.072892266141870221 0.033501596283513492 0.10586553980127821 0.087100238406765201 -0.024462847102876484 0.026055020936141701 -0.030246878021635455 0.090682061853552848 -0.04321686106418484 0.059392079435955564 -0.052257532210634672 0.1131829340734148 0.023234522855042659 0.15256549753538654 0.11734762741406907 0.061246100148331872 0.058831347454060559 -0.023045451551472404 0.058185072133049957 0.11378502286349229
leaf_weight=489.33057364821434 1391.2746325135231 217.80873817205429 64.568500608205795 104.30789974331856 312.73208048939705 297.87825220823288 36.177148371934891 57.825668096542358 120.92892605066299 15.400689661502836 99.717217355966568 75.830386906862259 519.99808382987976 29.005662262439728 19.408990666270256 187.85264137387276 13.229334950447081 182.88831567764282 100.51365503668785 8.7932432442903501 267.27559658885002 134.36110001802444 113.70707440376282 9.6261483430862409 505.13461044430733 28.621973380446434 56.234430819749832 24.195867463946342 71.949732795357704 33.954676508903503
leaf_count=2765 7755 964 285 327 1615 987 148 182 480 54 518 267 1584 95 84 716 59 582 476 31 1400 406 456 32 1529 100 180 90 240 106
internal_value=0.000725504 0.0322867 -0.0318589 0.0561836 -0.00868659 0.0736057 0.0311421 0.0861616 -0.0771752 0.0356897 -0.0227055 0.0566882 0.0948491 -0.00535742 0.0875468 0.0477432 0.102985 0.0739225 -0.0284934 -0.0599626 -0.0696938 0.100295 -0.0011758 0.0554281 0.107168 0.0981908 0.0878424 0.0226321 0.0444505 0.0660949
internal_weight=5590.53 3978.61 1079.89 2898.72 613.686 2285.03 521.463 1763.57 1611.92 258.98 220.646 323.287 1504.59 144.92 189.947 292.161 1172.76 258.719 115.914 321.525 756.606 170.538 331.516 94.8052 1077.95 572.816 114.06 52.8178 85.1791 331.833
internal_count=24513 15760 5299 10461 2689 7772 2058 5714 8753 987 998 1134 4727 625 638 1043 3634 849 530 1646 4165 554 1420 331 3303 1774 362 190 299 1093
is_linear=0
shrinkage=0.1


Tree=18
num_leaves=31
num_cat=0
split_feature=10 0 4 0 0 10 0 10 0 0 0 7 10 0 0 10 0 0 7 0 0 0 12 0 3 10 0 0 0 0
split_gain=1626.41 523.644 300.666 198.322 182.889 141.989 89.9663 149.481 46.1992 37.8853 36.1977 17.6703 15.6326 52.4791 38.745 21.5596 15.3963 13.3129 12.421 10.7147 10.7052 10.5364 12.8391 10.3137 10.257 9.75721 9.58763 9.11355 7.66646 9.2909
threshold=8.5000000000000018 48.500000000000007 8.5000000000000018 36.500000000000007 24.500000000000004 19.500000000000004 44.500000000000007 19.500000000000004 54.500000000000007 33.500000000000007 28.500000000000004 6.5000000000000009 20.500000000000004 37.500000000000007 40.500000000000007 18.500000000000004 53.500000000000007 40.500000000000007 4.5000000000000009 33.500000000000007 32.500000000000007 22.500000000000004 10.500000000000002 38.500000000000007 7.5000000000000009 19.500000000000004 42.500000000000007 41.500000000000007 32.500000000000007 38.500000000000007
decision_type=2 2 2 2 2 2 2 2 2 2 2 2 2 2 2 2 2 2 2 2 2 2 2 2 2 2 2 2 2 2
left_child=9 2 3 20 21 16 10 24 -7 11 -6 -1 14 19 25 18 -3 -5 -16 -14 -2 -4 -23 -11 -8 28 -20 -15 -12 -30
right_child=1 5 4 17 6 8 7 -9 -10 23 12 -13 13 27 15 -17 -18 -19 26 -21 -22 22 -24 -25 -26 -27 -28 -29 29 -31
leaf_value=-0.086618311962779221 -0.083534610275377813 -0.052779037019949397 -0.076825649233548454 0.039551935522866483 0.035155571452176362 0.069722476305405831 0.03613928975627051 0.12104337150155219 -0.049003389510700712 -0.012707027832287682 0.085407312037766026 0.02191437519915242 -0.075667970207793298 0.069800194028978538 0.067594041512259506 0.10562734129656576 -0.086935767864198488 0.09618903842499632 0.055648514836351394 0.011835942121018898 -0.042475421440586074 -0.034930811732350173 0.12774202425563863 0.11357256646940284 -0.0032145697422252873 0.049463876490808849 0.0030991479553268025 0.12150015825469532 0.11189301462098078 0.088729077065870132
leaf_weight=1577.3667488992214 205.21999037265778 308.04204700887203 73.561841577291489 91.465810999274254 162.52005064487457 122.72184592485428 82.65032771229744 150.01334500312805 44.717718213796616 32.019769489765167 270.19534815847874 15.145089924335478 19.614091530442238 72.856532752513885 321.69588568806648 112.26291273534298 230.87452149391174 75.975419461727142 76.918211281299591 48.832639381289482 91.952702715992928 47.392754375934601 5.4051757305860511 8.1047061085700971 333.32702124118805 39.579049214720726 63.28616501390934 64.089758276939392 568.45985552668571 249.00019520521164
leaf_count=8962 1141 1615 391 331 617 404 324 452 227 140 847 69 102 238 1075 352 1328 234 262 202 452 221 25 26 1413 132 239 194 1724 774
internal_value=0.000733114 0.0355648 0.0526389 -0.0217881 0.0651603 -0.0424209 0.0707953 0.0354662 0.0380146 -0.0831682 0.0804585 -0.0855861 0.0843197 0.0582597 0.0874657 0.0663213 -0.0674119 0.0652507 0.0567682 -0.0132392 -0.0708299 -0.0523619 -0.0182772 0.0128001 0.00460463 0.0982357 0.0319285 0.0939954 0.10001 0.104837
internal_weight=5565.27 3932.63 3226.28 464.614 2761.66 706.356 2635.3 565.991 167.44 1632.64 2069.31 1592.51 1906.79 205.393 1701.4 574.163 538.917 167.441 461.9 68.4467 297.173 126.36 52.7979 40.1245 415.977 1127.23 140.204 136.946 1087.66 817.46
internal_count=24513 15316 11742 2158 9584 3574 8947 2189 631 9197 6758 9031 6141 736 5405 1928 2943 565 1576 304 1593 637 246 166 1737 3477 501 432 3345 2498
is_linear=0
shrinkage=0.1


Tree=19
num_leaves=31
num_cat=0
split_feature=0 10 0 0 0 10 0 0 0 3 0 7 0 10 4 6 4 13 0 4 4 4 12 9 3 9 11 11 6 0
split_gain=3624.46 357.063 213.707 174.824 142.219 72.8943 27.1605 22.0353 18.9034 16.7766 16.3098 12.6175 12.3865 13.0695 10.392 8.90458 7.67075 7.71568 7.23207 6.89592 6.81189 6.73438 6.53857 6.02867 5.93784 5.7862 5.19779 4.96986 4.90989 4.82144
threshold=40.500000000000007 19.500000000000004 49.500000000000007 45.500000000000007 35.500000000000007 19.500000000000004 48.500000000000007 54.500000000000007 46.500000000000007 8.5000000000000018 43.500000000000007 3.5000000000000004 38.500000000000007 13.500000000000002 19.500000000000004 8.5000000000000018 11.500000000000002 0.94987468671679209 31.500000000000004 12.500000000000002 24.500000000000004 14.500000000000002 1.5000000000000002 161.91773466371029 4.5000000000000009 132.74868154158219 1.5000000000000002 1.0000000180025095e-35 6.5000000000000009 53.500000000000007
decision_type=2 2 2 2 2 2 2 2 2 2 2 2 2 2 2 2 2 2 2 2 2 2 2 2 2 2 2 2 2 2
left_child=4 3 8 10 18 9 24 21 -3 22 11 16 -11 25 -10 -16 -2 23 -1 -20 -12 -4 26 -18 -5 -14 -6 -23 -19 -8
right_child=1 2 7 6 5 -7 29 -9 14 12 20 -13 13 -15 15 -17 17 28 19 -21 -22 27 -24 -25 -26 -27 -28 -29 -30 -31
leaf_value=-0.088419594745905231 -0.060826757924292867 -0.079584128959672568 -0.0002305301433821814 0.011713467789894745 -0.050832955570750585 -0.089392730205573964 0.12857433689268893 0.12831762778781963 -0.039375126544924838 -0.012817500027720889 0.075228542912733801 0.072233683326507162 -0.028939048962605581 -0.0089893645050275646 0.12357492718487346 -0.020031038527109944 0.12664751131387211 -0.02783231784885834 -0.088184176400763634 -0.059713759186830188 0.12299857142935855 0.1289590022554705 -0.039957216711783941 0.049560579554801615 0.10629462405800552 0.068975750899644764 0.054715441167174243 0.057272164801406726 0.029201915205283164 0.1426721332811369
leaf_weight=2041.856474339962 8.1899713426828367 159.33636184036732 17.666135549545288 6.7431410849094382 6.9737281054258373 148.54857024550438 538.03879618644714 75.61677673459053 51.443229451775551 120.48078866302967 235.46259036660194 142.06588466465473 6.6615486443042746 45.326582446694374 8.4575121551752108 8.8215987831354123 11.505844235420225 17.715433046221733 156.66546426713467 186.17687794566154 34.184629678726196 11.488182470202444 140.38161112368107 85.788246750831604 424.5810658633709 64.195061296224594 14.097309067845343 61.134098216891289 101.99812032282352 441.78093576431274
leaf_count=11821 35 878 70 22 33 827 1615 227 245 562 747 486 25 188 34 37 41 70 895 998 104 39 661 317 1303 242 66 216 381 1328
internal_value=-0.000655704 0.0893268 0.00214203 0.106098 -0.075617 -0.0296126 0.125726 0.0884944 -0.0606765 -0.00730693 0.062609 0.0488972 0.0096483 0.0329451 -0.0168381 0.050259 0.0341754 0.0377608 -0.086163 -0.0727236 0.0812846 0.0551423 -0.0321606 0.0586768 0.104816 0.0597703 0.0197829 0.0686124 0.0207619 0.134931
internal_weight=5373.38 2442.02 393.964 2048.05 2931.36 546.665 1411.14 165.905 228.059 398.117 636.911 367.264 236.664 116.183 68.7223 17.2791 225.198 217.008 2384.7 342.842 269.647 90.2884 161.453 97.2941 431.324 70.8566 21.071 72.6223 119.714 979.82
internal_count=24513 8195 1746 6449 16318 2604 4268 552 1194 1777 2181 1330 1017 455 316 71 844 809 13714 1893 851 325 760 358 1325 267 99 255 451 2943
is_linear=0
shrinkage=0.1


Tree=20
num_leaves=31
num_cat=0
split_feature=0 10 4 0 0 4 0 1 0 9 0 0 0 4 0 0 7 0 3 10 0 11 10 9 4 10 12 9 10 9
split_gain=3487.02 296.28 146.675 145.701 125.4 61.53 27.2512 17.7252 17.3977 10.3636 10.1337 8.66486 7.457 8.58213 7.32594 7.28959 6.65203 6.34498 6.34322 5.96528 5.80181 5.24133 5.70996 5.05987 4.85463 4.75769 4.68599 5.63927 6.33822 5.04885
threshold=25.500000000000004 7.5000000000000009 8.5000000000000018 29.500000000000004 21.500000000000004 10.500000000000002 19.500000000000004 1.5000000000000002 23.500000000000004 282.8497756410257 18.500000000000004 12.500000000000002 31.500000000000004 5.5000000000000009 14.500000000000002 27.500000000000004 -1.0000000180025095e-35 15.500000000000002 3.5000000000000004 5.5000000000000009 19.500000000000004 4.5000000000000009 21.500000000000004 322.07002314814821 11.500000000000002 6.5000000000000009 3.5000000000000004 374.04469362745107 1.0000000180025095e-35 338.80157407407415
decision_type=2 2 2 2 2 2 2 2 2 2 2 2 2 2 2 2 2 2 2 2 2 2 2 2 2 2 2 2 2 2
left_child=1 4 7 5 10 9 17 11 -6 -2 -1 -3 13 -5 -9 18 -13 -4 26 -7 -18 -17 -23 -10 -8 -12 27 28 -11 -28
right_child=3 2 6 12 8 19 24 14 23 15 25 16 -14 -15 -16 21 20 -19 -20 -21 -22 22 -24 -25 -26 -27 29 -29 -30 -31
leaf_value=0.12029311470857876 -0.037556242208684476 0.11382045999584778 0.080789888076555211 -0.027058874175639985 0.074163184468932164 -0.028748564022039593 -0.046775660703549028 0.079367057914077832 0.02512363298174209 0.12322162171091167 0.10694124852465543 0.074498174870818668 -0.088559870787351225 -0.079156065138603099 -0.00083910367846818594 -0.028896599945916198 0.053111483524856708 -0.0055954362572965257 -0.0061708911259362219 -0.088232085721434622 -0.010256343706752496 -0.0081135208891163976 0.078836253301716785 0.053214911993008297 -0.083698901503979461 0.080214884579103557 0.049145117377995262 0.13536315481125061 0.0055270716693172663 -0.0057218284874463836
leaf_weight=887.20069009065628 65.785718530416489 36.814359813928604 10.398490965366362 40.692432969808578 334.05819502472878 19.45999850332737 55.096669182181358 13.964070528745649 124.9280277043581 6.552703917026526 566.70591658353806 146.14651076495647 2244.1527630984783 141.83120489120483 61.731034994125366 71.065660640597343 66.128820031881332 46.633617594838142 55.404207870364189 126.14623679220676 18.488110363483429 25.202300354838371 10.784478366374968 131.73400673270226 100.67364066839218 75.477605074644089 33.142174795269966 8.9499693810939771 15.165669769048689 33.953464031219482
leaf_count=2765 287 111 32 193 1007 87 275 42 427 24 1731 463 12692 753 227 322 212 190 224 689 73 113 46 435 530 230 123 31 55 124
internal_value=-0.00109488 0.0812125 0.0162436 -0.0770946 0.0982529 -0.0262349 -0.0489858 0.0566807 0.0591205 -0.00209546 0.113368 0.0687667 -0.086979 -0.0675413 0.0139572 0.00686929 0.0615792 0.0101549 0.0208618 -0.0802822 0.0392661 -0.0131508 0.0179435 0.0395417 -0.070639 0.1038 0.0361816 0.0685643 0.041037 0.0213799
internal_weight=5574.47 2676.18 556.075 2898.29 2120.1 471.613 212.802 343.273 590.72 326.006 1529.38 267.578 2426.68 182.524 75.6951 260.221 230.763 57.0321 153.168 145.606 84.6169 107.052 35.9868 256.662 155.77 642.184 97.764 30.6683 21.7184 67.0956
internal_count=24513 8750 2155 15763 6595 2125 1027 1128 1869 1349 4726 859 13638 946 269 1062 748 222 581 776 285 481 159 862 805 1961 357 110 79 247
is_linear=0
shrinkage=0.1


Tree=21
num_leaves=31
num_cat=0
split_feature=0 0 10 4 0 0 10 10 4 0 0 10 0 0 0 10 0 3 4 0 3 6 10 10 0 10 0 10 0 10
split_gain=1171.66 473.325 301.79 250.95 147.176 88.2063 74.5036 71.1039 57.261 43.9328 40.851 31.9651 28.4516 28.1184 21.5698 20.5422 18.3136 15.876 13.4046 12.8863 10.9824 10.9411 10.8988 10.2161 9.20012 9.0092 8.43941 8.31118 7.8156 7.60714
threshold=39.500000000000007 20.500000000000004 7.5000000000000009 15.500000000000002 32.500000000000007 23.500000000000004 20.500000000000004 6.5000000000000009 12.500000000000002 31.500000000000004 43.500000000000007 19.500000000000004 15.500000000000002 26.500000000000004 35.500000000000007 21.500000000000004 25.500000000000004 6.5000000000000009 9.5000000000000018 18.500000000000004 3.5000000000000004 3.5000000000000004 19.500000000000004 19.500000000000004 34.500000000000007 8.5000000000000018 22.500000000000004 8.5000000000000018 12.500000000000002 6.5000000000000009
decision_type=2 2 2 2 2 2 2 2 2 2 2 2 2 2 2 2 2 2 2 2 2 2 2 2 2 2 2 2 2 2
left_child=1 2 19 5 16 7 -2 26 13 21 -8 25 28 20 -15 27 -5 -14 -16 29 -7 -10 24 -20 -6 -11 -3 -9 -4 -1
right_child=6 3 12 4 22 8 10 15 9 11 -12 -13 17 14 18 -17 -18 -19 23 -21 -22 -23 -24 -25 -26 -27 -28 -29 -30 -31
leaf_value=-0.083423473229486164 -0.083784594259408457 -0.011073807834676277 -0.042103747323722483 0.094981016026679743 -0.029683555431440418 0.049205551281228437 0.018233806662243026 0.067313753617165115 0.099017715127390549 0.093200992440543917 -0.069932830713955785 0.077672664636771749 0.05240891513488475 0.1001214939222525 0.080725183799342404 -0.021429613494495216 0.030882908484639787 0.11002712811057258 -0.036327396877118563 -0.048015822220721822 0.079223825871247489 0.043336285344768043 0.051614590639202235 0.051754888151366189 -0.070285810513649474 -0.050878758551859582 0.022641841725589598 0.11136401718871387 0.022037303169056069 -0.051983036956379028
leaf_weight=345.08729863166809 1273.0335275232792 212.54319866001606 27.397253513336182 54.682487547397614 75.056300297379494 254.52145314216614 121.15588596463203 89.173940718173981 67.323897510766983 4.5799589604139319 92.809815317392349 29.104834899306297 170.19556969404221 816.35442131757736 150.62952679395676 18.8786830753088 241.12988279759884 66.508651614189148 18.615033999085426 249.63713452219963 233.86648431420326 74.162536233663559 9.0393195748329145 44.996808037161827 217.6093605607748 82.800218433141708 114.09597404301167 82.418932467699051 61.960775911808014 99.043546319007874
leaf_count=2152 7755 964 131 165 390 820 480 306 213 15 518 93 555 2481 469 84 878 201 82 1400 731 246 31 144 1225 420 456 248 247 613
internal_value=0.000949913 0.0296747 -0.0289009 0.0503337 -0.00738997 0.0653685 -0.0746079 0.0290194 0.0759464 0.032387 -0.0200094 -0.0130941 0.0504488 0.0833442 0.0927102 0.0775789 0.0427318 0.0685984 0.0644701 -0.0661943 0.0635799 0.0698313 -0.0565328 0.025979 -0.0598731 -0.0433269 0.000703163 0.0884718 0.0023716 -0.0764121
internal_weight=5398.41 3911.41 1019.83 2891.58 597.517 2294.07 1487 517.111 1776.96 257.971 213.966 116.485 326.062 1518.98 1030.6 190.472 295.812 236.704 214.241 693.768 488.388 141.486 301.705 63.6118 292.666 87.3802 326.639 171.593 89.358 444.131
internal_count=24513 15760 5299 10461 2689 7772 8753 2058 5714 987 998 528 1134 4727 3176 638 1043 756 695 4165 1551 459 1646 226 1615 435 1420 554 378 2765
is_linear=0
shrinkage=0.1


Tree=22
num_leaves=31
num_cat=0
split_feature=10 0 4 0 10 0 0 10 0 0 0 10 4 0 0 10 10 2 0 0 10 6 0 0 12 0 9 10 7 13
split_gain=1388.27 408.093 236.491 158.604 121.16 119.411 57.1733 117.3 35.793 35.2937 28.9999 22.7876 20.6811 40.1197 22.6512 27.6967 23.9733 17.8612 15.9126 12.6632 12.6555 12.5022 11.1694 10.741 10.133 9.5385 9.53736 9.5086 8.79493 8.32263
threshold=8.5000000000000018 48.500000000000007 7.5000000000000009 24.500000000000004 19.500000000000004 35.500000000000007 44.500000000000007 19.500000000000004 33.500000000000007 54.500000000000007 29.500000000000004 17.500000000000004 10.500000000000002 37.500000000000007 39.500000000000007 19.500000000000004 18.500000000000004 6.5000000000000009 51.500000000000007 42.500000000000007 19.500000000000004 3.5000000000000004 40.500000000000007 22.500000000000004 10.500000000000002 33.500000000000007 315.80716911764711 18.500000000000004 4.5000000000000009 0.41428571428571431
decision_type=2 2 2 2 2 2 2 2 2 2 2 2 2 2 2 2 2 2 2 2 2 2 2 2 2 2 2 2 2 2
left_child=8 2 5 23 18 -2 10 27 17 -6 11 21 13 20 15 -14 19 -1 -3 -16 -12 -5 -7 -4 -25 -17 -10 29 -21 -8
right_child=1 4 3 6 9 22 7 -9 26 -11 12 -13 14 -15 16 25 -18 -19 -20 28 -22 -23 -24 24 -26 -27 -28 -29 -30 -31
leaf_value=-0.084802876626551726 -0.076364049058853647 -0.041484645595671388 -0.074586837562406486 0.017621356306796194 0.061158246009573973 0.020194439904297236 0.072274237926427384 0.10751553147454625 0.065197336419347593 -0.044754513949773832 0.081316697683025407 -0.090664636484287978 0.091654313642293955 0.082305316225769934 0.065181912615966994 -0.070629157177127297 0.093904744063679935 0.016492423044022347 -0.078187203655794776 0.047459980394117668 -0.032314552548013895 0.064982666151287616 0.078221103876043349 -0.031652993025182423 0.10732261898812263 0.041191156571749793 -0.033084151432964587 0.043669464810701837 0.0032830314115564726 -0.0035877515009971328
leaf_weight=1435.0728674083948 215.8294271081686 194.0881307721138 77.524754256010056 100.43551567196846 125.36124010384083 90.061853304505348 15.102701008319853 155.9301116168499 18.480805426836014 42.005545109510422 11.594635769724844 13.326792761683462 897.28637355566025 98.676170408725739 363.34639817476273 8.6239618659019452 198.95757360756397 17.621042117476463 301.82377727329731 157.27117055654526 63.369437679648399 125.23582795262337 52.515145391225815 47.494975090026855 5.8979113548994055 66.087280943989754 21.200897261500359 56.873865440487862 63.164629086852074 340.60414120554924
leaf_count=8952 1269 1052 445 360 404 348 62 471 72 227 40 73 2705 309 1151 43 611 79 1891 534 310 443 159 232 26 236 94 231 239 1445
internal_value=0.000975749 0.0324431 0.0471343 0.0567088 -0.0389934 -0.02945 0.0618541 0.0336284 -0.0810146 0.0345764 0.0692578 0.0364007 0.0733301 0.0404092 0.0765878 0.0867834 0.0639269 -0.0835742 -0.0638227 0.0537102 -0.0147393 0.0439044 0.0415673 -0.050816 -0.0163014 0.0282837 0.0126881 0.00570357 0.0348013 -0.000366782
internal_weight=5380.86 3888.49 3225.21 2866.8 663.279 358.406 2735.89 568.511 1492.38 167.367 2167.38 238.998 1928.38 173.64 1754.74 971.998 782.74 1452.69 495.912 583.782 74.9641 225.671 142.577 130.918 53.3929 74.7112 39.6817 412.581 220.436 355.707
internal_count=24513 15316 11742 9966 3574 1776 9263 2209 9197 631 7054 876 6178 659 5519 2984 2535 9031 2943 1924 350 803 507 703 258 279 166 1738 773 1507
is_linear=0
shrinkage=0.1


Tree=23
num_leaves=31
num_cat=0
split_feature=0 10 0 0 0 10 0 0 3 0 10 0 7 3 0 0 4 12 3 4 4 9 13 10 12 4 8 9 11 8
split_gain=2979.71 270 174.767 145.173 141.427 69.1561 28.1234 24.382 14.7484 10.6626 13.4085 10.3067 9.29009 8.50621 8.08137 7.68041 7.49359 8.75684 7.15554 7.11159 6.45368 6.93857 6.94546 6.29554 5.85708 5.01219 4.61781 4.96763 4.44577 4.37833
threshold=40.500000000000007 19.500000000000004 48.500000000000007 47.500000000000007 35.500000000000007 19.500000000000004 43.500000000000007 52.500000000000007 8.5000000000000018 37.500000000000007 13.500000000000002 46.500000000000007 3.5000000000000004 12.500000000000002 51.500000000000007 31.500000000000004 19.500000000000004 4.5000000000000009 5.5000000000000009 12.500000000000002 11.500000000000002 272.0478070175439 0.94987468671679209 18.500000000000004 1.5000000000000002 18.500000000000004 0.15319426336375488 198.92840654608099 1.5000000000000002 0.31622807017543858
decision_type=2 2 2 2 2 2 2 2 2 2 2 2 2 2 2 2 2 2 2 2 2 2 2 2 2 2 2 2 2 2
left_child=4 3 11 6 15 8 12 18 24 -10 -11 -3 20 23 -5 -1 -13 -18 -4 -17 -2 22 25 -8 28 29 27 -26 -6 -22
right_child=1 2 7 14 5 -7 13 -9 9 10 -12 16 -14 -15 -16 19 17 -19 -20 -21 21 -23 -24 -25 26 -27 -28 -29 -30 -31
leaf_value=-0.086750754057901794 -0.057856797614419246 -0.077150573206489048 -0.01007604704398779 0.10881624323755823 -0.047391859061417879 -0.087773336013071412 0.077587537264657613 0.10343423475089678 -0.021273243860803554 0.046765679708369236 -0.01294318277474475 -0.045195654357401027 0.06337114478847318 0.103307609941301 0.12598545905208811 -0.086467582212486946 -0.04211257896800813 0.13738228466226177 0.052069644523772045 -0.056414158083934032 0.019390433723554989 0.12947509755430217 0.014501535030834256 0.043538583889084478 -0.04752129688037831 0.07726429095110636 -0.043021662678719791 0.069903556321135901 0.051520443539627182 0.097891425523305181
leaf_weight=1860.0297620147467 7.87640157341957 147.05816277861595 28.342975065112114 494.05337700247765 6.6509844213724163 136.66323217749596 388.64962702989578 104.49676895141602 72.016756385564804 102.99780978262424 59.242433667182922 36.833476930856705 146.22318504750729 114.85689973831177 615.91469237208366 143.1455475538969 5.3383312970399839 5.5371487736701965 53.500927567481995 174.99012283980846 47.232113674283028 7.3974396288394919 116.36065563559532 63.122891753911972 6.5927530825138074 41.068029582500458 120.36570796370506 7.943605825304985 14.344549670815466 8.3628892749547941
leaf_count=11821 35 878 119 1490 33 827 1194 320 358 400 259 190 486 347 1891 895 23 24 192 998 174 25 436 197 32 143 591 38 66 31
internal_value=-0.000832168 0.0794841 0.00218913 0.0938459 -0.0730497 -0.0265556 0.0649542 0.0714215 -0.00511223 0.0107487 0.0249628 -0.064048 0.0436916 0.079008 0.118343 -0.084295 -0.0236605 0.0492755 0.0305483 -0.0699367 0.031087 0.0342653 0.030959 0.0728301 -0.0289453 0.0507702 -0.036592 0.0166472 0.0201869 0.031199
internal_weight=5137.21 2432.23 381.108 2051.12 2704.98 526.818 941.15 186.341 390.155 234.257 162.24 194.767 374.521 566.629 1109.97 2178.17 47.709 10.8755 81.8439 318.136 228.298 220.421 213.024 451.773 155.898 96.663 134.902 14.5364 20.9955 55.595
internal_count=24513 8195 1746 6449 16318 2604 3068 631 1777 1017 659 1115 1330 1738 3381 13714 237 47 311 1893 844 809 784 1391 760 348 661 70 99 205
is_linear=0
shrinkage=0.1


Tree=24
num_leaves=31
num_cat=0
split_feature=0 3 0 0 10 10 4 10 10 0 0 10 1 0 0 9 11 0 13 9 0 8 4 3 0 10 0 0 9 2
split_gain=2894.32 266.732 147.079 76.2938 65.1032 42.5721 41.1198 24.645 24.5783 18.0591 17.6353 17.5619 14.0192 9.67231 7.73112 7.31803 7.30972 7.26582 7.13039 6.23768 5.78092 5.42639 6.10308 5.31222 5.61175 5.02297 6.21092 4.79055 4.74915 4.95764
threshold=26.500000000000004 6.5000000000000009 21.500000000000004 30.500000000000004 7.5000000000000009 7.5000000000000009 11.500000000000002 6.5000000000000009 21.500000000000004 23.500000000000004 16.500000000000004 7.5000000000000009 1.5000000000000002 19.500000000000004 23.500000000000004 282.8497756410257 1.0000000180025095e-35 18.500000000000004 0.62828947368421062 410.52061403508782 25.500000000000004 0.22933743169398904 3.5000000000000004 3.5000000000000004 27.500000000000004 6.5000000000000009 16.500000000000004 20.500000000000004 448.9585294117648 1.5000000000000002
decision_type=2 2 2 2 2 2 2 2 2 2 2 2 2 2 2 2 2 2 2 2 2 2 2 2 2 2 2 2 2 2
left_child=1 2 4 6 13 14 15 9 11 28 -7 -9 19 25 -3 -2 18 -14 -11 -6 -10 -18 -23 24 -17 -1 -27 -12 29 -4
right_child=3 5 7 -5 12 10 -8 8 20 16 27 -13 17 -15 -16 23 21 -19 -20 -21 -22 22 -24 -25 -26 26 -28 -29 -30 -31
leaf_value=0.11224704239552426 -0.047062110057761689 0.074283692873315807 0.0847976359951092 -0.086018795469334525 0.0591709993381914 0.053255557197224204 -0.084772318113273348 0.019485056454174629 0.066677334821615031 0.15178409666818776 -0.037800896683356733 -0.068594511936032998 0.036049317381217735 0.090422342839683978 -0.0035134528533331574 0.035194656584025451 0.045168743407981493 -0.030853584468737944 0.0520628722515388 0.11226384425694352 0.0057797073908374651 0.078876324470186138 0.010205042646157908 -0.029006282823532254 -0.0089726634407214078 0.10901835346022302 0.074358352177700218 -0.078247287104268926 -0.0020444346443274377 0.058445061312592417
leaf_weight=839.1391676068306 59.324061989784241 31.992701530456543 147.94009643793106 2135.8530012816191 197.25087071955204 12.902826786041258 128.80206990242004 43.35055585205555 56.805824503302574 9.3000144809484464 38.799232646822929 47.376375094056129 52.54048091173172 396.05522844195366 21.263446718454361 41.246652290225029 121.1027188450098 23.490422397851944 31.311518460512161 24.924617916345596 21.483549520373344 14.301040560007094 136.17860512435436 73.203482702374458 95.079474672675133 128.97042354941368 86.294209718704224 119.40345920622349 8.912747770547865 137.96265929937363
leaf_count=2740 294 99 444 13189 645 42 748 138 178 31 183 233 177 1230 79 157 411 101 103 77 79 47 473 353 445 421 277 678 27 414
internal_value=-0.00142631 0.0696329 0.0789186 -0.078531 0.0949975 -0.0348574 -0.0383135 0.0426871 0.00891487 0.0520907 -0.0591594 -0.0265089 0.0524434 0.103746 0.0432218 -0.0160561 0.0353291 0.0153791 0.074899 0.0651272 0.0499663 0.029412 0.0167313 -0.00727733 0.00439054 0.108751 0.095124 -0.0683278 0.0698402 0.0720812
internal_weight=5282.56 2749.05 2524.69 2533.51 1748.67 224.362 397.656 776.026 169.016 607.009 171.106 90.7269 298.206 1450.46 53.2561 268.854 312.194 76.0309 40.6115 222.175 78.2894 271.582 150.48 209.53 136.326 1054.4 215.265 158.203 294.816 285.903
internal_count=24513 9327 8246 15186 5668 1081 1997 2578 628 1950 903 371 1000 4668 178 1249 1065 278 134 722 257 931 520 955 602 3438 698 861 885 858
is_linear=0
shrinkage=0.1


Tree=25
num_leaves=31
num_cat=0
split_feature=0 0 10 4 0 10 0 10 4 0 0 10 0 7 0 10 0 0 10 9 10 0 10 0 3 6 1 11 10 9
split_gain=1000.75 367.109 251.615 193.107 123.006 73.511 63.7626 53.0555 42.7607 36.5954 33.8686 25.7583 22.847 22.5318 17.5412 15.9932 14.142 13.4123 13.0914 10.9322 17.8426 9.82515 9.24727 9.02315 8.84085 8.57435 8.31643 7.6675 7.39389 7.32206
threshold=39.500000000000007 20.500000000000004 7.5000000000000009 15.500000000000002 32.500000000000007 20.500000000000004 23.500000000000004 6.5000000000000009 12.500000000000002 43.500000000000007 31.500000000000004 19.500000000000004 26.500000000000004 -1.0000000180025095e-35 35.500000000000007 21.500000000000004 27.500000000000004 17.500000000000004 6.5000000000000009 287.21704857030949 19.500000000000004 14.500000000000002 19.500000000000004 34.500000000000007 1.5000000000000002 3.5000000000000004 2.5000000000000004 5.5000000000000009 8.5000000000000018 221.55425925925928
decision_type=2 2 2 2 2 2 2 2 2 2 2 2 2 2 2 2 2 2 2 2 2 2 2 2 2 2 2 2 2 2
left_child=1 2 17 6 16 -2 7 -3 12 -7 25 28 24 21 -14 -9 -5 -1 -19 20 -16 -4 23 -6 -8 -10 -15 -23 -12 -26
right_child=5 3 13 4 22 9 8 15 10 -11 11 -13 14 26 19 -17 -18 18 -20 -21 -22 27 -24 -25 29 -27 -28 -29 -30 -31
leaf_value=-0.077590048784547519 -0.081952284915960225 0.0026129067210222093 -0.033469656068862118 0.067859167153914046 -0.026203384456898505 0.018094640182500742 0.023035607360383015 0.078848239397825204 0.087523909091755989 -0.067089392226543573 0.082261175972252451 0.068649375076790073 0.089098713118230921 0.051886893000973412 -0.058442518438849678 -0.019089756376222042 0.022450941948166419 -0.056556748486809451 0.0016378618743752901 0.082293754553011009 0.052500946242150348 0.043958932879450546 0.045144037215345018 -0.067414660755003575 0.11374067274186089 0.038518556543600001 0.095619615958509846 -0.041455207629899883 -0.047228225849658224 0.058257288778408661
leaf_weight=310.35642312467098 1162.3739454299212 321.68678343296051 36.787082836031914 107.05931589007378 72.082230821251869 121.21249362826347 69.290408849716187 171.11075235903263 68.265725582838058 86.366731539368629 4.6724276244640341 29.632740169763565 807.4401026815176 154.41343076527119 16.856099188327789 18.473881036043167 190.86025063693523 279.73542436957359 44.854811146855354 95.364133030176163 103.54483529925346 62.526657789945602 9.2379503995180112 202.04854848980904 25.287151426076889 74.852602750062943 60.528465822339058 12.633247584104536 78.40825879573822 400.46044826507568
leaf_count=2139 7755 1420 177 327 390 480 222 554 213 518 15 93 2481 513 77 84 716 1750 276 296 322 211 31 1225 77 246 189 44 420 1252
internal_value=0.00118469 0.027431 -0.026028 0.045368 -0.00609482 -0.0721632 0.0584577 0.0273429 0.0674247 -0.0173476 0.029604 -0.0113958 0.0737977 0.0452551 0.0823303 0.0693048 0.0387687 -0.0627266 -0.0485149 0.0570016 0.0369689 0.00887599 -0.053262 -0.0565782 0.0561615 0.0618935 0.0642022 0.0296021 -0.0399458 0.0615527
internal_weight=5198.42 3828.47 961.836 2866.63 581.288 1369.95 2285.35 511.271 1774.07 207.579 255.832 112.713 1518.24 326.889 1023.21 189.585 297.92 634.947 324.59 215.765 120.401 111.947 283.369 274.131 495.038 143.118 214.942 75.1599 83.0807 425.748
internal_count=24513 15760 5299 10461 2689 8753 7772 2058 5714 998 987 528 4727 1134 3176 638 1043 4165 2026 695 399 432 1646 1615 1551 459 702 255 435 1329
is_linear=0
shrinkage=0.1


Tree=26
num_leaves=31
num_cat=0
split_feature=10 0 4 0 10 0 0 10 0 0 0 2 0 4 0 0 10 10 10 10 0 3 0 3 12 0 0 9 0 9
split_gain=1188.9 317.587 187.229 124.495 103.369 102.848 41.1571 88.5777 34.0047 27.4214 22.7631 17.2795 16.6699 16.4634 32.109 16.205 21.1663 18.4868 12.081 11.7359 10.3485 9.9472 9.38688 8.69038 8.5069 8.4098 8.10588 7.89225 7.46028 7.26542
threshold=8.5000000000000018 48.500000000000007 7.5000000000000009 24.500000000000004 19.500000000000004 35.500000000000007 44.500000000000007 19.500000000000004 33.500000000000007 54.500000000000007 28.500000000000004 6.5000000000000009 53.500000000000007 10.500000000000002 37.500000000000007 39.500000000000007 19.500000000000004 18.500000000000004 19.500000000000004 20.500000000000004 22.500000000000004 11.500000000000002 33.500000000000007 14.500000000000002 10.500000000000002 47.500000000000007 40.500000000000007 318.48066603535364 32.500000000000007 265.02321078431379
decision_type=2 2 2 2 2 2 2 2 2 2 2 2 2 2 2 2 2 2 2 2 2 2 2 2 2 2 2 2 2 2
left_child=8 2 5 20 12 -2 10 23 11 -6 19 -1 -3 14 18 16 28 21 -12 -5 -4 -17 -18 25 -22 29 -7 -10 -15 -8
right_child=1 4 3 6 9 26 7 -9 27 -11 13 -13 -14 15 -16 17 22 -19 -20 -21 24 -23 -24 -25 -26 -27 -28 -29 -30 -31
leaf_value=-0.083087707847670333 -0.07392112303043985 -0.044257477673111445 -0.071989306927140465 0.032529408369803496 0.054454215287088249 0.01901833818720728 0.015784994288786613 0.096007815254215145 0.053940028935398676 -0.040821895685363208 0.07484627857137581 0.016762202845660185 -0.083129563672291726 0.065562896508496019 0.072678166262313146 0.055243761490573244 -0.070966192505612841 0.082847267330125096 -0.03131826934253501 -0.088106954894380862 -0.028210887028767308 0.025541207716873501 0.037613789030475311 -0.043658371620699493 0.097000060923082526 -0.017620267702077287 0.068332488157436561 -0.035913280747614365 0.085075701880100704 0.099488865367412332
leaf_weight=1304.338896766305 199.07789428532124 268.05465400218964 71.682385712862015 163.66523200273514 126.9951229095459 90.381409913301468 286.19334737956524 153.10775136947632 21.23375141620636 39.636016860604286 12.889944449067114 17.564899057149887 187.48012542724609 273.93183505535126 99.724990010261536 439.99469198286533 9.0361564457416517 199.29928953945637 63.635203748941422 8.4821137934923154 45.691148191690445 151.59581850469112 66.97809661924839 31.460588306188583 6.1573022305965415 80.51238089799881 52.805953234434128 18.114871680736542 688.16128930449486 10.759641110897062
leaf_count=8952 1269 1615 445 598 404 348 1153 471 81 227 44 79 1328 832 309 1404 47 611 327 51 232 520 236 145 26 400 159 85 2075 40
internal_value=0.00123119 0.0297784 0.0424696 0.0508262 -0.0356033 -0.0274313 0.0552544 0.0311287 -0.0790341 0.0317912 0.0614818 -0.0817609 -0.0602557 0.0644776 0.0352888 0.0672904 0.0755063 0.0565064 -0.0134358 0.0265854 -0.0473736 0.0476324 0.0247064 0.00683707 -0.0133414 0.0110457 0.0372049 0.0125744 0.0795199 0.0188179
internal_weight=5188.64 3827.39 3205.22 2862.96 622.166 342.265 2739.43 562.034 1361.25 166.631 2177.39 1321.9 455.535 2005.25 176.25 1829 1038.11 790.89 76.5251 172.147 123.531 591.591 76.0143 408.926 51.8485 377.465 143.187 39.3486 962.093 296.953
internal_count=24513 15316 11742 9966 3574 1776 9263 2209 9197 631 7054 9031 2943 6405 680 5725 3190 2535 371 649 703 1924 283 1738 258 1593 507 166 2907 1193
is_linear=0
shrinkage=0.1


Tree=27
num_leaves=31
num_cat=0
split_feature=0 0 10 0 10 10 0 0 3 10 0 7 0 3 10 3 3 8 8 4 13 9 1 0 8 13 0 12 6 5
split_gain=2469.54 252.171 244.229 86.9557 48.0787 43.4248 29.3656 28.4522 11.5488 10.5286 9.37277 9.16479 8.1257 7.67187 6.9184 9.15806 6.79453 5.81265 5.40547 5.24233 5.20278 5.27388 5.00031 5.05189 4.78262 5.15519 4.5592 4.50669 4.45194 4.30679
threshold=39.500000000000007 47.500000000000007 19.500000000000004 34.500000000000007 19.500000000000004 19.500000000000004 42.500000000000007 52.500000000000007 9.5000000000000018 18.500000000000004 37.500000000000007 4.5000000000000009 51.500000000000007 7.5000000000000009 13.500000000000002 6.5000000000000009 12.500000000000002 0.21294035577258458 0.31866537717601556 15.500000000000002 0.43650793650793651 286.16530388471193 3.5000000000000004 41.500000000000007 0.19657494145199064 0.94987468671679209 44.500000000000007 1.5000000000000002 8.5000000000000018 6.5000000000000009
decision_type=2 2 2 2 2 2 2 2 2 2 2 2 2 2 2 2 2 2 2 2 2 2 2 2 2 2 2 2 2 2
left_child=3 2 6 -1 12 10 8 13 24 16 19 -4 -3 -6 15 -12 20 29 -11 -5 28 26 23 -19 25 -2 -22 -17 -8 -10
right_child=1 4 11 5 7 -7 9 -9 17 18 14 -13 -14 -15 -16 27 -18 22 -20 -21 21 -23 -24 -25 -26 -27 -28 -29 -30 -31
leaf_value=-0.08371218884915399 0.065670839446506923 0.097857250443769306 -0.07505368441112853 -0.062561917683613633 -0.0038287828038131204 -0.086222615557804139 0.060546487117346386 0.092578338755373926 0.013063044653241826 0.040398215686955299 -0.066323716775161884 0.059112408331906313 0.11532963178641072 0.050371925800127282 -0.023079336886166979 0.098809284229947336 0.091098038049992724 0.022868492226621753 -0.05276184786223214 -0.022751671762809265 0.0567049047651546 -0.012206780476483717 0.088183913616209419 0.076835267383095568 -0.0003910424889066783 0.0069132505033366685 0.077081061748018098 0.022121585488869677 -0.024414375182047778 0.08953108376711863
leaf_weight=1909.3943834528327 28.286854162812233 484.62375873327255 177.19707508385181 44.318260595202446 61.857761546969414 122.74945731461048 13.069382280111315 103.53312677145004 53.440262258052826 78.784484714269638 11.178674057126043 5.2420134693384162 590.4713160097599 45.195832818746567 70.515101507306099 8.5688388645648939 126.83328047394753 41.788966059684753 6.7630136609077445 130.41542086005211 183.07121169567108 8.1545405685901624 43.794345676898956 29.655819714069366 111.24565915763378 31.627268254756927 274.40640145540237 72.50034062564373 11.678891927003859 8.5427462160587293
leaf_count=13257 108 1490 1134 275 272 816 41 320 186 249 54 26 1891 159 346 35 384 144 22 676 594 26 144 94 447 127 828 301 37 30
internal_value=-0.00102521 0.0679045 0.0356052 -0.0743073 0.098895 -0.0352897 0.0541423 0.0552014 0.0304032 0.0659106 -0.0167651 -0.0711987 0.107454 0.0190536 0.000501652 0.0185272 0.0704674 0.0482962 0.0330334 -0.0328489 0.0651315 0.0675061 0.0615782 0.0452694 0.0118764 0.0346541 0.068927 0.0302273 0.0204528 0.0236022
internal_weight=4888.9 2519.26 1233.58 2369.64 1285.68 460.246 1051.14 210.587 348.382 702.761 337.497 182.439 1075.1 107.054 162.763 92.2479 617.214 177.222 85.5475 174.734 490.38 465.632 115.239 71.4448 171.16 59.9141 457.478 81.0692 24.7483 61.983
internal_count=24513 8753 4621 15760 4132 2503 3461 751 1280 2181 1687 1160 3381 431 736 390 1910 598 271 951 1526 1448 382 238 682 235 1422 336 78 216
is_linear=0
shrinkage=0.1


Tree=28
num_leaves=31
num_cat=0
split_feature=0 4 0 0 10 10 4 2 10 10 0 10 0 0 0 8 9 0 9 11 3 9 7 13 11 0 9 3 0 12
split_gain=2422.48 215.223 115.551 78.7079 69.7702 44.4336 40.5802 15.4836 15.4044 18.3384 12.4573 12.1991 10.2224 10.0504 9.9112 7.80143 7.77195 7.2397 6.69794 6.41661 6.39773 5.9772 5.60174 5.32236 6.0455 4.9624 4.8284 4.74954 4.73549 4.6876
threshold=26.500000000000004 10.500000000000002 21.500000000000004 30.500000000000004 7.5000000000000009 7.5000000000000009 11.500000000000002 1.5000000000000002 6.5000000000000009 21.500000000000004 24.500000000000004 7.5000000000000009 21.500000000000004 17.500000000000004 19.500000000000004 0.29289318755256516 177.55267434988181 24.500000000000004 282.8497756410257 1.0000000180025095e-35 3.5000000000000004 480.64579124579126 -1.0000000180025095e-35 1.1622807017543864 1.5000000000000002 12.500000000000002 285.00504385964916 3.5000000000000004 27.500000000000004 3.5000000000000004
decision_type=2 2 2 2 2 2 2 2 2 2 2 2 2 2 2 2 2 2 2 2 2 2 2 2 2 2 2 2 2 2
left_child=1 2 4 6 14 17 18 25 10 11 20 -10 23 15 -1 -9 -15 -3 -2 -12 21 -4 -18 24 -7 -6 -21 28 29 -20
right_child=3 5 8 -5 7 12 -8 13 9 -11 19 -13 -14 16 -16 -17 22 -19 27 26 -22 -23 -24 -25 -26 -27 -28 -29 -30 -31
leaf_value=0.10125467288177387 -0.043056974844591513 0.055126366282517963 0.068796607416989106 -0.084424224402727205 0.10536063369472566 -0.081288651630215744 -0.083009183752688856 0.06220819943205376 0.017282074531433995 0.04644315857800245 0.072237307711238694 -0.059412721820874037 -0.08216681255171053 0.11889868533350828 0.082299807854733051 0.00066743476468355601 0.041673760812792116 -0.022929208741930232 0.08263808712844406 -0.020843237147983695 0.041013597355298553 -0.027982567027906413 -0.030345531304829171 -0.06241461294513765 0.032718587152586728 0.05856379156754226 0.025441658913918204 -0.025107603774389149 -0.0055660698146933682 0.011237067315477007
leaf_weight=993.74785938858986 56.150602847337723 48.144653171300888 245.46239066123962 1947.0595388486981 27.90242213010788 6.1217768788337734 118.86252722144127 68.2588100284338 41.716076374053955 79.129588514566422 24.668648064136505 41.244359970092773 99.662983015179634 4.6388178616762152 381.85904815793037 29.502280130982399 13.700636029243467 15.776436969637869 13.835550248622893 27.30535800755024 166.36838757991791 6.5520082414150229 51.012693926692009 21.279645353555679 19.362635418772697 120.60480405390263 129.10400454699993 70.217829152941704 92.358467370271683 27.412524446845055
leaf_count=3442 294 153 751 13189 88 30 748 218 133 260 81 205 625 21 1225 96 51 65 51 102 510 20 219 106 94 380 452 353 445 106
internal_value=-0.00174706 0.063374 0.0716991 -0.0763099 0.0862639 -0.0337011 -0.034606 0.0438607 0.0393539 0.0120028 0.0467495 -0.0208473 -0.0640678 0.0229811 0.0959929 0.0436365 -0.00613537 0.0358614 -0.0124757 0.0248373 0.0562332 0.0662805 -0.0150981 -0.0254955 0.00533216 0.0673563 0.0173614 -0.00405101 0.00701542 0.0351866
internal_weight=4989.02 2663.13 2452.78 2325.9 1691.23 210.348 378.838 315.62 761.551 162.09 599.461 82.9604 146.427 167.113 1375.61 97.7611 69.3521 63.9211 259.975 181.078 418.383 252.014 64.7133 46.7641 25.4844 148.507 156.409 203.824 133.607 41.2481
internal_count=24513 9327 8254 15186 5740 1073 1997 1073 2514 598 1916 338 855 605 4667 314 291 218 1249 635 1281 771 270 230 124 468 554 955 602 157
is_linear=0
shrinkage=0.1


Tree=29
num_leaves=31
num_cat=0
split_feature=0 0 10 4 0 10 0 10 0 4 0 0 0 0 0 10 11 0 10 10 10 3 1 8 1 0 4 10 9 7
split_gain=854.964 282.348 209.954 149.302 102.367 72.6384 46.4276 38.5587 32.7918 32.4616 26.9345 19.0756 18.1976 14.2342 13.8442 13.0882 14.127 13.0871 12.4721 12.1242 10.1977 9.39504 8.75091 8.25364 9.53988 7.82657 13.7878 7.14329 6.71756 6.6269
threshold=39.500000000000007 20.500000000000004 7.5000000000000009 15.500000000000002 33.500000000000007 20.500000000000004 23.500000000000004 6.5000000000000009 43.500000000000007 12.500000000000002 28.500000000000004 25.500000000000004 16.500000000000004 28.500000000000004 17.500000000000004 19.500000000000004 4.5000000000000009 37.500000000000007 11.500000000000002 6.5000000000000009 7.5000000000000009 4.5000000000000009 2.5000000000000004 0.29805897723030988 1.0000000180025095e-35 28.500000000000004 10.500000000000002 8.5000000000000018 334.09273657628927 11.500000000000002
decision_type=2 2 2 2 2 2 2 2 2 2 2 2 2 2 2 2 2 2 2 2 2 2 2 2 2 2 2 2 2 2
left_child=1 2 14 6 13 -2 7 -3 -7 11 -11 -8 23 -5 -1 16 20 25 27 -16 -12 -6 -14 -4 -25 -13 -27 -9 -19 -15
right_child=5 3 12 4 21 8 9 18 -10 10 15 17 22 29 19 -17 -18 28 -20 -21 -22 -23 -24 24 -26 26 -28 -29 -30 -31
leaf_value=-0.07528960004717293 -0.080270799548291472 0.004486843620288096 -0.0057088140231788421 0.054844095702437583 0.095153484569388866 0.018072392637608636 0.045182631822023082 0.051599731832488407 -0.06431067872139079 0.067705860372314519 0.10648317203432189 0.063856348915709196 0.047590926541098852 0.01796698588186359 -0.052638193146393487 0.059367582862859716 -0.067612327966914867 0.028212046953775508 -0.01171594055431001 0.0042912801237871201 -0.0040765542412148116 -0.058530591405844982 0.095668860809659237 -0.01342820919211047 0.088065135993220939 0.086952759357327769 0.042580383510863393 0.093067939735083094 0.11337136972986893 -0.055787547936005003
leaf_weight=278.79550936818123 1059.2858517989516 317.12330095469952 87.587017133831978 140.21141648292542 4.048228755593299 121.18576797842979 347.62799450755119 90.126339823007584 80.351144760847092 99.051175534725189 9.3237281739711744 388.75756758451462 149.12104065716267 179.63963207602501 257.62988701462746 30.63958203792572 34.829049900174141 88.604474827647209 20.620276540517807 43.763962730765343 79.289291754364967 228.58462171256542 50.740095853805542 14.947802841663359 24.344037994742393 590.67200137674809 79.446263283491135 77.055996030569077 10.344318270683287 13.068667650222777
leaf_count=2139 7755 1420 353 431 20 480 1093 306 518 301 29 1182 472 740 1750 95 178 299 92 276 384 1446 155 64 90 1856 265 240 32 52
internal_value=0.00140254 0.0254324 -0.0231215 0.0409976 -0.004961 -0.0698013 0.0524807 0.0257528 -0.0147731 0.0601548 0.0270216 0.0657259 0.0409934 0.0306028 -0.0592285 0.000867837 -0.0136524 0.0718939 0.0616624 -0.0443717 0.00755637 -0.0558562 0.0597968 0.011374 0.049454 0.0751439 0.0816922 0.0707128 0.0371148 0.0129653
internal_weight=4996.82 3735.99 906.929 2829.06 565.553 1260.82 2263.51 504.926 201.537 1758.59 253.133 1505.45 326.74 332.92 580.189 154.082 123.442 1157.82 187.803 301.394 88.613 232.633 199.861 126.879 39.2918 1058.88 670.118 167.182 98.9488 192.708
internal_count=24513 15760 5299 10461 2689 8753 7772 2058 998 5714 987 4727 1134 1223 4165 686 591 3634 638 2026 413 1466 627 507 154 3303 2121 546 331 792
is_linear=0
shrinkage=0.1


Tree=30
num_leaves=31
num_cat=0
split_feature=10 0 0 4 0 10 10 0 0 10 0 4 7 0 10 10 0 0 4 13 0 0 0 2 11 5 0 4 3 3
split_gain=1019.65 250.456 142.21 90.8091 59.8386 69.2065 49.8649 44.8427 32.7098 22.6784 47.7058 21.3012 17.8365 16.9314 45.1769 17.3427 19.5977 15.5635 14.3533 12.9564 11.7314 10.5354 8.60895 8.293 8.2077 7.95232 7.64244 7.38311 7.32594 6.42555
threshold=8.5000000000000018 50.500000000000007 26.500000000000004 6.5000000000000009 46.500000000000007 19.500000000000004 19.500000000000004 35.500000000000007 32.500000000000007 21.500000000000004 37.500000000000007 12.500000000000002 6.5000000000000009 41.500000000000007 19.500000000000004 19.500000000000004 35.500000000000007 56.500000000000007 25.500000000000004 1.7638888888888891 32.500000000000007 22.500000000000004 29.500000000000004 1.5000000000000002 4.5000000000000009 1.5000000000000002 53.500000000000007 6.5000000000000009 4.5000000000000009 5.5000000000000009
decision_type=2 2 2 2 2 2 2 2 2 2 2 2 2 2 2 2 2 2 2 2 2 2 2 2 2 2 2 2 2 2
left_child=8 2 11 7 9 -6 26 -4 12 13 20 -2 -1 15 18 22 -17 29 19 23 -11 -13 28 -15 -24 -23 -3 -10 -5 -8
right_child=1 6 3 4 5 -7 17 -9 27 10 -12 21 -14 14 -16 16 -18 -19 -20 -21 -22 25 24 -25 -26 -27 -28 -29 -30 -31
leaf_value=-0.081736983982208841 -0.06270361074547115 -0.049415095033924918 -0.071556458347006566 0.14344746165620023 -0.013818069822232949 0.074168198183718878 0.06978769198970651 0.025060687941259787 -0.064302180270114528 -0.085909491164465723 0.067044333297488823 -0.068079663367697316 0.031709365599077895 0.090062956458944118 0.089859476963242757 -0.03755413472006728 0.048260614790316694 -0.061664888357935689 -0.027455014361141779 0.18356950439316466 -0.0080634068729393219 -0.023892021877009076 0.063074794968760922 0.0311672108906084 0.081440145163742123 0.03504074909052745 -0.081483668802342132 0.027652917772172887 0.039257016573622745 0.011823819521613533
leaf_weight=1178.4844534993172 135.95522221922874 133.58718737959862 97.987422183156013 7.0579541325569144 301.34426188468933 127.10130599141121 28.15745835006237 94.23691001534462 11.614104956388472 30.876693457365036 93.852748692035675 21.093511536717415 14.02379736304283 24.981791198253632 166.72826990485191 33.026099339127541 137.03090110421181 23.207671612501144 39.009829729795456 5.8261594176292411 51.895497530698776 39.65757717192173 825.31306241452694 556.24127009510994 345.09841631352901 54.177518144249916 167.48730206489563 35.179139897227287 153.91966085135937 59.617069631814957
leaf_count=8908 894 900 674 25 1572 392 96 335 65 210 294 133 68 82 527 166 451 142 161 19 263 168 2516 1959 1054 220 1328 156 508 227
internal_value=0.00146489 0.0274261 0.0364947 0.0423707 0.0467837 0.0122837 -0.0461341 -0.0241904 -0.0771847 0.052766 0.0182377 -0.035913 -0.0804029 0.0554242 0.0436019 0.0616666 0.0315949 0.0111626 0.0312829 0.035186 -0.0371025 -0.00422104 0.0655077 0.0336986 0.0684899 0.010134 -0.0672548 0.00482962 0.0438252 0.0304182
internal_weight=4993.77 3754.47 3342.41 3091.53 2899.3 428.446 412.057 192.224 1239.3 2470.86 176.625 250.884 1192.51 2294.23 792.787 1501.45 170.057 110.982 626.059 587.049 82.7722 114.929 1331.39 581.223 1170.41 93.8351 301.074 46.7932 160.978 87.7745
internal_count=24513 15316 12623 11208 10199 1964 2693 1009 9197 8235 767 1415 8976 7468 2748 4720 617 465 2221 2060 473 521 4103 2041 3570 388 2228 221 533 323
is_linear=0
shrinkage=0.1


Tree=31
num_leaves=31
num_cat=0
split_feature=0 0 10 0 10 10 0 0 9 3 0 7 10 0 2 12 10 4 12 0 8 3 7 8 2 8 8 1 0 7
split_gain=2060.75 208.205 199.852 88.9161 42.5238 40.8146 22.8269 22.6469 9.02115 8.89249 8.79582 8.65988 8.49239 7.69827 7.61926 8.14725 7.01919 6.0758 5.70836 5.56866 5.15173 5.88716 5.04657 4.73224 4.62262 4.60108 4.58817 4.19024 4.17318 4.32469
threshold=39.500000000000007 47.500000000000007 19.500000000000004 34.500000000000007 19.500000000000004 19.500000000000004 51.500000000000007 42.500000000000007 282.8497756410257 9.5000000000000018 51.500000000000007 4.5000000000000009 18.500000000000004 37.500000000000007 3.5000000000000004 8.5000000000000018 13.500000000000002 25.500000000000004 3.5000000000000004 56.500000000000007 0.1575187969924812 6.5000000000000009 1.0000000180025095e-35 0.21294035577258458 1.5000000000000002 0.14854215918045702 0.31866537717601556 5.5000000000000009 31.500000000000004 -1.0000000180025095e-35
decision_type=2 2 2 2 2 2 2 2 2 2 2 2 2 2 2 2 2 2 2 2 2 2 2 2 2 2 2 2 2 2
left_child=3 2 7 28 8 10 14 9 13 -2 -3 -4 17 -5 -7 18 20 24 -16 -8 -15 -22 -20 -11 -9 -26 -14 -27 -1 -30
right_child=1 5 11 4 -6 6 19 12 -10 23 -12 -13 26 16 15 -17 -18 -19 22 -21 21 -23 -24 -25 25 27 -28 -29 29 -31
leaf_value=-0.084075667016133254 0.011364226118013077 0.08853367111591709 -0.072845758355256807 -0.025623580025227584 -0.084996710929252622 -0.0096277934704109593 0.061961286622441596 0.013242698405367518 -0.088239369605174187 0.020989296923318496 0.10711140599908911 0.056975720199523863 0.035966683953274112 0.089911631169132228 0.02228672693351752 -0.047305694938109842 -0.018550571246637844 0.093761138976794695 0.05655426025223248 0.10651173800994769 -0.075610656723862635 0.023840371853454067 0.17949455235125306 0.055024924097982653 0.03220874478910897 0.062712067931298854 -0.050361740566392733 0.1173491009563673 -0.083746146542014011 -0.054372021149625062
leaf_weight=1535.2042209580541 171.56875231862068 469.60009598731995 163.54032312333584 156.78781245648861 112.44536132365465 58.304823979735374 76.283491507172585 20.68723651766777 15.471491135656832 62.656329035758972 557.30474588274956 5.3049705177545539 79.306228429079056 10.567755997180937 9.8559374511241966 6.4011057764291754 67.020451784133911 57.508247852325439 6.224410876631735 44.380675494670868 6.499853864312171 70.662840396165848 7.2025705724954605 117.37999215722084 49.07975646853447 478.34118911623955 6.6746235042810431 14.461024254560469 98.100412182509899 102.48196223378181
leaf_count=11821 682 1490 1134 880 816 255 245 66 96 216 1891 26 249 44 36 23 340 175 25 142 34 293 25 382 151 1474 22 44 725 711
internal_value=-0.0012092 0.0614499 0.0322627 -0.0721304 -0.0319488 0.0904232 0.0501024 0.0483911 -0.0137078 0.0276551 0.0986159 -0.0687669 0.0587172 -0.0100065 0.0113689 0.0526104 0.00581623 0.0628011 0.08008 0.0783471 0.0244309 0.015463 0.122503 0.0431798 0.0596362 0.0614074 0.0292651 0.0643154 -0.0823033 -0.0687383
internal_weight=4637.31 2462.07 1226.51 2175.24 439.456 1235.56 208.653 1057.66 327.01 351.605 1026.9 168.845 706.058 311.539 87.9888 29.684 154.751 620.077 23.2829 120.664 87.7305 77.1627 13.427 180.036 562.569 541.882 85.9809 492.802 1735.79 200.582
internal_count=24513 8753 4621 15760 2503 4132 751 3461 1687 1280 3381 1160 2181 1591 364 109 711 1910 86 387 371 327 50 598 1735 1669 271 1518 13257 1436
is_linear=0
shrinkage=0.1


Tree=32
num_leaves=31
num_cat=0
split_feature=0 3 0 0 10 4 10 10 10 0 10 0 0 4 9 0 1 3 8 9 0 0 9 12 3 0 13 10 0 0
split_gain=2033.9 176.042 109.54 80.5263 51.2183 39.561 29.6415 14.9807 16.4406 14.6383 13.4722 10.7522 9.82101 9.48356 6.08008 6.07743 5.83421 5.42207 6.46231 5.43168 5.11064 4.35418 5.40446 4.31351 4.22187 4.19442 3.97305 3.94394 4.62469 3.83511
threshold=26.500000000000004 6.5000000000000009 21.500000000000004 30.500000000000004 7.5000000000000009 11.500000000000002 7.5000000000000009 6.5000000000000009 21.500000000000004 19.500000000000004 7.5000000000000009 18.500000000000004 23.500000000000004 4.5000000000000009 282.8497756410257 20.500000000000004 2.5000000000000004 1.5000000000000002 0.19657494145199064 327.30582908885123 15.500000000000002 32.500000000000007 256.89168123543129 2.5000000000000004 3.5000000000000004 25.500000000000004 1.3923076923076925 6.5000000000000009 16.500000000000004 13.500000000000002
decision_type=2 2 2 2 2 2 2 2 2 2 2 2 2 2 2 2 2 2 2 2 2 2 2 2 2 2 2 2 2 2
left_child=1 2 4 5 11 14 15 12 10 20 23 27 -4 29 -2 -3 -15 19 -19 -14 -8 22 -5 -9 -16 -10 -22 -1 -29 -6
right_child=3 6 7 21 13 -7 9 8 25 -11 -12 -13 17 16 24 -17 -18 18 -20 -21 26 -23 -24 -25 -26 -27 -28 28 -30 -31
leaf_value=0.10110628020592212 -0.039452160643561746 0.099729352729035395 0.055199066351943174 -0.085234205273980054 0.09510028768241878 -0.081405737560189498 0.072787938579345443 0.067760211043692911 0.055186785897252913 -0.071086919446499225 -0.062634609694889862 0.078756288738271646 0.00086955518001593114 0.037570128921987571 0.0089929303673637676 0.016181898413542905 -0.012781928321931353 0.048674757429815946 0.014368523427553744 0.079106536725801979 0.0067284407307837552 -0.08445104675392881 -0.045621239595332042 -0.0027218102280416137 -0.021740853439703528 0.0035551811517559096 -0.073594578195413041 0.094916186327561394 0.058843399454392958 0.05345074557459463
leaf_weight=568.63069719076157 53.412537656724453 11.083007991313933 291.29277300834656 70.727865785360336 36.014852792024612 109.72896011173725 7.8793337047100058 11.970800489187239 56.981330305337906 115.25112317502499 42.194410368800163 559.76000979542732 11.657082140445707 177.05770596861839 131.44770097732544 40.607657462358475 26.449139133095741 76.962124779820442 191.62125316262245 37.165828168392181 19.934084445238117 1634.1001255437732 67.130593433976173 31.615731507539749 67.725037097930908 21.735910788178444 8.9107890129089338 112.53676700592041 51.945453822612762 57.256382212042809
leaf_count=2141 294 39 885 504 116 748 24 37 178 752 233 1920 38 597 602 139 108 260 650 117 86 12224 461 101 353 79 41 421 186 179
internal_value=-0.00209622 0.0578873 0.0655765 -0.0742279 0.0805928 -0.0312715 -0.0313188 0.0347038 0.00792807 -0.0535678 -0.0223562 0.0891928 0.0419398 0.0431279 -0.009492 0.0340953 0.031026 0.0297714 0.0241989 0.0604265 0.00141215 -0.0830112 -0.0659446 0.0166357 -0.00145753 0.0409299 -0.018085 0.0971615 0.083524 0.0695329
internal_weight=4700.79 2566.51 2362.85 2134.27 1589.65 362.314 203.666 773.197 164.498 151.975 85.7809 1292.87 608.699 296.778 252.585 51.6907 203.507 317.406 268.583 48.8229 36.7242 1771.96 137.858 43.5865 199.173 78.7172 28.8449 733.113 164.482 93.2712
internal_count=24513 9327 8246 15186 5668 1997 1081 2578 628 903 371 4668 1950 1000 1249 178 705 1065 910 155 151 13189 965 138 955 257 127 2748 607 295
is_linear=0
shrinkage=0.1


Tree=33
num_leaves=31
num_cat=0
split_feature=0 0 10 4 0 0 10 4 10 4 0 10 0 0 10 0 0 0 7 10 0 10 0 10 11 9 9 8 10 0
split_gain=734.633 206.657 140.336 123.78 118.907 60.1281 54.8213 47.7487 20.8973 18.9698 23.361 24.1479 21.5752 18.1946 15.7424 14.7528 14.2893 13.3737 13.0411 12.5248 12.9255 10.7635 10.1143 8.77829 8.56081 8.11283 7.62239 7.1214 7.06002 12.8247
threshold=40.500000000000007 19.500000000000004 7.5000000000000009 14.500000000000002 31.500000000000004 23.500000000000004 7.5000000000000009 11.500000000000002 19.500000000000004 10.500000000000002 33.500000000000007 19.500000000000004 27.500000000000004 34.500000000000007 11.500000000000002 21.500000000000004 44.500000000000007 36.500000000000007 -1.0000000180025095e-35 6.5000000000000009 16.500000000000004 7.5000000000000009 24.500000000000004 12.500000000000002 4.5000000000000009 323.47114845938387 334.09273657628927 0.22016949152542373 19.500000000000004 42.500000000000007
decision_type=2 2 2 2 2 2 2 2 2 2 2 2 2 2 2 2 2 2 2 2 2 2 2 2 2 2 2 2 2 2
left_child=1 2 19 5 22 6 15 16 13 12 -11 21 25 23 -8 -3 -2 -14 -4 -1 -21 -12 -5 -6 -25 27 -27 -7 -9 -30
right_child=7 3 18 4 8 9 14 28 -10 10 11 -13 17 -15 -16 -17 -18 -19 -20 20 -22 -23 -24 24 -26 26 -28 -29 29 -31
leaf_value=-0.071898777340414582 0.013062173317463999 -0.018689738376673037 0.0003751135458071633 0.080320693760757997 -0.027250625468415168 0.03896993994957354 0.075422766993390525 -0.082783798035192813 0.051514756099940509 0.053970178411649417 0.06280377735408689 0.042319057187376455 0.077305610528969185 -0.0630757916832934 -0.015119938333379272 0.017146659080193385 -0.068596086772435991 0.043775452402415163 0.046017677123202747 -0.063470511437730637 0.012744431200388163 -0.057996423172068802 0.033420561253025706 0.088407301197976296 -0.056217768864601059 -0.0080714759611482233 0.039614503326374853 0.070877207296842326 0.0061646353814969676 -0.071633863606905684
leaf_weight=331.11897896230221 79.646953240036964 215.46388614177704 98.420029729604721 55.504462271928787 99.853435188531876 124.68022960424423 163.63430172204971 785.43151727318764 22.909074455499649 228.39506708085537 8.4790144711732847 69.95110484957695 630.68620866537094 236.72389961779118 21.755911305546761 246.06566390395164 29.317363575100899 146.60542646050453 172.00016775727272 50.487040586769581 39.788666605949402 56.696642532944679 268.01931826770306 13.892485499382021 5.8022819906473151 39.316649705171585 227.37476754188538 159.35066896677017 24.777730450034142 146.27899421751499
leaf_count=2758 367 1261 393 172 516 386 518 6383 85 747 28 227 2048 1662 98 1007 204 475 569 423 284 331 908 74 32 122 704 490 131 1110
internal_value=0.00161046 0.0225143 -0.0268171 0.0337363 -0.00306664 0.0447956 0.0188664 -0.0716292 -0.0410634 0.0547121 0.0344714 0.00151396 0.0602527 -0.0470163 0.0647974 0.000416529 -0.00890837 0.0709815 0.029406 -0.0628969 -0.0298791 -0.0422809 0.0414669 -0.0152161 0.0457993 0.04511 0.0325845 0.056871 -0.0787744 -0.0603647
internal_weight=4798.43 3732.98 691.815 3041.16 702.705 2338.46 646.92 1065.45 379.181 1691.54 363.522 135.127 1328.01 356.272 185.39 461.53 108.964 777.292 270.42 421.395 90.2757 65.1757 323.524 119.548 19.6948 550.722 266.691 284.031 956.488 171.057
internal_count=24513 16318 4427 11891 3449 8442 2884 8195 2369 5558 1333 586 4225 2284 616 2268 571 2523 962 3465 707 359 1080 622 106 1702 826 876 7624 1241
is_linear=0
shrinkage=0.1


Tree=34
num_leaves=31
num_cat=0
split_feature=10 0 0 4 10 0 10 0 0 4 10 0 2 0 0 0 10 4 0 3 9 5 0 0 11 13 13 7 0 9
split_gain=877.47 197.072 113.546 72.1595 44.5641 43.5471 51.666 38.7013 32.4631 20.0867 16.8568 38.5952 15.5439 14.234 12.6384 12.4909 33.711 8.89673 8.12179 8.00377 7.97769 6.93836 5.96689 5.94357 5.91144 7.73569 6.07642 5.67521 5.67501 5.94271
threshold=8.5000000000000018 50.500000000000007 26.500000000000004 6.5000000000000009 19.500000000000004 46.500000000000007 19.500000000000004 35.500000000000007 31.500000000000004 11.500000000000002 21.500000000000004 34.500000000000007 5.5000000000000009 22.500000000000004 56.500000000000007 43.500000000000007 18.500000000000004 24.500000000000004 53.500000000000007 7.5000000000000009 332.82039072039078 1.5000000000000002 41.500000000000007 38.500000000000007 1.5000000000000002 0.91287878787878796 1.3923076923076925 -3.4999999999999996 47.500000000000007 201.06271668087527
decision_type=2 2 2 2 2 2 2 2 2 2 2 2 2 2 2 2 2 2 2 2 2 2 2 2 2 2 2 2 2 2
left_child=8 2 9 7 18 10 24 -4 12 -2 15 -12 -1 -11 -6 -5 17 -17 -3 23 22 -15 -13 -10 25 27 28 -7 -26 -30
right_child=1 4 3 5 14 6 -8 -9 19 13 11 20 -14 21 -16 16 -18 -19 -20 -21 -22 -23 -24 -25 26 -27 -28 -29 29 -31
leaf_value=-0.081271395282254882 -0.065000377599666426 -0.045306282372795915 -0.06913042786716872 0.053324466077013792 0.02805727871515892 0.16429596338369623 0.066194127105339687 0.022571220584221091 -0.025931939326860373 -0.070987396882880208 -0.061893053380927834 0.036295951621917372 -0.002648679961414319 -0.020980560969280138 -0.057868342602216738 0.021334278585556758 0.073625333726623249 -0.032868686987041526 -0.079989270131270662 0.13397450816776207 -0.03976583868511311 0.031334359952679081 0.083629662583457498 0.070046310513294546 -0.00086860858302272742 -0.012151649678621469 0.024386590440510746 0.035136458712291027 -0.058982188390002799 -0.014830526677574852
leaf_weight=1044.7789594754577 107.81834287196398 123.41190515458584 89.965265780687332 1840.7564518600702 87.929159492254257 3.8783295601606396 125.26208466291428 94.223585665225983 45.952568307518959 27.428515762090683 45.37398998439312 75.80611190199852 25.765798263251781 42.912976741790771 21.255838453769684 259.43438899517059 147.31813061237335 34.283664420247078 149.07698440551758 4.0129888504743567 10.08688911795616 61.949207931756973 41.055939972400665 7.506015568971633 59.973647609353065 50.286604136228561 27.455444440245628 27.696996495127678 65.432038277387619 57.078640192747116
leaf_count=8747 778 900 674 5819 323 20 392 335 267 191 313 287 145 190 142 988 501 160 1328 15 39 256 128 23 257 269 145 150 393 338
internal_value=0.00170579 0.0253739 0.0332524 0.038456 -0.0426513 0.0423484 0.0124742 -0.0222196 -0.0754485 -0.0329622 0.0474253 0.017267 -0.0793791 -0.00685066 0.0113295 0.0497029 0.0345875 0.0150075 -0.0642811 -0.00223123 0.0455603 0.00992541 0.0529252 -0.0124558 -0.0105862 0.0122072 -0.0194741 0.0510008 -0.0260731 -0.0384116
internal_weight=4805.17 3677.15 3295.48 3055.37 381.674 2871.18 417.064 184.189 1128.02 240.109 2454.12 172.323 1070.54 132.291 109.185 2281.79 441.036 293.718 272.489 57.4716 126.949 104.862 116.862 53.4586 291.802 81.8619 209.94 31.5753 182.484 122.511
internal_count=24513 15316 12623 11208 2693 10199 1964 1009 9197 1415 8235 767 8892 637 465 7468 1649 1148 2228 305 454 446 415 290 1572 439 1133 170 988 731
is_linear=0
shrinkage=0.1


Tree=35
num_leaves=31
num_cat=0
split_feature=0 0 10 0 10 4 0 0 0 4 4 10 4 12 10 13 12 8 0 13 8 2 12 10 0 7 9 5 9 3
split_gain=1728.37 203.389 172.028 52.9324 42.0832 27.2734 23.2425 18.3711 15.7261 8.64009 7.74951 7.7484 5.73475 5.48897 11.287 5.11217 7.01332 5.48748 4.95824 4.85551 5.1492 4.6627 6.65263 4.52895 4.5135 4.48277 4.18263 4.10915 3.81179 5.36713
threshold=38.500000000000007 46.500000000000007 19.500000000000004 34.500000000000007 19.500000000000004 15.500000000000002 51.500000000000007 42.500000000000007 50.500000000000007 16.500000000000004 14.500000000000002 18.500000000000004 25.500000000000004 11.500000000000002 12.500000000000002 0.88194444444444453 1.5000000000000002 0.14415584415584412 56.500000000000007 0.32051282051282054 0.15450928381962861 3.5000000000000004 9.5000000000000018 14.500000000000002 31.500000000000004 -1.0000000180025095e-35 230.43450317124737 4.5000000000000009 234.82068914522333 7.5000000000000009
decision_type=2 2 2 2 2 2 2 2 2 2 2 2 2 2 2 2 2 2 2 2 2 2 2 2 2 2 2 2 2 2
left_child=3 2 7 24 8 26 10 9 -3 15 -6 12 19 -7 -15 16 -2 -17 27 -9 -21 -12 -23 -18 -1 -26 -5 -8 29 -11
right_child=1 4 -4 5 6 13 18 11 -10 28 21 -13 -14 14 -16 17 23 -19 -20 20 -22 22 -24 -25 25 -27 -28 -29 -30 -31
leaf_value=-0.082996604562309728 0.12338024708777558 0.074405985516878756 -0.074404104371311661 -0.043999257011797077 -0.037213900718288825 -0.014495241186227052 0.078941029738600288 -0.01193804921275248 0.098392130072534487 -0.0047284194530792739 0.0021098653870514059 0.018260336440320778 0.088962848309458054 0.1527294732838827 -0.06533082998763147 0.076682746912483543 -0.038856079610867872 -0.026313667965039228 0.09834831959715222 0.02173366840471971 0.056219071777131861 0.072563043018372797 -0.048761677373210605 0.031559717528984253 -0.082523275247393044 -0.051373790047144374 -0.081975259445462814 0.032502393526961187 0.080104602491475232 0.033826791727907153
leaf_weight=1391.6411634534597 6.2232933044433585 488.94648325443268 157.87640128284693 42.393534101545811 29.485270172357559 167.85198457539082 37.898141756653786 12.026530832052229 619.86092180013657 41.764112234115601 44.421122029423714 68.840336918830872 42.989721208810806 5.7394973188638669 4.0477226972579956 5.6281820088624945 13.231224387884138 63.938044190406799 42.107657253742218 48.604092538356781 396.62305933237076 26.772971600294113 5.4374436289072028 29.49574838578701 89.109173193573952 95.944265738129616 91.813320524990559 38.3213891685009 15.073837965726851 266.4934409558773
leaf_count=11821 25 1572 1194 286 158 896 122 38 2228 171 199 218 133 30 22 23 57 278 142 150 1223 102 22 123 725 711 721 123 54 946
internal_value=-0.00138259 0.0531268 0.0226759 -0.0736001 0.0798218 -0.0359556 0.0403331 0.0378368 0.0878151 0.022538 0.00635196 0.0497152 0.0540438 -0.0102506 0.0625458 -0.000559117 0.0242 -0.0179809 0.0708077 0.0507608 0.0524544 0.0231147 0.0520822 0.00975412 -0.0810456 -0.0663733 -0.0699793 0.0555928 0.0310042 0.0286032
internal_weight=4390.6 2502.06 1168.81 1888.54 1333.25 311.846 224.444 1010.93 1108.81 441.848 106.117 569.084 500.243 177.639 9.78722 118.516 48.9503 69.5662 118.327 457.254 445.227 76.6315 32.2104 42.727 1576.69 185.053 134.207 76.2195 323.331 308.258
internal_count=24513 9301 4633 15212 4668 1955 868 3439 3800 1677 481 1762 1544 948 52 506 205 301 387 1411 1373 323 124 180 13257 1436 1007 245 1171 1117
is_linear=0
shrinkage=0.1


Tree=36
num_leaves=31
num_cat=0
split_feature=0 4 0 0 10 4 10 0 2 0 4 10 10 9 8 0 9 9 8 9 9 8 7 0 12 9 12 13 11 0
split_gain=1712.45 145.431 86.7641 82.7204 54.8098 38.4024 31.7183 11.2961 10.1539 10.0799 9.64348 10.4588 8.24845 6.96186 12.9886 6.25433 5.73584 5.62282 5.62192 5.54224 5.80591 5.89702 5.31587 5.01321 4.99902 7.05797 4.83057 4.76152 5.58311 4.70172
threshold=26.500000000000004 10.500000000000002 21.500000000000004 30.500000000000004 7.5000000000000009 11.500000000000002 7.5000000000000009 18.500000000000004 1.5000000000000002 21.500000000000004 6.5000000000000009 7.5000000000000009 20.500000000000004 186.52854609929082 0.29289318755256516 18.500000000000004 234.82068914522333 448.9585294117648 0.29128787878787882 324.78951612903234 334.09273657628927 0.2956145966709347 -3.4999999999999996 23.500000000000004 5.5000000000000009 406.13259259259263 11.500000000000002 1.1622807017543864 1.5000000000000002 32.500000000000007
decision_type=2 2 2 2 2 2 2 2 2 2 2 2 2 2 2 2 2 2 2 2 2 2 2 2 2 2 2 2 2 2
left_child=1 2 4 5 7 19 16 -1 -6 27 17 22 -13 14 -10 -15 -3 23 -18 -2 21 -21 -12 -4 -25 26 -26 28 -8 -5
right_child=3 6 10 29 8 -7 9 -9 13 -11 11 12 -14 15 -16 -17 18 -19 -20 20 -22 -23 -24 24 25 -27 -28 -29 -30 -31
leaf_value=0.092093820108696364 -0.02075322736104469 0.064883111726794368 0.057671253969391836 -0.063333474006865384 0.055657009476482139 -0.079871388657799747 -0.078631819484374796 0.072584769328204068 0.115441237407514 -0.079027104620572858 -0.0053788961247117385 -0.053780898537228519 0.04149381406299095 0.0253033489453326 -0.041175674416238012 -0.019974624594314802 0.021614161569084019 -0.0087604439211752521 -0.078216221154331453 0.025593076115650776 -0.0010365206242617744 0.14763704379242371 0.032165243992021191 0.048145816127997593 -0.00023862335647781502 0.11578612515511946 0.077670799811721147 -0.057184204415799203 0.035207472956186196 -0.083346956903089436
leaf_weight=676.12197615206242 130.09595747292042 25.06525607407093 180.94921599328518 127.45926546305418 146.33448106050491 100.87411618232727 5.5792554318904903 529.01299574971199 17.483474671840671 85.280513741075993 44.081180140376091 30.725504741072655 12.902896553277968 95.230256721377373 7.595726564526557 44.887487486004829 30.219927281141281 20.072558864951134 6.9357053488492957 15.029651746153833 95.251051858067513 5.3750257045030585 261.04872669279575 119.49329225718975 71.383195325732231 6.6314820051193228 8.9568326473236066 19.261097058653831 18.909915328025818 1485.1141989007592
leaf_count=2754 691 86 563 965 468 748 30 1913 61 625 143 176 46 315 28 201 108 64 24 73 459 26 851 388 233 21 29 106 94 12224
internal_value=-0.00245888 0.0530213 0.0600683 -0.0722385 0.0738647 -0.0279188 -0.0307283 0.08353 0.0364751 -0.0590079 0.0323994 0.0201932 -0.0256038 0.0194833 0.0680067 0.0107983 0.0279168 0.0428463 0.00297919 -0.00659378 0.00933355 0.0577421 0.0267414 0.0455202 0.0348708 0.0166317 0.00844723 -0.0199854 0.00927199 -0.0817651
internal_weight=4423.36 2464.16 2272.91 1959.2 1516.67 346.626 191.252 1205.13 311.531 129.031 756.245 348.758 43.6284 165.197 25.0792 140.118 62.2209 407.487 37.1556 245.752 115.656 20.4047 305.13 387.414 206.465 86.9715 80.34 43.7503 24.4892 1612.57
internal_count=24513 9327 8254 15186 5740 1997 1073 4667 1073 855 2514 1216 222 605 89 516 218 1298 132 1249 558 99 994 1234 671 283 262 230 124 13189
is_linear=0
shrinkage=0.1


Tree=37
num_leaves=31
num_cat=0
split_feature=0 0 10 4 0 4 0 10 10 9 10 0 0 0 10 0 10 0 2 0 0 10 0 13 3 7 0 12 6 0
split_gain=632.838 159.878 119.017 98.0338 99.5003 46.8768 44.7874 42.8273 21.3516 21.2552 17.0946 29.0383 16.6086 15.3607 14.3109 12.8792 12.6653 11.8855 10.3716 9.48435 10.7283 7.47864 12.2195 8.73884 7.17566 6.81471 6.65062 6.46083 6.33067 6.26291
threshold=40.500000000000007 19.500000000000004 7.5000000000000009 14.500000000000002 33.500000000000007 11.500000000000002 24.500000000000004 7.5000000000000009 19.500000000000004 252.61076388888893 19.500000000000004 33.500000000000007 21.500000000000004 28.500000000000004 11.500000000000002 44.500000000000007 6.5000000000000009 16.500000000000004 1.5000000000000002 27.500000000000004 36.500000000000007 19.500000000000004 42.500000000000007 0.48529411764705882 3.5000000000000004 -3.4999999999999996 35.500000000000007 11.500000000000002 5.5000000000000009 12.500000000000002
decision_type=2 2 2 2 2 2 2 2 2 2 2 2 2 2 2 2 2 2 2 2 2 2 2 2 2 2 2 2 2 2
left_child=1 2 16 6 13 15 7 12 -6 10 11 -8 -3 -5 -9 -2 -1 -18 29 -11 -21 -7 23 -23 -14 -22 -12 -26 -27 -4
right_child=5 3 18 4 8 21 9 14 -10 19 26 -13 24 -15 -16 -17 17 -19 -20 20 25 22 -24 -25 27 28 -28 -29 -30 -31
leaf_value=-0.069522983390008231 0.013260150486418786 -0.014727625133362732 -0.056774595636200388 0.050228390364769185 -0.056287619505784897 -0.081696535243370075 0.034080008874129805 0.069519790602203202 0.045226781497236308 0.045201556521316952 0.075263707756926618 -0.053359163967059087 0.0082559629887646573 0.011166480578987609 -0.00018738106847546401 -0.066384029119024648 -0.060361939545742371 0.01480065956011218 0.04222419860268662 0.070380544021415511 0.056356385150496048 0.12433541759680684 -0.069562041864838706 -0.023209595419491559 0.040015387670298004 0.049654105325965064 0.031724013018905366 -0.041670184830631674 -0.019844204604946219 0.012291122362731305
leaf_weight=296.78734195977449 79.469015397131443 206.22224125266075 15.490475848317145 188.64381274580956 257.86121987551451 710.50917986780405 131.17880983650684 195.3085318505764 22.529596149921417 393.01756611466408 75.394696831703186 53.458193555474281 221.89284287393093 215.87121054530144 34.681630656123161 27.271757796406746 45.584546320140362 39.070220775902271 168.23235148191452 595.97355929017067 94.268280744552612 5.0513460040092495 134.59385416656733 19.552182093262672 166.44860722124577 23.886338993906975 65.614029005169868 10.280778482556341 29.043926499783993 86.147222906351089
leaf_count=2758 367 1261 88 582 1892 6383 441 635 83 1201 247 315 837 892 146 204 423 284 560 2011 303 28 1110 103 609 79 213 38 106 314
internal_value=0.0018397 0.0210496 -0.0238349 0.0308545 -0.00235019 -0.0696311 0.0407566 0.0222777 -0.0481309 0.0513097 0.0287862 0.00876363 0.00831103 0.0293828 0.0590082 -0.00708856 -0.0597911 -0.0256726 0.0269865 0.0577652 0.0644094 -0.0773071 -0.0577168 0.00708285 0.0202298 0.0402336 0.0550039 0.0352635 0.011519 0.0017649
internal_weight=4609.34 3632.89 651.312 2981.58 684.906 976.447 2296.67 834.835 280.391 1461.84 325.646 184.637 604.844 404.515 229.99 106.741 381.442 84.6548 269.87 1136.19 743.172 869.707 159.197 24.6035 398.622 147.199 141.009 176.729 52.9303 101.638
internal_count=24513 16318 4427 11891 3449 8195 8442 3526 1975 4916 1216 756 2745 1474 781 571 3465 707 962 3700 2499 7624 1241 131 1484 488 460 647 185 402
is_linear=0
shrinkage=0.1


Tree=38
num_leaves=31
num_cat=0
split_feature=10 0 4 0 0 0 10 0 10 2 10 0 0 10 0 0 1 4 0 3 6 3 0 10 7 9 0 11 8 3
split_gain=756.097 157.221 88.7776 62.6545 46.4223 41.0836 43.8336 31.8313 27.7413 15.5167 11.7599 36.629 12.2767 32.5563 8.64692 8.628 8.20459 8.13307 7.79673 7.40687 7.16349 7.10569 6.58401 24.0445 10.6461 9.04382 7.83058 7.32223 6.50537 6.38557
threshold=8.5000000000000018 51.500000000000007 6.5000000000000009 24.500000000000004 35.500000000000007 47.500000000000007 18.500000000000004 31.500000000000004 19.500000000000004 5.5000000000000009 21.500000000000004 34.500000000000007 43.500000000000007 19.500000000000004 22.500000000000004 29.500000000000004 2.5000000000000004 18.500000000000004 59.500000000000007 12.500000000000002 3.5000000000000004 3.5000000000000004 38.500000000000007 19.500000000000004 5.5000000000000009 165.88075633773312 33.500000000000007 4.5000000000000009 0.13680926916221034 7.5000000000000009
decision_type=2 2 2 2 2 2 2 2 2 2 2 2 2 2 2 2 2 2 2 2 2 2 2 2 2 2 2 2 2 2
left_child=7 2 4 14 -2 10 -7 9 -3 -1 12 -12 15 19 -4 20 -16 -8 -10 -14 28 -13 23 -17 -24 27 -25 -26 -5 -9
right_child=1 8 3 5 -6 6 17 29 18 -11 11 21 13 -15 16 22 -18 -19 -20 -21 -22 -23 24 26 25 -27 -28 -29 -30 -31
leaf_value=-0.080097524293040068 -0.071661799418535718 -0.068550573893537525 -0.063671775508460274 0.10621499234484609 0.021036399773856202 -0.025894643993653377 0.066776730653602484 -0.0099739780371294277 0.011654834779642291 -0.0007882155229428161 -0.061010691377036623 0.012307864042451181 0.023085739234303248 0.075369939042678413 -0.042141274367900487 0.060985493680520732 0.040645850245540197 0.019249657801718147 -0.084872368593246317 -0.010999781316462939 0.043921970645191988 0.060837403430967753 0.048328052892559224 -0.071935566077309859 0.024381458657879898 -0.004319730241431295 0.01663620610885691 0.091979667580211644 0.0023623240039221559 0.11867943783543278
leaf_weight=944.7520514652133 125.47371885180473 198.67464642971754 63.399646736681461 6.4345638155937186 94.87129370868206 201.27078877389431 82.463562577962875 51.639686465263367 72.681204259395599 25.330344632267952 45.732363194227219 47.630680471658707 364.00603340566158 122.58682602643967 28.896976858377457 754.82894867658615 20.437651082873344 63.911083370447159 9.4565821141004545 77.288472726941109 134.68255746364594 82.3098004758358 667.25271734595299 11.609694689512251 56.864815920591354 79.484700351953506 71.180775448679924 22.311200737953186 96.327114418148994 4.1694518327713004
leaf_count=8747 1028 1891 492 23 337 1288 291 290 318 145 341 175 1390 432 160 2378 107 265 69 347 458 292 2056 71 179 250 271 70 337 15
internal_value=0.00193728 0.0235082 0.0295831 0.0339413 -0.0317499 0.0367022 0.00438688 -0.0738017 -0.0483411 -0.0780266 0.0409568 0.0159591 0.0427384 0.0297803 -0.0392411 0.0465821 -0.0078454 0.0460251 0.000541589 0.017116 0.02875 0.0430485 0.0491273 0.0553744 0.0427918 0.0195087 0.0042158 0.0434301 0.0088652 -0.000362394
internal_weight=4627.96 3602.07 3321.26 3100.91 220.345 2988.18 347.645 1025.89 280.812 970.082 2640.53 175.673 2464.86 563.881 112.734 1900.98 49.3346 146.375 82.1378 441.295 237.444 129.94 1663.53 837.619 825.913 158.661 82.7905 79.176 102.762 55.8091
internal_count=24513 15316 13038 11673 1365 10914 1844 9197 2278 8892 9070 808 8262 2169 759 6093 267 556 387 1737 818 467 5275 2720 2555 499 342 249 360 305
is_linear=0
shrinkage=0.1


Tree=39
num_leaves=31
num_cat=0
split_feature=0 0 10 0 10 4 0 0 0 7 7 9 11 10 9 10 12 5 4 8 8 9 9 0 8 9 4 12 12 12
split_gain=1461.7 170.001 153.41 54.2145 30.7481 29.8849 17.17 14.2307 10.0847 8.83667 8.73441 8.45659 8.66141 5.84506 5.83244 6.96662 6.03652 5.79093 5.51241 4.57913 4.94808 4.53191 5.92829 4.40507 4.3551 6.82868 4.85892 5.64919 5.27488 7.43238
threshold=38.500000000000007 47.500000000000007 19.500000000000004 33.500000000000007 19.500000000000004 14.500000000000002 43.500000000000007 53.500000000000007 51.500000000000007 4.5000000000000009 5.5000000000000009 165.88075633773312 4.5000000000000009 13.500000000000002 158.94392883686365 10.500000000000002 8.5000000000000018 1.5000000000000002 20.500000000000004 0.26726190476190476 0.1788379530916844 203.24102067183466 234.82068914522333 35.500000000000007 0.18942218080149117 253.65381720430108 22.500000000000004 3.5000000000000004 10.500000000000002 7.5000000000000009
decision_type=2 2 2 2 2 2 2 2 2 2 2 2 2 2 2 2 2 2 2 2 2 2 2 2 2 2 2 2 2 2
left_child=3 2 6 -1 8 -5 10 -6 -3 -4 14 12 17 23 16 -16 -2 -12 -8 20 -19 -13 -23 -7 25 -17 28 -28 29 -26
right_child=1 4 9 5 7 13 18 -9 -10 -11 11 21 -14 -15 15 24 -18 19 -20 -21 -22 22 -24 -25 26 -27 27 -29 -30 -31
leaf_value=-0.080905379254941567 0.030666603601879134 0.074018891129907616 -0.070557848362284001 -0.073443435062835544 0.020485890474449771 -0.026769494277087531 0.040668069800085194 0.0746969553991466 0.095096301649550533 0.062927930379048355 -0.014307275193402611 0.085218945850861746 -0.033363702134543427 -0.041135216068306793 -0.095454906267542897 0.025129362473784833 0.1116265017236438 0.02274188355690283 0.060505235077854852 0.011105513672218743 0.11208163462313286 -0.0077676728888946183 0.097506355774443443 0.0078220114976479595 0.0098031160496178122 0.12368875183177973 0.13540628547526787 0.016154846786309948 0.048070508951861574 -0.033291319013179659
leaf_weight=1368.8755548149347 41.988501861691475 431.42608192563057 158.72362490743399 139.95313194394112 121.97648926079273 57.048357076942921 318.23378676176071 80.301032304763794 479.07064840197563 5.119231015443801 13.421094104647635 52.998835623264313 20.620400011539459 59.485071301460266 5.8086829930543891 94.927249640226364 11.797354906797407 9.11137902736664 250.22962263226509 12.583931744098662 19.39720131456852 14.200827598571779 8.5817651152610761 103.79297445714474 171.19029927253723 7.5919848978519431 6.2536755651235607 10.889953419566153 25.108267277479172 52.231398299336433
leaf_count=12744 148 1490 1285 1185 478 382 964 273 1891 26 45 174 69 358 27 363 41 30 774 41 63 47 28 543 660 28 21 36 96 203
internal_value=-0.00158176 0.048528 0.0241285 -0.0718213 0.077274 -0.0373067 0.0370563 0.0420068 0.0851091 -0.0663871 0.024931 0.045615 0.0218415 -0.0143524 0.017634 0.013206 0.0484243 0.0427235 0.0494001 0.0613501 0.0835285 0.0691855 0.031887 -0.00444715 0.0149203 0.0324281 0.00816425 0.0596555 0.00461238 -0.000271477
internal_weight=4152.94 2423.78 1311.01 1729.16 1112.77 360.28 1147.17 202.278 910.497 163.843 578.703 150.915 75.134 220.326 427.787 374.002 53.7859 54.5136 568.463 41.0925 28.5086 75.7814 22.7826 160.841 368.193 102.519 265.674 17.1436 248.53 223.422
internal_count=24513 9301 5169 15212 4132 2468 3858 751 3381 1311 2120 497 248 1283 1623 1434 189 179 1738 134 93 249 75 925 1407 391 1016 57 959 863
is_linear=0
shrinkage=0.1


Tree=40
num_leaves=31
num_cat=0
split_feature=0 4 0 10 0 4 10 3 0 1 10 10 9 0 4 0 9 0 6 0 10 0 4 10 10 8 10 9 7 8
split_gain=1450.53 147.204 93.0115 55.0513 50.6992 26.7832 16.3122 13.6325 13.0656 11.4744 9.64734 11.0463 8.11694 7.60824 7.32127 6.68904 6.53518 6.10826 5.73664 5.39044 5.35522 5.45601 4.7025 4.36027 6.62099 4.35919 8.92479 8.53008 4.27585 6.90669
threshold=27.500000000000004 11.500000000000002 21.500000000000004 7.5000000000000009 31.500000000000004 11.500000000000002 7.5000000000000009 3.5000000000000004 19.500000000000004 2.5000000000000004 7.5000000000000009 22.500000000000004 175.35273550724642 19.500000000000004 5.5000000000000009 24.500000000000004 259.78658186150835 13.500000000000002 8.5000000000000018 29.500000000000004 6.5000000000000009 16.500000000000004 2.5000000000000004 10.500000000000002 8.5000000000000018 0.33072916666666669 5.5000000000000009 352.28435592185599 -1.0000000180025095e-35 0.15954545454545457
decision_type=2 2 2 2 2 2 2 2 2 2 2 2 2 2 2 2 2 2 2 2 2 2 2 2 2 2 2 2 2 2
left_child=1 2 3 8 5 14 -3 15 20 17 28 -12 -11 -8 -2 -4 -17 -5 -13 -16 -1 -22 -19 24 -24 -18 27 -27 -9 -30
right_child=4 6 7 9 -6 -7 13 10 -10 12 11 18 -14 -15 19 16 25 22 -20 -21 21 -23 23 -25 -26 26 -28 -29 29 -31
leaf_value=0.089518508308686282 0.00875711186115905 0.017521529909785859 0.046192185782006616 0.06932084426995469 -0.081840184863121015 -0.078686082284286848 0.0095160015417434587 0.0033002881348359932 0.061840442446734013 0.07479762257580759 -0.054295580037192384 0.094554934684440137 -0.037461765807951707 -0.07737303011583653 -0.013261542964134078 -0.064267343781815547 0.020882628279494463 0.093700032334695177 -0.03268127900677318 -0.057108104740294152 0.08508314399995183 0.048611676835650985 0.035961673182114448 0.094497394507134888 -0.004631430066513338 0.17895341010230914 -0.029920350424907673 0.028757012744995831 0.07108864163007797 0.019338987623055571
leaf_weight=620.07033233344555 78.800709962844849 26.906126603484154 307.00678938627243 53.153436571359634 1402.9180226400495 98.716395862400532 11.15828427672386 116.03053946793079 342.59444323182106 7.8967127352952948 40.183623909950256 9.3198737949132902 34.937301829457283 104.0461341291666 70.63874876499176 8.3033078610897046 166.13286334276199 11.614028900861738 5.7173353284597388 46.492466889321804 95.109660640358925 72.120380863547325 153.94559781253338 9.5415847897529584 54.372300863265991 8.2732951045036334 6.4641133099794379 6.964139759540557 30.701075658202171 161.2318779528141
leaf_count=2752 433 104 969 180 12692 798 52 396 1255 31 252 35 160 821 393 36 576 36 22 340 422 282 506 32 208 29 24 24 105 548
internal_value=-0.00279332 0.0462135 0.0522609 0.0677036 -0.0739202 -0.0362107 -0.052584 0.0263185 0.0781419 0.0314652 0.0115536 -0.0269355 -0.0167661 -0.0689573 -0.0148103 0.0369762 0.0225508 0.038775 0.0461781 -0.0306654 0.0852354 0.0693543 0.0316996 0.0283943 0.0253666 0.0263886 0.0685386 0.110307 0.0184551 0.0276167
internal_weight=4161.36 2463.8 2321.68 1455.36 1697.57 294.648 142.111 866.329 1129.89 325.461 363.184 55.2208 42.834 115.204 195.932 503.145 196.138 282.627 15.0372 117.131 787.3 167.23 229.474 217.859 208.318 187.834 21.7015 15.2374 307.963 191.933
internal_count=24513 9857 8880 5864 14656 1964 977 3016 4711 1153 1358 309 191 873 1166 1658 689 962 57 733 3456 704 782 746 714 653 77 53 1049 653
is_linear=0
shrinkage=0.1


Tree=41
num_leaves=31
num_cat=0
split_feature=0 0 10 4 0 4 0 10 10 9 0 10 10 0 0 0 10 0 8 0 0 10 0 10 8 1 7 6 2 0
split_gain=546.627 123.083 100.575 76.8849 84.0618 45.771 33.1145 31.907 18.6979 16.8821 14.6027 13.7691 13.584 23.9692 11.8523 11.4718 11.2905 11.1186 8.59688 8.27514 10.5854 7.92814 11.7466 7.24826 6.12267 6.1059 5.95927 5.81576 5.95194 6.63221
threshold=40.500000000000007 19.500000000000004 6.5000000000000009 14.500000000000002 33.500000000000007 11.500000000000002 24.500000000000004 7.5000000000000009 19.500000000000004 252.61076388888893 16.500000000000004 7.5000000000000009 19.500000000000004 33.500000000000007 21.500000000000004 44.500000000000007 11.500000000000002 29.500000000000004 0.23420877659574468 28.500000000000004 36.500000000000007 19.500000000000004 45.500000000000007 12.500000000000002 0.29805897723030988 2.5000000000000004 -1.0000000180025095e-35 3.5000000000000004 4.5000000000000009 28.500000000000004
decision_type=2 2 2 2 2 2 2 2 2 2 2 2 2 2 2 2 2 2 2 2 2 2 2 2 2 2 2 2 2 2
left_child=1 2 -1 6 17 15 7 14 -6 12 11 -4 13 -8 -3 -2 -9 27 -12 -11 -21 -7 -23 -19 -13 -20 -26 -5 -29 -30
right_child=5 3 10 4 8 21 9 16 -10 19 18 24 -14 -15 -16 -17 -18 23 25 20 -22 22 -24 -25 26 -27 -28 28 29 -31
leaf_value=-0.067175498129067632 0.013045315120934582 -0.010911734034516972 -0.057103562681596935 0.058076689967444556 -0.053514691489786242 -0.080740418976901429 0.030755916599844779 0.063020043423330327 0.041281689760227808 0.042446488170229967 0.05704864883101838 -0.0054054259979619797 0.049687686490001264 -0.050232972799875243 0.019008053484575065 -0.06418560709188971 0.00069843512772887757 -0.0002334123206764432 0.0031033862732001024 0.067118823182079526 0.036438787571448077 -0.017602370465588775 -0.076209307654085401 0.065985257901933034 -0.0006996783540938389 0.076119040350186559 0.077149580948240246 0.050094500805866561 0.021611243474579926 -0.057795486910419781
leaf_weight=266.35233566910028 79.532184846699238 197.8548284471035 41.085978955030441 109.05084216594696 241.37352956831455 642.67204236984253 130.55621077120304 188.75315803289413 22.769853085279465 489.13454192876816 86.090748116374016 86.157575309276581 138.41726113855839 50.747183986008167 400.20466737449169 25.367680840194225 34.361168742179871 145.87671057879925 81.34462333470583 473.74294000864029 147.46567426621914 53.457424834370613 94.929206997156143 18.642457768321037 17.905243590474129 13.329730942845343 21.81060878932476 58.985215336084366 57.015736848115921 12.897597432136534
leaf_count=2758 367 1261 423 345 1892 6383 441 635 83 1527 361 353 460 315 1484 204 146 640 333 1685 488 373 868 82 80 45 74 187 176 44
internal_value=0.0020611 0.0197575 -0.0209349 0.0283215 -0.00150923 -0.0676993 0.0371546 0.0211495 -0.045343 0.0463451 0.0144848 -0.00683833 0.0260972 0.00808696 0.00910975 -0.00563125 0.0534221 0.0272592 0.0341794 0.0521754 0.0598358 -0.07593 -0.0550957 0.00727014 0.0095686 0.0133837 0.0420525 0.0410798 0.0267 0.00696231
internal_weight=4427.88 3531.93 614.077 2917.85 666.612 895.959 2251.24 821.174 264.143 1430.06 347.725 166.959 319.721 181.303 598.059 104.9 223.114 402.469 180.765 1110.34 621.209 791.059 148.387 164.519 125.873 94.6744 39.7159 237.949 128.899 69.9133
internal_count=24513 16318 4427 11891 3449 8195 8442 3526 1975 4916 1669 930 1216 756 2745 571 781 1474 739 3700 2173 7624 1241 722 507 378 154 752 407 220
is_linear=0
shrinkage=0.1


Tree=42
num_leaves=31
num_cat=0
split_feature=10 0 4 0 0 0 0 10 10 2 0 10 0 11 4 0 8 10 4 12 12 4 8 7 6 5 0 0 11 13
split_gain=652.818 124.178 72.2613 51.2123 41.0386 31.1225 27.9019 34.0055 25.5536 15.5473 12.464 11.3824 6.97787 6.64823 6.94371 14.7267 6.78739 8.87866 6.6478 6.11393 6.05578 6.80859 6.03753 5.49461 5.40542 5.3106 4.99393 4.89111 4.65786 6.40417
threshold=8.5000000000000018 51.500000000000007 6.5000000000000009 22.500000000000004 35.500000000000007 31.500000000000004 47.500000000000007 18.500000000000004 19.500000000000004 5.5000000000000009 28.500000000000004 19.500000000000004 59.500000000000007 4.5000000000000009 19.500000000000004 41.500000000000007 0.26043478260869574 14.500000000000002 18.500000000000004 4.5000000000000009 11.500000000000002 6.5000000000000009 0.32583417593528818 2.5000000000000004 5.5000000000000009 6.5000000000000009 54.500000000000007 25.500000000000004 1.5000000000000002 1.1622807017543864
decision_type=2 2 2 2 2 2 2 2 2 2 2 2 2 2 2 2 2 2 2 2 2 2 2 2 2 2 2 2 2 2
left_child=5 2 4 -4 -2 9 10 28 26 -1 11 -5 19 22 -15 -16 17 24 -9 25 21 -7 -12 -21 -17 -10 -3 -11 29 -8
right_child=1 8 3 6 -6 20 7 18 12 27 13 -13 -14 14 15 16 -18 -19 -20 23 -22 -23 -24 -25 -26 -27 -28 -29 -30 -31
leaf_value=-0.079028760829492839 -0.069722166530106419 -0.047028651405068851 -0.061301950402793848 0.018988287042697821 0.019138190932434369 -0.070965706028156966 0.025171072519806353 0.061145295106266755 0.019897893546326668 -0.026973433511883332 0.033253580021658617 -0.08370495679046186 -0.083665231476786506 0.053532592836280091 0.054222129194446772 0.043113538786932463 -0.038424957176716359 0.061335957304634571 0.01800129402251683 0.0048282233160421226 0.10796469337496645 0.012861335588997292 0.054375748028677486 -0.086259648182120313 -0.036689720818343166 0.11132449259329542 -0.080823367477822913 0.071023306056215915 -0.032038031994275823 -0.047202415540224696
leaf_weight=854.02336782962084 115.17206285893917 77.63682621717453 58.904471695423126 214.64249600470066 94.713510408997536 13.177229456603525 38.486405193805695 81.496917068958282 24.780211865901947 17.752551607787613 1585.5260238572955 11.364679485559462 8.5415428057312948 471.36852826178074 130.14308768510818 12.427097365260122 28.348355367779732 29.356100782752037 63.573212489485741 30.331350460648537 4.8287762179970732 36.604562543332577 147.95440413057804 8.4721765220165235 26.774675920605659 8.5437948852777463 100.11065193265676 7.1421817094087592 134.99660509824753 17.919194623827934
leaf_count=8747 1028 768 492 849 337 93 254 291 105 109 5482 94 69 1628 411 48 110 110 265 132 26 186 500 44 105 37 1123 36 914 120
internal_value=0.00214175 0.0218506 0.027135 0.0310366 -0.0296228 -0.0722067 0.032853 0.00572244 -0.044878 -0.076758 0.0362876 0.0138244 0.00180016 0.0383752 0.0466124 0.0322457 0.00273172 0.0197498 0.0422386 0.0119212 0.00104356 -0.00932766 0.0350564 -0.0150595 -0.0113918 0.0433384 -0.0660625 0.00114137 -0.0219543 0.00217912
internal_weight=4455.11 3521.58 3263.17 3053.28 209.886 933.529 2994.38 336.472 258.417 878.918 2657.91 226.007 80.6691 2431.9 698.418 227.049 96.9062 68.5579 145.07 72.1275 54.6106 49.7818 1733.48 38.8035 39.2018 33.324 177.747 24.8947 191.402 56.4056
internal_count=24513 15316 13038 11673 1365 9197 11181 1844 2278 8892 9337 943 387 8394 2412 784 373 263 556 318 305 279 5982 176 153 142 1891 145 1288 374
is_linear=0
shrinkage=0.1


Tree=43
num_leaves=31
num_cat=0
split_feature=0 0 10 0 10 4 0 0 0 7 10 4 3 9 0 10 13 3 8 13 13 3 4 6 0 4 4 1 12 0
split_gain=1235.72 159.305 143.026 33.0642 27.5817 19.2664 16.783 12.0926 10.7817 8.11142 7.64312 5.73112 5.64288 5.89573 7.07267 5.40377 7.44491 5.56012 5.26464 5.91734 5.10173 4.87641 4.62199 4.57444 4.50449 4.44556 4.19819 5.1812 4.11276 3.96374
threshold=37.500000000000007 47.500000000000007 19.500000000000004 33.500000000000007 19.500000000000004 14.500000000000002 42.500000000000007 54.500000000000007 53.500000000000007 4.5000000000000009 8.5000000000000018 14.500000000000002 8.5000000000000018 209.49947916666667 40.500000000000007 15.500000000000002 1.2792207792207795 5.5000000000000009 0.26726190476190476 1.2344322344322347 1.5857142857142861 14.500000000000002 15.500000000000002 4.5000000000000009 43.500000000000007 15.500000000000002 15.500000000000002 1.5000000000000002 8.5000000000000018 43.500000000000007
decision_type=2 2 2 2 2 2 2 2 2 2 2 2 2 2 2 2 2 2 2 2 2 2 2 2 2 2 2 2 2 2
left_child=3 2 6 -1 8 -5 10 11 -3 29 -2 -6 13 14 -12 20 21 -18 -15 25 23 24 -14 -8 -17 -20 -13 -28 -29 -4
right_child=1 4 9 5 7 -7 15 -9 -10 -11 12 26 22 18 -16 16 17 -19 19 -21 -22 -23 -24 -25 -26 -27 27 28 -30 -31
leaf_value=-0.079949521382878641 -0.09150577395668541 0.071169339890273228 -0.081697447791884162 -0.074477672447758991 -0.0161858639908798 -0.01875513375628397 0.029418014013574537 0.07494440197131072 0.094700846735122149 0.054245117073450005 -0.03700443115296171 0.097799714963098305 -0.023838170291788838 0.041128738659879496 0.01588427373531719 -0.0078559693170986676 -0.017516307864711585 0.071536265264376564 -0.022201243878240143 -0.095871104920728784 -0.017232947434306169 0.099477017318177416 0.03031859165407888 0.057827141973303735 0.028274204577507001 0.093493621828863255 0.0034677104438769696 0.063841493789414575 -0.0091039209327496273 -0.049282632857040119
leaf_weight=1239.9909425675869 6.2704809606075278 545.50863985717297 105.12886572629213 102.41707402467728 30.919617563486099 157.42734618484974 70.320948556065559 61.898777365684509 302.78182339668274 5.4226138964295378 50.611020430922508 9.0672648549079877 16.616006433963776 58.840885236859322 50.527848035097122 41.417837634682655 7.8991657793521872 62.369176879525185 9.4490108937025088 6.5665369480848303 10.863294392824171 8.4538881778717023 305.47739148139954 292.16519883275032 206.80123922228813 5.1213131844997397 48.460875317454338 39.480659961700439 9.6107890307903272 58.836878962814808
leaf_count=12744 33 2053 945 966 142 996 219 227 1328 28 256 36 72 263 189 140 25 195 43 30 34 27 1109 910 631 21 179 134 33 505
internal_value=-0.00179389 0.0423064 0.0199755 -0.0731527 0.0717013 -0.040718 0.0320256 0.0382391 0.0795685 -0.0660863 0.0182167 0.0217201 0.019584 0.00546226 -0.0105818 0.042072 0.0326848 0.0615255 0.0257514 -0.017056 0.0502922 0.0247893 0.0275248 0.0523159 0.0222455 0.0184643 0.0327129 0.0266632 0.0495607 -0.0700658
internal_weight=3926.72 2426.89 1379.16 1499.84 1047.73 259.844 1209.77 199.438 848.29 169.388 509.48 137.539 503.21 181.117 101.139 700.291 326.941 70.2683 79.9777 21.1369 373.349 256.673 322.093 362.486 248.219 14.5703 106.62 97.5523 49.0914 163.966
internal_count=24513 9807 5675 14706 4132 1962 4197 751 3381 1478 2016 524 1983 802 445 2181 1018 220 357 94 1163 798 1181 1129 771 64 382 346 167 1450
is_linear=0
shrinkage=0.1


Tree=44
num_leaves=31
num_cat=0
split_feature=0 4 0 10 0 9 10 0 10 4 0 1 9 0 9 11 1 8 6 10 0 9 6 4 5 9 0 9 2 2
split_gain=1240.34 145.537 89.9298 51.4158 26.0784 15.0382 14.8089 13.5358 9.72101 9.39562 7.47391 7.38722 6.94526 6.42446 6.03352 5.83531 5.50356 5.47656 5.32379 5.23072 5.13958 4.75337 4.65197 4.37916 4.29281 4.35653 4.24841 4.23903 4.17243 3.96922
threshold=28.500000000000004 11.500000000000002 20.500000000000004 7.5000000000000009 31.500000000000004 265.93608974358978 7.5000000000000009 24.500000000000004 6.5000000000000009 7.5000000000000009 19.500000000000004 2.5000000000000004 175.35273550724642 17.500000000000004 216.87142547928264 5.5000000000000009 1.5000000000000002 0.24807692307692308 2.5000000000000004 6.5000000000000009 12.500000000000002 282.8497756410257 12.500000000000002 5.5000000000000009 1.5000000000000002 288.39128787878792 23.500000000000004 347.66613636363644 1.5000000000000002 1.0000000180025095e-35
decision_type=2 2 2 2 2 2 2 2 2 2 2 2 2 2 2 2 2 2 2 2 2 2 2 2 2 2 2 2 2 2
left_child=1 2 3 13 5 -2 26 8 17 16 -8 20 -13 -1 -9 22 -10 -4 28 -15 -5 -19 23 -7 -17 -26 -3 29 -16 -11
right_child=4 6 7 11 -6 15 10 14 9 27 -12 12 -14 19 18 24 -18 21 -20 -21 -22 -23 -24 -25 25 -27 -28 -29 -30 -31
leaf_value=0.086562509465803378 -0.074503369250671206 0.066980388763218879 0.048963511891297204 0.072033212335471913 -0.080953127298614702 -0.0068329790181343459 0.0097425596008004489 -0.091199053377651398 0.045044622574351441 0.085878365840497253 -0.076177718957649188 0.072182013570863443 -0.033838205852792208 0.074081236656999838 0.010055493693319284 0.12896366672011358 -0.025415397610010017 0.00036077379477728207 0.017089149087333836 0.044223287148853041 0.030303469875862805 0.035966123929006603 0.084797251335571366 -0.05135322697929115 0.11900996546463777 -0.016485450466411457 -0.015756451934077872 -0.10728896193108313 -0.051444947291481448 -0.016901344061790589
leaf_weight=433.59299020469189 81.325909830629826 9.3648492097854632 323.80847933888435 33.967308789491653 1275.4625883325934 37.936751395463943 11.108353331685064 5.644198663532733 69.563849225640297 4.0332411974668494 114.26219649612904 7.8058757781982413 29.644988209009171 389.75137315690517 22.747403189539909 3.6919951885938671 13.187036752700804 46.663286209106445 347.642403870821 69.07152085006237 225.1483261436224 190.83175989985466 3.4956417828798285 52.906308926641941 2.9228061139583579 12.614065505564211 18.400657221674919 4.8329032734036437 21.418349668383598 54.944047324359417
leaf_count=2138 703 32 1063 123 12692 224 52 31 236 17 980 30 133 1741 85 23 50 150 1379 273 746 617 23 385 20 79 78 23 99 288
internal_value=-0.00315428 0.0404577 0.0467578 0.0658467 -0.0757472 -0.0416778 -0.0539303 0.0262239 0.034516 0.0115825 -0.0685648 0.0297736 -0.0117404 0.0778345 0.0114556 -0.0181714 0.0338162 0.0405041 0.0129343 0.0695864 0.0357738 0.0289703 -0.0284052 -0.0327612 0.0320366 0.00900403 0.0121493 -0.0172508 -0.0197694 -0.00987262
internal_weight=3917.79 2447.44 2294.3 1188.98 1470.36 194.893 153.136 1105.32 707.865 146.561 125.371 296.566 37.4509 892.416 397.452 113.568 82.7509 561.304 391.808 458.823 259.116 237.495 94.3387 90.8431 19.2289 15.5369 27.7655 63.8102 44.1658 58.9773
internal_count=24513 10364 9222 5184 14149 1457 1142 4038 2444 614 1032 1032 163 4152 1594 754 286 1830 1563 2014 869 767 632 609 122 99 110 328 184 305
is_linear=0
shrinkage=0.1


Tree=45
num_leaves=31
num_cat=0
split_feature=0 0 10 4 0 4 0 10 10 0 4 10 10 0 0 3 0 8 0 0 0 10 4 2 10 0 0 3 0 9
split_gain=472.547 93.8012 87.285 62.015 70.7327 44.8485 24.8102 25.8678 16.6796 12.5821 12.331 9.30613 36.1619 13.0343 9.69814 9.87376 8.33774 7.61383 7.43107 7.074 9.59493 6.72625 6.65972 6.34113 6.27495 8.66598 6.11237 5.39723 6.2737 6.53178
threshold=40.500000000000007 19.500000000000004 6.5000000000000009 14.500000000000002 33.500000000000007 12.500000000000002 22.500000000000004 6.5000000000000009 19.500000000000004 45.500000000000007 3.5000000000000004 19.500000000000004 10.500000000000002 33.500000000000007 27.500000000000004 3.5000000000000004 26.500000000000004 0.31726674409601241 15.500000000000002 25.500000000000004 35.500000000000007 7.5000000000000009 7.5000000000000009 2.5000000000000004 19.500000000000004 45.500000000000007 28.500000000000004 8.5000000000000018 34.500000000000007 160.89314814814819
decision_type=2 2 2 2 2 2 2 2 2 2 2 2 2 2 2 2 2 2 2 2 2 2 2 2 2 2 2 2 2 2
left_child=1 2 -1 6 16 9 7 17 27 -2 -4 12 14 -14 15 -8 -5 23 21 -13 26 -12 -9 -3 -7 -26 -21 28 29 -6
right_child=5 3 10 4 8 24 11 22 -10 -11 18 19 13 -15 -16 -17 -18 -19 -20 20 -22 -23 -24 -25 25 -27 -28 -29 -30 -31
leaf_value=-0.064662422617735985 0.0057256563022134149 -0.023226840435234361 -0.032210006308555375 0.048900903302959514 0.14643451669831747 -0.080027579466791343 0.021184988783709245 0.01832771318518514 0.03839196532121749 -0.074589098578298582 -0.05481674737959874 0.010526828665197543 0.013070477382102447 -0.051176972961644376 0.055592717876620415 0.044751047009782982 0.016243109998312796 0.028541577847126257 0.032164818418530562 0.038314071355050883 0.036200891615360879 0.012315321924889343 0.059259600327066911 0.016987869458399293 -0.019439902941682685 -0.074485705125938426 0.069545298628395577 -0.061767548168637915 -0.040266125018210218 -0.020272012792277024
leaf_weight=237.81695379316807 98.782654143869877 172.54649740457535 49.013985157012939 106.43545034527779 3.8787360936403257 573.89532092958689 328.09683620929718 64.207883849740028 22.974090024828911 24.304964117705822 19.304652146995068 44.376676142215729 68.905687138438225 58.289519399404526 291.4327414482832 388.09126758575439 294.4424097687006 51.572979673743248 207.98754595220089 81.469979465007782 233.30651640892029 65.785643130540848 104.35033644735813 50.740362614393234 43.77254680544138 82.512365214526653 271.50565613806248 152.97417605668306 64.790295951068401 5.964491605758667
leaf_count=2758 516 1021 309 340 27 6316 1077 262 83 218 220 159 247 369 1046 1272 1134 282 868 264 748 272 392 283 319 826 1020 1289 535 41
internal_value=0.0022547 0.0185406 -0.0181317 0.0259756 -0.00113768 -0.0658008 0.033972 0.0128249 -0.0428148 -0.0101333 0.0142158 0.0392833 0.033871 -0.0163721 0.0402133 0.0339551 0.0249139 -0.00608952 0.0219799 0.0490224 0.0519362 -0.0029151 0.0436677 -0.0140883 -0.0755868 -0.0554059 0.0623368 -0.0510116 -0.0289653 0.0454189
internal_weight=4263.53 3440.26 579.909 2860.35 651.46 823.268 2208.89 443.418 250.582 123.088 342.092 1765.47 1134.82 127.195 1007.62 716.188 400.878 274.86 293.078 630.659 586.282 85.0903 168.558 223.287 700.18 126.285 352.976 227.608 74.6335 9.84323
internal_count=24513 16318 4427 11891 3449 8195 8442 2240 1975 734 1669 6202 4011 616 3395 2349 1474 1586 1360 2191 2032 492 654 1304 7461 1145 1284 1892 603 68
is_linear=0
shrinkage=0.1


Tree=46
num_leaves=31
num_cat=0
split_feature=10 0 0 4 0 0 10 0 10 2 10 0 1 0 0 4 0 13 0 10 13 0 10 0 4 7 5 0 0 6
split_gain=563.865 98.1453 58.9254 44.0439 30.4235 29.7092 23.1485 20.6024 28.1124 15.5202 9.27749 28.0778 9.2511 7.41825 7.40874 6.91232 6.16577 5.51936 6.83634 22.4704 9.34551 6.83449 6.30215 12.3087 8.67386 6.02454 5.95449 5.75801 7.08661 5.52425
threshold=8.5000000000000018 51.500000000000007 24.500000000000004 6.5000000000000009 31.500000000000004 35.500000000000007 19.500000000000004 46.500000000000007 18.500000000000004 5.5000000000000009 21.500000000000004 32.500000000000007 2.5000000000000004 22.500000000000004 37.500000000000007 18.500000000000004 59.500000000000007 0.34313725490196084 42.500000000000007 18.500000000000004 0.53939393939393943 32.500000000000007 19.500000000000004 35.500000000000007 9.5000000000000018 7.5000000000000009 6.5000000000000009 29.500000000000004 38.500000000000007 3.5000000000000004
decision_type=2 2 2 2 2 2 2 2 2 2 2 2 2 2 2 2 2 2 2 2 2 2 2 2 2 2 2 2 2 2
left_child=4 2 12 5 9 -4 -3 10 -9 -1 17 -12 -2 -14 -13 -10 -8 21 20 -20 25 -5 24 -24 -22 26 -19 29 -29 -26
right_child=1 6 3 7 -6 -7 16 8 15 -11 11 14 13 -15 -16 -17 -18 18 19 -21 22 -23 23 -25 27 -27 -28 28 -30 -31
leaf_value=-0.078042305389658173 -0.060419636707392678 -0.063584955116538278 -0.064926721955219549 -0.0044749739310332741 0.0024111074231886742 0.01732183083212328 0.011709420921820847 -0.0099335014247510459 0.056836599153989337 0.0029051875081523896 -0.082734935989302649 -0.0022005893372755709 -0.046508214386605837 0.039608268819945086 0.046066187549019783 0.017887070892145748 -0.082590492801774509 0.028187045774410231 0.012729779926632143 0.057389920147750996 0.12617928044568477 0.064091454215554719 -0.047024947910737802 0.032998820667619694 0.0083106765120403488 -0.047448592596448708 -0.057513959787459705 0.050944489996626402 0.034965667798350232 0.040615395586402779
leaf_weight=771.83066234737635 86.499746255576611 159.32702754437923 82.044919721782207 16.605564504861832 53.401484981179237 94.503005370497704 71.513146966695786 266.20387754589319 109.42034721374512 24.435769021511078 26.637964636087418 48.7816421687603 19.477969042956829 20.563301995396614 91.361556321382523 78.074872300028801 7.678147926926612 77.083387792110443 406.59292282164097 155.8410332351923 12.126644879579542 116.71478225290775 23.133844047784805 113.63566479086876 95.643788784742355 16.112116754055023 9.0601400136947614 645.11086419224739 487.14736142754555 118.54376871883869
leaf_count=8747 703 1891 798 58 305 337 318 1654 401 145 238 263 179 107 294 322 69 253 1494 559 46 404 122 373 333 52 30 2122 1506 390
internal_value=0.00232528 0.0202713 0.0248604 0.027599 -0.0706578 -0.0209005 -0.0416218 0.0305376 0.0109572 -0.0755582 0.0341486 0.0113768 -0.0420235 -0.00228286 0.0292653 0.0406176 0.00256639 0.0358047 0.0345859 0.0251044 0.0379239 0.0555512 0.0399239 0.0194632 0.0419838 0.00867601 0.0191734 0.0412255 0.0440697 0.02619
internal_weight=4305.11 3455.44 3216.92 3090.38 849.668 176.548 238.518 2913.83 453.699 796.266 2460.13 166.781 126.541 40.0413 140.143 187.495 79.1913 2293.35 2160.03 562.434 1597.6 133.32 1495.34 136.77 1358.57 102.256 86.1435 1346.45 1132.26 214.188
internal_count=24513 15316 13038 12049 9197 1135 2278 10914 2377 8892 8537 795 989 286 557 723 387 7742 7280 2053 5227 462 4892 495 4397 335 283 4351 3628 723
is_linear=0
shrinkage=0.1


Tree=47
num_leaves=31
num_cat=0
split_feature=0 0 10 0 10 4 0 0 10 0 0 3 9 8 0 9 4 12 3 9 9 11 5 6 3 11 13 7 10 5
split_gain=1055.84 132.16 125.343 34.2457 19.6082 18.5286 16.9184 12.4843 8.44932 7.6307 7.52876 6.53178 7.78508 5.97435 5.89582 5.73419 5.22921 4.8808 5.51019 5.19178 4.52906 4.49886 5.20089 7.15496 4.21546 3.74037 3.61492 4.05254 3.58282 5.30774
threshold=37.500000000000007 48.500000000000007 19.500000000000004 33.500000000000007 19.500000000000004 14.500000000000002 44.500000000000007 46.500000000000007 8.5000000000000018 53.500000000000007 56.500000000000007 8.5000000000000018 258.74669312169317 0.22474489795918368 39.500000000000007 225.86830065359479 14.500000000000002 8.5000000000000018 8.5000000000000018 208.85678815004266 188.44438821412507 4.5000000000000009 2.5000000000000004 6.5000000000000009 7.5000000000000009 3.5000000000000004 1.4833333333333336 1.5000000000000002 13.500000000000002 4.5000000000000009
decision_type=2 2 2 2 2 2 2 2 2 2 2 2 2 2 2 2 2 2 2 2 2 2 2 2 2 2 2 2 2 2
left_child=3 2 6 -1 9 -5 8 -4 -2 -3 -6 12 13 14 20 26 -13 18 -9 -20 -10 22 23 -15 -8 -24 27 -16 29 -7
right_child=1 4 7 5 10 28 24 17 11 -11 -12 16 -14 21 15 -17 -18 -19 19 -21 -22 -23 25 -25 -26 -27 -28 -29 -30 -31
leaf_value=-0.079089845993197794 -0.091681076197935849 0.069443365241670052 -0.070848725380622826 -0.073027749737733058 0.0300527154368085 -0.016848584219222407 0.027344473345415812 -0.054396390010791142 -0.089755777685056937 0.09119875102616426 0.082043014402936737 -0.033201989924422401 0.068834765573962384 0.0052188244857099267 0.066896907306598627 -0.011870032560077829 0.031626069009014678 0.058614918440331155 -0.036896597396271193 0.11085925521256659 0.0050383977049687483 -0.040679095526585558 -0.021988346987373501 0.12907388715853321 0.049751674190543015 0.039808580493465723 -0.0061810285291922316 0.0084545286316200317 -0.044371891154658477 0.043824459479143797
leaf_weight=1123.8314480409026 6.4388691782951346 393.40484018623829 141.57091483473778 93.674707904458046 137.86963324248791 101.05306223779917 104.14736643433571 21.200893960893158 7.2061654627323177 273.17762732505798 34.905277639627457 12.761320933699606 21.321151316165924 14.483900412917139 51.780288830399513 23.389357715845108 498.14653678238392 8.7553026974201185 4.7415122389793378 4.770904928445816 16.768316507339478 34.010631054639816 57.02813346683979 6.8796728998422614 433.1397690474987 11.825448617339132 11.952928036451338 15.392102196812628 35.648239240050316 16.818066649138927
leaf_count=12744 35 1615 1361 966 489 649 325 138 40 1328 142 51 84 60 186 87 1710 54 22 23 91 141 237 29 1413 47 44 55 238 109
internal_value=-0.00195416 0.0387744 0.0210691 -0.0716776 0.0705777 -0.037979 0.0317203 -0.0569833 0.0224037 0.0783591 0.0405562 0.0233419 0.0108247 0.00589152 0.0211896 0.0316302 0.0300068 -0.00724899 -0.0260245 0.0372096 -0.0234545 -0.009685 0.00199934 0.0451036 0.0454083 -0.0113749 0.0444888 0.0535052 -0.0165929 -0.00819164
internal_weight=3718.09 2347.07 1507.71 1371.03 839.357 247.194 1326.67 181.04 789.385 666.582 172.775 782.946 272.038 250.717 126.489 102.515 510.908 39.4686 30.7133 9.51242 23.9745 124.228 90.2172 21.3636 537.287 68.8536 79.1253 67.1724 153.519 117.871
internal_count=24513 9807 6233 14706 3574 1962 4635 1598 2897 2943 631 2862 1101 1017 503 372 1761 237 183 45 131 514 373 89 1738 284 285 241 996 758
is_linear=0
shrinkage=0.1


Tree=48
num_leaves=31
num_cat=0
split_feature=0 4 0 10 0 9 10 2 0 0 3 0 10 0 1 9 11 4 10 9 8 11 13 9 9 6 2 8 9 6
split_gain=1063.17 121.182 77.3513 47.6495 27.6253 15.1438 13.6153 10.9336 9.45237 7.17774 7.03891 6.9021 6.16981 6.09471 5.25767 6.45502 5.0824 4.79724 4.78712 4.25459 4.13175 6.06232 6.65418 5.81676 6.5941 6.93086 6.44577 4.29857 4.14449 4.88695
threshold=28.500000000000004 11.500000000000002 20.500000000000004 7.5000000000000009 31.500000000000004 261.99600202429156 7.5000000000000009 3.5000000000000004 23.500000000000004 19.500000000000004 6.5000000000000009 17.500000000000004 7.5000000000000009 13.500000000000002 2.5000000000000004 175.35273550724642 5.5000000000000009 5.5000000000000009 6.5000000000000009 288.39128787878792 0.19657494145199064 1.0000000180025095e-35 0.74342105263157909 323.47114845938387 334.09273657628927 5.5000000000000009 1.5000000000000002 0.38138528138528138 415.70721153846165 7.5000000000000009
decision_type=2 2 2 2 2 2 2 2 2 2 2 2 2 2 2 2 2 2 2 2 2 2 2 2 2 2 2 2 2 2
left_child=1 2 3 11 5 -2 -3 8 10 -8 -4 -1 -9 -5 -15 -16 17 -7 -13 -12 21 -10 -23 27 25 -25 -26 -22 29 -24
right_child=4 6 7 13 -6 16 9 12 20 -11 19 18 -14 14 15 -17 -18 -19 -20 -21 23 22 28 24 26 -27 -28 -29 -30 -31
leaf_value=0.083470522139562658 -0.074011253549533348 0.0118313200489506 0.039310134633010481 0.057381713460856215 -0.080153321639411246 0.001431798113560429 0.0097595964994115717 0.0091187014414224818 0.087759481234900544 -0.07481240838429265 0.0021175138800534486 0.069648994175381368 -0.044294968373804935 0.025982606962077666 0.0706556704541315 -0.040021032981341492 0.031285005081992077 -0.044749912873445714 0.040475654699688363 -0.13466888908348384 0.0012950902175525205 -0.0036513824129600983 0.061753031030902739 0.022815751042378173 0.030508444309731764 0.11954888234090744 -0.010718242823436887 -0.087465014568480021 -0.028160892048558261 0.0048532902729597222
leaf_weight=391.93395166099072 72.439420960843563 27.19204843044281 461.05731579661369 53.805095449090004 1158.5690086334944 39.190462544560432 11.091801092028616 71.239999666810036 17.034345045685768 105.36702908575535 6.5531200468540174 359.38418415188789 31.051520153880119 207.93002952635288 6.6270842999219886 25.727774187922478 19.370264276862144 52.794363990426064 66.684157431125641 3.4822171404957771 160.23577259480953 52.476903364062309 61.794668570160866 16.21908633410931 107.32152245938778 13.63261368870735 58.649277880787849 5.6485128849744788 7.8621596843004218 19.973279491066933
leaf_count=2138 682 110 1600 194 12692 240 52 256 62 980 31 1741 210 689 26 123 124 411 273 17 624 195 230 57 374 47 210 23 28 74
internal_value=-0.00344153 0.0371143 0.0429087 0.0614817 -0.0744395 -0.0384221 -0.0518813 0.0240324 0.0272424 -0.0667576 0.0375068 0.0738931 -0.0070955 0.0269597 0.0201476 -0.0173517 -0.0152704 -0.025074 0.0650831 -0.0453468 0.0179587 0.0313863 0.0246288 0.0120509 0.0237226 0.0669916 0.0159401 -0.00172727 0.0411864 0.0478543
internal_weight=3692.34 2349.98 2206.32 1112.09 1342.36 183.795 143.651 1094.23 991.941 116.459 471.093 818.002 102.292 294.09 240.285 32.3549 111.355 91.9848 426.068 10.0353 520.848 159.141 142.107 361.707 195.823 29.8517 165.971 165.884 89.6301 81.7679
internal_count=24513 10364 9222 5184 14149 1457 1142 4038 3572 1032 1648 4152 466 1032 838 149 775 651 2014 48 1924 589 527 1335 688 104 584 647 332 304
is_linear=0
shrinkage=0.1


Tree=49
num_leaves=31
num_cat=0
split_feature=0 0 10 4 4 0 0 10 4 0 10 0 0 0 10 4 0 10 0 4 10 4 8 0 11 13 12 10 8 5
split_gain=408.156 71.3463 66.0556 45.632 44.2968 43.031 19.3659 31.9196 15.071 18.6237 16.8153 12.6698 11.5517 8.95965 8.88889 7.59867 6.89123 6.68687 8.6557 6.1204 5.86303 5.77795 5.53023 5.07868 5.89918 7.45972 5.03243 5.00859 4.94798 4.90771
threshold=40.500000000000007 18.500000000000004 6.5000000000000009 16.500000000000004 12.500000000000002 33.500000000000007 22.500000000000004 6.5000000000000009 11.500000000000002 31.500000000000004 18.500000000000004 26.500000000000004 45.500000000000007 37.500000000000007 19.500000000000004 3.5000000000000004 34.500000000000007 19.500000000000004 45.500000000000007 5.5000000000000009 8.5000000000000018 7.5000000000000009 0.31726674409601241 26.500000000000004 4.5000000000000009 0.78888888888888908 1.5000000000000002 4.5000000000000009 0.18441295546558703 2.5000000000000004
decision_type=2 2 2 2 2 2 2 2 2 2 2 2 2 2 2 2 2 2 2 2 2 2 2 2 2 2 2 2 2 2
left_child=1 2 -1 6 12 -5 7 22 11 23 16 -8 -2 -13 -7 -4 -11 -6 -19 -15 -17 -9 -3 -10 27 -26 -21 -25 -29 -12
right_child=4 3 15 5 17 14 8 21 9 10 29 13 -14 19 -16 20 -18 18 -20 26 -22 -23 -24 24 25 -27 -28 28 -30 -31
leaf_value=-0.071575630535316945 0.0065120318058670239 -0.014736571607275296 -0.028582708494535661 0.019198128470562306 -0.079276094646404352 -0.049032381879717667 0.02716759618316987 0.020314721775898926 0.048782684753084095 -0.001669574537289188 -0.037825422630915581 0.050175492948971293 -0.073140671654687156 0.062054924114416835 0.050154487863190184 0.0073654842319599212 -0.05223303179639123 -0.016710075425014737 -0.073172590192445625 0.071668865860683065 0.044102463244966 0.05202655535756763 0.019348428696012304 0.10737614099052217 0.072087728029629941 -0.042299113036811616 3.1223670030663028e-05 0.068255293376200857 0.012787397823452349 0.040685729928429518
leaf_weight=159.66612130403519 98.120371095836163 263.16672793775797 44.183310382068157 268.21101999282837 519.01506172865629 172.19089848548174 619.55352257192135 94.588406920433044 124.73411475121975 45.441531948745251 9.1381209194660169 727.00073125958443 22.355681963264942 27.739636123180389 9.5355825722217542 170.75675273686647 66.251834608614445 42.357607774436474 75.626322895288467 11.132039695978163 58.26613475382328 146.35558927059174 58.112327560782433 8.2533022910356504 7.3737391531467429 25.135948926210403 82.325872279703617 21.080569818615913 67.82586632668972 61.856029741466045
leaf_count=2152 516 1839 296 1007 6316 1545 2050 395 408 238 34 2692 218 86 36 923 519 319 826 37 195 559 353 30 26 84 287 70 228 229
internal_value=0.00241787 0.0174079 -0.0204765 0.0230298 -0.0638743 -0.0062576 0.0283711 0.012063 0.0331845 0.0168848 -0.00747395 0.0380386 -0.00826842 0.0459791 -0.0438278 0.00938671 -0.0316617 -0.0743911 -0.0529019 0.0208071 0.0167118 0.0395773 -0.00857134 0.0343768 0.0205192 -0.0163543 0.00856419 0.0328571 0.0259394 0.03058
internal_weight=4107.35 3349.88 432.872 2917 757.475 449.938 2467.07 562.223 1904.84 437.091 182.688 1467.75 120.476 848.198 181.726 273.206 111.693 636.999 117.984 121.198 229.023 240.944 321.279 254.404 129.669 32.5097 93.4579 97.1597 88.9064 70.9942
internal_count=24513 16318 3566 12752 8195 2588 10164 3146 7018 1866 1020 5152 734 3102 1581 1414 757 7461 1145 410 1118 954 2192 846 438 110 324 328 298 263
is_linear=0
shrinkage=0.1


Tree=50
num_leaves=31
num_cat=0
split_feature=10 0 0 4 0 0 0 10 2 10 4 11 4 0 12 11 1 12 0 8 4 8 9 4 13 8 0 1 4 0
split_gain=487.744 77.6924 47.6401 37.1703 29.8151 27.0172 19.7209 17.3464 15.5462 15.0515 7.98424 6.01994 6.92502 8.36101 6.79401 6.76252 5.69086 8.0331 7.33396 5.74031 8.15315 5.61451 6.71017 6.56447 5.51193 5.82286 5.32463 5.24959 5.52107 5.14205
threshold=8.5000000000000018 52.500000000000007 23.500000000000004 6.5000000000000009 31.500000000000004 35.500000000000007 48.500000000000007 18.500000000000004 5.5000000000000009 19.500000000000004 19.500000000000004 4.5000000000000009 17.500000000000004 41.500000000000007 8.5000000000000018 1.0000000180025095e-35 2.5000000000000004 1.5000000000000002 27.500000000000004 0.18942218080149117 13.500000000000002 0.26043478260869574 197.53988095238094 19.500000000000004 0.71008403361344552 0.23368794326241135 24.500000000000004 2.5000000000000004 19.500000000000004 47.500000000000007
decision_type=2 2 2 2 2 2 2 2 2 2 2 2 2 2 2 2 2 2 2 2 2 2 2 2 2 2 2 2 2 2
left_child=4 2 -2 5 8 -4 11 10 -1 -3 -8 14 16 -14 26 -16 17 19 -19 20 -13 22 24 -23 -15 -26 -5 -24 -29 -17
right_child=1 9 3 6 -6 -7 7 -9 -10 -11 -12 12 13 21 15 29 -18 18 -20 -21 -22 23 27 -25 25 -27 -28 28 -30 -31
leaf_value=-0.077120734735938432 -0.049257581569221345 -0.066850851411238629 -0.063614775232807952 -0.029396130989015987 0.0036265571266699084 0.015623307264440937 0.010087748059164403 0.028351333962080474 0.0046220912595752364 -0.0038954206144958987 -0.040659620850243272 -0.052661314767971368 0.040404483392755319 -0.061176270861821092 0.038571824371865571 0.011622309040603497 0.068120811260363234 -0.016950722152843194 0.049452806167341407 -0.041338267387690392 0.10433344729813268 0.044226747522369034 0.085792416059146115 -0.043662213128518798 0.00092402079398100486 0.082166056189517486 0.030615154736804585 0.10682608532467625 -0.020069610170883885 -0.058306662800544362
leaf_weight=697.82741521298885 90.179721221327782 116.81528904289007 79.113889835774899 14.937877550721167 52.54301043599844 94.343410283327103 46.950265407562256 121.67380173504353 24.06868164986372 56.269448645412922 91.277645543217659 5.4459614902734748 204.61252428591251 11.210402131080626 103.17512604594231 343.75999969244003 91.138237550854683 17.753653608262539 263.36837670952082 19.631182737648487 8.4258534312248212 11.51885476708412 22.828360483050346 32.407788947224617 50.604876935482025 10.68489049375057 1445.3093824386597 4.6491135656833675 13.06146828830242 10.847106039524077
leaf_count=8747 804 1598 838 84 305 337 389 484 145 320 776 23 671 44 372 1239 326 83 968 73 28 43 90 138 199 42 5212 17 57 61
internal_value=0.00248419 0.0188766 0.0223967 0.0244686 -0.0691018 -0.0205172 0.027118 0.000815395 -0.0743954 -0.0463842 -0.0234229 0.0296636 0.0371493 0.0270857 0.0266689 0.0160392 0.046117 0.039743 0.0452592 -0.00654306 0.0426986 0.00972402 0.0215137 -0.0206151 0.00329495 0.0150873 0.0300013 0.0540963 0.0132411 0.00948325
internal_weight=4156.43 3381.99 3208.91 3118.73 774.439 173.457 2945.27 259.902 721.896 173.085 138.228 2685.37 767.342 361.578 1918.03 457.782 405.763 314.625 281.122 33.503 13.8718 156.966 113.039 43.9266 72.5002 61.2898 1460.25 40.5389 17.7106 354.607
internal_count=24513 15316 13398 12594 9197 1175 11419 1649 8892 1918 1165 9770 2802 1301 6968 1672 1501 1175 1051 124 51 630 449 181 285 241 5296 164 74 1300
is_linear=0
shrinkage=0.1


Tree=51
num_leaves=31
num_cat=0
split_feature=0 0 10 0 10 4 0 0 0 10 0 7 3 9 8 0 9 12 4 9 8 4 13 8 2 8 9 11 5 6
split_gain=900.971 111.929 104.516 35.7011 18.5032 18.1269 12.6818 12.5488 8.27234 7.51973 6.63032 6.62369 5.17788 6.48856 5.05619 4.75929 4.76318 4.56941 4.40643 4.24462 4.12684 5.20392 4.37925 4.06925 6.58758 4.217 3.97342 3.97228 4.40336 5.69276
threshold=37.500000000000007 48.500000000000007 19.500000000000004 33.500000000000007 19.500000000000004 14.500000000000002 43.500000000000007 44.500000000000007 53.500000000000007 8.5000000000000018 56.500000000000007 1.0000000180025095e-35 8.5000000000000018 258.74669312169317 0.22474489795918368 39.500000000000007 225.86830065359479 11.500000000000002 14.500000000000002 188.44438821412507 0.17694497153700192 23.500000000000004 0.41428571428571431 0.12262799856784816 7.5000000000000009 0.10582306830907051 265.02321078431379 4.5000000000000009 2.5000000000000004 6.5000000000000009
decision_type=2 2 2 2 2 2 2 2 2 2 2 2 2 2 2 2 2 2 2 2 2 2 2 2 2 2 2 2 2 2
left_child=3 2 7 -1 8 -5 -4 9 -3 -2 -6 17 13 14 15 19 -17 -8 -14 -11 21 23 -22 25 -25 -9 -24 28 29 -16
right_child=1 4 6 5 10 -7 11 20 -10 12 -12 -13 18 -15 27 16 -18 -19 -20 -21 22 -23 26 24 -26 -27 -28 -29 -30 -31
leaf_value=-0.078298445213558845 -0.090299637254391441 0.064627243112588925 -0.080254368927256015 -0.071626891454264638 0.027275084043738653 -0.013937813765701915 -0.049478249195789303 -0.0024256172876557826 0.088330843090518529 -0.088222270111815174 0.077569925172246271 0.025528756827380063 -0.030920142679716923 0.062939670642983295 0.0054244113778956493 0.040755525075749754 -0.010699963276090281 0.059113320179076646 0.029078830085442205 0.0062159230465490597 -0.0036127004301247465 0.067908437465465543 0.049097718108182892 0.012550010676128693 -0.089416868277267886 0.10677037573687582 -0.0094127300382603665 -0.038012347712766549 -0.010040928258479636 0.1140782126000478
leaf_weight=1018.5806104205549 6.0410141497850409 367.84685748815536 90.344893768429756 85.88685081154108 137.77875027060509 148.89006727188826 55.358103357255459 6.1244454085826847 245.488051623106 6.6721647679805782 32.369236975908279 19.306666366755962 12.547587990760801 21.727765619754791 14.440029740333559 80.096902564167976 23.201177999377251 4.1666250228881827 500.16788701713085 16.600666508078575 17.591310560703278 20.947870939970016 390.73397529125214 64.393427819013596 7.0273339450359336 8.3699940145015717 11.961716800928114 33.231306165456772 68.073883712291718 7.2396629154682151
leaf_count=12744 35 1615 952 966 489 996 487 20 1328 40 142 124 51 84 60 285 87 35 1710 91 57 73 1293 208 23 26 38 141 284 29
internal_value=-0.00214269 0.0354346 0.0193124 -0.0701957 0.0660205 -0.0350418 -0.0546792 0.0288156 0.0741146 0.0208427 0.0368433 -0.0253686 0.0216991 0.0105267 0.00596334 0.0199943 0.0291984 -0.041877 0.0276105 -0.0208589 0.0407647 0.0232178 0.0452262 0.0123213 0.00251714 0.060631 0.0473597 -0.00847672 0.00245886 0.041708
internal_weight=3523.21 2269.85 1486.37 1253.36 783.483 234.777 169.176 1317.19 613.335 790.04 170.148 78.8314 783.999 271.284 249.556 126.571 103.298 59.5247 512.715 23.2728 527.15 106.863 420.287 85.9152 71.4208 14.4944 402.696 122.985 89.7536 21.6797
internal_count=24513 9807 6233 14706 3574 1962 1598 4635 2943 2897 631 646 2862 1101 1017 503 372 522 1761 131 1738 350 1388 277 231 46 1331 514 373 89
is_linear=0
shrinkage=0.1


Tree=52
num_leaves=31
num_cat=0
split_feature=0 4 0 10 0 4 2 0 10 0 10 3 0 11 10 4 8 1 9 8 0 12 13 10 9 8 8 9 9 2
split_gain=916.15 101.797 70.1382 44.5594 29.0102 15.0703 12.4197 7.5051 7.45553 7.38621 5.88838 5.5765 5.12689 4.87518 4.7141 4.64266 4.53671 4.22657 6.21948 4.12606 3.90355 4.62996 3.88727 3.78729 3.67381 5.71538 3.40266 5.44779 5.76221 5.62584
threshold=28.500000000000004 12.500000000000002 20.500000000000004 7.5000000000000009 31.500000000000004 13.500000000000002 3.5000000000000004 17.500000000000004 7.5000000000000009 23.500000000000004 7.5000000000000009 6.5000000000000009 12.500000000000002 5.5000000000000009 6.5000000000000009 5.5000000000000009 0.099019607843137264 2.5000000000000004 175.35273550724642 0.27543103448275869 25.500000000000004 10.500000000000002 0.94987468671679209 22.500000000000004 365.33787037037041 0.29805897723030988 0.19657494145199064 323.47114845938387 334.09273657628927 1.5000000000000002
decision_type=2 2 2 2 2 2 2 2 2 2 2 2 2 2 2 2 2 2 2 2 2 2 2 2 2 2 2 2 2 2
left_child=1 2 3 7 5 13 9 -1 20 11 -3 -4 -5 15 -9 -2 -17 -14 -19 22 21 -8 -15 -24 25 -16 -11 -28 -29 -30
right_child=4 10 6 12 -6 -7 8 14 -10 26 -12 -13 17 19 24 16 -18 18 -20 -21 -22 -23 23 -25 -26 -27 27 28 29 -31
leaf_value=0.080701934322093549 0.0012323996317398071 0.012235660607946994 0.035565202081269932 0.0613162316458081 -0.07944968668001047 -0.07961002701569686 0.0096712576158440415 0.06548716456237029 -0.046891235809037334 0.02861674818336889 -0.073737995602928888 -0.035876870710385929 0.024831355306436653 0.12562358717491659 0.0047984402171231304 0.09797496735689018 -0.0484557965039943 0.063141430703035559 -0.034433470467008946 -0.039990138181644069 -0.037115224504985098 0.10061939956541351 -0.019041821508608663 0.11475566126708775 0.082370412362381018 0.081934553978105118 -0.0018772096329060476 0.062347302894453949 0.028763317462145256 -0.0097634111110663346
leaf_weight=353.11841459572315 39.493583798408508 8.7545425295829755 454.62366032600403 33.465164452791214 1054.6437789462507 53.460570238530636 56.207424655556679 333.90911509096622 37.14985103905201 162.7873994037509 88.496751353144646 11.194849900901316 228.65783716738224 5.1652152538299587 38.800535276532173 2.1972725167870513 57.069648519158363 8.5099181383848173 28.112560510635376 6.5279983282089225 15.656925991177557 6.2165215015411368 7.3667890653014165 2.9679223373532295 13.57167889177799 12.766188874840735 169.86922843754292 30.72579362988472 107.72932103276253 58.47523545473814
leaf_count=2139 249 37 1612 131 12692 552 188 1749 287 607 867 57 770 34 164 18 488 37 137 48 76 20 49 19 58 54 682 106 374 212
internal_value=-0.00371862 0.0340849 0.0385878 0.057106 -0.0732044 -0.0354049 0.0210655 0.0700832 -0.0100148 0.0246634 -0.0659987 0.0338483 0.0244327 -0.0158399 0.0606866 -0.025328 -0.043027 0.0197798 -0.0117601 0.0266991 0.00753051 0.0187284 0.0547862 0.0193821 0.0360782 0.0238948 0.0165846 0.0112446 0.0225633 0.0152086
internal_weight=3487.69 2258.8 2161.55 1050.91 1228.89 174.249 1110.64 752.166 115.231 995.405 97.2513 465.819 298.745 120.788 399.048 98.7605 59.2669 265.28 36.6225 22.0279 78.0809 62.4239 15.4999 10.3347 65.1384 51.5667 529.587 366.8 196.93 166.205
internal_count=24513 10364 9460 5239 14149 1457 4221 4164 571 3650 904 1669 1075 905 2025 755 506 944 174 150 284 208 102 68 276 218 1981 1374 692 586
is_linear=0
shrinkage=0.1


Tree=53
num_leaves=31
num_cat=0
split_feature=0 0 10 4 0 4 10 0 9 3 0 10 0 0 10 12 10 0 13 0 0 6 8 0 8 10 0 11 12 0
split_gain=354.017 51.2554 59.1012 48.0245 46.6563 25.1279 15.5661 32.8126 17.3669 13.9451 13.2006 10.8699 7.45916 9.11845 7.04644 8.74923 6.77234 6.48852 6.49686 6.37176 6.14884 6.09636 7.80337 5.97289 5.99519 5.42247 7.34684 5.38231 6.38036 5.3285
threshold=41.500000000000007 18.500000000000004 6.5000000000000009 16.500000000000004 34.500000000000007 11.500000000000002 19.500000000000004 34.500000000000007 315.80716911764711 3.5000000000000004 22.500000000000004 19.500000000000004 25.500000000000004 35.500000000000007 5.5000000000000009 4.5000000000000009 15.500000000000002 44.500000000000007 0.94987468671679209 12.500000000000002 27.500000000000004 9.5000000000000018 0.20431354359925788 30.500000000000004 0.19657494145199064 19.500000000000004 45.500000000000007 5.5000000000000009 10.500000000000002 28.500000000000004
decision_type=2 2 2 2 2 2 2 2 2 2 2 2 2 2 2 2 2 2 2 2 2 2 2 2 2 2 2 2 2 2
left_child=1 2 -1 6 23 17 7 9 -9 10 14 -6 -8 29 -3 -16 27 18 -2 -4 -12 22 -20 24 -5 -7 -27 28 -11 -14
right_child=5 3 19 4 11 25 12 8 -10 16 20 -13 13 -15 15 -17 -18 -19 21 -21 -22 -23 -24 -25 -26 26 -28 -29 -30 -31
leaf_value=-0.069938112155207122 -0.036345446364252847 -0.016005791873476987 -0.034538350721304373 3.6826765910097385e-05 -0.056345072526191836 -0.078905687933469956 0.0038315400380556706 -0.045497543192680748 0.06494407315618228 0.039195899560074535 0.017128075542056774 0.040544293862863533 0.030812740276978692 0.028752042804428016 -0.017350325671412974 0.047396942659143015 -0.034783808895579631 -0.058598248428917858 0.096985837945084793 0.015219125619083668 0.043847873919163283 0.088377514298380644 -0.043003785109696255 -0.0012829280034865804 0.040552075310048043 -0.017905573208028779 -0.07244916411351035 0.014218372884464309 0.011599867764654083 0.060674557936081092
leaf_weight=141.55942402780056 20.901148825883865 171.96289419382811 28.824840195477009 53.586254775524139 165.51814162731171 439.60364840179682 55.721365928649902 101.73020885884762 16.555322378873825 744.90468332916498 331.5799667686224 12.449965283274649 78.887370616197586 277.35041639208794 36.966093026101589 47.930895246565342 14.895629070699213 21.149961307644844 5.7025403231382432 240.17337549477816 116.343674659729 12.914425805211065 13.1967905908823 123.85678085684776 114.69828526675701 37.164073877036572 73.605426128953695 129.90372220426798 94.399744540452957 246.37974858283997
leaf_count=2152 109 1241 228 175 1660 5977 213 780 64 2950 1088 55 264 930 195 248 61 204 28 1186 457 58 63 640 379 307 868 519 389 1025
internal_value=0.00256119 0.0154584 -0.0176363 0.0200868 -0.0092043 -0.0665731 0.0256718 0.020876 -0.0300401 0.0244421 0.0137046 -0.0495671 0.0388365 0.0420733 -0.00436813 0.0192045 0.0321319 -0.0118069 0.00696647 0.0098873 0.0240683 0.0354217 -0.000764381 0.0153841 0.0276509 -0.0739232 -0.0541493 0.0331603 0.0360921 0.0534321
internal_weight=3970.42 3346.18 410.558 2935.62 470.109 624.238 2465.51 1807.17 118.286 1688.89 704.784 177.968 658.339 602.618 256.86 84.897 984.104 73.8649 52.7149 268.998 447.924 31.8138 18.8993 292.141 168.285 550.373 110.77 969.208 839.304 325.267
internal_count=24513 16899 3566 13333 2909 7614 10424 7992 844 7148 3229 1715 2432 2219 1684 443 3919 462 258 1414 1545 149 91 1194 554 7152 1175 3858 3339 1289
is_linear=0
shrinkage=0.1


Tree=54
num_leaves=31
num_cat=0
split_feature=10 0 0 4 0 0 0 2 10 10 4 0 10 4 0 7 6 8 9 7 11 12 12 4 12 5 7 8 0 13
split_gain=422.523 62.1891 39.4079 30.1049 28.756 25.5006 21.2192 15.3996 14.8037 7.47574 6.83144 5.86217 36.0459 6.13 16.1549 5.95743 7.14099 6.86304 6.45217 5.75028 5.64215 5.07275 5.07192 5.77408 4.95888 4.86065 4.72279 9.95154 4.70149 6.32476
threshold=8.5000000000000018 54.500000000000007 22.500000000000004 6.5000000000000009 31.500000000000004 33.500000000000007 48.500000000000007 5.5000000000000009 19.500000000000004 19.500000000000004 19.500000000000004 32.500000000000007 19.500000000000004 19.500000000000004 38.500000000000007 11.500000000000002 3.5000000000000004 0.12262799856784816 223.29075362318841 -2.4999999999999996 4.5000000000000009 5.5000000000000009 11.500000000000002 6.5000000000000009 4.5000000000000009 5.5000000000000009 9.5000000000000018 0.28035087719298252 26.500000000000004 0.53939393939393943
decision_type=2 2 2 2 2 2 2 2 2 2 2 2 2 2 2 2 2 2 2 2 2 2 2 2 2 2 2 2 2 2
left_child=4 2 -2 5 7 -4 11 -1 10 -3 21 12 15 20 -15 16 17 -5 25 24 -13 -8 23 -6 -11 -18 28 -28 -19 -30
right_child=1 9 3 6 22 -7 8 -9 -10 19 -12 13 -14 14 -16 -17 18 26 -20 -21 -22 -23 -24 -25 -26 -27 27 -29 29 -31
leaf_value=-0.076252224889323872 -0.058928093844263674 -0.078827818344370651 -0.070767669700512556 0.089778587922735492 -0.067255201893655414 0.0097271241147188284 -0.018168802737071884 0.0056325048630933676 0.025986687467340522 0.12712724487137098 -0.032002029597485347 0.028746369054403559 -0.083151452756977787 0.047430633072043767 0.013449803542465217 0.074293923857882457 0.027764087862928361 -0.020816127573906079 0.060677230567086071 -0.048349385901976877 0.042625084960795832 0.038539808643310497 0.10067264539478615 0.014017245347578949 -0.021922334773647332 -0.028968254176862936 -0.083399492697076624 0.053996299874526726 -0.059608752490940387 0.027061489303080662
leaf_weight=631.37071377784014 62.182338558137417 69.178684048354626 61.711063295602798 9.2442279607057554 11.610466212034224 108.64506417512894 33.82800318300724 23.833950497210026 123.99693188071251 4.2240595445036906 125.47851976752281 984.00153969228268 33.532502017915249 184.92337691783905 574.70308494567871 22.499753072857857 210.2878105789423 40.401725374162197 59.561593577265739 19.59861759096384 417.07232294231653 29.55640933662653 4.9178311228752127 35.379478149116039 4.7334944605827332 16.270409733057022 16.515079438686374 7.7432587295770636 9.2395541965961439 94.906865984201431
leaf_count=8747 647 1123 732 34 93 479 305 145 396 30 1252 3518 308 655 2210 76 703 200 216 162 1501 263 26 186 35 52 57 28 29 305
internal_value=0.00259643 0.0175286 0.0199092 0.0214586 -0.0675975 -0.0194319 0.0237854 -0.0732736 -0.000859215 -0.0610587 -0.0184847 0.0266614 0.0171312 0.0289558 0.0217221 0.0240409 0.021605 0.00588174 0.0313895 -0.0180121 0.0328778 0.00827465 0.00404852 -0.00606388 0.0483641 0.0236898 0.00128735 -0.0395428 0.00813954 0.0193724
internal_weight=4031.15 3324.04 3226.3 3164.12 707.112 170.356 2993.76 655.205 312.86 97.7349 188.863 2680.9 520.203 2160.7 759.626 486.67 464.171 178.051 286.12 28.5562 1401.07 63.3844 51.9078 46.9899 8.95755 226.558 168.806 24.2583 144.548 104.146
internal_count=24513 15316 13966 13319 9197 1211 12108 8892 2216 1350 1820 9892 2008 7884 2865 1700 1624 653 971 227 5019 568 305 279 65 755 619 85 534 334
is_linear=0
shrinkage=0.1


Tree=55
num_leaves=31
num_cat=0
split_feature=0 0 10 0 4 10 0 0 0 10 0 7 13 3 1 12 0 10 6 6 3 9 3 4 7 1 13 1 0 3
split_gain=772.853 93.2579 89.2151 36.7117 18.6364 17.4823 12.5771 10.0155 8.95389 6.93224 6.00899 5.87693 5.19232 4.29109 4.06322 3.93722 3.76298 8.47121 4.69782 4.10496 5.17868 6.16411 3.79754 3.54479 3.35126 3.28021 6.66162 3.27514 4.42564 4.23173
threshold=37.500000000000007 48.500000000000007 19.500000000000004 32.500000000000007 13.500000000000002 19.500000000000004 43.500000000000007 45.500000000000007 53.500000000000007 8.5000000000000018 56.500000000000007 1.0000000180025095e-35 1.9285714285714286 4.5000000000000009 1.0000000180025095e-35 11.500000000000002 40.500000000000007 13.500000000000002 9.5000000000000018 7.5000000000000009 6.5000000000000009 229.30280388471181 6.5000000000000009 19.500000000000004 -3.4999999999999996 5.5000000000000009 1.4494949494949496 2.5000000000000004 36.500000000000007 9.5000000000000018
decision_type=2 2 2 2 2 2 2 2 2 2 2 2 2 2 2 2 2 2 2 2 2 2 2 2 2 2 2 2 2 2
left_child=3 2 7 -1 -5 8 -4 9 23 -2 24 15 16 -9 -6 -8 17 18 22 -19 21 -21 -11 -3 -7 -18 -27 29 -29 -16
right_child=1 5 6 4 14 10 11 13 -10 12 -12 -13 -14 -15 27 -17 25 19 -20 20 -22 -23 -24 -25 -26 26 -28 28 -30 -31
leaf_value=-0.078470353465832532 -0.089117792527642459 0.045541867554031543 -0.079573840262486081 -0.073329417833772711 -0.065306085641434905 0.0037921806507664004 -0.047171198788810612 -0.038192771026493239 0.085876724141261115 -0.042055662222428361 0.073762751697314444 0.024044041553142034 -0.06373261719304775 0.041434784337402213 -0.017713274521288944 0.051629650059221294 0.024866084011531672 -0.033613350663237625 0.10093695975781586 0.016517446825310568 -0.0074868592899943291 0.1585195408701533 0.028440390354951023 0.067145805163344993 0.036238181484251487 0.023816736781290693 0.14211605459212823 -0.042388534466848905 0.011496000475129877 0.028019784104262598
leaf_weight=887.10694613307714 5.6966904178261748 113.41060335934162 83.17877883464098 88.056815005838871 15.741247773170469 49.967440322041512 52.593449711799622 6.8902636468410483 219.28885294497013 8.1732711195945722 30.135028764605522 19.472324639558792 7.0858592242002478 380.44568285346031 47.702474758028984 4.3683769926428786 639.97350226342678 41.205185621976852 8.4373012334108335 10.137966498732565 57.715936735272408 4.3765594512224189 117.42334540188313 229.93163779377937 87.716862097382545 13.650435119867327 7.3087600171566001 53.886584281921387 21.254098773002625 35.135477021336555
leaf_count=12289 35 520 952 1118 127 189 487 22 1328 45 142 124 31 1303 374 35 2086 206 37 53 277 22 452 1095 300 43 23 412 133 253
internal_value=-0.00229013 0.032444 0.0179168 -0.0687598 -0.035853 0.0616424 -0.052665 0.0265263 0.0700915 0.0208532 0.0333158 -0.0233818 0.0215376 0.0400183 -0.0168565 -0.0395942 0.0222027 0.0116844 0.0287052 -0.00842709 0.00594088 0.0593353 0.0238528 0.0600097 0.0244631 0.026141 0.0650693 -0.0120289 -0.0271469 0.00168427
internal_weight=3347.47 2198.58 1468.13 1148.88 261.777 730.45 159.613 1308.52 562.631 921.185 167.819 76.4342 915.488 387.336 173.72 56.9618 908.402 247.47 134.034 113.436 72.2305 14.5145 125.597 343.342 137.684 660.933 20.9592 157.979 75.1407 82.838
internal_count=24513 9807 6233 14706 2417 3574 1598 4635 2943 3310 631 646 3275 1325 1299 522 3244 1092 534 558 352 75 497 1615 489 2152 66 1172 545 627
is_linear=0
shrinkage=0.1


Tree=56
num_leaves=31
num_cat=0
split_feature=0 4 0 10 0 4 2 0 10 10 0 3 10 1 9 9 9 9 8 9 8 9 4 4 11 4 7 0 12 0
split_gain=792.383 105.565 63.4745 41.2838 14.0065 11.4801 10.7605 7.79187 6.58535 6.55172 6.02468 4.61498 4.40951 4.13633 3.8916 4.43628 4.58471 3.76767 3.70294 5.41339 5.61076 4.80267 7.83106 4.18297 4.10136 5.06817 3.93187 3.68524 4.10723 3.64787
threshold=29.500000000000004 12.500000000000002 20.500000000000004 7.5000000000000009 32.500000000000007 5.5000000000000009 3.5000000000000004 17.500000000000004 7.5000000000000009 7.5000000000000009 23.500000000000004 6.5000000000000009 6.5000000000000009 1.0000000180025095e-35 221.55425925925928 232.97789855072466 242.41166666666666 307.59523809523819 0.29805897723030988 177.55267434988181 0.22933743169398904 311.19600000000008 7.5000000000000009 9.5000000000000018 1.5000000000000002 7.5000000000000009 1.5000000000000002 25.500000000000004 8.5000000000000018 11.500000000000002
decision_type=2 2 2 2 2 2 2 2 2 2 2 2 2 2 2 2 2 2 2 2 2 2 2 2 2 2 2 2 2 2
left_child=1 2 3 7 5 -2 10 -1 27 -3 11 -4 -9 29 -12 -16 -17 -7 19 23 21 22 26 -15 25 -20 -21 28 -8 -5
right_child=4 9 6 13 -6 17 8 12 -10 -11 14 -13 -14 18 15 16 -18 -19 24 20 -22 -23 -24 -25 -26 -27 -28 -29 -30 -31
leaf_value=0.078183434371986313 0.0043341679428333928 0.011770530154258666 0.032056250021749326 0.088233760134317274 -0.079614786334655074 -0.072322365488177359 0.0039742455514366797 0.061768109924590558 -0.04538899193185307 -0.073879303466300603 -0.047593331431927614 -0.033363374968269903 0.032745124599936462 0.1190258277907441 0.089825926295323363 -0.060289520506898765 0.016188122423965966 -0.026815158272200035 0.089315831866465731 0.024523641011653774 0.045981031983139915 -0.042830070637294042 -0.032322368415736449 0.028674572447510368 -0.026814086776787018 -0.030364878278716839 0.10657666578201999 -0.033105596768660837 0.066222354089041688 0.030621170764534595
leaf_weight=317.30405424535275 34.618366546928883 9.8134061470627767 446.27359195053577 12.281734749674795 921.99734468385577 81.057590045034885 48.620532393455505 309.38918101787567 36.378070719540119 99.328763715922832 9.7401660904288274 11.050357334315775 63.010083764791489 9.1462173759937304 8.0580348297953588 7.9529322087764731 545.62082774192095 23.458620138466358 7.9276354014873487 20.832729235291485 34.134409509599209 21.495157778263092 21.335834100842476 11.652023315429686 38.385748349130154 6.3907795399427414 8.1147471368312818 18.68057719618082 13.5548680126667 104.50661455094814
leaf_count=2139 271 46 1612 54 12224 912 164 1749 297 1062 58 57 276 30 35 38 2121 231 27 73 121 76 93 48 149 28 27 102 44 349
internal_value=-0.00396385 0.0297445 0.0346554 0.0532584 -0.0751517 -0.0455766 0.0186502 0.0666686 -0.0100545 -0.0661782 0.0219215 0.0304755 0.0568574 0.022033 0.0150749 0.0161617 0.0150894 -0.0621083 0.0124989 0.0217642 0.0126048 -0.00326737 0.0136449 0.0684074 -0.00977666 0.0358984 0.0475253 0.0058429 0.017545 0.0366798
internal_weight=3302.11 2240.98 2131.84 985.907 1061.13 139.135 1145.93 689.703 117.234 109.142 1028.7 457.324 372.399 296.204 571.372 561.632 553.574 104.516 179.415 126.711 105.913 71.7785 50.2833 20.7982 52.7042 14.3184 28.9475 80.856 62.1754 116.788
internal_count=24513 10875 9767 5239 13638 1414 4528 4164 607 1108 3921 1669 2025 1075 2252 2194 2159 1143 672 468 390 269 193 78 204 55 100 310 208 403
is_linear=0
shrinkage=0.1


Tree=57
num_leaves=31
num_cat=0
split_feature=0 10 0 0 10 10 4 8 5 11 4 0 0 7 2 9 0 13 8 0 11 8 7 9 0 4 0 10 10 11
split_gain=308.847 38.4176 104.177 42.8679 57.8014 21.3428 14.2906 7.66882 7.6575 7.55723 7.18558 6.56408 7.9227 5.60132 5.82068 6.32713 5.51556 4.79076 8.20995 4.73992 4.77214 5.48926 4.67322 4.55645 4.51268 4.47889 5.50362 11.9786 6.78273 8.21191
threshold=42.500000000000007 19.500000000000004 34.500000000000007 19.500000000000004 6.5000000000000009 8.5000000000000018 9.5000000000000018 0.099019607843137264 3.5000000000000004 2.5000000000000004 3.5000000000000004 25.500000000000004 35.500000000000007 -3.4999999999999996 1.0000000180025095e-35 265.93608974358978 18.500000000000004 1.9285714285714286 0.13270440251572327 29.500000000000004 4.5000000000000009 0.17165178571428572 11.500000000000002 315.80716911764711 37.500000000000007 5.5000000000000009 31.500000000000004 4.5000000000000009 12.500000000000002 4.5000000000000009
decision_type=2 2 2 2 2 2 2 2 2 2 2 2 2 2 2 2 2 2 2 2 2 2 2 2 2 2 2 2 2 2
left_child=1 2 3 4 16 23 13 8 9 -5 17 -3 19 14 -2 -16 -1 -6 -19 20 -13 -22 25 -4 -7 -9 -27 -28 -29 -30
right_child=6 11 5 7 10 24 -8 22 -10 -11 -12 12 -14 -15 15 -17 -18 18 -20 -21 21 -23 -24 -25 -26 26 27 28 29 -31
leaf_value=-0.068254647721130116 -0.058048300384403201 0.0019618279565118807 -0.0080730523554594785 0.020388521372241755 -0.047226764291850055 -0.03760249974894482 -0.07483440337138976 0.013883407956777387 0.047691689577593017 -0.050495107673623578 0.019899359756050172 0.045301366147656369 0.026571646751863388 -0.087763881448574638 0.14350612240544494 0.0097051939366119208 -0.028531635231931664 0.15993109665938771 -0.019790021011165882 0.057878915128193681 -0.080662781634991451 0.021121135238049264 -0.020097813497442021 0.073310539188433194 -0.064265058429321703 0.029116457306470184 0.062887549697779252 -0.017975317480647773 0.060573994236459511 -0.043185543735969362
leaf_weight=125.54461263865232 6.7954418510198655 56.55683770775795 12.450833395123484 24.071675807237625 28.899318024516106 97.5800396874547 470.99450097605586 330.32810611277819 19.473857343196869 40.090979903936386 284.13515928387642 76.65952530503273 324.13413928449154 6.1340355724096289 5.1726720854640034 11.157286651432512 48.44213829934597 3.3766816332936278 10.280422210693358 203.65150238573551 6.7910641431808498 24.108548268675804 23.966355942189693 15.374007865786551 181.64563149213791 1240.998960852623 33.882474571466446 95.202008895576 27.623577773571014 10.537203676998613
leaf_count=2152 48 217 45 105 210 880 6791 1433 80 165 1358 276 1144 43 35 74 606 21 72 905 24 85 96 59 1983 4731 145 538 136 56
internal_value=0.00266391 0.0136213 0.00815 0.0153165 -0.0106361 -0.0466248 -0.0706218 0.0223547 -0.00723214 -0.0239019 0.0141598 0.0346076 0.0375136 -0.00280993 0.0197242 0.0520879 -0.0571948 -0.0241617 0.0246455 0.04891 0.0319284 -0.00124876 0.0237587 0.0368937 -0.0549474 0.0243633 0.0268215 0.0097923 -0.00369721 0.0319232
internal_weight=3846.06 3345.81 2653.9 2346.85 500.678 307.051 500.254 1846.18 83.6365 64.1627 326.692 691.902 635.345 29.2594 23.1254 16.33 173.987 42.5564 13.6571 311.211 107.559 30.8996 1762.54 27.8248 279.226 1738.57 1408.24 167.245 133.363 38.1608
internal_count=24513 17522 14871 11904 4419 2967 6991 7485 350 270 1661 2651 2434 200 157 109 2758 303 93 1290 385 109 7135 104 2863 7039 5606 875 730 192
is_linear=0
shrinkage=0.1


Tree=58
num_leaves=31
num_cat=0
split_feature=10 0 0 0 4 2 0 0 4 10 0 10 4 10 12 7 12 13 0 7 8 13 13 7 11 9 11 2 8 12
split_gain=367.495 50.5405 33.7988 27.2484 24.6569 15.2364 13.3696 13.2206 12.3332 7.6442 18.3332 7.5799 7.05654 6.42745 6.62114 4.97057 4.63891 4.51712 7.02019 4.46984 4.49277 4.361 4.37823 5.27067 4.41485 4.27879 4.1555 4.96388 4.11343 4.06791
threshold=8.5000000000000018 54.500000000000007 22.500000000000004 31.500000000000004 5.5000000000000009 5.5000000000000009 34.500000000000007 48.500000000000007 18.500000000000004 22.500000000000004 32.500000000000007 19.500000000000004 7.5000000000000009 15.500000000000002 9.5000000000000018 -2.4999999999999996 3.5000000000000004 0.34313725490196084 32.500000000000007 -3.4999999999999996 0.25962962962962965 1.9285714285714286 0.59411764705882364 -9.4999999999999982 2.5000000000000004 155.44709045780476 5.5000000000000009 3.5000000000000004 0.28281378178835115 11.500000000000002
decision_type=2 2 2 2 2 2 2 2 2 2 2 2 2 2 2 2 2 2 2 2 2 2 2 2 2 2 2 2 2 2
left_child=3 2 -2 5 6 -1 -4 9 21 17 -11 -3 16 -10 -15 -13 -12 18 -6 -16 -21 22 24 -24 -9 -20 -25 -28 -22 -5
right_child=1 11 4 29 7 -7 -8 8 13 10 12 15 -14 14 19 -17 -18 -19 25 20 28 -23 23 26 -26 -27 27 -29 -30 -31
leaf_value=-0.075425638084648236 -0.056993379688035223 -0.078297186365000396 -0.065730133699249044 -0.0055984728796260007 -0.015004294766207025 0.0064783401644919556 0.0039542861777529742 0.10417800419834221 -0.042440427606648373 -0.080800410718924687 0.038820774724546307 0.045410914926809286 0.05356289967382704 -0.012155068312538675 0.15483284062273117 -0.044995398323780814 -0.048475950186510269 0.023662971404980269 -0.060278378057490603 -0.0051226882890340573 0.17082299244408619 0.12316565999712047 0.12614195699691003 -0.0026672432766462447 0.023609966676869529 0.051906769128176489 0.0015048133849279851 0.1332421856866986 0.008425477975277559 0.088137251439497244
leaf_weight=572.04871490597725 58.352354921400547 60.399146135896444 48.556484416127205 46.102705299854279 19.517316177487373 23.651908412575722 63.588658183813095 11.814599901437761 56.045641623437405 23.542285464704037 9.7336998134851473 9.1230388879776019 33.738289520144463 109.41944036260247 3.3077703639864948 18.241088271141052 16.248987413942814 2461.6195238977671 3.4879430681467047 12.795695886015894 3.4785344265401354 4.5601690858602515 3.8652594983577719 69.086369547992945 16.028132066130638 134.50128196179867 6.2051748186349851 5.3060320690274239 2.8275307156145573 5.1466349065303794
leaf_count=8747 647 1123 615 279 87 145 253 48 590 270 53 65 145 809 21 162 78 9076 12 107 25 19 15 426 73 508 31 37 21 26
internal_value=0.00270157 0.0163435 0.018411 -0.0661541 0.0198216 -0.0721737 -0.0262176 0.0215386 0.00179355 0.0237652 -0.00606415 -0.0585161 0.0233972 -0.014073 -0.00201292 -0.0148545 -0.0157726 0.0247135 0.0411312 0.0475084 0.0289234 0.0273008 0.0234082 0.0120719 0.0577977 0.0490711 0.00660137 0.0622285 0.0980068 0.00381479
internal_weight=3912.34 3265.39 3177.63 646.95 3119.27 595.701 112.145 3007.13 304.74 2702.39 83.2633 87.7633 59.721 187.875 131.829 27.3641 25.9827 2619.13 157.507 22.4095 19.1018 116.866 112.306 84.4628 27.8427 137.989 80.5976 11.5112 6.30607 51.2493
internal_count=24513 15316 13966 9197 13319 8892 868 12451 2222 10229 546 1350 276 1573 983 227 131 9683 607 174 153 649 630 509 121 520 494 68 46 305
is_linear=0
shrinkage=0.1


Tree=59
num_leaves=31
num_cat=0
split_feature=0 0 10 0 0 4 10 0 10 13 0 10 7 4 2 5 12 10 2 9 1 1 10 10 4 9 13 4 1 12
split_gain=664.021 84.8122 86.6173 24.7074 18.3985 15.7735 15.1664 8.09748 7.83443 6.83448 6.9773 7.74134 6.43604 5.15616 4.55358 5.25711 4.23252 5.83344 4.05161 7.62421 3.9076 6.32994 6.03849 3.72129 3.555 4.13497 4.68935 3.86919 3.98336 3.73852
threshold=36.500000000000007 47.500000000000007 19.500000000000004 31.500000000000004 54.500000000000007 12.500000000000002 19.500000000000004 43.500000000000007 8.5000000000000018 1.9285714285714286 40.500000000000007 13.500000000000002 4.5000000000000009 12.500000000000002 7.5000000000000009 8.5000000000000018 1.5000000000000002 11.500000000000002 8.5000000000000018 134.65788288288292 2.5000000000000004 1.0000000180025095e-35 9.5000000000000018 17.500000000000004 14.500000000000002 257.88390277777779 0.5634920634920636 15.500000000000002 1.5000000000000002 8.5000000000000018
decision_type=2 2 2 2 2 2 2 2 2 2 2 2 2 2 2 2 2 2 2 2 2 2 2 2 2 2 2 2 2 2
left_child=3 2 8 -1 6 -5 -3 -4 -2 10 11 16 -9 23 15 -15 17 -10 -12 -20 21 -7 -23 -13 25 -8 -27 -26 -29 -30
right_child=1 4 7 5 -6 20 24 12 9 -11 18 13 -14 14 -16 -17 -18 -19 19 -21 -22 22 -24 -25 27 26 -28 28 29 -31
leaf_value=-0.078835689073340584 -0.086607401270555578 0.053620120913277315 -0.079114755071818546 -0.078022900939557757 0.079112068701620311 -0.068527283977560291 0.026794861208668991 -0.040178335118755105 0.0080420995152345846 -0.070440675691710392 0.025380515925538395 0.017722906695935809 0.086677666826696087 -0.02493415458712011 0.057189075396183481 0.09632463724052967 0.017566720538298677 0.1136137447554902 -0.031779307169359533 0.068257033512981152 -0.0409158324447449 0.14027810672227797 -0.0016422091387985123 0.14125285391112516 0.085826919427118911 0.029679643500001653 -0.08446035639480319 -0.001981999949264584 0.05180052638148748 -0.017303661746171147
leaf_weight=770.45338567346334 6.6492300778627387 460.20345009863377 89.434172116219997 75.114854369312525 213.51388081908226 14.189323738217352 13.292094826698305 48.128589153289795 9.622601121664049 7.9071413874626151 873.48666597902775 8.2684205025434476 4.3618857264518729 104.73397196084261 8.0430161803960782 3.7017338275909415 146.87394784390926 11.476024955511091 9.0234894752502424 48.93651157617569 60.611526288092136 3.1386870965361586 66.910099789500237 3.4587571546435347 9.3177296519279462 5.2838138490915325 11.291432574391363 48.532127305865288 40.024375289678574 9.7323674261569959
leaf_count=11821 49 2258 1116 1097 1350 137 64 505 38 36 2846 47 21 559 35 19 656 47 30 161 526 30 584 21 36 25 53 179 134 33
internal_value=-0.00242519 0.0282403 0.013193 -0.0703964 0.053915 -0.0408366 0.0449136 -0.0608154 0.0216488 0.0222314 0.0228283 0.00945883 -0.0296368 -0.00904648 -0.0154098 -0.0207947 0.0235831 0.0654649 0.0270794 0.0526829 -0.0215528 -0.00762063 0.00471684 0.0541562 0.0157681 -0.0147551 -0.0480751 0.0242401 0.0184018 0.0382838
internal_weight=3185.72 2195.3 1384.11 990.418 811.191 219.964 597.677 141.925 1242.18 1235.53 1227.63 296.178 52.4905 128.206 116.479 108.436 167.973 21.0986 931.447 57.96 144.85 84.2381 70.0488 11.7272 137.474 29.8673 16.5752 107.607 98.2889 49.7567
internal_count=24513 10318 6186 14195 4132 2374 2782 1642 4544 4495 4459 1422 526 681 613 578 741 85 3037 191 1277 751 614 68 524 142 78 382 346 167
is_linear=0
shrinkage=0.1


Tree=60
num_leaves=31
num_cat=0
split_feature=0 4 0 10 0 4 2 0 10 10 10 8 8 11 0 9 10 10 8 10 8 0 9 9 9 0 9 6 8 9
split_gain=689.964 90.0943 53.4231 37.6948 14.8152 11.1332 8.86605 8.15908 6.69529 6.27887 5.72112 5.4324 5.35415 8.49694 6.16834 4.61676 4.54381 8.93747 5.29629 5.19772 5.60854 5.06917 4.53946 4.55845 4.51841 3.86566 3.83554 3.75879 3.71797 4.04424
threshold=29.500000000000004 12.500000000000002 20.500000000000004 7.5000000000000009 32.500000000000007 5.5000000000000009 3.5000000000000004 16.500000000000004 6.5000000000000009 7.5000000000000009 7.5000000000000009 0.29289318755256516 0.10582306830907051 4.5000000000000009 24.500000000000004 365.33787037037041 6.5000000000000009 21.500000000000004 0.15319426336375488 8.5000000000000018 0.17349498327759191 22.500000000000004 230.43450317124737 317.10425000000004 448.9585294117648 18.500000000000004 307.59523809523819 5.5000000000000009 0.22016949152542373 421.79588235294119
decision_type=2 2 2 2 2 2 2 2 2 2 2 2 2 2 2 2 2 2 2 2 2 2 2 2 2 2 2 2 2 2
left_child=1 2 3 7 5 -2 12 -1 25 -3 -8 15 13 -4 27 -10 21 19 -19 20 -18 -14 -22 -24 28 -9 -7 -15 -23 -30
right_child=4 9 6 -5 -6 26 10 8 11 -11 -12 -13 16 14 -16 -17 17 18 -20 -21 22 24 23 -25 -26 -27 -28 -29 29 -31
leaf_value=0.078963155037630184 0.0063372136138913904 0.011505342218413553 0.023529939216737034 0.01998212411235694 -0.079107316573195419 -0.071063651324815791 0.0056058498525281587 0.075411930875893748 -0.002569304956270984 -0.072695986698485343 -0.042991084761550093 0.07281233665337529 0.035128132271184366 0.11306242904756499 0.18996394569849581 0.067621220102172974 -0.069231022825151076 0.081022795650545987 0.016108263607271339 -0.062328501300434075 0.092095244720757558 0.028244863785174646 -0.028860497108115713 0.026332993947520394 -0.038047988189986122 0.053105084726228081 -0.023911996216592929 0.012260674612512713 0.0091480157650495383 0.087944716586314864
leaf_weight=218.9378212839365 33.944634839892387 9.7992997467517835 45.096751160919666 293.3422802016139 839.5915290042758 74.773942492902279 80.074988052248955 121.43206191062927 44.184049412608147 92.011873029172421 34.73256204277277 20.187853068113327 212.40647466480732 8.1589983403682727 5.6593437641859046 11.893297940492628 11.609811186790465 14.182128585875033 110.4736208319664 20.046022728085518 5.6222104430198661 218.12919472157955 30.61619783192873 29.269229024648666 14.596529483795164 215.64951021969318 22.425744868814945 6.7676324397325507 283.13714130967855 6.6669683903455725
leaf_count=1659 271 46 173 1075 12224 912 310 916 204 1062 297 100 807 30 22 58 46 59 461 151 22 785 123 106 47 1227 231 24 1042 23
internal_value=-0.00417417 0.0272395 0.0317717 0.0496094 -0.0742248 -0.0429667 0.0172533 0.0633547 0.0550873 -0.0645916 -0.00909611 0.0283306 0.020212 0.0478306 0.101065 0.0123172 0.018316 0.00577201 0.0234936 -0.0169639 -0.00517175 0.022102 0.00618136 -0.00188447 0.0168069 0.061141 -0.0601849 0.0673596 0.0183833 0.0109607
internal_weight=3135.42 2164.68 2062.87 925.627 970.736 131.144 1137.25 632.285 413.347 101.811 114.808 76.2652 1022.44 65.6827 20.586 56.0773 956.756 221.819 124.656 97.1635 77.1174 734.936 65.5076 59.8854 522.53 337.082 97.1997 14.9266 507.933 289.804
internal_count=24513 10875 9767 5239 13638 1414 4528 4164 2505 1108 607 362 3921 249 76 262 3672 968 520 448 297 2704 251 229 1897 2143 1143 54 1850 1065
is_linear=0
shrinkage=0.1


Tree=61
num_leaves=31
num_cat=0
split_feature=0 4 0 0 10 4 10 10 0 9 8 11 4 0 7 2 0 0 9 3 0 9 12 11 10 7 12 13 8 8
split_gain=270.733 31.0873 43.9902 37.3859 48.7515 14.007 10.2515 9.03767 28.7933 13.7278 6.45816 7.52261 5.91087 5.68122 5.07515 4.88472 4.78028 6.77122 4.70041 4.58902 6.34927 8.19594 5.90825 8.86018 5.63427 4.53809 4.46735 6.47043 5.27821 5.53669
threshold=42.500000000000007 16.500000000000004 34.500000000000007 19.500000000000004 6.5000000000000009 9.5000000000000018 19.500000000000004 19.500000000000004 34.500000000000007 315.80716911764711 0.099019607843137264 4.5000000000000009 3.5000000000000004 18.500000000000004 -3.4999999999999996 1.0000000180025095e-35 25.500000000000004 35.500000000000007 265.93608974358978 3.5000000000000004 27.500000000000004 279.69597902097911 7.5000000000000009 4.5000000000000009 15.500000000000002 -3.4999999999999996 10.500000000000002 1.7032967032967035 0.27100988700564976 0.19189852700490997
decision_type=2 2 2 2 2 2 2 2 2 2 2 2 2 2 2 2 2 2 2 2 2 2 2 2 2 2 2 2 2 2
left_child=1 3 -3 4 13 14 -4 8 10 -10 11 -5 -6 -1 15 -2 -9 -18 -17 20 21 22 -12 -24 26 -26 -21 28 29 -28
right_child=5 2 6 7 12 -7 -8 16 9 -11 19 -13 -14 -15 -16 18 17 -19 -20 24 -22 -23 23 -25 25 -27 27 -29 -30 -31
leaf_value=-0.066502740898597063 -0.055576111827058787 0.01364275541039661 -0.055641741335417376 0.013442685259786202 -0.021347395650829652 -0.07390642209072365 0.02773719844462412 0.0036017118781446499 -0.042579476215204276 0.05726709780613666 0.026098417918212977 -0.055399864506532427 0.018762823793303799 -0.024479697447366576 -0.086643922663038941 0.12099259496433389 0.045258656175036362 0.024119017432482223 0.009277336448335699 0.031696040481802204 0.038760893994528464 0.0064646107545920598 0.13572835501834429 -0.017166109828498449 0.038325049386217308 -0.076356316693446724 0.032677489892732191 -0.089750060933678211 0.048886899368069205 -0.026653525159253334
leaf_weight=111.42712898179889 6.4267798811197343 289.76743668317795 171.74405657872558 55.26263839006424 42.230628922581673 428.23818758875132 16.131030134856701 54.532978400588036 103.15447359532118 15.89138640463352 52.9497040361166 22.269082948565483 282.59327119588852 45.229874387383461 5.7026196680963031 5.6768995299935368 298.04934474825859 308.20319395512342 11.190363325178621 746.86083509773016 105.97046841681004 421.08541336655617 13.176487989723684 5.3206317275762549 5.518841750919818 9.207098759710787 27.866274125874043 6.1827649176120749 32.090210065245628 36.109800703823566
leaf_count=2152 48 1194 1997 231 309 6791 77 209 904 66 230 98 1360 606 43 35 1289 1068 74 2950 445 1793 54 21 21 40 114 25 127 142
internal_value=0.00273434 0.0127868 -0.0107936 0.0168076 -0.00855006 -0.069352 -0.0484828 0.0220709 0.0181315 -0.029251 0.0217946 -0.00633065 0.0135481 -0.0543699 -0.00208966 0.0186101 0.0319609 0.0345118 0.0468766 0.0232858 0.0165557 0.0117782 0.0430949 0.0917488 0.0279487 -0.0333772 0.0290122 0.00940873 0.0157905 -0.000810515
internal_weight=3736.06 3278.83 477.643 2801.18 481.481 457.235 187.875 2319.7 1658.92 119.046 1539.87 77.5317 324.824 156.657 28.9967 23.294 660.786 606.253 16.8673 1462.34 598.503 492.532 71.4468 18.4971 863.836 14.7259 849.11 102.249 96.0663 63.9761
internal_count=24513 17522 3268 14254 4427 6991 2074 9827 7261 970 6291 329 1669 2758 200 157 2566 2357 109 5962 2543 2098 305 75 3419 61 3358 408 383 256
is_linear=0
shrinkage=0.1


Tree=62
num_leaves=31
num_cat=0
split_feature=10 0 0 0 4 2 0 0 7 10 10 0 0 9 9 7 4 10 12 5 0 10 8 10 12 11 3 9 13 8
split_gain=319.144 40.4031 29.0112 26.5275 20.1753 14.99 12.0593 9.66669 7.99079 7.9818 6.09922 25.1486 5.90264 5.4247 5.20892 5.18048 5.10985 5.05706 4.93996 5.61218 4.83109 13.8148 7.00378 9.14435 7.8562 5.29773 6.18633 5.41803 7.02189 5.37111
threshold=8.5000000000000018 54.500000000000007 22.500000000000004 31.500000000000004 5.5000000000000009 5.5000000000000009 32.500000000000007 50.500000000000007 4.5000000000000009 19.500000000000004 21.500000000000004 32.500000000000007 42.500000000000007 332.82039072039078 235.88838778953831 -2.4999999999999996 14.500000000000002 14.500000000000002 4.5000000000000009 5.5000000000000009 44.500000000000007 18.500000000000004 0.17694497153700192 15.500000000000002 11.500000000000002 1.5000000000000002 5.5000000000000009 193.68332260832264 0.93725490196078431 0.3551971326164875
decision_type=2 2 2 2 2 2 2 2 2 2 2 2 2 2 2 2 2 2 2 2 2 2 2 2 2 2 2 2 2 2
left_child=3 2 -2 5 6 -1 -4 10 16 -3 13 -12 -13 20 -10 -8 -9 -18 19 -11 -6 22 23 24 -22 26 -24 28 -28 -27
right_child=1 9 4 -5 7 -7 15 8 14 18 11 12 -14 -15 -16 -17 17 -19 -20 -21 21 -23 25 -25 -26 29 27 -29 -30 -31
leaf_value=-0.074627057102424316 -0.055082021963454623 -0.077852865810229849 -0.071230477433078879 0.0047662604890179108 0.024544968617921895 0.0069660437837896806 -0.0085446181757584325 0.056597477659086105 -0.059198352934810419 -0.021284104953750192 -0.07720604099949345 0.010261408446468943 0.055981620855163894 0.079949684840749671 0.087227921463770286 0.088819409946702441 -0.069987759458391113 0.0058823127443552404 -0.048559817200501149 0.12143623809488369 -0.014898248831145945 0.034733332379150779 0.12106927028340711 0.066501055108319218 0.13441432250360213 -0.013899379356581344 0.076598926806673948 -0.016480317847314546 0.0010304205491577659 0.086545753584994112
leaf_weight=519.04454850777984 54.89971324801445 52.858152687549591 36.237291537225246 50.385667473077774 1967.6840412318707 23.537161499261856 65.743931137025356 18.106310021132231 30.668394088745117 6.4438150227069872 31.774189472198486 139.99421139061451 35.372585609555244 16.3221365660429 2.6384705938398829 5.9602096900343886 9.6198352165520173 101.27059964835644 14.492654778063295 4.8133159279823303 38.992486350238323 217.62256397306919 5.3389371857047072 36.903099916875362 3.8739717528223983 220.60342838615179 20.961101725697517 41.423119649291039 29.745780400931835 5.4552601650357238
leaf_count=8747 647 1123 513 305 6880 145 324 80 353 58 391 610 137 59 20 31 122 767 134 35 196 904 24 181 20 1200 108 211 162 26
internal_value=0.00276882 0.0151988 0.0169731 -0.0646421 0.0182564 -0.0710876 -0.0242129 0.0197977 -0.00393192 -0.0556122 0.0211673 0.00465187 0.0194835 0.0224806 -0.0475989 -0.000451501 0.00734287 -0.000699478 -0.00995738 0.0397402 0.0221182 0.0144278 0.00347073 0.0300101 -0.00140442 -0.00307287 0.0164151 0.0103504 0.0322688 -0.0114754
internal_weight=3808.79 3215.82 3137.21 592.967 3082.31 542.582 107.941 2974.37 162.304 78.6079 2812.07 207.141 175.367 2604.93 33.3069 71.7041 128.997 110.89 25.7498 11.2571 2588.6 620.92 403.297 79.7696 42.8665 323.528 97.4689 92.13 50.7069 226.059
internal_count=24513 15316 13966 9197 13319 8892 868 12451 1342 1350 11109 1138 747 9971 373 355 969 889 227 93 9912 3032 2128 397 216 1731 505 481 270 1226
is_linear=0
shrinkage=0.1


Tree=63
num_leaves=31
num_cat=0
split_feature=0 0 10 10 0 0 0 0 4 10 7 0 9 3 8 3 8 11 5 12 12 8 5 12 8 11 8 0 11 5
split_gain=575.601 75.9307 81.0488 15.1995 15.1913 14.1717 10.1629 9.72924 9.0583 6.94368 4.78678 4.73852 3.91195 3.89341 3.72517 3.90341 3.71406 3.69401 4.92128 5.78503 6.37941 8.39944 4.81754 4.25067 6.17098 4.15222 3.89097 7.07885 5.26564 5.85139
threshold=35.500000000000007 48.500000000000007 19.500000000000004 19.500000000000004 31.500000000000004 43.500000000000007 53.500000000000007 42.500000000000007 12.500000000000002 8.5000000000000018 1.0000000180025095e-35 59.500000000000007 292.8406586021506 11.500000000000002 0.17694497153700192 13.500000000000002 0.34833164812942369 4.5000000000000009 3.5000000000000004 3.5000000000000004 6.5000000000000009 0.19378911892152142 3.5000000000000004 9.5000000000000018 0.28918128654970759 5.5000000000000009 0.23660287081339706 36.500000000000007 1.5000000000000002 1.5000000000000002
decision_type=2 2 2 2 2 2 2 2 2 2 2 2 2 2 2 2 2 2 2 2 2 2 2 2 2 2 2 2 2 2
left_child=4 2 7 6 -1 -4 -3 9 -6 -2 -7 13 14 -5 15 -9 -16 22 23 -20 21 -21 26 24 -19 -23 28 -28 -11 -30
right_child=1 3 5 11 8 10 -8 12 -10 17 -12 -13 -14 -15 16 -17 -18 18 19 20 -22 25 -24 -25 -26 -27 27 -29 29 -31
leaf_value=-0.078390850969199524 -0.083313147249881939 0.051651463587397334 -0.078652371283800038 0.015028671277554152 -0.076913497960896471 -0.035476683432252791 0.082019502469471456 0.0093874571613359534 -0.026205317252109058 -0.014400969251836119 0.022496699337568198 0.0883234168629487 -0.042956623432491098 0.057581235374718598 0.033708113010466355 0.059603527481530673 -0.0089386832926978393 0.0079331591606337706 -0.017440610488501655 0.19152373608078418 0.012526614842301987 -0.038680113809061376 0.0060456110090555031 -0.061043685619937504 -0.065922648391763053 0.082220709551220822 -0.043336198880059712 0.047578620302860773 -0.023958967490264202 0.046708181227430791
leaf_weight=699.38547973707318 7.6842299327254286 300.74614338576794 94.435264132916927 123.49397225677967 53.984718408435583 52.65684062987566 173.93411508202553 139.17028966546059 101.39321307092905 41.010248601436615 19.523064978420734 11.775526344776152 7.6845089495182028 26.035049885511398 595.27135244011879 17.416804954409599 21.146385282278061 61.946644186973572 29.460729025304317 5.320967078208926 34.162006758153439 4.2549850121140453 197.9596054777503 16.880272544920444 13.840914040803908 8.5462413132190704 9.3162676170468313 106.10972714424133 15.067011274397371 52.702632039785385
leaf_count=11821 73 1615 1296 465 895 522 1328 457 998 175 124 69 24 97 2003 63 72 262 135 22 158 21 852 75 68 40 64 435 66 218
internal_value=-0.00252232 0.0246673 0.0127393 0.0537672 -0.0721072 -0.0531551 0.062779 0.0206666 -0.0438234 0.0111398 -0.0197962 0.0272474 0.0280405 0.0224377 0.0287463 0.0149729 0.0322451 0.0123564 0.000113961 0.0179988 0.0379679 0.085927 0.0174142 -0.0156627 -0.00555496 0.0420346 0.027452 0.0402407 0.0138819 0.030997
internal_weight=3042.32 2187.55 1551.57 635.985 854.763 166.615 474.68 1384.95 155.378 604.262 72.1799 161.305 780.689 149.529 773.005 156.587 616.418 596.578 174.413 81.7449 52.2842 18.1222 422.165 92.6678 75.7876 12.8012 224.206 115.426 108.78 67.7696
internal_count=24513 10799 7225 3574 13714 1942 2943 5283 1893 2664 646 631 2619 562 2595 520 2075 2591 781 376 241 83 1810 405 330 61 958 499 459 284
is_linear=0
shrinkage=0.1


Tree=64
num_leaves=31
num_cat=0
split_feature=0 4 0 10 0 4 0 2 10 10 8 10 9 8 11 0 9 6 0 7 13 9 4 9 10 9 10 8 8 12
split_gain=601.997 76.9644 44.4201 34.3842 15.6327 10.7787 8.48324 7.25219 6.2223 6.00678 5.0724 4.9847 4.17732 4.08614 6.7189 4.24988 3.8753 3.88028 3.86627 3.71747 6.51671 5.35489 3.66361 5.53671 4.9075 5.79881 6.6361 5.53543 5.60217 4.69534
threshold=29.500000000000004 12.500000000000002 20.500000000000004 7.5000000000000009 32.500000000000007 5.5000000000000009 16.500000000000004 3.5000000000000004 6.5000000000000009 7.5000000000000009 0.29289318755256516 7.5000000000000009 365.33787037037041 0.10582306830907051 4.5000000000000009 24.500000000000004 307.59523809523819 10.500000000000002 18.500000000000004 -7.4999999999999991 0.94987468671679209 313.61791478978984 6.5000000000000009 480.64579124579126 6.5000000000000009 261.99600202429156 22.500000000000004 0.27100988700564976 0.30707196029776679 3.5000000000000004
decision_type=2 2 2 2 2 2 2 2 2 2 2 2 2 2 2 2 2 2 2 2 2 2 2 2 2 2 2 2 2 2
left_child=1 2 3 6 5 19 -1 13 18 -3 12 -9 -10 14 -4 -16 -7 -18 -8 20 -2 -22 23 -15 -24 26 -26 29 -29 -27
right_child=4 9 7 -5 -6 16 8 11 10 -11 -12 -13 -14 22 15 -17 17 -19 -20 -21 21 -23 24 -25 25 27 -28 28 -30 -31
leaf_value=0.077078757494005001 0.16829247062522923 0.011197120569768735 0.021234702464592897 0.01806150279123157 -0.078650592487795948 -0.069808150741009267 0.072983505080740113 0.0054983943399857941 -0.0039489538765222825 -0.071520662419547257 0.069976747034473041 -0.040610964913593679 0.064486899875999565 0.024036638166283163 0.060700909885501475 0.16053629255289903 -0.035260990363573906 0.10709545790098336 0.049553450757567265 -0.013057135763824574 0.10449061401719267 -0.084461097691048981 0.015504319208773366 -0.049597052398771727 -0.001061798276574017 0.00018109847707666805 0.1096822539256581 0.091128099947652322 -0.030327914356636045 -0.082237458950353809
leaf_weight=195.64525328576565 3.5504753813147527 9.7864731773734075 44.798804916441441 292.20699145644903 764.86923877522349 69.016654469072819 108.02007111161947 79.763247236609459 43.709494978189468 85.276191055774689 18.986208140850067 33.206229701638222 11.205957874655722 514.7491676658392 14.275048583745958 6.0799826979637137 19.417720407247547 2.1241960749030104 202.37307189404964 23.670808866620064 2.6584646627306938 3.4414484575390816 338.20574829727411 10.418388500809668 30.136634886264801 9.8949273601174337 6.5950488895177832 5.957461670041087 10.475351922214029 22.930695720016956
leaf_count=1659 28 46 173 1075 12224 912 916 310 204 1062 100 297 58 1922 54 22 207 24 1227 189 25 29 1279 35 178 53 33 24 45 103
internal_value=-0.00435127 0.0249082 0.0290876 0.046034 -0.0733131 -0.0403582 0.0601281 0.0159791 0.0514985 -0.0630051 0.0254206 -0.00805498 0.010016 0.0186554 0.0428809 0.0905214 -0.0582509 -0.0212236 0.0577074 0.00826985 0.0605814 -0.00211215 0.0169928 0.0225759 0.0100808 -0.0112503 0.0188219 -0.0336749 0.0137041 -0.0573933
internal_weight=2983.45 2094.7 1999.63 872.147 888.749 123.88 579.94 1127.49 384.295 95.0627 73.9017 112.969 54.9155 1014.52 65.1538 20.355 90.5586 21.5419 310.393 33.3212 9.65039 6.09991 949.363 525.168 424.196 85.9901 36.7317 49.2584 16.4328 32.8256
internal_count=24513 10875 9767 5239 13638 1414 4164 4528 2505 1108 362 607 262 3921 249 76 1143 231 2143 271 82 54 3672 1957 1715 436 211 225 69 156
is_linear=0
shrinkage=0.1


Tree=65
num_leaves=31
num_cat=0
split_feature=0 0 10 0 10 4 10 0 9 10 3 0 10 0 0 10 9 11 8 12 12 4 4 4 6 8 7 12 9 0
split_gain=237.055 26.7442 56.5989 27.7994 26.1182 13.926 11.9765 17.106 8.17896 8.03354 7.49925 8.5385 12.5556 7.27469 6.90317 7.19114 6.00621 5.60532 4.82758 5.44045 8.85234 4.67822 4.78779 5.35893 6.24555 4.62078 4.61562 4.49687 4.41057 5.56531
threshold=42.500000000000007 37.500000000000007 19.500000000000004 16.500000000000004 7.5000000000000009 9.5000000000000018 17.500000000000004 34.500000000000007 315.80716911764711 8.5000000000000018 3.5000000000000004 20.500000000000004 6.5000000000000009 28.500000000000004 30.500000000000004 6.5000000000000009 281.73331456456464 5.5000000000000009 0.29805897723030988 10.500000000000002 4.5000000000000009 9.5000000000000018 13.500000000000002 14.500000000000002 3.5000000000000004 0.15319426336375488 -3.4999999999999996 5.5000000000000009 280.60027777777782 27.500000000000004
decision_type=2 2 2 2 2 2 2 2 2 2 2 2 2 2 2 2 2 2 2 2 2 2 2 2 2 2 2 2 2 2
left_child=1 3 9 4 -1 26 7 10 -9 -3 11 12 -5 25 17 -16 -17 -12 19 20 -6 -19 -23 -24 -25 -8 -2 -26 -13 -30
right_child=5 2 -4 6 18 -7 13 8 -10 -11 14 28 -14 -15 15 16 -18 21 -20 -21 -22 22 23 24 27 -27 -28 -29 29 -31
leaf_value=-0.063598161711002285 0.018563647278465482 0.039975146234894593 0.02065664861238399 -0.032186407448821501 0.020026939990972499 -0.072980655735903663 -0.029734017504718775 -0.034938203659023968 0.058590214784735029 -0.06116692010428032 0.027849586061185733 0.037503084834952696 0.018399779578648568 0.040860445130457342 0.050331745929056475 0.0011367561042298466 -0.11152197959433288 -0.0121469245718165 0.038484220465865311 0.076131346296785002 -0.048668157157092114 0.049485566425909545 -0.07850546726153558 0.053072406425666657 -0.06100317962974805 0.021221612059791936 -0.085433085107853662 0.036901833092669908 0.0065602681920182513 0.033430460679238411
leaf_weight=82.487801101058722 23.242811985313896 8.2576499879360181 221.84158197045326 106.02285094931722 39.660123087465763 389.55611512437463 21.238819420337677 90.098280109465122 10.432632632553576 160.31523142009974 927.3163068369031 77.753323048353195 91.331376001238823 326.03475373238325 30.818119809031487 185.50811214745045 4.8561665415763846 68.769983466714621 38.666028678417206 7.6341986656188956 35.594935484230518 37.825762659311295 7.0591058135032645 21.569850832223892 12.566333100199701 109.79719063639641 5.2275040410459033 7.4862006604671469 391.13336789608002 95.999811604619026
leaf_count=1659 157 33 800 1491 169 6791 80 849 45 1983 3846 301 429 1448 147 940 22 312 154 31 153 157 24 73 42 400 43 25 1490 419
internal_value=0.00279755 0.0120001 -0.0125338 0.0153875 -0.0201669 -0.0680464 0.0181527 0.0150494 -0.0252323 -0.0562124 0.0170094 0.00912996 -0.00877619 0.0328625 0.0216161 0.00551779 -0.00173715 0.0249051 0.00930576 -0.00430535 -0.0124652 0.00732071 0.0227967 0.00205938 0.0157231 0.0129625 -0.000531446 -0.0244524 0.0153858 0.0118556
internal_weight=3636.1 3218.08 390.414 2827.66 204.043 418.026 2623.62 2166.55 100.531 168.573 2066.02 762.241 197.354 457.071 1303.78 221.182 190.364 1082.59 121.555 82.8893 75.2551 155.277 86.5073 48.6815 41.6224 131.036 28.4703 20.0525 564.887 487.133
internal_count=24513 17522 2816 14706 2166 6991 12540 10612 894 2016 9718 4130 1920 1928 5588 1109 962 4479 507 353 322 633 321 164 140 480 200 67 2210 1909
is_linear=0
shrinkage=0.1


Tree=66
num_leaves=31
num_cat=0
split_feature=10 0 0 0 4 3 0 10 10 0 7 10 0 9 9 13 0 7 12 9 9 5 7 10 12 12 11 3 9 9
split_gain=277.863 32.6367 25.2712 25.0001 16.5479 14.9276 11.0739 7.90186 6.96223 6.81772 6.93676 4.74214 22.1751 4.98273 5.66786 4.94031 5.07189 4.68957 4.83054 4.63447 4.58536 4.61385 4.33343 4.16082 4.05695 4.04228 4.02242 4.05554 3.96668 3.96381
threshold=8.5000000000000018 54.500000000000007 31.500000000000004 22.500000000000004 5.5000000000000009 7.5000000000000009 32.500000000000007 19.500000000000004 7.5000000000000009 50.500000000000007 4.5000000000000009 21.500000000000004 32.500000000000007 308.79244791666673 282.8497756410257 0.34313725490196084 31.500000000000004 1.5000000000000002 4.5000000000000009 235.88838778953831 155.44709045780476 8.5000000000000018 -2.4999999999999996 15.500000000000002 1.5000000000000002 9.5000000000000018 2.5000000000000004 5.5000000000000009 234.82068914522333 349.12926470588241
decision_type=2 2 2 2 2 2 2 2 2 2 2 2 2 2 2 2 2 2 2 2 2 2 2 2 2 2 2 2 2 2
left_child=2 3 5 -2 6 -1 -5 -3 -7 11 23 15 -13 14 26 16 -6 18 -9 -12 -18 -22 -8 24 -11 -25 -14 -28 -10 -17
right_child=1 7 -4 4 9 8 22 17 28 10 19 12 13 -15 -16 29 20 -19 -20 -21 21 -23 -24 25 -26 -27 27 -29 -30 -31
leaf_value=-0.074067768709022874 -0.053192126418685926 -0.077458510940191933 0.004623544825453671 -0.070029762672950593 -0.019496704664169154 -0.082041555014772435 -0.0076142178012164347 0.080301528753998944 0.00071726980375367471 0.084086418683111147 -0.056377598101779572 -0.07636366723609167 0.034075575889141826 -0.014509484299129389 0.05447897889261908 0.019264710464228622 -0.058866687962519308 -0.069587122721074479 -0.027340403716121228 0.080581877146958386 0.051317970210799084 -0.044578394093511081 0.080337832026017533 0.0074742823175216319 -0.054597610104046117 0.060531495074629155 -0.024998193503368682 0.045744132329078167 0.09588919306689625 0.094665412177430575
leaf_weight=469.06802767142653 51.791982855647802 46.016405191272497 49.967785492539406 33.127351853996515 13.789580792188643 6.8778485879302051 65.054166935384274 7.7965897768735948 11.994656909257175 2.4371623992919949 28.263576645404104 28.943435039371252 42.38164371997118 36.706474930047989 48.414392225444317 2424.1260001584888 4.184333235025405 8.1895970776677114 8.9602378755807859 2.7073382288217536 125.35028465092182 5.2263628318905822 6.1298099383711806 91.115984093397856 15.681759748607872 17.045767411589622 35.164826318621635 10.530620038509367 6.8977992460131636 6.992182917892932
leaf_count=8689 647 1123 305 513 54 82 324 57 78 33 353 391 178 168 210 9363 15 87 83 20 493 21 31 612 210 114 147 44 43 25
internal_value=0.00281265 0.0141635 -0.0631528 0.0157009 0.0168733 -0.0699967 -0.0222678 -0.052889 0.00410389 0.0182624 -0.00199484 0.0194076 0.00465804 0.0181977 0.0269936 0.0205633 0.0382669 -0.00756778 0.0227431 -0.0444052 0.0441776 0.0474797 -4.0472e-05 0.0084065 -0.0359433 0.0158358 0.0118855 -0.00869546 0.0354654 0.0194816
internal_weight=3710.93 3166.13 544.806 3095.17 3043.37 494.838 104.311 70.9628 25.7703 2939.06 157.252 2781.81 202.141 173.198 136.491 2579.67 148.551 24.9464 16.7568 30.9709 134.761 130.577 71.184 126.281 18.1189 108.162 88.0771 45.6954 18.8925 2431.12
internal_count=24513 15316 9197 13966 13319 8892 868 1350 203 12451 1342 11109 1138 747 579 9971 583 227 140 373 529 514 355 969 243 726 369 191 121 9388
is_linear=0
shrinkage=0.1


Tree=67
num_leaves=31
num_cat=0
split_feature=0 4 0 10 0 0 0 10 4 0 0 10 10 6 0 10 6 9 2 8 7 6 10 9 11 6 11 13 6 11
split_gain=501.817 64.273 50.7533 18.3744 15.9576 13.5529 11.0901 9.55893 8.96043 5.91639 5.28472 4.92434 4.43676 4.14398 4.05125 5.30607 5.25315 4.37965 4.05199 3.76835 3.73771 4.00302 4.80126 7.1066 4.65038 4.2313 3.66947 7.05129 5.31611 4.12226
threshold=35.500000000000007 11.500000000000002 50.500000000000007 19.500000000000004 31.500000000000004 46.500000000000007 45.500000000000007 19.500000000000004 12.500000000000002 47.500000000000007 54.500000000000007 20.500000000000004 13.500000000000002 13.500000000000002 39.500000000000007 13.500000000000002 9.5000000000000018 130.06276709401712 6.5000000000000009 0.20948987246811704 7.5000000000000009 7.5000000000000009 16.500000000000004 201.06271668087527 5.5000000000000009 6.5000000000000009 5.5000000000000009 1.3923076923076925 16.500000000000004 1.5000000000000002
decision_type=2 2 2 2 2 2 2 2 2 2 2 2 2 2 2 2 2 2 2 2 2 2 2 2 2 2 2 2 2 2
left_child=4 9 3 6 -1 -5 14 10 -6 11 -4 12 -2 -9 15 16 17 18 -3 -18 21 22 24 25 -8 -24 28 -28 29 -23
right_child=1 2 7 5 8 -7 20 13 -10 -11 -12 -13 -14 -15 -16 -17 19 -19 -20 -21 -22 26 23 -25 -26 -27 27 -29 -30 -31
leaf_value=-0.077988777747302881 -0.087348388338499519 0.13311496575954038 0.05597323453929446 -0.05840735537040409 -0.076347450969193723 0.009852376270014996 0.022171299505938217 0.039329837551539147 -0.023965896798336911 0.0075581342294890252 0.082839312873016449 -0.072510790102071232 -0.0017938558044197574 -0.026413567692519447 0.019186820523542654 -0.016758946845248892 0.16243130479945331 0.004859211376762089 0.014066460007128481 0.036492654487945593 0.058336243143038528 0.026338529305177816 -0.012143557680773255 0.024914347215236932 0.087971497393820375 -0.10208182116870662 0.028259499515962225 -0.084871033011100605 -0.063248317877676971 0.053513887691941091
leaf_weight=635.10834692046046 8.2785118743777293 5.3302683383226377 170.56091392040253 50.422038372606039 48.980572830885649 68.743627518415451 88.624922946095467 98.610787063837051 97.987880073487759 15.896807774901388 128.28758252412081 71.125899516046047 22.634104058146477 10.620242908596991 752.9477401226759 80.075067654252052 3.86418768763542 129.54810412973166 6.1667554378509521 6.1689732372760773 55.789379745721817 85.122312158346176 11.92844270169735 28.347115248441696 12.221960857510565 9.3166462182998657 33.196687832474709 6.6057845652103415 4.6956637799739829 162.15039238333702
leaf_count=11821 75 29 1103 669 895 333 352 399 998 80 1123 1027 133 42 2511 509 19 665 28 33 242 341 49 109 51 34 134 26 19 664
internal_value=-0.00262187 0.0225599 0.026771 0.0187479 -0.0711174 -0.0190301 0.0217853 0.0582532 -0.0414232 -0.0491877 0.0675061 -0.0580282 -0.0247057 0.0329378 0.0156318 0.00405185 0.0150821 0.0101087 0.0692599 0.0849969 0.0339454 0.0308682 0.0176181 -0.00785737 0.0301458 -0.0515843 0.0377001 0.00948388 0.0421573 0.0441589
internal_weight=2909.36 2127.28 2009.35 1601.27 782.077 119.166 1482.1 408.08 146.968 117.935 298.848 102.039 30.9126 109.231 984.101 231.153 151.078 141.045 11.497 10.0332 497.999 442.21 150.439 49.5922 100.847 21.2451 291.771 39.8025 251.968 247.273
internal_count=24513 10799 9484 6817 13714 1002 5815 2667 1893 1315 2226 1235 208 441 3794 1283 774 722 57 52 2021 1779 595 192 403 83 1184 160 1024 1005
is_linear=0
shrinkage=0.1


Tree=68
num_leaves=31
num_cat=0
split_feature=0 4 0 10 0 0 4 7 3 10 10 12 12 10 9 12 4 7 9 8 8 5 9 8 5 11 0 7 6 13
split_gain=526.261 65.6143 37.125 27.2347 16.3817 15.7635 10.5947 5.99907 5.75877 8.1431 5.74193 4.89971 5.89785 4.61596 4.47307 3.98867 3.83576 3.61594 3.52789 4.64437 3.49442 4.11776 5.00354 3.42235 4.11713 3.37923 3.53175 3.36305 7.27266 7.46367
threshold=29.500000000000004 12.500000000000002 21.500000000000004 6.5000000000000009 32.500000000000007 18.500000000000004 13.500000000000002 -1.0000000180025095e-35 4.5000000000000009 7.5000000000000009 7.5000000000000009 1.5000000000000002 8.5000000000000018 1.5000000000000002 248.44102472089318 11.500000000000002 5.5000000000000009 -1.0000000180025095e-35 448.9585294117648 0.22016949152542373 0.33072916666666669 1.0000000180025095e-35 223.29075362318841 0.21294035577258458 1.5000000000000002 5.5000000000000009 15.500000000000002 -5.4999999999999991 8.5000000000000018 0.94987468671679209
decision_type=2 2 2 2 2 2 2 2 2 2 2 2 2 2 2 2 2 2 2 2 2 2 2 2 2 2 2 2 2 2
left_child=1 2 3 5 6 -1 16 25 18 11 -3 -10 14 -14 -13 -15 27 -18 -4 -20 21 -7 -23 24 -16 26 -5 28 -2 -30
right_child=4 10 8 7 -6 20 -8 -9 9 -11 -12 12 13 15 23 -17 17 -19 19 -21 -22 22 -24 -25 -26 -27 -28 -29 29 -31
leaf_value=0.07606049932635682 0.15559659671546033 0.010894353543476475 0.018303143667985824 0.049137387654643108 -0.078240476060864983 0.080201632284249716 -0.079389282245540094 0.012296244721848058 0.049577952432669575 -0.040727646984222349 -0.070332766646663838 0.033812890780910106 -0.024236484671524096 0.034910279546148719 -0.03351907374255475 0.12396172417318706 -0.052653876296665916 0.011836095410713881 -0.059096055203284939 0.030534081982431679 0.015505348719759613 -0.032756349612720802 0.043872666784411221 -0.032895425257836258 0.029133849108455231 0.064468098122200751 0.018293597760519881 -0.02277389396672734 0.10086043736295221 -0.057912408578859376
leaf_weight=221.66454715281725 4.1702415496110943 9.780116178095339 709.00200048834085 58.450948789715767 697.53260524943471 30.166604205965996 40.372298140078783 257.67994636297226 24.462449297308922 42.206558510661125 79.000810101628304 20.08840574324131 10.697859704494475 27.57852878421545 17.628117486834526 6.1516839116811743 32.426368534564972 11.879548031836746 13.586871430277826 10.063015505671499 45.785708129405975 8.868321627378462 217.57048109173775 61.42014479637146 25.896461732685566 33.507328659296036 101.74626602977514 16.165059298276901 4.8090924471616727 7.7033158466219902
leaf_count=2152 37 46 2644 318 12224 173 584 1158 94 372 1062 70 47 100 70 23 414 145 45 33 245 49 1263 238 98 155 420 131 35 68
internal_value=-0.00453203 0.0226857 0.0265247 0.0402959 -0.0724212 0.0558035 -0.037883 0.0222916 0.0126588 -0.000922017 -0.0613848 0.00774149 0.00170222 0.0329987 -0.00941838 0.0511514 -0.0161639 -0.0353625 0.0170358 -0.0209585 0.0409544 0.0454952 0.0408715 -0.0176937 0.00375846 0.0355881 0.0295475 0.00973169 0.0412288 0.00311128
internal_weight=2848.06 2033 1944.22 975.44 815.059 524.056 117.526 451.384 968.782 236.13 88.7809 193.924 169.461 44.4281 125.033 33.7302 77.1536 44.3059 732.652 23.6499 302.391 256.605 226.439 104.945 43.5246 193.705 160.197 32.8477 16.6826 12.5124
internal_count=24513 10875 9767 5933 13638 3882 1414 2051 3834 1112 1108 740 646 170 476 123 830 559 2722 78 1730 1485 1312 406 168 893 738 271 140 103
is_linear=0
shrinkage=0.1


Tree=69
num_leaves=31
num_cat=0
split_feature=0 0 10 0 10 3 10 0 9 10 0 3 0 10 0 13 12 11 11 7 1 4 8 9 4 8 12 12 10 10
split_gain=208.084 22.7979 56.2666 21.856 22.4595 14.2198 9.10402 8.97035 8.96315 7.79875 7.34066 6.13626 6.0917 9.96352 5.96853 8.45538 9.03946 5.6158 5.12519 6.73191 4.67653 4.63571 4.48235 4.19398 9.33084 4.06881 4.55199 7.73705 3.99344 4.43569
threshold=42.500000000000007 36.500000000000007 19.500000000000004 16.500000000000004 7.5000000000000009 4.5000000000000009 17.500000000000004 33.500000000000007 315.80716911764711 8.5000000000000018 28.500000000000004 3.5000000000000004 20.500000000000004 6.5000000000000009 45.500000000000007 0.94987468671679209 7.5000000000000009 3.5000000000000004 5.5000000000000009 11.500000000000002 1.5000000000000002 2.5000000000000004 0.33072916666666669 317.10425000000004 7.5000000000000009 0.29805897723030988 10.500000000000002 4.5000000000000009 15.500000000000002 12.500000000000002
decision_type=2 2 2 2 2 2 2 2 2 2 2 2 2 2 2 2 2 2 2 2 2 2 2 2 2 2 2 2 2 2
left_child=1 3 9 4 -1 14 7 11 -9 -3 22 12 13 23 15 -2 20 -18 19 28 -17 -15 -8 -5 -25 26 27 -6 29 -13
right_child=5 2 -4 6 25 -7 10 8 -10 -11 -12 18 -14 21 -16 16 17 -19 -20 -21 -22 -23 -24 24 -26 -27 -28 -29 -30 -31
leaf_value=-0.061324541149264701 -0.054394937421652578 0.026228682870634935 0.020124580895191063 -0.055213094559777881 0.018698915407317905 -0.074489826353969169 0.0057890221189932853 -0.023489569286800425 0.057588464847995693 -0.055591759934623557 0.040950750368236102 0.023587469970833705 0.014387885427930545 -0.081027778077005078 -0.060685204047137342 -0.029481078098691688 0.25247177646022223 0.054624295283104266 0.004629689516174592 -0.034412508887859135 0.10266416933068996 0.022606339725602682 0.068119977189501107 -0.020023129398852368 0.18820619791888482 0.035450219586615199 0.068653853261029074 -0.045842550272041732 -0.042555655120901245 0.060026099631806343
leaf_weight=73.020049314945936 13.032341234385965 12.448749080300329 272.8103336468339 36.602401170879602 39.880721047520638 330.09051654115319 117.55145366489887 99.658183015882969 15.796155378222464 181.41049908101559 261.79987194389105 1011.1789261475205 554.17263981699944 4.5420657768845549 20.767708167433739 10.082566924393179 2.9138154461979857 2.8261803947389126 173.86802675947547 19.949710980057716 3.6466635204851618 86.833453878760338 12.792690455913542 60.052003428339958 2.2319558113813391 39.025652900338173 7.8585470244288436 34.76459888368845 8.8793873488903028 34.548378571867943
leaf_count=1659 111 47 964 565 169 6450 432 835 73 2316 1256 4312 2179 22 289 73 20 23 731 75 25 407 48 897 29 154 31 153 34 134
internal_value=0.00282384 0.0112602 -0.00914613 0.0147937 -0.0174912 -0.066753 0.0173057 0.0147034 -0.0123967 -0.0503376 0.0312968 0.0162734 0.00908748 -0.00635093 -0.0188104 0.00794662 0.0496769 0.155058 0.0205583 0.0231357 0.00561843 0.0174549 0.0119065 -0.0283486 -0.0125612 0.00884572 -0.00373864 -0.01136 0.0242243 0.0247913
internal_weight=3545.04 3161.68 466.67 2695.01 194.55 383.36 2500.46 2108.31 115.454 193.859 392.144 1992.86 744.435 190.262 53.2693 32.5016 19.4692 5.74 1248.42 1074.56 13.7292 91.3755 130.344 98.8864 62.284 121.53 82.5039 74.6453 1054.61 1045.73
internal_count=24513 17522 3327 14195 2166 6991 12029 10293 908 2363 1736 9385 4099 1920 541 252 141 43 5286 4555 98 429 480 1491 926 507 353 322 4480 4446
is_linear=0
shrinkage=0.1


Tree=70
num_leaves=31
num_cat=0
split_feature=10 0 0 0 10 0 4 10 10 11 11 0 9 8 4 0 1 7 0 5 2 7 7 12 12 2 13 8 8 12
split_gain=243.087 57.4928 27.3981 27.3423 14.3635 17.6804 9.21392 7.71708 6.69129 7.93582 8.2046 6.86927 6.3843 4.69806 4.4973 5.94871 5.14461 4.99214 4.73577 5.55024 6.4232 4.92601 4.23706 3.89323 3.85694 4.44679 4.99237 4.18745 3.97146 3.96152
threshold=7.5000000000000009 21.500000000000004 54.500000000000007 32.500000000000007 22.500000000000004 32.500000000000007 7.5000000000000009 19.500000000000004 8.5000000000000018 1.0000000180025095e-35 4.5000000000000009 24.500000000000004 374.04469362745107 0.045983086680761058 22.500000000000004 41.500000000000007 1.0000000180025095e-35 -4.4999999999999991 25.500000000000004 1.5000000000000002 6.5000000000000009 1.0000000180025095e-35 1.5000000000000002 4.5000000000000009 11.500000000000002 2.5000000000000004 0.62828947368421062 0.32583417593528818 0.21778656126482207 7.5000000000000009
decision_type=2 2 2 2 2 2 2 2 2 2 2 2 2 2 2 2 2 2 2 2 2 2 2 2 2 2 2 2 2 2
left_child=3 -2 4 -1 8 -6 -7 -4 9 -3 -11 -12 13 -10 18 -16 -17 -18 19 20 -15 -21 23 -9 27 26 -26 -20 -28 -29
right_child=1 2 7 -5 5 6 -8 22 12 10 11 -13 -14 14 15 16 17 -19 24 21 -22 -23 -24 -25 25 -27 28 29 -30 -31
leaf_value=-0.076413987326972521 -0.066449196563151333 0.20523861282633207 -0.077114535783111587 0.010519907297075755 -0.073849886265895809 -0.022086099492305233 0.04891351377280849 0.071726377951281506 0.13794786532685391 0.0088430480666742868 0.057538781175367662 0.27750230217292521 0.12841831520901889 -0.060362548006032114 0.022643687457793514 0.05821664032308959 -0.099980468072282003 -0.003319532639390551 0.018594555676862422 -0.061410976482211804 0.037013320349077554 0.027254014698493745 -0.067916224018678403 -0.024642239894319018 0.013897577304670906 0.014680561697357097 -0.013759531945680229 0.025998828681026844 -0.09622136192418676 0.059379185986113116
leaf_weight=384.8412148244679 90.162110783159733 3.6220579780638245 39.932100467383862 39.933119297027588 38.733329255133867 41.031964667141438 32.960999496281147 8.1771642416715675 3.1878549680113784 16.21987242996693 3.5054387561976901 2.3861669525504112 5.1166312284767619 26.27732277661562 151.69272656738758 13.379760917276142 5.4619229026138774 245.3876261934638 2057.6101129315794 7.2184268683195105 9.1268808990716916 47.490281976759434 7.5424111112952223 8.6023004502058011 18.89337520673871 94.804264701902866 11.611960079520943 152.00569776818156 11.750524971634148 46.407901115715504
leaf_count=7955 1303 34 1123 220 616 226 145 57 14 149 38 17 25 168 525 75 33 1504 8413 60 47 249 87 83 79 385 48 599 51 185
internal_value=0.00283728 0.0122715 0.0145536 -0.0682413 0.0159168 -0.0191122 0.00954148 -0.0500679 0.017263 0.0680313 0.0455555 0.146626 0.0168137 0.0166169 0.0164835 0.00685982 -0.00220162 -0.0054242 0.0180955 -0.00440935 -0.0352599 0.0155553 -0.00566213 0.0223212 0.0189429 0.00265522 -0.0243245 0.0199324 -0.055235 0.0338063
internal_weight=3625.07 3200.3 3110.14 424.774 3045.88 112.726 73.993 64.254 2933.16 25.7335 22.1115 5.89161 2907.42 2902.31 2899.12 415.922 264.229 250.85 2483.2 90.1129 35.4042 54.7087 24.3219 16.7795 2393.08 137.06 42.2559 2256.02 23.3625 198.414
internal_count=24513 16338 15035 8175 13685 987 371 1350 12698 238 204 55 12460 12435 12421 2137 1612 1537 10284 524 215 309 227 140 9760 563 178 9197 99 784
is_linear=0
shrinkage=0.1


Tree=71
num_leaves=31
num_cat=0
split_feature=0 4 0 10 0 0 10 0 7 0 12 2 3 6 10 10 8 8 7 10 11 0 8 0 4 8 4 10 8 12
split_gain=440.559 61.2305 44.1237 13.7706 12.472 9.45793 8.9305 8.465 5.95672 5.87251 5.03788 4.93478 4.58155 6.78315 4.54824 4.40445 4.0867 4.01241 4.00552 3.80602 4.63286 3.53086 3.50578 3.42718 3.48403 8.27593 4.3205 3.47717 9.7904 7.47117
threshold=34.500000000000007 11.500000000000002 51.500000000000007 18.500000000000004 42.500000000000007 41.500000000000007 19.500000000000004 31.500000000000004 -1.0000000180025095e-35 47.500000000000007 4.5000000000000009 8.5000000000000018 9.5000000000000018 5.5000000000000009 20.500000000000004 13.500000000000002 0.3874259381171824 0.14854215918045702 1.5000000000000002 19.500000000000004 1.0000000180025095e-35 47.500000000000007 0.11215932914046121 37.500000000000007 13.500000000000002 0.18942218080149117 15.500000000000002 10.500000000000002 0.23660287081339706 6.5000000000000009
decision_type=2 2 2 2 2 2 2 2 2 2 2 2 2 2 2 2 2 2 2 2 2 2 2 2 2 2 2 2 2 2
left_child=7 9 3 4 23 19 -4 -1 -9 14 -8 16 -7 -14 15 -2 17 22 -15 20 -5 -19 -6 -3 25 -25 -26 28 -28 -30
right_child=1 2 6 5 11 12 10 8 -10 -11 -12 -13 13 18 -16 -17 -18 21 -20 -21 -22 -23 -24 24 26 -27 27 -29 29 -31
leaf_value=-0.077625506997825292 -0.085001309385820956 -0.0046256573067542765 0.07031757289715064 0.080537380100289976 0.039766884931484739 -0.0051134070707518058 0.0068030386673155543 -0.075956402835977543 -0.02536249662528501 0.0072664610189121645 0.055093499692316673 0.05808826901642028 0.10620207076988231 0.039154802143962379 -0.072110064780368896 -0.0038180407832819848 -0.061536341619867964 0.025951044806907932 -0.0043087746650263894 -0.079297758888319692 -0.039670713975018944 0.04167003891414716 -0.0089324493187746771 0.16995953638261355 -0.015817574808317962 0.020029607700187045 -0.010785927390836158 0.013415024015886838 0.047259792135368545 0.19020739986825222
leaf_weight=577.56661557406187 9.3723048344254476 117.08648312836885 213.09029646217823 3.9097738638520267 21.059865683317184 159.92337433621287 41.005974963307381 38.883447431027889 57.955868817865849 15.842535912990568 45.658019736409187 57.361355438828468 8.8019635826349241 36.74756095930934 71.965438261628151 23.288070138543844 5.1008698344230643 481.65991318225861 50.127230979502201 19.021076377481222 17.814987231045961 203.17890420556068 49.590011760592461 4.7821638435125378 47.639679871499538 15.997817747294901 14.106611326336862 369.13980729132891 9.0669961273670179 6.1268950849771491
leaf_count=11821 107 837 1890 19 76 921 165 725 711 80 205 248 34 153 1158 145 19 1580 201 287 92 1064 184 20 217 75 49 1378 30 22
internal_value=-0.00264548 0.0197637 0.0239383 0.0176949 0.0218351 -0.00189066 0.05931 -0.073038 -0.0456772 -0.0494726 0.0322444 0.0298046 0.00524213 0.0225514 -0.0580641 -0.0271146 0.0276715 0.0282739 0.0140761 -0.0466349 -0.018037 0.0306146 0.00558423 0.0106719 0.0145084 0.0545335 0.0126439 0.0160469 0.049205 0.104903
internal_weight=2792.87 2118.47 1998 1698.24 1401.9 296.346 299.754 674.406 96.8393 120.468 86.664 817.951 255.6 95.6768 104.626 32.6604 760.59 755.489 86.8748 40.7458 21.7248 684.839 70.6499 583.946 466.86 20.78 446.08 398.44 29.3005 15.1939
internal_count=24513 11256 9766 7506 5799 1707 2260 13257 1436 1490 370 3171 1309 388 1410 252 2923 2904 354 398 111 2644 260 2628 1791 95 1696 1479 101 52
is_linear=0
shrinkage=0.1


Tree=72
num_leaves=31
num_cat=0
split_feature=0 4 0 10 0 4 0 10 2 0 8 9 12 9 12 10 10 1 4 8 11 9 7 8 11 6 0 11 6 13
split_gain=461.215 56.2236 30.2439 28.6974 17.0861 10.4801 9.67734 5.46853 5.07904 4.81083 4.14328 6.76257 8.435 6.4525 4.32946 3.68401 3.67804 3.56195 3.50016 3.37736 5.85364 3.60143 3.3395 3.3351 3.31428 3.88438 3.29794 4.15201 3.24316 3.23098
threshold=29.500000000000004 12.500000000000002 20.500000000000004 6.5000000000000009 32.500000000000007 13.500000000000002 18.500000000000004 7.5000000000000009 3.5000000000000004 15.500000000000002 0.23420877659574468 256.89168123543129 8.5000000000000018 172.97646198830412 7.5000000000000009 7.5000000000000009 7.5000000000000009 2.5000000000000004 5.5000000000000009 0.10582306830907051 4.5000000000000009 284.01331521739138 -1.0000000180025095e-35 0.12599206349206346 1.5000000000000002 2.5000000000000004 21.500000000000004 4.5000000000000009 2.5000000000000004 0.5634920634920636
decision_type=2 2 2 2 2 2 2 2 2 2 2 2 2 2 2 2 2 2 2 2 2 2 2 2 2 2 2 2 2 2
left_child=1 2 3 6 5 18 -1 -3 19 15 13 12 14 -11 17 -5 -10 29 -2 20 -4 -22 23 -20 25 -13 27 -9 -26 -12
right_child=4 7 8 9 -6 -7 -8 26 16 10 11 24 -14 -15 -16 -17 -18 -19 22 -21 21 -23 -24 -25 28 -27 -28 -29 -30 -31
leaf_value=0.074440370391554794 0.010741607957830314 0.010439763454965046 0.01772421697453655 0.064621393178453876 -0.077868682587899543 -0.078984292454284261 0.042284363696349109 -0.057123495843563091 0.0045606864929016175 0.084039792547368375 -0.047054200340362728 0.1246821138283567 -0.10043247136883807 -0.0058203543755667711 0.094278524892102367 0.026568883594274041 -0.036236948888187508 -0.064624379139235341 0.078038385323683512 0.014308232692994891 0.017696278140810026 0.11073663550380222 0.012147493122664478 -0.058984586285917712 0.0002906482297703828 0.043207871444788173 -0.0775643205024968 0.085068490868849489 0.047132734795655391 0.030532128536350196
leaf_weight=197.19924296438694 32.502090953290462 9.7739860713481885 44.075017042458057 34.212835177779198 636.7678360119462 37.030409786850214 178.13141744583845 7.0320333391427976 79.123367197811604 8.5592347756028158 6.7249947786331168 9.1004896536469477 7.6422692686319342 120.33631952852011 5.7395894676446906 99.245456621050835 30.66061195731163 6.7845984473824492 1.8943146690726305 940.45131482183933 5.9221094474196461 13.985111981630324 11.840749379247425 28.518069226294756 23.650273509323597 16.39168381690979 63.497666381299496 2.9006339237093925 39.412362456321716 26.588129669427872
leaf_count=2152 271 46 173 323 12224 584 1227 67 310 35 25 36 36 524 22 376 297 38 25 3672 23 53 145 389 99 69 968 27 169 108
internal_value=-0.00468561 0.0206252 0.0241597 0.0392658 -0.0715386 -0.03548 0.0591792 -0.0598293 0.0135886 0.0207833 0.0131282 0.0249087 -0.00316961 0.000146757 0.0130466 0.0363239 -0.00683333 0.0014191 -0.01393 0.0158207 0.0380521 0.0830585 -0.0329079 -0.0504498 0.0418656 0.0722935 -0.0691825 -0.0155992 0.0295656 0.0148696
internal_weight=2725.69 1977.14 1893.94 779.719 748.553 111.786 375.331 83.2043 1114.22 404.388 270.93 142.034 53.4796 128.896 45.8373 133.458 109.784 40.0977 74.7552 1004.43 63.9822 19.9072 42.2531 30.4124 88.5548 25.4922 73.4303 9.93267 63.0626 33.3131
internal_count=24513 10875 9767 5239 13638 1414 3379 1108 4528 1860 1161 602 229 559 193 699 607 171 830 3921 249 76 559 414 373 105 1062 94 268 133
is_linear=0
shrinkage=0.1


Tree=73
num_leaves=31
num_cat=0
split_feature=0 0 10 0 10 3 10 0 9 10 0 0 13 12 3 0 10 8 5 4 8 6 12 12 8 11 7 1 6 13
split_gain=183.304 19.1515 49.4802 16.5902 19.8109 14.0557 7.19513 7.5341 7.50566 6.87959 6.20949 5.39876 7.19227 6.53688 4.51497 4.57079 5.4403 5.2849 5.54202 5.22529 5.0447 4.79478 4.62336 4.51838 4.41946 4.38361 5.68144 4.17171 4.09665 4.28139
threshold=42.500000000000007 36.500000000000007 19.500000000000004 16.500000000000004 7.5000000000000009 4.5000000000000009 17.500000000000004 33.500000000000007 315.80716911764711 8.5000000000000018 28.500000000000004 45.500000000000007 0.94987468671679209 6.5000000000000009 3.5000000000000004 24.500000000000004 5.5000000000000009 0.28345771144278614 1.5000000000000002 2.5000000000000004 0.26209992193598758 2.5000000000000004 6.5000000000000009 7.5000000000000009 0.34514106583072107 5.5000000000000009 11.500000000000002 1.5000000000000002 7.5000000000000009 0.94987468671679209
decision_type=2 2 2 2 2 2 2 2 2 2 2 2 2 2 2 2 2 2 2 2 2 2 2 2 2 2 2 2 2 2
left_child=1 3 9 4 -1 11 7 14 -9 -3 -8 12 -2 27 15 16 17 18 23 -18 -21 -20 -22 -5 -17 26 -16 -14 29 -26
right_child=5 2 -4 6 -6 -7 10 8 -10 -11 -12 -13 13 -15 25 24 19 -19 21 20 22 -23 -24 -25 28 -27 -28 -29 -30 -31
leaf_value=-0.059177583968205189 -0.052358986940355214 0.023204680419150615 0.018664325584907781 -0.057993109173495351 0.0091058105794148587 -0.073799118183667953 0.010863004203206437 -0.021634549526604235 0.054182091190808336 -0.053724776662641083 0.037764360263503202 -0.059106617417339725 -0.03402218439334443 0.12234462497194556 0.022222896031842729 0.02342059732040699 -0.079499149110559608 0.015514914943962461 0.089601247747301563 0.035103720043905856 -0.018648743907248095 -0.0064446149004681527 0.039259847898365896 -0.0020764853039620598 0.075536723515713153 0.0040388752100712555 -0.031974949246704111 0.089574008575234676 -0.09377819901636858 -0.033667643654442497
leaf_weight=65.56035665795207 12.422998126596211 12.472790136933325 273.02166818827391 40.946385849267244 120.73685704171658 300.43087663315237 129.92273549735546 97.361381888389587 15.07992511987686 170.93594341725111 252.67875146865845 19.490768369287252 9.1971870660781878 7.0113328993320456 1046.9851936735213 241.23292855918407 5.3731839135289183 89.561256553977728 5.3886931091547003 97.54105880856514 44.947809960693121 146.64795552566648 19.887172427028418 22.333018645644188 5.4047929197549882 172.47924752905965 19.705726131796837 3.8842111043632022 6.0060941129922858 10.692461743950842
leaf_count=1659 111 47 964 343 507 6450 480 835 73 2316 1256 289 69 47 4480 878 34 629 43 547 227 1038 116 166 20 731 75 25 20 38
internal_value=0.00286224 0.010601 -0.00832176 0.0138523 -0.014924 -0.0654902 0.0160225 0.013712 -0.0114665 -0.0484932 0.0286293 -0.0174915 0.0074536 0.0444347 0.0151454 0.00894146 0.00305894 -0.00489936 -0.0133907 0.0175228 0.0207334 -0.00304042 -0.000886139 -0.0382586 0.0194992 0.01883 0.0212217 0.00267678 -0.0232983 0.00299867
internal_weight=3465.34 3112.9 456.43 2656.47 186.297 352.437 2470.18 2087.57 112.441 183.409 382.601 52.0065 32.5157 20.0927 1975.13 735.963 472.627 304.877 215.316 167.749 162.376 152.037 64.835 63.2794 263.336 1239.17 1066.69 13.0814 22.1033 16.0973
internal_count=24513 17522 3327 14195 2166 6991 12029 10293 908 2363 1736 541 252 141 9385 4099 3143 2219 1590 924 890 1081 343 509 956 5286 4555 94 78 58
is_linear=0
shrinkage=0.1


Tree=74
num_leaves=31
num_cat=0
split_feature=10 0 0 0 4 0 10 10 11 11 0 4 0 11 11 9 12 12 9 11 5 4 13 12 11 8 6 6 9 13
split_gain=214.328 50.4806 26.3742 22.1823 12.198 16.1747 7.54087 6.02936 6.73078 4.60924 5.46735 4.08394 7.00846 6.18727 5.14549 6.71083 7.67279 9.29499 5.25724 5.01139 7.62206 5.68225 5.23895 4.74277 4.62187 4.45249 4.93417 8.77445 7.32239 4.53687
threshold=7.5000000000000009 21.500000000000004 32.500000000000007 54.500000000000007 6.5000000000000009 33.500000000000007 19.500000000000004 8.5000000000000018 1.0000000180025095e-35 4.5000000000000009 24.500000000000004 19.500000000000004 41.500000000000007 4.5000000000000009 1.0000000180025095e-35 154.17960588793923 3.5000000000000004 2.5000000000000004 298.37471064814821 1.5000000000000002 8.5000000000000018 28.500000000000004 0.41428571428571431 11.500000000000002 3.5000000000000004 0.16302800189843378 6.5000000000000009 7.5000000000000009 185.68763888888893 0.92820512820512835
decision_type=2 2 2 2 2 2 2 2 2 2 2 2 2 2 2 2 2 2 2 2 2 2 2 2 2 2 2 2 2 2
left_child=2 -2 -1 4 5 -3 -5 8 -6 -10 -11 13 -13 14 18 16 17 -16 -9 20 21 25 -21 -17 -18 -14 -27 28 29 -28
right_child=1 3 -4 6 7 -7 -8 11 9 10 -12 12 19 -15 15 23 24 -19 -20 22 -22 -23 -24 -25 -26 26 27 -29 -30 -31
leaf_value=-0.075942096242091986 -0.065084049896281845 -0.063136605395664291 0.0099493285559377927 -0.076838714643022721 0.18807906535840813 0.0084913689201711277 -0.0037832255766616727 0.030169530865041639 0.013868717630718466 0.031448680418324111 0.22088912488195592 0.02033808204598242 0.061308597902634765 0.027613217564194562 -0.0083221003462574158 0.015768402709359447 -0.00085486484018001139 -0.11398379404037425 -0.0528265631074087 0.054569404443811843 0.14605087764518163 -0.079447884509384947 -0.0054309956613125699 -0.013723491070420969 0.097698520278481429 -0.017141359409010286 -0.061908536193588298 0.0082636929980002116 0.14583248875622645 0.071014795512365739
leaf_weight=349.47692853398621 83.82323319464922 45.088631369173527 39.824184268712997 34.973131448030472 3.7706244513392475 104.80945292115211 23.706597670912743 247.67689603939652 15.330895267426969 3.4021604210138312 2.7588584572076797 420.22084822505713 20.306543048471212 534.6515987329185 20.261743374168873 931.55389108136296 38.243894919753075 14.13271816074848 7.8747301697731009 15.144699241966007 4.4789012372493735 6.2812352590262881 372.12644277885556 57.919264629483223 5.4347768649458876 42.903050865978003 3.815303251147272 80.746784247457981 9.4911061935126764 7.8528290949761868
leaf_count=7955 1303 777 220 1123 30 479 227 988 135 34 17 1472 94 2228 74 3816 141 51 41 68 30 49 2111 241 20 231 22 453 45 38
internal_value=0.0028543 0.0114826 -0.0671557 0.0135698 0.0147545 -0.013054 -0.0473243 0.0162087 0.0648466 0.0432263 0.116279 0.0157763 0.0105651 0.0185347 0.0148661 0.011815 -0.0164108 -0.0517386 0.027612 0.00327256 0.0172708 0.0139055 -0.00308461 0.0140421 0.0114078 0.0174568 0.0113075 0.0232846 0.0806068 0.0275509
internal_weight=3548.08 3158.78 389.301 3074.96 3016.28 149.898 58.6797 2866.38 25.2625 21.4919 6.16102 2841.12 983.368 1857.75 1323.1 1067.55 78.0731 34.3945 255.552 563.147 175.876 171.397 387.271 989.473 43.6787 165.116 144.809 101.906 21.1592 11.6681
internal_count=24513 16338 8175 15035 13685 1256 1350 12429 216 186 51 12213 4613 7600 5372 4343 286 125 1029 3141 962 932 2179 4057 161 883 789 558 105 60
is_linear=0
shrinkage=0.1


Tree=75
num_leaves=31
num_cat=0
split_feature=0 4 0 10 0 0 0 10 7 0 10 12 10 10 3 8 10 9 4 4 3 13 0 4 12 8 6 9 12 6
split_gain=388.055 52.1058 37.623 11.5211 14.1259 9.68318 8.91974 8.88917 5.90027 5.40541 4.53588 4.26247 4.15636 4.15148 4.40042 3.99708 3.94391 4.82537 3.76706 3.59664 4.91391 3.58931 3.61873 4.29855 4.00985 3.4657 3.45865 3.41136 3.39607 5.14161
threshold=34.500000000000007 11.500000000000002 51.500000000000007 19.500000000000004 46.500000000000007 45.500000000000007 31.500000000000004 19.500000000000004 -1.0000000180025095e-35 47.500000000000007 20.500000000000004 4.5000000000000009 13.500000000000002 15.500000000000002 4.5000000000000009 0.17521929824561402 17.500000000000004 204.54583986415884 21.500000000000004 25.500000000000004 14.500000000000002 1.9285714285714286 39.500000000000007 25.500000000000004 6.5000000000000009 0.16405676535356004 15.500000000000002 257.88390277777779 3.5000000000000004 1.5000000000000002
decision_type=2 2 2 2 2 2 2 2 2 2 2 2 2 2 2 2 2 2 2 2 2 2 2 2 2 2 2 2 2 2
left_child=6 9 3 5 -5 21 -1 -4 -8 10 12 -9 -2 -7 -15 16 17 25 -18 26 -21 22 23 -3 -25 -16 -17 -11 29 -10
right_child=1 2 7 4 -6 13 8 11 28 27 -12 -13 -14 14 15 19 18 -19 -20 20 -22 -23 -24 24 -26 -27 -28 -29 -30 -31
leaf_value=-0.077292785456868573 -0.084352251948980467 0.00016489169571494623 0.067994856337011009 -0.056194655846741749 0.011694068516617008 0.039586598012757303 -0.075384981013982777 0.0057720466123355289 0.18908506614157611 0.086787817435260109 -0.071215779573975624 0.050709237144142549 -0.0031752699470637621 -0.071437865411791632 0.046287621001128397 0.033908696310807437 0.048759895474322572 -0.067417810668593967 -0.045360138354452184 -0.069510578199428213 0.065369875738123806 -0.058867713791376543 0.017021282831417822 0.0052274906106108019 0.10921826902579651 -0.051317367256543248 -0.048676424629629712 -0.020265845456989322 -0.041584027751781633 -0.0045415612758283536
leaf_weight=525.98526593483984 8.6708437688648718 245.35276379063725 191.70304374396801 46.729076698422432 89.070073366165161 234.99539743363857 35.45805437117815 40.711780294775963 1.4812598600983644 3.9734439402818671 66.495731353759766 43.836113497614861 23.139596369117498 4.9798662960529319 10.511556684970861 216.91172915697098 19.753412947058681 14.249523997306822 5.4190359711647025 8.0116375982761365 4.0748016685247412 6.9040493518114081 746.63005755841732 7.6584592089056951 7.1883902698755264 5.5631922632455817 5.1924966424703589 11.865215227007864 36.055492430925369 18.493568018078804
leaf_count=11821 107 1460 1890 688 404 1063 725 165 17 21 1158 205 145 20 45 962 76 59 23 42 23 35 2492 36 34 21 23 59 455 239
internal_value=-0.00270719 0.0180503 0.0218839 0.0162578 -0.0116667 0.0187148 -0.0722802 0.056082 -0.0434617 -0.047624 -0.0563589 0.0290709 -0.0253024 0.0296728 0.0217667 0.0233689 -0.000761108 -0.0250494 0.0284981 0.0290871 -0.0240372 0.0129894 0.0134821 0.00332666 0.0555766 0.0125082 0.031978 0.0065907 -0.0232595 0.00981708
internal_weight=2687.06 2069.59 1955.45 1679.2 135.799 1543.4 617.474 276.251 91.4884 114.145 98.3062 84.5479 31.8104 529.663 294.667 289.687 55.4967 30.3243 25.1724 234.191 12.0864 1013.73 1006.83 260.2 14.8468 16.0747 222.104 15.8387 56.0303 19.9748
internal_count=24513 11256 9766 7506 1092 6414 13257 2260 1436 1490 1410 370 252 2357 1294 1274 224 125 99 1050 65 4057 4022 1530 70 66 985 80 711 256
is_linear=0
shrinkage=0.1


Tree=76
num_leaves=31
num_cat=0
split_feature=0 4 0 10 0 0 9 10 7 3 10 9 12 12 5 9 9 1 7 4 0 11 9 8 8 5 9 13 9 13
split_gain=406.571 55.597 26.9738 21.9302 15.7255 9.02761 8.77679 4.99049 4.78244 4.10572 6.27934 4.42519 4.10895 5.17847 4.36863 6.52337 4.33701 3.95828 4.67512 3.40523 3.23933 3.51204 3.2217 3.90139 3.20186 4.19717 4.6438 3.13912 6.37005 5.05219
threshold=30.500000000000004 12.500000000000002 21.500000000000004 6.5000000000000009 18.500000000000004 32.500000000000007 256.89168123543129 7.5000000000000009 -1.0000000180025095e-35 4.5000000000000009 7.5000000000000009 250.52542735042738 10.500000000000002 2.5000000000000004 1.5000000000000002 311.19600000000008 299.36122922776156 1.5000000000000002 1.0000000180025095e-35 9.5000000000000018 21.500000000000004 4.5000000000000009 448.9585294117648 0.22016949152542373 0.33072916666666669 1.0000000180025095e-35 223.29075362318841 1.4833333333333336 355.72262443438916 0.84962406015037606
decision_type=2 2 2 2 2 2 2 2 2 2 2 2 2 2 2 2 2 2 2 2 2 2 2 2 2 2 2 2 2 2
left_child=1 2 3 4 -1 6 -2 -3 -5 22 11 19 13 14 -13 -16 -15 18 -14 -11 21 -9 -4 -24 25 -6 -27 29 -29 -8
right_child=5 7 9 8 24 -7 27 20 -10 10 -12 12 17 16 15 -17 -18 -19 -20 -21 -22 -23 23 -25 -26 26 -28 28 -30 -31
leaf_value=0.072907773461333175 -0.078669226745220505 0.00614801080542857 0.014917390269665893 0.030368374685229505 0.076676994370563453 -0.077528961691206807 0.02096485121794283 -0.05505895209494524 0.0091532847324748388 0.092621725855053794 -0.036680818620629919 -0.014257037840715255 0.015061361220589507 -0.038555406942895228 0.0982472797377162 -0.012242834405140863 0.0015592198179535794 -0.0031923170018860435 0.14616552285521975 0.019007322395800715 -0.075849036624449737 0.074001341771910298 -0.05794922315009448 0.023869971512665889 0.0096114188037215512 -0.037654908202849703 0.037585796449100956 0.0061947109366573862 0.22658971049110688 -0.065400222732446417
leaf_weight=175.99767024815083 29.414286475628614 10.208124816417692 730.89004462957382 183.8561909198761 26.589071974158287 581.84568278491497 13.775428142398598 6.6695220991969091 251.75824338942766 9.1453096717596072 41.467537518590689 16.066955268383026 5.2451092600822466 50.808057151734829 13.388995096087458 8.8924200460314733 57.399899713695049 10.405151955783365 5.6496891528367996 20.08261276781559 68.627324223518372 3.0832322910428047 13.457520648837091 10.279415696859358 43.097971856594086 8.5584331080317479 197.46523829549551 6.8971963822841627 1.619302552193403 13.325414229184387
leaf_count=2152 504 51 2848 893 173 12224 180 67 1158 34 398 61 20 204 56 38 232 43 21 71 1140 27 45 35 245 49 1263 88 17 176
internal_value=-0.00479771 0.0177982 0.0214453 0.0341162 0.0495546 -0.0735795 -0.0382436 -0.0596198 0.0181074 0.0101249 -0.00131062 0.00613146 -0.000121281 -0.00608592 0.0254899 0.0541511 -0.0172762 0.040919 0.0830477 0.042041 -0.0681853 -0.0142579 0.0137399 -0.022517 0.0346473 0.0392859 0.0344602 -0.00485836 0.0481 -0.0215006
internal_weight=2615.97 1969.09 1880.5 887.323 451.708 646.877 65.0316 88.5882 435.614 993.179 238.552 197.084 167.856 146.556 38.3484 22.2814 108.208 21.3 10.8948 29.2279 78.3801 9.75275 754.627 23.7369 275.711 232.613 206.024 35.6173 8.5165 27.1008
internal_count=24513 11324 10039 5933 3882 13189 965 1285 2051 4106 1178 780 675 591 155 94 436 84 41 105 1234 94 2928 80 1730 1485 1312 461 105 356
is_linear=0
shrinkage=0.1


Tree=77
num_leaves=31
num_cat=0
split_feature=0 0 10 3 0 10 10 5 8 0 13 10 12 13 8 8 12 12 8 8 7 5 8 1 7 11 11 4 4 0
split_gain=161.711 16.2097 42.9116 14.1364 12.698 17.1565 8.56847 6.45424 5.87123 4.64675 5.34348 4.49823 4.06975 5.14221 3.68265 3.42957 3.82495 6.81403 3.81164 3.68973 4.33313 3.68578 3.41423 3.70296 5.76964 3.41273 3.40596 5.46655 3.35333 5.49746
threshold=42.500000000000007 35.500000000000007 19.500000000000004 5.5000000000000009 16.500000000000004 7.5000000000000009 8.5000000000000018 5.5000000000000009 0.099019607843137264 46.500000000000007 0.94987468671679209 19.500000000000004 8.5000000000000018 1.4833333333333336 0.24417344173441732 0.29805897723030988 10.500000000000002 4.5000000000000009 0.13270440251572327 0.41588050314465413 -1.0000000180025095e-35 1.5000000000000002 0.084039548022598873 1.5000000000000002 1.0000000180025095e-35 1.5000000000000002 3.5000000000000004 8.5000000000000018 5.5000000000000009 31.500000000000004
decision_type=2 2 2 2 2 2 2 2 2 2 2 2 2 2 2 2 2 2 2 2 2 2 2 2 2 2 2 2 2 2
left_child=1 4 6 9 5 -1 25 8 -6 10 26 -12 13 -13 -15 16 17 18 -7 20 21 -17 -9 -24 -25 -3 -2 -28 29 -10
right_child=3 2 -4 -5 7 15 -8 22 28 -11 11 12 -14 14 -16 19 -18 -19 -20 -21 -22 -23 23 24 -26 -27 27 -29 -30 -31
leaf_value=-0.056744408868996371 -0.082845868949560711 -0.029826009038831119 0.01686175369687606 -0.075013216229382368 -0.010001077089145478 0.077537634701852542 -0.048097099619872116 0.11198741565745181 0.0050452599302768459 -0.061168988607077923 -0.079028351907331928 -0.029396670255009246 0.11124204662026685 0.016328886108348453 0.16326770715835112 0.074906174792272517 0.063253541516687092 -0.042695238771923161 0.0022078447111275267 -0.021904353274945915 0.084370092227912391 -0.034162809451024255 0.023785248688584181 0.079450721996535162 -0.034229593265584383 0.057545984615747087 0.13435065190450218 -0.047432233217622827 0.017140822054660526 0.050840727385277729
leaf_weight=58.611837323755026 10.889077212661507 7.4048367440700558 321.29357528686523 256.08018421940506 98.720253936946392 8.5629418194293958 186.91405464708805 5.4969549253582946 457.99116659909487 22.511613361537457 3.7229807302355793 10.413351662456995 5.8828573487699023 3.8218634575605384 3.0803598165512085 5.0207431763410595 7.9886688441038123 33.684202514588833 31.159859508275986 9.1624532118439657 16.735247194766998 8.0918578132987005 122.93853176012635 28.044853143393993 5.3098460137844077 11.281440660357474 2.2729108333587629 6.0779189802706242 1616.9877762943506 27.804379254579544
leaf_count=1659 123 28 1144 6146 510 37 2591 25 2613 392 60 84 39 29 17 24 31 153 132 39 55 36 591 130 24 45 17 84 7474 181
internal_value=0.00289585 0.00999621 -0.00596725 -0.0642089 0.0133046 -0.0123736 -0.0416423 0.0152497 0.013833 -0.0239197 -0.00575428 0.0230082 0.0393834 0.0149699 0.0819055 0.00922549 -0.00245833 -0.00960956 0.0184465 0.033604 0.0506435 0.00759911 0.0345271 0.0318027 0.0613536 0.022923 -0.0460001 0.00204504 0.014952 0.00766635
internal_weight=3393.96 3069.21 526.894 324.753 2542.31 179.018 205.6 2363.29 2201.5 68.6729 46.1613 26.9214 23.1984 17.3156 6.90222 120.406 81.3957 73.407 39.7228 39.0103 29.8478 13.1126 161.79 156.293 33.3547 18.6863 19.2399 8.35083 2102.78 485.796
internal_count=24513 17522 3808 6991 13714 2166 2664 11548 10778 845 453 229 169 130 46 507 353 322 169 154 115 60 770 745 154 73 224 101 10268 2794
is_linear=0
shrinkage=0.1


Tree=78
num_leaves=31
num_cat=0
split_feature=10 0 0 0 10 0 4 10 10 9 11 11 7 11 6 7 9 8 0 6 0 1 7 4 8 3 4 0 13 0
split_gain=189.036 44.4243 25.4506 17.8894 10.1499 15.519 7.61695 7.34355 4.62462 5.53884 4.04519 4.88376 3.90944 3.46946 3.29338 3.23505 10.0321 10.0301 6.45876 5.73509 4.41245 4.09694 3.94525 3.59915 3.53726 3.06597 3.06341 6.25422 4.1781 5.7838
threshold=7.5000000000000009 21.500000000000004 32.500000000000007 54.500000000000007 22.500000000000004 32.500000000000007 7.5000000000000009 19.500000000000004 8.5000000000000018 374.04469362745107 1.0000000180025095e-35 4.5000000000000009 1.5000000000000002 1.0000000180025095e-35 2.5000000000000004 8.5000000000000018 165.04702614379087 0.16172624237140362 38.500000000000007 6.5000000000000009 31.500000000000004 1.5000000000000002 11.500000000000002 28.500000000000004 0.17425810904071773 13.500000000000002 4.5000000000000009 35.500000000000007 0.34313725490196084 31.500000000000004
decision_type=2 2 2 2 2 2 2 2 2 2 2 2 2 2 2 2 2 2 2 2 2 2 2 2 2 2 2 2 2 2
left_child=2 -2 -1 4 8 -6 -7 -5 10 15 -3 14 13 -9 -12 23 17 25 20 21 22 -19 -18 26 -23 -17 27 -10 29 -28
right_child=1 3 -4 7 5 6 -8 12 9 -11 11 -13 -14 -15 -16 16 18 19 -20 -21 -22 24 -24 -25 -26 -27 28 -29 -30 -31
leaf_value=-0.075485270267389881 -0.063716983265702798 0.14323974617794055 0.0094462962401935194 -0.076601241749202423 -0.072590214201256428 -0.019934907097148 0.045254743599538655 0.12525237269036732 -0.078985925564795931 0.11806946990957717 0.064988709631604122 0.11023006860379153 -0.065822395378902221 0.0034110922339040438 -0.027416107968060766 -0.11478130587091771 -0.036830522163129063 -0.023847726688625049 -0.045732632388870091 -0.070682761759149088 0.028733308837680452 0.12977892749129435 0.035682195825744327 -0.040085866239945749 0.041820375493690276 -0.017955917795535889 -0.030341373228957948 0.015475264802461669 0.014801942079076272 0.036599223446482532
leaf_weight=317.59782470948994 78.125012140721083 4.4274183213710812 39.691916815936565 30.645416591316462 33.828313715755939 39.757664769887924 32.636894442141056 2.8214097619056764 10.396402060985567 5.1453653238713732 6.3627399951219621 6.7547504119575015 6.8011072240769854 13.614387411624191 9.7941412441432458 5.4258483722805968 32.444260001182556 9.0992728769779188 47.494619436562061 4.9102765806019297 33.042325109243393 4.8348517455160609 9.7604238390922529 11.704193301498888 84.111238960176706 8.231905195862053 14.075443509966133 21.51313342154026 2396.3985133059323 155.52086032181978
leaf_count=7955 1303 34 220 1123 616 226 145 20 172 25 52 55 87 120 97 20 117 36 255 34 132 20 34 98 344 37 75 79 10322 660
internal_value=0.00284952 0.0107404 -0.0660501 0.0126529 0.0136829 -0.0166743 0.00945387 -0.0444545 0.014802 0.0144099 0.0557352 0.0388259 -0.00205866 0.0243267 0.00897383 0.0142227 0.00309605 0.0240998 -0.016859 0.0347815 0.0013655 0.0400634 -0.0200609 0.0152432 0.0466015 -0.056422 0.0154925 -0.015301 0.0158754 0.0310436
internal_weight=3476.97 3119.68 357.29 3041.55 2987.67 106.223 72.3946 53.8823 2881.45 2854.11 27.339 22.9116 23.2369 16.4358 16.1569 2848.96 239.355 116.613 122.742 102.956 75.247 98.0454 42.2047 2609.61 88.9461 13.6578 2597.9 31.9095 2565.99 169.596
internal_count=24513 16338 8175 15035 13685 987 371 1350 12698 12460 238 204 227 140 149 12435 1029 491 538 434 283 400 151 11406 364 57 11308 251 11057 735
is_linear=0
shrinkage=0.1


Tree=79
num_leaves=31
num_cat=0
split_feature=0 4 0 0 10 0 10 7 10 7 3 4 0 10 0 10 7 8 6 13 0 2 9 4 7 13 8 9 3 12
split_gain=342.458 44.3021 32.1969 10.5734 17.3123 9.33905 6.59728 6.54762 5.83533 5.80249 5.3871 6.02165 5.14048 5.1698 4.23302 4.16257 3.52285 4.36193 5.76058 3.54018 4.70684 3.95307 3.49696 3.39406 3.31945 3.31449 3.75029 3.44678 5.33361 3.47123
threshold=34.500000000000007 11.500000000000002 53.500000000000007 45.500000000000007 19.500000000000004 31.500000000000004 15.500000000000002 4.5000000000000009 19.500000000000004 -1.0000000180025095e-35 14.500000000000002 25.500000000000004 43.500000000000007 19.500000000000004 48.500000000000007 13.500000000000002 -9.4999999999999982 0.17521929824561402 11.500000000000002 0.78888888888888908 49.500000000000007 4.5000000000000009 221.55425925925928 26.500000000000004 -1.4999999999999998 1.2111111111111115 0.30267794221282596 232.14383680555557 6.5000000000000009 1.5000000000000002
decision_type=2 2 2 2 2 2 2 2 2 2 2 2 2 2 2 2 2 2 2 2 2 2 2 2 2 2 2 2 2 2
left_child=5 12 3 4 -3 -1 23 -6 -4 -7 11 16 13 15 -13 -2 -8 18 19 -18 22 -22 -21 24 -5 26 27 28 -11 -30
right_child=1 2 8 6 7 9 10 -9 -10 25 -12 14 -14 -15 -16 -17 17 -19 -20 20 21 -23 -24 -25 -26 -27 -28 -29 29 -31
leaf_value=-0.076986595019138168 -0.08149018772860972 0.012171854794395814 0.076503613195532519 0.063795451520525348 -0.067430639035863035 -0.074837336036519736 -0.038947927505359956 0.12163156733994873 0.035079553758276726 0.18457708042131715 0.064130775845795379 -0.12811442094918099 -0.013923255262168208 -0.078137034412951736 -0.012405309968733853 0.010091825840409158 0.014824754627247406 0.024501355264830535 0.050939384676823254 -0.037183843325305471 -0.038866587419872339 0.081640270602163473 -0.12146173123912132 0.069802237782066276 0.029147629472085185 -0.064897677527477479 -0.067931897408272227 -0.062339024645770125 0.10822675780429661 -0.0035663417388292159
leaf_weight=479.41289656423032 7.451877016574147 1011.5985639318824 107.19186467677355 32.378260582685471 34.996964581310749 32.401795111596584 10.563107103109358 1.9329566620290268 49.807722337543964 1.8916081003844762 24.356453433632851 4.4209548756480208 34.486333776265383 51.425858777016401 11.099530056118963 14.859217967838047 22.702412433922291 331.65575537458062 16.170168455690145 19.860975928604606 5.5682015866041166 5.3257789090275764 6.5461172871291629 30.465774089097977 189.40104851871729 13.24119872972369 8.191313009709118 5.795075796544551 3.1769009605050114 22.092585630714893
leaf_count=11821 105 4057 1328 158 578 725 57 16 267 26 139 19 273 1023 64 89 101 1609 79 79 26 32 30 189 938 179 108 89 38 271
internal_value=-0.0027738 0.0164557 0.0199716 0.0160989 0.00971673 -0.0715221 0.0255171 -0.0575349 0.0633619 -0.0413377 0.0183681 0.0157994 -0.0457917 -0.0606963 -0.0453646 -0.0204964 0.0180683 0.019545 -0.00203447 -0.0163102 -0.0352598 0.020046 -0.0580757 0.0385052 0.034206 -0.0213804 -0.00737657 0.00767456 0.0226126 0.0104884
internal_weight=2590.47 2024.27 1916.04 1759.04 1048.53 566.203 710.515 36.9299 157 86.7905 458.269 433.913 108.223 73.737 15.5205 22.3111 418.393 407.829 76.1737 60.0035 37.3011 10.894 26.4071 252.245 221.779 54.3887 41.1475 32.9562 27.1611 25.2695
internal_count=24513 11256 9766 8171 4651 13257 3520 594 1595 1436 2235 2096 1490 1217 83 194 2013 1956 347 268 167 58 109 1285 1096 711 532 424 335 309
is_linear=0
shrinkage=0.1


Tree=80
num_leaves=31
num_cat=0
split_feature=0 4 0 10 10 0 9 8 6 10 12 9 10 5 10 9 9 12 9 4 12 0 10 8 10 9 12 1 8 11
split_gain=361.004 56.4317 23.0012 28.5132 6.22909 4.98528 5.59644 5.06478 5.60086 5.55625 7.26325 6.38479 4.96591 5.74827 4.72101 4.55738 4.73663 4.40718 3.95206 4.59694 4.31986 3.99146 5.23558 3.79592 5.54678 4.82361 3.69215 3.62962 8.20553 3.66593
threshold=31.500000000000004 12.500000000000002 19.500000000000004 6.5000000000000009 7.5000000000000009 24.500000000000004 216.87142547928264 0.28345771144278614 8.5000000000000018 1.5000000000000002 10.500000000000002 304.0131313131314 5.5000000000000009 1.5000000000000002 20.500000000000004 357.34661306042887 307.59523809523819 11.500000000000002 232.97789855072466 8.5000000000000018 9.5000000000000018 25.500000000000004 21.500000000000004 0.34514106583072107 6.5000000000000009 350.68837991718436 10.500000000000002 1.5000000000000002 0.15319426336375488 5.5000000000000009
decision_type=2 2 2 2 2 2 2 2 2 2 2 2 2 2 2 2 2 2 2 2 2 2 2 2 2 2 2 2 2 2
left_child=1 2 3 -1 -3 7 -7 12 9 10 -9 -11 13 -4 -14 16 -10 -13 21 23 27 -8 -23 -20 25 -25 -22 29 -29 -21
right_child=-2 4 5 -5 -6 6 18 8 15 11 -12 17 14 -15 -16 -17 -18 -19 19 20 26 22 -24 24 -26 -27 -28 28 -30 -31
leaf_value=0.063628272039086775 -0.075843007632284007 0.012928419238585766 0.046635008711908413 0.017869271902750394 -0.06871812609870151 -0.074395782677449049 0.12700560519967288 0.059334832907497914 -0.082181373383178449 -0.022797486139029762 -0.062851668552338993 0.012433847486107191 0.0012186831414021527 0.020068686599551279 0.045423989761825961 -0.11965997720343838 0.029667792509765506 0.10909453841741928 0.0057801364142228071 -0.057096351333764797 0.08219552616860952 -0.086482622014473959 0.097566153039879866 0.10140886462578014 -0.024986816305030787 0.0081852338607293091 -0.0068640921518687854 0.12158145668297236 -0.024771932870961876 0.039078331168964413
leaf_weight=224.52455016970634 558.11104150675237 10.500838078558443 118.58298391103745 346.05523297190666 84.846093367785215 8.9301238469779474 5.3116719722747785 34.992595463991165 6.4221740365028408 66.669282529503107 5.6506235003471366 92.445326671004295 152.04810925200582 260.07627245783806 28.723314896225929 5.8556015789508811 9.2245792299509031 4.9705695584416381 366.43099676445127 37.33100488036871 7.0984269902110126 2.9841514453291893 3.2062436677515507 14.912604928016664 9.1327743120491487 8.8408429622650129 13.523097932338713 4.6136872284114387 22.579128336161375 4.4341097734868518
leaf_count=2757 12692 54 507 1644 1445 82 21 135 23 322 23 384 744 1053 105 25 35 23 1710 219 37 26 22 61 46 36 77 29 152 24
internal_value=-0.00488381 0.0153124 0.0191475 0.0358756 -0.0597262 0.0117771 0.00407106 0.0167727 0.00414691 0.00924615 0.0423473 0.00104715 0.0218786 0.0283883 0.0082426 -0.044404 -0.0162404 0.0173659 0.00547138 0.00410826 -0.0163647 0.0634108 0.00884332 0.00870099 0.0412463 0.0667118 0.0237924 -0.0283735 5.92128e-05 -0.0468857
internal_weight=2519.03 1960.92 1865.57 570.58 95.3469 1294.99 509.329 785.661 226.231 204.728 40.6432 164.085 559.431 378.659 180.771 21.5024 15.6468 97.4159 500.399 488.897 89.5795 11.5021 6.1904 399.317 32.8862 23.7534 20.6215 68.9579 27.1928 41.7651
internal_count=24513 11821 10322 4401 1499 5921 2542 3379 970 887 158 729 2409 1560 849 83 58 407 2460 2391 538 69 48 1853 143 97 114 424 181 243
is_linear=0
shrinkage=0.1


Tree=81
num_leaves=31
num_cat=0
split_feature=0 3 4 0 0 10 12 0 10 0 9 2 10 12 13 9 0 10 13 11 9 8 7 8 2 7 2 2 11 6
split_gain=142.589 14.1203 14.101 17.8013 8.84382 15.4038 5.57903 5.33989 4.99305 22.8333 4.89457 4.7771 4.7788 5.21549 8.6776 4.55064 4.40693 4.51882 4.55157 4.4507 4.21668 4.11231 4.0841 5.17761 4.63777 5.63522 4.082 5.51414 4.40689 3.79294
threshold=42.500000000000007 5.5000000000000009 18.500000000000004 31.500000000000004 16.500000000000004 6.5000000000000009 1.5000000000000002 37.500000000000007 19.500000000000004 36.500000000000007 401.50203373015876 3.5000000000000004 16.500000000000004 10.500000000000002 0.74342105263157909 206.07898769913291 47.500000000000007 19.500000000000004 0.38750000000000007 5.5000000000000009 126.47813870614037 0.18107302533532041 -6.4999999999999991 0.32173123486682814 1.0000000180025095e-35 -2.4999999999999996 4.5000000000000009 5.5000000000000009 5.5000000000000009 8.5000000000000018
decision_type=2 2 2 2 2 2 2 2 2 2 2 2 2 2 2 2 2 2 2 2 2 2 2 2 2 2 2 2 2 2
left_child=2 16 4 6 5 -1 20 -5 9 -6 15 12 13 -11 -15 -10 17 -2 -19 21 -4 -20 29 -24 -25 -26 28 -28 -8 -17
right_child=1 -3 3 7 8 -7 26 -9 10 11 -12 -13 -14 14 -16 22 -18 18 19 -21 -22 -23 23 24 25 -27 27 -29 -30 -31
leaf_value=-0.070728775827974363 -0.078704774566266122 -0.074509978660100395 0.01902240606255674 -0.018935610593306243 0.012908934669216797 0.0043930786191644219 0.067529941015111047 -0.056670696988630122 0.069458962422386847 -0.011225801075847358 -0.065909990189398679 -0.061658430174775736 -0.066249652715590343 -0.029344086567223107 0.2531553360755997 -0.013975250881887519 -0.066584772785477211 -0.068042690568514197 -0.068458371887532121 0.10629113442145643 -0.093983846326191153 0.024008905404804434 0.0098683808253140146 -0.021747259829967204 0.098235538945531345 0.001543942052314295 -0.03219493999960206 0.029074014571724066 -0.026270668588509336 0.034430932254616922
leaf_weight=33.984040359035134 7.5150631293654433 233.26845277659595 5.9209997057914716 89.587073929607868 1869.6668740082532 138.69566850364208 29.981996119022369 64.50060873106122 19.299409165978432 30.756624173372984 6.4486860111355773 44.20603097602725 13.757523085922001 2.275174766778945 2.082677811384201 17.541604906320572 16.755168754607439 7.0185918584465972 6.0174278542399433 5.1248350106179705 7.4646639227867126 23.961679741740227 337.40405133366585 7.168510600924491 19.486519828438759 8.7267462164163607 21.158963426947594 48.039715304970741 6.0131805539131156 209.66792596131563
leaf_count=1236 133 6146 20 763 9343 930 101 1026 77 329 29 634 185 21 25 78 322 81 59 44 26 206 1405 32 89 38 72 165 22 876
internal_value=0.00287812 -0.0629292 0.00937811 -0.0123168 0.0115205 -0.0103912 0.0168097 -0.0347314 0.0129822 0.0105024 0.0207607 -0.0378381 -0.016292 0.00328099 0.105666 0.0216632 -0.0222404 -0.00727191 0.00547239 0.0201708 -0.0439968 0.00544881 0.0201258 0.0136847 0.050078 0.0683275 0.0245471 0.0103397 0.0518601 0.0306938
internal_weight=3333.5 299.661 3033.84 272.667 2761.17 172.68 118.58 154.088 2588.49 1962.74 625.743 93.078 48.872 35.1145 4.35785 619.295 66.3928 49.6376 42.1225 35.1039 13.3857 29.9791 599.995 372.786 35.3818 28.2133 105.194 69.1987 35.9952 227.21
internal_count=24513 6991 17522 2195 15327 2166 406 1789 13161 10537 2624 1194 560 375 46 2595 845 523 390 309 46 265 2518 1564 159 127 360 237 123 954
is_linear=0
shrinkage=0.1


Tree=82
num_leaves=31
num_cat=0
split_feature=10 0 0 0 4 0 10 9 7 12 10 8 0 12 5 13 13 7 4 0 5 2 7 12 13 6 6 9 0 9
split_gain=166.934 39.135 24.7896 14.1012 8.62373 7.62968 7.13759 4.23803 3.91586 3.7679 3.56173 4.04687 3.58261 3.83073 5.98505 4.92266 3.90616 3.55664 3.53678 3.15817 4.94556 5.65884 5.21435 3.55586 3.09584 3.77709 3.50784 5.20604 3.08771 4.7023
threshold=7.5000000000000009 21.500000000000004 31.500000000000004 54.500000000000007 5.5000000000000009 32.500000000000007 19.500000000000004 376.79206349206356 -2.4999999999999996 11.500000000000002 8.5000000000000018 0.045983086680761058 26.500000000000004 4.5000000000000009 1.5000000000000002 1.4833333333333336 1.6515151515151518 1.5000000000000002 6.5000000000000009 25.500000000000004 1.5000000000000002 6.5000000000000009 1.0000000180025095e-35 10.500000000000002 0.34313725490196084 14.500000000000002 12.500000000000002 238.77703656462589 35.500000000000007 155.44709045780476
decision_type=2 2 2 2 2 2 2 2 2 2 2 2 2 2 2 2 2 2 2 2 2 2 2 2 2 2 2 2 2 2
left_child=2 -2 -1 4 5 -3 -5 10 -7 18 12 -12 13 16 -15 -16 -6 -8 -4 20 21 -13 -22 -24 25 26 28 -28 -21 -30
right_child=1 3 9 6 7 8 17 -9 -10 -11 11 19 -14 14 15 -17 -18 -19 -20 24 22 -23 23 -25 -26 -27 27 -29 29 -31
leaf_value=-0.07598166487888329 -0.062331679155126385 -0.062803185790791111 -0.061184370916176616 -0.076382241861063502 -0.068101325372195487 -0.0068715651591605229 0.024474338707875663 0.097341996181803406 0.077146387543699846 0.084858949353767796 0.12581850092897615 -0.059038957236653436 0.10895226640364571 -0.0034040604725331445 0.24854847283600626 0.054030834996474764 0.08740638415594279 -0.064086502042953256 0.0090296140504287636 -0.0023962747460748788 -0.061885268265585436 0.03158984661068609 0.015131170323884719 0.097022833412414619 0.012773914593088834 -0.047762601939409413 0.15361176187370987 0.027387951061404337 -0.090609516955910352 0.036072305856335057
leaf_weight=282.71009302325547 72.923949956893921 26.254587929695845 9.2717012315988523 26.60594324208796 5.8657362535595947 62.810913670808077 16.398024111986164 6.0404667109251013 6.0847056955099097 5.0290803015232077 3.1843749880790702 25.680403530597687 7.4078398607671252 5.9795406498014909 2.3970223776996136 2.8453750014305115 2.2291153818368912 6.2682297229766837 31.708591796457767 31.641502544283867 7.9830728471279135 9.4156899079680425 42.700702466070652 6.0540644600987426 2574.8684397805482 6.5380959361791602 5.4866228811442843 8.0790857560932618 3.0074225887656203 113.95565991476178
leaf_count=7874 1303 537 93 1123 62 324 140 37 31 26 13 172 42 54 24 23 14 87 182 177 80 47 223 28 11222 26 25 38 11 475
internal_value=0.00284488 0.0100551 -0.0649033 0.0118054 0.0126867 -0.0169318 -0.0412525 0.0136682 0.000548711 0.00316882 0.0134918 0.0131497 0.049828 0.0271543 0.0649763 0.142972 -0.0252785 -1.66821e-05 -0.00685615 0.0130232 -0.0052186 -0.0347248 0.0130329 0.0253 0.0136338 0.026757 0.0297613 0.0784389 0.0253177 0.032815
internal_weight=3417.43 3088.71 328.719 3015.78 2966.51 95.1502 49.2722 2871.36 68.8956 46.0094 2865.32 2838.6 26.7246 19.3168 11.2219 5.2424 8.09485 22.6663 40.9803 2835.41 91.8339 35.0961 56.7378 48.7548 2743.58 168.708 162.17 13.5657 148.605 116.963
internal_count=24513 16338 8175 15035 13685 892 1350 12793 355 301 12756 12537 219 177 101 47 76 227 275 12524 550 219 331 251 11974 752 726 63 663 486
is_linear=0
shrinkage=0.1


Tree=83
num_leaves=31
num_cat=0
split_feature=0 4 0 0 3 0 13 10 7 0 12 6 8 11 11 10 10 0 10 9 13 10 11 4 9 10 9 7 8 6
split_gain=303.301 37.6278 27.7311 9.76709 8.50682 6.69261 6.55604 5.9869 5.70805 5.507 6.09949 5.82207 5.59046 5.99301 5.13585 9.64153 5.08185 4.96704 5.17846 4.0305 3.99538 3.97749 3.80406 3.62065 4.04855 4.01599 5.52271 4.68641 4.61751 4.51004
threshold=34.500000000000007 11.500000000000002 53.500000000000007 31.500000000000004 8.5000000000000018 47.500000000000007 1.9285714285714286 19.500000000000004 -1.0000000180025095e-35 40.500000000000007 1.5000000000000002 2.5000000000000004 0.26365441906653431 5.5000000000000009 1.5000000000000002 13.500000000000002 15.500000000000002 43.500000000000007 19.500000000000004 204.54583986415884 0.38750000000000007 17.500000000000004 1.5000000000000002 14.500000000000002 200.34294794593876 13.500000000000002 187.73066411238827 6.5000000000000009 0.3504385964912281 4.5000000000000009
decision_type=2 2 2 2 2 2 2 2 2 2 2 2 2 2 2 2 2 2 2 2 2 2 2 2 2 2 2 2 2 2
left_child=3 17 4 -1 6 23 9 -4 -5 10 14 -11 13 -13 -3 -16 -14 18 21 -15 -7 -2 -22 -6 25 29 27 28 -27 -25
right_child=1 2 7 8 5 20 -8 -9 -10 11 -12 12 16 19 15 -17 -18 -19 -20 -21 22 -23 -24 24 -26 26 -28 -29 -30 -31
leaf_value=-0.076705104191125265 -0.043690709462447547 -0.036490240003458428 0.075300254685094603 -0.074294681144512695 -0.02718393820742997 -0.044413411940429866 -0.068532739959066516 0.031889385251659644 -0.019467859499025148 -0.090411457129471171 -0.020773480780605973 0.024369018802683905 0.026984963405331165 0.02447365552402616 0.19669697868538222 0.01186231404858256 -0.01777940350331288 -0.012568565552812154 -0.077864101093078356 -0.039791066961852181 0.016833961837759735 0.054801478821929622 0.042973199920659157 0.0035734309208642692 0.028419809750988859 0.0085494173442938522 -0.020248735981440731 0.045569260501865563 -0.074792726783262709 0.02835875047144229
leaf_weight=437.91193172521889 16.307700376957659 5.6598086468875435 94.315044701099396 29.654510108754039 19.394896809011698 6.4346832931041709 11.805214852094648 47.905684597790241 52.797199137508869 5.5238496661186209 108.37100130319595 301.85095115378499 35.267325304448605 15.493441827595232 4.4219057112932187 7.8006959185004234 90.280418060719967 34.013792004436255 47.226993184536695 26.368498660624027 78.716892309486866 5.4773671701550475 190.2015183493495 110.62764743715525 212.97400658577681 179.30177829042077 71.471683546900749 34.532016403973103 6.9037681855261317 218.26180550456047
leaf_count=11821 162 41 1328 725 101 28 83 267 711 20 801 1343 146 66 21 56 450 273 1023 134 470 32 1171 449 831 679 271 132 29 849
internal_value=-0.00279743 0.0150018 0.01822 -0.0707603 0.0147529 0.0199024 0.0052679 0.0606777 -0.0391868 0.00671744 -0.0118449 0.0116535 0.0128549 0.0194516 0.042264 0.078732 -0.00520475 -0.0438445 -0.0592594 -0.0160062 0.0334585 -0.0189271 0.0353218 0.0155288 0.0165221 0.0124423 0.00391145 0.0117342 0.00545942 0.0200218
internal_weight=2507.27 1986.91 1883.88 520.364 1741.66 1128.82 612.843 142.221 82.4517 601.038 126.253 474.784 469.261 343.713 17.8824 12.2226 125.548 103.026 69.0121 41.8619 275.353 21.7851 268.918 853.468 834.073 621.099 292.209 220.738 186.206 328.889
internal_count=24513 11256 9766 13257 8171 5010 3161 1595 1436 3078 919 2159 2139 1543 118 77 596 1490 1217 200 1669 194 1641 3341 3240 2409 1111 840 708 1298
is_linear=0
shrinkage=0.1


Tree=84
num_leaves=31
num_cat=0
split_feature=0 4 0 10 3 0 3 0 4 8 13 0 6 12 12 8 5 0 11 10 8 9 8 10 13 6 3 0 9 9
split_gain=322.659 49.8574 19.2842 26.5537 5.41584 3.5738 3.79539 3.40183 3.3173 3.02998 4.7674 3.02064 4.33818 2.9064 2.79499 3.92486 4.05741 3.83827 3.26837 2.58868 2.53013 6.11324 3.53693 3.51681 2.50315 2.44256 2.43221 2.36146 3.6702 5.66275
threshold=31.500000000000004 13.500000000000002 19.500000000000004 6.5000000000000009 8.5000000000000018 22.500000000000004 6.5000000000000009 18.500000000000004 3.5000000000000004 0.11583184257602856 1.9285714285714286 21.500000000000004 3.5000000000000004 3.5000000000000004 10.500000000000002 0.17521929824561402 2.5000000000000004 12.500000000000002 4.5000000000000009 5.5000000000000009 0.18624359479700434 260.86697368421056 0.30707196029776679 8.5000000000000018 1.6515151515151518 3.5000000000000004 3.5000000000000004 32.500000000000007 274.98851851851856 286.16530388471193
decision_type=2 2 2 2 2 2 2 2 2 2 2 2 2 2 2 2 2 2 2 2 2 2 2 2 2 2 2 2 2 2
left_child=1 2 3 7 5 6 -4 -1 9 10 -5 12 -3 -11 17 26 -17 -10 -19 -13 21 23 -22 -20 25 -24 -16 28 -2 -30
right_child=27 11 4 8 -6 -7 -8 -9 14 13 -12 19 -14 -15 15 16 -18 18 20 -21 22 -23 24 -25 -26 -27 -28 -29 29 -31
leaf_value=0.069958810294980495 -0.077917590012100857 -0.080754732626126438 0.020742619249939358 0.043615870726086671 -0.04264290812923522 0.0074299356896058572 -0.02247984743611528 0.041934825557442733 0.062068026651757258 0.015253723450416097 -0.10563281309130797 0.02407260067453329 0.12245189255058278 0.070343536490495503 0.065751032969730047 -0.070257546151882164 0.03034091884623101 0.0038733219850535469 0.086052677653283421 -0.078416441410575563 0.059974632991942417 -0.049945686647261921 -0.0059824693047073919 -0.01397866936986455 -0.054450850277074886 0.073282937663357833 -0.02753324031571544 -0.076933616602893176 0.17568242913288029 -0.031042569185676095
leaf_weight=141.38122209906578 13.920595318078997 2.2819396518170825 410.20158240944147 5.6533527001738531 18.964784312993288 850.78423045575619 21.374587368220091 62.449852764606476 16.368641912937164 14.845139861106871 3.4440789595246315 2.5649409592151633 1.9469437226653097 26.984110251069069 7.2395276650786382 14.716059051454069 5.5105954259634009 163.46847485005856 8.8389496207237261 62.916956413537264 34.777162134647369 12.003850899636744 9.3079195469617861 5.8346095830202094 4.9193764999508849 6.67579212039709 4.5527187585830688 488.17667884938419 1.5730731487274159 8.4051786065101606
leaf_count=2152 293 29 1995 34 240 3757 144 606 107 93 18 15 20 164 32 72 26 729 39 1200 154 62 40 24 19 29 21 12224 28 147
internal_value=-0.00490217 0.0139082 0.0170361 0.0327541 0.0104053 0.0111899 0.0186019 0.0613728 0.0158526 0.0394169 -0.0128863 -0.069112 0.0128 0.0507922 0.0117738 -0.0161174 -0.0428503 0.0151798 0.0120577 -0.0744019 0.0283026 0.0029806 0.0404348 0.0462775 0.00792577 0.0271237 0.0297361 -0.0754311 -0.0447392 0.00154766
internal_weight=2432.08 1920.01 1850.3 548.971 1301.33 1282.36 431.576 203.831 345.14 50.9267 9.09743 69.7108 4.22888 41.8293 294.214 32.0189 20.2267 262.195 245.826 65.4819 82.3577 26.6774 55.6803 14.6736 20.9031 15.9837 11.7922 512.076 23.8988 9.97825
internal_count=24513 11821 10557 4421 6136 5896 2139 2758 1663 309 52 1264 49 257 1354 151 98 1203 1096 1215 367 125 242 63 88 69 53 12692 468 175
is_linear=0
shrinkage=0.1


Tree=85
num_leaves=31
num_cat=0
split_feature=0 3 0 10 0 10 10 5 8 0 10 13 12 13 1 12 7 8 12 9 0 0 8 9 13 4 13 8 1 7
split_gain=125.711 14.0862 11.8314 32.6805 7.36304 13.6569 6.97666 4.97473 4.78447 4.14325 4.20865 3.96164 3.80746 4.42694 5.31077 3.51389 6.87018 3.88798 5.12153 3.71341 3.26054 3.19084 3.10183 5.82174 3.25802 3.14702 3.09954 3.05304 3.3479 4.92938
threshold=42.500000000000007 5.5000000000000009 35.500000000000007 19.500000000000004 16.500000000000004 6.5000000000000009 8.5000000000000018 5.5000000000000009 0.099019607843137264 47.500000000000007 19.500000000000004 0.38750000000000007 8.5000000000000018 1.4833333333333336 1.5000000000000002 10.500000000000002 1.0000000180025095e-35 0.28345771144278614 4.5000000000000009 290.8184200603319 39.500000000000007 12.500000000000002 0.13270440251572327 219.85365103488206 1.297058823529412 9.5000000000000018 1.1791443850267382 0.084039548022598873 1.5000000000000002 1.0000000180025095e-35
decision_type=2 2 2 2 2 2 2 2 2 2 2 2 2 2 2 2 2 2 2 2 2 2 2 2 2 2 2 2 2 2
left_child=2 9 4 6 5 -1 -4 8 -6 10 -2 -12 13 -13 -15 17 19 18 22 -17 -8 -19 23 -7 -25 -24 -14 -9 -29 -30
right_child=1 -3 3 -5 7 15 20 27 -10 -11 11 12 26 14 -16 16 -18 21 -20 -21 -22 -23 25 24 -26 -27 -28 28 29 -31
leaf_value=-0.069750590929181538 -0.078408413185088746 -0.074010032651099164 0.020342401062770993 0.014325415705369174 -0.0098901708595502923 -0.086250684262527355 -0.032588929363058093 0.1042291033722057 0.012843129608642177 -0.065482853144326433 -0.06622535268077305 -0.02643390236696104 0.12632624286968272 -0.0048366385669539385 0.16557743843812067 0.06570846532492676 0.16703301809344415 -0.035827686205690157 -0.040878021436629108 -0.066747765153435779 -0.060598523166191159 0.035190321398032201 -0.016522276853893968 0.045287297751816391 0.17438221674609067 0.07768955676981687 0.0082772294264205799 0.019857716340820335 0.072931275949387767 -0.033000636620052586
leaf_weight=29.999499110504985 6.9514289908111087 212.76360791362822 18.396510034799576 320.17240462452173 96.913011308759451 2.2194674536585799 97.857823770493269 5.3842463642358771 2069.797357628122 15.633561518043278 6.4904371760785571 18.815040826797489 5.0921257026493532 4.5258722864091387 3.0686193481087685 4.6720902733504754 3.8201334699988356 7.6109279803931704 36.93680252507329 3.869518831372261 72.240542355924845 37.490506421774626 29.406680542975664 4.9402211345732194 3.2351831831037998 4.0316978991031638 3.9491413980722427 119.60080299526453 27.444913171231747 5.2298479080200186
leaf_count=1236 133 6146 73 1144 510 13 1322 25 10268 322 81 184 45 31 19 32 22 72 270 35 1269 205 208 41 19 13 30 591 130 24
internal_value=0.00282376 -0.0615978 0.00877572 -0.00512303 0.0116121 -0.00859018 -0.0381577 0.0130742 0.0118263 -0.0206708 -0.00634197 0.00560248 0.0187529 -0.000422227 0.0640206 0.0046829 0.0555587 -0.000313572 -0.0134467 0.00570316 -0.0444846 0.0232059 0.00966875 0.0573799 0.0963729 -0.00516306 0.0747635 0.0302246 0.0276079 0.0559761
internal_weight=3278.56 277.29 3001.27 508.667 2492.6 168.233 188.495 2324.37 2166.71 64.5262 48.8927 41.9412 35.4508 26.4095 7.59449 138.233 12.3617 125.871 80.7701 8.54161 170.098 45.1014 43.8333 10.3949 8.1754 33.4384 9.04127 157.66 152.276 32.6748
internal_count=24513 6991 17522 3808 13714 2166 2664 11548 10778 845 523 390 309 234 50 930 89 841 564 67 2591 277 294 73 60 221 75 770 745 154
is_linear=0
shrinkage=0.1


Tree=86
num_leaves=31
num_cat=0
split_feature=10 0 0 0 10 0 4 1 9 11 10 10 0 8 12 0 12 5 13 9 4 7 13 13 8 12 9 3 7 12
split_gain=147.961 34.6018 23.8032 11.133 7.55092 13.4953 6.40709 5.2547 3.79452 4.07057 3.51918 3.4599 3.50555 3.21615 3.14742 3.4266 3.04476 4.23881 3.57069 3.07973 2.87823 2.71346 4.34808 4.69489 2.62166 5.4734 5.09791 3.48313 4.69791 4.54127
threshold=7.5000000000000009 21.500000000000004 31.500000000000004 55.500000000000007 22.500000000000004 32.500000000000007 7.5000000000000009 7.5000000000000009 359.33841503267979 3.5000000000000004 19.500000000000004 8.5000000000000018 26.500000000000004 0.045983086680761058 11.500000000000002 32.500000000000007 4.5000000000000009 1.5000000000000002 1.5339366515837105 251.58103038936375 6.5000000000000009 1.5000000000000002 0.53939393939393943 0.91287878787878796 0.32583417593528818 11.500000000000002 106.83598214285716 11.500000000000002 11.500000000000002 8.5000000000000018
decision_type=2 2 2 2 2 2 2 2 2 2 2 2 2 2 2 2 2 2 2 2 2 2 2 2 2 2 2 2 2 2
left_child=2 -2 -1 4 7 -6 -7 8 11 -10 -5 12 16 -13 15 -4 18 -18 -3 -19 -17 22 -12 -24 -15 26 -26 29 -29 -28
right_child=1 3 14 10 5 6 -8 -9 9 -11 21 13 -14 24 -16 20 17 19 -20 -21 -22 -23 23 -25 25 -27 27 28 -30 -31
leaf_value=-0.075640248942870525 -0.060967478504560968 -0.082805868082699588 -0.080016919537496178 -0.07619382025705812 -0.071432570593721489 -0.018874828004191019 0.041132216307703452 -0.095097756148419185 -0.014503377346003149 0.11679887621457877 -0.083143068824174465 0.11127314054893528 0.10706788838092443 0.011168336988840469 0.076001060010969859 -0.053711098035238852 -0.0017622335876521487 0.18151245144936665 0.054107208552341163 0.034525234367430546 0.018868374983717875 -0.07907877753478447 0.15594372334631001 -0.0040240038434105263 -0.093200786600697694 -0.036905966240450845 0.026087791762090546 -0.011655360765809522 0.099989560016765594 0.066594226721687119
leaf_weight=257.47184922359884 68.317391462624073 4.3341120444238248 5.5105154924094668 18.116510489955544 30.001401089131832 39.094457618892193 32.656430564820766 4.5224310010671607 3.5599217787384969 7.0111761353909969 3.2146669849753362 3.2739470005035392 7.365922585129737 2572.406911380589 5.1887836679816237 6.7752804309129706 5.8641306273639184 3.3345862329006195 3.3985126242041588 2.4897723831236362 28.227626785635948 4.2491553872823706 2.9026362784206867 4.9865598678588867 3.5354062840342513 14.764928551390765 149.75017779320478 34.451100716367364 4.2319936677813521 33.953053873032331
leaf_count=7874 1303 54 73 881 616 226 145 29 28 40 32 14 41 11626 26 62 53 24 20 23 140 70 28 45 14 65 639 164 18 140
internal_value=0.00280342 0.00940186 -0.063835 0.0110078 0.0116563 -0.0151127 0.00843655 0.0126093 0.01278 0.0725815 -0.046343 0.0125576 0.0483272 0.0122174 0.00267209 -0.00671957 0.0260484 0.0582535 -0.0226321 0.118679 0.00481965 -0.0111192 0.0148871 0.0548322 0.0121021 0.0220824 0.0259375 0.0278315 0.000558776 0.0335744
internal_weight=3364.96 3061.79 303.174 2993.47 2960 101.752 71.7509 2858.25 2853.73 10.5711 33.4695 2843.15 26.787 2816.37 45.7022 40.5134 19.4211 11.6885 7.73262 5.82436 35.0029 15.353 11.1039 7.8892 2813.09 240.687 225.922 222.386 38.6831 183.703
internal_count=24513 16338 8175 15035 13979 987 371 12992 12963 68 1056 12895 215 12680 301 275 174 100 74 47 202 175 105 73 12666 1040 975 961 182 779
is_linear=0
shrinkage=0.1


Tree=87
num_leaves=31
num_cat=0
split_feature=0 4 0 0 13 0 10 10 9 7 10 0 10 3 4 10 10 1 6 8 6 8 11 0 6 13 6 9 10 9
split_gain=269.591 32.0817 23.7203 10.1196 7.23347 6.89384 13.6742 6.06553 5.70503 5.48462 4.97358 4.75414 5.16658 4.38905 5.81666 3.8257 3.72894 11.131 3.50017 4.30952 4.46483 3.45156 3.44294 3.62076 3.34448 3.28892 3.21442 4.82394 6.44386 3.60165
threshold=34.500000000000007 11.500000000000002 53.500000000000007 31.500000000000004 1.9285714285714286 45.500000000000007 19.500000000000004 19.500000000000004 232.14383680555557 4.5000000000000009 15.500000000000002 43.500000000000007 19.500000000000004 14.500000000000002 25.500000000000004 13.500000000000002 9.5000000000000018 2.5000000000000004 16.500000000000004 0.17521929824561402 11.500000000000002 0.35781671159029654 3.5000000000000004 50.500000000000007 9.5000000000000018 0.84962406015037606 7.5000000000000009 203.89068040780145 16.500000000000004 190.52561064794503
decision_type=2 2 2 2 2 2 2 2 2 2 2 2 2 2 2 2 2 2 2 2 2 2 2 2 2 2 2 2 2 2
left_child=3 11 4 -1 5 6 -3 -4 16 -8 21 12 15 14 18 -2 17 -5 19 20 26 -7 23 -16 -17 -22 29 -28 -29 -12
right_child=1 2 7 8 -6 10 9 -9 -10 -11 13 -13 -14 -15 22 24 -18 -19 -20 -21 25 -23 -24 -25 -26 -27 27 28 -30 -31
leaf_value=-0.076439690565762594 -0.08075142364193065 0.011048514362057532 0.074137227755090407 0.26426800955563551 -0.063247628438177148 0.035153350394956637 -0.065461076512122962 0.028938012957346167 -0.074014687192206621 0.10031437073213596 -0.072266763512291818 -0.011436099663579696 -0.077617033302691624 0.058852640528479487 -0.15369880569555505 -0.013548948328419559 -0.025181783235836877 -0.079861917257758958 -0.050319956324826234 0.021997511358628818 0.092299753658103695 -0.062280676598385071 0.0081130588906209965 -0.025222564740211634 0.10394560109420969 0.00096151163063621986 0.0095300932503127947 -0.17932953823714723 -0.039682933480856622 0.028723314457619165
leaf_weight=400.39972217939794 6.6186971236020353 1004.0214561522007 83.020111463963985 1.7359002269804471 12.175714209675787 233.12267566472292 30.58423874899745 46.218496277928352 27.505438270047307 2.1350721009075633 4.3010012209415462 33.623987812548876 43.376453494653106 22.343261994421482 4.2934373915195447 11.723643671721218 47.612334864214063 2.0497981198132038 7.8843427561223498 321.14013601467013 7.1996676884591571 3.693355217576026 6.4632732532918444 4.4850671216845512 3.0537005066871634 8.7134834378957731 13.569498375058172 4.1059714332222965 16.924966469407082 19.734764337539673
leaf_count=11821 105 4022 1328 19 87 1263 549 267 707 16 18 273 1023 139 20 73 682 28 40 1604 35 18 35 28 16 48 61 18 86 84
internal_value=-0.00278112 0.0137002 0.01665 -0.0699894 0.0135574 0.0141028 0.00897529 0.057973 -0.0372573 -0.0546435 0.0219436 -0.0419443 -0.0577814 0.0156683 0.0133645 -0.0175684 -0.0175867 0.077936 0.0156547 0.0169693 -0.00469087 0.0336338 -0.0472769 -0.0880584 0.010731 0.0422861 -0.0174399 -0.0369543 -0.0669468 0.010652
internal_weight=2433.83 1954.53 1856.13 479.303 1726.89 1714.72 1036.74 129.239 78.9035 32.7193 677.975 98.3965 64.7725 441.159 418.816 21.396 51.398 3.7857 403.574 395.689 74.5494 236.816 15.2418 8.7785 14.7773 15.9132 58.6362 34.6004 21.0309 24.0358
internal_count=24513 11256 9766 13257 8171 8084 4587 1595 1436 565 3497 1490 1217 2216 2077 194 729 47 1994 1954 350 1281 83 48 89 83 267 165 104 102
is_linear=0
shrinkage=0.1


Tree=88
num_leaves=31
num_cat=0
split_feature=0 4 0 10 3 0 4 10 7 9 6 10 0 9 8 12 7 9 10 11 0 0 8 11 11 0 7 9 3 5
split_gain=289.445 43.9356 15.5565 24.1205 4.65284 3.4466 3.21743 5.58963 5.57244 4.77531 5.05797 4.03957 7.06419 6.55731 3.89937 5.02517 10.3146 7.68196 7.00859 4.68167 4.36847 4.32945 4.24574 6.29717 7.52952 7.56223 4.47918 3.91716 3.70978 3.47462
threshold=31.500000000000004 13.500000000000002 19.500000000000004 6.5000000000000009 8.5000000000000018 17.500000000000004 6.5000000000000009 7.5000000000000009 -3.4999999999999996 344.52549206349209 9.5000000000000018 21.500000000000004 23.500000000000004 260.86697368421056 0.25834260289210237 5.5000000000000009 -5.4999999999999991 384.72971014492759 1.5000000000000002 3.5000000000000004 22.500000000000004 24.500000000000004 0.17165178571428572 4.5000000000000009 1.5000000000000002 21.500000000000004 -5.4999999999999991 394.49597222222229 2.5000000000000004 1.5000000000000002
decision_type=2 2 2 2 2 2 2 2 2 2 2 2 2 2 2 2 2 2 2 2 2 2 2 2 2 2 2 2 2 2
left_child=1 2 3 5 6 -1 9 8 -8 10 -4 12 -9 -13 22 16 20 -18 19 -17 -16 27 23 24 26 -26 -11 -20 -19 -24
right_child=-2 -3 4 -5 -6 -7 7 11 -10 14 -12 13 -14 -15 15 18 17 28 21 -21 -22 -23 29 -25 25 -27 -28 -29 -30 -31
leaf_value=0.072960545107893307 -0.075034954525430839 -0.068216424498099809 0.028172104586580388 0.014224750470863662 -0.040546966839831167 0.045679243029621369 -0.016473517305863546 -0.0047733421362348575 0.013436505062028276 0.10031225321087996 -0.0060999427743695725 0.068699580510568931 -0.071322387589093483 -0.02668092650045481 0.0043235714530484174 -0.044834849402840576 -0.043347342150158411 0.053553215922823062 0.050921893498979479 -0.16029189455403334 0.11451598366542029 -0.057169389813036445 0.053501886492739958 0.034412756640742122 0.053781873621509539 -0.093351040637421848 -0.013040946201679221 -0.037788667750936471 -0.02852676338200006 0.015792226760676247
leaf_weight=90.973202779889107 470.52084379829466 64.873146597296 298.83619167655706 339.88486241549253 18.212839178740978 94.32137755304575 72.354514915496111 41.418807659298182 447.76070761680603 5.0505862943828133 50.31219770014286 12.565635506063701 25.94052941724658 16.904646586626768 5.3346729874610928 8.8810829669237119 32.778537020087242 18.52905631065369 13.790665313601496 5.8093801885843268 11.049542300403116 11.451482266187666 33.877740651369095 24.462453573942184 4.2745537310838726 19.11189703643322 11.253291606903074 7.7889584749937049 7.8348257988691321 87.657690562307835
leaf_count=1630 12692 1264 1325 1663 240 1128 314 311 1901 25 233 85 291 123 24 36 137 73 59 27 41 45 151 106 25 76 49 34 33 372
internal_value=-0.00487863 0.0126492 0.0155341 0.0300483 0.00963993 0.0590734 0.0103568 0.00516867 0.00927565 0.0152206 0.0232335 -0.0168918 -0.0304018 0.0139877 0.00616474 -0.00762527 0.00842537 -0.0110255 -0.0330278 -0.0904926 0.0786375 -0.00747059 0.0153177 -0.005495 -0.0300915 -0.0664582 0.0220734 0.0189027 0.0291607 0.0263037
internal_weight=2353.82 1883.3 1818.42 525.179 1293.24 185.295 1275.03 616.945 520.115 658.085 349.148 96.8296 67.3593 29.4703 308.936 123.248 75.5266 59.1424 47.7216 14.6905 16.3842 33.0311 185.688 64.1528 39.6903 23.3865 16.3039 21.5796 26.3639 121.535
internal_count=24513 11821 10557 4421 6136 2758 5896 3025 2215 2871 1558 810 602 208 1313 509 308 243 201 63 65 138 804 281 175 101 74 93 106 523
is_linear=0
shrinkage=0.1


Tree=89
num_leaves=31
num_cat=0
split_feature=0 3 4 0 0 10 12 0 11 6 2 0 7 0 10 10 0 11 4 6 8 8 10 9 8 7 5 9 8 6
split_gain=111.128 13.9628 10.5074 13.9615 4.90909 12.025 4.71856 4.65237 4.49819 6.41881 6.16787 6.36053 6.10134 5.53117 9.82363 4.55759 6.1628 5.13574 5.84664 7.1904 4.93166 8.3861 4.85201 6.81938 6.15137 5.42555 6.83069 5.17472 4.37935 4.59831
threshold=42.500000000000007 5.5000000000000009 18.500000000000004 31.500000000000004 16.500000000000004 6.5000000000000009 1.5000000000000002 37.500000000000007 4.5000000000000009 15.500000000000002 5.5000000000000009 25.500000000000004 9.5000000000000018 38.500000000000007 19.500000000000004 5.5000000000000009 22.500000000000004 3.5000000000000004 6.5000000000000009 9.5000000000000018 0.27100988700564976 0.28345771144278614 3.5000000000000004 242.41166666666666 0.17521929824561402 1.0000000180025095e-35 2.5000000000000004 344.52549206349209 0.34833164812942369 4.5000000000000009
decision_type=2 2 2 2 2 2 2 2 2 2 2 2 2 2 2 2 2 2 2 2 2 2 2 2 2 2 2 2 2 2
left_child=2 -2 4 6 5 -1 -4 -5 13 10 -10 -12 -13 15 -15 16 17 18 -6 20 22 -22 27 24 -24 26 -25 -20 -19 -30
right_child=1 -3 3 7 8 -7 -8 -9 9 -11 11 12 -14 14 -16 -17 -18 28 19 -21 21 -23 23 25 -26 -27 -28 -29 29 -31
leaf_value=-0.068638434722427463 -0.019281900066272607 -0.07351448538560644 -0.041845200328359165 -0.017051686940152702 -0.013336139649357768 0.0051804400252625921 0.021644192472316432 -0.053614334634862509 0.0064601629423697241 0.13314147281413002 0.0085939830926661503 -0.080137138873650024 0.046142887119069831 -0.049308414638078092 0.0097865388065003708 0.019886637128499939 0.015257522611780773 -0.049177432072484976 -0.04988180392130423 0.17718524395316751 0.22401345653485363 0.032767456592936055 0.25918613601668278 0.18719545020842174 0.018318966086084271 -0.049826593273954591 -0.013797965209164278 0.082398371685978619 0.1681641721505728 -0.025687302349337329
leaf_weight=26.31861493177712 62.803517146036029 194.48915981687605 13.164771243929861 87.374679837375879 91.44322819635272 136.61582663655281 105.63929313421249 57.839054871350527 674.3111545946449 3.8609185256063929 24.677403591573238 24.531284816563133 4.5331216156482688 36.835824750363827 119.02445482462645 979.73755664378405 484.39261363446712 36.448686925694346 19.589091397821907 3.0152505971491328 2.7840726375579825 12.994997953996061 2.3280128054320839 2.9252018071711055 1.9470248911529777 8.0065209679305536 4.0069370325654745 3.4831592179834834 1.994819601997732 3.165331706404686
leaf_count=1236 845 6146 46 763 980 930 360 1026 3521 18 99 166 16 574 432 4589 1850 353 152 24 21 103 27 30 21 69 37 30 25 24
internal_value=0.00277186 -0.0602767 0.00822829 -0.0108148 0.0100842 -0.00674344 0.0146089 -0.0316147 0.0111611 0.00454369 0.00386173 -0.0287415 -0.0604415 0.013831 -0.00417989 0.0155238 0.0092242 -0.00582994 0.00266532 0.0266211 0.0188025 0.0665111 0.000999925 0.0381194 0.149485 0.0062495 0.0710166 -0.0299118 -0.0369706 0.0492521
internal_weight=3230.28 257.293 2972.99 264.018 2708.97 162.934 118.804 145.214 2546.04 731.914 728.053 53.7418 29.0644 1814.12 155.86 1658.26 678.525 194.132 152.523 61.0803 58.065 15.7791 42.2859 19.2137 4.27504 14.9387 6.93214 23.0723 41.6088 5.16015
internal_count=24513 6991 17522 2195 15327 2166 406 1789 13161 3820 3802 281 182 9341 1006 8335 3746 1896 1494 514 490 124 366 184 48 136 67 182 402 49
is_linear=0
shrinkage=0.1


Tree=90
num_leaves=31
num_cat=0
split_feature=10 0 0 0 10 0 9 5 1 12 8 0 10 11 12 8 1 3 0 12 12 0 12 9 6 11 7 5 13 13
split_gain=131.059 30.4451 23.2504 8.93153 6.41463 22.7883 7.5335 7.25458 4.62223 4.33654 4.30749 4.00825 3.42698 3.1196 8.23083 6.44713 6.40012 6.38496 4.96641 4.72716 4.45773 3.73939 3.04252 3.63688 3.01081 2.88662 3.79584 3.65276 2.81897 4.3329
threshold=7.5000000000000009 21.500000000000004 30.500000000000004 55.500000000000007 21.500000000000004 32.500000000000007 349.12926470588241 1.5000000000000002 7.5000000000000009 11.500000000000002 0.11215932914046121 32.500000000000007 19.500000000000004 2.5000000000000004 9.5000000000000018 0.28918128654970759 1.5000000000000002 3.5000000000000004 36.500000000000007 1.5000000000000002 6.5000000000000009 38.500000000000007 1.5000000000000002 295.03171702404171 7.5000000000000009 4.5000000000000009 -3.4999999999999996 5.5000000000000009 0.34313725490196084 0.81176470588235305
decision_type=2 2 2 2 2 2 2 2 2 2 2 2 2 2 2 2 2 2 2 2 2 2 2 2 2 2 2 2 2 2
left_child=2 -2 -1 4 6 -6 8 -8 28 11 -7 -4 -5 14 15 16 17 22 -19 -15 -17 -18 -12 -24 -25 -21 27 -27 -3 -30
right_child=1 3 9 12 5 10 7 -9 -10 -11 13 -13 -14 19 -16 20 21 18 -20 25 -22 -23 23 24 -26 26 -28 -29 29 -31
leaf_value=-0.076138019653892178 -0.059514776600092446 0.025385745144235444 -0.068178093581790736 -0.076031733858008321 -0.069179233011268063 -0.083931424803685165 0.20960001976179213 0.034524616041027682 -0.091349902049956924 0.083141538430675704 0.10860905814558269 0.0046655214295768339 -0.0091235374002094031 -0.073499136161438466 -0.043482721031021243 -0.052670996368573642 -0.050896044344377889 0.19893500412743401 0.082992566165574141 -0.01017386342888401 0.063335886751723053 0.044420634726700665 0.065324226628591539 -0.063347056260545362 0.033892045452005179 -0.023220463208346542 0.052053942321026614 0.039324547576020386 0.0047177264151830878 0.013961816082928831
leaf_weight=230.06558517180383 63.890463663265109 151.76580170355737 9.6531113833188993 15.723639918491246 44.567435665056109 4.8921579234302035 3.7091176584362966 6.5400032512843609 4.3217246793210498 5.4762944392859927 5.5834464281797436 34.736328721046448 14.918074354529379 8.0337314531207067 15.026027113199232 11.554720524698498 8.1674818545579928 5.2155889347195652 12.6680571436882 59.12214258685708 4.6436287909746161 8.2970842421054822 12.567978423088791 5.8419474586844427 6.999162346124649 23.696419488638639 23.834305815398693 15.409934494644402 706.78020981699228 1794.2853618748486
leaf_count=7749 1303 672 194 881 917 26 22 39 29 30 25 202 175 44 71 55 38 35 48 271 21 34 62 28 38 117 105 69 3149 8064
internal_value=0.00275307 0.00878593 -0.0627207 0.0102532 0.0108123 -0.00369702 0.0123142 0.0978837 0.0119842 -0.000817397 0.00890641 -0.0111754 -0.0434571 0.0109102 0.0245272 0.0370601 0.0510606 0.0692253 0.116806 0.000802816 -0.019415 -0.00286256 0.0417698 0.0270824 -0.010346 0.0056931 0.0205974 0.00142552 0.0121525 0.0113495
internal_weight=3317.99 3038.06 279.931 2974.17 2943.52 276.121 2667.4 10.2491 2657.15 49.8657 231.554 44.3894 30.6417 226.662 96.5651 81.5391 65.3407 48.8762 17.8836 130.097 16.1983 16.4646 30.9925 25.4091 12.8411 122.063 62.9407 39.1064 2652.83 2501.07
internal_count=24513 16338 8175 15035 13979 2004 11975 61 11914 426 1087 396 1056 1061 455 384 308 236 83 606 76 72 153 128 66 562 291 186 11885 11213
is_linear=0
shrinkage=0.1


Tree=91
num_leaves=31
num_cat=0
split_feature=0 4 0 13 10 0 10 0 0 10 0 10 8 8 10 10 2 8 7 3 13 13 2 8 4 3 1 6 4 4
split_gain=240.318 32.109 20.5893 6.48294 6.12951 6.05059 9.50729 5.16656 5.093 4.81866 4.88009 4.64751 4.54013 4.29494 4.01391 3.98167 3.77483 3.7538 5.30804 5.63508 3.57085 3.30488 5.444 6.23828 6.46483 3.66624 3.9772 3.19448 4.71831 3.57732
threshold=33.500000000000007 11.500000000000002 53.500000000000007 1.9285714285714286 19.500000000000004 40.500000000000007 13.500000000000002 43.500000000000007 31.500000000000004 18.500000000000004 48.500000000000007 19.500000000000004 0.3943381180223286 0.29805897723030988 13.500000000000002 19.500000000000004 1.5000000000000002 0.27346041055718479 -6.4999999999999991 9.5000000000000018 0.74342105263157909 1.0717948717948722 2.5000000000000004 0.28035087719298252 15.500000000000002 10.500000000000002 2.5000000000000004 6.5000000000000009 16.500000000000004 16.500000000000004
decision_type=2 2 2 2 2 2 2 2 2 2 2 2 2 2 2 2 2 2 2 2 2 2 2 2 2 2 2 2 2 2
left_child=8 7 3 5 -4 6 16 11 -1 10 12 14 -7 17 -2 -8 -3 -11 -19 20 -20 22 -10 24 -24 -26 -27 28 -12 -29
right_child=1 2 4 -5 -6 9 15 -9 21 13 27 -13 -14 -15 -16 -17 -18 18 19 -21 -22 -23 23 -25 25 26 -28 29 -30 -31
leaf_value=-0.076188506401501571 -0.079534775128916158 -0.069248845094850284 0.073015137880097378 -0.060647194492439764 0.026012898447596203 0.016495620820189769 -0.013979549570109471 -0.010588146482530276 -0.062647163367404751 0.0044853380196148811 -0.036475086313101861 -0.077333276879356941 -0.07151901691828895 -0.027089728258207785 0.0078231933333581648 -0.078156036280898122 0.015536941285725464 0.14716325144070139 0.056371872831848052 0.070993955926234822 -0.048416186928743242 -0.072886748629427997 0.23754377906433524 -0.079155338117447904 -0.031398354279704381 0.21608342084118251 -0.0098332962585474023 0.07286545046636346 0.067434677683968339 0.020238254960369639
leaf_weight=366.27092788927257 8.0306181889027375 5.3687035441398612 73.366476055234671 12.174206726253031 44.61898522824049 853.16293008625507 135.58133347332478 33.303293239325285 13.316662440076472 225.59109478443861 4.8802397698163977 45.132688835263252 5.9013588577508918 37.472973432391882 15.243747536092995 10.409746907651423 239.73087862879038 4.0841213166713706 4.6785532422363785 14.171317648142574 10.665114562958477 18.473991535604 1.8945373818278293 3.8154998347163191 4.1552512347698212 1.6886964514851572 1.4469683803617952 14.532360978424547 41.790074102580547 116.14821990579367
leaf_count=11821 160 38 1328 92 267 3017 812 273 343 1178 33 1192 20 220 100 216 1317 20 35 61 55 382 32 60 61 22 23 97 339 899
internal_value=-0.00279038 0.0118163 0.0148169 0.0120701 0.0552401 0.0125836 0.00164657 -0.0428898 -0.072296 0.0157922 0.0190088 -0.0586156 0.015891 0.00455468 -0.0223189 -0.0185556 0.0136798 0.00912973 0.0403131 0.0255278 -0.0164645 -0.040466 -0.0177079 0.0283226 0.0729674 0.0302023 0.111833 0.0341111 0.056569 0.0260907
internal_weight=2367.1 1956.04 1854.33 1736.34 117.985 1724.17 391.091 101.71 411.063 1333.08 1036.42 68.4071 859.064 296.663 23.2744 145.991 245.1 259.19 33.5991 29.515 15.3437 44.7916 26.3176 13.001 9.18545 7.29092 3.13566 177.351 46.6703 130.681
internal_count=24513 11769 10044 8449 1595 8357 2383 1725 12744 5974 4405 1452 3037 1569 260 1028 1355 1349 171 151 90 923 541 198 138 106 45 1368 372 996
is_linear=0
shrinkage=0.1


Tree=92
num_leaves=31
num_cat=0
split_feature=0 4 0 10 3 0 0 6 8 11 5 4 9 4 13 8 0 9 9 10 9 7 11 8 9 9 4 9 7 10
split_gain=259.842 38.6457 12.461 21.5667 3.9609 3.5588 3.14908 3.82403 2.78298 5.62335 4.4632 3.77121 3.88215 2.73614 2.76923 5.08015 2.68118 3.8391 4.59574 2.64208 2.63365 3.06298 2.90664 5.42889 5.86753 2.99869 2.59075 4.67276 4.36599 4.79166
threshold=31.500000000000004 13.500000000000002 19.500000000000004 6.5000000000000009 8.5000000000000018 18.500000000000004 21.500000000000004 3.5000000000000004 0.099019607843137264 2.5000000000000004 3.5000000000000004 8.5000000000000018 363.43814102564107 3.5000000000000004 1.9285714285714286 0.13270440251572327 32.500000000000007 274.98851851851856 286.16530388471193 5.5000000000000009 317.10425000000004 -4.4999999999999991 3.5000000000000004 0.26209992193598758 374.04469362745107 367.09212454212462 6.5000000000000009 480.64579124579126 -3.4999999999999996 6.5000000000000009
decision_type=2 2 2 2 2 2 2 2 2 2 2 2 2 2 2 2 2 2 2 2 2 2 2 2 2 2 2 2 2 2
left_child=1 2 3 5 8 -1 7 -3 9 11 -11 12 -4 14 -5 -16 17 -2 -19 -8 -7 -22 23 24 -23 -25 27 -10 -28 -30
right_child=16 6 4 13 -6 20 19 -9 26 10 -12 -13 -14 -15 15 -17 -18 18 -20 -21 21 22 -24 25 -26 -27 28 -29 29 -31
leaf_value=0.066802134743303807 -0.077454472841742908 -0.079918639400357247 0.035462511533384089 0.051683103530276067 -0.038367423399762506 0.058557674398754402 0.027015269025025719 0.11590796500369736 0.014144660568654056 0.072203929756474078 -0.0043291252894273264 -0.072344287125882617 -0.060784766949349756 0.0091402196885732451 -0.096723617748417284 0.033762155188803281 -0.076418301281361387 0.15755451644878549 -0.024905483019084462 -0.077908258112917031 0.080881105843241943 -0.025513036499020939 0.040082377425693677 -0.048680813814588567 -0.2296376869275549 0.081050934260057314 -0.017029394020572946 -0.048327887044073675 0.012914595910118919 -0.0099905587511963101
leaf_weight=113.15473048761487 11.845752321183683 1.9801988117396825 19.034378513693817 32.280673205852509 17.495406042784452 26.559008404612541 2.511681802570819 2.0087682493031025 603.85138040408492 30.53286524116993 10.153940897434948 6.3304060921072951 5.373965546488761 288.73476596176624 4.005024626851081 11.699790462851523 411.41255777515471 1.6916593201458434 7.5037742219865322 53.944111730903387 5.6504028588533428 3.7530805915594119 9.7974994853138906 3.0851713418960571 2.2538869082927704 4.2171794027090073 87.233219370245934 12.214969828724859 369.29476319998503 121.34030710533261
leaf_count=2152 293 29 84 214 240 288 15 20 2659 138 50 29 23 1354 21 74 12224 28 147 1200 63 41 109 34 25 46 456 50 1605 802
internal_value=-0.00485678 0.0114684 0.0141269 0.0274298 0.00888816 0.0566401 -0.0671731 0.0186959 0.00954153 0.0287155 0.0531041 -0.00356609 0.0142718 0.0128151 0.0349271 0.000485817 -0.0746376 -0.0398201 0.0086612 -0.0732403 0.0358528 0.0148834 -0.00125526 -0.0316855 -0.102103 0.0262405 0.00839448 0.012906 0.00358474 0.00724986
internal_weight=2280.95 1848.49 1788.05 505.191 1282.86 168.471 60.4448 3.98897 1265.36 71.4256 40.6868 30.7388 24.4083 336.72 47.9855 15.7048 432.454 21.0412 9.19543 56.4558 55.3162 28.7572 23.1068 13.3093 6.00697 7.30235 1193.93 616.066 577.868 490.635
internal_count=24513 11821 10557 4421 6136 2758 1264 49 5896 324 188 136 107 1663 309 95 12692 468 175 1215 606 318 255 146 66 80 5572 2709 2863 2407
is_linear=0
shrinkage=0.1


Tree=93
num_leaves=31
num_cat=0
split_feature=0 3 4 0 0 10 3 9 5 8 0 12 4 13 10 5 5 6 0 10 9 13 11 8 9 12 13 8 13 4
split_gain=97.8371 13.9397 9.1895 7.50575 5.10971 19.7916 7.41526 4.81666 4.31376 4.55935 5.51536 5.25501 6.30617 4.73723 4.79053 4.10872 4.33688 5.25532 3.92408 3.97506 3.92111 3.53793 3.49894 3.61354 3.4276 3.76078 3.58674 5.05616 5.66267 3.29782
threshold=42.500000000000007 5.5000000000000009 21.500000000000004 31.500000000000004 34.500000000000007 19.500000000000004 8.5000000000000018 157.91116709732992 5.5000000000000009 0.099019607843137264 12.500000000000002 9.5000000000000018 4.5000000000000009 1.9285714285714286 5.5000000000000009 3.5000000000000004 4.5000000000000009 6.5000000000000009 47.500000000000007 19.500000000000004 315.80716911764711 0.38750000000000007 5.5000000000000009 0.18107302533532041 312.54777105734769 10.500000000000002 0.74342105263157909 0.17425810904071773 1.1339285714285716 5.5000000000000009
decision_type=2 2 2 2 2 2 2 2 2 2 2 2 2 2 2 2 2 2 2 2 2 2 2 2 2 2 2 2 2 2
left_child=2 18 4 7 8 6 20 -4 9 13 11 -11 -13 15 -15 -1 17 -17 19 -2 24 -21 23 -23 25 -6 -27 -28 -29 -25
right_child=1 -3 3 -5 5 -7 -8 -9 -10 10 -12 12 -14 14 -16 16 -18 -19 -20 21 -22 22 -24 29 -26 26 27 28 -30 -31
leaf_value=-0.028635626924648491 -0.078060925839913156 -0.073004892530329421 -0.0065090346218250623 -0.044106942664079211 -0.024990972627373747 0.013334972536225943 -0.054895356666963137 0.087145732550383215 0.027576686880256142 -0.069889980654375836 0.011141697709688656 -0.050823771323135626 0.16870113761165123 -0.024525230559343743 0.084148458358120154 -0.014175815657333024 -0.042262601328116794 0.1193428553114385 -0.063877477324854964 -0.064108000444872845 0.03936150649811454 -0.066399760583958925 0.093126750447665912 0.13182794377300802 -0.16657002970551163 -0.047367452833400686 0.22758370519552021 0.11081101603748421 -0.064627989035950614 0.010217580329583918
leaf_weight=77.650627240538597 6.2706156820058814 177.78282238543034 20.462543904781345 59.969824720174074 77.360494617372751 347.8819874599576 64.85665001347661 7.5057153403758994 141.53313073888421 15.544016053900124 2063.1017981953919 2.9890002552419892 2.3275798484683037 6.9275899399071958 9.7869179993867856 5.3308114334940928 6.4235921688377848 6.5948166642338037 14.188256882131098 5.9154420532286158 13.07158320955932 5.599025588482621 5.4507968276739112 2.4873857125639942 1.5510760620236386 3.8689230084419242 1.6227113902568797 4.1368827894330025 3.3133284039795399 21.541787765920162
leaf_count=531 133 6146 71 820 993 1294 1070 27 712 306 11136 57 26 75 62 37 40 40 322 81 66 59 44 10 6 40 21 51 41 196
internal_value=0.00268654 -0.058813 0.00768445 -0.0241555 0.00866487 -0.000324867 -0.0283138 0.0186247 0.0106551 0.00956486 0.0106244 -0.0405366 0.0452835 -0.0100247 0.0391069 -0.018579 0.0239791 0.0596594 -0.0177562 -0.00391123 -0.0118831 0.0074309 0.0194947 0.00594832 -0.0191757 -0.016644 0.0332503 0.0676277 0.0327881 0.0228061
internal_weight=3183.05 239.236 2943.81 87.9381 2855.87 517.664 169.782 27.9683 2338.21 2196.68 2083.96 20.8606 5.31658 112.714 16.7145 95.9998 18.3492 11.9256 61.4533 47.2651 104.925 40.9944 35.079 29.6282 91.8534 90.3023 12.9418 9.07292 7.45021 24.0292
internal_count=24513 6991 17522 918 16604 3582 2288 98 13022 12310 11525 389 83 785 137 648 117 77 845 523 1218 390 309 265 1152 1146 153 113 92 206
is_linear=0
shrinkage=0.1


Tree=94
num_leaves=31
num_cat=0
split_feature=10 0 0 0 10 0 9 0 8 12 0 9 7 11 1 12 6 9 12 9 3 5 13 8 12 0 9 9 9 13
split_gain=116.4 26.8226 22.4388 7.35523 5.41131 20.4156 6.29441 5.72575 3.76769 3.68201 3.62381 3.35063 2.75861 2.88552 7.32286 8.05809 4.35059 4.14272 3.91335 3.82375 4.1645 4.51444 3.85397 3.39984 3.37411 4.07554 5.88133 3.72804 3.08872 3.06436
threshold=7.5000000000000009 21.500000000000004 30.500000000000004 56.500000000000007 21.500000000000004 32.500000000000007 349.12926470588241 25.500000000000004 0.11215932914046121 11.500000000000002 32.500000000000007 266.96449683321617 1.5000000000000002 2.5000000000000004 1.5000000000000002 2.5000000000000004 8.5000000000000018 338.80157407407415 1.5000000000000002 278.67845138888896 2.5000000000000004 3.5000000000000004 1.9285714285714286 0.24807692307692308 8.5000000000000018 36.500000000000007 291.64493055555562 289.61327573392799 277.57591431556955 1.9285714285714286
decision_type=2 2 2 2 2 2 2 2 2 2 2 2 2 2 2 2 2 2 2 2 2 2 2 2 2 2 2 2 2 2
left_child=2 -2 -1 4 6 -6 -3 -8 -7 10 -4 -5 13 14 15 16 -10 24 -15 29 21 23 -23 -21 25 27 28 -17 -27 -20
right_child=1 3 9 11 5 8 7 -9 12 -11 -12 -13 -14 18 -16 17 -18 -19 19 20 -22 22 -24 -25 -26 26 -28 -29 -30 -31
leaf_value=-0.07589302097641204 -0.058040964409876245 0.011044858498321295 -0.067203732406445393 -0.057995991107451267 -0.068217973060007972 -0.08029054324309319 0.18329554767843192 0.030820419048165584 0.050843088861597364 0.07515836982652252 0.0039805861994538436 0.13828135419968587 0.084096235331431096 -0.070186515374393244 -0.02929316291138357 0.041962648031407479 0.15067348293138005 -0.071176703625313628 -0.033495173678504887 -0.10686752315450264 0.032822718603518229 -0.0075351645594948823 0.11355979976925844 -0.0010535100165283823 -0.015567519931051283 0.028398312900008157 -0.033582966325960056 0.16676400110295242 0.12139532771241768 0.040661551465889338
leaf_weight=209.84254311118275 59.890985177829862 2650.6274435566738 9.0137405171990377 20.044964885339144 41.291871070861816 4.7189102806150904 3.9742510989308339 6.4759732596576214 9.7280675359070319 5.6366947740316382 34.614920288324356 0.90918322186916967 4.9142731577157965 7.790391366928815 21.749663949012756 5.326076712459324 7.9189534820616236 4.7626196704804888 34.676097013056278 6.9021462611854094 50.895868349820375 10.565161041915415 3.4984683170914641 5.4216662906110287 13.839349161833523 9.8923926204442996 11.030298680067061 4.3471654951572418 5.589292660355567 6.6392651759088031
leaf_count=7749 1303 12124 194 828 917 26 34 27 46 30 202 18 21 44 99 36 35 32 154 31 227 59 21 28 62 38 39 38 21 30
internal_value=0.00268258 0.00821284 -0.0616342 0.00955632 0.00997815 -0.0034703 0.0113502 0.0888072 0.00814343 -0.00089971 -0.0107262 -0.0494797 0.00999415 0.00834318 0.0215928 0.0368722 0.0956411 0.0179426 -0.00153028 0.00297954 0.0161081 -0.0161309 0.0225884 -0.0603163 0.0264273 0.0424886 0.0222168 0.0980485 0.0619727 -0.0215784
internal_weight=3272.53 3013.42 259.108 2953.53 2932.58 271.498 2661.08 10.4502 230.206 49.2654 43.6287 20.9541 225.487 220.573 94.1839 72.4342 17.647 54.7872 126.389 118.599 77.2833 26.3874 14.0636 12.3238 50.0246 36.1852 26.512 9.67324 15.4817 41.3154
internal_count=24513 16338 8175 15035 14189 2004 12185 61 1087 426 396 846 1061 1040 446 347 81 266 594 550 366 139 80 59 234 172 98 74 59 184
is_linear=0
shrinkage=0.1


Tree=95
num_leaves=31
num_cat=0
split_feature=0 4 0 10 13 0 0 3 11 10 0 10 7 2 10 7 13 8 8 3 4 9 10 0 4 7 5 7 10 4
split_gain=215.518 27.5463 17.3746 6.13085 5.60236 5.26181 4.97651 4.89608 5.80298 4.66011 4.37662 6.99935 4.75456 4.02519 3.78114 3.31557 4.99717 5.85541 4.39286 11.1118 6.0791 3.22469 3.12434 6.66176 4.31611 3.07564 3.07399 3.05463 3.00918 3.4233
threshold=33.500000000000007 11.500000000000002 53.500000000000007 19.500000000000004 1.9285714285714286 31.500000000000004 43.500000000000007 4.5000000000000009 2.5000000000000004 19.500000000000004 45.500000000000007 19.500000000000004 4.5000000000000009 10.500000000000002 13.500000000000002 -1.0000000180025095e-35 1.0717948717948722 0.28035087719298252 0.21103238866396759 8.5000000000000018 19.500000000000004 290.8184200603319 18.500000000000004 46.500000000000007 15.500000000000002 1.5000000000000002 1.0000000180025095e-35 7.5000000000000009 15.500000000000002 27.500000000000004
decision_type=2 2 2 2 2 2 2 2 2 2 2 2 2 2 2 2 2 2 2 2 2 2 2 2 2 2 2 2 2 2
left_child=5 6 4 -4 7 -1 9 8 -3 14 11 -9 -13 26 -2 -7 17 18 20 -20 -17 -8 -10 -24 -25 -5 27 -12 -28 -30
right_child=1 2 3 25 -6 15 21 10 22 -11 13 12 -14 -15 -16 16 -18 -19 19 -21 -22 -23 23 24 -26 -27 28 -29 29 -31
leaf_value=-0.075947988989694487 -0.079216537436687648 -0.055410263134133678 0.071891467461752498 0.0061939066035999919 -0.057425634708201327 -0.076994008744701511 0.006291343496954838 0.0098011896354717014 0.048095709098886379 -0.077141954858859024 -0.096974378519220278 -0.063062397771773068 0.090858776255074158 0.092052770319088262 0.007713417149518665 -0.079620967277967095 -0.069778994924597312 -0.078724932469686398 0.27078859257739379 0.00062428602525574871 0.14216885235312926 -0.071603273679201274 -0.086678359226444637 0.10261551107550014 -0.019502776797084884 0.064884570568642871 0.028732400806988152 0.023307891994171728 0.015123909499879164 -0.062872194976574577
leaf_weight=335.3107622563839 7.4461934044957188 23.43278156965971 64.925243355333805 30.648777022957802 11.833285726606844 14.842265941202639 26.302306480705738 1004.81933876127 12.896861895918844 41.562546016648412 4.5728066861629468 19.660537313669924 2.2349802181124678 7.4898261427879325 15.253539916127918 3.9479666464030796 11.350842814892529 4.6823669597506514 2.5688113309442997 3.737269464880228 1.7989401407539842 6.6604353226721278 7.8490326292812851 5.0106171518564206 6.8520969897508621 12.599468596279619 212.8658370450139 3.9223084673285484 393.03342178836465 5.7090211287140837
leaf_count=11821 160 189 1328 168 92 465 209 4185 57 1192 21 377 16 51 100 59 200 82 40 53 24 64 123 26 29 99 1215 22 2010 36
internal_value=-0.00271148 0.0108312 0.0135864 0.0524613 0.0111446 -0.0717278 -0.0410373 0.011619 -0.0174504 -0.0572407 0.0126038 0.00858237 -0.0473509 0.0191826 -0.0208022 -0.0387641 -0.0185614 0.0161772 0.053045 0.110677 -0.0101946 -0.009448 0.00982791 -0.0152097 0.032078 0.0232922 0.0183024 -0.0414384 0.0191322 0.0140072
internal_weight=2305.82 1927.58 1830.36 108.173 1722.18 378.239 97.225 1710.35 56.0414 64.2623 1654.31 1026.71 21.8955 627.593 22.6997 42.9285 28.0862 16.7354 12.053 6.30608 5.74691 32.9627 32.6086 19.7117 11.8627 43.2482 620.103 8.49512 611.608 398.742
internal_count=24513 11769 10044 1595 8449 12744 1725 8357 424 1452 7933 4578 393 3355 260 923 458 258 176 93 83 273 235 178 55 267 3304 43 3261 2046
is_linear=0
shrinkage=0.1


Tree=96
num_leaves=31
num_cat=0
split_feature=0 4 0 10 0 3 0 6 0 9 9 11 10 10 9 10 10 0 4 3 8 6 13 9 0 13 11 12 1 6
split_gain=234.308 34.2258 10.0741 19.5655 3.65473 3.40823 3.02044 3.14992 2.7794 3.67269 3.46005 2.73863 4.80437 3.86517 6.22251 3.47291 5.87602 6.27066 4.25934 4.13043 6.32854 3.82305 3.28261 3.16793 3.88354 3.83166 6.54678 3.74009 6.94216 4.15313
threshold=31.500000000000004 13.500000000000002 19.500000000000004 6.5000000000000009 17.500000000000004 8.5000000000000018 21.500000000000004 3.5000000000000004 32.500000000000007 274.98851851851856 286.16530388471193 5.5000000000000009 22.500000000000004 5.5000000000000009 480.64579124579126 21.500000000000004 7.5000000000000009 23.500000000000004 1.5000000000000002 1.0000000180025095e-35 0.32173123486682814 4.5000000000000009 0.5634920634920636 317.10425000000004 26.500000000000004 0.94987468671679209 1.5000000000000002 4.5000000000000009 1.0000000180025095e-35 8.5000000000000018
decision_type=2 2 2 2 2 2 2 2 2 2 2 2 2 2 2 2 2 2 2 2 2 2 2 2 2 2 2 2 2 2
left_child=1 2 3 4 -1 11 7 -3 9 -2 -11 13 -13 14 -4 16 -15 21 -17 -20 23 22 -18 24 -21 26 -25 -26 29 -29
right_child=8 6 5 -5 -6 -7 -8 -9 -10 10 -12 12 -14 15 -16 18 17 -19 19 20 -22 -23 -24 25 27 -27 -28 28 -30 -31
leaf_value=0.070820314100507528 -0.077252969739674202 -0.079526970648110484 0.011992318762206276 0.011443014607545245 0.040068648168411138 -0.036402154702158102 -0.072691587636775121 0.097911081399849678 -0.076179516142682702 0.12739365783688389 -0.023122923263497751 0.015202732979189504 0.072732832583091614 0.0025271443891923331 -0.088343687638407123 -0.091410814912325999 0.063652356932057466 -0.072209404969660537 0.078718096401040188 0.052737981880511944 -0.058662550874591025 -0.056925908474009558 -0.0099606071783313009 -0.044633198391683178 -0.035019977611335358 -0.029340557263861946 0.076817741046079399 0.035232002334712686 -0.022197426612684472 0.1824480940406058
leaf_weight=72.513294201344252 10.927577633410694 1.8369693644344796 725.91843429580331 332.86075280606747 82.750362616032362 16.886528469622135 52.326407479122281 2.1970686987042427 377.87812520004809 1.9331050366163234 7.274612732231617 154.39072294533253 16.022404216229916 144.47445172816515 6.2339820563793173 3.9444130212068549 7.6346552073955527 25.529807232320309 9.1887949556112272 36.12340734899044 12.357126150280235 13.50515518337488 29.32870789244771 7.198361404240134 13.501769758760931 25.369871765375137 11.57595359534025 3.9884626343846348 9.4035731106996518 3.6884915344417095
leaf_count=1630 293 29 3171 1663 1128 240 1215 20 12224 28 147 717 83 587 26 17 33 285 43 128 69 92 200 32 110 119 55 26 79 24
internal_value=-0.00474576 0.0104479 0.0128983 0.0251166 0.0544307 0.00822526 -0.0662639 0.0171116 -0.0742505 -0.0380492 0.00847713 0.00882365 0.0206118 0.00697892 0.011138 -0.00155518 -0.00931337 -0.0318225 0.0109904 0.0140412 0.00921761 -0.0113925 0.0052439 0.0167846 0.0305369 -0.0039963 0.0302516 0.00431338 0.0354055 0.105964
internal_weight=2218.76 1820.75 1764.39 488.124 155.264 1276.27 56.3604 4.03404 398.013 20.1353 9.20772 1259.38 170.413 1088.97 732.152 356.813 220.473 75.9983 136.34 132.396 123.207 50.4685 36.9634 110.85 66.7057 44.1442 18.7743 30.5823 17.0805 7.67695
internal_count=24513 11821 10557 4421 2758 6136 1264 49 12692 468 175 5896 800 5096 3197 1899 1197 610 702 685 642 325 233 573 367 206 87 239 129 50
is_linear=0
shrinkage=0.1


Tree=97
num_leaves=31
num_cat=0
split_feature=0 3 3 0 10 13 9 10 2 4 0 10 0 10 0 11 9 10 9 8 9 10 5 4 13 12 11 12 8 7
split_gain=86.4095 13.7097 7.88151 22.4575 7.85321 7.4133 4.94849 8.38714 4.14813 3.79134 3.64781 3.6738 3.62419 12.5506 3.52192 3.50983 3.72517 4.02284 3.51173 5.22858 4.99155 3.87432 3.70013 3.55085 3.50123 3.86517 7.83281 4.946 6.45463 4.54812
threshold=42.500000000000007 5.5000000000000009 8.5000000000000018 33.500000000000007 19.500000000000004 0.94987468671679209 139.16703431372551 12.500000000000002 3.5000000000000004 15.500000000000002 47.500000000000007 19.500000000000004 17.500000000000004 6.5000000000000009 26.500000000000004 5.5000000000000009 480.64579124579126 6.5000000000000009 201.83830952380956 0.20550527903469076 226.76485042735047 3.5000000000000004 1.5000000000000002 9.5000000000000018 1.5857142857142861 10.500000000000002 2.5000000000000004 4.5000000000000009 0.3551971326164875 -1.0000000180025095e-35
decision_type=2 2 2 2 2 2 2 2 2 2 2 2 2 2 2 2 2 2 2 2 2 2 2 2 2 2 2 2 2 2
left_child=2 10 6 -4 -5 -6 7 8 14 -10 11 -2 13 -8 -1 16 -14 -18 19 -17 -20 -22 23 -23 25 27 -27 -15 -29 -28
right_child=1 -3 3 4 5 -7 12 -9 9 -11 -12 -13 15 24 -16 18 17 -19 20 -21 21 22 -24 -25 -26 26 29 28 -30 -31
leaf_value=0.048378370510870718 -0.077821179591760339 -0.072489282173413314 0.0081982112757334035 -0.048636593043571541 0.1207153255599983 -0.049492954915114483 -0.060808926368593967 0.17330668959291076 0.0088248567705309228 0.10805151998349304 -0.06274798064519195 0.007199978174610289 0.01138865303155309 0.011288901795703582 -0.053381500900616788 0.027741717830511842 0.10119774344198294 -0.01378933759216576 0.047607636090240116 -0.061267212618347056 0.014662068901263123 -0.049905096558032082 -0.0010968337579218396 0.028953824539142872 0.030801018886224819 -0.030448913968081887 0.034124662079900656 -0.043250129576900512 0.06296290668799405 0.19711537972031168
leaf_weight=5.7723883315920856 5.8046394903212777 162.82000970561057 359.29478464648128 114.16179762780666 5.5700483396649343 4.7334142103791237 32.436169674620032 4.573488548398017 7.0041588805615893 8.5526451058685762 13.300770773552356 40.842039242386818 1870.9570869877934 64.634841326624155 8.2795702219009382 9.7966806851327437 9.2845513354986888 4.5255407094955435 23.768589820712805 20.22275273501873 103.23665548861027 33.396022159606218 112.3453869689256 6.8875338025391093 45.419328510761261 6.3497401475906354 3.1256333403289318 45.968387424945831 6.5349683240056029 3.7853853590786457
leaf_count=29 133 6146 1399 1868 25 24 1625 22 32 38 322 390 9615 420 34 60 52 17 135 150 502 177 563 37 260 39 24 309 45 21
internal_value=0.00259706 -0.0574364 0.00717606 -0.0044831 -0.0410904 0.0425216 0.00949061 0.0472712 0.0278033 0.0633766 -0.0165521 -0.00337992 0.00895312 -0.00365415 -0.0115797 0.0101496 0.0117706 0.0635167 0.000282829 -0.0322196 0.00377205 -0.00030005 -0.0104203 -0.0364221 0.00689016 -0.00143824 0.0497314 -0.00723096 -0.03003 0.1234
internal_weight=3143.39 222.767 2920.62 483.76 124.465 10.3035 2436.86 34.1823 29.6088 15.5568 59.9474 46.6467 2402.68 208.254 14.052 2194.42 1884.77 13.8101 309.654 30.0194 279.634 255.866 152.629 40.2836 175.818 130.399 13.2608 117.138 52.5034 6.91102
internal_count=24513 6991 17522 3316 1917 49 14206 155 133 70 845 523 14051 2743 63 11308 9684 69 1624 210 1414 1279 777 214 1118 858 84 774 354 45
is_linear=0
shrinkage=0.1


Tree=98
num_leaves=31
num_cat=0
split_feature=10 0 0 0 10 0 4 1 12 0 7 0 10 9 10 12 8 1 4 9 13 8 6 4 3 13 8 0 12 4
split_gain=103.538 23.6481 21.527 6.12803 4.48231 10.3098 5.02854 4.00382 3.02456 3.26302 2.87701 3.42906 2.7032 3.19342 3.00683 2.75573 2.58975 2.45055 8.25899 2.93452 2.43431 3.27178 3.16304 2.33728 2.48615 2.78414 2.55651 3.31694 2.28774 2.32679
threshold=7.5000000000000009 21.500000000000004 30.500000000000004 59.500000000000007 22.500000000000004 32.500000000000007 7.5000000000000009 7.5000000000000009 11.500000000000002 32.500000000000007 5.5000000000000009 20.500000000000004 8.5000000000000018 361.48801108801115 20.500000000000004 1.5000000000000002 0.045983086680761058 1.0000000180025095e-35 8.5000000000000018 296.36007168458792 1.1791443850267382 0.20550527903469076 7.5000000000000009 6.5000000000000009 3.5000000000000004 0.94987468671679209 0.1788379530916844 35.500000000000007 3.5000000000000004 5.5000000000000009
decision_type=2 2 2 2 2 2 2 2 2 2 2 2 2 2 2 2 2 2 2 2 2 2 2 2 2 2 2 2 2 2
left_child=2 10 -1 4 7 -6 28 12 9 -4 -2 -12 15 16 -15 -3 -14 -17 -19 -20 21 -8 -23 -11 25 -25 -26 -28 29 -7
right_child=1 3 8 -5 5 6 20 -9 -10 23 11 -13 13 14 -16 17 -18 18 19 -21 -22 22 -24 24 26 -27 27 -29 -30 -31
leaf_value=-0.075655687540177291 -0.065375995472390688 -0.054189469783239845 -0.066176254286785738 -0.07700898018508831 -0.069063762082353763 -0.048025397986009209 0.06599205034890207 -0.087908096518339404 0.066864311795313158 -0.051350782853877668 -0.041451185282796177 0.10912400205216283 0.098038647723687589 0.13615101813850916 0.017575622404794839 -0.042466511837951144 0.0093728413297931041 0.21367230218567454 0.055186098123411922 -0.041298672314660112 0.06845916459141585 -0.077385892391876265 0.026529886503516099 -0.0018169741172937078 -0.059004283937062821 0.105373383436541 -0.045993434428133667 0.061042214059649158 -0.034724639886546053 0.045541498530521508
leaf_weight=191.65150180924684 48.852090613916516 2.8101703971624401 8.4084914959967119 8.2834791522473079 23.901346588507295 3.8085107877850524 7.2150409147143391 4.184288681484758 5.7587289102375498 6.3799809366464606 5.3100049123167983 2.1147222965955734 3.2980662249028674 3.8505333662033063 4.8099690154194832 2.594829902052882 2786.8211031053215 3.0487625375390079 17.331529587507251 3.8530328311026087 13.418570213019846 5.2479794323444349 6.6292606592178345 4.4575355127453822 6.0833527743816402 5.3093413636088371 4.6764985546469671 7.6009531915187836 25.751883834600449 8.7959231957793218
leaf_count=7749 1174 26 194 410 616 30 33 36 30 62 95 34 14 15 29 32 13307 38 109 32 60 24 28 23 29 28 31 29 143 53
internal_value=0.00257716 0.00764967 -0.0605727 0.0088806 0.00912364 -0.0122694 0.0068856 0.00983937 -0.00118532 -0.0103166 -0.0565614 0.00143587 0.00998398 0.00966584 0.0702953 0.0400257 0.00947765 0.0498945 0.0597842 0.0376375 0.0358192 0.012879 -0.0193855 0.00329474 0.0156896 0.0564524 -0.00599391 0.0202722 -0.0176386 0.0172697
internal_weight=3232.26 2991.93 240.326 2935.65 2927.37 94.7685 70.8672 2832.6 48.6749 42.9162 56.2768 7.42473 2828.42 2798.78 8.6605 29.6383 2790.12 26.8282 24.2333 21.1846 32.5109 19.0923 11.8772 34.5077 28.1277 9.76688 18.3608 12.2775 38.3563 12.6044
internal_count=24513 16338 8175 15035 14625 987 371 13638 426 396 1303 129 13602 13365 44 237 13321 211 179 141 145 85 52 202 140 51 89 60 226 83
is_linear=0
shrinkage=0.1


Tree=99
num_leaves=31
num_cat=0
split_feature=0 4 0 3 0 10 13 2 0 10 0 0 8 6 12 13 12 8 7 4 6 13 13 6 11 5 4 4 8 12
split_gain=193.593 24.0797 15.3525 7.43853 5.41605 5.3119 4.78764 4.60976 5.37416 4.71598 4.56013 4.46736 4.00699 3.85608 6.88752 4.75197 4.21422 4.15392 4.08644 4.05884 4.2005 3.7971 5.36478 5.43794 4.0579 3.58833 3.59753 3.5319 4.1516 5.75445
threshold=33.500000000000007 9.5000000000000018 54.500000000000007 4.5000000000000009 31.500000000000004 19.500000000000004 1.9285714285714286 1.5000000000000002 49.500000000000007 19.500000000000004 43.500000000000007 43.500000000000007 0.14854215918045702 9.5000000000000018 8.5000000000000018 0.94987468671679209 2.5000000000000004 0.22933743169398904 -9.4999999999999982 14.500000000000002 11.500000000000002 0.59411764705882364 0.72077922077922085 6.5000000000000009 2.5000000000000004 3.5000000000000004 12.500000000000002 20.500000000000004 0.24509048902579897 1.5000000000000002
decision_type=2 2 2 2 2 2 2 2 2 2 2 2 2 2 2 2 2 2 2 2 2 2 2 2 2 2 2 2 2 2
left_child=4 11 3 13 -1 -4 7 12 9 -9 -11 -2 -5 16 18 -16 25 -17 -15 20 -20 -12 -23 24 -24 26 -3 28 -10 -30
right_child=1 2 5 6 -6 -7 -8 8 27 10 21 -13 -14 14 15 17 -18 -19 19 -21 -22 22 23 -25 -26 -27 -28 -29 29 -31
leaf_value=-0.075719029919067871 -0.075360411662753563 -0.020345312534224662 0.077439588998802877 0.055472015148962966 -0.037109184485212582 0.023162821834110336 -0.070107861279335285 0.011756465333412536 0.030171484474756555 -0.070270638793221721 -0.068346572536106251 -0.01199579244764209 -0.022326573380819784 -0.07995172299588349 0.16299907662933222 -0.074382596891255467 -0.058147589404467119 0.09946380704115973 -0.078980857819577741 0.057918826823128655 0.070082212894639034 0.10786804262420394 0.13837781995182008 -0.024103028992245396 -0.001217024661165638 -0.043839944580627357 0.13352618640602662 0.039120959892747734 -0.10096718913100317 0.0046859851213652548
leaf_weight=307.42450452595949 37.298328530043364 2.7521575167775136 45.627222675830126 7.4326512757688752 41.20091644115746 29.812456086277962 7.1871500331908456 1342.2481239624321 58.140001386404037 12.52710505761206 7.5202772058546534 15.856688760221003 60.569232417270541 8.2332820836454612 3.8783726897090656 2.5700362659990788 32.544927591457963 2.9544941391795874 6.9717872515320831 8.0130112506449205 2.593733012676239 4.8384220674633971 4.0944115184247476 29.510022543370724 4.2376121394336224 6.060592956840992 3.3923663794994354 117.82941542565823 6.1360534578561774 32.246772732585669
leaf_count=11821 1077 36 1123 38 923 226 45 5726 386 277 53 144 375 85 41 24 331 27 85 46 26 37 21 222 30 49 22 972 37 208
internal_value=-0.00264862 0.00990129 0.011808 0.00992969 -0.0711561 0.0559903 0.0113362 0.0116831 0.0127542 0.010504 -0.0162962 -0.0564581 -0.0138231 -0.0198748 0.00487996 0.0781536 -0.0393548 0.0185897 -0.0218127 0.00541803 -0.0385617 -0.00282738 0.00871707 -0.00396021 0.0673808 0.0107562 0.0646065 0.027503 0.0133206 -0.0122042
internal_weight=2251.7 1903.08 1849.92 1774.48 348.625 75.4397 1694.52 1687.33 1619.33 1404.98 62.7279 53.155 68.0019 79.9648 35.2147 9.4029 44.75 5.52453 25.8118 17.5785 9.56552 50.2007 42.6805 37.842 8.33202 12.2051 6.14452 214.352 96.5228 38.3828
internal_count=24513 11769 10548 9199 12744 1349 8427 8382 7969 6366 640 1221 413 772 334 92 438 51 242 157 111 363 310 273 51 107 58 1603 631 245
is_linear=0
shrinkage=0.1


Tree=100
num_leaves=31
num_cat=0
split_feature=0 4 0 10 0 1 9 4 4 6 10 3 0 0 7 11 8 10 8 11 6 0 6 9 6 9 9 10 1 7
split_gain=211.401 30.2477 7.93838 10.2387 11.9462 3.28556 3.89301 3.46671 3.95708 3.40261 3.59914 3.17588 2.90737 2.87638 3.56604 4.47055 2.86258 2.74097 2.66715 4.31168 5.63064 3.26226 3.17085 2.99148 2.66278 2.65232 2.79917 4.77491 2.80341 2.7431
threshold=31.500000000000004 13.500000000000002 21.500000000000004 6.5000000000000009 18.500000000000004 2.5000000000000004 175.35273550724642 7.5000000000000009 6.5000000000000009 6.5000000000000009 10.500000000000002 8.5000000000000018 21.500000000000004 32.500000000000007 -6.4999999999999991 3.5000000000000004 0.23706512042818909 5.5000000000000009 0.34833164812942369 3.5000000000000004 3.5000000000000004 20.500000000000004 4.5000000000000009 223.29075362318841 3.5000000000000004 398.16666666666669 369.33606934001676 7.5000000000000009 1.0000000180025095e-35 1.0000000180025095e-35
decision_type=2 2 2 2 2 2 2 2 2 2 2 2 2 2 2 2 2 2 2 2 2 2 2 2 2 2 2 2 2 2
left_child=1 2 3 4 -1 9 -7 8 -8 10 25 -4 24 14 15 -2 -9 -14 23 21 -21 -20 -22 -6 -3 26 -5 -28 -29 -27
right_child=13 12 11 5 18 6 7 16 -10 -11 -12 -13 17 -15 -16 -17 -18 -19 19 20 22 -23 -24 -25 -26 29 27 28 -30 -31
leaf_value=0.063518789243525539 -0.036551284296821918 -0.079145172094655547 0.0065878648944647043 0.0081244106591938092 -0.031292590222624143 0.036740266350619402 -0.039784827536520517 -0.02243171295159303 0.061751653391031613 0.044534987646531243 0.092062400772652417 -0.045295727054008687 0.031398449867226057 -0.075952136761335304 -0.058030077985481154 0.18210473883668415 -0.099580380436862806 -0.077475719444917213 0.055782965012017453 0.056490458920845726 -0.17927071783844256 -0.058847903521435846 -0.052026084354027086 0.027329145183076983 0.085040219055875096 0.052825598864560425 0.035907752398965403 -0.10437162724188509 -0.018933954764940517 -0.017251586112007663
leaf_weight=91.91489091143012 2.3979179821908505 1.702530127018689 998.61223838478327 276.64759458974004 9.1177271753549558 10.704776294529436 9.2027204185724241 9.7049408853054064 6.5844164714217177 30.215313900262117 5.1982432082295409 11.938936883583663 2.4343460723757735 347.42535858787596 15.359797818586229 1.5327455345541237 9.5345780365169031 46.142851946875453 10.534719280898573 3.3766518756747237 2.9809890165925008 3.2481060922145835 5.7088187858462334 192.30907007306814 2.3529530316591263 23.469006929546598 7.7509842664003399 7.4538679569959623 7.9223850518465042 7.3305987492203704
leaf_count=2152 52 29 4388 1378 60 57 41 58 28 152 23 189 15 12224 387 29 65 1200 89 26 19 15 38 1484 20 143 63 29 27 33
internal_value=-0.00468168 0.00945955 0.0117169 0.0196557 0.0330977 0.00923458 -0.0160369 -0.0321665 0.00256348 0.0123923 0.0094999 0.0059749 -0.0652288 -0.0738652 -0.03628 0.0487127 -0.0606645 -0.0720197 0.0207949 -0.00944511 -0.0530945 0.0287687 -0.0956766 0.0246756 0.0161136 0.00820162 0.00533048 -0.0280904 -0.0603511 0.0361466
internal_weight=2160.81 1794.09 1741.46 730.91 319.191 411.719 45.7314 35.0267 15.7871 365.988 335.773 1010.55 52.6327 366.716 19.2905 3.93066 19.2395 48.5772 227.276 25.8493 12.0665 13.7828 8.68981 201.427 4.05548 330.574 299.775 23.1272 15.3763 30.7996
internal_count=24513 11821 10557 5980 3883 2097 249 192 69 1848 1696 4577 1264 12692 468 81 123 1215 1731 187 83 104 57 1544 49 1673 1497 119 56 176
is_linear=0
shrinkage=0.1


Tree=101
num_leaves=31
num_cat=0
split_feature=0 10 0 13 0 10 10 4 3 12 9 0 9 2 10 5 11 10 9 8 9 0 4 1 0 0 0 3 1 5
split_gain=76.4076 13.6636 7.70185 7.28394 7.03945 19.8601 6.65211 14.0787 5.4012 4.45565 3.77977 4.37277 3.56449 4.32455 3.95563 3.37828 3.32606 5.38617 10.4461 4.88052 4.81401 6.14123 4.26724 3.98419 3.93788 4.15867 3.69849 4.14073 6.08237 4.68651
threshold=42.500000000000007 19.500000000000004 45.500000000000007 0.84962406015037606 35.500000000000007 19.500000000000004 20.500000000000004 15.500000000000002 8.5000000000000018 10.500000000000002 189.83787878787882 39.500000000000007 176.7741666666667 4.5000000000000009 9.5000000000000018 5.5000000000000009 4.5000000000000009 12.500000000000002 142.86127722406795 0.34248120300751878 168.71650326797388 28.500000000000004 2.5000000000000004 1.0000000180025095e-35 19.500000000000004 22.500000000000004 31.500000000000004 10.500000000000002 3.5000000000000004 1.0000000180025095e-35
decision_type=2 2 2 2 2 2 2 2 2 2 2 2 2 2 2 2 2 2 2 2 2 2 2 2 2 2 2 2 2 2
left_child=4 -2 3 -3 16 8 7 -5 9 12 -11 -12 13 15 -14 -6 17 22 -19 -18 -20 -22 -1 24 -21 -26 -24 28 -28 -29
right_child=1 2 -4 6 5 -7 -8 -9 -10 10 11 -13 14 -15 -16 -17 19 18 20 23 21 -23 26 -25 25 -27 27 29 -30 -31
leaf_value=-0.025513706402364 -0.075812628728178302 -0.048528139638560508 -0.05598531429179987 0.4048933864563049 0.091201675309564384 0.010336039590556014 0.020159326760249313 -0.019047431828482925 -0.051505303985686736 -0.050936554947355155 0.11362809095678117 -0.039801279973052522 0.01244176515206977 -0.079015915864110248 -0.047678707952564757 -0.078610714121965353 0.00032806103058167851 0.13111293618721193 -0.035312049072029388 -0.070715887924263005 0.0047813490350788095 0.037146370299133764 0.011212282234964467 0.0455582865399718 0.10018127894078073 -0.012552239455524805 -0.005350984627797345 0.077396891245699706 0.088164473809447391 -0.054161742326988463
leaf_weight=35.149790941737592 130.1457657199353 15.01240963488817 36.976400336250663 1.444789446890357 7.0450140759348852 317.38901428133249 22.866900514811277 1.7110402993857858 78.195304572582245 3.4116301201283923 6.8402762450277788 2.5500358492136002 14.149547979235647 2.8752991445362559 48.305215213447809 1.4052199013531206 624.78428520821035 8.8624011203646642 14.484828554093836 6.6232139393687275 98.581391736865044 144.65810189396143 1316.60851962585 45.461606694385409 4.6795862615108481 10.88085452467203 70.800812937319279 3.0236883983016041 7.7128134220838538 25.915900632739067
leaf_count=381 5562 203 1000 25 111 1144 159 42 1542 47 59 42 59 46 733 25 3566 39 71 78 376 875 7337 233 27 48 428 21 44 190
internal_value=0.00254559 -0.0559768 -0.0228849 0.00694165 0.00674566 -0.00428727 0.038942 0.175039 -0.0324542 -0.0152485 0.0392109 0.0719628 -0.024698 0.0269177 -0.034058 0.062963 0.00894549 0.0112946 0.0243649 0.00309054 0.0206942 0.0240293 0.0089068 0.0286053 -0.00613689 0.0213508 0.00975639 -0.00808244 0.00383554 -0.0404161
internal_weight=3108.55 208.157 78.0115 41.0351 2900.39 482.167 26.0227 3.15583 164.778 86.5822 12.8019 9.39031 73.7803 11.3255 62.4548 8.45023 2418.23 1725.8 266.587 692.43 257.724 243.239 1459.21 67.6453 22.1837 15.5604 1424.06 107.453 78.5136 28.9396
internal_count=24513 6991 1429 429 17522 3808 226 67 2664 1122 148 101 974 182 792 136 13714 9762 1361 3952 1322 1251 8401 386 153 75 8020 683 472 211
is_linear=0
shrinkage=0.1


Tree=102
num_leaves=31
num_cat=0
split_feature=10 0 0 0 10 0 9 5 8 7 6 7 9 8 0 6 4 1 9 1 4 8 3 8 9 12 13 12 0 5
split_gain=91.9698 20.9154 20.8198 5.32255 4.03405 17.0738 4.77837 5.34438 3.31297 2.76171 3.17546 2.6464 8.64614 8.46023 5.11533 4.60734 3.59398 3.58649 6.68815 3.46975 3.0328 2.86419 2.77139 2.61217 2.58746 2.56317 2.96103 2.53882 2.97288 2.47124
threshold=7.5000000000000009 21.500000000000004 30.500000000000004 59.500000000000007 21.500000000000004 32.500000000000007 334.09273657628927 1.5000000000000002 0.11215932914046121 5.5000000000000009 1.5000000000000002 8.5000000000000018 165.04702614379087 0.16172624237140362 38.500000000000007 6.5000000000000009 21.500000000000004 3.5000000000000004 236.86700680272114 1.5000000000000002 19.500000000000004 0.45080645161290328 13.500000000000002 0.17694497153700192 191.80377406281667 8.5000000000000018 1.083916083916084 11.500000000000002 32.500000000000007 1.5000000000000002
decision_type=2 2 2 2 2 2 2 2 2 2 2 2 2 2 2 2 2 2 2 2 2 2 2 2 2 2 2 2 2 2
left_child=2 9 -1 4 6 -6 11 -8 -7 -2 24 21 13 22 16 19 17 18 25 -15 -16 -3 -13 -21 -11 26 -14 28 -4 -19
right_child=1 3 27 -5 5 8 7 -9 -10 10 -12 12 14 15 20 -17 -18 29 -20 23 -22 -23 -24 -25 -26 -27 -28 -29 -30 -31
leaf_value=-0.075423183859520557 -0.064317864103425548 0.010438762530333346 -0.065083064641016597 -0.076842188171410253 -0.06666904726070802 -0.077373890226144951 0.13768211341673289 0.024330038814404053 0.0085905646706908641 0.0032174171834429828 -0.041109139628886994 -0.1118537779382016 -0.056970527549966316 -0.026030616950276642 -0.12567775575905724 -0.069082309197678216 0.042990716340566212 0.042162446397017064 0.066287487576452073 0.099245850035908842 -0.037389837468276857 -0.060268333870316097 -0.018802414859517086 0.034495111592557311 0.22072466852346198 -0.10961116483072744 0.024574682829651542 0.060691262441392162 0.0032412724500378619 -0.023214710507430663
leaf_weight=175.19375293888152 45.615238649770617 2388.9699280457571 7.8353128526359788 7.3320680670440188 36.636833611875772 4.5747419372200957 5.9727504476904896 13.700865440070627 223.82667974755168 1.2037394326180213 5.2070867642760277 5.3284277543425551 18.640202678740032 8.9034293144941312 4.286019484512507 4.5926744444295755 13.717214673757551 14.542386934161188 5.6626532971858969 6.7522876877337685 42.196402735076845 5.7427273988723746 8.0157999675720912 80.600038973614573 1.0023411922156809 6.1691334247589102 5.850558638572692 5.8669956959784022 34.014473579823971 9.5976695343852025
leaf_count=7749 1174 11357 194 410 917 26 31 69 1061 21 89 20 72 36 19 40 57 56 22 31 309 26 40 352 19 23 25 30 202 36
internal_value=0.00247989 0.0071225 -0.0594736 0.00825219 0.00846628 -0.00329655 0.00964307 0.0587428 0.00686875 -0.055118 0.00149133 0.00927572 -0.000854343 0.0188689 -0.0195201 0.02877 -0.00322138 -0.0137056 -0.0335607 0.0334389 -0.0455306 0.0102692 -0.0559584 0.0395003 0.102043 -0.0520019 -0.0374903 -0.000914157 -0.00955073 0.0161696
internal_weight=3197.55 2974.64 222.911 2921.61 2914.28 265.038 2649.24 19.6736 228.401 53.0284 7.41317 2629.57 234.855 114.193 120.662 100.848 74.1798 60.4626 36.3225 96.2558 46.4824 2394.71 13.3442 87.3523 2.20608 30.6599 24.4908 47.7168 41.8498 24.1401
internal_count=24513 16338 8175 15035 14625 2004 12621 100 1087 1303 129 12521 1138 519 619 459 291 234 142 419 328 11383 60 383 40 120 97 426 396 92
is_linear=0
shrinkage=0.1


Tree=103
num_leaves=31
num_cat=0
split_feature=0 4 0 3 0 10 0 2 9 13 11 10 0 12 0 2 0 7 8 11 7 13 8 8 10 4 8 10 8 7
split_gain=173.891 21.148 13.0822 6.29371 5.62131 5.43987 4.40621 4.34152 8.09721 4.22081 3.73566 3.91225 6.17828 3.84755 3.61855 3.47569 3.83026 4.66311 3.43043 3.37301 3.36256 4.73313 5.25069 3.37232 8.87939 5.18702 5.17457 3.28176 5.49686 3.28259
threshold=33.500000000000007 9.5000000000000018 54.500000000000007 4.5000000000000009 31.500000000000004 19.500000000000004 43.500000000000007 8.5000000000000018 137.05471014492755 1.9285714285714286 2.5000000000000004 18.500000000000004 46.500000000000007 8.5000000000000018 47.500000000000007 1.5000000000000002 51.500000000000007 4.5000000000000009 0.14854215918045702 1.0000000180025095e-35 -1.0000000180025095e-35 1.0717948717948722 0.28035087719298252 0.21103238866396759 11.500000000000002 19.500000000000004 0.24165739710789766 18.500000000000004 0.3246621621621622 -1.4999999999999998
decision_type=2 2 2 2 2 2 2 2 2 2 2 2 2 2 2 2 2 2 2 2 2 2 2 2 2 2 2 2 2 2
left_child=4 6 3 10 -1 -4 -2 9 -9 15 14 -12 -13 -14 -3 18 27 19 -5 -18 -6 22 23 25 26 -22 -25 29 -29 -17
right_child=1 2 5 7 20 -7 -8 8 -10 -11 11 12 13 -15 -16 16 17 -19 -20 -21 21 -23 -24 24 -26 -27 -28 28 -30 -31
leaf_value=-0.075496447319308851 -0.074935212758198019 -0.068752776131105225 0.077142864169458369 0.050927084205496936 -0.076747408063244954 0.020156553157040499 -0.011031449316738799 -0.028896961607289631 0.043735379638833664 -0.072774527876673184 0.038042419973479014 -0.075481242802985626 -0.011199433453130132 0.099321345091798491 0.00036189585998661696 0.021909057158471374 0.065956116603614515 0.076357445999754248 -0.02072910681243454 0.0081617257161524497 -0.079064004280189101 -0.06833724327053281 -0.07827659621148364 0.14307421658207778 0.25363910572589127 0.12425905571760731 -0.079619727354403563 0.0024340233745602105 -0.058345878544196567 0.008695778888218918
leaf_weight=282.1099016405642 34.562361940741539 21.287280790507793 40.355751972645521 7.5170347802340975 13.066238094121216 28.639051638543606 15.686951443552969 18.811371020972729 83.387711342424154 6.2715349309146395 16.967152902856469 12.450355239212515 11.780901297926905 4.2994506880640975 11.760118387639521 233.50650245696306 12.40689294785261 17.933978103101254 60.070340855047107 54.268958121538162 3.5133156552910858 10.158978998661039 4.1657032947987309 1.7909231297671793 2.3963003978133202 1.9517421349883077 2.4998778142035007 208.55383516848087 16.022892443463206 965.11149431578815
leaf_count=11821 1077 280 1123 38 465 226 144 89 444 41 94 260 59 21 58 1045 90 203 375 467 59 200 82 25 32 24 36 1171 107 4357
internal_value=-0.00259903 0.00901613 0.0107722 0.00909993 -0.0705471 0.0534884 -0.0549856 0.0103906 0.0303662 0.00909985 -0.0185691 1.73871e-05 -0.022596 0.0183508 -0.0441579 0.00942579 0.0104202 0.0310913 -0.0127595 0.018916 -0.035237 -0.0147517 0.018609 0.0518209 0.0994438 -0.00645101 0.0133298 0.00919133 -0.00190244 0.0112699
internal_weight=2203.3 1881.65 1831.4 1762.41 321.653 68.9948 50.2493 1683.86 102.199 1581.66 78.5453 45.4979 28.5307 16.0804 33.0474 1575.39 1507.8 84.6098 67.5874 66.6759 39.5431 26.4768 16.3179 12.1522 6.6871 5.46506 4.2908 1423.19 224.577 1198.62
internal_count=24513 11769 10548 9199 12744 1349 1221 8427 533 7894 772 434 340 80 338 7853 7440 760 413 557 923 458 258 176 93 83 61 6680 1278 5402
is_linear=0
shrinkage=0.1


Tree=104
num_leaves=31
num_cat=0
split_feature=0 4 0 10 2 3 9 9 9 8 0 10 12 7 8 9 11 6 1 3 10 10 10 0 12 13 0 3 7 4
split_gain=190.976 26.8477 6.277 10.223 4.74239 3.79411 3.63836 4.62422 4.68957 4.06344 4.60215 4.81732 3.31641 6.62817 3.59368 4.16199 3.26651 3.28759 4.26696 3.96729 4.64975 3.63884 3.98153 4.40332 4.29301 3.64874 6.63888 3.57465 4.09109 3.29041
threshold=31.500000000000004 13.500000000000002 15.500000000000002 7.5000000000000009 6.5000000000000009 3.5000000000000004 280.60027777777782 315.80716911764711 323.47114845938387 0.30707196029776679 21.500000000000004 2.5000000000000004 7.5000000000000009 -3.4999999999999996 0.19657494145199064 259.78658186150835 5.5000000000000009 9.5000000000000018 1.0000000180025095e-35 4.5000000000000009 12.500000000000002 21.500000000000004 8.5000000000000018 20.500000000000004 8.5000000000000018 1.4833333333333336 18.500000000000004 4.5000000000000009 -1.0000000180025095e-35 10.500000000000002
decision_type=2 2 2 2 2 2 2 2 2 2 2 2 2 2 2 2 2 2 2 2 2 2 2 2 2 2 2 2 2 2
left_child=1 2 3 -1 5 6 12 9 -9 -8 -11 -12 -4 -14 -15 -16 17 21 -19 20 -20 22 24 25 -7 26 -24 -26 -29 -30
right_child=-2 -3 4 -5 -6 16 7 8 -10 10 11 -13 13 14 15 -17 -18 18 19 -21 -22 -23 23 -25 27 -27 -28 28 29 -31
leaf_value=0.066337142370343327 -0.073472077901770169 -0.064293787270435096 0.0084610605973122876 0.010387946675695144 -0.061176424311405464 -0.0013508879623954119 0.037626050924892684 -0.018339481860410376 0.014782384457331056 0.045413753377970767 0.02259664250944831 -0.074571749916559987 -0.088970787182929459 0.038837491556416998 -0.078353634022040597 0.01942376529086003 0.020645235524579496 0.031436777239290468 0.04714658068687979 -0.11546651460848514 -0.098350377890597473 0.046249349189480884 -0.062656715378820588 -0.058343962131810756 0.0018284987209745537 0.050846737103878097 0.034390820223787776 -0.015847574149335793 0.061181881016645005 -0.01537574297018993
leaf_weight=51.540111716836691 337.93035551719368 49.174427660182118 120.35987133532763 89.142832390964031 9.6142712458968145 363.96735072508454 146.62808804214001 46.668259382247925 508.71632679924369 13.112346842885016 9.3564479127526301 11.221228957176207 11.474433083087204 13.464463628828527 8.7950584851205367 8.6201210357248765 96.276573732495308 6.6874232441186932 4.9377489164471644 7.7452143467962733 3.9563453979790211 18.216843064874411 16.21449809521437 22.547360906377435 51.264584347605705 9.5676568970084173 12.470167379826306 11.426465235650538 41.25487482920289 6.4982957430183879
leaf_count=1215 12692 1264 712 378 113 1875 841 256 2832 88 36 55 71 91 52 48 527 42 25 51 31 114 61 336 277 41 72 58 219 40
internal_value=-0.00458276 0.00856283 0.0106437 0.0308853 0.00884257 0.00927096 0.0135238 0.0165166 0.0119992 0.0304304 -0.000886954 -0.0303903 -7.87131e-06 -0.0240745 4.00395e-05 -0.029956 0.00359386 0.00074751 -0.036027 -0.063141 -0.0175746 0.00229754 0.000801562 -0.0232913 0.00388926 -0.00263 -0.020467 0.0211581 0.0379024 0.0507638
internal_weight=2108.85 1770.92 1721.75 140.683 1581.06 1571.45 898.417 735.703 555.385 180.318 33.69 20.5777 162.714 42.3541 30.8796 17.4152 673.031 576.755 23.3267 16.6393 8.89409 553.428 535.211 60.7997 474.412 38.2523 28.6847 110.444 59.1796 47.7532
internal_count=24513 11821 10557 1593 8964 8851 5082 4108 3088 1020 179 91 974 262 191 100 3769 3242 149 107 56 3093 2979 510 2469 174 133 594 317 259
is_linear=0
shrinkage=0.1


Tree=105
num_leaves=31
num_cat=0
split_feature=0 10 0 3 0 10 13 13 12 13 9 11 11 5 13 2 7 0 9 1 11 4 0 12 9 3 12 9 0 12
split_gain=67.5339 13.6092 7.03474 6.00824 17.1022 6.58762 6.1753 4.92357 4.32374 7.9572 3.81963 5.96553 5.43705 4.16771 3.62066 3.44788 6.11552 3.88548 3.66955 3.35389 3.11874 4.95153 3.09074 4.18906 4.71082 3.08112 3.07394 2.91265 5.81864 4.4708
threshold=42.500000000000007 19.500000000000004 46.500000000000007 8.5000000000000018 33.500000000000007 19.500000000000004 0.94987468671679209 0.84962406015037606 7.5000000000000009 1.3923076923076925 139.16703431372551 1.5000000000000002 5.5000000000000009 1.5000000000000002 1.4833333333333336 5.5000000000000009 2.5000000000000004 25.500000000000004 239.62694122694128 1.5000000000000002 3.5000000000000004 8.5000000000000018 37.500000000000007 1.5000000000000002 157.91116709732992 7.5000000000000009 7.5000000000000009 217.5747023809524 28.500000000000004 10.500000000000002
decision_type=2 2 2 2 2 2 2 2 2 2 2 2 2 2 2 2 2 2 2 2 2 2 2 2 2 2 2 2 2 2
left_child=3 -2 7 10 27 22 -7 20 14 -10 11 -1 13 -13 -9 -12 17 -17 -19 -16 -3 -22 23 24 -6 -18 -27 -5 29 -29
right_child=1 2 -4 4 5 6 -8 8 9 -11 15 12 -14 -15 19 16 25 18 -20 -21 21 -23 -24 -25 -26 26 -28 28 -30 -31
leaf_value=-0.012793479010428222 -0.075616730168871951 -0.080577136018360696 -0.060080615167885876 0.011425320624090109 0.18266978488838426 0.10754962879416147 -0.047518706358746936 -0.030542247652358717 0.14286866221602765 -0.055296791391592083 0.0083418571896780019 0.031268982640555353 -0.020436846127831237 0.13595486092579645 -0.0096550148805169406 -0.00030846574677527227 0.047685166082469789 -0.065565523004229256 -0.193667544832542 0.12725554035388906 0.12850261722170872 -0.044563240661640975 -0.062463052893389041 -0.037307289354903815 -0.016635889598070854 -0.055723476376927275 0.047473524116622104 0.022337559390744954 -0.046084879625232646 -0.075507753067676708
leaf_weight=12.794696060940622 119.0423828875646 9.0318876672536152 29.077551810070872 281.63482267409563 1.9046101942658413 5.7471122518181783 4.6426879242062569 13.016036812216049 6.6518034879118186 2.913969561457634 2332.1146134249866 5.7884734421968522 4.8139718621969214 11.086919503286479 3.6208125688135615 5.4040774498134843 11.59924953058362 7.345218960195778 3.2148768119513988 3.5372178424149752 2.3143508508801443 5.786606390029192 52.092387389391661 46.903166458010674 3.1428544037044048 9.0584791824221593 4.2362960651516923 41.017933115363121 28.744527950882912 5.2698448896408072
leaf_count=59 5562 145 868 1107 27 25 24 164 53 25 13812 27 22 47 26 26 55 74 18 23 17 108 1184 616 41 45 21 159 114 19
internal_value=0.0024385 -0.0545148 -0.0214403 0.0062965 -0.00403133 -0.0376689 0.0382573 0.00253026 0.0271297 0.0825026 0.00831749 0.0413597 0.073305 0.100046 0.000874021 0.00783732 -0.0209609 -0.0692725 -0.104564 0.0580008 -0.0401704 0.0048797 -0.045251 -0.0279919 0.0585701 0.0100206 -0.0228404 0.00676094 -0.0107469 0.0111979
internal_weight=3073.55 194.993 75.9502 2878.56 471.1 114.433 10.3898 46.8727 29.7398 9.56577 2407.46 34.4841 21.6894 16.8754 20.1741 2372.97 40.8582 15.9642 10.5601 7.15803 17.1328 8.10096 104.043 51.9506 5.04746 24.894 13.2948 356.667 75.0323 46.2878
internal_count=24513 6991 1429 17522 3316 1917 49 561 291 78 14206 155 96 74 213 14051 239 118 92 49 270 125 1868 684 68 121 66 1399 292 178
is_linear=0
shrinkage=0.1


Tree=106
num_leaves=31
num_cat=0
split_feature=10 0 0 0 4 0 13 1 1 8 12 7 8 8 8 9 8 13 0 1 10 1 12 12 9 4 4 13 13 11
split_gain=81.6549 20.2983 18.591 4.62159 3.84007 5.53482 3.47652 4.03081 3.44779 2.79305 2.69423 2.98128 3.54653 3.72325 3.34206 2.5513 2.37256 2.77887 2.28164 6.10211 4.48943 3.42298 2.71438 2.35751 4.79172 5.31692 3.62134 4.67548 4.70933 4.52183
threshold=7.5000000000000009 30.500000000000004 19.500000000000004 59.500000000000007 5.5000000000000009 30.500000000000004 1.4833333333333336 1.0000000180025095e-35 7.5000000000000009 0.19264507422402158 1.5000000000000002 -2.4999999999999996 0.16035714285714289 0.26120401337792648 0.27675941080196403 381.94604166666676 0.30707196029776679 0.94987468671679209 24.500000000000004 2.5000000000000004 8.5000000000000018 5.5000000000000009 9.5000000000000018 11.500000000000002 263.01898193760263 26.500000000000004 22.500000000000004 0.89444444444444449 0.71008403361344552 4.5000000000000009
decision_type=2 2 2 2 2 2 2 2 2 2 2 2 2 2 2 2 2 2 2 2 2 2 2 2 2 2 2 2 2 2
left_child=1 -1 -2 4 5 -4 10 9 15 -8 -7 12 -12 -14 -15 18 -16 -18 19 22 -20 -21 -6 -22 25 26 27 28 -25 -29
right_child=2 -3 3 -5 8 6 7 -9 -10 -11 11 -13 13 14 16 -17 17 -19 20 21 23 -23 -24 24 -26 -27 -28 29 -30 -31
leaf_value=-0.075196500648762876 -0.065871682213208327 -0.00068215885595202029 -0.065108657483378102 -0.07669593570258515 -0.046472297089610592 0.052514377276703217 0.019842215443800989 0.0039713119483785085 -0.085057796582340764 0.15996367559523805 0.052648924010102786 0.048690376584997058 -0.066384097107521051 0.08673091765791921 -0.083251066134595098 0.07511847393534779 0.076784713707565441 -0.046498121168950565 0.062516514926264977 0.011744336867092312 0.0092840453766385358 0.11770566661836085 0.016277883636116843 0.0026637864299883865 -0.050144685051673292 -0.099775519901186618 0.04512883473680547 0.00047577385388973721 -0.060851928345217444 0.056911608796875984
leaf_weight=160.30846224538982 34.913356957957149 47.357361055910587 16.480429409071803 6.4995083240792146 34.472218949347734 5.5137060414999715 2.3539169467985657 12.085496008396147 3.9450500728562465 3.5953552983701229 4.5989339612424365 5.3941207788884631 22.36457796022296 3.3012222833931437 4.6037263907492143 5.7358328290283671 3.2846319228410721 4.1238919552415609 15.497674401849507 34.508287606760859 2557.2373390365392 3.3441048748791209 8.6166011746972782 27.634066748432815 19.12786581274122 4.8511774158105245 20.867262850515544 50.397035971283913 20.211121708154678 19.765294265933335
leaf_count=7749 962 426 471 410 394 33 20 81 36 25 37 27 151 18 32 38 23 28 93 284 12275 22 96 122 99 40 120 220 90 91
internal_value=0.0024087 -0.0582038 0.00666784 0.00753505 0.00772293 -0.012885 -0.000800273 0.037141 0.00836241 0.104523 -0.013666 -0.0213205 -0.0302532 -0.0403721 -0.00238292 0.008493 -0.0268733 0.00816037 0.00835731 -0.00818923 0.0088469 0.0211056 -0.033924 0.00854111 -0.00312487 0.0031328 0.00672759 -6.28959e-05 -0.024167 0.0163742
internal_weight=3162.99 207.666 2955.32 2920.41 2913.91 87.7 71.2196 18.0348 2826.21 5.94927 53.1848 47.6711 42.277 37.6781 15.3135 2822.27 12.0123 7.40852 2816.53 80.9412 2735.59 37.8524 43.0888 2720.09 162.854 143.726 138.875 118.008 47.8452 70.1623
internal_count=24513 8175 16338 15376 14966 946 475 126 14020 45 349 316 289 252 101 13984 83 51 13946 796 13150 306 490 13057 782 683 643 523 212 311
is_linear=0
shrinkage=0.1


Tree=107
num_leaves=31
num_cat=0
split_feature=0 4 0 0 10 13 2 7 9 0 0 10 0 8 12 9 9 13 13 6 12 7 13 8 0 7 12 5 6 9
split_gain=156.639 18.5415 11.0786 5.74092 5.49379 5.3888 4.77344 4.406 6.52343 4.3333 3.6134 4.72661 5.32418 3.74792 3.51385 5.25265 3.31674 3.2459 5.2845 4.26677 3.39289 3.21732 4.24511 4.49911 3.19053 4.07202 5.54719 4.65959 4.25449 4.02583
threshold=33.500000000000007 9.5000000000000018 54.500000000000007 31.500000000000004 19.500000000000004 1.9285714285714286 1.5000000000000002 -7.4999999999999991 209.49947916666667 43.500000000000007 49.500000000000007 19.500000000000004 43.500000000000007 0.16302800189843378 8.5000000000000018 237.85302631578949 155.44709045780476 0.59411764705882364 0.72077922077922085 7.5000000000000009 3.5000000000000004 -1.0000000180025095e-35 1.0717948717948722 0.28035087719298252 40.500000000000007 -3.4999999999999996 2.5000000000000004 5.5000000000000009 7.5000000000000009 228.57005797101453
decision_type=2 2 2 2 2 2 2 2 2 2 2 2 2 2 2 2 2 2 2 2 2 2 2 2 2 2 2 2 2 2
left_child=3 9 5 -1 -4 6 7 8 -3 -2 11 -8 -13 -14 15 -10 -9 -15 -19 20 -20 -5 23 -23 -18 26 -26 28 -27 -30
right_child=1 2 4 21 -6 -7 10 16 14 -11 -12 12 13 17 -16 -17 24 18 19 -21 -22 22 -24 -25 25 27 -28 -29 29 -31
leaf_value=-0.075280155235825624 -0.074510537104260477 -0.10282266030557452 0.076883160577655721 -0.076599483080316763 0.017493781792030035 -0.054186759385360321 0.0096468496248466283 0.093150950946581643 0.10471657721674854 -0.010130642329322542 0.022327933866670112 -0.070915610604448703 -0.088030873929241235 -0.06186423788440365 0.13552835432759749 -0.040849670559260504 -0.064942897060738261 0.11709052062334027 -0.014709422826302262 -0.023434654259545024 0.0833688653058135 0.045112917690737012 -0.067401362245330179 -0.078033916593502936 0.022755554057832764 -0.010817189468703046 -0.08223933807265249 -0.0705062992954711 0.016809601618388251 0.1239460575413371
leaf_weight=259.04357329756021 31.95179443154484 2.901189440861347 35.662400938570499 11.978791728615759 27.654224120080471 13.665010549128054 1353.8818846289068 2.4538561105728141 4.7356534712016565 15.539475131779907 212.63271746039391 14.574400737881659 4.705461472272872 6.2598717063665381 4.4395410511642686 5.2017610315233469 15.988949691876767 4.5516900792717925 5.7834022007882586 23.448374431580305 9.0410928763449174 12.751345282420521 9.479110434651373 3.8662806116044512 7.3642960414290455 21.560231180861592 15.888211522251366 7.2197473607957354 8.9163435809314233 5.7816616035997859
leaf_count=11821 1077 21 1123 465 226 133 5822 11 34 144 1644 371 45 46 43 78 223 32 38 190 59 176 200 82 44 133 127 34 40 31
internal_value=-0.00252402 0.00823642 0.00985099 -0.069951 0.0509442 0.00836504 0.00885704 -0.0120821 0.0339612 -0.053445 0.0101692 0.00835143 -0.017303 -0.00277669 0.0615634 0.0285196 -0.0214223 0.00539617 0.015228 0.00311371 0.0451061 -0.0336942 -0.014 0.0164614 -0.0248211 -0.0152078 -0.0489864 0.00285744 0.0174656 0.0589532
internal_weight=2158.92 1861.8 1814.31 297.119 63.3166 1751 1737.33 102.451 17.2781 47.4913 1634.88 1422.25 68.3643 53.7899 14.377 9.93741 85.1733 49.0844 42.8246 38.2729 14.8245 38.0755 26.0967 16.6176 82.7194 66.7305 23.2525 43.478 36.2582 14.698
internal_count=24513 11769 10548 12744 1349 9199 9066 819 176 1221 8247 6603 781 410 155 112 643 365 319 287 97 923 458 258 632 409 171 238 204 71
is_linear=0
shrinkage=0.1


Tree=108
num_leaves=31
num_cat=0
split_feature=0 4 0 10 0 0 11 6 10 10 3 4 8 3 5 6 9 9 9 12 0 4 0 4 10 7 7 9 8 1
split_gain=173.804 28.4683 5.44551 8.06091 10.8993 3.08456 2.78581 2.7178 2.89307 2.67047 2.47888 2.59538 2.44886 4.73952 4.33973 4.16203 3.86277 2.76435 3.5643 3.79566 2.62979 2.52293 2.31243 3.17456 3.13051 3.40315 3.36717 3.45931 6.66167 5.42817
threshold=32.500000000000007 13.500000000000002 21.500000000000004 6.5000000000000009 18.500000000000004 21.500000000000004 2.5000000000000004 6.5000000000000009 10.500000000000002 5.5000000000000009 8.5000000000000018 10.500000000000002 0.28345771144278614 1.0000000180025095e-35 1.5000000000000002 2.5000000000000004 235.88838778953831 387.59983896940429 369.33606934001676 5.5000000000000009 20.500000000000004 3.5000000000000004 16.500000000000004 2.5000000000000004 8.5000000000000018 1.0000000180025095e-35 -1.4999999999999998 254.67365151515153 0.23420877659574468 2.5000000000000004
decision_type=2 2 2 2 2 2 2 2 2 2 2 2 2 2 2 2 2 2 2 2 2 2 2 2 2 2 2 2 2 2
left_child=1 2 3 4 -1 6 -3 8 22 -7 -4 -12 14 -14 16 -16 -6 18 20 -20 -15 -17 -5 -24 26 -26 -25 29 -29 -28
right_child=-2 5 10 7 12 9 -8 -9 -10 -11 11 -13 13 17 15 21 -18 -19 19 -21 -22 -23 23 24 25 -27 27 28 -30 -31
leaf_value=0.060801351678016508 -0.075526200876546115 -0.083560481563604044 0.0054806838337549809 0.013605344659542835 -0.037374777738576032 0.029031658961856277 0.09028528921260133 0.035571589798654935 0.075233828951045509 -0.077086028176377636 0.069652883575525931 -0.062911901172226226 -0.11101861798401094 0.032045282770437444 -0.077928168776227963 0.063881276700490638 0.056679868961831872 0.055913073227330468 -0.14156858511431447 0.01490169045735297 -0.014976811943010957 0.011111694685872361 0.080054355878572458 -0.025409586580706842 -0.089876239232530963 -0.015671176014623266 0.048221081679761239 -0.030445950767414156 0.023797803228763889 -0.045572094444671113
leaf_weight=78.838813949376345 294.78857836313546 1.5284644328057759 1006.0067112855613 144.21225630491972 4.8140051290392867 2.4989407807588568 2.3222457505762577 31.207155153155327 5.7495325431227675 46.479298820719123 1.7534633316099633 9.3629601355642063 3.5421470403671256 23.424360454082489 4.8737689778208724 10.169138841331003 46.977498706430197 10.067924827337263 3.4866248518228522 2.7916260212659836 24.161944076418877 83.084148652851582 4.5456538423895827 35.556398704648018 7.3008392155170432 40.270574491471052 36.324391212314367 43.081262588500977 47.716936215758324 7.4329956732690325
leaf_count=2152 12224 20 4632 868 34 17 29 162 27 1419 19 173 26 218 36 94 410 83 23 21 121 665 21 154 27 230 158 191 212 47
internal_value=-0.00443505 0.00740778 0.00963277 0.0164235 0.0289494 -0.0648964 0.0212806 0.00722523 0.00484847 -0.0716717 0.00496174 -0.0420016 0.0173981 0.00157777 0.0245185 0.0121579 0.0479375 0.00781611 -0.00117378 -0.071994 0.00816982 0.0168661 0.00374411 -0.00265519 -0.00438233 -0.0270595 0.00195929 0.00919154 -0.00193937 0.0322886
internal_weight=2064.37 1769.58 1716.75 699.63 296.232 52.8289 3.85071 403.398 372.191 48.9782 1017.12 11.1164 217.393 67.4746 149.919 98.1271 51.7915 63.9325 53.8646 6.27825 47.5863 93.2533 366.441 222.229 217.683 47.5714 170.112 134.556 90.7982 43.7574
internal_count=24513 12289 10804 5980 3883 1485 49 2097 1935 1436 4824 192 1731 492 1239 795 444 466 383 44 339 759 1908 1040 1019 257 762 608 403 205
is_linear=0
shrinkage=0.1


Tree=109
num_leaves=31
num_cat=0
split_feature=0 10 0 0 10 10 13 7 9 5 8 7 0 12 13 5 8 13 0 0 12 4 9 4 9 9 5 6 8 13
split_gain=59.8827 13.4063 6.43875 5.38447 15.8222 4.88631 4.27994 4.09164 4.03611 5.38487 5.16925 4.3471 3.42247 3.38913 6.15555 3.34683 3.42848 4.13249 3.84764 3.63314 4.87102 4.68151 3.34402 5.17716 5.31675 3.71676 4.11252 3.65347 5.83633 3.15868
threshold=42.500000000000007 19.500000000000004 46.500000000000007 34.500000000000007 18.500000000000004 8.5000000000000018 0.84962406015037606 1.5000000000000002 206.07898769913291 4.5000000000000009 0.18394199785177229 -5.4999999999999991 40.500000000000007 7.5000000000000009 1.3923076923076925 5.5000000000000009 0.099019607843137264 1.9285714285714286 22.500000000000004 12.500000000000002 9.5000000000000018 4.5000000000000009 296.36007168458792 6.5000000000000009 324.78951612903234 165.04702614379087 3.5000000000000004 4.5000000000000009 0.072299651567944212 1.4833333333333336
decision_type=2 2 2 2 2 2 2 2 2 2 2 2 2 2 2 2 2 2 2 2 2 2 2 2 2 2 2 2 2 2
left_child=3 -2 6 15 5 -5 -3 8 9 -6 -11 -12 -7 29 -15 16 17 22 -19 20 -18 -22 25 24 -24 -1 -27 -26 -29 -8
right_child=1 2 -4 4 7 12 13 -9 -10 10 11 -13 -14 14 -16 -17 19 18 -20 -21 21 -23 23 -25 27 26 -28 28 -30 -31
leaf_value=-0.10464426870576715 -0.075426325861954899 -0.038584614598268528 -0.058802778384537513 0.014484001480934774 0.12139992229282702 -0.026357800924697351 -0.029083201168807821 -0.047812883026176006 0.0084544051573948089 0.109285913603067 -0.11943674296071667 0.040956869234940761 -0.062620118431223767 0.12128570458681756 -0.053278422981886155 0.023005232929683823 -0.067721761669100697 0.064590361089393922 -0.045487735531903016 0.0083058387230286312 -0.047100656794205997 0.14280816599556309 -0.085435982126452564 -0.086611853190500965 -0.032158138147736666 -0.0079540712828368044 0.068187546103301105 0.16584441587079901 0.0043897068874007225 0.05336396383133854
leaf_weight=3.25732248276472 109.02515681926161 16.459700690582395 27.271354734897614 23.74313323199749 7.5564828924834755 119.0011935159564 12.691226758062845 12.253632020205258 324.37069641798735 3.471699792891739 3.4478497579693803 3.3138475269079199 33.313372364267707 7.2070893011987192 2.8066964354366064 138.94207009673119 13.474520481191577 12.195981781929733 4.2931235507130614 2064.3582942830399 2.6402134643867603 2.5534868873655796 7.4048336911946562 14.917564322240649 9.1535583827644604 39.463115648366511 8.6480416636913997 3.2410011971369368 7.2412542905658484 7.3309764377772799
leaf_count=12 5562 270 868 104 41 1900 164 75 1274 28 17 28 798 53 25 721 306 118 19 11359 57 26 55 85 101 268 57 36 37 49
internal_value=0.00234184 -0.05315 -0.0202263 0.00588571 -0.00320777 -0.0277114 0.00240018 0.00896456 0.0109979 0.0573747 0.0100976 -0.0408293 -0.0342889 0.0248598 0.0723583 0.00795445 0.0070008 -0.0102203 0.0359303 0.00790869 -0.0360085 0.0462682 -0.0183743 -0.0393189 -0.0132287 -0.00126661 0.00573248 0.0140013 0.0543098 0.0011042
internal_weight=3045.05 182.792 73.767 2862.26 530.472 176.058 46.4957 354.414 342.161 17.7899 10.2334 6.7617 152.315 30.036 10.0138 2331.78 2192.84 109.816 16.4891 2083.03 18.6682 5.1937 93.3267 41.9582 27.0406 51.3685 48.1112 19.6358 10.4823 20.0222
internal_count=24513 6991 1429 17522 4265 2802 561 1463 1388 114 73 45 2698 291 78 13257 12536 788 137 11748 389 83 651 314 229 337 325 174 73 213
is_linear=0
shrinkage=0.1


Tree=110
num_leaves=31
num_cat=0
split_feature=10 0 0 0 4 0 13 1 3 12 6 13 9 8 5 2 12 0 6 1 0 12 9 1 8 8 7 9 4 5
split_gain=72.702 19.7637 16.6646 4.03988 3.25768 5.08246 2.99547 3.32302 2.62588 2.79759 3.95665 3.58078 2.81006 2.27783 2.16251 3.5014 9.92217 5.93423 3.6105 2.25896 2.34333 2.20913 2.15259 4.74799 2.09472 2.00707 1.93649 3.43612 1.9276 7.43081
threshold=7.5000000000000009 30.500000000000004 19.500000000000004 59.500000000000007 5.5000000000000009 30.500000000000004 1.4833333333333336 1.0000000180025095e-35 1.5000000000000002 1.5000000000000002 10.500000000000002 0.62828947368421062 278.67845138888896 0.19264507422402158 2.5000000000000004 1.5000000000000002 6.5000000000000009 35.500000000000007 5.5000000000000009 1.0000000180025095e-35 32.500000000000007 3.5000000000000004 376.79206349206356 1.5000000000000002 0.46770833333333339 0.26209992193598758 -1.4999999999999998 349.12926470588241 29.500000000000004 2.5000000000000004
decision_type=2 2 2 2 2 2 2 2 2 2 2 2 2 2 2 2 2 2 2 2 2 2 2 2 2 2 2 2 2 2
left_child=1 -1 -2 4 5 26 8 13 -7 -10 11 -11 -13 -8 15 16 17 -3 21 -16 -21 -17 24 -24 28 -9 -4 -28 -6 -30
right_child=2 14 3 -5 22 6 7 25 9 10 -12 12 -14 -15 19 18 -18 -19 -20 20 -22 -23 23 -25 -26 -27 27 -29 29 -31
leaf_value=-0.074974912307376365 -0.064892503664143675 -0.082830468844694818 -0.076971166954508646 -0.076567509024796518 0.007916791375900881 -0.048234858309726861 0.018223535884057524 0.033622672948834399 0.078397316930091096 0.079292868813705411 -0.076809555663349002 -0.082623245191842373 0.0082386482005478746 0.14404590000749781 -0.054200509439825795 0.027048883059083009 0.22307909458940733 0.13360553899689939 0.081953129280401521 -0.078617666777102843 0.020455770134895523 -0.086196078099951987 -0.012183340548652459 0.15327570168254856 -0.06511692648607445 -0.052178672494164219 -0.077521499890817691 0.20611061912526202 0.052999794897626441 -0.09701570642158705
leaf_weight=147.20855855755508 32.587081789970398 3.5351846814155596 13.582638232037423 5.7708563236519685 2791.4738344373181 14.919178098440169 2.3599660620093372 7.9312914349138719 4.186437413096427 5.6935730911791351 6.7382901739329091 4.2605438698083189 16.924725791439414 3.6862333957105875 10.777070933952929 2.5851918868720514 2.9067179299890995 1.9742341339588163 2.9271423276513815 2.8591714110225466 14.467729680240152 5.1626366805285215 3.8074242174625388 3.1852183490991592 3.952302284538745 4.1543091032654047 1.0900542829185713 0.70232744142413128 5.9570716563612205 7.4080560235306621
leaf_count=7749 962 51 425 410 13781 114 20 56 20 37 51 28 99 25 92 24 26 9 28 69 79 48 29 17 20 25 30 16 48 125
internal_value=0.00230554 -0.0569213 0.00622135 0.00701831 0.00718452 -0.0119614 -0.000652164 0.0344091 -0.01271 0.00130985 -0.00829007 0.00888716 -0.0100345 0.0949346 -0.000609469 0.0253622 0.0735938 -0.00527322 -0.0126636 -0.0182521 0.00410732 -0.04841 0.00777084 0.0631849 0.00763288 0.00412928 -0.0640791 0.033617 0.0077354 -0.0301512
internal_weight=3134.78 194.404 2940.37 2907.78 2902.01 86.2296 70.8545 18.1318 52.7227 37.8036 33.6171 26.8788 21.1853 6.0462 47.1951 19.0911 8.41614 5.50942 10.675 28.104 17.3269 7.74783 2815.78 6.99264 2808.79 12.0856 15.375 1.79238 2804.84 13.3651
internal_count=24513 8175 16338 15376 14966 946 475 126 349 235 215 164 127 45 426 186 86 60 100 240 148 72 14020 46 13974 81 471 46 13954 173
is_linear=0
shrinkage=0.1


Tree=111
num_leaves=31
num_cat=0
split_feature=0 4 0 10 0 0 10 8 6 5 10 8 3 8 8 5 6 1 3 6 8 4 9 3 12 12 0 10 5 13
split_gain=141.637 21.7954 9.51384 5.52307 5.34263 4.64847 4.22242 4.27371 3.52931 3.27699 8.01169 6.28465 4.98699 4.85331 5.91832 4.75853 7.62042 4.3753 4.18556 5.78695 3.52948 3.85373 5.78007 6.44126 3.96969 3.09256 3.06373 3.33052 3.03555 2.83874
threshold=31.500000000000004 9.5000000000000018 54.500000000000007 19.500000000000004 37.500000000000007 43.500000000000007 18.500000000000004 0.3246621621621622 11.500000000000002 4.5000000000000009 13.500000000000002 0.33072916666666669 7.5000000000000009 0.28035087719298252 0.22016949152542373 1.5000000000000002 4.5000000000000009 3.5000000000000004 12.500000000000002 5.5000000000000009 0.32392686804451515 21.500000000000004 208.85678815004266 9.5000000000000018 5.5000000000000009 4.5000000000000009 41.500000000000007 19.500000000000004 5.5000000000000009 1.1339285714285716
decision_type=2 2 2 2 2 2 2 2 2 2 2 2 2 2 2 2 2 2 2 2 2 2 2 2 2 2 2 2 2 2
left_child=-1 5 4 -4 8 -2 -6 26 9 15 12 -12 -11 14 -14 16 17 20 19 -18 21 22 23 24 -3 28 27 -8 -5 -7
right_child=1 2 3 25 6 29 7 -9 -10 10 11 -13 13 -15 -16 -17 18 -19 -20 -21 -22 -23 -24 -25 -26 -27 -28 -29 -30 -31
leaf_value=-0.075067211710920845 -0.074632262961044721 0.11340473665700812 0.076660367516094674 0.025642636546960397 0.011799137196271316 0.017864442699977431 -0.0036014785764831542 -0.043244952327974678 -0.070767832402634498 0.17479985661681163 -0.063736449995958358 0.13597588374880329 0.018511931582822071 -0.042996197593021784 0.17972609239944981 -0.023959153009579699 0.19084526012193395 -0.070253134164644057 0.24035186290700691 -0.02033498930583864 -0.083954201801300768 -0.035297239866658225 -0.036776651980475611 0.19363456965443315 -0.049796677738163625 0.047458700584971182 0.005166544799404987 -0.077251043454762247 -0.071906301593260974 -0.076364144285626698
leaf_weight=238.41515347454697 38.358695721253753 3.033650331199178 31.571080600842834 6.7279603406786936 1252.9634675644338 10.938881594687698 16.924761362373832 22.159918829798698 8.8317496180534345 3.4827078431844773 11.231719234958289 1.8328160122036923 5.7882077954709512 4.6126237623393527 3.7540318965911865 100.11918569914997 2.1867518108338109 7.5513759180903426 1.8374333865940569 3.1913227699697018 3.0135714039206496 6.0443731993436804 4.3665046170353881 4.3142501600086689 2.9298334717750549 13.954873532056807 289.47924144379795 9.6357664000242931 6.0662922412157059 4.5174548663198939
leaf_count=11821 1456 28 1123 57 5677 97 80 168 135 39 166 24 51 35 29 1039 25 79 14 39 31 52 53 38 28 134 1634 279 35 47
internal_value=-0.00245433 0.00674723 0.00859416 0.048334 0.00728423 -0.055976 0.0091228 -0.000792503 -0.0091397 -0.0059246 0.0236351 -0.0357189 0.0676 0.0412242 0.0819355 -0.0124731 0.0174203 -0.00396507 0.11005 0.0655319 0.0171539 0.0318817 0.0596096 0.100559 0.0332246 0.0149014 0.00218416 -0.0303205 -0.0206094 -0.00967594
internal_weight=2119.84 1881.42 1827.61 58.3202 1769.29 53.815 1591.16 338.2 178.122 169.29 30.7021 13.0645 17.6376 14.1549 9.54224 138.588 38.4691 31.2536 7.21551 5.37807 23.7022 20.6886 14.6442 10.2777 5.96348 26.7491 316.04 26.5605 12.7943 15.4563
internal_count=24513 12692 11092 1349 9743 1600 7838 2161 1905 1770 344 190 154 115 80 1426 387 309 78 64 230 199 147 94 56 226 1993 359 92 144
is_linear=0
shrinkage=0.1


Tree=112
num_leaves=31
num_cat=0
split_feature=0 4 0 10 2 8 4 0 10 7 5 8 3 8 10 8 0 10 8 10 11 0 12 12 9 5 12 8 9 13
split_gain=158.357 25.4101 4.38619 9.20439 3.89286 3.29405 3.26347 2.96204 2.61513 3.57914 4.89155 3.86606 3.88221 3.49813 5.1118 5.6107 4.67482 3.47537 3.32644 3.1621 3.58478 3.62127 3.278 3.21555 3.15658 3.1274 3.07758 3.04047 4.99634 3.86897
threshold=32.500000000000007 13.500000000000002 15.500000000000002 7.5000000000000009 6.5000000000000009 0.47722567287784684 7.5000000000000009 21.500000000000004 6.5000000000000009 -3.4999999999999996 3.5000000000000004 0.21778656126482207 5.5000000000000009 0.19189852700490997 7.5000000000000009 0.17521929824561402 24.500000000000004 22.500000000000004 0.18942218080149117 7.5000000000000009 1.0000000180025095e-35 23.500000000000004 3.5000000000000004 9.5000000000000018 172.97646198830412 1.5000000000000002 3.5000000000000004 0.2956145966709347 314.6089635854342 0.94987468671679209
decision_type=2 2 2 2 2 2 2 2 2 2 2 2 2 2 2 2 2 2 2 2 2 2 2 2 2 2 2 2 2 2
left_child=1 2 3 -1 5 6 -4 -3 9 27 -11 12 18 14 15 -10 19 24 -12 22 25 -22 -15 -24 26 -21 -16 28 -8 -30
right_child=-2 7 4 -5 -6 -7 8 -9 13 10 11 -13 -14 16 17 -17 -18 -19 -20 20 21 -23 23 -25 -26 -27 -28 -29 29 -31
leaf_value=0.063853607293629877 -0.075319073431060965 0.019539659563358149 0.010657268997516036 0.0076329390227961539 -0.058500778432219049 0.077751668476502445 0.024650604878196553 -0.071132264276362753 -0.031802839468664947 0.0046877183019443424 -0.0080036819638929606 0.01371949510087247 0.12258039585041686 0.085349571733783033 0.11239332449134641 -0.14257711386652291 -0.032502935515788867 0.077076552174182036 0.10286686584437497 0.014533134785546718 0.01773352415516205 -0.08406915125684962 -0.0164629999518426 0.074583203497483361 -0.028832397760742874 -0.099483695205216174 -0.016128935009148034 -0.074665593000837568 -0.13119688700743976 -0.013713966355607888
leaf_weight=43.690955255180597 271.63733185222372 3.9127570427954188 1034.2741377223283 87.323178544640541 8.9301464278250915 6.6862506605684748 18.970751285552982 45.487721983343363 14.167128741741182 241.91035064682364 7.067129138857128 24.137720724567771 8.8694896772503835 10.46213620901108 3.4150988534092894 6.7512836903333655 29.99842089228332 4.3286684956401578 4.3853469341993332 3.9969179928302747 51.66772728972137 3.7475954741239539 11.428038641810419 5.8724309280514708 36.874521745368838 6.0429354794323444 4.0999965704977512 8.5369864609092456 4.4937179721891862 7.451051376760006
leaf_count=1215 12224 49 6040 378 113 48 103 1436 66 1245 40 112 45 42 18 29 363 33 22 27 302 44 49 26 278 38 32 39 22 35
internal_value=-0.00428385 0.00674876 0.00880373 0.0263816 0.00733554 0.00771251 0.00741095 -0.0639506 0.000937572 0.00640045 0.0102907 0.0407769 0.0729147 -0.00829189 -0.026207 -0.0675545 0.001833 -0.00845342 0.0344505 0.0128826 0.000887751 0.0108489 0.0411627 0.0144415 -0.0167939 -0.054093 0.0422757 -0.021837 -0.00724894 -0.057912
internal_weight=2020.62 1748.98 1699.58 131.014 1568.57 1559.64 1552.95 49.4005 518.675 325.823 286.37 44.4597 20.322 192.853 69.6367 20.9184 123.216 48.7183 11.4525 93.2178 65.4552 55.4153 27.7626 17.3005 44.3896 10.0399 7.5151 39.4525 30.9155 11.9448
internal_count=24513 12289 10804 1593 9211 9098 9050 1485 3010 1663 1464 219 107 1347 456 95 891 361 62 528 411 346 117 75 328 65 50 199 160 57
is_linear=0
shrinkage=0.1


Tree=113
num_leaves=31
num_cat=0
split_feature=0 10 0 3 0 10 13 9 11 11 5 2 10 9 8 0 12 10 11 12 0 1 10 9 8 13 0 10 0 4
split_gain=53.0494 13.2293 6.21344 4.83394 13.2896 5.76083 5.19958 3.24743 5.05781 4.55096 3.37668 3.03088 5.29046 4.61602 3.10698 2.96813 3.68591 4.33911 3.95262 2.78094 5.51196 4.18297 3.41572 3.2347 2.8105 2.75527 3.51042 4.40045 6.58791 2.64994
threshold=42.500000000000007 19.500000000000004 49.500000000000007 8.5000000000000018 33.500000000000007 19.500000000000004 0.94987468671679209 139.16703431372551 1.5000000000000002 5.5000000000000009 1.5000000000000002 5.5000000000000009 10.500000000000002 266.96449683321617 0.20948987246811704 37.500000000000007 1.5000000000000002 10.500000000000002 2.5000000000000004 1.5000000000000002 27.500000000000004 3.5000000000000004 10.500000000000002 220.66197916666667 0.26847469967236987 0.84962406015037606 45.500000000000007 20.500000000000004 44.500000000000007 8.5000000000000018
decision_type=2 2 2 2 2 2 2 2 2 2 2 2 2 2 2 2 2 2 2 2 2 2 2 2 2 2 2 2 2 2
left_child=3 -2 25 7 19 15 -7 8 -1 10 -10 -9 13 -13 -15 16 17 -6 -19 20 21 24 -22 -21 -5 29 27 28 -27 -3
right_child=1 2 -4 4 5 6 -8 11 9 -11 -12 12 -14 14 -16 -17 -18 18 -20 23 22 -23 -24 -25 -26 26 -28 -29 -30 -31
leaf_value=-0.012432025449603291 -0.075238233141215791 0.028884826371779734 -0.076757473348265104 0.015007310281193243 -0.080261801981962894 0.097857583539094226 -0.044876297726378439 0.0073435919439068286 0.028350407977919698 -0.019136359429441734 0.12300058675918749 0.030604151011923337 -0.078479356416255225 -0.1157074921699022 -0.0014437638188981869 -0.060462615057596751 -0.034684994919559071 0.23319180068481368 0.021295961820540693 0.013793087464735149 -0.077176218151760068 -0.050371780997965021 0.010995454653976824 -0.011755758720635048 0.10776533163334485 0.014614167434526757 -0.04291238123810133 0.014304928215723219 0.28046619731131722 -0.053034766346591204
leaf_weight=12.651156001724301 99.985376776196063 5.2581569738686111 14.77139112446457 8.8418173193931597 1.6403632424771775 5.885593503713606 4.5062752664089203 2310.0613632779568 5.6583195813000264 4.7739293612539759 11.289398808032272 19.212825248949233 11.271154869347809 4.435390353202818 5.1344631910324097 46.819541528820992 44.444516867399216 1.5960445664823057 1.9630813300609586 249.7634693980217 16.067483663558964 6.0217335373163214 6.0472439080476752 61.821522459387779 5.1802631095051757 2.1400791630148914 8.5750506054609996 23.492021348327398 1.651360394433141 15.85703983530402
leaf_count=59 5562 48 552 35 21 25 24 13812 27 22 47 88 110 19 22 1184 616 21 26 987 60 24 27 243 23 40 225 159 27 378
internal_value=0.00224747 -0.0517272 -0.0189617 0.0055054 -0.00387322 -0.0347791 0.0359632 0.00731702 0.0378317 0.0671065 0.0913998 0.00687071 -0.0204021 0.00234069 -0.0544022 -0.0424 -0.0253651 0.0542999 0.116318 0.00546253 -0.0186419 0.0193386 -0.0530658 0.00872395 0.0492755 -0.00397712 0.012898 0.0304389 0.130406 -0.032635
internal_weight=3016.82 171.73 71.7451 2845.09 460.599 106.855 10.3919 2384.49 34.3728 21.7216 16.9477 2350.12 40.0538 28.7827 9.56985 96.4635 49.644 5.19949 3.55913 353.744 42.1585 20.0438 22.1147 311.585 14.0221 56.9737 35.8585 27.2835 3.79144 21.1152
internal_count=24513 6991 1429 17522 3316 1917 49 14206 155 96 74 14051 239 129 41 1868 684 68 47 1399 169 82 87 1230 58 877 451 226 67 426
is_linear=0
shrinkage=0.1


Tree=114
num_leaves=31
num_cat=0
split_feature=10 0 0 0 1 10 0 9 8 8 5 0 9 8 1 7 7 1 9 12 11 12 8 1 3 12 12 0 5 4
split_gain=64.5537 19.1769 14.9205 3.53423 2.88065 2.88184 14.3907 3.07926 4.51556 2.95088 2.37859 2.86555 6.9864 6.39639 3.4184 2.53349 2.74075 2.48706 4.11362 2.98209 2.33952 5.58429 5.06437 4.66201 4.7081 3.79357 3.77614 2.83262 2.5573 2.66751
threshold=7.5000000000000009 30.500000000000004 19.500000000000004 59.500000000000007 7.5000000000000009 21.500000000000004 32.500000000000007 286.16530388471193 0.12262799856784816 0.11215932914046121 7.5000000000000009 27.500000000000004 347.66613636363644 0.19657494145199064 1.5000000000000002 7.5000000000000009 4.5000000000000009 1.0000000180025095e-35 294.0160294117648 2.5000000000000004 2.5000000000000004 9.5000000000000018 0.28918128654970759 1.5000000000000002 3.5000000000000004 1.5000000000000002 6.5000000000000009 38.500000000000007 5.5000000000000009 7.5000000000000009
decision_type=2 2 2 2 2 2 2 2 2 2 2 2 2 2 2 2 2 2 2 2 2 2 2 2 2 2 2 2 2 2
left_child=1 -1 -2 4 5 7 -7 -4 -9 -8 11 12 -10 -14 -15 16 17 18 -13 -20 21 22 23 24 -11 -22 -24 -25 29 -26
right_child=2 -3 3 -5 -6 6 9 8 10 20 -12 15 13 14 -16 -17 -18 -19 19 -21 25 -23 26 27 28 -27 -28 -29 -30 -31
leaf_value=-0.074751008358013293 -0.063867568480767273 -0.00036675957090557008 0.0071205470883122339 -0.076469776076863061 -0.080200190086721135 -0.065114953587545474 -0.075146336560969293 0.12143419701781606 -0.045066805486770604 0.033095447668139114 -0.035860103902805494 0.091757440007238969 -0.083812632778411597 0.035786154590399875 0.19388581595923199 0.11030718495644994 -0.041099821626380172 0.054077921754851987 -0.075852468173806475 0.016279253095618163 -0.070127339224368063 -0.037912101962838438 -0.052155237919755876 -0.047990684437161431 0.16835133471678587 0.002830655454341708 0.05640077603847285 0.037376276195585596 0.034588445159788282 0.079191956093816226
leaf_weight=134.92713969666511 30.417464563623071 46.639440771192312 2531.8499265313148 5.120381166227161 3.8109893053770056 32.849463049322367 4.4237487241625777 4.6511065587401381 14.982772529125215 30.302327685058117 6.9377079866826525 4.6979463500902083 1.9347698669880617 2.3685621935874224 3.236169658601284 4.278834953904151 4.886484124697744 33.06599157396704 5.311312109231948 10.377359751611946 7.5792235843837252 14.46522982791066 11.251627400517462 7.8273013904690725 6.125482805073263 119.42696308344603 4.4802939705550662 7.7212374433875084 4.8036675527691832 7.4208707511425018
leaf_count=7749 962 426 12341 410 36 945 26 28 146 153 33 26 25 29 18 16 21 141 23 51 44 71 55 38 26 562 21 34 22 35
internal_value=0.00221543 -0.0556437 0.00580502 0.00653676 0.00668377 0.00679845 -0.00327257 0.00778954 0.0253002 0.00572317 0.0204442 0.0250322 -0.00555782 0.0729559 0.127073 0.0360348 0.0305873 0.0371408 0.00966963 -0.0149114 0.00733897 0.0192624 0.0296091 0.0420692 0.057303 -0.00152319 -0.0212396 -0.00559837 0.0972782 0.119509
internal_weight=3108.17 181.567 2926.61 2896.19 2891.07 2887.26 258.677 2628.58 96.729 225.828 92.0779 85.1402 22.5223 7.5395 5.60473 62.6179 58.3391 53.4526 20.3866 15.6887 221.404 94.398 79.9328 64.2009 48.6523 127.006 15.7319 15.5485 18.35 13.5464
internal_count=24513 8175 16338 15376 14966 14930 2032 12898 557 1087 529 496 218 72 47 278 262 241 100 74 1061 455 384 308 236 606 76 72 83 61
is_linear=0
shrinkage=0.1


Tree=115
num_leaves=31
num_cat=0
split_feature=0 4 0 10 3 0 0 2 9 11 0 10 0 1 1 5 10 13 8 8 12 9 4 5 10 12 13 7 12 13
split_gain=128.592 19.2821 7.98249 5.4715 4.73777 4.53693 3.42633 3.56145 6.41402 3.35412 3.38219 3.13863 5.45241 3.10635 3.62747 3.75963 6.61713 6.24652 6.11338 8.44885 3.35849 6.02785 5.22308 3.53741 3.69579 3.42505 3.06822 2.98626 4.23829 2.95178
threshold=31.500000000000004 9.5000000000000018 54.500000000000007 19.500000000000004 4.5000000000000009 43.500000000000007 37.500000000000007 8.5000000000000018 134.65788288288292 2.5000000000000004 47.500000000000007 18.500000000000004 46.500000000000007 1.0000000180025095e-35 2.5000000000000004 1.5000000000000002 9.5000000000000018 0.5634920634920636 0.22016949152542373 0.24807692307692308 1.5000000000000002 166.86956018518524 25.500000000000004 4.5000000000000009 13.500000000000002 4.5000000000000009 1.9285714285714286 -4.4999999999999991 7.5000000000000009 0.94987468671679209
decision_type=2 2 2 2 2 2 2 2 2 2 2 2 2 2 2 2 2 2 2 2 2 2 2 2 2 2 2 2 2 2
left_child=-1 5 4 -4 9 -2 13 26 -9 10 -3 -11 -13 -6 15 16 -15 -18 -19 -20 21 -16 23 -22 25 -25 -8 28 -14 -17
right_child=1 2 3 -5 6 -7 7 8 -10 11 -12 12 27 14 20 29 17 18 19 -21 22 -23 -24 24 -26 -27 -28 -29 -30 -31
leaf_value=-0.074855263397448801 -0.074265991375102078 -0.066852809806317345 0.076464032378095417 0.01263554860077435 -0.051913915344539353 -0.0091631611636640263 0.0083275323101646061 -0.035338839497490976 0.039397384822764593 0.033771890549566641 0.00057886209158220154 -0.074152427459986583 -0.0024077451052911506 0.20625907407188554 -0.03708326906243966 -0.017516965324306286 0.18698929265271691 -0.068877663433925082 0.2059280887392117 -0.0047798933421767179 -0.045765307009627304 0.13942293965790908 0.083638275261889328 -0.016159497401565335 -0.046130151598544313 0.12889296424317775 -0.066606902725052389 -0.044298973161625982 0.12672919431103066 0.026106662126274344
leaf_weight=219.20606636907905 35.499820341356099 20.419086325913668 27.918913375586271 25.878640320152044 13.422163795679806 15.32557664439082 1417.7644010335207 13.465676322579382 78.003986988216639 17.075653528794646 11.70048278570175 11.29086968675256 6.6667666137218493 2.3931511081755188 4.2333748638629904 37.511652428656816 2.1887557320296791 6.3307475112378588 2.7370798140764219 6.2446563057601452 47.379757596179843 3.5634907316416502 4.0698300898075095 2.9034353718161565 5.4392281845211983 3.7052949629724026 5.4853120632469645 5.398903399705886 4.1072567999362946 26.446756063960493
leaf_count=11821 1456 306 1123 226 181 144 6705 60 423 101 58 274 33 19 41 368 17 58 21 57 482 31 28 26 59 29 33 29 18 286
internal_value=-0.00240436 0.00611325 0.00781556 0.0457601 0.00665568 -0.0546353 0.00776292 0.00926799 0.0283951 -0.0176571 -0.0422889 0.000106048 -0.0208257 -0.00576129 -0.00176851 0.0123308 0.050297 0.0289705 0.0063834 0.0594309 -0.0183514 0.0435874 -0.0259569 -0.0334624 0.01492 0.0651666 0.00803873 0.0164034 0.0468216 0.000521373
internal_weight=2083.78 1864.57 1813.75 53.7976 1759.95 50.8254 1683.29 1514.72 91.4697 76.659 32.1196 44.5395 27.4638 168.569 155.147 83.8528 19.8944 17.5012 15.3125 8.98174 71.2944 7.79687 63.4975 59.4277 12.048 6.60873 1423.25 16.1729 10.774 63.9584
internal_count=24513 12692 11092 1349 9743 1600 8924 7221 483 819 364 455 354 1703 1522 826 172 153 136 78 696 72 624 596 114 55 6738 80 51 654
is_linear=0
shrinkage=0.1


Tree=116
num_leaves=31
num_cat=0
split_feature=0 4 0 10 11 10 8 9 9 10 0 0 4 12 0 11 11 10 8 5 4 6 6 0 8 10 1 0 9 9
split_gain=144.432 22.6362 3.65476 10.0414 3.25974 4.70056 5.61962 5.29293 4.60432 5.2969 4.94564 4.0703 3.96909 3.90755 3.73231 6.09721 6.44941 3.63202 3.3716 3.31628 3.04117 2.96861 2.90549 2.87099 2.82522 2.82747 2.78074 3.36693 3.37433 2.97732
threshold=32.500000000000007 13.500000000000002 16.500000000000004 7.5000000000000009 5.5000000000000009 6.5000000000000009 0.22933743169398904 480.64579124579126 238.77703656462589 21.500000000000004 26.500000000000004 18.500000000000004 7.5000000000000009 1.5000000000000002 19.500000000000004 1.5000000000000002 4.5000000000000009 3.5000000000000004 0.15954545454545457 6.5000000000000009 11.500000000000002 4.5000000000000009 8.5000000000000018 21.500000000000004 0.35160160160160164 6.5000000000000009 1.0000000180025095e-35 23.500000000000004 279.69597902097911 279.69597902097911
decision_type=2 2 2 2 2 2 2 2 2 2 2 2 2 2 2 2 2 2 2 2 2 2 2 2 2 2 2 2 2 2
left_child=1 2 3 -1 5 7 8 11 10 12 14 -4 -10 22 -7 -16 18 -6 -17 20 24 -9 -11 -3 -19 -26 -8 28 -28 -29
right_child=-2 23 4 -5 17 6 26 21 9 13 -12 -13 -14 -15 15 16 -18 19 -20 -21 -22 -23 -24 -25 25 -27 27 29 -30 -31
leaf_value=0.05633981824433168 -0.075115671642122739 0.018777522925936079 0.045181710188395473 0.005611624506577614 0.0031688927425270116 -0.0058185442676668463 0.019255291687452245 -0.10855952936352985 -0.021808379205612693 -0.0050957903692147493 -0.081603380634393596 0.008269637392673411 -0.062374673075179445 0.0090946587548566722 -0.017610039850136844 0.24083992387541187 -0.021353997216397937 0.034923915577724771 0.10448012942017822 0.12090589900617262 -0.052654768884682707 0.0046915947548450496 -0.13398237315756925 -0.070490994019168016 0.030735924165341058 -0.075238856253706021 -0.0089216140969197635 0.0032242164391499263 0.032561585937326221 -0.04743197530319887
leaf_weight=56.66145627014339 250.43074990343302 3.9380596987903109 30.999760376289487 125.33498607575893 93.507113862782717 19.304856531322002 100.21493681333959 5.9529553279280645 61.101672697812319 3.4497229680418959 4.9017978738993397 822.44486467540264 39.848890567198396 52.653767658397555 6.9638944789767292 2.5729751549661142 3.1948609799146643 99.777803545817733 6.1412549335509539 3.8434298895299426 4.6598171740770331 3.7869669608771801 3.5478773508220911 42.313683059066534 5.1944736391305906 4.8855244144797325 44.213095601648092 21.322233643382788 35.235218564048409 25.453538652509451
leaf_count=1659 12224 49 773 506 486 89 500 32 264 21 80 4067 266 313 54 23 29 581 50 24 56 23 24 1436 32 26 263 229 164 170
internal_value=-0.00412767 0.00612811 0.00802017 0.021405 0.00640176 0.00451819 -0.00402227 0.00877386 -0.0160742 -0.0238612 0.0129557 0.0096104 -0.0378214 -0.000235771 0.0250965 0.056719 0.100183 0.0178996 0.144742 0.0295371 0.0264706 -0.0645265 -0.070443 -0.0628903 0.0298268 -0.0206274 0.00681846 -0.00305569 0.00947613 -0.0243409
internal_weight=1983.85 1733.42 1687.17 181.996 1505.17 1293.31 430.121 863.185 203.682 160.602 43.0796 853.445 100.951 59.6514 38.1778 18.873 11.9091 211.868 8.71423 118.361 114.518 9.73992 6.9976 46.2517 109.858 10.08 226.439 126.224 79.4483 46.7758
internal_count=24513 12289 10804 2165 8639 7434 2539 4895 1213 888 325 4840 530 358 245 156 102 1205 73 719 695 55 45 1485 639 58 1326 826 427 399
is_linear=0
shrinkage=0.1


Tree=117
num_leaves=31
num_cat=0
split_feature=0 10 0 3 0 13 8 5 13 9 10 2 0 4 2 7 0 3 12 0 13 0 10 4 4 11 12 9 12 0
split_gain=46.9675 13.0565 5.87497 4.16412 11.6038 5.11832 4.99008 4.19602 3.39454 2.76402 4.37878 3.2805 2.84768 2.78534 2.71778 4.86998 3.11924 2.64509 2.62937 2.52234 2.39256 2.99016 3.2044 6.04132 2.40798 5.49388 2.38861 4.79397 2.38209 4.71094
threshold=42.500000000000007 19.500000000000004 49.500000000000007 8.5000000000000018 33.500000000000007 0.51315789473684215 0.28345771144278614 9.5000000000000018 0.43650793650793651 139.16703431372551 12.500000000000002 3.5000000000000004 26.500000000000004 15.500000000000002 5.5000000000000009 2.5000000000000004 24.500000000000004 7.5000000000000009 7.5000000000000009 37.500000000000007 0.84962406015037606 45.500000000000007 20.500000000000004 15.500000000000002 8.5000000000000018 3.5000000000000004 1.5000000000000002 157.91116709732992 1.5000000000000002 27.500000000000004
decision_type=2 2 2 2 2 2 2 2 2 2 2 2 2 2 2 2 2 2 2 2 2 2 2 2 2 2 2 2 2 2
left_child=3 -2 20 9 28 6 8 19 -6 10 11 12 -1 -13 -11 16 -16 -17 -19 26 24 22 23 -22 25 -3 27 -7 29 -5
right_child=1 2 -4 4 5 7 -8 -9 -10 14 -12 13 -14 -15 15 17 -18 18 -20 -21 21 -23 -24 -25 -26 -27 -28 -29 -30 -31
leaf_value=0.040241770945000255 -0.075054126957758413 -0.082789752467239019 -0.076620174147124576 0.017806112436357706 -0.092557034169220981 0.15358760695592194 0.17579179279178411 0.13685249973347485 0.077206681046149417 0.0068691315131740611 0.11947631120526883 0.0034551287569979904 -0.052923817525705609 0.088689892911017851 0.0035755239489800245 0.043915488624427242 -0.094546519158888662 -0.052833481231241909 0.044233154548270405 -0.058075419540953778 0.21589808568499411 -0.041122623455354085 0.013308901152105019 -0.02487634526925395 -0.05140962182040603 0.12074325589134978 -0.03305337457340584 -0.044929689678596681 0.0080229878231470979 -0.049700086756613499
leaf_weight=5.4545332649722722 91.76941552432254 2.4629316627979305 13.632854136638342 19.765239104628563 2.3533436283469191 2.130228664726018 2.166077071800828 1.3358413018286217 2.3580778613686562 2302.0876085478812 5.203582599759101 6.8282272880896917 8.2324792779982072 8.7429804317653161 4.6963170738890758 11.164259131997824 10.446001324802635 8.9207523055374605 4.0611341856420049 46.948057383298874 2.3248501569032696 8.1840720418840629 23.628951363265514 1.8887105528265236 15.000835660845039 2.873452290892601 42.664071686565876 2.8358977884054184 310.89601301401854 21.673070073127747
leaf_count=29 5562 25 552 82 41 25 27 16 37 13812 22 32 34 38 24 55 94 45 21 1143 25 225 159 42 378 23 590 38 1230 87
internal_value=0.00216461 -0.0502423 -0.0177126 0.00515923 -0.00360345 -0.0331654 0.0501664 -0.0391407 -0.00758988 0.00683785 0.0349522 0.0199196 -0.0157956 0.0513131 0.00642405 -0.0196555 -0.0641144 0.00822517 -0.022468 -0.0416265 -0.00346448 0.0120153 0.0276348 0.107972 -0.0308864 0.0268055 -0.0254131 0.0402247 0.00502109 -0.017501
internal_weight=2992.73 161.766 69.9967 2830.96 455.126 102.792 6.8775 95.9141 4.71142 2375.84 34.4618 29.2582 13.687 15.5712 2341.38 39.2885 15.1423 24.1461 12.9819 94.5783 56.3638 36.0266 27.8425 4.21356 20.3372 5.33638 47.6302 4.96613 352.334 41.4383
internal_count=24513 6991 1429 17522 3316 1917 105 1812 78 14206 155 133 63 70 14051 239 118 121 66 1796 877 451 226 67 426 48 653 63 1399 169
is_linear=0
shrinkage=0.1


Tree=118
num_leaves=31
num_cat=0
split_feature=10 0 0 0 10 0 9 12 6 8 8 9 3 3 9 12 12 11 6 6 4 8 8 12 4 13 2 0 12 8
split_gain=57.4696 18.6596 13.3957 3.10747 2.40585 13.012 2.67748 3.49858 5.59163 3.52563 2.58214 2.20377 6.89494 3.78668 5.85732 4.85214 8.30475 3.24006 3.21667 3.54958 2.78042 2.21413 4.10574 2.16439 2.73381 2.22574 3.88338 2.34959 2.19041 2.12719
threshold=7.5000000000000009 30.500000000000004 19.500000000000004 59.500000000000007 21.500000000000004 32.500000000000007 334.09273657628927 7.5000000000000009 6.5000000000000009 0.19189852700490997 0.11215932914046121 245.46350609756101 3.5000000000000004 3.5000000000000004 261.99600202429156 8.5000000000000018 6.5000000000000009 1.0000000180025095e-35 5.5000000000000009 6.5000000000000009 8.5000000000000018 0.28918128654970759 0.25472370766488417 11.500000000000002 6.5000000000000009 1.297058823529412 1.5000000000000002 34.500000000000007 4.5000000000000009 0.16405676535356004
decision_type=2 2 2 2 2 2 2 2 2 2 2 2 2 2 2 2 2 2 2 2 2 2 2 2 2 2 2 2 2 2
left_child=1 -1 -2 4 6 -6 -4 8 9 -8 -7 12 -12 14 -13 16 17 -15 -16 -20 -14 22 -19 24 -3 26 27 -26 -27 -28
right_child=2 23 3 -5 5 10 7 -9 -10 -11 11 13 20 15 18 -17 -18 21 19 -21 -22 -23 -24 -25 25 28 29 -29 -30 -31
leaf_value=-0.0745312295812917 -0.062837283486931683 -0.057873289832931364 0.0068335160861873433 -0.07636941688160577 -0.064106751483370597 -0.071565202319323257 0.013742915748642887 -0.023787772586763553 -0.020844822935790208 0.14254355636919661 0.11952297250129694 -0.077020201139250427 -0.054135099841599858 0.080066137504715654 -0.040278632055993496 -0.021943003875242451 0.13800870299464502 0.0074398299706966604 0.057812090471232438 -0.0011987758547450421 0.039267921088373722 -0.029419508837682986 0.08953898404576939 0.056489589018554401 -0.030756136391852363 0.091242210885021033 -0.1122454046385914 0.066993336983728738 -0.0030673421738486254 -0.021518376512333567
leaf_weight=124.14046415127814 28.473370507359505 8.7760208752006275 2601.7721740645356 4.5627649975940576 30.70059915445745 4.287738684564828 2.9205599222332257 5.8476164676249018 4.970296334475278 7.8038237784057856 6.8726567775011089 11.241325210779904 6.0170222111046296 7.9728568568825713 17.227544914931059 21.763576202094555 6.7017393037676802 34.515339232981205 11.877138890326021 71.89771743118763 6.7762467712163925 10.501586891710756 7.3967649564146987 5.8731993474066249 3.8866154812276417 4.9860946200788003 3.9597494658082706 6.6946998834609985 4.8662130832672119 7.4393634460866451
leaf_count=7749 962 148 12794 410 945 26 28 38 22 52 29 58 29 40 86 95 31 154 57 370 31 49 32 30 56 39 29 28 39 57
internal_value=0.00211203 -0.0542955 0.00541699 0.00609094 0.00622163 -0.00303655 0.00712422 0.0422339 0.0668326 0.107467 0.00529448 0.00678728 0.0387369 0.0036628 -0.00854621 0.0190861 0.032396 0.020675 -0.000925215 0.00716746 -0.00466206 0.0116408 0.0219289 -0.000251502 -0.0084579 0.00516551 -0.0125377 0.031089 0.0446612 -0.0530345
internal_weight=3082.72 170.622 2912.1 2883.63 2879.06 255.75 2623.31 21.5423 15.6947 10.7244 225.049 220.762 19.6659 201.096 112.244 88.8519 67.0883 60.3865 101.002 83.7749 12.7933 52.4137 41.9121 46.482 40.6088 31.8327 21.9804 10.5813 9.85231 11.3991
internal_count=24513 8175 16338 15376 14966 2032 12934 140 102 80 1087 1061 89 972 571 401 306 275 513 427 60 235 186 426 396 248 170 84 78 86
is_linear=0
shrinkage=0.1


Tree=119
num_leaves=31
num_cat=0
split_feature=0 4 0 10 0 13 0 1 13 11 7 12 2 6 10 13 1 13 0 4 11 11 4 3 1 8 4 12 13 8
split_gain=117.18 17.0238 6.61171 5.43518 4.47954 4.35081 3.52796 3.5297 5.53322 4.09129 5.81279 3.38955 4.12059 3.2375 3.12022 4.92267 5.38772 4.44408 4.24423 4.19785 3.7624 5.77637 4.256 5.26995 4.97162 4.11276 5.72182 5.04058 5.5059 4.65622
threshold=31.500000000000004 9.5000000000000018 54.500000000000007 19.500000000000004 43.500000000000007 1.9285714285714286 37.500000000000007 5.5000000000000009 1.4365079365079367 2.5000000000000004 11.500000000000002 3.5000000000000004 7.5000000000000009 11.500000000000002 15.500000000000002 1.5857142857142861 4.5000000000000009 1.5634920634920637 50.500000000000007 19.500000000000004 3.5000000000000004 4.5000000000000009 25.500000000000004 14.500000000000002 2.5000000000000004 0.27675941080196403 19.500000000000004 11.500000000000002 0.82843137254901966 0.26209992193598758
decision_type=2 2 2 2 2 2 2 2 2 2 2 2 2 2 2 2 2 2 2 2 2 2 2 2 2 2 2 2 2 2
left_child=-1 4 5 -4 -2 6 13 14 9 10 -9 -11 -13 -3 15 18 19 20 -8 -17 22 -22 -16 24 -24 27 -27 29 -29 -23
right_child=1 2 3 -5 -6 -7 7 8 -10 11 -12 12 -14 -15 17 16 -18 -19 -20 -21 21 25 23 -25 -26 26 -28 28 -30 -31
leaf_value=-0.074645292728764842 -0.073897477542895301 -0.0039972995353962882 0.076295627625614579 0.010273051496151474 -0.0081925745842082159 -0.05116863358748195 0.011694005579988002 0.081656232384356431 0.085145286153527761 0.037025685791914127 -0.056343651872201396 -0.12920904538733463 -0.0078597408893936061 -0.069080612367746694 -0.0031908386431824783 -0.042161107136405612 -0.1236128195841634 0.04237582628802336 0.051554939593985431 0.06276597466725517 0.028304343254947264 0.0016503120028441563 -0.028442270849969677 0.03570051045764415 -0.18234404249476047 -0.0033287571840460474 0.064589734742705338 0.016221389207651041 -0.1458646614315533 -0.060561483623909541
leaf_weight=202.05728538380936 32.902442382648587 164.88211925327778 24.747474422678351 25.131181862205267 15.15572130307555 13.162864018231629 692.03365197405219 12.813491575419905 14.915794823318718 6.9689722172915962 4.0067504290491334 4.3005125410854808 8.01042592525482 8.0146264731883985 412.49579787999392 11.517316266894346 5.1952586770057669 27.252082623541355 27.784285858273506 5.6998215653002253 107.77296228148043 138.51543813571334 4.1016894131898862 3.7250914722681037 4.2989028096199036 30.251614456996322 21.024408303201199 3.4673696924000961 5.2978603225201368 13.174923542886971
leaf_count=11821 1456 1729 1123 226 144 144 2775 71 72 33 18 24 46 132 2229 51 22 137 366 29 584 769 26 35 27 183 111 19 30 81
internal_value=-0.0023408 0.0055622 0.00712998 0.0430304 -0.0531766 0.00610714 0.00654105 0.00803895 0.0339102 0.012741 0.0487833 -0.0187031 -0.05025 -0.00701424 0.00716697 0.0117956 -0.0343573 0.00271326 0.0132326 -0.00742446 0.0012607 0.00945802 -0.00490734 -0.0632998 -0.1072 -0.000134905 0.0245195 -0.00801358 -0.0817463 -0.00375303
internal_weight=2050.68 1848.62 1800.56 49.8787 48.0582 1750.68 1737.52 1564.62 51.0159 36.1002 16.8202 19.2799 12.3109 172.897 1513.61 742.23 22.4124 771.378 719.818 17.2171 744.126 319.505 424.621 12.1257 8.40059 211.732 51.276 160.456 8.76523 151.69
internal_count=24513 12692 11092 1349 1600 9743 9599 7738 264 192 89 103 70 1861 7474 3243 102 4231 3141 80 4094 1777 2317 88 53 1193 294 899 49 850
is_linear=0
shrinkage=0.1


Tree=120
num_leaves=31
num_cat=0
split_feature=0 4 3 8 10 0 8 9 10 4 3 8 5 9 11 12 11 9 0 6 11 6 0 8 9 9 9 4 7 8
split_gain=131.937 20.2052 3.3377 3.44429 3.89032 9.1334 3.81682 8.08077 4.6772 4.52628 6.17733 3.82527 5.8481 4.49529 4.01761 3.85963 3.7507 3.52698 3.7232 3.52463 4.88527 3.43643 3.33536 3.31004 3.40243 5.10571 4.21132 4.44489 4.39392 4.68521
threshold=32.500000000000007 13.500000000000002 1.5000000000000002 0.072299651567944212 6.5000000000000009 18.500000000000004 0.22933743169398904 225.86830065359479 8.5000000000000018 7.5000000000000009 5.5000000000000009 0.2956145966709347 5.5000000000000009 398.16666666666669 3.5000000000000004 2.5000000000000004 3.5000000000000004 195.60976535541758 23.500000000000004 3.5000000000000004 1.5000000000000002 7.5000000000000009 18.500000000000004 0.47213622291021667 344.52549206349209 322.07002314814821 315.80716911764711 5.5000000000000009 1.0000000180025095e-35 0.27100988700564976
decision_type=2 2 2 2 2 2 2 2 2 2 2 2 2 2 2 2 2 2 2 2 2 2 2 2 2 2 2 2 2 2
left_child=1 2 -1 21 5 -5 7 8 16 10 -9 12 13 14 15 -8 -6 -13 19 20 22 -4 -19 24 25 26 27 -7 29 -28
right_child=-2 -3 3 4 6 23 11 9 -10 -11 -12 17 -14 -15 -16 -17 -18 18 -20 -21 -22 -23 -24 -25 -26 -27 28 -29 -30 -31
leaf_value=0.017327576821051505 -0.074914892120132706 -0.06180364193395365 0.042465135993595249 0.053595263378233463 0.028700552500524341 0.038197347607483521 0.033621726254395537 -0.016209131468353923 -0.0079391948449896096 -0.045064976343528046 0.08796444987700601 -0.046829451696055645 0.093682621193206222 0.08287791961142045 0.02581242686098556 -0.023277465530645317 0.11235846385876302 -0.010631928443462257 -0.030213685185802992 0.031525033504541208 -0.030589469779109375 -0.045510423583205513 0.089479401562048921 0.098875686301357055 -0.0038266479860369512 0.027532032710481331 -0.034019142708957166 0.0040884634109190103 -0.091918522235058642 0.052307957787485461
leaf_weight=278.17633381672204 231.00391599955037 43.376492349430919 39.731017261743546 42.830844454467297 19.480737477540973 43.207431487739086 15.546503480523823 115.64965195022523 25.724515020847321 57.825548050925136 5.9869485497474662 18.79039840400219 9.2598010115325433 8.2806230243295413 59.020141907036304 51.129068775102496 7.3930067904293528 6.3685005232691747 30.410789780318737 41.365079985931516 31.298888048157096 4.9986072294414035 6.970456101000309 3.8349651843309394 253.0111138522625 129.59120324999094 21.916964292526249 330.02266459539533 8.131885848939417 8.8156262971460801
leaf_count=2034 12224 1485 330 1397 118 240 97 619 214 413 29 128 68 41 328 321 47 30 230 215 170 39 34 22 1228 614 107 1604 41 46
internal_value=-0.00396026 0.00557956 0.00732478 0.00533241 0.00442908 0.0086077 -0.00245776 -0.0119292 0.0225396 -0.0220317 -0.0110817 0.00543606 0.0168237 0.0115116 0.00681008 -0.0100105 0.051715 -0.00662808 -0.00013916 0.0104952 -0.00899267 0.0326337 0.0416826 0.0061947 0.00574745 0.0102193 0.00477501 0.00803712 -0.0265523 -0.00925626
internal_weight=1949.15 1718.15 1674.77 1396.59 1351.86 841.363 510.501 232.06 52.5983 179.462 121.637 278.44 143.236 133.976 125.696 66.6756 26.8737 135.204 116.414 86.0029 44.6378 44.7296 13.339 798.532 794.697 541.686 412.095 373.23 38.8645 30.7326
internal_count=24513 12289 10804 8770 8401 5299 3102 1440 379 1061 648 1662 855 787 746 418 165 807 679 449 234 369 64 3902 3880 2652 2038 1844 194 153
is_linear=0
shrinkage=0.1


Tree=121
num_leaves=31
num_cat=0
split_feature=0 10 0 0 10 2 9 0 10 8 7 13 9 9 7 9 5 5 1 8 9 8 5 8 13 0 13 9 0 12
split_gain=41.6322 12.7853 5.52292 3.64881 11.2222 3.77025 3.79911 4.87333 4.16867 4.92073 4.08079 5.02357 9.2829 3.31099 3.27492 3.5394 4.42417 4.58948 2.87443 2.72154 6.51515 5.47851 2.62144 2.8112 3.53124 3.34414 3.09704 4.10738 2.69674 4.49168
threshold=42.500000000000007 19.500000000000004 49.500000000000007 34.500000000000007 18.500000000000004 3.5000000000000004 159.91745267072346 36.500000000000007 10.500000000000002 0.28345771144278614 2.5000000000000004 1.2344322344322347 151.26527126328958 318.48066603535364 1.5000000000000002 206.07898769913291 4.5000000000000009 6.5000000000000009 2.5000000000000004 0.2965856481481482 180.46468456948 0.33072916666666669 5.5000000000000009 0.099019607843137264 1.9285714285714286 22.500000000000004 1.4833333333333336 291.64493055555562 12.500000000000002 9.5000000000000018
decision_type=2 2 2 2 2 2 2 2 2 2 2 2 2 2 2 2 2 2 2 2 2 2 2 2 2 2 2 2 2 2
left_child=3 -2 -3 22 5 13 7 8 -7 -10 11 12 -9 19 15 16 -6 -18 -16 -5 21 -21 23 24 26 -26 -1 -28 29 -25
right_child=1 2 -4 4 14 6 -8 10 9 -11 -12 -13 -14 -15 18 -17 17 -19 -20 20 -22 -23 -24 28 25 -27 27 -29 -30 -31
leaf_value=-0.011922248972596071 -0.074871368568325478 -0.0031771469132803399 -0.076493064976902392 -0.025749020210681157 0.10936720149054353 -0.078813981619177603 -0.05083629633654313 -0.0029101403250599896 0.14290249718311321 -0.079811792610059551 -0.061896419044273877 -0.077817556067401525 0.42950602171992369 0.051263871828524703 -0.013961960587151843 0.0066831358582640056 -0.05518084313768034 0.079100566486027687 -0.12390923722558633 0.27204615778553326 -0.012083471220449645 -0.0013882879665930322 0.019983358523906605 -0.065845386355272567 0.059007319975447892 -0.044038881599415318 -0.01081658619000537 -0.1525461760566118 0.0068403335545157264 0.045380487119073068
leaf_weight=83.501598409377038 84.252857361920178 55.805555017665029 12.593436472117899 51.971130816265941 7.7341433279216316 1.6947877705097223 65.118543976917863 1.3388063739985261 4.9435842074453831 1.2411063537001608 12.916424682363866 1.5828950218856332 0.78904925473034371 8.4337741415947658 8.6323503609746677 321.91000144556165 5.3187625762075168 4.8810526188462973 3.2818542439490548 1.7091242875903838 10.71750866062939 1.2826671004295347 136.1934768743813 12.196138989180328 12.267922623082997 4.2370529025793067 4.430604753084479 3.7972221737727523 2040.4933575559407 5.1697834758087984
leaf_count=600 5562 877 552 686 41 28 1332 34 75 18 344 37 21 51 50 1274 42 31 25 28 127 21 721 306 118 19 29 22 11359 83
internal_value=0.00206802 -0.0487956 -0.0166759 0.00482353 -0.00278128 -0.0244071 -0.0382059 -0.00464484 0.0601338 0.0982095 -0.0353429 0.057085 0.157438 -0.00772028 0.00728527 0.00909191 0.0523288 0.00907862 -0.0442477 -0.0152942 0.0243393 0.154817 0.0065263 0.00568018 -0.0100282 0.032554 -0.0176901 -0.0762262 0.00650637 -0.0327338
internal_weight=2970.44 152.652 68.399 2817.78 515.498 163.739 89.6252 24.5067 7.87948 6.18469 16.6272 3.71075 2.12786 74.1142 351.758 339.844 17.934 10.1998 11.9142 65.6804 13.7093 2.99179 2302.29 2166.09 108.234 16.505 91.7294 8.22783 2057.86 17.3659
internal_count=24513 6991 1429 17522 4265 2802 1889 557 121 93 436 92 55 913 1463 1388 114 73 75 862 176 49 13257 12536 788 137 651 51 11748 389
is_linear=0
shrinkage=0.1


Tree=122
num_leaves=31
num_cat=0
split_feature=10 0 0 0 7 0 10 8 7 5 11 0 8 8 13 7 8 9 8 5 12 4 8 13 4 13 0 0 13 11
split_gain=51.1484 17.9708 12.0183 2.73873 2.2047 6.8624 10.9227 6.74168 6.87644 4.31638 3.86794 6.03457 3.42015 4.20519 3.118 5.52483 4.77231 6.35284 4.86573 4.58282 4.02793 3.70281 4.12485 3.53409 5.24754 4.22779 6.45239 3.28147 3.27902 5.18888
threshold=7.5000000000000009 29.500000000000004 19.500000000000004 59.500000000000007 -1.4999999999999998 32.500000000000007 19.500000000000004 0.10889328063241101 -2.4999999999999996 5.5000000000000009 1.0000000180025095e-35 40.500000000000007 0.063164893617021267 0.077677224736048267 0.53939393939393943 7.5000000000000009 0.26043478260869574 288.39128787878792 0.30839160839160845 2.5000000000000004 9.5000000000000018 16.500000000000004 0.21294035577258458 0.43650793650793651 17.500000000000004 0.29670329670329676 44.500000000000007 53.500000000000007 0.4660633484162896 2.5000000000000004
decision_type=2 2 2 2 2 2 2 2 2 2 2 2 2 2 2 2 2 2 2 2 2 2 2 2 2 2 2 2 2 2
left_child=1 -1 -2 4 5 6 9 -7 -9 -4 11 -10 -6 -14 15 16 17 19 -18 20 21 -15 -23 25 -25 -21 -27 -16 29 -17
right_child=2 -3 3 -5 12 7 -8 8 10 -11 -12 -13 13 14 27 28 18 -19 -20 23 -22 22 -24 24 -26 26 -28 -29 -30 -31
leaf_value=-0.075158808719596432 -0.061770290533156295 -0.0022769554698249869 0.033997345841140933 -0.076280277562305349 0.086604454180220933 -0.05475763546965251 -0.069553118915371984 0.0096525261212105327 0.0926759907433643 -0.042676585964736176 -0.020981459470321456 -0.014391506490244744 -0.078672029230573634 -0.084805955648469641 0.0094440486912097318 -0.091728679126147683 -0.052910534434588097 0.11949699467333996 0.012083675883727172 0.011812161295991826 0.049459125569755638 -0.043782280082291708 0.056718172213842614 0.051074690258964307 -0.042941116107268001 0.035900140952697446 0.16939083271605423 -0.029286904633676281 -0.10233060264041434 0.035345727861326809
leaf_weight=111.47001443197951 26.683052211999893 48.57511094212532 24.042974073439837 4.0738779888488343 5.4773245360702267 18.980909839272499 33.442227888852358 698.90289874142036 8.1653174236416834 10.569987088441847 125.2333605485037 14.816150232218204 5.6501565873622885 10.228645414114 1736.7909634578973 5.8325060810893792 26.413543187081814 5.4221969638019791 20.426105909049511 15.964693812653422 6.712559361010789 12.009827310219409 6.1881089294329277 10.3605072228238 13.904351706616579 9.8334602154791337 5.7313396995887169 22.154260749462992 8.2518773390911502 7.1556626269593835
leaf_count=7617 962 558 134 410 27 92 938 3294 35 37 606 67 19 53 8040 28 138 39 100 71 32 52 30 44 79 43 32 867 38 31
internal_value=0.00199506 -0.0530385 0.00503286 0.00565335 0.00576971 0.00178027 -0.0287958 0.00418284 0.00550349 0.0105829 -0.0140612 0.0236496 0.00769617 0.00747211 0.00772517 -0.00544327 0.00161625 0.0143445 -0.0245675 0.00807443 -0.0202137 -0.036666 -0.00960765 0.0258902 -0.00279864 0.0479689 0.0850547 0.00895622 -0.0530369 -0.0217187
internal_weight=3059.46 160.045 2899.42 2872.74 2868.66 934.154 68.0552 866.099 847.118 34.613 148.215 22.9815 1934.51 1929.03 1923.38 164.435 143.195 96.3557 46.8396 90.9335 35.1391 28.4266 18.1979 55.7944 24.2649 31.5295 15.5648 1758.95 21.24 12.9882
internal_count=24513 8175 16338 15376 14966 5203 1109 4094 4002 171 708 102 9763 9736 9717 810 713 475 238 436 167 135 82 269 123 146 75 8907 97 59
is_linear=0
shrinkage=0.1


Tree=123
num_leaves=31
num_cat=0
split_feature=0 4 0 3 0 11 7 5 12 4 2 9 13 0 5 12 4 13 11 8 10 10 9 0 10 13 12 2 9 9
split_gain=106.875 15.0692 5.54678 4.40828 4.39253 2.90628 2.89847 4.02154 3.29075 3.03738 2.65627 6.20319 2.66569 2.61786 5.14274 4.06322 3.83889 3.23435 7.26461 2.7442 3.65477 2.63323 2.59817 3.83537 2.55797 2.5463 3.42466 2.51261 2.4488 2.38552
threshold=31.500000000000004 9.5000000000000018 56.500000000000007 4.5000000000000009 43.500000000000007 1.5000000000000002 -7.4999999999999991 4.5000000000000009 7.5000000000000009 13.500000000000002 8.5000000000000018 137.05471014492755 1.9285714285714286 51.500000000000007 4.5000000000000009 9.5000000000000018 14.500000000000002 0.74342105263157909 2.5000000000000004 0.3917306052855925 12.500000000000002 17.500000000000004 240.47593750000001 47.500000000000007 12.500000000000002 1.1339285714285716 5.5000000000000009 2.5000000000000004 266.96449683321617 284.01331521739138
decision_type=2 2 2 2 2 2 2 2 2 2 2 2 2 2 2 2 2 2 2 2 2 2 2 2 2 2 2 2 2 2
left_child=-1 4 3 5 -2 22 7 -7 -9 -10 12 24 13 19 27 16 -16 -17 -19 -5 -21 -20 -3 -24 -12 26 29 -15 -4 -6
right_child=1 2 28 10 25 6 -8 8 9 -11 11 -13 -14 14 15 17 -18 18 21 20 -22 -23 23 -25 -26 -27 -28 -29 -30 -31
leaf_value=-0.074433538203320784 -0.073522077662190558 -0.080729353396757478 0.061104037318468356 0.0055386377042418791 0.15304129294849278 0.1389546542828505 -0.02100639839101217 -0.024809560477830825 0.16062964006107827 -0.0026520474443674749 -0.058859712582219365 0.035056282799448557 -0.062209714650884575 0.00068801773815142494 -0.11262733441527613 0.0092525704613317297 0.020780654963111947 -0.22964254089464725 0.079793075727694993 0.032513819249888561 -0.080362619304876967 -0.10033734096325508 -0.067717034215082628 0.062186304773624537 0.017269080187162701 -0.074035151845954175 -0.0321268713927211 0.05552377969334487 -0.087653922991714359 0.012358975564366196
leaf_weight=186.16877085110173 30.504715562798083 11.67681851424277 23.133612675592307 1469.7045222753659 2.3474608734250051 2.7605124134570387 38.308945072814822 9.9941233517602068 2.2436397019773713 2.3145155198872089 11.313471911475064 79.550020169466734 5.7159528229385606 10.535740042105315 2.2853580452501765 4.210342809557913 38.391337728127837 2.6168850548565388 1.7070043198764326 4.3915894068777552 8.2708194497972709 1.5470561664551494 5.0855752024799568 4.1093808896839619 7.236945552751421 4.1593758501112452 6.0549572519958019 40.387820204719901 1.1621977351605881 2.4773309342563152
leaf_count=11821 1456 112 828 7462 27 28 407 108 27 17 55 512 44 69 13 31 438 35 25 31 44 18 109 21 39 47 47 601 18 23
internal_value=-0.00224098 0.00508648 0.00653283 0.00587935 -0.0517164 -0.0176006 -0.00566038 0.0282966 0.00730518 0.0777193 0.00694346 0.0229132 0.005958 0.00620398 0.0217259 -0.000800045 0.0132853 -0.0576327 -0.105599 0.00513927 -0.0412147 -0.00584512 -0.0494206 -0.00966104 -0.0291601 -0.00748655 0.0179553 0.0441786 0.0539882 0.0808067
internal_weight=2020.37 1834.2 1788.65 1764.36 45.5438 76.4935 55.6217 17.3128 14.5523 4.55816 1687.86 98.1004 1589.76 1584.05 101.682 50.758 40.6767 10.0813 5.87095 1482.37 12.6624 3.25406 20.8718 9.19496 18.5504 15.0391 10.8797 50.9236 24.2958 4.82479
internal_count=24513 12692 11092 10246 1600 829 587 180 152 44 9417 606 8811 8767 1230 560 451 109 78 7537 75 43 242 130 94 144 97 670 846 50
is_linear=0
shrinkage=0.1


Tree=124
num_leaves=31
num_cat=0
split_feature=0 4 0 10 2 0 10 0 8 6 10 10 1 9 11 4 11 8 8 11 8 1 3 12 6 8 11 5 13 9
split_gain=120.652 18.0124 2.95752 3.09241 2.93758 2.68669 9.27741 3.59392 2.68543 2.51093 2.34749 4.92646 6.41643 2.7713 3.16754 2.93175 2.66025 3.53557 3.62142 6.59679 3.31105 3.15956 3.43344 2.94432 2.50543 3.06807 5.15973 3.13884 2.50292 5.49366
threshold=32.500000000000007 13.500000000000002 21.500000000000004 5.5000000000000009 6.5000000000000009 19.500000000000004 6.5000000000000009 17.500000000000004 0.1575187969924812 3.5000000000000004 22.500000000000004 7.5000000000000009 1.0000000180025095e-35 254.67365151515153 3.5000000000000004 6.5000000000000009 5.5000000000000009 0.32173123486682814 0.27543103448275869 1.5000000000000002 0.23294573643410851 1.5000000000000002 2.5000000000000004 1.5000000000000002 10.500000000000002 0.19189852700490997 2.5000000000000004 3.5000000000000004 0.53939393939393943 277.57591431556955
decision_type=2 2 2 2 2 2 2 2 2 2 2 2 2 2 2 2 2 2 2 2 2 2 2 2 2 2 2 2 2 2
left_child=1 4 9 -4 5 6 7 -1 -6 -3 11 -7 28 14 -12 16 17 18 21 -20 -18 22 23 -15 25 27 -27 -25 -13 -30
right_child=-2 2 3 -5 8 10 -8 -9 -10 -11 13 12 -14 15 -16 -17 20 -19 19 -21 -22 -23 -24 24 -26 26 -28 -29 29 -31
leaf_value=0.063825149144341245 -0.074714791508191672 -0.078617264140235787 0.044537092593042858 -0.076556075439877691 0.055003660226869068 0.0057148611373743791 0.005391310591336497 0.025196049633800038 -0.079887966939103938 0.088929506212453213 0.027741475580173876 0.035137236945852447 -0.032778176178209793 -0.073593102923680431 0.14285797787856799 -0.026720864441803622 0.0088003269287284351 -0.048139814802046633 -0.024135545375249423 0.11960053943787177 0.11114803288279343 -0.059001872291951453 0.057384021563555321 0.0017405018733075265 0.084501501778844121 -0.032829407432671161 0.081519799211574123 -0.11754006424307269 0.048319506829773706 -0.040906166479583422
leaf_weight=39.541439827531576 213.24650540668517 1.4628693088889115 2.245201848447322 34.740066323429346 1.8776513021439294 994.25734333880246 308.01366545632482 61.612714134156704 6.896916039288044 2.3020158708095551 7.0413649920374137 24.871771223843098 79.699480556882918 4.6840423084795466 3.6186649799346924 15.584508713334797 6.0007158927619439 8.3551088441163284 5.0528363659977904 8.6749248765408975 6.6791413612663746 6.0338183268904677 15.074005983769892 5.5170237831771427 4.079401656985282 7.5809181407093993 8.2298335805535299 3.6761150658130646 10.952717982232572 18.651480030268431
leaf_count=1630 12224 29 17 1419 21 4466 1643 1128 93 20 36 149 826 21 26 134 27 45 24 40 33 31 80 28 23 34 39 20 103 104
internal_value=-0.00380468 0.00507452 -0.0606098 -0.0692051 0.00668476 0.006991 0.0140205 0.0402963 -0.0510228 0.0238282 0.0046795 0.0032876 -0.0146987 0.0182334 0.066819 0.0133112 0.0202713 0.0132786 0.0207587 0.066695 0.0627122 0.00926707 0.017701 -1.38809e-05 0.0118365 -1.88403e-05 0.0266918 -0.0459569 0.0117519 -0.00789518
internal_weight=1916.25 1703.01 40.7502 36.9853 1662.26 1653.48 409.168 101.154 8.77457 3.76489 1244.32 1128.43 134.175 115.882 10.66 105.222 89.6379 76.958 68.6029 13.7278 12.6799 54.8752 48.8413 33.7673 29.0833 25.0039 15.8108 9.19314 54.476 29.6042
internal_count=24513 12289 1485 1436 10804 10690 4401 2758 114 49 6289 5648 1182 641 62 579 445 385 340 64 60 276 245 165 144 121 73 48 356 207
is_linear=0
shrinkage=0.1


Tree=125
num_leaves=31
num_cat=0
split_feature=0 10 0 0 10 9 9 8 11 10 8 8 0 10 9 6 0 12 12 9 0 5 8 0 11 4 11 8 9 9
split_gain=36.8746 7.34748 4.33809 4.25765 11.8369 3.65921 3.12825 4.26335 2.92591 3.45793 5.82157 5.45007 3.88645 4.76407 5.37227 4.9557 7.49617 4.90899 5.92015 6.85476 4.56998 4.29003 4.15899 4.26563 4.14723 4.97544 3.5617 3.52648 4.34347 4.26675
threshold=43.500000000000007 19.500000000000004 49.500000000000007 40.500000000000007 19.500000000000004 206.07898769913291 249.61267361111115 0.23145604395604394 4.5000000000000009 4.5000000000000009 0.088562091503267909 0.45080645161290328 18.500000000000004 1.5000000000000002 284.01331521739138 3.5000000000000004 22.500000000000004 8.5000000000000018 7.5000000000000009 280.60027777777782 23.500000000000004 4.5000000000000009 0.34654631083202514 24.500000000000004 5.5000000000000009 6.5000000000000009 5.5000000000000009 0.15047169811320757 179.7210300985989 223.29075362318841
decision_type=2 2 2 2 2 2 2 2 2 2 2 2 2 2 2 2 2 2 2 2 2 2 2 2 2 2 2 2 2 2
left_child=3 -2 -3 8 6 -6 -5 -8 -1 10 -10 27 -12 14 24 16 -15 18 19 20 -17 -21 23 -16 -14 -26 -19 28 -11 -30
right_child=1 2 -4 4 5 -7 7 -9 9 11 12 -13 13 15 22 17 -18 26 -20 21 -22 -23 -24 -25 25 -27 -28 -29 29 -31
leaf_value=0.0072148489266785146 -0.074470709347938605 -0.0058249570696192734 -0.076377485386808719 -0.066444224994560139 0.078957466481561683 0.0013119735720789052 0.14204006055488319 -0.052667689362053273 -0.057306307666192081 0.070621213351552664 -0.076145349943980201 0.095798629627449894 0.10521800636104701 -0.07011072695963054 -0.043340366294891457 0.19472018875650965 0.028533518087421279 -0.060403559740025425 0.16944409245417791 0.046430708933613535 0.05276956870764328 -0.037825709505174748 0.089784673858049932 0.0024891227002148148 0.083956423043252626 -0.065602962057335443 0.038724806246355631 -0.0092043004019302654 -0.045533439209131242 0.015260073423241075
leaf_weight=1916.8381523899734 68.121470540296286 35.574066748842597 11.542979589663444 37.747083807364106 6.5080215241760007 90.08199461735785 1.7794058304280032 3.055787542834878 12.239313648082314 11.276435742154716 4.7379721431061617 5.3598241955041876 7.9766583964228639 10.7317858338356 30.455065287649632 4.8387276567518693 27.301732257008553 6.6991526149213296 4.4103517942130557 38.316677082329988 4.2688549682497978 7.1745401769876471 4.1324275173246852 60.962686955928802 4.2653524577617645 4.6485491096973419 7.8977201990783215 441.70154621545225 14.112022229470311 63.458907370455563
leaf_count=11571 5119 725 552 1230 50 419 43 57 91 62 272 35 41 86 153 31 103 39 23 195 15 32 22 272 23 21 36 2657 93 445
internal_value=0.00197985 -0.0534708 -0.0231093 0.00423544 -0.0128203 0.00654356 -0.0567436 0.018987 0.00511661 -5.9928e-05 0.00988707 -0.0045342 0.0134812 0.0153763 0.000847307 0.0300095 0.000699414 0.0451545 0.0579988 0.0489965 0.128186 0.0331424 -0.00834286 -0.0127786 0.0528362 0.00596205 -0.0067696 -0.0055478 0.0126304 0.00420027
internal_weight=2948.22 115.239 47.117 2832.98 139.172 96.59 42.5823 4.83519 2693.8 776.966 241.058 535.909 228.818 224.08 112.441 111.64 38.0335 73.606 59.0092 54.5988 9.10758 45.4912 95.5502 91.4178 16.8906 8.9139 14.5969 530.549 88.8474 77.5709
internal_count=24513 6396 1277 18117 1799 469 1330 100 16318 4747 1455 3292 1364 1092 532 560 189 371 296 273 46 227 447 425 85 44 75 3257 600 538
is_linear=0
shrinkage=0.1


Tree=126
num_leaves=31
num_cat=0
split_feature=10 0 0 7 6 0 9 7 8 0 10 7 8 8 3 9 10 9 0 9 9 5 11 0 3 8 7 2 9 10
split_gain=45.5962 17.3784 10.8629 2.69436 2.64967 2.38567 2.17981 2.13371 5.8605 5.52067 9.31959 5.9188 3.45038 3.68794 3.40968 3.83355 4.94246 3.74231 3.73363 3.51801 4.28282 3.71183 3.30141 5.34713 3.21136 3.14155 4.39323 3.11675 5.02143 4.81064
threshold=7.5000000000000009 29.500000000000004 21.500000000000004 5.5000000000000009 1.5000000000000002 59.500000000000007 192.47772702104101 -1.4999999999999998 0.10889328063241101 32.500000000000007 19.500000000000004 -2.4999999999999996 0.063164893617021267 0.077677224736048267 5.5000000000000009 203.89068040780145 20.500000000000004 196.25948961156283 27.500000000000004 327.30582908885123 277.57591431556955 3.5000000000000004 1.0000000180025095e-35 40.500000000000007 5.5000000000000009 0.20611577964519137 -1.0000000180025095e-35 4.5000000000000009 179.7210300985989 15.500000000000002
decision_type=2 2 2 2 2 2 2 2 2 2 2 2 2 2 2 2 2 2 2 2 2 2 2 2 2 2 2 2 2 2
left_child=1 -1 3 -2 6 7 -5 8 -4 10 24 -11 -9 -14 15 17 19 18 -15 20 21 -17 23 -13 -10 -18 -27 29 -29 -24
right_child=2 -3 5 4 -6 -7 -8 12 9 11 -12 22 13 14 -16 16 25 -19 -20 -21 -22 -23 27 -25 -26 26 -28 28 -30 -31
leaf_value=-0.075001711650622777 -0.05879826225978016 -0.0022282046085317221 -0.047968471810144103 0.0057265720299064515 -0.033903563027561041 -0.076128088863859078 0.20374902231731992 0.089327120010712843 0.039763995793700518 0.0087869384631896891 -0.067711660049577752 0.088375283792871184 -0.073714658193061985 -0.067064641002373138 0.0064397244830100443 0.0835971499032091 0.044784366738269743 -0.08006766674739231 0.031409816834686563 0.14630356634971844 -0.025735415239183518 -0.0074894769901783023 -0.06559943822978867 -0.013656574085261775 -0.025310960794878823 -0.064959296658714236 0.031525713462587583 -0.059943240480319994 0.034667871401782922 -0.014866904004347615
leaf_weight=102.53252359712496 33.192657353356481 48.25882163643837 23.267786419019103 1.1696098335087293 4.4154924731701612 3.5828660055994979 1.0594041496515272 5.1303187608718863 17.470349855721 696.81954613840207 28.603455193340778 7.8818713277578381 5.6151803359389296 4.8108000420033994 1804.04184598336 23.964493096806113 13.974330365657805 5.4420260339975348 19.282549066469073 4.3319423645734778 6.0569303110241881 5.5007266858592621 25.381711499765515 14.744970685802398 13.399791583418844 9.6465317104011756 9.2388755790889281 7.6598520362749722 20.959757938049734 70.903949156403542
leaf_count=7617 1174 558 150 22 89 410 18 21 81 3294 862 35 19 25 8911 114 79 21 78 26 47 23 112 67 46 61 59 34 119 341
internal_value=0.00189562 -0.0517115 0.00469505 -0.0471625 0.0109639 0.00542049 0.0998425 0.00552322 0.00158458 0.00286026 -0.0265876 0.00493448 0.00742798 0.00720822 0.00744658 0.0252112 0.0375517 -0.00517019 0.0117471 0.061225 0.0508496 0.0665926 -0.0132614 0.0218854 0.0115169 0.00883944 -0.0177581 -0.0196283 0.00934582 -0.0282404
internal_weight=3038.34 150.791 2887.55 39.8372 6.64451 2847.71 2.22901 2844.13 927.093 903.825 59.4736 844.352 1917.04 1911.91 1906.29 102.249 72.7138 29.5354 24.0933 39.8541 35.5222 29.4652 147.532 22.6268 30.8701 32.8597 18.8854 124.905 28.6196 96.2857
internal_count=24513 8175 16338 1303 129 15035 40 14625 5141 4991 989 4002 9484 9463 9444 533 409 124 103 210 184 137 708 102 127 199 120 606 153 453
is_linear=0
shrinkage=0.1


Tree=127
num_leaves=31
num_cat=0
split_feature=0 4 0 0 3 11 12 9 2 8 0 9 8 7 8 0 9 0 10 0 4 8 0 13 0 7 2 9 11 9
split_gain=97.5776 13.3548 4.5787 4.26768 3.77164 2.59947 2.60451 3.76076 2.36178 2.77736 2.59265 2.49886 2.85902 3.01549 4.45306 4.039 2.34936 3.35491 2.33858 2.83716 2.62201 2.36961 3.16453 2.33555 2.29084 5.18948 2.28037 6.16551 2.42756 4.03385
threshold=31.500000000000004 9.5000000000000018 56.500000000000007 43.500000000000007 4.5000000000000009 1.5000000000000002 10.500000000000002 255.71382275132285 1.5000000000000002 0.14854215918045702 35.500000000000007 155.44709045780476 0.18624359479700434 2.5000000000000004 0.21778656126482207 42.500000000000007 240.47593750000001 47.500000000000007 18.500000000000004 47.500000000000007 16.500000000000004 0.22474489795918368 42.500000000000007 1.9285714285714286 51.500000000000007 4.5000000000000009 8.5000000000000018 137.05471014492755 5.5000000000000009 151.26527126328958
decision_type=2 2 2 2 2 2 2 2 2 2 2 2 2 2 2 2 2 2 2 2 2 2 2 2 2 2 2 2 2 2
left_child=-1 3 4 -2 5 16 18 -8 9 -6 -10 -11 -13 14 15 -14 -3 -18 20 -20 21 -7 -23 24 26 -26 -12 -28 29 -29
right_child=1 2 -4 -5 8 6 7 -9 10 11 23 12 13 -15 -16 -17 17 -19 19 -21 -22 22 -24 -25 25 -27 27 28 -30 -31
leaf_value=-0.07421925304732295 -0.073141850921250084 -0.077548463700488734 0.051289062421521418 -0.0070123843324285291 0.045193748510377801 -0.046431720717969679 0.11382996249516303 -0.029499946639173508 -0.010690133266027042 0.076706126053215862 0.006283927999093785 -0.068352616079624187 -0.037954433680328081 -0.090707776860065883 -0.023657640178145169 0.089926559140337814 -0.066092310628660486 0.056246762492041538 -0.067790053886995619 -0.004754346485285753 0.090334782801720165 -0.03504901653423996 0.091886468744916489 -0.053890217704586296 0.010573755246481874 0.065497927482106727 -0.031506501323884051 0.087310402423323885 0.083478625025480965 0.017276733312926205
leaf_weight=171.72947931895033 28.275334971025586 11.2585391914472 22.015544179826975 14.902292914688585 7.608686050400137 7.0973562207072991 4.1070791389793149 3.3027754444628954 77.491546992212534 2.6179187521338454 1345.0945783369243 11.29281948879361 3.6182100325822812 4.4465591330081216 31.315583603456616 7.7814488857984543 4.8055623983964306 4.201218169182539 12.366390495561065 16.895403183996677 3.61942484229803 3.6539051905274391 4.2465981394052505 6.062082026153802 75.245085457339883 22.301266817376018 16.662620283663273 9.8478949144482595 9.4056219793856126 49.889028180390596
leaf_count=11821 1456 112 846 144 41 43 37 36 1007 13 6161 70 37 30 228 41 109 21 315 81 18 40 17 43 883 446 72 49 45 251
internal_value=-0.0021603 0.00463362 0.0059679 -0.050318 0.00539977 -0.016457 -0.00522729 0.0499439 0.00638233 -0.0117787 0.0071561 -0.0188766 -0.0231573 -0.0123354 -0.00417699 0.0493376 -0.0470947 -0.00902718 -0.0137657 -0.031394 0.0139417 -0.0044942 0.0331801 0.00805732 0.00830302 0.0231306 0.0072922 0.023098 0.0362571 0.0288221
internal_weight=1993.16 1821.43 1778.25 43.1776 1756.24 75.5543 55.2889 7.40985 1680.68 68.6812 1612 61.0725 58.4546 47.1618 42.7152 11.3997 20.2653 9.00678 47.8791 29.2618 18.6173 14.9979 7.9005 1534.51 1528.45 97.5464 1430.9 85.8052 69.1425 59.7369
internal_count=24513 12692 11092 1600 10246 829 587 73 9417 460 8957 419 406 336 306 78 242 130 514 396 118 100 57 7950 7907 1329 6578 417 345 300
is_linear=0
shrinkage=0.1


Tree=128
num_leaves=31
num_cat=0
split_feature=0 4 0 10 2 8 3 8 8 8 6 10 0 8 8 8 4 9 9 9 9 6 4 3 9 8 7 13 0 7
split_gain=110.476 16.1671 2.80268 2.90866 2.58857 2.44199 2.41266 3.04678 3.87963 2.69519 2.97631 2.65412 7.07779 3.86492 3.15447 3.06145 3.05889 3.0214 3.05975 2.7949 2.63445 3.60315 3.57871 3.78333 4.08826 3.93229 3.51002 2.69547 4.06116 5.1855
threshold=32.500000000000007 13.500000000000002 21.500000000000004 5.5000000000000009 6.5000000000000009 0.1575187969924812 1.5000000000000002 0.069366479550922219 1.0000000180025095e-35 0.072299651567944212 7.5000000000000009 6.5000000000000009 17.500000000000004 0.18107302533532041 0.17521929824561402 0.47213622291021667 6.5000000000000009 315.80716911764711 330.00902217741941 381.94604166666676 350.68837991718436 1.5000000000000002 6.5000000000000009 4.5000000000000009 313.61791478978984 0.35781671159029654 -8.4999999999999982 0.94987468671679209 22.500000000000004 -3.4999999999999996
decision_type=2 2 2 2 2 2 2 2 2 2 2 2 2 2 2 2 2 2 2 2 2 2 2 2 2 2 2 2 2 2
left_child=1 4 -3 -4 6 -6 7 8 -1 10 -8 12 -11 14 17 20 -16 -13 -19 -20 22 -22 23 25 -25 26 -14 -23 -29 -30
right_child=-2 2 3 -5 5 -7 9 -9 -10 11 -12 13 15 -15 16 -17 -18 18 19 -21 21 27 -24 24 -26 -27 -28 28 29 -31
leaf_value=0.049262384017839125 -0.074513891587292824 0.021671265641738657 0.039453883187394477 -0.076438175766902303 0.049287053985138149 -0.078525764215690727 0.038695206505269614 0.016891027691631765 -0.092079909651842692 0.062909311053796227 -0.043997905567039648 -0.0032262330074904117 -0.058850769207596222 0.0033134732385435234 -0.0073509103506075096 0.095020582466931569 -0.12125241675248964 -0.10290076949586287 0.00090480584166696947 -0.072662853981346018 0.047064314922964534 -0.021765390292785104 0.0032335029533545794 -0.06960337223521175 0.027687654623962395 0.086393831318934647 0.023145529060767105 0.027257855781206167 -0.046267680264807813 0.0050772445465249545
leaf_weight=2.957542294636367 196.96099037118256 3.8179504871368399 2.3221093304455271 32.138249933719635 1.9414527229964713 6.4982190765440464 38.24050891213119 264.37687575630844 5.6555241085588932 22.31445868499577 4.9115393832325926 89.372984912246466 5.3884244672954074 368.8569719241932 4.1569137722253782 3.8290312830358735 5.4477054309099913 6.1509884148836163 15.510242568328978 7.7416143268346778 13.173965342342852 77.234799526631832 374.50193287432194 9.3739901073277014 8.009518235921858 9.5848088823258859 167.62344112992287 42.544906534254551 27.775906551629305 67.397129770368338
leaf_count=37 12224 49 17 1419 21 93 328 1945 52 1001 39 556 26 2224 20 26 31 36 82 45 69 401 1902 58 43 54 976 352 114 273
internal_value=-0.00363948 0.0046262 -0.0596221 -0.0686288 0.00611618 -0.0491238 0.00640008 0.0149842 -0.043546 0.00468851 0.0292831 0.00388813 0.00735358 -0.00188779 -0.0168318 0.00581633 -0.0719554 -0.0123743 -0.040181 -0.0235893 0.00539076 -0.0037009 0.00900106 0.0198019 -0.0247762 0.0240458 0.0205918 -0.00681218 0.00157385 -0.00990759
internal_weight=1885.81 1688.85 38.2783 34.4604 1650.57 8.43967 1642.13 272.99 8.61307 1369.14 43.152 1325.99 828.752 497.237 128.38 806.438 9.60462 118.776 29.4028 23.2519 802.609 228.127 574.482 199.98 17.3835 182.597 173.012 214.953 137.718 95.173
internal_count=24513 12289 1485 1436 10804 114 10690 2034 89 8656 367 8289 5295 2994 770 4294 51 719 163 127 4268 1209 3059 1157 101 1056 1002 1140 739 387
is_linear=0
shrinkage=0.1


Tree=129
num_leaves=31
num_cat=0
split_feature=0 0 10 5 10 11 2 6 10 0 2 13 13 5 8 13 10 8 4 10 8 7 7 12 3 8 8 9 9 2
split_gain=32.9819 6.40457 16.7753 3.14612 2.75479 2.46977 3.11898 3.78107 4.18535 2.59867 7.06808 3.13442 3.7179 2.9512 2.51478 3.94301 2.45321 4.37381 3.61729 4.36625 4.41132 3.3394 4.2174 3.47569 4.54825 3.20246 3.85673 5.15149 3.1581 6.15157
threshold=45.500000000000007 40.500000000000007 19.500000000000004 8.5000000000000018 8.5000000000000018 4.5000000000000009 5.5000000000000009 2.5000000000000004 9.5000000000000018 28.500000000000004 7.5000000000000009 1.2792207792207795 1.2264957264957268 2.5000000000000004 0.45080645161290328 1.1055555555555558 4.5000000000000009 0.088562091503267909 10.500000000000002 1.5000000000000002 0.21644144144144142 1.5000000000000002 -5.4999999999999991 8.5000000000000018 3.5000000000000004 0.34654631083202514 0.16172624237140362 355.72262443438916 349.12926470588241 1.5000000000000002
decision_type=2 2 2 2 2 2 2 2 2 2 2 2 2 2 2 2 2 2 2 2 2 2 2 2 2 2 2 2 2 2
left_child=1 5 4 -4 -3 -1 14 8 -8 10 13 12 -11 -9 16 -16 17 -7 19 25 -21 22 -22 -24 -25 26 27 -19 29 -28
right_child=-2 2 3 -5 -6 6 7 9 -10 11 -12 -13 -14 -15 15 -17 -18 18 -20 20 21 -23 23 24 -26 -27 28 -29 -30 -31
leaf_value=0.0067185569926776533 -0.06507995699566764 0.056041315502021266 0.003637361838487506 0.098061268424300713 -0.063899986242198156 -0.049912251323045033 -0.021858711785732447 -0.070054604482776658 0.07614160492021621 -0.04208809646596659 0.071243520175701069 -0.090431573472879487 0.10487904976185854 0.0044791556919437535 -0.01400126934457516 0.13736524987577514 -0.0027744965053981127 0.065169064380426703 0.073781180169523827 -0.00071720131884464035 -0.033640736009110168 -0.016569323277893979 0.070062086891117273 -0.077703734086393625 0.069298076763804242 0.073663378222918963 -0.066988542013129093 -0.042211323194249133 0.0090464667385529631 0.0014195521516762782
leaf_weight=1910.9783855602145 71.710167848039418 1.9844401478767384 113.66678524576128 3.641725741326808 54.663851258344948 11.662167928181587 9.9282151758670825 13.142858609557157 7.7672645077109328 13.399400623515248 7.720535732805728 12.637729626148937 1.9750142805278308 8.9165161596611124 3.4162306794896713 3.4679586999118328 455.52117119729519 13.945439016446473 9.3525461256504041 42.38729131873697 5.5007499782368532 8.8201424572616798 42.819194315001369 3.9886744813993555 4.4561843862757087 5.0451692976057521 25.915608993731439 6.5736957639455786 28.498131103813648 26.676680333912373
leaf_count=11571 5268 11 719 27 2170 90 41 52 59 129 28 125 22 34 23 21 2776 67 42 355 40 44 280 29 22 30 136 31 145 126
internal_value=0.00190343 0.00358384 -0.0150109 0.00656866 -0.0596983 0.00478878 2.13607e-05 -0.0192881 0.0211576 -0.0316723 -0.0111062 -0.0535363 -0.0232085 -0.0399277 0.00210951 0.0622507 0.00151049 0.00979383 0.0129026 0.0102498 0.0244255 0.0406752 0.0495699 0.0584985 -0.000133797 -0.0041011 -0.0079623 0.0307677 -0.0177625 -0.0322895
internal_weight=2930.18 2858.47 173.957 117.309 56.6483 2684.51 773.535 75.4875 17.6955 57.7921 29.7799 28.0121 15.3744 22.0594 698.047 6.88419 691.163 235.642 223.98 214.627 107.972 65.5849 56.7648 51.2641 8.44486 106.655 101.61 20.5191 81.0904 52.5923
internal_count=24513 19245 2927 746 2181 16318 4747 490 100 390 114 276 151 86 4257 44 4213 1437 1347 1305 770 415 371 331 51 535 505 98 407 262
is_linear=0
shrinkage=0.1


Tree=130
num_leaves=31
num_cat=0
split_feature=10 0 0 9 0 10 0 9 7 11 1 12 9 12 9 3 4 12 9 7 0 9 12 13 9 13 1 11 9 9
split_gain=40.2584 16.9888 9.79292 2.19602 4.1107 2.21108 10.0599 2.40602 2.35139 2.3298 5.71615 3.99413 3.8728 3.59048 3.86755 3.39719 3.11225 3.07164 2.9399 2.97987 2.67526 2.62376 2.55568 2.29703 2.26109 3.08159 2.86581 3.29711 2.25227 2.13117
threshold=7.5000000000000009 29.500000000000004 19.500000000000004 401.50203373015876 26.500000000000004 21.500000000000004 32.500000000000007 338.80157407407415 1.5000000000000002 2.5000000000000004 1.5000000000000002 2.5000000000000004 278.67845138888896 2.5000000000000004 306.55766129032264 2.5000000000000004 7.5000000000000009 4.5000000000000009 246.45840080971666 -2.4999999999999996 36.500000000000007 260.86697368421056 6.5000000000000009 1.6515151515151518 264.07706907787559 0.78888888888888908 1.0000000180025095e-35 4.5000000000000009 320.93597105508877 286.16530388471193
decision_type=2 2 2 2 2 2 2 2 2 2 2 2 2 2 2 2 2 2 2 2 2 2 2 2 2 2 2 2 2 2
left_child=1 -1 -2 5 -5 29 -7 8 9 10 11 15 23 -14 16 -8 17 -15 -13 21 -16 -20 -19 24 26 -26 -11 -28 -22 -4
right_child=2 -3 3 4 -6 6 7 -9 -10 12 -12 18 13 14 20 -17 -18 22 19 -21 28 -23 -24 -25 25 -27 27 -29 -30 -31
leaf_value=-0.074842340657422263 -0.059683462956293502 -0.0017393495822925775 0.005086483202302248 -0.032689126975354921 0.17202252263485385 -0.064663009701360366 0.0047719158747150797 -0.029265073181596237 0.078218262669353333 -0.070920505894747604 -0.03012015142422611 0.099949651270374751 -0.038505154759423163 0.079614188002661235 -0.069144021938069941 0.10244284738498551 0.083984043441485967 -0.054664524244150192 -0.078926524079666924 0.065726109092902954 -0.023369851417691826 0.0068227141103655384 0.030814707733344007 0.02050945132152197 -0.031643512344322007 -0.12390418033724744 -0.037041372505124369 0.061756873143617011 0.052658400484000847 0.020438529567855499
leaf_weight=94.163837333209813 23.684830823913217 47.992641799151897 2508.0349029554054 1.7928783521056169 2.1659279577434063 24.802567684091628 5.1201977133750942 21.56499233096838 4.3956473320722571 6.788237169384959 20.238074790686369 3.8846990391612044 12.514996562153099 5.9578997679054799 5.8876678757369545 11.695338040590284 11.762771859765051 6.1269113793969145 3.9796938747167578 7.8039715141057959 8.9305204078555089 34.520502250641584 8.1508566141128522 7.7605340145528308 8.9426423609256727 6.0827802233397952 7.304465923458336 6.2834648489952087 6.912378028035163 93.806411738041788
leaf_count=7617 962 558 12785 27 20 924 26 115 20 37 98 17 66 29 51 52 53 28 20 33 31 170 43 37 38 31 33 28 25 539
internal_value=0.00178587 -0.0501625 0.0043528 0.00488437 0.079312 0.00478096 -0.00425277 0.00247798 0.0058829 0.004266 0.0164551 0.0305227 -0.0054538 0.00973312 0.0209692 0.0727028 0.043079 0.0193013 0.0163905 0.00938025 -0.0115877 -0.00204103 -0.00586635 -0.0287622 -0.0395633 -0.0689936 -0.0178613 0.00864589 0.00980186 0.00563998
internal_weight=3019.05 142.156 2876.9 2853.21 3.95881 2849.25 247.412 222.609 201.044 196.649 87.2425 67.0044 109.406 66.244 53.729 16.8155 31.9984 20.2357 50.1889 46.3042 21.7306 38.5002 14.2778 43.1621 35.4016 15.0254 20.3762 13.5879 15.8429 2601.84
internal_count=24513 8175 16338 15376 47 15329 2005 1081 966 946 416 318 530 326 260 78 153 100 240 223 107 190 71 204 167 69 98 61 56 13324
is_linear=0
shrinkage=0.1


Tree=131
num_leaves=31
num_cat=0
split_feature=0 4 0 0 3 6 12 13 12 8 5 7 4 9 13 12 6 9 2 8 9 8 8 12 10 13 6 10 6 8
split_gain=89.0842 11.8175 4.16928 3.79689 3.2166 2.47351 4.63303 3.7878 3.74619 3.4526 3.26119 2.71877 2.66848 2.31698 2.28633 2.81665 2.27168 2.26245 2.03437 2.33999 2.52708 2.54974 4.76389 3.33068 2.94944 2.35465 3.52994 3.88305 3.60878 2.48483
threshold=31.500000000000004 9.5000000000000018 43.500000000000007 56.500000000000007 4.5000000000000009 9.5000000000000018 8.5000000000000018 0.94987468671679209 2.5000000000000004 0.22933743169398904 3.5000000000000004 -9.4999999999999982 12.500000000000002 266.96449683321617 1.1339285714285716 5.5000000000000009 14.500000000000002 233.93433035714287 1.5000000000000002 0.14854215918045702 152.77033096926718 0.19538706256627789 0.21294035577258458 7.5000000000000009 14.500000000000002 0.19090909090909094 8.5000000000000018 16.500000000000004 9.5000000000000018 0.24807692307692308
decision_type=2 2 2 2 2 2 2 2 2 2 2 2 2 2 2 2 2 2 2 2 2 2 2 2 2 2 2 2 2 2
left_child=-1 2 -2 4 5 8 11 -8 10 -9 12 -7 -3 16 15 -4 -5 -12 19 -6 -21 23 -23 -22 -24 29 -27 -28 -29 -26
right_child=1 3 14 13 18 6 7 9 -10 -11 17 -13 -14 -15 -16 -17 -18 -19 -20 20 21 22 24 -25 25 26 27 28 -30 -31
leaf_value=-0.074000172859122415 -0.072750871991376254 -0.010747358158864372 0.072110921760438706 0.066339102838285813 0.040891106403010309 -0.071093731237770505 0.13428244382564491 -0.078405104647827059 -0.050998097139626664 0.078181575541043088 -0.10070007242497198 0.0027436610079373371 0.1270712935913221 -0.089306491725643866 -0.072090916244398756 -0.029865272615765926 -0.070111103730301855 0.028886136873892545 0.0065671716709902427 0.096883615480312976 -0.026467170162400556 0.063717572923310872 -0.076499560927857771 -0.13273482572093645 0.1218143542479022 0.023849175533624437 0.039781777180928186 -0.18689489494078812 -0.051472026528708484 -0.008112653875338138
leaf_weight=158.38876441447064 26.256426899693906 2.4171948041766864 5.0232928805053216 17.697751733474441 7.6866165883839122 7.1205166820436707 4.1877210065722448 2.5205355612561107 29.186314266175032 3.1904947143048048 2.8188910959288478 16.641377030871812 3.3547092694789171 1.1489099487662304 3.9000598341226569 5.877855196595192 1.3104523522779334 2.5807647183537483 1604.7491629421711 1.8657315708696831 9.7557397149503213 7.3840025560930362 8.3637224994599801 4.227416865527629 2.5375439133495119 9.2507844250649232 3.2097527831792823 2.644830569624899 7.6869211234152317 3.5053070783615112
leaf_count=11821 1456 39 50 795 41 91 41 25 361 29 24 169 24 18 47 47 33 26 8957 9 59 51 63 32 19 71 15 18 57 25
internal_value=-0.0020878 0.00421169 -0.0488252 0.00544401 0.00494607 -0.0154538 0.0045628 0.0620434 -0.0321487 0.0090728 0.0170965 -0.0193825 0.0693547 0.0485968 -0.00638248 0.0171258 0.056932 -0.0387644 0.0058487 -0.0110774 -0.0176875 -0.0213374 -0.00965196 -0.0585942 -0.0242159 -0.00905082 -0.0237648 -0.0562919 -0.086139 0.0464469
internal_weight=1966.49 1808.1 41.0576 1767.04 1746.89 74.0185 33.6606 9.89875 40.3579 5.71103 11.1716 23.7619 5.7719 20.1571 14.8012 10.9011 19.0082 5.39966 1672.87 68.1184 60.4318 58.566 44.5829 13.9832 37.1989 28.8351 22.7923 13.5415 10.3318 6.04285
internal_count=24513 12692 1600 11092 10246 829 355 95 474 54 113 260 63 846 144 97 828 50 9417 460 419 410 319 91 268 205 161 90 75 44
is_linear=0
shrinkage=0.1


Tree=132
num_leaves=31
num_cat=0
split_feature=0 4 0 10 2 8 6 6 9 2 8 9 9 6 10 9 1 8 11 5 9 9 9 5 4 11 1 8 10 6
split_gain=101.364 14.5285 2.67659 2.72187 2.26907 2.2583 2.02806 2.45913 2.79261 2.3328 5.13678 4.19974 6.06854 3.07033 5.2697 3.9268 2.97414 2.87994 3.20325 3.88753 3.91969 2.86826 3.60107 4.71796 4.14603 3.32406 3.09398 2.85648 4.08769 2.54554
threshold=32.500000000000007 13.500000000000002 21.500000000000004 5.5000000000000009 6.5000000000000009 0.1575187969924812 14.500000000000002 12.500000000000002 288.39128787878792 1.5000000000000002 0.42163742690058481 280.60027777777782 287.21704857030949 7.5000000000000009 21.500000000000004 264.07706907787559 1.0000000180025095e-35 0.17165178571428572 1.5000000000000002 5.5000000000000009 209.49947916666667 315.80716911764711 319.72978983382217 1.5000000000000002 4.5000000000000009 1.0000000180025095e-35 1.0000000180025095e-35 0.34514106583072107 1.5000000000000002 8.5000000000000018
decision_type=2 2 2 2 2 2 2 2 2 2 2 2 2 2 2 2 2 2 2 2 2 2 2 2 2 2 2 2 2 2
left_child=1 4 -3 -4 6 -6 7 9 -9 10 11 17 -13 14 -11 -16 -17 -1 27 20 -20 25 23 -23 -25 29 -26 28 -19 -14
right_child=-2 2 3 -5 5 -7 -8 8 -10 13 -12 12 21 -15 15 16 -18 18 19 -21 -22 22 -24 24 26 -27 -28 -29 -30 -31
leaf_value=0.014359009483527016 -0.07431260945469273 0.019881430133256866 0.034395349027038766 -0.076329783093214573 0.045659161406374785 -0.077145260174485142 0.066264330432268342 -0.10825425010073571 -0.0074836398628655085 0.0030711608552645158 0.062457307028668876 0.060401118097813303 0.045690239587773178 -0.013626304910701654 0.11869291229392834 0.10213300350322192 0.0015356995610680373 0.032621218705253141 0.06354824911008182 0.096232937762417134 -0.016998210194967302 0.039940102969893698 0.0084737502171364134 -0.1432032514962191 -0.068067617808998698 0.017061866199605532 0.048365252181191344 0.017601032092797921 -0.077559075049628168 0.14395968997391714
leaf_weight=46.96204474940896 182.17501736455597 3.8781063351780167 2.3991976566612712 29.74259958229959 1.9814251847565154 6.1307768933475018 5.5410983469337216 3.9079077113419762 9.2818333599716407 688.03580410592258 18.146028036251664 25.132169236429036 14.268608862534167 105.91758025065064 6.3824543468654182 3.8793605715036419 12.123228879645465 4.0591826420277419 6.6575585575774303 3.6505142301321021 65.311014019884169 6.1195258926600244 448.50863089133054 4.6054863706231108 6.7917923461645824 114.87510602083057 3.4373101759701967 6.1643297076225272 19.752236308529973 3.2333003636449567
leaf_count=405 12224 49 17 1419 21 93 38 30 51 4302 154 178 104 649 46 21 75 22 76 25 446 36 2977 34 39 754 20 38 155 15
internal_value=-0.00346873 0.00422772 -0.058596 -0.0680648 0.00560682 -0.04715 0.00586894 0.00566327 -0.0373403 0.0060147 0.00986068 0.00863633 0.012257 0.00225664 0.00462465 0.0523734 0.0259226 -0.00624369 -0.0154065 -0.0044406 -0.00954714 0.0102465 0.00658069 -0.033939 -0.0644154 0.0232471 -0.0289424 -0.0430699 -0.0587764 0.0638445
internal_weight=1859.05 1676.88 36.0199 32.1418 1640.86 8.1122 1632.74 1627.2 13.1897 1614.01 797.675 779.529 626.972 816.338 710.421 22.385 16.0026 152.557 105.595 75.6191 71.9686 601.84 469.463 20.9541 14.8346 132.377 10.2291 29.9757 23.8114 17.5019
internal_count=24513 12289 1485 1436 10804 114 10690 10652 81 10571 5478 5324 4157 5093 4444 142 96 1167 762 547 522 3979 3106 129 93 873 59 215 177 119
is_linear=0
shrinkage=0.1


Tree=133
num_leaves=31
num_cat=0
split_feature=0 0 10 4 10 1 0 5 12 13 13 4 9 5 8 5 11 11 8 4 6 10 9 3 0 13 8 3 10 4
split_gain=29.8068 5.50237 15.3637 2.61367 5.8294 2.61017 3.67822 2.9856 2.76062 5.23617 3.03941 2.69805 3.52916 2.66315 4.29085 2.74687 6.01038 2.81275 2.51518 2.81597 2.49999 2.47598 2.3099 2.25724 6.28304 2.59009 3.5057 3.33005 2.31285 4.72357
threshold=45.500000000000007 40.500000000000007 19.500000000000004 15.500000000000002 12.500000000000002 1.5000000000000002 44.500000000000007 2.5000000000000004 8.5000000000000018 1.4833333333333336 0.94987468671679209 15.500000000000002 260.86697368421056 3.5000000000000004 0.18561584840654602 4.5000000000000009 1.5000000000000002 2.5000000000000004 0.22016949152542373 9.5000000000000018 10.500000000000002 22.500000000000004 246.45840080971666 8.5000000000000018 33.500000000000007 0.51315789473684215 0.29289318755256516 11.500000000000002 12.500000000000002 17.500000000000004
decision_type=2 2 2 2 2 2 2 2 2 2 2 2 2 2 2 2 2 2 2 2 2 2 2 2 2 2 2 2 2 2
left_child=1 23 3 4 -3 8 7 -7 13 10 -10 12 -9 -4 -15 16 -16 -17 -19 -20 -14 -2 -8 -1 28 26 27 -26 -25 -30
right_child=21 2 5 -5 -6 6 22 11 9 -11 -12 -13 20 14 15 17 -18 18 19 -21 -22 -23 -24 24 25 -27 -28 -29 29 -31
leaf_value=0.0057430513735274198 -0.065589593559592194 0.12567365752342627 -0.037830425634246274 -0.071420158899337921 -0.050171761758069637 0.097783485585732091 0.045919191439825591 0.079117166203651862 0.0082474036578558205 -0.082724401275758933 0.085884638049639653 -0.065528749893515995 -0.064147664846284744 -0.061726809553070264 0.17675462463215794 -0.038081690643477169 0.0055464227653822962 0.09896914739095318 -0.058266721599617433 0.056153265094395714 0.036055764999593475 0.19992579474959785 0.21676093038222494 0.001825580331634576 -0.090870960384145771 -0.033288498507510686 0.14484468933957387 0.097651552624108795 -0.0047861757937120606 0.11148932430502033
leaf_weight=2250.1943469485268 66.491134851006791 2.2701510842889538 25.827168991789222 39.87613582611084 11.118109550327061 4.1084419153630796 1.5323552805930369 6.6832056473940673 10.125195803120738 3.6849335357546797 10.045263078063725 4.3526192288845769 5.0573780387639982 8.0432014390826208 3.2032654061913508 9.9827718958258647 5.6976095158606768 3.9605561085045329 4.0344903655350191 4.6071474459022284 4.9043611139059067 0.3530755527317514 1.6367558203637598 333.99733669310808 2.4440434034913774 71.284717014059424 1.9619468189775942 1.5194936692714689 8.5600486844778043 5.9031067788600913
leaf_count=13554 5263 18 165 1789 374 24 24 42 71 17 41 46 24 48 17 67 40 24 18 39 21 5 18 1343 38 1286 19 22 33 23
internal_value=0.00181925 0.00336921 -0.0140353 -0.0585847 -0.0203549 0.00616189 0.0326376 0.0198233 -0.00222944 0.0268873 0.0469122 0.00456939 0.0228999 -0.0128572 0.00345958 0.0201117 0.0671612 0.00156927 0.0329786 0.00273442 -0.0148155 -0.0641871 0.134154 0.00447982 -0.00219793 -0.0280079 0.0355188 -0.0185974 0.00352092 0.0426714
internal_weight=2913.46 2846.62 170.751 53.2644 13.3883 117.487 28.2751 25.106 89.2116 23.8554 20.1705 20.9976 16.6449 65.3562 39.529 31.4858 8.90087 22.585 12.6022 8.64164 9.96174 66.8442 3.16911 2675.87 425.671 77.2102 5.92548 3.96354 348.46 14.4632
internal_count=24513 19245 2927 2181 392 746 199 157 547 129 112 133 87 418 253 205 57 148 81 57 45 5268 42 16318 2764 1365 79 60 1399 56
is_linear=0
shrinkage=0.1


Tree=134
num_leaves=31
num_cat=0
split_feature=10 0 0 7 8 0 10 7 0 13 7 8 8 8 5 8 12 2 0 4 11 6 4 6 8 12 9 5 3 13
split_gain=35.5139 16.651 8.8047 1.90327 4.99863 4.2758 6.56055 4.39601 3.63942 3.10538 4.58651 4.05275 5.67857 4.32504 3.80887 3.57352 3.9241 3.97537 3.16331 3.16034 3.03689 3.03581 3.01571 3.01121 2.93142 5.37191 2.90858 4.05058 3.88657 5.07486
threshold=7.5000000000000009 29.500000000000004 19.500000000000004 -1.4999999999999998 0.10889328063241101 35.500000000000007 17.500000000000004 -2.4999999999999996 32.500000000000007 0.53939393939393943 7.5000000000000009 0.26043478260869574 0.24417344173441732 0.30079365079365078 2.5000000000000004 0.23294573643410851 4.5000000000000009 1.5000000000000002 54.500000000000007 17.500000000000004 5.5000000000000009 3.5000000000000004 21.500000000000004 6.5000000000000009 0.091750841750841708 2.5000000000000004 281.73331456456464 3.5000000000000004 7.5000000000000009 0.62828947368421062
decision_type=2 2 2 2 2 2 2 2 2 2 2 2 2 2 2 2 2 2 2 2 2 2 2 2 2 2 2 2 2 2
left_child=1 -1 -2 4 24 6 -6 -7 -8 10 11 12 14 -13 15 16 17 -5 -11 -16 22 -12 -21 -14 25 -4 27 28 29 -9
right_child=2 -3 3 9 5 7 8 26 -10 18 21 13 23 -15 19 -17 -18 -19 -20 20 -22 -23 -24 -25 -26 -27 -28 -29 -30 -31
leaf_value=-0.074684607205781545 -0.058552308655300249 -0.001181932924742939 -0.11535293114892303 0.0020937243480956989 0.012171787124027757 0.0084332765089760314 -0.060923212405728525 0.015386675198624951 -0.016728880858193639 0.0079039087861270396 -0.019970481528938079 -0.056646541453458613 0.11739966431000014 0.0043598762153088466 0.051797295656499764 -0.11171201354756247 0.022945629559733144 -0.10173514142005557 -0.040851292997592902 -0.0089347140428276406 -0.079898741862902911 -0.096773868067924748 0.0661901681032325 0.019817462719006609 -0.082852304685830311 0.03142379514297048 0.032423216014439475 -0.005155336797250493 0.028318017387768058 -0.0855970499581334
leaf_weight=86.683080480899662 22.310290172696114 47.823690872639418 3.5185625720769194 7.5119272563606518 55.628087053075433 624.65860252641141 28.847961714491248 6.5205735778436091 52.626715958118439 1746.9469887176529 13.317001443356277 22.087302492931485 7.0225556306540948 24.523577853105962 18.924847292713821 4.0608658511191598 15.703841849230228 7.2432946637272835 13.409749728627501 18.928619226440794 4.1351430639624587 8.3882790599018318 7.4451901661232105 5.7527509732171893 10.907277739606796 8.5593727771192771 13.635859218891708 89.290513581596315 5.8105531497858456 21.014963069930673
leaf_count=7617 962 558 19 40 271 2847 896 33 421 8248 53 124 35 123 91 21 84 31 1031 82 22 51 54 31 69 65 55 457 32 90
internal_value=0.00166922 -0.0485508 0.0040239 0.00451438 0.000775623 0.00195423 -0.0143017 0.00488319 -0.0323769 0.00630281 -0.00681301 -0.000326091 0.0113462 -0.024549 0.00189458 -0.0235946 -0.0118466 -0.0488756 0.00753251 0.0196938 -0.000220137 -0.0496521 0.0122727 0.0734582 -0.0452727 -0.0113354 -0.01139 -0.0162616 -0.0460008 -0.0616835
internal_weight=3003.24 134.507 2868.73 2846.42 921.019 898.034 137.103 760.931 81.4747 1925.4 165.045 143.34 96.729 46.6109 83.9537 34.5199 30.4591 14.7552 1760.36 49.4338 30.509 21.7053 26.3738 12.7753 22.9852 12.0779 136.272 122.637 33.3461 27.5355
internal_count=24513 8175 16338 15376 5255 5102 1588 3514 1317 10121 842 738 491 247 425 176 155 71 9279 249 158 104 136 66 153 84 667 612 155 123
is_linear=0
shrinkage=0.1


Tree=135
num_leaves=31
num_cat=0
split_feature=0 4 0 0 10 0 0 10 9 2 12 9 13 13 8 1 13 9 6 13 9 9 5 13 5 8 12 8 8 8
split_gain=81.5478 10.507 4.04196 3.48975 3.23992 10.4551 6.44893 2.9626 2.94351 4.09902 3.58782 3.41275 5.4334 4.72975 3.32975 3.10386 2.52256 3.71328 3.01794 3.28106 4.24592 4.9153 4.00135 7.12171 4.43444 3.81248 3.33496 3.50553 3.27676 2.70403
threshold=31.500000000000004 9.5000000000000018 43.500000000000007 59.500000000000007 19.500000000000004 43.500000000000007 54.500000000000007 8.5000000000000018 255.71382275132285 4.5000000000000009 8.5000000000000018 250.52542735042738 0.86335403726708082 1.083916083916084 0.19657494145199064 2.5000000000000004 0.17424242424242423 296.36007168458792 13.500000000000002 0.51315789473684215 214.1086904761905 253.65381720430108 5.5000000000000009 0.84962406015037606 6.5000000000000009 0.20722186076772933 7.5000000000000009 0.24417344173441732 0.20794025157232701 0.27100988700564976
decision_type=2 2 2 2 2 2 2 2 2 2 2 2 2 2 2 2 2 2 2 2 2 2 2 2 2 2 2 2 2 2
left_child=-1 2 -2 4 6 -6 7 -3 11 15 14 -9 -13 -14 -11 -10 -7 18 19 28 -21 22 -22 -24 -25 -23 27 -27 -18 -20
right_child=1 3 -4 -5 5 16 -8 8 9 10 -12 12 13 -15 -16 -17 17 -19 29 20 21 25 23 24 -26 26 -28 -29 -30 -31
leaf_value=-0.073777807286473526 -0.072358607857832033 -0.080883426110710643 -0.005972631480318482 0.076496441063568538 -0.072563901447991394 0.049596800754691014 0.075987058948189704 0.0054229484072340758 0.033229887525432183 -0.11259615836317463 0.053841106523198859 0.038270660165241138 -0.16944369488335298 -0.033924528736463649 -0.0085625597853008599 0.11479032726421552 -0.080463716476192548 -0.1038284297391048 -0.060786555013418869 -0.012983250723827167 0.024558637030935609 -0.080373409949064167 0.17671859031537893 0.11013896508691075 -0.019152609419772818 0.12470068414018272 -0.055039567775942669 0.0052256598711929968 -0.0032681606182668292 0.025680756149970053
leaf_weight=146.3242287884932 24.413660595193505 3.9462394658476105 14.690131109207867 6.798458805307745 21.859560924582183 9.9768796637654287 13.146681640297173 1447.188277432695 44.513990731909871 3.9740538075566354 6.7191878277808419 6.0277551263570812 3.8459638394415361 7.7952248901128769 13.622683580964802 5.2123414911329737 8.0434358883649129 3.5173095725476733 13.666184991598131 43.488740565255284 36.234578017145395 6.0785343926399973 5.5098292045295265 4.6894456539303047 6.107967222109437 3.546556659042837 5.1159217059612265 7.9853286128491163 17.380293369293213 4.9182246644049874
leaf_count=11821 1456 72 144 410 735 83 782 7558 218 21 37 29 21 41 73 24 55 28 74 236 217 50 26 25 36 19 35 53 105 29
internal_value=-0.0019857 0.00385032 -0.0474194 0.00498885 0.0047117 -0.00733254 0.00624525 0.00565098 0.00587288 0.0253258 -0.00832128 0.00488962 -0.0387933 -0.0786967 -0.0320575 0.0417791 0.000757411 -0.00217293 2.38143e-05 0.00491254 0.0118924 0.0262651 0.0430718 0.0842078 0.0370003 -0.0125909 0.0121583 0.0419694 -0.0276909 -0.0379036
internal_weight=1946.34 1800.01 39.1038 1760.91 1754.11 198.119 1555.99 1542.85 1538.9 74.0423 24.3159 1464.86 17.6689 11.6412 17.5967 49.7263 176.259 166.282 162.765 144.181 118.757 75.2682 52.5418 16.3072 10.7974 22.7263 16.6478 11.5319 25.4237 18.5844
internal_count=24513 12692 1600 11092 10682 1806 8876 8094 8022 373 131 7649 91 62 94 242 1071 988 960 857 697 461 304 87 61 157 107 72 160 103
is_linear=0
shrinkage=0.1


Tree=136
num_leaves=31
num_cat=0
split_feature=0 4 0 10 2 8 3 8 8 0 1 9 9 8 12 4 6 12 7 12 9 0 8 6 11 8 12 8 6 8
split_gain=93.029 13.0334 2.55661 2.59297 2.00268 2.05908 1.80621 2.76936 3.3154 2.38413 3.59613 2.99257 4.26277 2.83692 2.47393 2.64051 2.45969 3.6991 2.30035 4.8906 3.64653 3.47041 3.32034 3.14805 3.12184 4.03079 4.4491 3.68434 2.99875 2.89511
threshold=32.500000000000007 13.500000000000002 21.500000000000004 5.5000000000000009 6.5000000000000009 0.1575187969924812 1.5000000000000002 0.069366479550922219 1.0000000180025095e-35 17.500000000000004 1.0000000180025095e-35 448.9585294117648 415.70721153846165 0.095695970695970675 5.5000000000000009 5.5000000000000009 8.5000000000000018 1.5000000000000002 -5.4999999999999991 8.5000000000000018 343.01957142857151 29.500000000000004 0.26546556122448989 1.5000000000000002 3.5000000000000004 0.28345771144278614 4.5000000000000009 0.19264507422402158 8.5000000000000018 0.24807692307692308
decision_type=2 2 2 2 2 2 2 2 2 2 2 2 2 2 2 2 2 2 2 2 2 2 2 2 2 2 2 2 2 2
left_child=1 4 -3 -4 6 -6 7 8 -1 14 11 12 13 -11 15 -9 17 -12 19 21 23 -15 -23 -20 27 26 -26 -25 -21 -22
right_child=-2 2 3 -5 5 -7 -8 9 -10 10 16 -13 -14 18 -16 -17 -18 -19 20 28 29 22 -24 24 25 -27 -28 -29 -30 -31
leaf_value=0.045722819657708608 -0.074106875293840732 0.018309604376651738 0.031031093762444742 -0.076230211601834005 0.041123268553574906 -0.075798646203986519 0.0039061185226248706 0.0053533857009068243 -0.086780950302023763 0.087775321578988055 -0.032206427575291845 -0.043401212312777167 0.066008003365233769 0.020691847059144172 0.065945491616384286 0.10053078807626124 -0.0090690809818091186 0.066136245654563747 0.049628769802266909 0.0066946981387220553 0.038825833653504088 0.050416521975395229 0.2042473340017899 0.0022556429650560672 0.038301299633923785 0.069062831498206842 -0.09678222386708564 -0.08513584635001703 -0.080290784794795803 -0.014115409772021238
leaf_weight=2.8157916683703643 168.41095611290075 3.9328961838036767 2.4548675306141403 27.51395577378571 2.0367536135017863 5.7820880338549614 1358.1577444011346 23.553187981247905 5.7330602034926414 3.8937373273074618 4.4947871062904623 12.196771189570425 11.739997517317532 42.912002574652433 16.917383152060211 3.3265592940151683 8.6295766085386258 25.661170180886984 4.4963541552424422 8.7680652774870413 20.222618862986565 4.4232391547411671 2.0550037659704685 6.6625414118170765 4.2055469006299955 5.121732957661151 5.8018394112586975 17.483337592333555 7.2321739103645077 21.114371726289392
leaf_count=37 12224 49 17 1419 21 93 8656 418 52 20 26 67 68 203 300 38 40 146 24 48 113 42 17 40 25 24 34 97 35 120
internal_value=-0.00327105 0.00387521 -0.0574958 -0.067444 0.0051474 -0.0453413 0.00538994 0.0128688 -0.0431373 0.0147038 0.0104105 0.00440849 0.00791848 0.00350135 0.0359872 0.0171323 0.0380067 0.0514781 0.001321 0.0154256 -0.00951582 0.0309912 0.0992142 -0.0296312 -0.0387052 -0.0030878 -0.0400141 -0.061022 -0.0326231 0.0117842
internal_weight=1837.75 1669.34 33.9017 29.9688 1635.44 7.81884 1627.62 269.461 8.54885 260.912 217.115 178.329 166.133 154.393 43.7971 26.8797 38.7855 30.156 150.499 65.3905 85.1083 49.3902 6.47824 43.7714 39.275 15.1291 10.0074 24.1459 16.0002 41.337
internal_count=24513 12289 1485 1436 10804 114 10690 2034 89 1945 1189 977 910 842 756 456 212 172 822 345 477 262 59 244 220 83 59 137 83 233
is_linear=0
shrinkage=0.1


Tree=137
num_leaves=31
num_cat=0
split_feature=0 0 10 4 10 5 3 11 8 13 10 8 0 10 9 11 4 6 0 12 12 9 5 5 11 8 8 8 7 9
split_gain=26.8684 4.7092 14.1023 2.56154 4.80218 2.53302 2.4985 2.14931 2.63291 3.21813 2.94017 4.3643 3.20394 3.63778 4.37533 3.64581 4.35364 3.5954 6.60437 3.75458 4.9497 4.34214 3.33519 3.19142 3.08772 2.96292 3.25182 2.9554 4.04813 3.62717
threshold=45.500000000000007 40.500000000000007 19.500000000000004 15.500000000000002 12.500000000000002 8.5000000000000018 5.5000000000000009 4.5000000000000009 0.45080645161290328 1.1055555555555558 4.5000000000000009 0.088562091503267909 18.500000000000004 1.5000000000000002 284.01331521739138 5.5000000000000009 6.5000000000000009 3.5000000000000004 22.500000000000004 8.5000000000000018 7.5000000000000009 290.8184200603319 4.5000000000000009 3.5000000000000004 5.5000000000000009 0.21294035577258458 0.34514106583072107 0.15047169811320757 -3.4999999999999996 179.04150000000001
decision_type=2 2 2 2 2 2 2 2 2 2 2 2 2 2 2 2 2 2 2 2 2 2 2 2 2 2 2 2 2 2
left_child=1 7 3 4 -3 -4 -2 -1 10 -10 11 23 -13 14 15 -14 -17 18 -15 20 21 -19 -23 -9 -21 -20 -27 29 -29 -12
right_child=6 2 5 -5 -6 -7 -8 8 9 -11 27 12 13 17 -16 16 -18 19 25 24 -22 22 -24 -25 -26 26 -28 28 -30 -31
leaf_value=0.0059777885813853968 -0.024868977236184583 0.10667528749782205 0.0031197323941403489 -0.070937437040520787 -0.048644222149430344 0.085464519183670373 -0.073712006183630843 -0.077768505693842693 -0.0095090676135682409 0.12611372967587409 0.065690113892545865 -0.076017431134857427 0.098261354655963085 -0.068203501183231749 -0.008010676329887844 0.076651125822892907 -0.06233513838853974 0.095014647879945485 -0.013463880194152962 -0.058309937218962965 0.15168831886516182 0.039069801958025896 -0.037242930454706343 0.049081080592439555 0.03515629453554564 0.086777303448175205 -0.0099362421270444336 0.0085722538223843032 -0.013849710114511152 0.0040643952502466751
leaf_weight=1900.6932885972783 13.324977439129723 2.4529218878597012 113.72077932022512 37.072771431878209 10.5617248872295 3.8625339195132247 48.933059179456905 9.3173288255929929 3.378450803924351 3.6288957092911005 10.906054807826875 4.1031883032992473 7.6660513132810602 10.12205398455262 93.924376677721739 4.3406049013137817 4.6878210976719856 11.952870421111582 10.82415482401848 6.4517657049000245 4.4327261969447127 35.513764649629593 6.8281025998294345 2.5197587916627517 7.8168656826019287 10.442960061132906 5.2115581780672064 106.45808940427378 330.49144183890894 76.86279883235693
leaf_count=11571 492 18 719 1789 374 27 4776 73 23 22 60 270 41 85 446 23 21 60 40 39 23 179 30 18 36 43 18 594 2063 540
internal_value=0.00172609 0.00315255 -0.0131034 -0.0575384 -0.0193705 0.0058247 -0.0632582 0.00417393 -0.000291042 0.0607259 -0.000852984 0.00841305 0.0115359 0.0131672 0.000374033 0.047547 0.00448542 0.0260797 0.000500918 0.0389051 0.050084 0.0417889 0.0267635 -0.0507661 -0.0071058 0.0267647 0.0545803 -0.00502327 -0.00838684 0.0117219
internal_weight=2898.5 2836.25 167.671 50.0874 13.0146 117.583 62.258 2668.57 767.882 7.00735 760.874 236.156 224.319 220.216 110.619 16.6945 9.02843 109.597 36.6007 72.9961 58.7275 54.2947 42.3419 11.8371 14.2686 26.4787 15.6545 524.718 436.95 87.7689
internal_count=24513 19245 2927 2181 392 746 5268 16318 4747 45 4702 1445 1354 1084 531 85 44 553 186 367 292 269 209 91 75 101 61 3257 2657 600
is_linear=0
shrinkage=0.1


Tree=138
num_leaves=31
num_cat=0
split_feature=10 0 0 9 7 0 8 7 0 8 10 7 5 11 8 6 13 8 13 12 13 6 8 8 5 5 9 2 12 11
split_gain=31.5597 16.2516 7.92385 2.64269 2.4679 2.20085 1.79669 1.78382 5.34484 5.58658 3.94614 3.13976 2.60285 2.67507 4.93845 4.3163 4.08116 6.17517 3.58027 3.39371 5.59719 4.26996 3.33388 5.56517 6.05254 3.65849 3.21214 3.27572 3.19851 3.3704
threshold=7.5000000000000009 29.500000000000004 21.500000000000004 401.50203373015876 5.5000000000000009 20.500000000000004 0.29805897723030988 -5.4999999999999991 35.500000000000007 0.32529069767441865 13.500000000000002 -9.4999999999999982 1.5000000000000002 2.5000000000000004 0.17165178571428572 16.500000000000004 0.88194444444444453 0.19378911892152142 0.94987468671679209 7.5000000000000009 1.420168067226891 16.500000000000004 0.24417344173441732 0.26546556122448989 5.5000000000000009 5.5000000000000009 271.01491596638658 2.5000000000000004 2.5000000000000004 5.5000000000000009
decision_type=2 2 2 2 2 2 2 2 2 2 2 2 2 2 2 2 2 2 2 2 2 2 2 2 2 2 2 2 2 2
left_child=1 -1 4 7 -2 6 -6 8 10 12 -4 -11 -10 15 18 16 17 -14 -15 21 26 28 25 -24 -25 -18 27 -21 -16 -30
right_child=2 -3 3 -5 5 -7 -8 -9 9 11 -12 -13 13 14 19 -17 22 -19 -20 20 -22 -23 23 24 -26 -27 -28 -29 29 -31
leaf_value=-0.074528756451318498 -0.055875768080571243 -0.00082536480382994172 0.056517791750795611 0.090238448200806606 -0.078925394717642913 0.089650727409704312 0.058478905882427282 0.0051730904788487818 -0.076188930416645151 0.11837038040583672 -0.038289947940673592 0.029447944546243061 -0.018848098359130521 -0.014037583872983001 -0.039209109612648736 -0.06365477845967675 0.049361830778677493 0.06272885237966333 0.055586089587479563 -0.10132681847553913 0.037818660193054521 0.078064024336967838 -0.10493139576502356 -0.063018665974443999 0.05515591709774717 -0.010082059183915339 -0.0053077717728393804 -0.018587586365102195 -0.01189135613701209 0.046859782113870561
leaf_weight=80.192964994814247 28.835352320224047 47.719899306073785 4.790489647537469 3.5760018806904545 2.7414648346602908 2.3486907072365284 1.4576235394924877 2465.0165810571052 4.4886526986956587 5.539919942617419 52.540298827923834 14.018828374333678 12.941831831820307 12.296950868330898 27.636224856600165 7.1124125160276881 19.610130801796913 32.78886544983834 18.493667363189161 17.021259499713786 7.2713813520967951 5.6729530994780353 6.8634580792859223 7.9583633691072491 9.5166017308365536 21.933923028875142 8.1582316383719427 6.6562241995707145 38.726543850265443 13.056524703279136
leaf_count=7617 1174 558 20 36 63 34 32 12861 18 24 790 64 59 56 123 39 84 153 84 72 33 30 29 32 43 98 35 34 164 54
internal_value=0.00156398 -0.0470326 0.00373815 0.00432747 -0.0432909 0.012131 -0.0312284 0.00421853 -0.00240792 0.00297546 -0.0303679 0.0546348 -0.000656379 0.000582277 -0.00807016 0.0118776 0.0166908 0.0396425 0.0277803 -0.0169579 -0.0413414 -0.00575168 0.000759414 -0.0286305 0.00133742 0.0179774 -0.0594218 -0.0780671 -0.0117387 0.00292209
internal_weight=2986.98 127.913 2859.07 2823.69 35.3831 6.54778 4.19909 2820.11 355.094 297.763 57.3308 19.5587 278.204 273.716 154.99 118.726 111.613 45.7307 30.7906 124.199 39.1071 85.0922 65.8825 24.3384 17.475 41.5441 31.8357 23.6775 79.4193 51.7831
internal_count=24513 8175 16338 15035 1303 129 95 14999 2138 1328 810 88 1240 1222 685 537 498 212 140 545 174 371 286 104 75 182 141 106 341 218
is_linear=0
shrinkage=0.1


Tree=139
num_leaves=31
num_cat=0
split_feature=0 4 0 0 10 0 0 10 9 11 13 11 9 3 12 7 11 12 7 6 6 6 13 13 9 6 7 2 13 12
split_gain=74.8186 9.29342 3.92751 3.10275 2.80072 9.63014 5.76207 2.69664 2.5454 3.65596 3.76036 5.38732 2.86027 4.61986 5.23456 2.71906 4.34021 3.06756 2.61048 2.63713 2.46414 2.32994 2.18522 2.13259 2.69611 2.92137 3.03701 2.87416 2.7784 2.68535
threshold=31.500000000000004 9.5000000000000018 43.500000000000007 59.500000000000007 19.500000000000004 43.500000000000007 54.500000000000007 8.5000000000000018 255.71382275132285 5.5000000000000009 0.82843137254901966 4.5000000000000009 250.52542735042738 8.5000000000000018 5.5000000000000009 3.5000000000000004 2.5000000000000004 6.5000000000000009 -3.4999999999999996 8.5000000000000018 5.5000000000000009 8.5000000000000018 1.9285714285714286 0.17424242424242423 265.93608974358978 13.500000000000002 -7.4999999999999991 3.5000000000000004 0.72077922077922085 2.5000000000000004
decision_type=2 2 2 2 2 2 2 2 2 2 2 2 2 2 2 2 2 2 2 2 2 2 2 2 2 2 2 2 2 2
left_child=-1 2 -2 4 6 -6 7 -3 12 10 18 15 22 14 -14 16 21 -17 -10 20 -20 -12 -9 -7 25 26 -25 -26 -27 -30
right_child=1 3 -4 -5 5 23 -8 8 9 -11 11 -13 13 -15 -16 17 -18 -19 19 -21 -22 -23 -24 24 27 28 -28 -29 29 -31
leaf_value=-0.073551900442851578 -0.071942503993774942 -0.080453141657359381 -0.0054177424355180978 0.076335189490375155 -0.072072380846814596 0.045070068197205784 0.075871487409315999 0.0052800670014114971 -0.0039751609896330553 0.094400227996440114 0.043140060182917682 -0.062085971715312098 -0.0035348484480628613 0.019578390429234156 -0.15170950906252789 -0.081819009158181327 0.075991893301050842 0.035002912559057006 0.10500270157851584 0.13935472413585945 0.0088185681596175264 -0.042941423907110504 -0.048419871007654991 0.076200211459751158 -0.058024196904203754 0.013660213130466618 0.0038910826115793351 0.049930729162605533 0.0020228690842282494 -0.10674098544989537
leaf_weight=135.48773652105592 22.672839423175901 3.6655349964275947 14.582587976008652 6.0037958789616814 20.345329886302352 10.161567308008669 11.629353303462265 1436.8443183172494 6.1819585189223316 6.6263361349701873 5.5339073352515697 10.626019921153782 4.4713898636400717 8.2417404130101186 5.1074047610163689 4.8797334805130941 13.158294837921858 4.1672842390835285 4.4309326931834203 4.308032624423503 6.6775594037026167 7.2817245246842504 7.6180622596293679 6.090784575790166 14.341142274439337 6.5349751263856914 125.30566023662686 2.9783677384257308 3.4302730839699489 6.7113762404769659
leaf_count=11821 1456 72 144 410 735 83 782 7502 30 33 29 51 20 45 26 29 61 25 23 20 35 37 56 39 104 36 729 23 15 42
internal_value=-0.00190191 0.00351954 -0.0459033 0.00456968 0.0043231 -0.00694362 0.00574573 0.00521611 0.00542053 0.0235313 0.0165479 0.000281608 0.00450561 -0.0353125 -0.0825414 0.0192051 0.03565 -0.0280079 0.0509257 0.0729406 0.0471843 -0.00577065 0.00499685 0.000604283 -0.00212765 0.00223891 0.00724292 -0.0394596 -0.037188 -0.0699531
internal_weight=1926.1 1790.61 37.2554 1753.35 1747.35 195.899 1551.45 1539.82 1536.15 73.8718 67.2454 45.647 1462.28 17.8205 9.57879 35.0209 25.9739 9.04702 21.5985 15.4165 11.1085 12.8156 1444.46 175.554 165.393 148.073 131.396 17.3195 16.6766 10.1416
internal_count=24513 12692 1600 11092 10682 1806 8876 8094 8022 373 340 232 7649 91 46 181 127 54 108 78 58 66 7558 1071 988 861 768 127 93 57
is_linear=0
shrinkage=0.1


Tree=140
num_leaves=31
num_cat=0
split_feature=0 4 0 10 11 2 8 6 6 9 4 11 12 9 4 8 5 0 9 13 8 9 10 7 4 9 10 7 4 8
split_gain=85.3786 11.6843 2.44156 2.49887 2.16267 1.76373 1.89353 1.73325 2.10363 2.49883 2.17934 1.86251 3.15149 5.23195 4.4179 5.24473 3.56453 2.67576 2.69807 4.35216 8.7635 3.39116 3.51659 4.65193 4.81327 3.07407 2.67527 3.87039 2.72384 2.71854
threshold=32.500000000000007 13.500000000000002 21.500000000000004 5.5000000000000009 4.5000000000000009 6.5000000000000009 0.1575187969924812 14.500000000000002 12.500000000000002 288.39128787878792 4.5000000000000009 5.5000000000000009 10.500000000000002 317.10425000000004 6.5000000000000009 0.22933743169398904 1.5000000000000002 28.500000000000004 326.04157407407416 0.48529411764705882 0.27543103448275869 328.81087622549029 2.5000000000000004 -6.4999999999999991 4.5000000000000009 361.48801108801115 22.500000000000004 -5.4999999999999991 2.5000000000000004 0.30707196029776679
decision_type=2 2 2 2 2 2 2 2 2 2 2 2 2 2 2 2 2 2 2 2 2 2 2 2 2 2 2 2 2 2
left_child=1 5 4 -4 -3 7 -7 8 11 -10 -11 17 26 16 15 -15 -14 -1 -19 20 -20 -21 -23 -24 -25 -26 28 -28 -13 -30
right_child=-2 2 3 -5 -6 6 -8 -9 9 10 -12 12 13 14 -16 -17 -18 18 19 21 -22 22 23 24 25 -27 27 -29 29 -31
leaf_value=0.0048079047417280245 -0.073896440694436516 -0.042054558373234525 0.028673504018466568 -0.076138214586094821 0.10901832162442582 0.037667993808342438 -0.074455282840063003 0.060122067594782995 -0.10409480138584466 -0.055572287959898839 0.04144884375465159 -0.041631108079228603 -0.058480972220903461 0.12331239324419963 -0.12902675554269274 -0.095120779088526689 0.046627198471353382 -0.02950702894134093 0.0011080349561060447 0.093944471689320741 0.22423538187126116 -0.050030666808167923 -0.084547773987868599 0.19245820604166441 -0.049682940084210592 0.10787494872872526 0.11520338870545797 0.01544244454526863 0.022731096857897742 -0.0090811073642299983
leaf_weight=1287.7857319181785 155.7474870744627 2.4276299476623566 2.4977419190108803 25.473463131114841 1.5542676225304601 2.0796933472156516 5.4619118543341756 5.6713033262640229 3.7559280116111031 4.6623137034475786 4.59899134747684 8.3273266982287151 4.4884312832728055 1.9797931583598236 6.0923157334327698 2.4713956043124199 11.475772590376435 47.065743267536163 5.6292618885636312 2.7710965089499977 2.5610762350261211 16.958352241665128 2.8205197304487228 2.1468780525028688 3.0557754542678595 2.0820545442402363 6.6492117606103447 9.368187837302683 145.9805365903303 32.920459632761776
leaf_count=8132 12224 34 17 1419 15 21 93 38 30 23 28 71 27 37 28 16 67 583 44 21 21 142 26 16 37 19 35 49 983 217
internal_value=-0.00310197 0.00353699 -0.0563493 -0.0667789 0.0169142 0.00471177 -0.0435359 0.00493619 0.00474248 -0.0352951 -0.0073934 0.00506768 0.013401 -0.0190294 -0.0736965 0.0020336 0.0170754 0.00367308 -0.0135016 0.00630927 0.0708788 -0.0114166 -0.0222048 0.024492 0.0667104 0.0141658 0.0176306 0.0568556 0.0142749 0.0168772
internal_weight=1816.56 1660.81 31.9531 27.9712 3.9819 1628.86 7.54161 1621.32 1615.65 13.0172 9.26131 1602.63 229.753 26.5077 10.5435 4.45119 15.9642 1372.88 85.0908 38.025 8.19034 29.8347 27.0636 10.1052 7.28471 5.13783 203.246 16.0174 187.228 178.901
internal_count=24513 12289 1485 1436 49 10804 114 10690 10652 81 51 10571 1530 175 81 53 94 9041 909 326 65 261 240 98 72 56 1355 84 1271 1200
is_linear=0
shrinkage=0.1


Tree=141
num_leaves=31
num_cat=0
split_feature=0 0 10 3 4 10 1 0 9 5 4 9 12 5 8 13 8 5 8 4 6 9 9 1 8 1 11 8 1 10
split_gain=24.2037 4.02219 12.8969 2.52328 2.50948 4.00384 2.17373 2.73064 2.64544 2.34357 2.43114 2.81823 2.32683 2.30837 3.82021 2.59134 2.2602 3.01869 2.25456 6.208 2.18208 2.09243 2.06653 1.99826 4.00163 2.78696 1.80085 2.49833 4.05939 3.55247
threshold=45.500000000000007 40.500000000000007 19.500000000000004 5.5000000000000009 15.500000000000002 12.500000000000002 1.5000000000000002 44.500000000000007 248.44102472089318 2.5000000000000004 15.500000000000002 260.86697368421056 8.5000000000000018 3.5000000000000004 0.18561584840654602 0.23611111111111113 0.21913109756097562 5.5000000000000009 0.22016949152542373 9.5000000000000018 10.500000000000002 266.96449683321617 237.85302631578949 5.5000000000000009 0.31957446808510642 6.5000000000000009 4.5000000000000009 0.34248120300751878 1.0000000180025095e-35 2.5000000000000004
decision_type=2 2 2 2 2 2 2 2 2 2 2 2 2 2 2 2 2 2 2 2 2 2 2 2 2 2 2 2 2 2
left_child=1 23 4 -2 5 -3 12 9 -9 -8 11 22 13 -4 -15 -16 21 -18 19 -17 -13 -14 -11 26 25 -25 -1 -28 29 -29
right_child=3 2 6 -5 -6 -7 7 8 -10 10 -12 20 16 14 15 18 17 -19 -20 -21 -22 -23 -24 24 -26 -27 27 28 -30 -31
leaf_value=0.0057978600648325969 -0.023451484970899918 0.092004852588397398 -0.035734113464945365 -0.073483507993150496 -0.070432120219738686 -0.04704268277318762 0.084774136434910011 0.02753643573858533 0.20193240402960841 0.014683362624406615 -0.064237575010812259 -0.060868823801118244 -0.063666978979036323 -0.059775438248761574 0.085333502106056017 0.14086142924331785 0.080106797899021628 -0.017671153870602873 -0.015306259870406331 -0.023003848824955046 0.033321909173567768 0.029985244547422553 0.12346879932747951 -0.065344941530891709 0.051127725084164161 0.021204067179812082 -0.0018269452652816751 0.06226708656321811 0.034797335073815952 -0.035324704934504118
leaf_weight=1879.5300817396492 12.983588275965301 2.6093983650207511 25.296217776834965 45.077732488745824 34.460555439814925 10.033886039629577 4.3441351018846097 1.788268601521849 1.6935535557568071 3.4589538872242036 4.1731748264282933 4.8861767351627332 4.4514760076999682 7.7942329198122016 4.8874967247247723 3.9638578370213526 9.9371827226132137 4.627935789525508 17.328521115705371 5.5476513784378767 4.9524298384785652 5.1408388689160347 3.5266086682677269 15.387261295691138 5.5910757072269908 4.9070322066545478 685.66645027790219 4.6485436568036702 47.269829278811812 18.875468033365905
leaf_count=11448 492 18 165 4776 1789 374 24 27 15 24 46 24 26 48 37 16 54 25 113 39 21 24 18 102 33 40 4268 26 265 136
internal_value=0.00161655 0.00292929 -0.0122261 -0.0622954 -0.0564513 -0.0183452 0.00545817 0.0293251 0.112362 0.0179161 0.00408381 0.0210307 -0.00227343 -0.0121459 0.00295194 0.0183616 0.0242158 0.0490387 0.00616626 0.0452859 -0.0134563 -0.0134757 0.0696029 0.00386816 -0.0237807 -0.0444179 0.00413967 1.96573e-05 0.0179047 -0.0160397
internal_weight=2884.84 2826.78 164.903 58.0613 47.1038 12.6433 117.799 28.8233 3.48182 25.3415 20.9973 16.8242 88.9754 64.818 39.5218 31.7275 24.1574 14.5651 26.84 9.51151 9.83861 9.59231 6.98556 2661.88 25.8854 20.2943 2635.99 756.46 70.7938 23.524
internal_count=24513 19245 2927 5268 2181 392 746 199 42 157 133 87 547 418 253 205 129 79 168 55 45 50 42 16318 175 142 16143 4695 427 162
is_linear=0
shrinkage=0.1


Tree=142
num_leaves=31
num_cat=0
split_feature=10 0 0 9 5 7 7 9 3 9 8 5 6 0 0 8 8 13 12 10 12 7 8 7 0 10 11 5 13 13
split_gain=28.0235 15.7995 7.09686 1.77112 2.89297 2.63369 4.9739 4.45411 5.2698 3.66834 8.31726 3.86577 7.58551 3.60216 3.52246 3.35173 3.23538 3.18592 3.03365 2.73858 2.62151 2.57316 4.22088 3.54325 4.99282 6.52467 2.97642 5.73209 5.11827 4.2098
threshold=7.5000000000000009 29.500000000000004 19.500000000000004 106.83598214285716 2.5000000000000004 11.500000000000002 8.5000000000000018 189.05013931104364 14.500000000000002 170.57696049528303 0.16172624237140362 1.5000000000000002 2.5000000000000004 44.500000000000007 39.500000000000007 0.21644144144144142 0.17694497153700192 0.91287878787878796 5.5000000000000009 12.500000000000002 8.5000000000000018 -1.4999999999999998 0.10889328063241101 -2.4999999999999996 32.500000000000007 13.500000000000002 1.5000000000000002 4.5000000000000009 1.297058823529412 1.2565789473684212
decision_type=2 2 2 2 2 2 2 2 2 2 2 2 2 2 2 2 2 2 2 2 2 2 2 2 2 2 2 2 2 2
left_child=1 -1 -2 4 -4 6 21 8 15 10 20 12 -12 -10 -11 -7 -13 19 -9 -18 -8 22 -5 24 25 -24 27 -23 29 -29
right_child=2 -3 3 5 -6 7 9 18 13 14 11 16 -14 -15 -16 -17 17 -19 -20 -21 -22 26 23 -25 -26 -27 -28 28 -30 -31
leaf_value=-0.074370035267948872 -0.056144139409717367 -0.00057313003513295615 -0.055682326645822393 -0.042004809739711407 0.020646718370881754 0.16318075004225707 -0.041432894834924072 0.0086761233992065506 0.037152812625506917 -0.013480265584534794 0.00025595108074475428 0.081280231417094839 0.10372487979763317 -0.051062815909902262 -0.057508552535061035 0.051806328282800185 0.05711502945002378 -0.034992314176334846 -0.092480319404212308 -0.035435627817156312 -0.14132455177185149 0.0075267951082593947 0.03571352410001731 -0.011924434308160311 0.0065862633351700291 -0.052215091186195287 0.0044165622566443175 0.028501975869129278 0.081886753450561567 -0.071421803524092692
leaf_weight=74.150619123596698 19.823090410791337 47.656873980537057 12.449468113482 22.798704181797802 8.260064844042061 4.8898065760731679 7.1063018008135241 9.1869934764690679 24.847874194383625 54.249562583863735 17.61472246423364 3.9403506037779144 11.853348030708728 5.6885471348650745 27.323177915532142 6.0394507125020027 9.0664263246580941 25.246774575207382 4.3772337185218921 4.938785971608012 4.1681732377037406 362.1902934461832 11.543627668172119 159.66528547182679 687.46058490220457 31.379789959639311 1198.7352571133524 94.412082458846271 18.096130969468504 4.4133107196539632
leaf_count=7617 962 558 52 153 33 20 37 46 94 221 74 17 53 91 253 24 40 142 26 37 19 1818 66 869 3326 841 6353 546 99 26
internal_value=0.00147512 -0.0454972 0.00348145 0.00389882 -0.0252382 0.00411346 0.00368097 0.0257751 0.0420468 -0.0131261 0.00155055 0.0139504 0.0418757 0.0207194 -0.0282277 0.101636 -0.0051016 -0.0137731 -0.0239675 0.024478 -0.0783628 0.0047547 0.000481995 0.0015703 0.00452031 -0.028568 0.0070793 0.0137414 0.0329927 0.0240396
internal_weight=2973.57 121.807 2851.77 2831.94 20.7095 2811.23 2756.2 55.0299 41.4657 165.508 83.9349 72.6604 29.4681 30.5364 81.5727 10.9293 43.1923 39.252 13.5642 14.0052 11.2745 2590.7 912.848 890.049 730.384 42.9234 1677.85 479.112 116.922 98.8254
internal_count=24513 8175 16338 15376 85 15291 14990 301 229 893 419 363 127 185 474 44 236 219 72 77 56 14097 5255 5102 4233 907 8842 2489 671 572
is_linear=0
shrinkage=0.1


Tree=143
num_leaves=31
num_cat=0
split_feature=0 4 0 0 10 0 0 10 9 11 13 1 3 11 12 9 5 12 6 5 6 9 0 11 9 3 6 10 9 9
split_gain=68.722 8.16717 3.8522 2.79702 2.43318 8.87674 5.23809 2.45903 2.18325 5.00897 2.38895 2.69743 2.32686 4.66461 7.06854 4.90743 5.39456 3.77263 3.92999 3.53416 6.60972 5.8627 3.0305 3.63878 4.31401 9.70609 3.02729 3.90679 3.69472 4.40583
threshold=31.500000000000004 9.5000000000000018 43.500000000000007 59.500000000000007 19.500000000000004 43.500000000000007 54.500000000000007 8.5000000000000018 260.86697368421056 5.5000000000000009 0.82843137254901966 1.5000000000000002 8.5000000000000018 5.5000000000000009 1.5000000000000002 206.07898769913291 3.5000000000000004 6.5000000000000009 9.5000000000000018 1.0000000180025095e-35 4.5000000000000009 194.34940741921773 35.500000000000007 3.5000000000000004 160.89314814814819 11.500000000000002 5.5000000000000009 12.500000000000002 158.94392883686365 177.55267434988181
decision_type=2 2 2 2 2 2 2 2 2 2 2 2 2 2 2 2 2 2 2 2 2 2 2 2 2 2 2 2 2 2
left_child=-1 2 -2 4 6 -6 7 -3 12 10 11 -10 13 19 -15 16 -16 18 -18 20 21 -9 23 -14 -25 -26 27 28 -21 -30
right_child=1 3 -4 -5 5 -7 -8 8 9 -11 -12 -13 22 14 15 -17 17 -19 -20 26 -22 -23 -24 24 25 -27 -28 -29 29 -31
leaf_value=-0.0733189124558382 -0.071499390680837327 -0.080054499005458024 -0.0044963824261682554 0.076212299257109484 -0.07157322286614308 0.00047043068299089255 0.075783797538225867 -0.077796759493554954 0.019160564542536663 0.12275897523635307 0.00094836606507612284 0.10440889401564801 -0.041612449587721236 0.057908251899550435 -0.052247864274086619 -0.065296491995966349 0.018447499796226167 -0.021237770397838078 0.15064425559460121 0.093081078860640237 0.1643114047665355 0.10453093185458132 0.0082766429618877264 -0.032696483378493478 -0.0026589924391464187 0.20725105523230145 0.0053191312126883578 -0.036772136329739372 -0.078999008885841451 0.018602215059407318
leaf_weight=125.48225302435458 21.066057013813406 3.4048404162749639 14.477755114436148 5.3789515867829314 18.951947764493525 175.26548716053367 10.476847319863735 4.0374325104057771 11.740771275013687 4.7165119126439086 36.855230215936899 5.4276581630110732 27.146486425772309 9.0695530511438829 15.79518769867718 30.659567333757877 5.57816423289478 8.1862835083156806 3.7677167821675539 4.5715755037963417 3.8483871445059776 3.1313574500381947 945.63098074123263 10.17101767472923 7.5880971886217576 3.1038622632622719 323.56274184025824 42.560410384088755 6.0609919279813793 19.522085417062044
leaf_count=11821 1456 72 144 410 735 1071 782 26 56 25 184 30 321 45 105 157 35 44 19 33 17 18 4619 118 93 35 1638 235 41 128
internal_value=-0.00179052 0.00324695 -0.0442076 0.00421288 0.00399041 -0.00655967 0.00531525 0.00483463 0.00502321 0.0239291 0.0153008 0.0461111 0.00426979 -0.00144464 -0.0247123 -0.036423 -0.00986082 0.0283268 0.0717416 0.00272889 0.0585956 0.00184474 0.00703229 -0.0174775 0.0139264 0.0582776 0.0011757 -0.0172615 0.010276 -0.00452089
internal_weight=1907.24 1781.75 35.5438 1746.21 1740.83 194.217 1546.61 1536.14 1532.73 58.7402 54.0237 17.1684 1473.99 480.351 73.0565 63.9869 33.3274 17.5322 9.34588 407.295 11.0172 7.16879 993.64 48.0095 20.863 10.692 396.278 72.7151 30.1547 25.5831
internal_count=24513 12692 1600 11092 10682 1806 8876 8094 8022 295 270 86 7727 2541 405 360 203 98 54 2136 61 44 5186 567 246 128 2075 437 202 169
is_linear=0
shrinkage=0.1


Tree=144
num_leaves=31
num_cat=0
split_feature=0 4 0 10 11 0 8 12 4 8 13 3 8 10 0 10 0 10 6 2 5 6 2 7 8 7 3 8 8 11
split_gain=78.2754 10.4759 2.31733 2.38841 1.70859 1.59625 2.40239 1.93382 4.75806 2.47804 2.88766 2.71144 1.9325 1.78486 7.30511 3.56464 3.33449 6.05868 3.38356 5.33181 3.6526 3.37873 2.88669 2.63233 2.58344 2.57213 3.79844 2.07513 3.35811 3.38875
threshold=32.500000000000007 13.500000000000002 21.500000000000004 5.5000000000000009 4.5000000000000009 12.500000000000002 0.48074074074074075 10.500000000000002 4.5000000000000009 0.12262799856784816 1.9285714285714286 1.0000000180025095e-35 0.48074074074074075 6.5000000000000009 18.500000000000004 22.500000000000004 24.500000000000004 21.500000000000004 7.5000000000000009 1.0000000180025095e-35 6.5000000000000009 8.5000000000000018 1.5000000000000002 -4.4999999999999991 0.11215932914046121 -1.4999999999999998 4.5000000000000009 0.21644144144144142 0.32173123486682814 2.5000000000000004
decision_type=2 2 2 2 2 2 2 2 2 2 2 2 2 2 2 2 2 2 2 2 2 2 2 2 2 2 2 2 2 2
left_child=1 5 4 -4 -3 7 13 9 -9 10 11 -1 -11 14 -7 16 21 -18 22 -20 -21 -15 23 -19 -17 26 27 -26 29 -29
right_child=-2 2 3 -5 -6 6 -8 8 -10 12 -12 -13 -14 15 -16 24 17 18 19 20 -22 -23 -24 -25 25 -27 -28 28 -30 -31
leaf_value=-0.10220144407023786 -0.073679532036470291 -0.040151379749643959 0.0259124353353406 -0.076053222117392349 0.091638725152948158 0.046443303918172057 0.068902610802997671 0.086601100570423861 -0.13567799955276874 0.070708476637188072 -0.11679897432356086 0.082424946563598833 -0.050308327379324107 -0.0022609609861933 0.0044186078985406418 0.074414717072738168 -0.055856879833767248 0.063995469190984269 0.049053119862199873 -0.072427725332719087 0.029967899841883295 0.060344801822735619 0.11894740749580431 -0.046839644433462668 -0.0078971797194580372 0.061347978925725605 -0.084682656951505508 -7.3276655632691524e-05 -0.026874947856740408 0.053906271488945036
leaf_weight=1.0895975083112777 144.05160814593546 2.3380913436412838 2.5452295020222691 23.574639839120209 1.6982317082583902 43.272210109978914 5.6589573500677934 1.7416337253525846 2.1540912156924605 14.983676498755814 1.9047170914709566 2.946549978107214 1.4469863716512907 410.49489055387676 937.76160864904523 6.8831802830100051 32.928371933288872 4.730513982474803 8.3186866510659474 14.111700231209399 4.6255901027470818 8.8052622824907285 3.7391880936920634 3.9172446485608807 37.055964669212699 9.3994903527200204 4.3562409188598386 18.74892177246511 11.367020046338437 30.629865612834692
leaf_count=20 12224 34 17 1419 15 1882 51 36 21 310 21 56 16 2229 4747 38 439 26 51 111 32 42 33 32 193 59 38 105 63 153
internal_value=-0.00298073 0.00317951 -0.0552201 -0.0661173 0.0152976 0.00426455 0.00386233 0.0287158 -0.0363053 0.0400384 -0.0153106 0.0325832 0.060051 0.00363102 0.00627227 -0.000616 -0.0043676 -0.02419 0.00224665 -0.017571 -0.0471498 -0.000946246 0.0455331 0.0137896 0.0149576 0.0112891 0.00668322 0.0107528 0.0221296 0.0334105
internal_weight=1797.28 1653.23 30.1562 26.1199 4.03632 1623.07 1596.8 26.2673 3.89572 22.3715 5.94086 4.03615 16.4307 1591.15 981.034 610.112 491.671 72.3713 39.4429 27.056 18.7373 419.3 12.3869 8.64776 118.441 111.558 102.158 97.8018 60.7458 49.3788
internal_count=24513 12289 1485 1436 49 10804 10324 480 57 423 97 76 326 10273 6629 3644 2995 724 285 194 143 2271 91 58 649 611 552 514 321 258
is_linear=0
shrinkage=0.1


Tree=145
num_leaves=31
num_cat=0
split_feature=0 0 10 13 12 13 0 2 5 12 4 3 2 0 10 6 8 3 8 13 5 10 9 7 7 12 1 8 1 9
split_gain=21.7858 3.5275 6.96719 3.4127 3.01453 4.54457 3.04061 3.68579 2.63488 3.71297 3.04515 2.54394 2.54349 7.97947 5.12372 5.41671 4.6471 6.40302 3.75967 5.12007 3.74105 3.00201 2.75399 3.4315 4.21551 3.85621 4.83724 4.11263 3.79409 3.71877
threshold=45.500000000000007 42.500000000000007 19.500000000000004 0.78888888888888908 6.5000000000000009 1.1339285714285716 44.500000000000007 2.5000000000000004 9.5000000000000018 8.5000000000000018 9.5000000000000018 5.5000000000000009 4.5000000000000009 34.500000000000007 13.500000000000002 4.5000000000000009 0.32037735849056609 11.500000000000002 0.17165178571428572 1.3923076923076925 2.5000000000000004 6.5000000000000009 106.83598214285716 11.500000000000002 9.5000000000000018 4.5000000000000009 2.5000000000000004 0.19264507422402158 3.5000000000000004 140.8333703703704
decision_type=2 2 2 2 2 2 2 2 2 2 2 2 2 2 2 2 2 2 2 2 2 2 2 2 2 2 2 2 2 2
left_child=1 8 -3 -4 6 -6 -5 -8 12 10 -10 -2 -1 14 15 21 18 -18 19 20 -17 -14 -23 24 25 26 -24 -27 29 -29
right_child=11 2 3 4 5 -7 7 -9 9 -11 -12 -13 13 -15 -16 16 17 -19 -20 -21 -22 22 23 -25 -26 27 -28 28 -30 -31
leaf_value=0.0043924900802221221 -0.022049488821985534 -0.07072788265129247 -0.045834922813640357 -0.025829747543193161 0.11640154398086272 -0.0088333589264375564 -0.029872822556995044 0.16971482314229103 -0.043187507402175175 0.14115204735246206 0.079973485227429905 -0.073243771708268193 0.056444472851359451 -0.035979213994951208 0.058906607995683757 -0.033969873905284408 -0.0045515673743454698 0.12930711157300481 -0.036663765682911936 -0.047100267679934089 0.069978419805789574 0.06202675698242005 0.055095729752292988 -0.036934999895930402 0.040635702844030036 -0.042633810724740297 0.00051097141887759812 0.055174797301719383 0.037622706852953991 -0.030879467481947195
leaf_weight=2304.0337591120042 12.667565868934615 19.303560105152428 10.925221990793942 14.886522026732569 6.3424249142408353 5.3349929098039865 1.7553218975663178 1.9566310755908487 4.2579760029911977 3.2754026278853408 3.7983689159154892 41.525644932640716 12.29521562065929 65.925207084976137 15.048024300485848 4.8403440192341867 14.991850271821024 4.6918346658349028 79.085070645436645 11.030508937314151 12.160619109869002 8.350676476955412 23.527354933321476 19.123732686042786 32.005114763975143 31.006394281983376 52.379887983202934 6.0219474695622912 20.051537118852139 30.234423346817493
leaf_count=14303 492 1294 183 122 41 39 17 27 21 18 26 4776 62 1494 68 22 65 19 354 50 50 37 101 82 136 132 236 28 84 134
internal_value=0.00152559 0.00273308 -0.021152 0.00207526 0.0193639 0.0591862 -0.00563929 0.0753331 0.00325704 0.0513784 0.0148799 -0.0612772 0.00305852 -0.00388304 0.00173187 -0.00064617 -0.0173035 0.0273552 -0.02551 0.00595813 0.0403833 0.00834187 0.00568615 0.00349123 0.00745124 0.000944303 0.0174294 -0.0133872 0.00271773 -0.0165864
internal_weight=2872.83 2818.64 60.5047 41.2011 30.2759 11.6774 18.5985 3.71195 2758.14 11.3317 8.05634 54.1932 2746.8 442.77 376.845 361.797 126.8 19.6837 107.117 28.0315 17.001 234.996 222.701 214.35 195.227 163.222 75.9072 87.3143 56.3079 36.2564
internal_count=24513 19245 1723 429 246 80 166 44 17522 65 47 5268 17457 3154 1660 1592 560 84 476 122 72 1032 970 933 851 715 337 378 246 162
is_linear=0
shrinkage=0.1


Tree=146
num_leaves=31
num_cat=0
split_feature=10 0 0 5 7 4 2 8 13 5 9 0 10 0 9 12 6 9 10 7 11 1 12 12 9 4 3 13 9 7
split_gain=24.8646 15.3711 6.36184 1.88016 3.23031 3.16072 3.23088 3.7622 2.11836 1.7417 1.62798 3.16951 1.56852 7.54494 2.02567 2.98867 3.88695 2.01207 1.92639 1.86458 2.0043 4.77071 3.76946 3.43799 3.13984 3.91592 2.86694 2.85693 2.43301 2.51346
threshold=7.5000000000000009 30.500000000000004 19.500000000000004 2.5000000000000004 -3.4999999999999996 7.5000000000000009 1.5000000000000002 0.25760368663594474 0.88194444444444453 4.5000000000000009 401.50203373015876 26.500000000000004 21.500000000000004 32.500000000000007 334.09273657628927 7.5000000000000009 6.5000000000000009 338.80157407407415 8.5000000000000018 1.5000000000000002 2.5000000000000004 1.5000000000000002 1.5000000000000002 2.5000000000000004 278.67845138888896 7.5000000000000009 2.5000000000000004 0.78888888888888908 246.45840080971666 -2.4999999999999996
decision_type=2 2 2 2 2 2 2 2 2 2 2 2 2 2 2 2 2 2 2 2 2 2 2 2 2 2 2 2 2 2
left_child=1 -1 -2 4 -3 -6 -7 -8 -5 -10 12 -12 14 -14 -4 16 18 19 -16 20 21 23 -22 26 -24 -26 -15 -27 -25 -30
right_child=2 3 10 8 5 6 7 -9 9 -11 11 -13 13 17 15 -17 -18 -19 -20 -21 22 -23 24 28 25 27 -28 -29 29 -31
leaf_value=-0.07287178187760289 -0.054862437268770103 0.14149967681933673 0.0040325286681394245 -0.048296465591186361 -0.054872065555498867 0.11966539565404821 -0.050479113065195952 0.095052907095833375 -0.013742158348857156 0.058444553986392367 -0.033068181497318466 0.14515147506773976 -0.061955190329365507 0.0032763732657556492 0.034860886671961001 -0.025040325597688446 -0.015599193323089056 -0.028050204950715571 0.12922947593380094 0.068974583121200306 -0.081370522970387257 -0.028566822766751682 -0.023284618138164067 0.089427929669841227 -0.0044699030429737234 -0.008645322978672763 0.093995921871985633 0.074903966997909799 -0.0030695828136640185 0.059148364808575361
leaf_weight=71.145508239744231 18.704624744132161 2.1542301680892733 2560.1372176217847 11.195882907137277 5.0052191056311157 3.542043734341858 4.746168777346611 2.8388060797005892 10.743346173316239 4.8518864903599015 1.7774832984432567 2.2751831114292145 20.652088269591331 4.9842881858348873 3.2943097334355134 5.6921915411949149 4.5258672870695582 21.158027287572622 6.2999495342373848 4.3716467395424834 6.2742861732840529 19.954049605876207 40.084561787545681 3.9441640488803378 42.096358358860016 5.8532394319772747 11.56921189278364 13.607367999851702 37.953513383865356 7.8329432606697074
leaf_count=7749 962 25 13204 92 75 24 39 23 105 43 27 20 924 26 33 36 19 115 32 20 38 98 188 17 219 25 52 60 190 33
internal_value=0.00141196 -0.0439242 0.00326529 0.0017636 0.0264836 0.0111248 0.0408119 0.00398873 -0.0151092 0.0087161 0.00365025 0.066985 0.00355924 -0.00416746 0.00427903 0.0361314 0.0607914 0.00126506 0.0968268 0.00438936 0.00293514 0.014301 -0.00614757 0.0272058 -0.00150409 0.0126789 0.0666801 0.0497745 0.0140662 0.00757439
internal_weight=2959.27 116.223 2843.04 45.0776 18.2865 16.1322 11.127 7.58497 26.7911 15.5952 2824.34 4.05267 2820.29 240.336 2579.95 19.8123 14.1201 219.684 9.59426 198.526 194.154 86.2382 107.916 66.2841 101.642 61.557 16.5535 19.4606 49.7306 45.7865
internal_count=24513 8175 16338 426 186 161 86 62 240 148 15376 47 15329 2005 13324 120 84 1081 65 966 946 416 530 318 492 304 78 85 240 223
is_linear=0
shrinkage=0.1


Tree=147
num_leaves=31
num_cat=0
split_feature=0 4 0 0 2 9 10 4 12 6 13 11 3 8 8 13 13 2 9 0 3 7 9 5 12 4 9 4 13 8
split_gain=63.1442 7.21591 3.73537 2.51804 2.14709 4.66866 2.63605 4.5606 4.08055 4.29505 3.54504 3.68556 3.62023 3.34323 4.02306 3.1725 5.95611 3.24269 2.85402 4.13492 3.10058 3.60739 5.72158 5.10384 3.68752 4.41341 4.3079 5.2235 7.12546 3.87002
threshold=31.500000000000004 9.5000000000000018 43.500000000000007 59.500000000000007 8.5000000000000018 137.05471014492755 15.500000000000002 26.500000000000004 7.5000000000000009 3.5000000000000004 1.297058823529412 4.5000000000000009 15.500000000000002 0.13397435897435897 0.14854215918045702 1.9285714285714286 1.420168067226891 7.5000000000000009 202.50264447884419 37.500000000000007 5.5000000000000009 1.5000000000000002 200.34294794593876 1.5000000000000002 2.5000000000000004 16.500000000000004 186.52854609929082 20.500000000000004 1.0717948717948722 0.26209992193598758
decision_type=2 2 2 2 2 2 2 2 2 2 2 2 2 2 2 2 2 2 2 2 2 2 2 2 2 2 2 2 2 2
left_child=-1 2 -2 4 6 -6 7 10 9 -9 12 13 -3 -12 -15 16 18 -18 20 -20 -8 22 24 -23 29 -26 -27 -28 -29 -22
right_child=1 3 -4 -5 5 -7 15 8 -10 -11 11 -13 -14 14 -16 -17 17 -19 19 -21 21 23 -24 -25 25 26 27 28 -30 -31
leaf_value=-0.073077694024787074 -0.071057472507156827 0.009033146735389656 -0.003962327516875648 0.07610176514014895 -0.027535448244754613 0.029138919500859412 -0.071318449056930591 -0.064070277209918938 0.085369893764750515 0.037770945424018071 0.066664726509106084 -0.03614017920154218 -0.043198212638638434 -0.11160155490692068 -0.00011353733545230614 -0.062234585969636651 0.01653704472535867 0.070713578613004757 -0.067297759343220021 0.0031335708901215308 0.018039806301611356 0.039399834725207396 -0.068277385253947415 -0.02800011072221675 0.050751932906682923 0.009571160939675985 -0.059495891828502727 0.05573685299524514 -0.11440788577884078 0.10276250343925653
leaf_weight=116.29480376117863 19.59435148537159 664.10991962533444 14.392252195626495 4.8143623573705545 17.951900885440409 76.36799225024879 8.3160660937428457 5.2122696451842812 13.217690191231666 20.151617155410349 7.1288713477551928 38.325775762088597 13.54062603227794 3.3778565451502791 77.445327697321773 8.4510048702359182 57.799574901349843 13.658751157112418 8.503226073458789 422.77354976348579 23.044883842580024 12.429344402626155 10.918043420650063 116.93335043918341 13.882678183726965 51.261724180541933 27.049960823729634 10.575990809127687 3.2079563373699775 7.0381910987198344
leaf_count=11821 1456 3580 144 410 96 568 71 25 103 172 37 226 78 17 465 108 350 78 239 2789 131 84 66 764 84 273 135 75 23 45
internal_value=-0.0016972 0.00298883 -0.0426448 0.00388146 0.00368079 0.0183521 0.00283616 0.00673468 0.0403194 0.0168426 0.0051229 -0.0102601 0.00798947 0.00101734 -0.00477297 -0.00129095 -0.00063685 0.0268925 -0.00338459 0.00174492 -0.0111561 -0.00934566 0.00137321 -0.0215242 0.00696222 -0.00180884 -0.00973195 -0.0339645 0.0161388 0.0378614
internal_weight=1887.77 1771.48 33.9866 1737.49 1732.67 94.3199 1638.35 842.51 38.5816 25.3639 803.928 126.278 677.651 87.9521 80.8232 795.844 787.393 71.4583 715.935 431.277 284.658 276.342 146.979 129.363 136.061 105.978 92.0956 40.8339 13.7839 30.0831
internal_count=24513 12692 1600 11092 10682 664 10018 4703 300 197 4403 745 3658 519 482 5315 5207 428 4779 3028 1751 1680 832 848 766 590 506 233 98 176
is_linear=0
shrinkage=0.1


Tree=148
num_leaves=31
num_cat=0
split_feature=0 4 0 10 8 2 8 6 6 9 0 2 8 9 9 9 5 4 8 1 1 9 7 11 6 6 10 9 0 5
split_gain=71.9754 9.38515 2.2218 2.30226 1.65745 1.54209 1.70215 1.4716 1.79051 2.24079 1.86243 1.54054 4.52062 3.47686 5.43097 2.99268 4.06167 3.55221 2.65057 2.57894 2.55057 2.48877 3.0416 2.79108 2.69252 2.44101 3.8853 3.37034 2.88312 3.48549
threshold=32.500000000000007 13.500000000000002 21.500000000000004 5.5000000000000009 0.20948987246811704 6.5000000000000009 0.1575187969924812 14.500000000000002 12.500000000000002 288.39128787878792 25.500000000000004 1.5000000000000002 0.42163742690058481 280.60027777777782 315.80716911764711 319.72978983382217 1.5000000000000002 4.5000000000000009 0.18942218080149117 1.0000000180025095e-35 1.0000000180025095e-35 287.21704857030949 -9.4999999999999982 1.0000000180025095e-35 5.5000000000000009 7.5000000000000009 21.500000000000004 320.93597105508877 27.500000000000004 3.5000000000000004
decision_type=2 2 2 2 2 2 2 2 2 2 2 2 2 2 2 2 2 2 2 2 2 2 2 2 2 2 2 2 2 2
left_child=1 5 4 -4 -3 7 -7 8 11 -10 -11 12 13 -1 21 16 -16 -18 -17 -19 -14 -15 -23 24 -24 26 -13 28 -28 -30
right_child=-2 2 3 -5 -6 6 -8 -9 9 10 -12 25 20 14 15 18 17 19 -20 -21 -22 22 23 -25 -26 -27 27 -29 29 -31
leaf_value=-0.0074172755962578444 -0.073458682658039787 0.088432945177982766 0.023866656646119307 -0.07597921393532836 -0.04076574903249338 0.032812872600522493 -0.073393929687826778 0.05455137655064253 -0.10038285656080509 0.048417774346423033 -0.043401882511925498 0.0019111320224450405 0.077468679949871555 0.054826050689090758 0.036346707784322592 -0.0061927464388758444 -0.13373282126444247 -0.064092931960074637 0.010864539975269559 0.042818573989024451 -0.018043479140825644 -0.075144804659401931 0.023472438362765191 0.016949180103599099 0.10438775327856289 -0.013092783245996761 0.09791783252681717 -0.019448992263445972 -0.037927624125568937 0.12375613595858972
leaf_weight=149.74023625254631 133.46004535839893 1.7354211751371647 2.5826772935688522 21.823538897559047 2.3208438530564308 2.1398080959916106 5.1189552703872323 5.7632149662822476 3.5851568263024083 3.6427953541278821 5.6127727590501308 679.51999753341079 13.733460008166732 24.776941633783281 5.9990619495511082 128.72228054888546 4.6352599840611211 6.6780323293060047 311.6954569388181 3.407571941614151 3.5105803180485955 3.2589584682136765 8.8653151448816079 110.21761883888394 7.6706849299371234 104.54074493702501 10.761607527732854 6.2201351430267087 4.2840080466121426 1.9357805438339708
leaf_count=1167 12224 21 17 1419 28 21 93 38 30 16 35 4302 120 178 36 962 34 39 2015 20 34 17 71 739 46 649 41 35 44 22
internal_value=-0.00283144 0.00290035 -0.0540233 -0.0654135 0.0145103 0.00390292 -0.0420853 0.00411041 0.00392907 -0.0332627 -0.00726361 0.00422939 0.00738996 0.0062496 0.0095722 0.00413182 -0.0330092 -0.0612731 0.00587915 -0.0279713 0.0580241 0.0257798 0.0202444 0.0226969 0.0610073 0.00116416 0.0032851 0.0435256 0.0665926 0.0123931
internal_weight=1777.96 1644.5 28.4625 24.4062 4.05627 1616.04 7.25876 1608.78 1603.01 12.8407 9.25557 1590.17 782.911 765.667 615.927 461.138 20.7199 14.7209 440.418 10.0856 17.244 154.79 130.013 126.754 16.536 807.262 702.722 23.2015 16.9814 6.21979
internal_count=24513 12289 1485 1436 49 10804 114 10690 10652 81 51 10571 5478 5324 4157 3106 129 93 2977 59 154 1051 873 856 117 5093 4444 142 107 66
is_linear=0
shrinkage=0.1


Tree=149
num_leaves=31
num_cat=0
split_feature=0 0 10 1 3 4 8 10 6 9 9 13 8 0 13 1 0 4 0 8 9 7 13 13 9 12 9 8 11 6
split_gain=19.707 3.10174 11.039 3.02542 2.55527 2.47267 3.8825 7.21064 4.16497 7.01813 2.18335 1.77731 3.74724 2.17148 2.95115 1.72666 3.31802 1.50715 4.414 5.07279 2.11883 2.40645 1.99386 1.99173 3.83636 2.44731 3.40651 5.33836 3.26437 2.78241
threshold=45.500000000000007 40.500000000000007 19.500000000000004 3.5000000000000004 5.5000000000000009 15.500000000000002 0.22684391080617491 12.500000000000002 9.5000000000000018 232.97789855072466 194.96185268979391 0.78888888888888908 0.17349498327759191 47.500000000000007 0.38750000000000007 5.5000000000000009 29.500000000000004 12.500000000000002 44.500000000000007 0.24417344173441732 240.47593750000001 -4.4999999999999991 0.23611111111111113 1.420168067226891 274.06422634271104 7.5000000000000009 299.36122922776156 0.24417344173441732 3.5000000000000004 8.5000000000000018
decision_type=2 2 2 2 2 2 2 2 2 2 2 2 2 2 2 2 2 2 2 2 2 2 2 2 2 2 2 2 2 2
left_child=1 15 5 10 11 6 7 -3 -9 -10 -4 12 -2 14 -14 -1 -17 20 22 -20 21 -12 -19 25 -25 26 27 -22 -28 -27
right_child=4 2 3 -5 -6 -7 -8 8 9 -11 17 -13 13 -15 -16 16 -18 18 19 -21 23 -23 -24 24 -26 29 28 -29 -30 -31
leaf_value=0.0036295015847543064 0.26335886187011565 0.28391630014319635 0.078699130267862918 0.10292713850963782 -0.073003798178998089 -0.069593742332953387 -0.068106133425091045 -0.076956246085568572 -0.076499261157474518 0.36339657808399262 0.0064697451145657075 -0.050763264014898127 -0.077496481284598684 -0.076637665771117358 0.16686242852749922 0.005577246332255429 -0.068698518637994629 0.043555059818430331 -0.079947640203317349 0.17204626051026922 0.012891348213205686 0.099429840236259628 -0.045632658967695985 0.025879900682390308 -0.067324242753419861 -0.013724728703111481 0.10346179890901996 -0.086140981534099673 -0.0084380752537939197 0.063873995210937604
leaf_weight=2623.0728383008391 0.58834814792498757 1.0337882526218871 3.616424834355711 3.0638364125043145 38.42999812704511 30.651476667262614 6.5353569518774748 2.9851543931290507 0.77521019894629695 0.68152892310172319 6.4392653740942478 7.6203002890106291 0.8333007134497169 2.1386293261311948 1.2146565020084379 15.925598211586477 9.6638449002057296 2.8340845964849057 1.2249038275331252 2.2967221923172474 12.79912647418678 4.9066888038068992 21.691801726818085 7.5766306445002582 10.587125815451143 7.0586828812956837 4.5645631179213506 9.4710069783031923 6.0788715369999409 13.37862662412226
leaf_count=16143 24 8 39 29 4776 1789 204 119 35 26 34 315 28 96 29 61 114 19 24 33 72 26 181 32 46 33 22 68 29 59
internal_value=0.0014433 0.00255995 -0.0109498 0.00485925 -0.0602696 -0.0545234 -0.0160646 0.0460482 -0.00931225 0.129304 0.00223568 -0.0207888 0.0270474 -0.0061618 0.0674343 0.00337732 -0.022473 -0.000257598 -0.0202942 0.0843969 0.0065246 0.0466714 -0.0353266 0.000155215 -0.0284461 0.00989277 -0.00698435 -0.029225 0.0395515 0.0370728
internal_weight=2859.74 2808.91 160.251 117.588 50.8252 42.6625 12.011 5.47568 4.44189 1.45674 114.525 12.3952 4.77493 4.18659 2.04796 2648.66 25.5894 110.908 28.0475 3.52163 82.8606 11.346 24.5259 71.5146 18.1638 53.3509 32.9136 22.2701 10.6434 20.4373
internal_count=24513 19245 2927 746 5268 2181 392 188 180 61 717 492 177 153 57 16318 175 678 257 57 421 60 200 361 78 283 191 140 51 92
is_linear=0
shrinkage=0.1


Tree=150
num_leaves=31
num_cat=0
split_feature=10 0 0 7 6 9 9 12 4 3 8 13 0 2 0 9 11 8 10 11 12 6 6 1 7 13 7 9 8 5
split_gain=22.0183 14.8072 5.73989 2.28722 2.11865 1.89125 1.78468 1.74622 2.73309 2.15261 3.7699 3.12229 4.12625 3.0792 2.09425 1.77799 1.7461 1.49467 1.44117 2.74082 2.81564 2.05761 2.92081 2.88618 1.55174 6.35125 4.28211 4.52944 8.02794 4.19921
threshold=7.5000000000000009 29.500000000000004 21.500000000000004 5.5000000000000009 1.5000000000000002 401.50203373015876 193.04488854057823 11.500000000000002 6.5000000000000009 3.5000000000000004 0.18107302533532041 0.62828947368421062 35.500000000000007 2.5000000000000004 36.500000000000007 330.00902217741941 1.5000000000000002 0.045983086680761058 8.5000000000000018 1.0000000180025095e-35 2.5000000000000004 2.5000000000000004 3.5000000000000004 3.5000000000000004 11.500000000000002 0.5634920634920636 8.5000000000000018 170.57696049528303 0.16172624237140362 1.5000000000000002
decision_type=2 2 2 2 2 2 2 2 2 2 2 2 2 2 2 2 2 2 2 2 2 2 2 2 2 2 2 2 2 2
left_child=1 -1 3 -2 6 17 -5 8 -3 10 -10 12 -11 -13 -15 -12 -6 -4 19 -19 -21 23 -23 -22 26 -26 -20 28 -28 -30
right_child=2 7 5 4 16 -7 -8 -9 9 11 15 13 -14 14 -16 -17 -18 18 24 20 21 22 -24 -25 25 -27 27 -29 29 -31
leaf_value=-0.074040665361166075 -0.052813719272166854 -0.056896786227356201 0.069746950188981999 0.0036007424441649922 0.05822568875444805 0.074648452898905801 0.17770247592090394 0.05075972570016353 0.1506157754237881 -0.038510794453633312 0.039337520766166763 -0.092945455440289662 0.15044351222864094 -0.032345353935823232 0.060359828517922487 -0.060264222199549258 -0.078857823034881258 0.089692326212505641 0.0037614362896835132 -0.064288768958304612 0.10169551004114784 -0.057599970453360065 0.038632219845810223 -0.012968409156842019 -0.11069076516030629 0.028249249869476901 -0.07608793231346056 -0.030244302728513025 0.044373213619628461 -0.003942463668491783
leaf_weight=63.36965174600482 25.284382486715916 8.7715468695387226 3.3925473410636178 1.1933616828173392 1.4469222091138361 3.7317636348307124 1.162182208150625 5.9105080962181082 2.4682069253176442 2.215920431539419 6.2260674498975259 5.6346453055739429 2.4154469072818756 7.4885057164356095 3.6122521460056305 2.5166859589517117 2.596742358058691 5.3556587472558013 2542.7664771035779 4.1594706587493446 6.116420693695547 5.3194369338452798 7.7478700801730156 3.424076110124588 3.5097566270269445 52.56117084226571 11.234585203230379 78.552111520199105 29.049805119633675 47.241342101246119
leaf_count=7617 1174 200 17 23 29 36 17 36 24 39 45 55 9 107 13 30 60 34 13554 36 45 38 60 17 17 292 55 459 123 252
internal_value=0.00132048 -0.0424465 0.00302788 -0.0392969 0.0141102 0.00350609 0.0894993 -8.25413e-05 -0.00734999 0.00599048 0.0414775 -0.0126293 0.0600366 -0.0327389 -0.00217854 0.0106662 -0.029806 0.00341129 0.00333083 0.0243901 0.0113242 0.0252358 -0.000541962 0.0605427 0.00308617 0.0195523 0.00274533 -0.012812 0.0028331 0.014455
internal_weight=2946.48 110.629 2835.85 31.6836 6.39921 2804.16 2.35554 47.2598 41.3493 32.5777 11.211 21.3668 4.63137 16.7354 11.1008 8.74275 4.04366 2800.43 2797.04 32.1229 26.7673 22.6078 13.0673 9.5405 2764.92 56.0709 2708.84 166.078 87.5257 76.2911
internal_count=24513 8175 16338 1303 129 15035 40 558 522 322 99 223 48 175 120 75 89 14999 14982 230 196 160 98 62 14752 309 14443 889 430 375
is_linear=0
shrinkage=0.1


Tree=151
num_leaves=31
num_cat=0
split_feature=0 4 10 13 7 5 0 1 10 0 10 0 0 12 9 11 13 8 13 7 7 8 0 6 8 8 9 4 13 12
split_gain=57.9163 6.41358 2.95519 2.30325 2.26433 8.82678 2.25442 2.12057 2.038 2.12938 2.00236 9.54527 4.58732 2.0562 2.94946 2.91532 2.60015 1.98138 1.91132 2.67947 3.175 6.00965 2.40112 2.4476 2.2694 5.89065 5.23708 3.99614 3.39856 4.27987
threshold=31.500000000000004 7.5000000000000009 8.5000000000000018 1.9285714285714286 8.5000000000000018 2.5000000000000004 59.500000000000007 1.5000000000000002 15.500000000000002 52.500000000000007 19.500000000000004 43.500000000000007 54.500000000000007 1.5000000000000002 210.71807503506315 3.5000000000000004 0.62828947368421062 0.32583417593528818 0.17424242424242423 -9.4999999999999982 -7.4999999999999991 0.25962962962962965 46.500000000000007 5.5000000000000009 0.20794025157232701 0.21975609756097561 223.29075362318841 17.500000000000004 1.297058823529412 7.5000000000000009
decision_type=2 2 2 2 2 2 2 2 2 2 2 2 2 2 2 2 2 2 2 2 2 2 2 2 2 2 2 2 2 2
left_child=4 -2 -3 6 -1 7 10 -6 -5 -10 12 -12 -4 14 -13 16 -16 18 -15 -20 21 -21 23 -22 27 26 -26 -24 -27 -30
right_child=1 2 3 8 5 -7 -8 -9 9 -11 11 13 -14 17 15 -17 -18 -19 19 20 22 -23 24 -25 25 28 -28 -29 29 -31
leaf_value=-0.075606191655441329 -0.057214148437679441 -0.078770156087350995 0.0044987123276158782 0.031054763005777464 0.16529250047121338 0.46886951409474709 0.076002440566848073 -0.075719499858849681 -0.080212887344834949 0.044939095774469695 -0.071525524582123801 -0.093391386034223381 0.075681098557753151 0.048587638131374053 -0.03405005064194494 -0.064205111521608488 0.068924658580238454 -0.046435320507938672 -0.065204968655258308 -0.004078036607400414 0.060119477004859603 0.17192617858040693 -0.059611449252963911 -0.059190593348936296 0.02014534857383813 -1.6558833862009969e-05 0.18658051886708638 0.011138335058137371 0.11948275302189537 -0.016129936308147599
leaf_weight=103.77344798366539 17.659504304174334 4.3707500165328375 1518.9804702615365 3.24443370476365 0.41489044437184919 0.36725364811718453 4.3230630420148364 3.0401825029402971 8.4503655154257995 1.6201478540897358 19.860160653945059 5.175071973353627 9.1077215839177352 10.731813598424194 4.2174382321536523 5.5942339692264786 5.8580910079181194 7.0191430989652863 5.2624476291239253 4.6969342939555627 2.0757661424577227 3.3051570095121861 12.044806718826292 10.016378073021768 3.8646938018500796 60.871548246592283 3.7012319229543209 23.67663960903883 5.6816028133034688 3.9416981376707554
leaf_count=11511 1050 156 7992 32 33 30 410 247 165 8 987 26 782 84 25 38 33 59 44 32 25 20 63 181 22 281 22 107 29 19
internal_value=-0.00159322 0.00274808 0.00335397 0.00355986 -0.072822 0.00276565 0.00387874 -0.0467784 -0.0378721 -0.0600784 0.00369806 -0.00577472 0.00492297 0.00157231 -0.0279361 -0.00631889 0.0258213 0.00549288 0.00792491 0.00478859 0.00753991 0.0686182 0.00365704 -0.0387095 0.00815953 0.0177131 0.101565 -0.0127176 0.00871363 0.0639359
internal_weight=1872.95 1765.35 1747.69 1743.32 107.596 3.82233 1730.01 3.45507 13.3149 10.0705 1725.68 197.595 1528.09 177.735 20.8448 15.6698 10.0755 156.89 149.871 139.139 133.876 8.00209 125.874 12.0921 113.782 78.0608 7.56593 35.7214 70.4948 9.6233
internal_count=24513 12692 11642 11486 11821 310 11281 280 205 173 10871 2097 8774 1110 122 96 58 988 929 845 801 52 749 206 543 373 44 170 329 48
is_linear=0
shrinkage=0.1


Tree=152
num_leaves=31
num_cat=0
split_feature=0 4 0 10 3 8 6 12 10 0 8 9 4 3 8 9 4 12 9 7 12 6 8 9 8 10 12 9 9 3
split_gain=66.1757 9.88327 2.20707 2.22031 1.44641 2.49028 2.33051 2.38772 2.11367 6.07131 2.66227 2.24988 4.24001 4.90011 4.43198 3.2246 2.93382 4.98182 4.16322 2.91436 2.79153 2.791 6.36058 2.73727 2.7164 7.98429 5.0441 3.32522 3.14533 3.66594
threshold=33.500000000000007 13.500000000000002 21.500000000000004 5.5000000000000009 1.5000000000000002 0.077677224736048267 4.5000000000000009 4.5000000000000009 6.5000000000000009 16.500000000000004 0.47213622291021667 344.52549206349209 6.5000000000000009 4.5000000000000009 0.35781671159029654 313.61791478978984 4.5000000000000009 10.500000000000002 410.52061403508782 -8.4999999999999982 5.5000000000000009 3.5000000000000004 0.28345771144278614 429.55389610389619 0.27100988700564976 1.0000000180025095e-35 5.5000000000000009 310.06151623321438 224.90895424836603 4.5000000000000009
decision_type=2 2 2 2 2 2 2 2 2 2 2 2 2 2 2 2 2 2 2 2 2 2 2 2 2 2 2 2 2 2
left_child=1 4 -3 -4 5 6 -1 -8 9 -6 11 12 13 14 19 -15 17 18 21 -11 23 22 -13 -20 -14 27 28 -26 -27 -30
right_child=-2 2 3 -5 8 -7 7 -9 -10 10 -12 16 24 15 -16 -17 -18 -19 20 -21 -22 -23 -24 -25 25 26 -28 -29 29 -31
leaf_value=0.0013303160385509938 -0.074813547221184828 0.013247785864721671 0.020952608562604488 -0.075881443657345476 0.075868158172297501 0.012453288652483867 -0.030940075982616562 -0.17678388249527166 -0.0027444602018403251 -0.054016085256967744 0.089767444325107568 0.088632345769231347 0.0069164694315506873 -0.069403825473846964 0.10270375525908304 0.02239896513945646 0.0022398596095221852 -0.11195570049776525 0.063567439517898616 0.023833121959262672 0.096622584946006174 -0.044978679474257051 -0.085796046643895396 -0.035212519944390556 0.030512645151724152 0.044422620364259507 0.0074313081147534118 0.14328821588077412 -0.022659944932991269 -0.074106451746461702
leaf_weight=7.1774626700207573 118.66701098973863 4.1006027255207327 2.6426269877702024 22.774041345342994 12.04174316767603 251.42623766465113 2.8001875663176179 1.8736894410103557 522.02097809454426 4.9594271890819064 3.6318018119782201 5.2370452359318715 259.49367731343955 9.6679265256971139 7.0040554348379365 6.3321726666763416 195.10238990373909 5.6849868800491086 4.6169729586690682 158.30739117972553 4.4378002602607003 31.299495331011713 3.4795441087335348 7.1491943523287773 9.7889179382473213 4.140198601409792 36.559050917625427 3.5672995895147315 30.651783430948853 25.269372263923287
leaf_count=75 11769 49 18 1636 809 1943 26 24 3383 27 29 46 1446 67 52 37 1094 39 33 1051 38 189 22 48 55 27 178 22 159 122
internal_value=-0.00269563 0.00251239 -0.05483 -0.0658134 0.00356126 0.0103418 -0.0344541 -0.0894067 0.00223936 0.00537985 0.00434014 0.0039584 0.00753639 0.0198381 0.02481 -0.0330721 -0.00377847 -0.0227461 -0.0137252 0.0214684 0.0290386 -0.0310418 0.0190029 0.00354814 0.00133441 -0.0118366 -0.0218545 0.0606338 -0.0396806 -0.0459073
internal_weight=1761.91 1643.24 29.5173 25.4167 1613.72 263.278 11.8513 4.67388 1350.44 828.422 816.381 812.749 555.741 186.271 170.271 16.0001 257.007 61.905 56.2201 163.267 16.204 40.0161 8.71659 11.7662 369.47 109.977 96.6204 13.3562 60.0614 55.9212
internal_count=24513 12744 1703 1654 11041 2068 125 50 8973 5590 4781 4752 3243 1234 1130 104 1509 415 376 1078 119 257 68 81 2009 563 486 77 308 281
is_linear=0
shrinkage=0.1


Tree=153
num_leaves=31
num_cat=0
split_feature=0 0 10 13 3 12 13 4 4 5 4 0 12 2 0 10 6 8 3 8 13 5 9 7 8 8 9 11 8 3
split_gain=17.7789 2.84327 6.00986 2.96619 2.54097 2.35025 3.41434 2.24166 2.23811 2.21169 3.14876 2.18689 1.88472 1.87509 5.83102 4.36746 4.65645 3.93218 5.46155 3.31157 4.48548 2.99148 2.69145 3.03049 3.06006 3.99102 3.18819 3.17252 3.03232 4.35648
threshold=45.500000000000007 42.500000000000007 19.500000000000004 0.78888888888888908 5.5000000000000009 6.5000000000000009 1.1339285714285716 26.500000000000004 8.5000000000000018 9.5000000000000018 9.5000000000000018 44.500000000000007 9.5000000000000018 4.5000000000000009 34.500000000000007 13.500000000000002 4.5000000000000009 0.32037735849056609 11.500000000000002 0.17165178571428572 1.3923076923076925 2.5000000000000004 106.83598214285716 11.500000000000002 0.19264507422402158 0.18107302533532041 203.24102067183466 2.5000000000000004 0.25760368663594474 14.500000000000002
decision_type=2 2 2 2 2 2 2 2 2 2 2 2 2 2 2 2 2 2 2 2 2 2 2 2 2 2 2 2 2 2
left_child=1 7 -3 8 -2 11 12 9 -4 13 -11 -5 -7 -1 15 16 22 19 -19 20 21 -18 -15 24 25 27 -27 -24 29 -25
right_child=4 2 3 5 -6 6 -8 -9 -10 10 -12 -13 -14 14 -16 -17 17 18 -20 -21 -22 -23 23 28 -26 26 -28 -29 -30 -31
leaf_value=0.0039283606211705426 -0.019759602374832742 -0.069853432743046312 0.018031457825570765 -0.023723798394992043 -0.072742949612056115 0.15408754394871368 -0.0089274150827052794 -0.079870934718812681 -0.078455756034131297 -0.0079900763454534823 0.097278998369206338 0.0591383836535323 0.048365146711615938 0.065115230591557979 -0.031965480704407676 0.054096160841903933 -0.030047005187394411 -0.0047633423570998586 0.11872734210156322 -0.034350959588606803 -0.044002130505864052 0.064022074536038823 0.029227424332600799 -0.062469437269334974 0.017588926269210204 -0.006641397066123155 -0.12493295362430185 -0.018120854889743961 -0.090944654922684054 0.054889357540999162
leaf_weight=2294.5167389083654 12.154382878448812 16.827312712091953 3.7017298713326436 14.482057491317397 35.45583431830164 3.193732086569069 5.2979131229221821 3.2703232383355489 6.8577014189213514 5.4444693066179735 5.9431266784667969 4.0830135643482199 3.5723244957625866 7.8603354319930068 60.763056985102594 15.111614171415566 4.6692787110805574 14.936502508819105 4.7108946889638892 78.58590932097286 10.986252143979071 12.248731128871439 23.953925214707851 6.4628834649920481 138.70341359172016 4.2709455192089063 4.8838306590914726 34.58028831332922 6.0824517831206313 6.1949527412652969
leaf_count=14295 492 1294 28 122 4776 24 39 86 155 27 38 44 17 35 1420 68 21 65 19 354 50 50 105 27 614 20 22 151 28 27
internal_value=0.00137919 0.00240874 -0.0194988 0.00107332 -0.0592169 0.01683 0.0511932 0.0028719 -0.0446311 0.00297062 0.0469493 -0.00549993 0.0982685 0.00278714 -0.00323243 0.00143275 -0.000783236 -0.0162589 0.0248463 -0.0238428 0.00575084 0.0380595 0.00759499 0.00558672 0.00908277 -0.00834743 -0.0697468 0.00125546 -0.0329164 -0.00503212
internal_weight=2849.81 2802.2 58.0158 41.1885 47.6102 30.629 12.064 2744.18 10.5594 2740.91 11.3876 18.5651 6.76606 2729.52 435.005 374.242 359.131 126.138 19.6474 106.49 27.9043 16.918 232.993 225.133 206.392 67.689 9.15478 58.5342 18.7403 12.6578
internal_count=24513 19245 1723 429 5268 246 80 17522 183 17436 65 166 41 17371 3076 1656 1588 559 84 475 121 71 1029 994 912 298 42 256 82 54
is_linear=0
shrinkage=0.1


Tree=154
num_leaves=31
num_cat=0
split_feature=10 0 0 12 4 3 8 13 0 2 12 0 9 8 7 8 7 0 10 4 5 13 9 8 8 12 8 13 9 6
split_gain=19.7132 14.1524 5.16677 1.46649 2.4689 1.89802 2.98835 2.7131 3.51623 2.70165 2.05014 2.51633 1.56619 1.46322 1.4613 3.61426 3.16968 3.8245 5.53993 2.72626 2.83637 5.27065 5.42231 3.53645 2.66225 4.78986 2.65506 2.35767 4.3024 4.10811
threshold=7.5000000000000009 29.500000000000004 19.500000000000004 11.500000000000002 6.5000000000000009 3.5000000000000004 0.18107302533532041 0.62828947368421062 35.500000000000007 2.5000000000000004 2.5000000000000004 38.500000000000007 330.00902217741941 0.46770833333333339 -1.4999999999999998 0.10889328063241101 -2.4999999999999996 32.500000000000007 13.500000000000002 5.5000000000000009 2.5000000000000004 0.78888888888888908 203.89068040780145 0.27100988700564976 0.091750841750841708 2.5000000000000004 0.045983086680761058 0.53939393939393943 288.39128787878792 1.5000000000000002
decision_type=2 2 2 2 2 2 2 2 2 2 2 2 2 2 2 2 2 2 2 2 2 2 2 2 2 2 2 2 2 2
left_child=1 -1 -2 4 -3 6 -6 8 -7 -9 -11 -12 -8 14 15 24 17 18 -17 -18 21 23 -23 -21 25 -4 -16 28 29 -28
right_child=2 3 13 -5 5 7 12 9 -10 10 11 -13 -14 -15 26 16 19 -19 -20 20 -22 22 -24 -25 -26 -27 27 -29 -30 -31
leaf_value=-0.073871020171962842 -0.052386451261453137 -0.055403161142083802 -0.10651740100786161 0.046107463888339695 0.13183447080884994 -0.036680932087369139 0.036605503535598875 -0.089050437944471705 0.1398496679622388 0.080775571031978632 -0.056833947302956024 0.067936476327904782 -0.058189335888733179 -0.059248410385626588 0.097388603280550295 0.032701411417124952 0.075142970816946653 0.0055416730132903371 -0.048944981900214214 0.063976954096642183 -0.0079043922540242423 0.024062843592757389 -0.11381914371185926 -0.061268833080488444 -0.075935623963468604 0.03398537686670304 -0.092056688568354014 0.0057525546758227493 0.063231292727554012 -0.007330210413633121
leaf_weight=58.730139406397939 16.83936142269522 8.3200501184910518 3.42264629993588 6.0045831538736811 2.6390740107744923 2.1434093695133951 6.2948522791266424 5.4060654267668751 2.3825615793466568 2.3222416862845412 6.3737124176695925 2.1655727922916412 2.4102574121206999 3.7505091950297347 3.0937854386866084 11.579160416498778 3.5217846278101197 682.10350464610383 29.440503645688295 5.6862942837178725 129.97353259474039 3.7624016031622878 11.788665318395941 3.7354584955610335 10.649650873616336 8.3353900946676713 5.951625717803835 1739.3660667603835 8.3196465922519547 148.80068271723576
leaf_count=7617 962 200 19 36 24 39 45 55 9 28 84 8 30 20 13 66 44 3326 841 34 686 16 67 21 69 65 26 9250 59 754
internal_value=0.00126051 -0.0412466 0.00284046 -8.19686e-06 -0.0068525 0.00571665 0.0386185 -0.0122334 0.0562483 -0.0312864 -0.00253569 -0.025192 0.0103589 0.00317103 0.00325435 -5.67864e-05 0.000951283 0.00375826 -0.0258976 -0.0118575 -0.013835 -0.0447013 -0.0804602 0.0143205 -0.0397175 -0.00691357 0.00482518 0.00467465 -0.00682254 -0.0105887
internal_weight=2935.31 105.193 2830.12 46.4624 40.4578 32.1377 11.3442 20.7936 4.52597 16.2676 10.8615 8.53929 8.70511 2813.28 2809.53 903.999 881.591 723.123 41.0197 158.468 154.946 24.9728 15.5511 9.42175 22.4077 11.758 1905.53 1902.44 163.072 154.752
internal_count=24513 8175 16338 558 522 322 99 223 48 175 120 92 75 15376 15356 5254 5101 4233 907 868 824 138 83 55 153 84 10102 10089 839 780
is_linear=0
shrinkage=0.1


Tree=155
num_leaves=31
num_cat=0
split_feature=0 4 10 7 12 7 0 10 0 0 9 9 9 9 2 4 7 8 8 8 8 2 5 9 13 5 9 8 9 11
split_gain=53.2399 5.73159 2.6611 2.21259 8.30043 20.1167 2.05481 2.03439 9.2448 4.20678 2.18698 1.89166 3.11869 3.50197 4.65527 3.19389 3.0142 2.66183 2.36118 2.2961 6.08419 2.96067 3.29623 3.55319 3.04304 6.96222 2.29545 1.98118 1.85559 4.36044
threshold=31.500000000000004 7.5000000000000009 8.5000000000000018 8.5000000000000018 9.5000000000000018 9.5000000000000018 59.500000000000007 19.500000000000004 43.500000000000007 54.500000000000007 304.0131313131314 185.68763888888893 194.96185268979391 208.14046121593296 5.5000000000000009 21.500000000000004 4.5000000000000009 0.32583417593528818 0.19538706256627789 0.20794025157232701 0.21644144144144142 4.5000000000000009 7.5000000000000009 249.61267361111115 0.53939393939393943 5.5000000000000009 232.14383680555557 0.27622890682318418 260.86697368421056 5.5000000000000009
decision_type=2 2 2 2 2 2 2 2 2 2 2 2 2 2 2 2 2 2 2 2 2 2 2 2 2 2 2 2 2 2
left_child=3 -2 -3 -1 -5 -6 7 9 -9 28 11 16 15 14 18 -13 -10 19 -14 21 -21 22 23 24 -15 26 -26 -20 -4 -30
right_child=1 2 6 4 5 -7 -8 8 10 -11 -12 12 13 17 -16 -17 -18 -19 27 20 -22 -23 -24 -25 25 -27 -28 -29 29 -31
leaf_value=-0.075560531075321041 -0.05577396142181551 -0.078392483607118757 0.0032264426208556442 -0.075745782669527029 0.94875044335935166 -0.075797074440709142 0.075912069734854024 -0.071346714461191563 -0.073023318553039937 0.075614877839796785 -0.081880579114661053 -0.016530414346052472 0.058015695387477619 -0.067440003745048188 -0.10498334807998513 0.1039629245752276 0.027874727093361876 -0.063444631099049048 -0.05303617807519076 0.10993580638490974 0.012206772110587023 0.057837178416743851 0.05156601416163608 -0.087308759683337137 -0.094532439221523157 0.12245924230139749 0.00678787361086598 0.031476831810820109 0.01333035448264908 0.11388950659703292
leaf_weight=96.005109739955515 16.726057813037187 4.0032525188289574 1465.8742393720895 3.0411202968098219 0.29278485570102919 0.55476827081292868 3.8813016791827968 19.759770231787115 7.8851252794265729 8.2291629863902909 3.1509812455624333 3.4403287917375547 4.290935739874846 6.4161703269928756 6.6035047471523276 6.1010587252676487 4.7409547567367554 5.0097238011658183 9.1539631746709329 6.926022630184888 79.383337670937181 5.6876033395528784 5.4053762443363658 8.6126262210309488 3.599683675915001 4.2437669392675152 5.9024557061493397 3.9797360673546782 53.841644937172532 4.6874929666519156
leaf_count=11511 1050 156 7758 246 21 43 410 1088 45 782 35 27 24 49 32 30 23 42 50 42 497 33 32 84 30 23 29 24 272 25
internal_value=-0.00155106 0.00248521 0.00304497 -0.0725653 0.00138297 0.27813 0.00323268 0.0030699 -0.00640803 0.00430853 0.000699647 0.00216658 0.00502536 0.00161418 -0.0334832 0.0605168 -0.0351372 0.0080426 -0.00638637 0.0108809 0.0200492 -0.00896739 -0.0200837 -0.0335433 -0.0105763 0.015966 -0.0315952 -0.0274273 0.0039236 0.021384
internal_weight=1857.43 1757.54 1740.81 99.8938 3.88867 0.847553 1736.81 1732.93 200.293 1532.63 180.533 177.382 164.756 155.215 24.0281 9.54139 12.6261 131.187 17.4246 126.177 86.3094 39.8677 34.1801 28.7747 20.1621 13.7459 9.50214 13.1337 1524.4 58.5291
internal_count=24513 12692 11642 11821 310 64 11486 11076 2239 8837 1151 1116 1048 991 130 57 68 861 98 819 539 280 247 215 131 82 59 74 8055 297
is_linear=0
shrinkage=0.1


Tree=156
num_leaves=31
num_cat=0
split_feature=0 4 0 10 8 2 8 0 8 2 12 12 5 8 12 11 12 9 4 8 8 10 9 9 8 1 13 9 8 12
split_gain=60.9704 8.87671 2.12986 2.12216 1.35127 1.33583 1.58234 1.22947 1.92753 1.80652 2.9001 1.88378 1.64445 2.5515 2.69735 1.43064 2.53536 5.86793 4.18807 3.853 2.95532 2.1875 2.36669 5.19992 5.99422 3.71979 4.10918 3.56403 4.51723 6.03804
threshold=33.500000000000007 13.500000000000002 21.500000000000004 5.5000000000000009 0.20948987246811704 6.5000000000000009 0.1575187969924812 12.500000000000002 0.48074074074074075 1.5000000000000002 7.5000000000000009 2.5000000000000004 1.5000000000000002 0.18107302533532041 4.5000000000000009 5.5000000000000009 10.500000000000002 288.39128787878792 6.5000000000000009 0.22933743169398904 0.20794025157232701 2.5000000000000004 295.03171702404171 346.12369047619057 0.32037735849056609 1.0000000180025095e-35 1.297058823529412 384.72971014492759 0.13270440251572327 6.5000000000000009
decision_type=2 2 2 2 2 2 2 2 2 2 2 2 2 2 2 2 2 2 2 2 2 2 2 2 2 2 2 2 2 2
left_child=1 5 4 -4 -3 7 -7 9 15 12 11 -11 13 14 -1 21 -17 20 19 -19 -18 22 -9 24 25 -24 -27 28 29 -25
right_child=-2 2 3 -5 -6 6 -8 8 -10 10 -12 -13 -14 -15 -16 16 17 18 -20 -21 -22 -23 23 27 -26 26 -28 -29 -30 -31
leaf_value=-0.18181131081242852 -0.074697022167243401 0.075847484846105623 0.018531937157399887 -0.07581951367222392 -0.039276786301383169 0.030393645328885291 -0.072284536089739199 -0.0060723191430810961 0.063037726795459673 -0.029972044986618086 -0.071280205876694591 0.085406812865631079 0.080504006405973605 0.05988161137125695 0.020551194554155175 0.014178321788412884 -0.025396030513914793 0.094456019526187263 -0.099554905725989351 -0.054906316113064249 0.085461513899048325 -0.0011786069104629789 -0.0019160517919974238 -0.02289583454231402 0.068884747194376802 0.0094263281900085379 0.051300240981305492 0.015827591843592691 -0.0069965528703888379 -0.18819070286206949
leaf_weight=1.1197265144437571 109.75783658621367 1.8606789056211734 2.6878360770642784 21.078623838722706 2.2553742285817862 2.1792046613991252 4.8216559467837214 101.30844194442034 5.3483724733814588 2.3992850277572852 4.1426512049511075 3.4495857488363981 7.5301278978586197 4.5069745788350701 1.5997325740754602 198.3579204659909 3.9747044164687413 2.7718377867713597 9.3171665193513018 4.5822211541235447 6.0883036628365517 898.11834339657798 69.321736020036042 6.5782448211684805 24.314700867049396 51.209721750579774 43.208877541124821 65.67056926805526 83.329190939664841 3.3279157551005483
leaf_count=21 11769 21 18 1636 28 21 93 596 51 28 36 55 206 101 33 1341 22 36 45 28 39 6418 392 41 125 248 219 375 449 22
internal_value=-0.00254557 0.00229365 -0.0536471 -0.065149 0.0127656 0.00326331 -0.0403232 0.00345384 0.00310673 0.0255699 -0.0072644 0.0380769 0.0478016 0.0137249 -0.0627708 0.00290276 0.0102821 -0.0186267 -0.0550257 0.00139024 0.0416748 0.00166907 0.00737447 0.0113008 0.0225542 0.0156743 0.0285891 -0.00201696 -0.0145858 -0.0784257
internal_weight=1746.22 1636.46 27.8825 23.7665 4.11605 1608.58 7.00086 1601.58 1576.83 24.7481 9.99152 5.84887 14.7566 7.22643 2.71946 1571.48 225.092 26.7342 16.6712 7.35406 10.063 1346.39 448.269 346.961 188.055 163.74 94.4186 158.906 93.2354 9.90616
internal_count=24513 12744 1703 1654 49 11041 114 10927 10447 480 119 83 361 155 54 10396 1511 170 109 64 61 8885 2467 1871 984 859 467 887 512 63
is_linear=0
shrinkage=0.1


Tree=157
num_leaves=31
num_cat=0
split_feature=0 3 0 10 0 12 6 11 6 8 9 0 3 6 6 1 6 8 8 6 6 2 4 3 9 5 0 4 8 8
split_gain=16.0058 2.53485 2.51908 8.47454 5.17895 2.71968 3.89524 3.35524 11.9935 3.22014 3.08038 4.27226 3.75865 3.74184 4.22399 2.66191 2.86167 3.32 2.52599 4.39426 3.93143 2.44092 3.03911 2.23103 4.17136 6.83296 5.70471 2.00029 4.0807 4.47262
threshold=45.500000000000007 5.5000000000000009 34.500000000000007 19.500000000000004 39.500000000000007 4.5000000000000009 13.500000000000002 1.0000000180025095e-35 4.5000000000000009 0.1788379530916844 134.65788288288292 36.500000000000007 5.5000000000000009 8.5000000000000018 5.5000000000000009 2.5000000000000004 9.5000000000000018 0.12599206349206346 0.26953601953601958 9.5000000000000018 7.5000000000000009 3.5000000000000004 15.500000000000002 8.5000000000000018 179.04150000000001 3.5000000000000004 40.500000000000007 13.500000000000002 0.28918128654970759 0.16405676535356004
decision_type=2 2 2 2 2 2 2 2 2 2 2 2 2 2 2 2 2 2 2 2 2 2 2 2 2 2 2 2 2 2
left_child=2 -2 -1 4 5 7 15 8 -4 -10 11 -9 13 14 -12 18 17 -17 -7 20 21 22 -20 24 25 26 -6 -5 29 -29
right_child=1 -3 3 27 23 6 -8 10 9 -11 12 -13 -14 -15 -16 16 -18 -19 19 -21 -22 -23 -24 -25 -26 -27 -28 28 -30 -31
leaf_value=0.0037257696761499159 -0.018622133799010395 -0.072470101488524799 0.25869397895966817 0.0013440197633366431 0.32482465787978021 -0.0030521067180442913 0.15422716800181607 0.17278994918960353 0.066334766184696345 -0.080577782273018414 -0.040803751139294325 -0.077370353804502093 -0.064493123953883888 -0.08783111528932952 0.08951729784927015 0.1302983167658896 0.081859570704434767 -0.062976410436338948 0.030024323804829403 -0.080619789731251168 0.21329460570389883 -0.036910735367872753 0.17141001560548252 -0.068593466465839512 -0.044197276609778714 -0.077138500490208914 0.013036566644495359 -0.027259673857387385 -0.025223226391921108 0.05222761923565189
leaf_weight=2247.7215944360942 11.926586690824477 32.740513203199953 1.820438489317892 319.60610672272742 1.2378924749791651 28.373496005311608 1.6903789769858111 1.5790004730224603 2.2539312988519669 4.4132405258715153 4.536931995302437 1.2026612907648084 28.792811689898372 3.6298967041075221 5.5047701895236969 0.95326569303870101 1.8667942732572544 13.135822882875798 4.2117712870240176 2.1363790892064562 1.7553879879415042 2.3898622002452612 2.3791025895625353 26.411350129637867 24.691184516064823 1.9212689716368911 1.1157770100980995 8.8412411455064994 14.191918903961776 35.513627178966999
leaf_count=13257 492 4776 35 1352 20 355 24 22 32 68 28 33 517 31 37 15 38 289 29 30 27 46 31 1591 831 76 56 52 92 231
internal_value=0.00129616 -0.0580921 0.00224563 -0.00384595 -0.0225344 -0.010223 0.00462042 -0.0264914 0.0312033 -0.0309119 -0.0373142 0.0646323 -0.0439923 -0.000816991 0.0306371 0.00019937 -0.034484 -0.0498995 0.0136165 0.0503574 0.0764206 0.049667 0.0810602 -0.0475733 -0.0284071 0.0627939 0.177019 0.00445686 0.0214498 0.0363834
internal_weight=2838.55 44.6671 2793.88 546.156 168.003 112.626 58.8923 53.7337 8.48761 6.66717 45.2461 2.78166 42.4644 13.6716 10.0417 57.2019 15.9559 14.0891 41.246 12.8725 10.7361 8.98074 6.59087 55.3775 28.9661 4.27494 2.35367 378.153 58.5468 44.3549
internal_count=24513 5268 19245 5988 4261 1687 884 803 135 100 668 55 613 96 65 860 342 304 518 163 133 106 60 2574 983 152 76 1727 375 283
is_linear=0
shrinkage=0.1


Tree=158
num_leaves=31
num_cat=0
split_feature=10 0 0 9 9 8 0 11 12 4 8 7 7 12 8 2 4 11 0 3 0 0 9 9 6 10 9 13 2 6
split_gain=17.6427 13.4011 4.63445 1.43627 17.8974 1.41615 1.54203 2.14578 2.1122 4.43882 2.9529 2.49182 1.96931 1.37066 4.07185 5.43366 4.93673 4.09785 3.65764 6.71398 3.21395 3.13292 2.99441 2.97204 4.62578 5.5805 3.53745 3.50624 2.37288 2.39364
threshold=7.5000000000000009 29.500000000000004 19.500000000000004 196.25948961156283 191.80377406281667 0.12599206349206346 34.500000000000007 1.5000000000000002 7.5000000000000009 7.5000000000000009 0.21103238866396759 2.5000000000000004 -7.4999999999999991 11.500000000000002 0.27055180180180188 2.5000000000000004 26.500000000000004 1.5000000000000002 44.500000000000007 9.5000000000000018 28.500000000000004 29.500000000000004 165.04702614379087 168.71650326797388 7.5000000000000009 15.500000000000002 157.91116709732992 1.2344322344322347 1.0000000180025095e-35 9.5000000000000018
decision_type=2 2 2 2 2 2 2 2 2 2 2 2 2 2 2 2 2 2 2 2 2 2 2 2 2 2 2 2 2 2
left_child=1 -1 3 4 -2 -3 8 -8 11 10 -10 12 -7 -4 15 28 17 18 -17 -20 -16 -19 -22 26 25 -25 -23 -26 -15 -30
right_child=2 5 13 -5 -6 6 7 -9 9 -11 -12 -13 -14 14 20 16 -18 21 19 -21 22 23 -24 24 27 -27 -28 -29 29 -31
leaf_value=-0.073691015219112921 -0.07620284093087204 0.060221912403591406 0.0035139112775639195 -0.067821418053909496 0.59925830096445531 0.058813882260789534 0.055664285751181236 -0.011139424609756553 0.22751002548959032 -0.059414900453247113 0.028656391363445739 0.1027157944433254 -0.066275199798063969 0.043313846023785463 -0.10029408085414496 -0.032084978903694286 -0.093261978428397271 0.096521453300296864 0.15690277565301677 -0.035503638585874762 0.037773770490913787 0.011102325330780281 -0.036101751248887287 -0.057132386745573943 0.073898039373352362 0.063214904688624771 0.12411424619211714 -0.0056330294245099007 -0.058655835228323232 0.0012851301578312038
leaf_weight=54.276816912577488 3.3649269323796029 3.5769059835001817 2638.6917070820928 12.171458547934888 0.44403790310025204 1.3919170051813115 7.7991008833050754 12.538092873990534 1.2696311958134168 3.0633973404765129 1.8132897624745963 1.08642879128456 13.136436282657089 3.8513204893097273 6.0922773173078886 21.091495457105342 3.9904568868223569 7.299351852387189 3.2593229352496556 4.0886763166636229 6.8339783239644012 5.0906035676598531 27.830332975368947 13.367225447669627 14.764614082407208 5.4133795720990738 6.0752563700079918 8.8756000676657987 21.305703975260261 9.6930162971839291
leaf_count=7617 180 36 14436 760 22 23 37 62 17 41 37 20 285 26 43 83 41 33 21 48 32 22 168 58 89 29 28 50 116 53
internal_value=0.00118764 -0.0401012 0.00264922 -0.0510505 0.00254043 -0.000185777 -0.00531835 0.0144791 -0.0238204 0.0258374 0.11055 -0.0433668 -0.0542908 0.00295487 -0.00577781 0.00297736 0.0155603 0.0204218 -0.0109174 0.0498413 -0.0333099 0.0350601 -0.0215374 0.0266881 0.0146057 -0.0224431 0.0725912 0.0440385 -0.0307154 -0.0399128
internal_weight=2923.55 99.952 2823.59 15.9804 3.80896 45.6752 42.0983 20.3372 21.7611 6.14632 3.08292 15.6148 14.5284 2807.61 168.923 128.166 93.316 89.3255 28.4395 7.348 40.7566 60.886 34.6643 53.5867 42.4208 18.7806 11.1659 23.6402 34.85 30.9987
internal_count=24513 8175 16338 962 202 558 522 99 423 95 54 328 308 15376 940 697 502 461 152 69 243 309 200 276 226 87 50 139 195 169
is_linear=0
shrinkage=0.1


Tree=159
num_leaves=31
num_cat=0
split_feature=0 4 10 7 12 5 13 1 0 9 10 0 8 11 10 5 2 7 10 7 9 10 12 5 0 7 8 8 8 8
split_gain=49.0162 5.11474 2.40988 2.09828 4.9989 8.27641 1.95751 1.94083 1.83312 1.81935 1.80891 1.88496 1.76872 2.54615 2.59246 1.72661 1.65748 2.52057 2.55995 2.11445 4.47324 3.11813 5.89477 2.24358 3.69125 2.94032 4.07737 4.74015 3.69645 2.85952
threshold=31.500000000000004 7.5000000000000009 8.5000000000000018 8.5000000000000018 9.5000000000000018 1.5000000000000002 1.9285714285714286 7.5000000000000009 59.500000000000007 228.57005797101453 15.500000000000002 52.500000000000007 0.3917306052855925 1.5000000000000002 12.500000000000002 4.5000000000000009 1.5000000000000002 -8.4999999999999982 16.500000000000004 -7.4999999999999991 209.49947916666667 19.500000000000004 4.5000000000000009 6.5000000000000009 40.500000000000007 -3.4999999999999996 0.21913109756097562 0.19538706256627789 0.22933743169398904 0.16172624237140362
decision_type=2 2 2 2 2 2 2 2 2 2 2 2 2 2 2 2 2 2 2 2 2 2 2 2 2 2 2 2 2 2
left_child=3 9 -3 -1 -5 -6 7 8 12 -2 -8 -12 16 -14 -15 -16 19 18 -18 20 -4 -22 -23 24 -21 -26 27 29 -28 -27
right_child=1 2 6 4 5 -7 10 -9 -10 -11 11 -13 13 14 15 -17 17 -19 -20 23 21 22 -24 -25 25 26 28 -29 -30 -31
leaf_value=-0.075519321335348333 0.15734160637051764 -0.07804836445328521 -0.095056356451214033 -0.075687596787599121 -0.076275337541367338 0.44166934826921511 0.02814540198206375 0.082113398753106207 0.075836728191942163 -0.059690482219227153 -0.077418476272403419 0.042042190387462541 -0.092406649010302669 0.068463247019446213 0.016918300190428292 -0.09266386069337719 0.038972464007906799 0.0045386581309201871 -0.046129221096266271 -0.055049892446582011 0.11837583843163707 -0.078970169238978302 0.069028129697618165 -0.059045772854004412 -0.030421713183503188 0.069862994037718548 -0.094041644530925408 0.12969477986237885 0.0081944113827972977 -0.030465749313980186
leaf_weight=88.715379301691428 0.39615272544324298 3.6788611887022844 2.7882299851626184 2.8113758740946642 0.66127911582589127 0.57832810189574957 3.2910458389669648 3.1160911610350004 3.4598931577056637 15.452702752780167 8.0257697608321887 1.5810474231839169 4.7040677098557344 3.3307089079171401 2.6620266996324062 3.1266714865341783 4.4047870300710228 1571.307108361274 17.894806855358183 14.422692104708402 4.0192957380786511 4.1796885491348803 7.5572692160494626 10.415033510886131 19.873172909487039 5.4010674944147485 4.2928914818912771 5.5642276639118782 20.072082209400833 5.9929141644388437
leaf_count=11511 13 156 22 246 40 24 32 40 404 1037 165 8 30 22 19 22 28 9487 137 316 24 94 115 83 187 29 26 31 130 35
internal_value=-0.00146775 0.00228515 0.00280168 -0.0723055 -0.00192442 0.165367 0.00297346 0.00326474 0.00312152 -0.0542656 -0.0358388 -0.0577582 0.00297456 -0.0326509 -0.00182702 -0.0422707 0.00326456 0.00406488 -0.0293193 -0.00893099 0.021696 0.0423566 0.0163239 -0.0155326 -0.0095395 0.00118634 0.0163873 0.0540392 -0.00981867 0.0170929
internal_weight=1843.78 1751.01 1735.16 92.7664 4.05098 1.23961 1731.48 1718.58 1715.47 15.8489 12.8979 9.60682 1712.01 13.8235 9.11941 5.7887 1698.19 1593.61 22.2996 104.579 18.5445 15.7563 11.737 86.0341 75.619 61.1964 41.3232 16.9582 24.365 11.394
internal_count=24513 12692 11642 11821 310 64 11486 11281 11241 1050 205 173 10837 93 63 41 10744 9652 165 1092 255 233 209 837 754 438 251 95 156 64
is_linear=0
shrinkage=0.1


Tree=160
num_leaves=31
num_cat=0
split_feature=0 4 0 10 10 10 2 9 6 0 8 8 4 2 2 8 12 8 12 9 11 5 8 8 11 0 8 12 1 13
split_gain=56.2872 7.9796 2.03209 2.05218 1.30932 2.73923 4.55145 3.96082 4.31842 3.00202 3.07698 4.65152 3.11789 3.43949 4.34539 2.74383 3.23488 4.87838 2.94149 2.98347 2.79283 2.47412 2.36654 2.87278 2.72041 4.6624 3.20096 2.99658 3.81337 3.72453
threshold=33.500000000000007 13.500000000000002 21.500000000000004 5.5000000000000009 22.500000000000004 8.5000000000000018 1.0000000180025095e-35 268.15319794584508 8.5000000000000018 20.500000000000004 0.2956145966709347 0.28989813242784385 10.500000000000002 3.5000000000000004 4.5000000000000009 0.12262799856784816 5.5000000000000009 0.29289318755256516 4.5000000000000009 146.56632876167762 3.5000000000000004 6.5000000000000009 0.15047169811320757 0.21644144144144142 1.5000000000000002 25.500000000000004 0.32173123486682814 5.5000000000000009 1.0000000180025095e-35 0.94987468671679209
decision_type=2 2 2 2 2 2 2 2 2 2 2 2 2 2 2 2 2 2 2 2 2 2 2 2 2 2 2 2 2 2
left_child=1 4 -3 -4 5 -1 7 -7 -9 15 11 12 13 21 -15 -8 18 20 19 -17 -18 -11 -6 -24 25 -25 27 28 -26 -30
right_child=-2 2 3 -5 22 6 9 8 -10 10 -12 -13 -14 14 -16 16 17 -19 -20 -21 -22 -23 23 24 26 -27 -28 -29 29 -31
leaf_value=0.0036999652605891001 -0.074579636932822921 0.01182991422516709 0.01699852179028245 -0.075758689664743528 0.047336266273183797 -0.041424589969324348 -0.047065478723926753 0.019984071830000876 0.12662309691372897 -0.035896197242219249 -0.077140779197857529 0.14402591160301967 -0.070566890704200427 0.18656420321293787 -0.028723402809782719 -0.067236957249049475 -0.031943815122541075 -0.076528730659905495 0.091646554953152201 0.024097700967914491 0.049793692428239875 0.039732998196888553 -0.018092096488286611 0.042444210708200016 0.099672989967945047 -0.061320504751952193 -0.022409043001925946 0.010280460554384292 0.094624634926804868 -0.021612088344176106
leaf_weight=1325.2961486279964 101.65023298677988 4.1468368526548174 2.717277983203533 19.515560136642307 17.267919085919857 5.6540799476206329 12.232951164245604 11.548764896579089 5.6578633217141023 25.872161658480767 12.748427573591469 1.6315674372017372 12.49212411791086 1.8614111160859459 1.8889586515724657 4.116847991943362 7.8900601938366952 10.126227851957081 5.4589159935712805 27.245337311178446 8.890571963042019 5.1939275874756268 30.988663118798286 7.7299058884382275 13.547813397832217 9.8456940944306535 9.6483299699611944 18.177664356306195 4.4040668895468098 7.3695493182167411
leaf_count=8978 11769 49 18 1636 97 50 50 78 41 247 186 24 300 23 26 19 33 46 25 122 40 42 190 28 72 82 64 102 22 54
internal_value=-0.00238193 0.00211725 -0.0524353 -0.064422 0.00301399 0.0022057 -0.0101321 0.0311884 0.055049 -0.0169946 -0.0333821 -0.0219834 -0.0277086 -0.0123311 0.0781297 -0.00368617 0.00464074 -0.0217153 0.0239003 0.0121084 0.0113617 -0.0232518 0.0131079 0.00729685 0.0184215 -0.0156839 0.0297 0.041258 0.0634961 0.0218677
internal_weight=1732.82 1631.17 26.3797 22.2328 1604.79 1485.81 160.51 22.8607 17.2066 137.649 61.6886 48.9402 47.3086 34.8165 3.75037 75.9609 63.728 26.9069 36.8211 31.3622 16.7806 31.0661 118.98 101.712 70.723 17.5756 53.1474 43.4991 25.3214 11.7736
internal_count=24513 12744 1703 1654 11041 10330 1352 169 119 1183 848 662 638 338 49 335 285 119 166 141 73 289 711 614 424 110 314 250 148 76
is_linear=0
shrinkage=0.1


Tree=161
num_leaves=31
num_cat=0
split_feature=0 3 4 0 10 13 8 11 5 12 11 5 5 13 0 4 11 8 11 13 8 9 6 3 3 0 13 6 10 6
split_gain=14.452 2.52359 2.29645 2.16198 5.0546 2.59475 2.15919 2.63233 2.03366 1.96242 2.8598 1.85331 2.80186 1.79265 1.72281 2.55312 8.03735 6.24419 2.85731 1.56535 2.01239 1.5111 3.33242 2.15251 2.08234 4.36408 3.73612 4.08317 3.79668 2.53161
threshold=45.500000000000007 5.5000000000000009 26.500000000000004 42.500000000000007 19.500000000000004 0.78888888888888908 0.20864427860696519 3.5000000000000004 8.5000000000000018 7.5000000000000009 3.5000000000000004 9.5000000000000018 10.500000000000002 1.4833333333333336 49.500000000000007 14.500000000000002 2.5000000000000004 0.25511055486024198 5.5000000000000009 1.1791443850267382 0.22016949152542373 106.83598214285716 3.5000000000000004 11.500000000000002 8.5000000000000018 33.500000000000007 0.51315789473684215 5.5000000000000009 17.500000000000004 9.5000000000000018
decision_type=2 2 2 2 2 2 2 2 2 2 2 2 2 2 2 2 2 2 2 2 2 2 2 2 2 2 2 2 2 2
left_child=2 14 3 11 8 6 7 -6 -5 13 -11 21 -13 19 15 18 17 -17 -2 20 -7 22 -1 -24 -23 29 27 -27 -29 -26
right_child=1 -3 -4 4 5 9 -8 -9 -10 10 -12 12 -14 -15 -16 16 -18 -19 -20 -21 -22 24 23 -25 25 26 -28 28 -30 -31
leaf_value=0.082081920569983369 -0.05765556496555211 -0.072190754861029868 -0.079019148645529808 -0.075701906838964036 -0.080288429433591435 0.052397178092621122 -0.08049733456331 0.08393361145784374 0.13476074278261704 0.094125351259984141 -0.0055524334085368795 0.077907556940753048 -0.026641717433841895 0.03474372801341985 -0.076190787675138372 0.087667883103626706 -0.076455660903063716 0.57589560738554535 0.13255940987879702 -0.083718520686308168 -0.045398447436329384 0.0033974247443318384 0.046722406581120202 -0.040168216627166999 -0.00044064530810039842 -0.051894051732751814 -0.032097796739050666 0.033114955633285308 0.22931566989245269 0.066637082153576596
leaf_weight=7.5593487345613566 4.961079322267322 30.33545000734739 3.4857936985790721 13.774842636659738 1.70217285864055 3.5833845827728563 6.1762405633926392 2.2881120424717665 0.47495282813906747 6.1401843465864641 5.418207298964262 7.6111954003572446 3.8649943005293608 7.2694795988500109 3.5101174766896284 0.60903843585401796 1.24112534802407 0.45966993272304535 0.93921666964888562 3.5665720086544743 5.0971197113394737 2291.6248047943227 4.9661337062716466 6.6939520500600338 321.58336542919278 2.6661168541759244 72.456577605567873 2.6479931641370058 1.5716866813600061 5.7267202138900748
leaf_count=37 153 4776 139 1202 30 39 123 30 39 34 38 44 21 40 210 26 59 19 25 39 56 14143 19 30 1311 44 1709 48 8 22
internal_value=0.00121898 -0.0569646 0.00209667 0.00219821 -0.0173426 0.000398027 -0.043455 0.0138799 -0.0686871 0.014745 0.0473996 0.00259556 0.0426971 -0.00459412 -0.0175548 0.00751415 0.0966407 0.297663 -0.0273769 -0.0279438 -0.0050276 0.00242621 0.0303667 -0.00316073 0.00222719 -0.00436747 -0.0254083 0.0449832 0.106193 0.000732968
internal_weight=2830.01 42.0557 2787.95 2784.46 55.4913 41.2415 10.1665 3.99028 14.2498 31.0749 11.5584 2728.97 11.4762 19.5166 11.7202 8.21013 2.30983 1.06871 5.9003 12.2471 8.6805 2717.5 19.2194 11.6601 2698.28 406.652 79.3424 6.8858 4.21968 327.31
internal_count=24513 5268 19245 19106 1670 429 183 60 1241 246 72 17436 65 174 492 282 104 45 178 134 95 17371 86 49 17285 3142 1809 100 56 1333
is_linear=0
shrinkage=0.1


Tree=162
num_leaves=31
num_cat=0
split_feature=10 0 0 1 11 12 11 7 6 11 9 7 0 8 10 7 8 11 2 3 10 8 5 4 12 9 12 0 9 11
split_gain=15.8299 12.7084 4.22127 2.09434 3.34376 7.73842 7.3519 2.61492 2.43203 2.36275 1.5961 1.51511 3.41279 4.61588 3.04387 2.73199 2.3746 2.25329 4.44032 2.92349 3.16999 4.22188 2.73817 2.66855 2.33621 2.25043 2.55604 2.16936 3.85682 4.78156
threshold=7.5000000000000009 29.500000000000004 21.500000000000004 1.5000000000000002 1.5000000000000002 4.5000000000000009 1.0000000180025095e-35 7.5000000000000009 1.5000000000000002 3.5000000000000004 401.50203373015876 -5.4999999999999991 35.500000000000007 0.32529069767441865 13.500000000000002 -9.4999999999999982 0.36032786885245904 1.5000000000000002 4.5000000000000009 1.5000000000000002 22.500000000000004 0.31311274509803927 6.5000000000000009 11.500000000000002 2.5000000000000004 304.0131313131314 2.5000000000000004 44.500000000000007 243.40676843317974 3.5000000000000004
decision_type=2 2 2 2 2 2 2 2 2 2 2 2 2 2 2 2 2 2 2 2 2 2 2 2 2 2 2 2 2 2
left_child=1 -1 3 7 5 6 -5 -2 9 -6 11 12 14 17 -4 -15 -17 18 23 22 21 27 25 -14 -25 26 -19 28 29 -21
right_child=2 -3 10 4 8 -7 -8 -9 -10 -11 -12 -13 13 15 -16 16 -18 19 -20 20 -22 -23 -24 24 -26 -27 -28 -29 -30 -31
leaf_value=-0.073506959990153761 -0.069188243440624866 -0.00047712573454037309 0.050322614693254303 0.012792919785201176 -0.079441053926370062 -0.077946898781419208 0.38105670810997699 0.20918200647776813 -0.064833706811752587 0.13106704536351324 0.067483331610507361 0.0036517581875784551 0.00019127464533403327 0.10977139896361435 -0.033890365560499423 0.0609951934170119 -0.023668547283142848 -0.069077222226331433 -0.078341360877594482 0.06233495313915538 -0.077812306561809055 -0.10285032491239116 0.080341612479581104 -0.0045000554514637936 0.053980024996482884 0.05701012952690674 0.016101350620840692 -0.02413121102555521 -0.016542672620942767 -0.0034291300194386962
leaf_weight=50.3013434674358 14.085806272458285 45.275799414142966 4.7024122662842265 1.0813567731529465 0.85226373188197557 1.9281223732978103 1.087068647146225 0.34573570452630598 8.0358020262792689 1.4241715511307118 3.8169702943414441 2440.686768149375 39.494014646857977 5.2779614999890354 49.186946842819452 7.78426386695355 5.7671667449176311 5.6226451843977037 5.1177269062027326 18.18393949046731 7.2666733488440505 4.7787448912858954 6.2303382977843276 9.3542626835405809 25.326317712664604 5.9328463748097411 9.433928966522215 51.699513137573376 56.6148646697402 28.203688681125641
leaf_count=7617 808 558 20 33 20 70 30 6 301 35 36 12861 163 24 790 36 28 23 31 73 30 21 27 45 124 27 40 310 216 110
internal_value=0.00111214 -0.038912 0.00246899 -0.0355928 -0.00862365 0.0678077 0.19741 -0.0625193 -0.0389861 0.0522559 0.00286236 0.00277385 -0.0034193 0.000846737 -0.0265419 0.0487361 0.0249643 -0.00245316 0.0117495 -0.0082591 -0.0132193 -0.0102761 0.0221269 0.0179654 0.0382064 0.00484695 -0.0157073 -0.00741653 0.000972984 0.0223504
internal_weight=2914.9 95.5771 2819.32 28.8403 14.4088 4.09655 2.16843 14.4315 10.3122 2.27644 2790.48 2786.67 345.978 292.089 53.8894 18.8294 13.5514 273.26 79.2923 193.967 166.747 159.481 27.2198 74.1746 34.6806 20.9894 15.0566 154.702 103.002 46.3876
internal_count=24513 8175 16338 1303 489 133 63 814 356 55 15035 14999 2138 1328 810 88 64 1240 363 877 760 730 117 332 169 90 63 709 399 183
is_linear=0
shrinkage=0.1


Tree=163
num_leaves=31
num_cat=0
split_feature=0 9 4 13 7 12 2 1 0 8 9 8 9 7 0 10 12 4 9 13 9 7 13 6 4 10 11 13 2 8
split_gain=45.1054 4.71894 2.51499 2.10991 2.05347 3.79466 4.97264 1.70833 1.65902 1.62091 3.37709 6.00023 5.63 4.03841 4.69116 4.47216 4.29128 4.05597 6.47792 4.43442 4.71591 5.09285 5.29732 4.01985 3.49057 3.45837 3.06199 2.86359 2.82676 2.77494
threshold=31.500000000000004 297.19694548872184 15.500000000000002 1.9285714285714286 8.5000000000000018 9.5000000000000018 6.5000000000000009 7.5000000000000009 59.500000000000007 0.2869249394673124 224.90895424836603 0.29289318755256516 217.5747023809524 -4.4999999999999991 46.500000000000007 17.500000000000004 1.5000000000000002 25.500000000000004 137.05471014492755 1.1339285714285716 189.83787878787882 -1.0000000180025095e-35 1.2264957264957268 8.5000000000000018 18.500000000000004 15.500000000000002 2.5000000000000004 1.2792207792207795 6.5000000000000009 0.20794025157232701
decision_type=2 2 2 2 2 2 2 2 2 2 2 2 2 2 2 2 2 2 2 2 2 2 2 2 2 2 2 2 2 2
left_child=4 3 -3 7 -1 -6 -7 8 9 29 12 -12 13 15 17 -11 23 19 -19 -15 21 -21 -23 -16 -13 27 -26 -24 -22 -2
right_child=1 2 -4 -5 5 6 -8 -9 -10 10 11 24 -14 14 16 -17 -18 18 -20 20 28 22 25 -25 26 -27 -28 -29 -30 -31
leaf_value=-0.075480419665489018 -0.00075094764252210352 -0.059485303306896026 0.011574240974610614 -0.03657306553148934 -0.075635737227607081 0.29057076772765833 -0.077191240257845628 0.0784180650073526 0.075765182192731678 0.1127087939051646 -0.096035849697523379 -0.025666786171620961 0.057211793185221738 -0.028347975741128763 0.023821549500347459 -0.018070421779344103 0.033559323528024244 -0.04478254014127124 0.11464877201732052 0.099249926015369652 -0.07395702595124215 0.076785771026866068 0.016026384468208324 -0.15695820149947284 -0.015606859367698386 0.049756474294229205 0.08311659362393313 -0.061973446890753597 0.0098965806605662131 0.0082528134964707824
leaf_weight=82.064694889937527 617.7885266165249 18.738738734740767 6.7838373929262152 13.55868462892249 2.6026636566966763 0.81517781876027562 0.66973288357257843 3.0006459485739461 3.1188703924417487 6.1846987279131991 9.8893653722479922 39.538707615341991 16.878166174050421 109.89970856159925 2.4967688051983705 4.5300538465380669 41.228357724845409 4.3932769671082479 6.0693026222288609 7.2965589147061101 9.8129677586257475 8.4106442891061288 7.3115778863430085 2.4243601355701685 6.1501657525077444 6.4508035145699969 6.4224906992167234 13.211738403886555 6.8101727776229373 767.60996275069192
leaf_count=11511 3890 880 33 284 246 31 33 40 404 45 76 412 116 582 26 37 370 22 26 40 62 41 35 20 42 28 44 72 32 5033
internal_value=-0.00139946 0.00208586 -0.0405979 0.00271905 -0.0720348 -0.00285868 0.124701 0.00303116 0.0028984 0.00276478 -0.00370519 -0.0246245 0.00141306 -0.00256858 -0.00541484 0.0574171 0.0230241 -0.0127197 0.047703 -0.0164559 0.00558188 0.0231804 0.00749442 -0.0652383 -0.0110725 -0.0141109 0.034824 -0.0341855 -0.0396039 0.00423778
internal_weight=1832.16 1746.01 25.5226 1720.49 86.1523 4.08757 1.48491 1706.93 1703.93 1700.81 315.41 62.0007 253.409 236.531 225.816 10.7148 46.1495 179.667 10.4626 169.204 59.3045 42.6813 35.3848 4.92113 52.1114 26.9741 12.5727 20.5233 16.6231 1385.4
internal_count=24513 12692 913 11779 11821 310 64 11495 11455 11051 2128 574 1554 1438 1356 82 416 940 48 892 310 216 176 46 498 135 86 107 94 8923
is_linear=0
shrinkage=0.1


Tree=164
num_leaves=31
num_cat=0
split_feature=0 4 0 10 11 6 6 3 4 11 10 10 12 1 0 9 13 11 8 8 12 13 2 9 11 7 4 1 9 6
split_gain=51.9202 7.15649 1.94761 1.98248 1.23529 1.20088 1.50479 3.17235 4.87797 1.86901 1.37068 2.28879 4.30141 4.01006 2.97129 2.8987 2.66418 2.46151 3.19128 5.33812 3.12406 3.10542 3.08073 2.10896 3.18567 2.04828 1.9508 3.10863 3.53477 2.9306
threshold=33.500000000000007 13.500000000000002 21.500000000000004 5.5000000000000009 4.5000000000000009 14.500000000000002 12.500000000000002 3.5000000000000004 5.5000000000000009 3.5000000000000004 22.500000000000004 8.5000000000000018 11.500000000000002 1.0000000180025095e-35 20.500000000000004 296.36007168458792 1.5857142857142861 1.0000000180025095e-35 0.19657494145199064 0.26546556122448989 6.5000000000000009 1.3923076923076925 2.5000000000000004 254.67365151515153 4.5000000000000009 -5.4999999999999991 6.5000000000000009 1.5000000000000002 305.17860195360203 11.500000000000002
decision_type=2 2 2 2 2 2 2 2 2 2 2 2 2 2 2 2 2 2 2 2 2 2 2 2 2 2 2 2 2 2
left_child=1 5 4 -4 -3 6 10 8 9 -8 11 -1 13 -13 17 -16 25 -15 22 21 -21 -20 -19 24 -12 -17 27 29 -29 -25
right_child=-2 2 3 -5 -6 -7 7 -9 -10 -11 23 12 -14 14 15 16 -18 18 19 20 -22 -23 -24 26 -26 -27 -28 28 -30 -31
leaf_value=0.0034060606398967652 -0.074459171085558884 -0.0384479852617945 0.015484079386773568 -0.075702804827885758 0.070884303281099972 0.04788978331358059 0.00076068070482285949 -0.13049726451140387 0.097757615443899826 -0.10350773814361294 0.017376019528844527 0.018762544665195866 -0.08156239190817155 -0.056621404538103229 -0.055579904083404352 0.057659798815250789 0.067950948529852576 -0.07917012629641039 0.11813910487126994 0.01753301347264415 -0.068761877843734262 0.015330330965853099 0.00090980479757348648 0.015923063564507393 0.13503795510813096 -0.080648687338735606 -0.024309404269638853 0.022409403736118286 -0.12057862949372011 0.10266779873816066
leaf_weight=1315.895530352369 94.09944123995956 2.2748411521315601 2.7467384617775705 18.064297714270651 1.8936625495553014 5.8773339176550499 3.3211473636329156 2.5888230991549781 3.1056333864107728 3.5638918960466981 6.9277567593380791 46.026375696994364 7.8626805031672111 7.6539362333714953 27.72876733308658 1.5241337334737179 4.1972188539803028 7.2111912742257145 7.1980880163609964 14.418919369578363 5.9165969528257838 4.9643761515617371 14.391568120568989 76.831126247532666 3.4454880421981215 3.5996099701151234 14.901172288227825 3.4363055825233451 3.4794248752295971 4.1026342250406733
leaf_count=8944 11769 34 18 1636 15 41 22 31 24 20 41 360 77 36 477 10 26 28 31 63 28 24 68 394 22 58 151 19 21 25
internal_value=-0.0022401 0.00194153 -0.0511707 -0.0636675 0.0112193 0.00277065 0.00260431 -0.0318454 -0.00628233 -0.0532116 0.0028783 0.00206128 -0.00952791 -0.00561724 -0.0169742 -0.0393628 0.00888132 -0.00354211 0.00396731 0.0237692 -0.00757439 0.0761755 -0.0258216 0.0134849 0.0564576 -0.0395068 0.00914659 0.0148214 -0.0495304 0.0203203
internal_weight=1719.25 1625.15 24.9795 20.811 4.1685 1600.17 1594.29 12.5795 9.99067 6.88504 1581.71 1468.59 152.693 144.831 98.8044 37.0497 9.32096 61.7547 54.1007 32.498 20.3355 12.1625 21.6028 113.124 10.3732 5.12374 102.751 87.8495 6.91573 80.9338
internal_count=24513 12744 1703 1654 49 11041 11000 97 66 42 10903 10230 1286 1209 849 571 94 278 242 146 91 55 96 673 63 68 610 459 40 419
is_linear=0
shrinkage=0.1


Tree=165
num_leaves=31
num_cat=0
split_feature=0 3 4 0 10 13 4 5 13 8 12 8 5 4 12 13 13 3 2 7 1 2 13 7 7 13 13 7 3 6
split_gain=13.0923 2.46134 2.10535 1.88455 4.72244 2.31515 2.06399 1.78224 1.65377 2.59065 1.92155 1.66241 1.61458 2.53147 1.61069 2.50732 1.56714 1.52746 5.36778 4.3715 1.91965 3.2725 2.31431 3.58522 1.63664 2.51568 1.48175 1.80555 2.25974 1.43561
threshold=45.500000000000007 5.5000000000000009 26.500000000000004 42.500000000000007 19.500000000000004 0.78888888888888908 8.5000000000000018 8.5000000000000018 0.78888888888888908 0.17349498327759191 8.5000000000000018 0.31866537717601556 9.5000000000000018 9.5000000000000018 7.5000000000000009 1.1339285714285716 1.4833333333333336 15.500000000000002 7.5000000000000009 11.500000000000002 5.5000000000000009 6.5000000000000009 1.297058823529412 9.5000000000000018 6.5000000000000009 1.5339366515837105 1.1791443850267382 -5.4999999999999991 4.5000000000000009 8.5000000000000018
decision_type=2 2 2 2 2 2 2 2 2 2 2 2 2 2 2 2 2 2 2 2 2 2 2 2 2 2 2 2 2 2
left_child=2 8 3 12 7 6 -6 -5 9 -2 11 -11 17 -14 16 -16 26 20 -19 -20 -1 -22 -23 24 -24 -26 27 -7 -29 -30
right_child=1 -3 -4 4 5 14 -8 -9 -10 10 -12 -13 13 -15 15 -17 -18 18 19 -21 21 22 23 -25 25 -27 -28 28 29 -31
leaf_value=0.0023614610154885185 0.20471052316318478 -0.071889986636025596 -0.078747546500976401 -0.075650003984641084 0.016874327987738951 -0.058906493970389585 -0.077988809578084184 0.11031561026361224 -0.048131066630740106 -0.076874123041718964 0.11430490389644417 0.12866616632747815 -0.010113482452246711 0.08421470027689211 0.084096527210078847 -0.008947144277024718 0.032344284199773227 0.15420070676285436 0.10273317823282167 -0.05137551895645668 0.077089260429586193 -0.097578340743426681 -0.0035725253045453919 0.075077283669781392 -0.018942703266224707 -0.14922517591068946 -0.083027774540507623 0.12161847048600845 -0.079418530990938208 0.055100896324985431
leaf_weight=2678.2541515268385 0.70998008642345478 28.0702242605621 3.2274105106480411 12.769641090184447 3.6920272447168809 3.567539144307375 6.0552450511604548 0.53702028468251306 6.9463345013791695 2.4647191284457231 1.037132754223421 0.46825929172337044 5.3605532646179181 6.0628342293202877 6.5582507923245412 5.186871375888586 7.3576890006661406 2.9781063003465524 2.7101241387426835 5.7374658836051822 2.6294514704495695 5.3671472743153599 4.7094670888036472 3.0702775847166768 3.0366786578670144 2.8951788730919361 3.3253972735255948 1.8603156022727541 1.7112645097076895 1.479050515219569
leaf_count=17104 24 4776 139 1202 28 31 155 39 315 108 33 12 27 38 37 35 40 27 25 47 16 49 42 19 25 17 39 12 29 23
internal_value=0.00115862 -0.0558646 0.00197284 0.00206665 -0.0164146 0.000459503 -0.042057 -0.0681449 -0.0171737 0.0287742 -0.00268875 -0.044059 0.00243386 0.0399501 0.0138079 0.0430067 -0.00395999 0.0022758 0.0387618 -0.00193494 0.0021214 -0.027496 -0.04191 -0.0201197 -0.0475863 -0.08253 -0.0263248 -0.00444544 0.0340234 -0.0170545
internal_weight=2819.84 39.6967 2780.14 2776.91 54.1003 40.7937 9.74727 13.3067 11.6264 4.68009 3.97011 2.93298 2722.81 11.4234 31.0464 11.7451 19.3013 2711.39 11.4257 8.44759 2699.96 21.7082 19.0787 13.7116 10.6413 5.93186 11.9436 8.61817 5.05063 3.19032
internal_count=24513 5268 19245 19106 1670 429 183 1241 492 177 153 120 17436 65 246 72 174 17371 99 72 17272 168 152 103 84 42 134 95 64 52
is_linear=0
shrinkage=0.1


Tree=166
num_leaves=31
num_cat=0
split_feature=10 0 0 9 3 7 5 2 5 1 2 12 0 6 12 8 8 8 7 7 12 8 10 3 11 9 9 12 12 9
split_gain=14.0183 12.2015 3.79338 1.37195 2.88628 7.99753 11.4563 2.00989 1.27469 2.27054 2.05736 6.50447 3.79528 2.70976 2.00005 1.21479 1.28528 2.43342 3.90568 5.92934 5.16948 3.54378 2.65392 2.51387 3.15276 2.78195 5.21402 3.80411 3.24273 2.73207
threshold=7.5000000000000009 29.500000000000004 19.500000000000004 239.62694122694128 5.5000000000000009 1.0000000180025095e-35 1.5000000000000002 3.5000000000000004 2.5000000000000004 1.0000000180025095e-35 1.5000000000000002 6.5000000000000009 35.500000000000007 5.5000000000000009 3.5000000000000004 0.46770833333333339 0.35355392156862747 0.36451048951048953 4.5000000000000009 7.5000000000000009 5.5000000000000009 0.35781671159029654 16.500000000000004 11.500000000000002 1.5000000000000002 154.17960588793923 190.52561064794503 6.5000000000000009 1.5000000000000002 176.7741666666667
decision_type=2 2 2 2 2 2 2 2 2 2 2 2 2 2 2 2 2 2 2 2 2 2 2 2 2 2 2 2 2 2
left_child=1 -1 3 4 5 -2 7 -7 10 -10 11 12 -3 14 -12 16 -4 18 20 -20 21 -18 -22 25 -25 -19 27 -27 -28 -26
right_child=2 8 15 -5 -6 6 -8 -9 9 -11 13 -13 -14 -15 -16 -17 17 23 19 -21 22 -23 -24 24 29 26 28 -29 -30 -31
leaf_value=-0.073314420051594137 -0.075897863781620514 -0.082127538622141616 0.0021714096233385973 -0.075884256086199031 -0.076577694418839215 -0.07587549033156063 0.71029059336827971 0.24768615498838528 -0.052170099229940675 0.0081024189427706603 0.027782935306898113 0.16699104882094815 0.096406686160271884 0.070258225970074945 -0.082607934412401829 -0.054958164202616878 -0.01176206352812512 0.066999290501647477 0.15901319449234241 0.0038722982322719605 -0.097430964673516293 0.10322798955979895 0.0163490660719867 -0.098726235422129494 0.04866414858115603 -0.0056522280700410862 -0.044879994843133805 -0.10992948767303097 0.032232968956578713 -0.051362685695125303
leaf_weight=46.634864990832284 1.7931768479757004 3.1332885362207907 2679.0287492081989 8.1417941045947355 3.4383992366492748 0.50780926831066586 0.38140314910560846 0.30868013389408588 9.9591388655826467 16.782412455417216 2.539170175790785 3.253950597718358 1.9205259829759596 2.9507877174764872 4.6411937465891242 3.6697655301541081 4.5206182943657094 8.2845923081040365 5.4419403020292503 4.5011114999651909 4.6987320706248266 6.5826117862015963 3.6366481278091669 4.8477073654066762 5.4097565594129247 8.8757790550589544 6.3156758877448729 5.7744714226573697 39.9356320342049 5.5136695723049343
leaf_count=7617 129 69 14759 595 166 35 21 16 119 196 30 33 9 37 65 20 24 32 25 19 24 39 33 25 24 40 33 25 230 24
internal_value=0.00101824 -0.0374331 0.0022739 -0.0486165 -0.0140868 0.05775 0.257813 0.0464495 -0.000396741 -0.0143444 0.0198312 0.0567184 -0.0142818 -0.0104171 -0.0435707 0.00253902 0.00261455 0.0129976 0.0378046 0.0887826 0.0117288 0.0564104 -0.0477898 0.00441839 -0.0316104 0.0126312 0.0052354 -0.0467536 0.0217031 -0.00182504
internal_weight=2903.42 91.8153 2811.61 14.5713 6.42947 2.99107 1.19789 0.816489 45.1805 26.7416 18.4389 8.30777 5.05381 10.1312 7.18036 2797.04 2793.37 114.339 29.3817 9.94305 19.4386 11.1032 8.33538 84.9573 15.7711 69.1862 60.9016 14.6503 46.2513 10.9234
internal_count=24513 8175 16338 962 367 201 72 51 558 315 243 111 78 132 95 15376 15356 597 164 44 120 63 57 433 73 360 328 65 263 48
is_linear=0
shrinkage=0.1


Tree=167
num_leaves=31
num_cat=0
split_feature=0 4 10 7 9 5 1 2 9 10 8 9 11 8 8 10 12 1 9 3 11 0 9 3 13 10 6 4 11 8
split_gain=41.5429 4.25552 2.13025 2.0237 3.38655 9.65002 1.68985 1.67788 4.17916 3.37247 3.25787 3.26762 2.90772 2.60242 2.58067 2.52305 3.16488 2.51716 2.49204 2.56577 3.29378 2.87281 3.64787 3.37401 2.42594 2.32305 4.16472 6.33273 5.75101 4.83339
threshold=31.500000000000004 7.5000000000000009 8.5000000000000018 8.5000000000000018 210.12683215130025 2.5000000000000004 1.5000000000000002 8.5000000000000018 165.88075633773312 12.500000000000002 0.25186567164179113 158.94392883686365 5.5000000000000009 0.27675941080196403 0.25186567164179113 15.500000000000002 3.5000000000000004 4.5000000000000009 170.57696049528303 12.500000000000002 3.5000000000000004 45.500000000000007 196.25948961156283 14.500000000000002 1.297058823529412 15.500000000000002 3.5000000000000004 25.500000000000004 5.5000000000000009 0.2561121049493143
decision_type=2 2 2 2 2 2 2 2 2 2 2 2 2 2 2 2 2 2 2 2 2 2 2 2 2 2 2 2 2 2
left_child=3 -2 -3 -1 6 -6 -5 25 9 17 11 -11 13 14 18 16 -15 24 -10 20 -20 -21 -23 -24 -9 26 28 -28 -4 -29
right_child=1 2 7 4 5 -7 -8 8 12 10 -12 -13 -14 15 -16 -17 -18 -19 19 21 -22 22 23 -25 -26 -27 27 29 -30 -31
leaf_value=-0.075444287078972438 -0.051882252969444466 -0.077854833554853828 -0.0028636451836985917 0.12315314799809728 -0.07556450214179139 0.67421969752879951 -0.076191192760165005 -0.020285259912340165 -0.080864402063673513 0.017953087923313012 0.070384581497538221 -0.099428493768512649 0.093732821363967711 0.02478753207901661 0.11333343661898994 0.06636251965325575 -0.10909703210359128 -0.00079716012525788348 -0.080218522339547807 0.097008310633592928 0.063949214842903515 0.073233961612183235 -0.13722709468273978 0.080278158325006843 -0.11308134935541379 -0.0020593842844835639 0.0056435018376548287 0.020453535264130126 -0.06581913267353677 0.084023191513300996
leaf_weight=75.930967615451664 14.569229403045027 3.3018410648219279 99.396670752670616 0.49992912728339378 0.48764254758134473 0.26490284502506256 2.8466183738783002 5.6877473159693199 1.9208781064953715 10.681674780324103 8.599859042093156 3.0483393836766473 7.5293599357828489 3.1822040444239956 4.1957264738157383 2.5500849243253469 3.9662626464851201 12.276720791123806 3.5563905090093639 8.9282116144895571 2.8585017640143633 4.355935593135654 2.1995095144957308 1.0554110896773634 5.5821417570114136 796.57291182503104 662.74568646168336 36.847094360506162 16.990686825476587 17.708864819724113
leaf_count=11511 1050 156 583 26 52 5 227 36 14 83 61 30 57 20 48 32 26 58 25 40 23 92 33 38 26 6049 3563 290 105 154
internal_value=-0.00130318 0.00193638 0.00239073 -0.0717496 -0.00330931 0.188366 -0.0464118 0.00254456 0.0156705 -0.00572026 0.0221217 -0.00810798 0.0368663 0.0258222 0.0407871 -0.0190336 -0.0494971 -0.0321235 0.0285504 0.0377067 -0.0159768 0.0585285 0.0133883 -0.0667008 -0.0662485 0.00180242 0.0054923 0.00833933 -0.0120541 0.0410882
internal_weight=1820.34 1740.31 1725.74 80.0301 4.09909 0.752545 3.34655 1722.44 92.175 45.8765 22.3299 13.73 46.2985 38.7691 29.0706 9.69855 7.14847 23.5466 24.8748 22.954 6.41489 16.5391 7.61086 3.25492 11.2699 1630.26 833.689 717.302 116.387 54.556
internal_count=24513 12692 11642 11821 310 57 253 11486 742 294 174 113 448 391 313 78 46 120 265 251 48 203 163 71 62 10744 4695 4007 688 444
is_linear=0
shrinkage=0.1


Tree=168
num_leaves=31
num_cat=0
split_feature=0 4 0 10 3 1 13 8 0 10 4 3 12 8 9 0 8 8 11 9 12 8 6 13 6 2 8 9 12 7
split_gain=47.8714 6.41841 1.85282 1.91783 1.15998 1.1378 2.41236 2.41286 1.12504 1.82398 1.94837 3.24818 2.50681 3.44343 2.10707 2.73649 1.81901 1.679 1.13954 2.58158 2.35578 3.64255 2.96204 6.68448 2.34147 4.21747 3.08993 2.36007 2.30732 4.03578
threshold=33.500000000000007 13.500000000000002 21.500000000000004 5.5000000000000009 8.5000000000000018 4.5000000000000009 1.7238095238095241 0.18942218080149117 13.500000000000002 6.5000000000000009 7.5000000000000009 4.5000000000000009 4.5000000000000009 0.099019607843137264 198.92840654608099 12.500000000000002 0.3626692456479691 0.48074074074074075 5.5000000000000009 513.36481106612689 8.5000000000000018 0.091750841750841708 2.5000000000000004 0.94987468671679209 6.5000000000000009 2.5000000000000004 0.20794025157232701 284.01331521739138 7.5000000000000009 -1.0000000180025095e-35
decision_type=2 2 2 2 2 2 2 2 2 2 2 2 2 2 2 2 2 2 2 2 2 2 2 2 2 2 2 2 2 2
left_child=1 5 4 -4 -3 8 7 -7 9 -1 11 12 13 -11 -15 -16 -14 18 19 -10 28 -22 23 -23 25 -24 -26 -28 -20 -30
right_child=-2 2 3 -5 -6 6 -8 -9 17 10 -12 -13 16 14 15 -17 -18 -19 20 -21 21 22 24 -25 26 -27 27 -29 29 -31
leaf_value=0.075707394495537358 -0.074336686271179633 -0.040483067079039259 0.014124380937694393 -0.075651312484295824 0.064848240837906718 0.10543976324480607 -0.11644125996759747 -0.049179004741948681 0.0012466698492123642 -0.11299435722898864 0.097898129921019206 -0.083369959489602269 0.057802989704082854 -0.097850503959406018 0.083069694876342623 -0.023417260245828238 -0.02471105041515928 0.058839720287917487 0.011236799966354136 -0.060574530290295463 0.069982882747948491 -0.17514586047050906 0.033782849372279176 0.037549022721877073 -0.10035419110737198 -0.055548871328642703 0.064767822702970629 -0.042294831925973775 0.11165104485627045 -0.0058217395950677349
leaf_weight=4.9663757486268869 87.193579395418055 2.1631152648478773 2.7739287521690157 16.736210481729358 2.0236304216086864 1.5803632885217656 2.5007753195241094 2.7929289424791932 1314.5903219827451 2.8791116829961565 2.4226149246096602 3.704054905101656 13.627810273319485 1.5712056457996357 4.5830451715737563 5.0972334407269955 3.3231287449598303 5.2217625044286242 156.5812489464879 6.7896693767979732 5.1444632029160848 3.4501645267009726 18.933893594890836 2.5843987111002207 5.4914183616638175 7.331313897855579 3.1415793132036907 5.9747959412634373 6.3053281838074327 5.4543058015406114
leaf_count=415 11769 20 18 1636 29 18 26 38 8619 25 13 23 148 10 61 44 33 51 1038 38 47 21 119 29 31 47 22 35 50 40
internal_value=-0.0021578 0.00172772 -0.0499339 -0.0628871 0.010428 0.00249475 -0.0381017 0.00669511 0.00267036 0.0187849 0.0111872 0.00514827 0.0156972 -0.0154075 0.00956369 0.0269981 0.0416266 0.00223104 0.00203931 0.000929013 0.00869618 -0.0098966 -0.0186572 -0.0840559 -0.00900159 0.008848 -0.0410956 -0.00540014 0.0144452 0.0571653
internal_weight=1706.93 1619.74 23.6969 19.5101 4.18675 1596.04 6.87407 4.37329 1589.17 42.1746 37.2082 34.7856 31.0815 14.1306 11.2515 9.68028 16.9509 1546.99 1541.77 1321.38 220.393 52.052 46.9076 6.03456 40.873 26.2652 14.6078 9.11638 168.341 11.7596
internal_count=24513 12744 1703 1654 49 11041 82 56 10959 772 357 344 321 140 115 105 181 10187 10136 8657 1479 351 304 50 254 166 88 57 1128 90
is_linear=0
shrinkage=0.1


Tree=169
num_leaves=31
num_cat=0
split_feature=0 3 4 0 10 0 3 12 11 7 8 8 10 4 9 9 8 6 4 2 6 12 13 13 3 3 9 5 0 5
split_gain=11.8585 2.42997 1.92578 1.72765 5.90616 3.29787 3.59449 3.03601 3.23112 10.4147 11.3642 2.95577 3.41552 3.70547 3.61718 3.20937 2.45659 2.31715 3.48253 6.82248 2.68821 3.63383 2.59065 6.03835 2.40716 2.0167 3.82526 5.34486 3.06553 2.85421
threshold=45.500000000000007 5.5000000000000009 26.500000000000004 34.500000000000007 18.500000000000004 39.500000000000007 15.500000000000002 4.5000000000000009 1.0000000180025095e-35 3.5000000000000004 0.24807692307692308 0.26953601953601958 14.500000000000002 15.500000000000002 225.86830065359479 173.64322089947092 0.15319426336375488 3.5000000000000004 22.500000000000004 5.5000000000000009 4.5000000000000009 8.5000000000000018 1.2679425837320577 1.1791443850267382 8.5000000000000018 8.5000000000000018 179.04150000000001 3.5000000000000004 40.500000000000007 7.5000000000000009
decision_type=2 2 2 2 2 2 2 2 2 2 2 2 2 2 2 2 2 2 2 2 2 2 2 2 2 2 2 2 2 2
left_child=2 -2 3 -1 5 6 7 8 9 -5 -11 17 14 -14 -13 -15 -10 -9 20 -20 21 -19 23 24 -22 26 27 28 -7 -28
right_child=1 -3 -4 4 -6 25 -8 11 16 10 -12 12 13 15 -16 -17 -18 18 19 -21 22 -23 -24 -25 -26 -27 29 -29 -30 -31
leaf_value=0.0031860375434802878 -0.016311546488040226 -0.071585084451112779 -0.078473654434567316 -0.053023561102258587 0.0033791386275272652 0.24148142311052975 0.1563496428868125 -0.07581659635106508 0.030889834482936109 0.41679891879830899 -0.0050289644922110067 -0.018626204958529517 0.012380433299394648 0.077938576381569924 0.10578930933222384 0.30075753682339146 -0.050233791408264374 -0.0073208940761718064 -0.07776513379394312 0.29725460441827095 -0.00026588104871364139 0.18912836078166065 -0.084875526898187295 0.18053721198381287 -0.080109980749453191 -0.066179406701411383 -0.050253189229693233 -0.07699497931342604 0.019577422818528603 0.12264523170420033
leaf_weight=2238.1531134452671 11.445576904574407 26.069837748655118 2.9794325050897887 5.1792483385652295 386.20220042346045 1.5523621886968642 1.2781245727092017 4.9697454217821351 4.159021444618701 1.2060370743274691 1.3575570750981567 9.8403540737926978 2.1178941149264565 1.2765024490654471 3.0645395889878264 1.3096075095236299 36.426579048857093 2.5626620352268281 0.88910827226936717 1.0675835292786358 13.643017664551744 1.4885144904255865 5.327884290367364 1.5903859548270691 5.2208373434841624 20.209746736567467 19.192222136538479 1.6681432975456116 1.0393775375559924 1.0047657340764988
leaf_count=13252 492 4776 139 78 2041 19 30 89 54 18 26 173 28 26 20 18 565 28 22 29 125 25 93 26 114 1373 654 72 54 54
internal_value=0.0011248 -0.0547217 0.00187953 0.00196586 -0.00314018 -0.0200787 -0.0103159 -0.0123902 -0.0306269 0.0285716 0.193419 0.00382043 0.0375089 0.110456 0.0109189 0.190774 -0.0419206 -0.0123173 -0.00239037 0.126848 -0.0108668 0.06486 -0.0227658 -0.00658762 -0.0223639 -0.0428045 -0.0234889 0.0626253 0.15249 -0.0416518
internal_weight=2813.49 37.5154 2775.98 2773 534.844 148.642 103.975 102.697 48.3284 7.74284 2.56359 54.3686 17.6089 4.704 12.9049 2.58611 40.5856 36.7597 31.79 1.95669 29.8333 4.05118 25.7821 20.4542 18.8639 44.6666 24.4569 4.25988 2.59174 20.197
internal_count=24513 5268 19245 19106 5854 3813 1587 1557 741 122 44 816 265 72 193 44 619 551 462 51 411 53 358 265 239 2226 853 145 73 708
is_linear=0
shrinkage=0.1


Tree=170
num_leaves=31
num_cat=0
split_feature=10 0 0 3 5 3 12 3 10 6 11 7 9 9 7 0 10 7 2 2 3 5 9 10 0 8 12 5 3 12
split_gain=12.5295 11.6003 3.50563 1.93279 1.63271 2.3227 2.00596 2.9441 3.49338 2.05434 2.73556 1.51107 1.32608 1.3078 1.27873 2.85325 2.77304 2.36751 4.07093 2.74035 2.68543 4.87384 2.69474 2.6704 2.48834 2.48712 4.73547 2.31408 2.37831 2.55979
threshold=7.5000000000000009 29.500000000000004 21.500000000000004 3.5000000000000004 1.0000000180025095e-35 7.5000000000000009 5.5000000000000009 4.5000000000000009 8.5000000000000018 2.5000000000000004 4.5000000000000009 2.5000000000000004 401.50203373015876 272.97416666666669 -5.4999999999999991 33.500000000000007 13.500000000000002 -8.4999999999999982 1.5000000000000002 4.5000000000000009 1.5000000000000002 6.5000000000000009 224.90895424836603 22.500000000000004 41.500000000000007 0.28918128654970759 3.5000000000000004 5.5000000000000009 5.5000000000000009 3.5000000000000004
decision_type=2 2 2 2 2 2 2 2 2 2 2 2 2 2 2 2 2 2 2 2 2 2 2 2 2 2 2 2 2 2
left_child=1 -1 3 -2 5 11 7 8 13 10 -9 -5 14 -6 15 16 -4 18 20 23 21 24 -22 -19 -17 26 -24 28 29 -18
right_child=2 -3 12 4 6 -7 -8 9 -10 -11 -12 -13 -14 -15 -16 17 27 19 -20 -21 22 -23 25 -25 -26 -27 -28 -29 -30 -31
leaf_value=-0.073114137289438635 -0.075976433218561998 -0.00053223914161403408 0.042827562483521535 0.11798796486351731 0.15343815318661819 0.1150000396009663 -0.077101516809176318 -0.017656490829913229 0.35422296875311271 -0.059569562677656875 0.22469458609892345 -0.077315606552053107 0.060638903677277291 -0.076366782515633516 0.0031977217247849705 -0.044587786281318459 0.025922759777134902 -0.00056797929735035065 0.033278574417452154 -0.049026697195148045 0.049079547400528507 0.070865945694063529 0.017913198202136434 -0.047879246187553869 0.045277965857629915 0.025109422119067467 -0.071878098321027539 -0.081862537575161987 0.13305165626483312 -0.064656860905976915
leaf_weight=43.265220543369651 7.6981883388943997 44.84215347841382 4.089590601623061 0.5141072915867001 0.43446978600695529 2.0387470666319132 6.0194772155955425 1.5851013064384463 0.46272417530417431 5.6364013180136681 0.65955090802162875 1.7266864227131007 3.9141782671213141 0.57589181885123253 2433.822758187307 10.271997280418875 4.9822136117145428 175.02699476131238 47.594776215497404 14.421319142449645 4.6998132914304724 10.80609856918454 8.4411571845412272 12.802874807268379 4.401480868458747 6.283417757600545 19.308745764195919 10.435750084929166 0.94893967546522695 8.3467375058680755
leaf_count=7617 574 558 17 23 26 36 248 48 16 214 19 67 36 32 12861 52 128 822 220 83 23 52 43 67 27 33 88 240 6 237
internal_value=0.00095869 -0.0361737 0.00212382 -0.0335023 -0.016865 0.0377645 -0.0320722 -0.00309542 0.126668 -0.0273501 0.053554 -0.0325069 0.00247426 0.0224526 0.00239227 -0.00332531 -0.0334481 -0.00056266 0.0111149 -0.00701817 -0.00531299 0.019901 -0.0218993 -0.00379281 -0.0176315 -0.0317011 -0.0445648 -0.0460701 -0.0199093 -0.0307992
internal_weight=2896.06 88.1074 2807.95 27.3513 19.6532 4.27954 15.3736 9.35414 1.47309 7.88105 2.24465 2.24079 2780.6 1.01036 2776.68 342.862 28.8032 314.059 111.807 202.251 64.2127 25.4796 38.7331 187.83 14.6735 34.0333 27.7499 24.7136 14.2779 13.329
internal_count=24513 8175 16338 1303 729 126 603 355 74 281 67 90 15035 58 14999 2138 628 1510 538 972 318 131 187 889 79 164 131 611 371 365
is_linear=0
shrinkage=0.1


Tree=171
num_leaves=31
num_cat=0
split_feature=0 9 6 0 6 4 7 12 0 13 8 3 13 10 10 0 1 0 6 2 3 3 8 6 13 0 12 8 8 8
split_gain=38.2855 3.88238 2.29346 4.00468 2.86055 3.52833 1.96441 2.67106 2.89608 1.82095 1.66913 2.38126 1.69158 1.62597 2.57053 1.83992 1.57964 4.41177 4.37101 2.83775 3.4359 5.39661 4.44775 4.43435 3.11326 3.03107 2.95673 2.91671 4.1589 3.34713
threshold=31.500000000000004 297.19694548872184 9.5000000000000018 50.500000000000007 8.5000000000000018 10.500000000000002 8.5000000000000018 9.5000000000000018 27.500000000000004 1.9285714285714286 0.40175438596491231 10.500000000000002 0.94987468671679209 15.500000000000002 16.500000000000004 47.500000000000007 1.0000000180025095e-35 38.500000000000007 5.5000000000000009 5.5000000000000009 9.5000000000000018 8.5000000000000018 0.22886904761904758 10.500000000000002 0.38750000000000007 45.500000000000007 11.500000000000002 0.13100686498855832 0.16302800189843378 0.17974358974358975
decision_type=2 2 2 2 2 2 2 2 2 2 2 2 2 2 2 2 2 2 2 2 2 2 2 2 2 2 2 2 2 2
left_child=6 9 3 4 -3 -6 -1 -8 -9 10 16 12 -12 -11 -15 -16 17 -2 -19 20 21 26 -23 24 -22 -26 27 -20 -29 -30
right_child=1 2 -4 -5 5 -7 7 8 -10 13 11 -13 -14 14 15 -17 -18 18 19 -21 23 22 -24 -25 25 -27 -28 28 29 -31
leaf_value=-0.075411236462696721 -0.049082814732337804 -0.050406232422258071 -0.089329140565284182 0.13885370531182595 -0.078796512218617554 0.17616157541662628 -0.075584282830897923 -0.076749951693106139 0.18501867329688793 0.025379554387138098 -0.12373671394563118 0.038321622087361097 -0.021366599905708834 -0.22625334626487398 -0.082986267163882646 0.0073176840246177641 0.0038919188969469606 -0.041420345197970193 0.076060268463438233 0.076999378353489023 0.07852229545324578 0.01347211806046165 0.13686803859329097 -0.105734074162325 -0.084035584019367976 0.028785569012030707 0.061508511144204317 -0.066346494288296295 0.072539200686142238 -0.0047460026125046295
leaf_weight=70.309311099583283 21.034274605102837 14.110412435606131 6.4022083817981175 1.4648511447012413 0.92253913357853834 1.3186198594048617 2.3056149794720104 0.6761174420826136 1.1273666806519029 3.3633204963989547 3.2573286453261954 2.7350677386857569 3.1998264919966459 0.80617143306881089 4.728705642744897 4.3151771426200867 1512.0935219195671 22.170725572388619 4.4907407397404304 5.4787453478202215 3.4728894680738476 5.8978773639537376 5.787353151012212 6.1236321264877907 5.1622030623257142 4.4204378644935787 7.8525066506117573 10.257000394165514 6.1009125597774974 68.767238739412278
leaf_count=11511 542 567 257 8 74 7 246 34 30 40 24 15 30 6 214 24 9799 126 36 28 20 38 36 32 18 41 46 66 49 549
internal_value=-0.00124731 0.00176402 -0.0379939 -0.0195469 -0.0337372 0.0712119 -0.0714835 -0.00427742 0.0868829 0.00232661 0.00261432 -0.0398824 -0.0730075 -0.0346528 -0.0551509 -0.0398989 0.00284559 -0.00609225 -0.000294951 0.00651896 0.00351003 0.0103688 0.0745865 -0.0355251 -0.0025939 -0.0319916 0.00266992 -0.00248576 -0.00662942 0.00155187
internal_weight=1810.15 1735.73 24.2186 17.8164 16.3516 2.24116 74.4184 4.1091 1.80348 1711.52 1698.3 9.19222 6.45716 13.2134 9.85005 9.04388 1689.11 177.017 155.982 133.812 128.333 109.154 11.6852 19.1792 13.0555 9.58264 97.4684 89.6159 85.1252 74.8682
internal_count=24513 12692 913 656 648 81 11821 310 64 11779 11495 69 54 284 244 238 11426 1627 1085 959 931 820 74 111 79 59 746 700 664 598
is_linear=0
shrinkage=0.1


Tree=172
num_leaves=31
num_cat=0
split_feature=0 4 0 10 8 10 6 10 12 2 6 7 5 13 1 13 0 7 9 0 9 4 9 9 8 7 4 7 2 9
split_gain=44.2439 5.75815 1.76066 1.85979 1.08804 1.03315 2.18958 2.08484 2.82659 3.05916 2.67292 6.43565 3.25712 2.9713 2.85022 2.76764 3.50616 2.69935 3.39536 2.9052 2.76271 2.95986 2.82563 5.76703 3.34045 4.54698 3.33882 2.48968 2.00205 2.29973
threshold=33.500000000000007 13.500000000000002 21.500000000000004 5.5000000000000009 0.20948987246811704 22.500000000000004 14.500000000000002 8.5000000000000018 11.500000000000002 1.0000000180025095e-35 7.5000000000000009 -4.4999999999999991 3.5000000000000004 1.297058823529412 1.5000000000000002 1.2344322344322347 28.500000000000004 1.0000000180025095e-35 297.19694548872184 24.500000000000004 315.80716911764711 7.5000000000000009 166.86956018518524 146.56632876167762 0.12262799856784816 1.5000000000000002 9.5000000000000018 -2.4999999999999996 5.5000000000000009 294.0160294117648
decision_type=2 2 2 2 2 2 2 2 2 2 2 2 2 2 2 2 2 2 2 2 2 2 2 2 2 2 2 2 2 2
left_child=1 5 4 -4 -3 6 7 28 9 27 11 -11 17 14 -14 16 -12 18 -13 20 21 -19 23 -23 -24 -26 -27 -9 -1 -30
right_child=-2 2 3 -5 -6 -7 -8 8 -10 10 15 12 13 -15 -16 -17 -18 19 -20 -21 -22 22 24 -25 25 26 -28 -29 29 -31
leaf_value=0.0022887557615611982 -0.074210782701380693 0.063136763764186907 0.013006268638147307 -0.0756029333843415 -0.038484419699155593 0.011289666869493186 0.073971856753099391 0.046501540872354516 -0.067324184955867006 0.15735879497697111 0.037855584392951842 -0.072331884943479433 -0.05172372799195854 0.10992621315101564 0.073310983775419988 -0.074946209064285868 -0.079424398203833485 0.055627011406528828 0.014373985107911977 -0.078337470051861036 -0.065619625593944408 -0.024312049562305527 -0.083858007788862612 0.11968614441886918 0.086455173163743973 -0.073587135356761299 0.0054611825411923394 -0.039233144183753045 0.022528811197526859 0.13353616970861834
leaf_weight=1301.21286707744 80.819018292764667 1.9982529450207973 2.7962223347276476 15.491687859874217 2.2287274934351444 118.76915157679468 4.1679655611515036 16.624684851616625 8.0373361948877555 2.3748224806040517 6.8214801568537951 15.129586311988534 4.1399993840605003 4.0455511379987001 3.2577310744673014 12.486095671076328 4.0699759717099369 10.21029321849346 6.4382636956870547 5.1028869310393921 5.792634814977645 6.2568930806592089 6.2950294855982056 5.006796320900321 4.7060603201389339 8.0407953932881373 15.927307808771728 4.2537769228219977 11.004415739327667 2.2474115863442412
leaf_count=8850 11769 21 18 1636 28 711 30 126 81 19 38 105 35 37 30 118 112 40 36 140 35 35 38 31 25 46 173 29 101 20
internal_value=-0.002006 0.00160747 -0.0486103 -0.0620546 0.00955574 0.00231749 0.00159438 0.00138909 -0.00957917 -0.0064215 -0.0122918 -0.00534644 -0.00919693 0.04102 0.00333768 -0.0428107 -0.00597021 -0.0156604 -0.0464491 -0.00579913 0.000148488 0.00689812 -0.0038634 0.0396963 -0.0178941 -0.00341262 -0.0210579 0.029034 0.0026826 0.0413548
internal_weight=1695.75 1614.93 22.5149 18.2879 4.22698 1592.42 1473.65 1469.48 155.018 146.981 126.102 102.725 100.35 11.4433 7.39773 23.3776 10.8915 88.9065 21.5679 67.3387 62.2358 56.4432 46.2329 11.2637 34.9692 28.6742 23.9681 20.8785 1314.46 13.2518
internal_count=24513 12744 1703 1654 49 11041 10330 10300 1329 1248 1093 825 806 102 65 268 150 704 141 563 423 388 348 66 282 244 219 155 8971 121
is_linear=0
shrinkage=0.1


Tree=173
num_leaves=31
num_cat=0
split_feature=0 3 2 0 9 9 8 8 7 13 12 11 10 9 1 8 7 10 9 8 10 13 11 9 9 8 8 12 3 13
split_gain=10.668 2.41532 1.85169 5.75187 5.75336 8.53464 3.86784 2.98429 2.95963 3.01845 2.76459 5.98642 4.17721 3.24506 2.60595 9.28215 2.22874 2.22808 8.33503 4.28323 4.27709 2.95736 2.24187 2.06967 2.40222 2.03957 3.4394 4.48102 5.86322 3.56192
threshold=45.500000000000007 5.5000000000000009 4.5000000000000009 36.500000000000007 241.47536599099104 244.45986772486773 0.43875000000000003 0.40175438596491231 -3.4999999999999996 1.2344322344322347 10.500000000000002 1.5000000000000002 10.500000000000002 201.83830952380956 3.5000000000000004 0.18561584840654602 1.0000000180025095e-35 12.500000000000002 140.8333703703704 0.24106002554278419 11.500000000000002 1.4494949494949496 2.5000000000000004 172.24846547314579 144.46379491214267 0.19264507422402158 0.25677655677655681 2.5000000000000004 8.5000000000000018 0.89444444444444449
decision_type=2 2 2 2 2 2 2 2 2 2 2 2 2 2 2 2 2 2 2 2 2 2 2 2 2 2 2 2 2 2
left_child=2 -2 14 6 -5 -6 7 10 -7 -10 17 12 -12 23 -1 -16 -17 20 -19 -20 25 -21 -22 24 -13 -4 27 28 -27 -29
right_child=1 -3 3 4 5 8 -8 -9 9 -11 11 13 -14 -15 15 16 -18 18 19 21 22 -23 -24 -25 -26 26 -28 29 -30 -31
leaf_value=0.0025327329793237729 -0.015170369442879873 -0.071260937613162198 -0.0084065649726972683 -0.049077740616501393 0.32517154280322758 0.14723108014522243 0.07699905781348583 -0.066211897957825852 0.076736554034638818 -0.094287039913230619 0.066247212021264781 0.003908567961524799 -0.045368351869610794 -0.082059740748202464 0.16000472128707713 0.056563752725311847 -0.02345942483694536 0.14121134151746081 -0.040097729841362575 0.09649343492678826 -0.093032195566911668 -0.02109940251334428 -0.020616705511391258 0.020359734743856515 -0.0969269842336557 0.059354680446746244 -0.0022672804998688841 0.1200314819968042 -0.052245535859412509 0.031219956411636253
leaf_weight=2308.9373194328509 11.241391537012531 24.212452234642114 93.094991788268089 43.874833366367966 0.96916377265006204 1.1468534870073197 6.3989715725183478 6.973787758499383 1.6113043692894278 2.870314291678369 10.050593875348566 4.4735301174223476 5.0316571667790404 14.647180778905748 4.8031407175585654 5.0735842548310783 11.083453318104146 5.4408916383981731 11.058117754757406 5.7100574616342765 6.4711166992783573 3.4193560443818569 12.59771780669689 7.735338043421506 5.0067365914583206 7.0616530152037766 106.88814361859113 4.8958628680557004 14.122420750558375 58.189871018752456
leaf_count=15172 492 4776 438 1869 14 15 28 31 42 49 42 24 28 69 30 38 71 30 77 40 52 17 84 40 30 33 511 26 69 276
internal_value=0.00103033 -0.0534762 0.00172806 -0.00422366 -0.0359853 0.0510803 -0.000105444 -0.00139411 0.00388471 -0.0327979 -0.000191577 -0.022893 0.0290106 -0.0474616 0.00285138 0.0379527 0.00166921 0.00304818 0.0313615 0.00175511 0.000655909 0.0524499 -0.0451913 -0.0180251 -0.0493449 0.00373153 0.00964284 0.0247497 -0.0150439 0.0381123
internal_weight=2805.09 35.4538 2769.64 439.74 50.4725 6.59764 389.268 382.869 5.62847 4.48162 375.895 46.945 15.0823 31.8628 2329.9 20.9602 16.157 328.95 25.6284 20.1875 303.322 9.12941 19.0688 17.2156 9.48027 284.253 191.158 84.2698 21.1841 63.0857
internal_count=24513 5268 19245 3934 1989 120 1945 1917 106 91 1886 233 70 163 15311 139 109 1653 164 134 1489 57 136 94 54 1353 915 404 102 302
is_linear=0
shrinkage=0.1


Tree=174
num_leaves=31
num_cat=0
split_feature=10 0 0 9 9 9 10 12 12 4 3 13 0 13 8 6 2 8 0 9 5 8 7 9 3 13 7 9 11 5
split_gain=11.2409 10.9452 3.1729 1.34138 8.17856 1.75935 1.3541 1.51628 1.22509 2.00794 1.58349 2.3769 2.54817 2.39096 2.25112 1.74832 2.29117 1.29607 2.87548 1.20081 2.42683 1.97133 1.73536 3.67372 3.89401 3.16234 3.10111 3.08965 3.037 2.66541
threshold=7.5000000000000009 29.500000000000004 19.500000000000004 196.25948961156283 193.68332260832264 191.80377406281667 9.5000000000000018 4.5000000000000009 11.500000000000002 6.5000000000000009 3.5000000000000004 0.62828947368421062 35.500000000000007 1.5857142857142861 0.18107302533532041 6.5000000000000009 2.5000000000000004 0.22474489795918368 34.500000000000007 106.83598214285716 2.5000000000000004 0.24807692307692308 11.500000000000002 189.05013931104364 14.500000000000002 1.1055555555555558 8.5000000000000018 140.8333703703704 1.0000000180025095e-35 1.5000000000000002
decision_type=2 2 2 2 2 2 2 2 2 2 2 2 2 2 2 2 2 2 2 2 2 2 2 2 2 2 2 2 2 2
left_child=1 -1 3 4 5 -2 -5 -8 9 -3 14 12 -12 15 -11 -13 -17 -16 -19 20 21 -4 26 24 -24 28 -21 -27 -26 -28
right_child=2 8 19 6 -6 -7 7 -9 -10 10 11 13 -14 -15 17 16 -18 18 -20 22 -22 -23 23 -25 25 27 29 -29 -30 -31
leaf_value=-0.07290175824177654 -0.076040141902910127 -0.053295713229467925 -0.097147597451883339 -0.0759118475211705 0.44095039379923162 0.1319808130096822 -0.076040607239110491 0.22198187465158326 0.041127914867212782 0.1121270220972007 -0.031417594346481531 -0.077526708244407036 0.12326482623710125 0.051815279560262328 -0.048488947688987934 -0.070056029034374162 0.071730719025579745 -0.044733860787212559 0.097825010215304722 0.0028942528199403165 0.020060216226725189 -0.01539583947293326 0.086930849379599384 -0.02516878012377673 -0.10672234399761119 0.10595360753655736 0.0022390356446263175 0.0075805195265492668 0.0071011968161101531 -0.023431403138164386
leaf_weight=40.10179053794127 2.8126962403766811 7.6683768453076473 5.1845071092247981 9.1189815211109782 0.38538477569818486 0.47527365759015072 0.34824791550636369 0.33488739747554064 5.9899092987179747 2.7677211407572058 1.9578831149265195 8.1629048129543644 2.33526311814785 2.8293286589905611 2.7291211131960136 2.3139625927433363 2.2458164840936661 2.5231234934180975 3.2212679982185364 2552.9906077313935 8.1430755630135518 6.8425067439675331 10.726509928703306 13.369181882240808 2.8257945473305943 6.02713297260925 76.360234393039718 6.7888849544106051 13.752064307103863 86.004601997788996
leaf_count=7617 180 200 24 719 10 12 22 19 36 24 39 100 9 25 21 22 28 39 15 14097 33 28 44 72 18 29 357 41 97 536
internal_value=0.000896725 -0.034963 0.00198239 -0.0464248 0.00511379 -0.0459709 -0.0657389 0.0700563 -0.00096086 -0.00746607 0.00383916 -0.0131473 0.0527221 -0.0313306 0.0338269 -0.0498209 -0.00022216 0.00825151 0.0352085 0.00221628 -0.0220949 -0.0506367 0.00239337 0.0202305 0.0353587 0.0165388 0.002042 0.0538435 -0.0123007 -0.0113586
internal_weight=2887.34 84.8465 2802.49 13.4755 3.67335 3.28797 9.80212 0.683135 44.7447 38.7548 31.0864 19.8452 4.29315 15.552 11.2412 12.7227 4.55978 8.47351 5.74439 2789.02 20.1701 12.027 2768.85 53.4896 40.1204 29.3939 2715.36 12.816 16.5779 162.365
internal_count=24513 8175 16338 962 202 192 760 41 558 522 322 223 48 175 99 150 50 75 54 15376 85 52 15291 301 229 185 14990 70 115 893
is_linear=0
shrinkage=0.1


Tree=175
num_leaves=31
num_cat=0
split_feature=0 4 7 5 3 0 9 3 0 8 8 3 8 12 8 10 9 9 6 8 12 8 8 12 9 3 6 10 2 13
split_gain=35.2438 3.47686 1.94121 2.33142 4.4821 1.66953 1.73142 1.55017 2.49233 3.67636 3.77356 1.95882 1.55458 2.59419 1.8911 2.19921 1.47383 5.46503 3.99025 3.20261 4.36225 4.33814 7.81397 4.82807 5.5849 4.65591 5.8556 4.97331 4.07604 4.06387
threshold=31.500000000000004 7.5000000000000009 8.5000000000000018 1.5000000000000002 12.500000000000002 43.500000000000007 288.39128787878792 3.5000000000000004 47.500000000000007 0.24106002554278419 0.19189852700490997 2.5000000000000004 0.22767145135566183 10.500000000000002 0.32529069767441865 16.500000000000004 215.47618055555554 224.19538824538827 4.5000000000000009 0.15047169811320757 6.5000000000000009 0.21595124536301008 0.21103238866396759 1.5000000000000002 229.30280388471181 12.500000000000002 2.5000000000000004 12.500000000000002 2.5000000000000004 0.21111111111111114
decision_type=2 2 2 2 2 2 2 2 2 2 2 2 2 2 2 2 2 2 2 2 2 2 2 2 2 2 2 2 2 2
left_child=2 5 -1 -4 -5 -2 -7 8 12 10 -10 -11 13 -3 -14 -16 -9 18 -18 20 -19 22 -21 24 -23 26 -25 -28 -24 -29
right_child=1 7 3 4 -6 6 -8 16 9 11 -12 -13 14 -15 15 -17 17 19 -20 21 -22 23 28 25 -26 -27 27 29 -30 -31
leaf_value=-0.075380763090073924 -0.075550704454681275 -0.029341325973695639 -0.075876615891454446 0.34548200864086637 -0.010557035535916918 0.043738775096052701 -0.081486794198874835 0.00069241324680301359 0.037894459198084672 0.11291082914186744 -0.084719200884831508 0.012248276276553473 -0.085431503745341419 0.15290815804394173 0.16070093799683155 -0.078473250371321149 -0.026690899641979626 0.0070710670586976998 0.033691067257829915 0.012224713019660572 -0.070918060045510017 -0.14979134048418435 0.19325377772881588 0.12011862355775159 -0.024596956159899194 0.06925361551426179 -0.06123490511004466 0.12118869244444315 0.051347315475182412 -0.0024883044255924521
leaf_weight=65.028822052874602 8.5826355894096178 8.1959022474475205 2.1482999348081639 0.46647293306887139 1.4609704958274958 3.0381060205399981 1.7344631440937517 1229.4726868758444 4.499581806361677 3.744393825531005 5.6765305362641811 3.9962712321430445 9.1883198195137066 0.86329954862594682 0.72694594366475829 0.81598960934206843 12.339860409963874 14.766548654530199 96.766939349938184 108.64686057833023 13.945124910213051 4.2671225266531136 3.592187029309569 3.7788725499995044 21.601532690227032 9.4711500999983382 14.697161970194427 2.7082935618236652 4.6368859857320786 139.78525613481179
leaf_count=11511 992 281 214 20 76 34 24 7463 26 17 31 24 307 33 8 42 90 133 656 796 90 26 20 23 143 98 134 29 49 1123
internal_value=-0.00115383 0.00164106 -0.0711848 -0.00423757 0.0756103 -0.0491851 -0.00177112 0.00203613 -0.0180159 0.00900431 -0.030503 0.0609418 -0.0424779 -0.0119738 -0.0682292 0.0342124 0.00248606 0.0073757 0.0268619 0.00115721 -0.0308079 0.00408765 0.0193408 -0.00499354 -0.0452482 0.00111611 -0.00289297 -0.00585017 0.113293 -0.000137646
internal_weight=1800.64 1731.54 69.1046 4.07574 1.92744 13.3552 4.77257 1718.18 37.7072 17.9168 10.1761 7.74067 19.7905 9.0592 10.7313 1.54294 1680.48 451.004 109.107 341.897 28.7117 313.185 116.876 196.309 25.8687 170.441 160.97 157.191 8.22907 142.494
internal_count=24513 12692 11821 310 96 1050 58 11642 769 98 57 41 671 314 357 50 10873 3410 746 2664 223 2441 865 1576 169 1407 1309 1286 69 1152
is_linear=0
shrinkage=0.1


Tree=176
num_leaves=31
num_cat=0
split_feature=0 4 0 10 2 8 9 1 11 10 8 13 13 12 8 0 4 5 11 9 12 8 8 6 12 8 9 7 7 6
split_gain=40.8635 5.16977 1.67128 1.79496 1.05802 1.45436 1.18058 1.35157 0.987162 0.869082 1.95943 2.85245 2.38626 1.95834 1.98478 2.41657 2.02277 2.33497 2.73394 2.43186 2.06563 2.43571 2.91928 2.21357 2.49453 2.01156 1.99663 1.92951 1.89022 1.81534
threshold=33.500000000000007 13.500000000000002 21.500000000000004 5.5000000000000009 6.5000000000000009 0.1575187969924812 115.78878119429591 4.5000000000000009 4.5000000000000009 22.500000000000004 0.15047169811320757 0.48529411764705882 0.94987468671679209 11.500000000000002 0.16035714285714289 21.500000000000004 3.5000000000000004 2.5000000000000004 5.5000000000000009 334.09273657628927 1.5000000000000002 0.2956145966709347 0.27100988700564976 8.5000000000000018 6.5000000000000009 0.23294573643410851 300.38680555555561 -5.4999999999999991 -6.4999999999999991 14.500000000000002
decision_type=2 2 2 2 2 2 2 2 2 2 2 2 2 2 2 2 2 2 2 2 2 2 2 2 2 2 2 2 2 2
left_child=1 4 8 -4 6 -6 -1 9 -3 29 12 -12 -11 14 -13 -16 -17 25 19 20 -19 22 23 24 -22 -18 -27 -20 -14 -8
right_child=-2 2 3 -5 5 -7 7 -9 -10 10 11 13 28 -15 15 16 17 18 27 -21 21 -23 -24 -25 -26 26 -28 -29 -30 -31
leaf_value=0.067058271647694345 -0.074080665503469839 -0.037051198466742305 0.011582167466262025 -0.075559764690855347 0.028220760302633818 -0.07125670509298429 0.0014636235714372892 -0.054625749361116929 0.05950238798352632 0.092588039984119519 -0.027973566016478265 -0.063490166823500463 -0.04516633213348939 0.06720837186217081 0.093645460425020227 0.041477502315599477 -0.016784167040385989 0.067837311193106334 0.098867641482135171 -0.077108366089885277 0.0893553909891069 -0.080570600952556401 0.088512567196527725 -0.069485464056062818 -0.037961058437011946 0.093227035154910515 0.0024752883588159205 -0.0068858830980977562 0.042464820472101206 0.066659054252001734
leaf_weight=2.8093910878524175 74.926882633415516 2.2270509079098728 2.8298133146017816 14.351873625535516 2.2124333754181853 4.3777300883084536 1452.7829165155999 4.1780067840591064 2.0187390670180321 6.0028811469674137 20.613905941601843 3.5790354050695887 3.6067218855023393 6.3049697186797848 3.5170421078801146 14.676092233508824 5.5292934169992796 2.8998291380703511 3.2380713503807783 7.3609960777685037 2.7150549544021505 5.3037797659635535 2.8928923113271585 5.5603484259918332 3.5526022342965007 6.2621266767382604 3.9556997949257493 3.6928513953462234 7.7518616174347672 4.2835446232929817
leaf_count=15 11769 34 18 1636 21 93 10133 38 15 32 123 20 21 29 18 67 34 22 19 46 24 38 17 49 22 35 28 23 44 30
internal_value=-0.00189049 0.00146686 -0.0473245 -0.0612075 0.00212453 -0.0378604 0.00229098 0.00217584 0.00885698 0.00232641 0.0105427 0.00524011 0.0415906 0.0136885 0.00917338 0.0128282 0.00862597 -0.00047712 -0.0141351 -0.027101 -0.0110438 -0.0224668 -0.00153264 -0.0235559 0.0171905 0.0318018 0.0580937 0.0425213 0.0146391 0.00165529
internal_weight=1686.01 1611.09 21.4275 17.1817 1589.66 6.59016 1583.07 1580.26 4.24579 1576.08 119.016 101.655 17.3615 81.0407 74.7357 71.1567 67.6396 52.9635 37.2164 30.2855 22.9245 20.0247 14.7209 11.828 6.26766 15.7471 10.2178 6.93092 11.3586 1457.07
internal_count=24513 12744 1703 1654 11041 114 10927 10912 49 10874 711 614 97 491 462 442 424 357 260 218 172 150 112 95 46 97 63 42 65 10163
is_linear=0
shrinkage=0.1


Tree=177
num_leaves=31
num_cat=0
split_feature=0 3 0 4 13 2 2 0 9 9 8 8 8 12 11 10 9 1 8 6 10 6 10 4 13 0 12 6 10 8
split_gain=9.60303 2.39559 1.65094 2.33075 1.63959 2.76942 1.59688 5.1294 5.05507 6.38973 5.94633 3.35897 2.62068 2.3809 5.03553 3.56141 2.75483 2.17262 7.69719 2.06267 3.36827 2.07794 2.80225 2.95034 2.57813 5.62246 5.34535 8.17266 5.60578 4.91887
threshold=45.500000000000007 5.5000000000000009 49.500000000000007 17.500000000000004 0.78888888888888908 1.0000000180025095e-35 4.5000000000000009 36.500000000000007 241.47536599099104 257.88390277777779 0.22933743169398904 0.43875000000000003 0.40967365967365971 10.500000000000002 1.5000000000000002 10.500000000000002 201.83830952380956 3.5000000000000004 0.18561584840654602 9.5000000000000018 13.500000000000002 4.5000000000000009 6.5000000000000009 7.5000000000000009 1.1791443850267382 24.500000000000004 5.5000000000000009 5.5000000000000009 10.500000000000002 0.26847469967236987
decision_type=2 2 2 2 2 2 2 2 2 2 2 2 2 2 2 2 2 2 2 2 2 2 2 2 2 2 2 2 2 2
left_child=6 2 3 4 5 -2 17 11 -9 10 -10 12 13 19 15 -15 -16 -1 -19 21 -21 22 -8 -24 26 -26 27 -23 -28 -29
right_child=1 -3 -4 -5 -6 -7 7 8 9 -11 -12 -13 -14 14 16 -17 -18 18 -20 20 -22 24 23 -25 25 -27 28 29 -30 -31
leaf_value=0.0023807388555795888 -0.077223284207115245 -0.070918947540853469 -0.076087173209606299 0.17104750808979224 -0.051664443824401753 0.1148548036748637 0.058260407378925086 -0.047460147358860193 0.28925041081115621 -0.046811102659691115 0.017730959803492274 0.072495975640500032 -0.079350766891628413 0.061525177734679672 -0.017022487358554619 -0.042448141996795662 -0.075328703886086368 0.14451591760459626 0.0013864645103071442 -0.024025232649085362 0.091077836755498909 -0.084340679622871451 -0.081724369497227389 0.0063181314610974443 0.025553925844859202 -0.039018435891060965 0.099958629747700478 -0.016646668935422815 -0.023048735053494442 0.087324860420313094
leaf_weight=2307.1154677434824 1.1841889191418871 22.499607966223266 3.0912648602388799 0.80767684150487173 3.9179746024310589 2.0503028649836779 10.227839986793695 41.941267411690205 1.5428731581196182 3.5661733034066856 1.6901514604687689 6.2746187299489966 4.2506106458604327 9.9212796054780465 18.052091728895903 4.9321576543152323 14.703653790056704 4.8944932715967324 16.171221361029893 4.1852367930114251 6.4765223599970341 11.095299270004036 3.8840007185935965 189.91151967085898 18.385623750276864 50.583586018532515 10.224184621125461 11.794911686331035 5.810335971415042 7.4082233048975459
leaf_count=15172 45 4776 210 37 146 54 52 1869 26 62 32 28 20 42 98 28 69 30 109 25 39 53 16 928 93 269 44 62 41 38
internal_value=0.000986382 -0.0521916 -0.0140647 0.0100213 -0.00816219 0.0445326 0.00163164 -0.00391617 -0.0344935 0.0454919 0.147306 -7.62513e-05 -0.00126878 -0.000389808 -0.0212953 0.0270003 -0.0431954 0.00267264 0.0346417 0.00262635 0.0458945 0.00118169 0.00724597 0.00455361 -0.00954884 -0.0218049 0.00869501 -0.0160143 0.0553852 0.0234637
internal_weight=2798.59 33.551 11.0514 7.96014 7.15247 3.23449 2765.04 436.862 48.7405 6.7992 3.23302 388.122 381.847 377.596 47.6092 14.8534 32.7557 2328.18 21.0657 329.987 10.6618 319.326 204.023 193.796 115.302 68.9692 46.333 30.2984 16.0345 19.2031
internal_count=24513 5268 492 282 245 99 19245 3934 1989 120 58 1945 1917 1897 237 70 167 15311 139 1660 64 1596 996 944 600 362 238 153 85 100
is_linear=0
shrinkage=0.1


Tree=178
num_leaves=31
num_cat=0
split_feature=0 1 7 9 13 9 1 8 8 7 11 8 9 5 13 7 9 7 0 5 10 12 0 9 5 2 0 8 0 0
split_gain=10.189 8.33976 3.7425 2.84887 5.13724 2.60749 3.15066 2.97293 10.1716 3.74024 3.3757 3.07328 2.60378 4.78072 2.57597 3.5881 2.50492 2.07545 2.61214 2.1638 2.89938 9.94304 2.35078 2.03902 3.82338 3.90505 3.30414 4.18381 2.52835 6.24805
threshold=24.500000000000004 2.5000000000000004 1.0000000180025095e-35 406.13259259259263 1.1791443850267382 190.52561064794503 3.5000000000000004 0.20948987246811704 0.18107302533532041 4.5000000000000009 1.5000000000000002 0.41588050314465413 272.97416666666669 1.0000000180025095e-35 1.1339285714285716 5.5000000000000009 344.52549206349209 -2.4999999999999996 25.500000000000004 2.5000000000000004 1.5000000000000002 6.5000000000000009 36.500000000000007 347.66613636363644 1.5000000000000002 3.5000000000000004 21.500000000000004 0.22684391080617491 16.500000000000004 15.500000000000002
decision_type=2 2 2 2 2 2 2 2 2 2 2 2 2 2 2 2 2 2 2 2 2 2 2 2 2 2 2 2 2 2
left_child=1 2 -1 16 -5 6 14 8 10 -10 -7 12 -9 -14 -3 -16 -2 19 -19 20 21 -18 -22 24 -4 28 -25 -28 29 -26
right_child=3 5 23 4 -6 7 -8 11 9 -11 -12 -13 13 -15 15 -17 17 18 -20 -21 22 -23 -24 26 25 -27 27 -29 -30 -31
leaf_value=-0.071135744930215211 0.0023464292056216158 -0.067481985318579504 -0.066223521295283264 -0.021706952685762358 0.20471043999300625 0.092441542199509327 0.071410013536315597 -0.086236119684563503 0.047442819168797085 0.25608177682985911 -0.065803405755451252 0.12902066666868117 0.3047675194686702 -0.038376827454813543 -0.044708120086760839 0.1354092464802506 0.0024217133311398948 0.051364461022214536 -0.065424746954936164 -0.020659045473987694 -0.082455446530331447 0.54588406453688842 0.07546068952852511 -0.075916123882808773 -0.075948603622003008 -0.049893659600506922 -0.027690952166192523 0.20227929343828205 0.022026145061987464 0.53751708444827895
leaf_weight=34.113398361601867 2709.665921286447 4.0621191873215157 20.368723728694022 2.1015363922342649 1.9154731184244154 1.6641036936780453 10.819013468921183 9.1392496965127012 1.513395914807915 1.9877939522266386 7.0976512224879116 0.91830218804534602 0.50021166377700987 2.1560010008979589 2.2767763884039596 2.1507904222235084 1.1306828744709516 2.2084429878741529 14.417879000306128 17.35754013992846 1.7187520065344872 0.47938369400799263 2.0876719951629639 1.7859810186782841 0.34088223078288393 10.802659159176981 1.4937732033431532 1.6817302531562743 11.113173955935052 0.3236496455501765
leaf_count=5460 15435 34 1036 80 49 41 95 158 39 13 104 15 11 92 35 17 38 64 287 353 47 27 8 262 50 192 41 43 371 16
internal_value=0.000831238 -0.0269408 -0.0458216 0.0021054 0.086258 0.00802944 0.0356271 -0.0133054 0.0218235 0.165897 -0.0357482 -0.0471887 -0.060907 0.0262433 -0.00997367 0.042788 0.00198243 -0.0230505 -0.0499119 -0.00344021 0.0517388 0.164233 0.00415527 -0.0277973 -0.034809 -0.00647138 0.0328995 0.0941001 0.0333561 0.22283
internal_weight=2879.39 126.309 82.024 2753.08 4.01701 44.2854 19.3087 24.9767 12.2629 3.50119 8.76175 12.7138 11.7955 2.65621 8.48969 4.42757 2749.07 39.4004 16.6263 22.774 5.41649 1.61007 3.80642 47.9106 42.9491 22.5804 4.96148 3.1755 11.7777 0.664532
internal_count=24513 8125 7471 16388 129 654 181 473 197 52 145 276 261 103 86 52 16259 824 351 473 120 65 55 2011 1665 629 346 84 437 66
is_linear=0
shrinkage=0.1


Tree=179
num_leaves=31
num_cat=0
split_feature=0 9 6 0 6 4 7 12 9 2 9 4 9 9 3 11 11 3 13 11 11 10 0 2 9 11 0 8 9 9
split_gain=32.4688 3.23119 2.15061 3.06904 2.55859 2.84301 1.90943 2.16353 2.35331 1.55369 2.4816 2.25663 2.19099 2.57921 3.35699 3.2563 2.04294 1.80873 1.60474 1.68188 1.91563 2.05394 1.63177 1.53241 3.07374 4.59204 2.77421 3.55439 2.2416 2.15915
threshold=31.500000000000004 297.19694548872184 9.5000000000000018 50.500000000000007 8.5000000000000018 10.500000000000002 8.5000000000000018 9.5000000000000018 201.83830952380956 10.500000000000002 140.8333703703704 21.500000000000004 115.78878119429591 126.47813870614037 12.500000000000002 2.5000000000000004 1.5000000000000002 12.500000000000002 1.9285714285714286 5.5000000000000009 1.0000000180025095e-35 18.500000000000004 52.500000000000007 8.5000000000000018 174.59602204106284 1.5000000000000002 38.500000000000007 0.19657494145199064 156.74375000000003 183.48472222222225
decision_type=2 2 2 2 2 2 2 2 2 2 2 2 2 2 2 2 2 2 2 2 2 2 2 2 2 2 2 2 2 2
left_child=6 9 3 4 -3 -6 -1 -8 -9 12 -11 -12 16 14 15 -14 -2 -18 23 20 -20 -22 -23 -15 25 28 -27 -28 -25 -26
right_child=1 2 -4 -5 5 -7 7 8 -10 10 11 -13 13 18 -16 -17 17 -19 19 -21 21 22 -24 24 29 26 27 -29 -30 -31
leaf_value=-0.07535257636966676 0.01805554334270849 -0.047278149432484595 -0.087901829914328947 0.11915434063532485 -0.078301831313650636 0.15804222728548803 -0.075536902518740678 -0.0035005463157386273 0.23184233188770809 -0.025421154728547758 -0.028491451415643645 0.086785358235797805 0.037850992389495276 0.0012435217459693139 0.00031376911208368249 0.17064953434606994 -0.020437152434833041 -0.11764303812407162 -0.14419651600707106 -0.11603599767007607 0.053014953574225289 -0.070550281636517262 0.061132462925231827 -0.0096254700679075864 0.094931891359414641 -0.049928722907175864 -0.047382145660001707 0.054200940628100283 -0.093740903796389857 0.027296025837271521
leaf_weight=60.229191839345731 3.809915114194153 13.385898832231765 5.8856913191266349 1.4931174046359945 0.81287873396649901 1.361345234327018 2.0774063859134904 1.3457666737958787 0.62093575904145826 4.7523337081074706 2.1588514260947687 7.9576240063179284 4.7863917797803905 1578.1088776050601 9.3990168622694892 3.0061326958239079 3.6427328642457724 4.0340480543673038 1.0738635137677182 2.0842616413719943 3.8411779650486988 4.3540236656554043 1.2004864513874052 6.3420513733290118 5.8441506389062878 4.5744594484567669 4.227142131887379 18.603271247586235 6.3305938211269677 24.534192637773231
leaf_count=11511 22 567 257 8 74 7 246 55 9 30 12 115 28 10621 46 24 21 22 35 41 39 161 6 43 57 30 36 113 40 237
internal_value=-0.00109748 0.00149892 -0.0357825 -0.0177942 -0.0309355 0.0696801 -0.0708863 -0.00436995 0.0708029 0.0020006 0.0341848 0.0621853 0.00171741 0.00201531 0.0405498 0.0890809 -0.0418079 -0.0715176 0.0016165 -0.0340013 -0.0176699 -0.00320882 -0.0420899 0.00188773 0.016317 -0.00186773 0.0211505 0.0353924 -0.0516452 0.0403077
internal_weight=1791.88 1727.6 22.9389 17.0532 15.5601 2.17422 64.2733 4.04411 1.9667 1704.67 14.8688 10.1165 1689.8 1678.31 17.1915 7.79252 11.4867 7.67678 1661.12 12.5538 10.4696 9.39569 5.55451 1648.56 70.4559 40.0775 27.4049 22.8304 12.6726 30.3783
internal_count=24513 12692 913 656 648 81 11821 310 64 11779 157 127 11622 11557 98 52 65 43 11459 282 241 206 167 11177 556 262 179 149 83 294
is_linear=0
shrinkage=0.1


Tree=180
num_leaves=31
num_cat=0
split_feature=0 4 0 10 3 2 7 9 11 8 6 10 8 0 10 13 10 3 9 7 4 11 9 4 7 10 7 0 12 10
split_gain=37.7797 4.63672 1.57435 1.74943 0.947699 0.940868 1.41456 0.947155 5.84507 5.52309 4.42438 4.32032 3.12099 4.45304 3.09307 3.30118 3.00908 3.22814 3.46619 5.41602 2.83578 2.6314 4.29723 2.99179 2.65985 3.22977 2.86293 2.53392 2.48661 2.6776
threshold=33.500000000000007 13.500000000000002 21.500000000000004 5.5000000000000009 8.5000000000000018 6.5000000000000009 4.5000000000000009 230.43450317124737 1.5000000000000002 0.29805897723030988 6.5000000000000009 4.5000000000000009 0.26209992193598758 18.500000000000004 6.5000000000000009 1.1339285714285716 5.5000000000000009 4.5000000000000009 195.60976535541758 1.5000000000000002 9.5000000000000018 1.0000000180025095e-35 216.87142547928264 7.5000000000000009 -1.0000000180025095e-35 7.5000000000000009 3.5000000000000004 25.500000000000004 7.5000000000000009 7.5000000000000009
decision_type=2 2 2 2 2 2 2 2 2 2 2 2 2 2 2 2 2 2 2 2 2 2 2 2 2 2 2 2 2 2
left_child=1 5 4 -4 -3 7 -7 8 11 10 12 -1 27 -14 15 -13 -11 -18 -19 -20 -12 24 23 -23 -16 -26 -27 28 -10 -30
right_child=-2 2 3 -5 -6 6 -8 -9 9 16 20 14 13 -15 21 -17 17 18 19 -21 -22 22 -24 -25 25 26 -28 -29 29 -31
leaf_value=0.096348230742351673 -0.073945978207899263 -0.039475717856196274 0.010893264744760139 -0.075516921831469463 0.054921827591171549 0.027395726355409124 -0.071180429679798554 0.0013100724497624994 0.053699810943709562 0.079844740989354901 0.028664545332059411 -0.16291628488034227 0.037980492460899982 0.16092114675445887 -0.05572050339129965 -0.02318118055893122 -0.068745902263975728 -0.042212792310447743 0.14042275370402754 -0.021609690896941685 -0.068989654027116182 -0.14924336955661782 0.045429517078477366 -0.043386040379446524 0.11342641862104939 -0.038563708143126034 0.057905156549767571 -0.051716697549808267 -0.049242650176913927 0.0410293609650145
leaf_weight=3.0308785839006296 69.484605147270486 2.1102544944733408 2.8443795945495394 13.291036129463462 2.1441262196749449 2.2503934781998387 4.1223621135577559 1421.2050802074373 39.616747301537544 3.0698446603491929 5.9261050084605795 3.2077849078923455 6.6852347357198578 5.267748654820025 4.9723071949556497 3.5747469319030643 10.314790653996171 8.697164532728495 3.6082073533907515 4.816711962223053 5.9686792884021997 3.5669964812696007 4.1735526714473954 10.615384425036607 3.4672399796545497 6.9227013848721963 5.5368628706783056 3.1179641997441641 5.5567257264628998 8.0399098880588991
leaf_count=40 11769 20 18 1636 29 28 86 9598 286 45 59 48 56 39 39 44 92 67 21 35 74 24 32 85 24 35 40 49 46 49
internal_value=-0.00175267 0.00136747 -0.0460161 -0.0602844 0.00809883 0.00197613 -0.0363705 0.0021307 0.0094312 0.0221669 0.0359457 -0.0192973 0.04575 0.0921611 -0.0269108 -0.0892686 -0.0140472 -0.0245525 0.00207073 0.0477852 -0.0203373 -0.0161366 -0.0437628 -0.0700101 0.00812786 0.0280612 0.00430576 0.035902 0.0410358 0.00413665
internal_weight=1677.21 1607.72 20.3898 16.1354 4.25438 1587.33 6.37276 1580.96 159.754 110.686 80.1791 49.0685 68.2843 11.953 46.0376 6.78253 30.5067 27.4369 17.1221 8.42492 11.8948 39.255 18.3559 14.1824 20.8991 15.9268 12.4596 56.3313 53.2134 13.5966
internal_count=24513 12744 1703 1654 49 11041 114 10927 1329 918 658 411 525 95 371 92 260 215 123 56 133 279 141 109 138 99 75 430 381 95
is_linear=0
shrinkage=0.1


Tree=181
num_leaves=31
num_cat=0
split_feature=0 10 0 6 4 12 8 13 9 3 0 10 13 8 11 5 5 5 13 9 9 7 12 5 11 12 9 10 8 3
split_gain=8.66742 2.40557 2.3182 1.86755 6.21309 11.9369 2.3825 3.70247 1.85065 2.28919 1.42748 4.15264 2.06296 2.02591 2.26243 1.52424 1.39865 2.16641 1.34264 3.497 3.34543 3.80377 2.4709 3.40594 3.32095 2.8591 3.58548 5.2645 4.27299 3.55066
threshold=45.500000000000007 19.500000000000004 49.500000000000007 9.5000000000000018 17.500000000000004 4.5000000000000009 0.27622890682318418 0.43650793650793651 260.86697368421056 4.5000000000000009 42.500000000000007 19.500000000000004 0.78888888888888908 0.20864427860696519 3.5000000000000004 8.5000000000000018 9.5000000000000018 10.500000000000002 0.29670329670329676 410.52061403508782 480.64579124579126 -6.4999999999999991 5.5000000000000009 1.0000000180025095e-35 4.5000000000000009 9.5000000000000018 250.52542735042738 11.500000000000002 0.21644144144144142 2.5000000000000004
decision_type=2 2 2 2 2 2 2 2 2 2 2 2 2 2 2 2 2 2 2 2 2 2 2 2 2 2 2 2 2 2
left_child=10 -2 3 6 8 -6 -3 -8 9 -5 16 15 13 14 -13 -12 18 -18 19 22 21 -21 23 24 -1 26 27 28 -24 -27
right_child=1 2 -4 4 5 -7 7 -9 -10 -11 11 12 -14 -15 -16 -17 17 -19 -20 20 -22 -23 25 -25 -26 29 -28 -29 -30 -31
leaf_value=-0.010075522358934538 -0.075362511429648338 -0.07661357154626007 -0.075742137364258055 0.14108853952789094 0.71266606664773102 -0.075968164604690788 0.27818009503708563 -0.076681682270098236 -0.078117649050732041 -0.07598436112666615 -0.075553605157488074 -0.07999783875096933 0.012824582271345392 -0.080191800736761562 0.075262489894483683 0.085915570771600641 0.068069701323599699 -0.0237410197313494 0.00086043864758265768 0.051953645079000382 0.036908377233430378 -0.070945851873205443 0.25286926704886425 0.0070783219219414471 -0.11021853837720592 0.022855193714718294 0.023756283170316739 0.029169758675390657 0.071069910149383436 -0.030196081844133766
leaf_weight=10.217933597043155 17.799430226732515 3.4669630457647127 4.8684822962386525 1.3651704974472529 0.38027649885043491 0.38750822842121124 0.54794932482764103 0.63444687100127339 1.6205382775515316 0.7542117224074899 11.162969203665849 1.5499369185417875 30.982240529730916 5.4468289632350206 2.3792831916362047 0.61693054437637407 7.5330318808555585 3.9011004772037268 2364.1454536155798 3.0238529029302343 5.7947364463470867 15.064036722760648 2.523658703081308 163.75986576732248 4.8992264382541171 34.768379748798907 62.159946533385664 7.6592155043035746 2.6508604492992163 19.800611000973731
leaf_count=70 4268 191 552 37 30 30 15 35 55 55 1255 30 246 123 30 39 44 21 15271 17 50 141 20 1039 36 235 404 45 22 107
internal_value=0.000931174 -0.0509573 -0.0199854 0.0096584 0.0555229 0.314635 -0.0348087 0.0877693 0.00232865 0.0638401 0.00152948 -0.0148601 0.000387094 -0.0407114 0.0140178 -0.0670972 0.00184505 0.0367457 0.00169705 0.00764874 -0.0292161 -0.0504001 0.0105032 0.00288583 -0.0425303 0.0210199 0.0336916 0.0818133 0.159735 0.00360529
internal_weight=2791.87 31.825 14.0255 9.15706 4.50771 0.767785 4.64936 1.1824 3.73992 2.11938 2760.04 52.1382 40.3583 9.37605 3.92922 11.7799 2707.9 11.4341 2696.47 332.322 23.8826 18.0879 308.44 178.877 15.1172 129.563 74.9937 12.8337 5.17452 54.569
internal_count=24513 5268 1000 448 207 60 241 50 147 92 19245 1723 429 183 60 1294 17522 65 17457 2186 208 158 1978 1145 106 833 491 87 42 342
is_linear=0
shrinkage=0.1


Tree=182
num_leaves=31
num_cat=0
split_feature=10 0 0 8 8 10 0 12 7 13 4 8 9 9 9 3 7 12 12 8 2 4 11 13 9 9 0 9 9 2
split_gain=9.42127 10.0893 2.64199 1.31171 1.5146 1.357 2.84919 3.81255 1.57522 1.4032 1.92055 1.35746 2.16235 2.41354 1.29093 2.3133 3.99552 3.78118 1.14326 3.48418 4.45496 4.05597 3.19864 3.31877 3.01065 3.18857 2.94082 2.34837 2.14751 2.13749
threshold=7.5000000000000009 29.500000000000004 19.500000000000004 0.12599206349206346 0.15047169811320757 1.0000000180025095e-35 33.500000000000007 11.500000000000002 2.5000000000000004 1.297058823529412 8.5000000000000018 0.26953601953601958 343.01957142857151 369.33606934001676 239.62694122694128 5.5000000000000009 1.0000000180025095e-35 5.5000000000000009 11.500000000000002 0.27055180180180188 2.5000000000000004 26.500000000000004 1.5000000000000002 0.84962406015037606 212.03046527777781 184.86830357142858 28.500000000000004 165.04702614379087 144.46379491214267 1.0000000180025095e-35
decision_type=2 2 2 2 2 2 2 2 2 2 2 2 2 2 2 2 2 2 2 2 2 2 2 2 2 2 2 2 2 2
left_child=1 -1 14 -3 -5 6 7 -6 11 10 -8 12 -7 -14 15 16 -2 -18 -4 20 29 22 23 -22 25 28 -21 -28 -25 -20
right_child=2 3 18 4 5 8 9 -9 -10 -11 -12 -13 13 -15 -16 -17 17 -19 19 26 21 -23 -24 24 -26 -27 27 -29 -30 -31
leaf_value=-0.07256642896089549 -0.075815028377055504 0.05687852320230799 0.0024419628848182345 -0.078285608839313792 -0.078236895070637302 -0.050892572578739796 0.056568056687632956 0.15165848394569903 0.058615347469126056 0.083076931039784252 -0.021173722769542758 -0.089520521214871196 0.11810765442717848 -0.07881199883735987 -0.075744144646504738 -0.076443064627189528 0.24403713761856866 -0.076440315150665114 0.042168614237103864 -0.098654124407248411 -0.0745129911108562 -0.086537902236335965 0.030636312183994558 0.046569920018075223 -0.059750720279303539 0.092626703048155956 0.032672913839132019 -0.03364961531250274 -0.039195648317241934 -0.037527118169104895
leaf_weight=35.779764820123091 1.4502851073630139 3.5933581795543423 2612.5901650286978 2.7164685297757378 5.0911367274820831 6.0284669352695328 6.3754350654780882 0.84044817090034474 1.9501288160681713 4.4480134919285765 6.3355805352330208 3.6312912181019774 1.9353836299851539 0.91746130771934975 6.3615939188748598 2.8761290623806417 1.2336713718250392 0.52475618012249459 3.781006201170384 5.6585261514410368 6.2277318653650608 3.89525084698107 60.854138299589977 5.2890527397394234 5.0469815463293335 5.2945268563926211 6.6174066900275639 27.631249272963032 6.5165906958281994 30.615243214648217
leaf_count=7617 129 36 14436 34 161 75 45 9 22 24 26 68 31 27 595 166 43 29 26 43 31 41 309 20 36 33 32 168 32 169
internal_value=0.000755545 -0.0331581 0.00172278 -0.00101221 -0.00617792 -0.00096192 0.0140824 -0.0456629 -0.0249811 0.0347354 0.017819 -0.0380099 -0.0169488 0.0547792 -0.044247 -0.0113174 0.047058 0.148399 0.0019286 -0.00608212 0.00198786 0.0133473 0.0177077 -0.0100196 0.00811583 0.0281461 -0.0318691 -0.020835 -0.000771769 -0.0287666
internal_weight=2872.11 79.6429 2792.46 43.8632 40.2698 37.5533 23.0906 5.93158 14.4627 17.159 12.711 12.5126 8.88131 2.85284 12.4464 6.08484 3.20871 1.75843 2780.02 167.428 127.521 93.1243 89.229 28.3749 22.1472 17.1002 39.9072 34.2487 11.8056 34.3962
internal_count=24513 8175 16338 558 522 488 265 170 223 95 71 201 133 58 962 367 201 72 15376 940 697 502 461 152 121 85 243 200 52 195
is_linear=0
shrinkage=0.1


Tree=183
num_leaves=31
num_cat=0
split_feature=0 10 0 10 7 12 2 3 8 8 9 9 9 7 6 12 9 6 1 8 3 8 7 4 8 8 9 7 4 8
split_gain=29.9196 2.93082 5.28587 2.4712 1.88343 1.90059 1.95674 1.49798 1.41192 1.73258 1.50796 3.65723 3.17977 4.90009 3.1512 2.51923 2.4266 5.92724 7.47465 3.89816 4.5233 4.75838 3.67823 2.7305 2.4136 3.88765 4.18314 3.2916 3.33518 3.12771
threshold=31.500000000000004 21.500000000000004 48.500000000000007 8.5000000000000018 8.5000000000000018 9.5000000000000018 6.5000000000000009 1.5000000000000002 0.40175438596491231 0.42163742690058481 215.47618055555554 224.19538824538827 226.76485042735047 -6.4999999999999991 4.5000000000000009 3.5000000000000004 211.33875000000003 6.5000000000000009 1.5000000000000002 0.21294035577258458 8.5000000000000018 0.25511055486024198 -4.4999999999999991 19.500000000000004 0.15319426336375488 0.18107302533532041 265.93608974358978 1.5000000000000002 12.500000000000002 0.17694497153700192
decision_type=2 2 2 2 2 2 2 2 2 2 2 2 2 2 2 2 2 2 2 2 2 2 2 2 2 2 2 2 2 2
left_child=4 3 -3 -2 -1 -6 -7 -5 10 -10 16 14 13 -13 15 -12 -9 18 -18 22 21 -21 -19 -20 -14 26 27 28 -26 -30
right_child=1 2 -4 7 5 6 -8 8 9 -11 11 12 24 -15 -16 -17 17 19 23 20 -22 -23 -24 -25 25 -27 -28 -29 29 -31
leaf_value=-0.075326545238165912 -0.076964772032112411 -0.06432318084957897 0.062878217963168989 -0.054561236417518338 -0.07549672649042144 0.13076920320682744 -0.077719076152252792 0.0015921354429016155 -0.084227977579717506 0.0038948602481211716 0.03027361917146917 0.082127014748425362 -0.021346564845030686 -0.044268907652646343 0.029254574882141511 -0.062348819567707686 0.1260511335179183 0.01910377805336699 -0.053315423385925646 0.0075473798504178159 0.027533881098505481 -0.11633433638252347 -0.089976743364450495 0.043293276680889864 0.091671882282176403 0.0033784321165739374 0.1050410765437047 0.068336111319612342 -0.03517821465299608 0.072358941699976628
leaf_weight=55.785981081833597 3.971447196789085 15.317308779340239 4.1525309756398192 4.6679620486684135 1.9223624158184969 1.3830343130975964 0.667391285765916 1162.4724140947219 4.2011004104278964 4.7578361355699599 4.9458900140598399 3.4806495783850577 31.045132289407775 25.819193025818095 97.040512555744499 7.2281161835417151 5.6344634480774429 3.795725671574476 7.0885157445445639 6.0948547655716556 13.942292270716278 6.3112802775576711 16.657843768363819 4.9815470199100673 3.3601829945109811 250.83510965947062 7.3662573616020373 10.284958526724948 15.55509556992911 3.2738805767148724
leaf_count=11511 305 1189 22 165 246 31 33 7039 34 28 31 19 235 167 677 56 39 29 39 41 118 48 104 35 35 1993 69 55 102 18
internal_value=-0.00102583 0.00138503 -0.0371936 0.00182562 -0.0705889 -0.00406335 0.0629085 0.00200959 0.00216528 -0.0374284 0.00237552 0.00725685 0.00228452 -0.0292538 0.0232382 -0.0247194 0.000544545 -0.0183341 0.0309509 -0.0369779 -0.0115503 -0.055474 -0.0697338 -0.0134432 0.00515679 0.00798743 0.0370057 0.0215729 -0.000102377 -0.0164802
internal_weight=1784.04 1724.28 19.4698 1704.81 59.7588 3.97279 2.05043 1700.84 1696.17 8.95894 1687.21 460.235 351.02 29.2998 109.215 12.174 1226.98 64.5065 17.7045 46.802 26.3484 12.4061 20.4536 12.0701 321.721 290.675 39.8404 32.4741 22.1892 18.829
internal_count=24513 12692 1211 11481 11821 310 64 11176 11011 62 10949 3457 2693 186 764 87 7492 453 113 340 207 89 133 74 2507 2272 279 210 155 120
is_linear=0
shrinkage=0.1


Tree=184
num_leaves=31
num_cat=0
split_feature=0 4 0 10 0 5 7 6 8 9 5 12 8 10 10 0 5 8 0 10 6 7 2 10 6 2 13 6 5 9
split_gain=34.8776 4.14681 1.48894 1.69647 0.879822 1.56626 1.65746 2.9432 2.81435 2.9276 2.40406 2.9439 1.53405 0.938391 2.00549 4.68796 2.3158 7.62824 2.07844 5.00733 2.84704 2.68551 2.91748 3.06056 2.47 4.90067 3.54338 3.19681 2.33342 2.06712
threshold=33.500000000000007 13.500000000000002 21.500000000000004 5.5000000000000009 12.500000000000002 4.5000000000000009 -3.4999999999999996 3.5000000000000004 0.099019607843137264 291.64493055555562 1.5000000000000002 9.5000000000000018 0.48074074074074075 22.500000000000004 6.5000000000000009 17.500000000000004 4.5000000000000009 0.12262799856784816 24.500000000000004 20.500000000000004 8.5000000000000018 1.5000000000000002 3.5000000000000004 8.5000000000000018 7.5000000000000009 1.0000000180025095e-35 0.78888888888888908 5.5000000000000009 6.5000000000000009 239.62694122694128
decision_type=2 2 2 2 2 2 2 2 2 2 2 2 2 2 2 2 2 2 2 2 2 2 2 2 2 2 2 2 2 2
left_child=1 4 -3 -4 5 6 -1 8 9 -8 -9 -12 13 14 15 16 -6 -18 20 21 29 -20 23 -23 26 -26 -21 -28 -27 -16
right_child=-2 2 3 -5 12 -7 7 10 -10 -11 11 -13 -14 -15 18 -17 17 -19 19 24 -22 22 -24 -25 25 28 27 -29 -30 -31
leaf_value=0.082746842371018522 -0.073805606934687171 0.0073869365472150547 0.0099774960387641817 -0.075479086593136652 0.059961614187597836 -0.096739104377701474 0.086097917873347446 -0.12273987188477492 0.075116593390578495 -0.11120937212502831 0.081558171578500302 -0.10058506883525474 0.056264333351122679 0.0098686308283008912 0.0074293500214998509 0.0022349708975730196 -0.45988825683213835 0.075873239891877955 -0.087959475456540134 -0.038042585683310814 0.054850593175561284 0.076493144298411864 -0.067081541012129681 -0.077613734906962703 0.039430107674743024 -0.068154870069776871 -0.02186600030053374 0.10584534658083128 0.0083411714467749309 -0.008018043665865655
leaf_weight=4.3042113310657504 64.452656477107666 4.2862800136208561 2.8631903175264588 12.313689805101601 18.801318118814383 1.0695877275429655 1.2159065483137994 2.3255038396455339 8.0383422602899355 1.9710887577384708 2.1734490618109708 1.4995909547433255 5.0981023134663692 118.62211370980367 126.2549744239077 938.26179339177907 0.37301195412874111 0.92422485258430243 12.844597161281856 4.5679761902429155 8.6390177458524686 4.0888417828828079 7.048212549649179 1.8818261218257246 10.271901778876783 13.771383070852609 2.753684579394756 6.8003083574585617 5.6129111801274112 275.99838359002024
leaf_count=110 11769 49 18 1636 1280 23 18 30 189 32 63 15 51 711 752 5318 19 66 187 49 42 25 147 57 78 164 24 58 56 1477
internal_value=-0.00167797 0.00121907 -0.0446585 -0.0593573 0.00178236 0.021373 0.0272412 0.0133704 0.0435886 -0.0359324 -0.0431781 0.00719461 0.00149905 0.00131979 0.000615024 0.00325861 0.0510453 -0.0781815 -0.00465726 -0.0206321 -0.00194971 -0.0555183 -0.0235114 0.027922 -2.18162e-05 -0.016413 0.0343997 0.0690359 -0.0460047 -0.00316958
internal_weight=1669.13 1604.68 19.4632 15.1769 1585.21 22.5977 21.5281 17.2239 11.2253 3.187 5.99854 3.67304 1562.61 1557.52 1438.89 958.36 20.0986 1.29724 480.534 69.6416 410.892 25.8635 13.0189 5.97067 43.7782 29.6562 14.122 9.55399 19.3843 402.253
internal_count=24513 12744 1703 1654 11041 480 457 347 239 50 108 78 10561 10510 9799 6683 1365 85 3116 845 2271 416 229 82 429 298 131 82 220 2229
is_linear=0
shrinkage=0.1


Tree=185
num_leaves=31
num_cat=0
split_feature=0 10 0 6 6 12 8 11 4 0 10 0 5 6 4 9 10 12 3 2 9 12 12 2 1 8 9 8 8 9
split_gain=7.90731 2.33786 2.10128 1.7074 6.16094 6.99705 2.74674 5.20526 1.42714 1.35499 4.63672 2.86174 2.05729 9.23374 1.90768 1.90239 3.6109 3.35214 3.6268 4.38274 4.55957 3.14497 5.78401 5.84377 15.3002 2.88386 2.28045 3.12115 2.16385 3.24737
threshold=45.500000000000007 19.500000000000004 49.500000000000007 12.500000000000002 10.500000000000002 4.5000000000000009 0.26043478260869574 1.5000000000000002 7.5000000000000009 34.500000000000007 18.500000000000004 41.500000000000007 7.5000000000000009 11.500000000000002 6.5000000000000009 174.59602204106284 17.500000000000004 10.500000000000002 8.5000000000000018 2.5000000000000004 204.54583986415884 10.500000000000002 8.5000000000000018 5.5000000000000009 3.5000000000000004 0.22767145135566183 121.71866666666666 0.25677655677655681 0.29805897723030988 181.13210382513662
decision_type=2 2 2 2 2 2 2 2 2 2 2 2 2 2 2 2 2 2 2 2 2 2 2 2 2 2 2 2 2 2
left_child=9 -2 3 4 6 -6 -3 -8 -9 -1 11 14 -13 -14 -11 16 21 28 19 -19 -21 22 26 -24 -25 -22 -16 -28 -17 -30
right_child=1 2 -4 -5 5 -7 7 8 -10 10 -12 12 13 -15 15 17 -18 18 -20 20 25 -23 23 24 -26 -27 27 -29 29 -31
leaf_value=0.0025035672060888187 -0.07533638723700925 -0.076510782323936821 -0.075687820866632408 -0.077966816048382445 0.40072248928651277 0.014982780645614494 0.37179768235858957 0.13977136470502191 -0.076413359638167422 0.083387217275808126 0.0026077543068088664 -0.065353111420214535 0.51825736814313073 -0.076260099518311517 0.11065464927882405 -0.040200256422948839 0.17748576429545682 -0.017190299335384226 -0.080402558376285987 0.21535441199309854 0.12809488431862107 -0.078832415681532098 0.011951508564850966 0.51113457399921625 -0.076846291803586625 -0.058870603249048394 0.012234228833921662 -0.058125845803767943 0.15639575942363229 -0.011542720370051949
leaf_weight=2228.1458531008102 16.494032187096312 3.5893649072386307 4.5095163339283308 1.8727344758808611 0.83594975015148509 1.0749264941550789 0.44396373769268382 0.42096174135804165 1.1120036873035131 2.0186305269598952 384.50160241406411 16.825304965954277 0.3364963592030098 1.1681933901272712 1.5768984556198145 57.592053302563727 1.1605402659624804 5.3171141371130926 2.7506577437743536 2.3607026133686304 1.6278575845062735 4.6246703192591658 2.1723784226924177 1.0181841859593985 0.78281458932906378 1.6727372743189333 17.569845457561318 9.8331240396946651 1.2678043674677599 12.541877950541673
leaf_count=13257 4268 207 552 79 33 43 19 3 64 20 2041 1465 24 76 40 1004 26 42 80 30 20 109 38 24 30 21 432 242 23 201
internal_value=0.000864736 -0.0498965 -0.0196207 0.00742084 0.0288071 0.183732 -0.0243778 0.0702762 -0.0170477 0.00142362 -0.00312751 -0.0184184 -0.0553345 0.0566929 -0.0130432 -0.0146146 0.00375666 -0.0229744 0.022279 0.048006 0.109239 -0.00160871 0.00922889 0.122373 0.255565 0.033341 -0.00628416 -0.0130134 -0.0316757 0.00387495
internal_weight=2787.22 30.3535 13.8594 9.3499 7.47717 1.91088 5.56629 1.97693 1.53297 2756.87 528.719 144.218 18.33 1.50469 125.888 123.869 38.7385 85.1308 13.7291 10.9784 5.6613 37.5779 32.9532 3.97338 1.801 3.30059 28.9799 27.403 71.4017 13.8097
internal_count=24513 5268 1000 448 369 76 293 86 67 19245 5988 3947 1565 100 2382 2362 941 1421 193 113 71 915 806 92 54 41 714 674 1228 224
is_linear=0
shrinkage=0.1


Tree=186
num_leaves=31
num_cat=0
split_feature=10 0 0 8 7 0 8 9 3 7 0 10 10 0 12 7 9 8 13 4 3 7 8 7 0 10 9 11 0 3
split_gain=8.43426 9.56613 2.40132 2.11947 3.12357 1.98314 1.38255 1.23772 2.02538 3.03808 3.06234 3.13656 1.07574 1.95131 3.34895 1.51669 1.39969 1.89536 1.17255 1.64043 1.11596 1.06854 3.03036 2.92311 2.48022 4.78903 3.63194 2.43738 4.0156 2.53429
threshold=7.5000000000000009 27.500000000000004 19.500000000000004 0.12599206349206346 -2.4999999999999996 30.500000000000004 0.15047169811320757 239.62694122694128 5.5000000000000009 1.0000000180025095e-35 15.500000000000002 8.5000000000000018 1.0000000180025095e-35 33.500000000000007 11.500000000000002 2.5000000000000004 312.54777105734769 0.26953601953601958 1.297058823529412 8.5000000000000018 4.5000000000000009 -1.4999999999999998 0.10889328063241101 -2.4999999999999996 32.500000000000007 19.500000000000004 210.71807503506315 1.0000000180025095e-35 40.500000000000007 7.5000000000000009
decision_type=2 2 2 2 2 2 2 2 2 2 2 2 2 2 2 2 2 2 2 2 2 2 2 2 2 2 2 2 2 2
left_child=1 -1 7 4 -3 -5 -7 8 9 -2 -11 -12 13 14 -8 16 -14 20 19 -15 -18 22 -4 24 25 26 -24 28 -25 -29
right_child=2 3 21 5 -6 6 12 -9 -10 10 11 -13 15 18 -16 -17 17 -19 -20 -21 -22 -23 23 27 -26 -27 -28 29 -30 -31
leaf_value=-0.075321454674958738 -0.07575867324599983 0.18261437829543858 -0.037590320859346125 -0.075676106083189629 -0.00079935547568565099 -0.075551698267123074 -0.078321192369638762 -0.07568978814456917 -0.076346805051654934 -0.076568955273450034 0.05231831462273704 0.34786682080858722 -0.086332332099535961 0.051363106988121632 0.13584912933164475 0.063733196451801422 -0.013293562014380776 -0.088114487273713696 0.075389742483741418 -0.020217556963754293 0.078575576176556014 0.0031669278695103061 -0.022255689015734829 0.071601130453964823 0.0040432190143170786 -0.060405803600890096 0.063461630306034605 -0.027961810684116819 -0.014865720585524265 0.0006638413520743949
leaf_weight=30.606992655608337 1.3496592417359337 1.4644687622785566 22.116374864242971 4.1260838345624498 2.5371038466691962 2.4370524166151872 4.0478200521320131 5.9019989990629256 2.6675379741936922 0.57652223296463523 0.73740329034626462 0.6999087305739522 3.5096734035760146 6.5028079636394995 0.89078513905405987 1.8554321713745583 3.6373546365648508 2.2579058818519115 4.5143513083457938 6.3065531253814697 2.0774198118597269 1888.8937121967319 13.027852309867741 8.6174472626298684 671.20388259610627 17.648700175341219 7.9654087852686635 85.528165676631033 14.256608505267648 48.445997265400365
leaf_count=7208 129 30 153 494 43 21 115 595 166 31 25 16 32 45 7 14 49 44 24 26 23 10121 50 48 3326 809 48 476 69 276
internal_value=0.000729345 -0.0319691 0.00162922 -0.00322678 0.0663252 -0.00982773 -0.00268482 -0.0431338 -0.0112743 0.0403338 0.118138 0.196238 0.00230338 0.0157584 -0.0396909 -0.0201547 -0.0337101 -0.0105452 0.0315658 0.0161211 0.0201025 0.00182152 -0.00103773 -0.000104977 0.00262493 -0.0220105 0.0102678 -0.0124597 0.0177093 -0.0176106
internal_weight=2866.41 76.7718 2789.64 46.1648 4.00157 42.1632 38.0372 11.933 6.03103 3.36349 2.01383 1.43731 35.6001 22.2623 4.93861 13.3378 11.4824 7.97268 17.3237 12.8094 5.71477 2777.7 888.81 866.694 709.846 38.642 20.9933 156.848 22.8741 133.974
internal_count=24513 8175 16338 967 73 894 400 962 367 201 72 41 379 217 122 162 148 116 95 71 72 15376 5255 5102 4233 907 98 869 117 752
is_linear=0
shrinkage=0.1


Tree=187
num_leaves=31
num_cat=0
split_feature=0 9 6 0 1 10 4 7 5 2 10 0 9 0 8 6 7 11 11 7 4 5 0 13 6 0 13 8 8 10
split_gain=27.5874 2.7535 2.04483 2.67569 2.85369 3.50884 2.41235 1.85385 1.75575 2.54673 1.41853 3.84687 5.49651 3.0752 2.63845 2.2571 5.26956 3.13205 4.72803 8.86119 4.24522 3.57779 3.9324 3.35542 3.33748 4.04867 5.93978 3.00916 3.0859 3.90588
threshold=31.500000000000004 297.19694548872184 9.5000000000000018 39.500000000000007 1.0000000180025095e-35 14.500000000000002 11.500000000000002 8.5000000000000018 1.5000000000000002 6.5000000000000009 18.500000000000004 40.500000000000007 157.91116709732992 54.500000000000007 0.32583417593528818 4.5000000000000009 2.5000000000000004 3.5000000000000004 4.5000000000000009 -4.4999999999999991 24.500000000000004 4.5000000000000009 43.500000000000007 1.6794871794871797 12.500000000000002 47.500000000000007 0.89444444444444449 0.14854215918045702 0.11215932914046121 14.500000000000002
decision_type=2 2 2 2 2 2 2 2 2 2 2 2 2 2 2 2 2 2 2 2 2 2 2 2 2 2 2 2 2 2
left_child=7 10 3 -3 6 -6 -5 -1 -9 -10 13 12 -12 15 -13 16 -2 -17 19 -19 23 22 -22 24 27 26 -26 28 -20 -30
right_child=1 2 -4 4 5 -7 -8 8 9 -11 11 14 -14 -15 -16 17 -18 18 20 -21 21 -23 -24 -25 25 -27 -28 -29 29 -31
leaf_value=-0.075302483366185072 -0.068251472535647104 -0.077690427598212264 -0.086879045956842108 -0.0089111172389622281 0.058562351419404135 -0.073127583324910608 0.17176019769295947 -0.075880680824136224 0.14765857895605894 -0.076950113274419057 0.26654680107606166 0.0011031664320975876 -0.04959875621963597 0.075422491003159245 -0.038185594474661605 0.00031130776526395857 -0.0023094286230165499 0.10233598234189659 0.044124397393383766 0.017950412136876617 -0.03869136876995722 0.088205209378663538 0.055902682114758698 -0.0720618310985605 -0.13384169970484627 0.043159816095633595 -0.010296548431193013 0.0087637352727594226 0.019712590342057613 -0.07487460742167916
leaf_weight=51.695911895600148 12.772793023847042 4.9489099259954008 5.478868228616192 1.2994749622885131 3.4079394955188018 4.9797822514083236 1.7135472064837811 1.8239098885096603 1.2667006393894555 0.83929325686767686 0.56296416930854576 309.37640401069075 23.765133839566261 5.872081705601885 18.092313061002642 634.71777654159814 236.57736308034509 13.652355817612259 4.81422105804086 140.58031231211498 7.8981245160102906 10.206231661140917 9.9074737513437849 6.2898063599131993 6.5670560076832833 4.9010732583701602 9.5516516417264921 222.79721194971353 6.3839007467031506 13.809419024735687
leaf_count=11511 92 513 257 52 17 66 8 214 35 61 5 2358 1078 886 157 3389 1331 66 24 759 30 68 94 40 27 46 44 1192 30 63
internal_value=-0.000956944 0.00128345 -0.0340071 -0.0162894 0.010364 -0.0196218 0.0938391 -0.0702691 -0.0040571 0.0581462 0.00173683 -0.00391771 -0.042283 0.0032133 -0.0010675 0.00289721 -0.00568727 0.00485727 0.0111661 0.02542 0.00391361 0.0410008 0.0139431 0.000137427 0.00182671 -0.0364307 -0.0606311 0.00507185 -0.0278199 -0.0449719
internal_weight=1776.55 1720.92 21.8285 16.3497 11.4007 8.38772 3.01302 55.6258 3.9299 2.10599 1699.1 351.797 24.3281 1347.3 327.469 1341.43 249.35 1092.08 457.359 154.233 303.126 28.0118 17.8056 275.114 268.825 21.0198 16.1187 247.805 25.0075 20.1933
internal_count=24513 12692 913 656 143 83 60 11821 310 96 11779 3598 1083 8181 2515 7295 1423 5872 2483 825 1658 192 124 1466 1426 117 71 1309 117 93
is_linear=0
shrinkage=0.1


Tree=188
num_leaves=31
num_cat=0
split_feature=0 4 0 10 8 2 8 9 1 0 2 8 6 10 8 12 11 13 9 7 7 8 12 4 6 5 4 4 11 6
split_gain=32.2052 3.70379 1.41087 1.64903 0.855421 0.817228 1.41704 0.935471 1.15346 0.780635 2.19207 0.85704 1.9201 0.747794 1.70266 1.67746 3.71231 3.8329 3.20271 2.84595 3.05533 4.77589 2.28843 1.79892 1.53166 1.52681 4.45531 4.16733 2.30407 4.28527
threshold=33.500000000000007 13.500000000000002 21.500000000000004 5.5000000000000009 0.20948987246811704 6.5000000000000009 0.1575187969924812 115.78878119429591 4.5000000000000009 10.500000000000002 1.5000000000000002 0.47722567287784684 4.5000000000000009 22.500000000000004 0.12599206349206346 4.5000000000000009 1.5000000000000002 1.4833333333333336 292.8406586021506 -1.4999999999999998 -5.4999999999999991 0.22016949152542373 5.5000000000000009 4.5000000000000009 14.500000000000002 2.5000000000000004 6.5000000000000009 5.5000000000000009 3.5000000000000004 10.500000000000002
decision_type=2 2 2 2 2 2 2 2 2 2 2 2 2 2 2 2 2 2 2 2 2 2 2 2 2 2 2 2 2 2
left_child=1 5 4 -4 -3 7 -7 -1 9 10 -9 13 -13 24 -15 16 18 19 -16 20 21 -18 -17 -23 -11 27 28 -24 -27 -30
right_child=-2 2 3 -5 -6 6 -8 8 -10 11 -12 12 -14 14 15 22 17 -19 -20 -21 -22 23 25 -25 -26 26 -28 -29 29 -31
leaf_value=0.059576406632233549 -0.073657143881722939 0.052016681682459598 0.0092651537177724421 -0.075443743153196907 -0.037148424559505615 0.029963032239776206 -0.070212523327470022 0.07972084801626117 -0.051516865941665657 0.00072171763544659733 -0.042035698753022939 0.077275451880680884 -0.030073947544832509 0.046289800629604486 0.0049689735869477714 0.056323909383923947 -0.040099767219202935 -0.057130328073286732 -0.094571452976273063 0.11077646889868825 -0.023938194828884495 0.046375976565302089 -0.010790413097993529 0.13607450408772673 0.059909720256435789 -0.010353312175795486 -0.085062618025421866 0.10268990815185203 0.0038164865022844996 0.13953356754781107
leaf_weight=2.7973864451050749 59.719935958797578 2.1283478550612953 2.8781678639352313 11.402883959002791 2.1759567409753799 2.1886091455817214 3.9798990013077855 4.168039188720285 4.0628416100516906 1431.600480126217 2.2916653729043901 4.3793204249814144 2.6894414676353335 11.18616710603237 5.5127937216311675 11.675708157476036 4.3469848441891399 7.124675298575311 7.8139353254809976 3.3969802502542761 11.751171790529041 4.8725784681737405 7.9528200998902303 4.1317378105595708 4.3855324722826472 17.414716299623255 5.7031876845285288 5.4562458302825689 6.9887457089498621 3.4875177275389433
leaf_count=15 11769 21 18 1636 28 21 93 117 38 9923 29 40 24 61 31 65 35 47 48 24 71 21 39 26 30 90 58 36 41 18
internal_value=-0.00155547 0.00113581 -0.0432455 -0.0583717 0.00694101 0.00165742 -0.0346699 0.00179968 0.00169689 0.00183474 0.0365261 0.00169126 0.0364324 0.00153331 0.00915746 0.00529822 -0.00837027 0.0084732 -0.0533951 0.0248736 0.0132489 0.0459792 0.0167007 0.0875352 0.000902479 0.0068582 -0.00452846 0.0353855 0.0119393 0.0489963
internal_weight=1659.66 1599.94 18.5854 14.2811 4.3043 1581.36 6.16851 1575.19 1572.39 1568.33 6.4597 1561.87 7.06876 1554.8 118.816 107.63 48.9509 35.6241 13.3267 28.4995 25.1025 13.3513 58.6789 9.00432 1435.99 47.0032 33.5942 13.4091 27.891 10.4763
internal_count=24513 12744 1703 1654 49 11041 114 10927 10912 10874 146 10728 64 10664 711 650 303 224 79 177 153 82 347 47 9953 282 207 75 149 59
is_linear=0
shrinkage=0.1


Tree=189
num_leaves=31
num_cat=0
split_feature=0 3 0 4 11 5 11 4 0 9 12 3 9 8 12 7 0 8 13 8 11 7 11 6 8 1 10 9 13 9
split_gain=7.14452 2.28839 1.34889 1.64165 3.8652 2.41452 1.9908 1.30088 3.20567 3.53786 2.22664 3.13031 3.0531 2.473 3.23626 7.48806 4.48232 4.38485 3.13497 2.57492 1.66801 1.35725 1.19689 3.69851 2.65762 4.21855 3.00132 2.84463 3.48987 3.5936
threshold=45.500000000000007 5.5000000000000009 49.500000000000007 14.500000000000002 2.5000000000000004 4.5000000000000009 5.5000000000000009 21.500000000000004 31.500000000000004 157.91116709732992 4.5000000000000009 16.500000000000004 184.86830357142858 0.31311274509803927 5.5000000000000009 2.5000000000000004 37.500000000000007 0.22016949152542373 0.84962406015037606 0.17108013937282227 2.5000000000000004 7.5000000000000009 4.5000000000000009 15.500000000000002 0.34248120300751878 1.0000000180025095e-35 2.5000000000000004 246.45840080971666 1.420168067226891 134.65788288288292
decision_type=2 2 2 2 2 2 2 2 2 2 2 2 2 2 2 2 2 2 2 2 2 2 2 2 2 2 2 2 2 2
left_child=7 2 3 6 5 -5 -2 22 9 20 11 -10 13 14 15 -12 17 19 -17 -16 -9 -19 -1 24 27 26 -26 28 -24 -30
right_child=1 -3 -4 4 -6 -7 -8 8 10 -11 12 -13 -14 -15 16 18 -18 21 -20 -21 -22 -23 23 -25 25 -27 -28 -29 29 -31
leaf_value=0.0030027239858609772 -0.054215861714210056 -0.069907802867102894 -0.075870524152143334 0.29337739258538398 -0.076268785416296891 0.047546820127738004 0.097634640510448428 0.026338915931769354 -0.062262934836113476 0.071575509920712627 0.36168171564143259 0.12025399911223789 -0.081801734861526323 -0.084590425636087749 0.069685726931079647 0.17320786217647358 -0.081317652232051826 0.18581782746191927 -0.078980400261943057 -0.08282266272966736 -0.032839432834105987 0.066546301190521503 -0.0074228223987964706 0.092483873174919795 0.053678801013473533 0.033130154025309048 -0.036082260401138953 0.00038406931061963473 0.085169093059842244 -0.04659498970421961
leaf_weight=1915.7612750777043 4.237980392295869 18.415596858714707 2.4694505458464846 0.80221618805080674 1.0466666533611713 0.79596464149653912 1.084253057837486 8.1821182593703323 19.234849667176608 7.7878366261720648 0.89080394478515446 0.9879448302090158 4.4427498993463805 2.3613451495766631 1.8672964777797441 0.78937276452779803 4.2010928001254788 1.8502252399921419 1.3125647767446933 2.7192498259246349 11.397595733404158 1.9698618985712526 184.43928852817044 4.1490992722101501 4.6342386398464468 48.09965372690931 18.988078188616782 464.47799753909931 2.1857358645647755 39.033328046556562
leaf_count=12746 153 4776 210 17 59 28 25 30 544 27 15 22 151 50 19 21 262 25 50 34 41 24 1526 25 26 287 141 2890 11 278
internal_value=0.000796558 -0.0487066 -0.0112963 0.00871895 0.0731118 0.170943 -0.0232807 0.0013156 -0.0121427 0.014566 -0.0292902 -0.0533464 -0.00757651 0.0107827 0.0252187 0.118703 0.00302808 0.0451786 0.0157277 -0.0207327 -0.00810954 0.124314 0.00166686 -0.00167409 -0.00218688 0.0161342 -0.0184729 -0.00409089 -0.0133018 -0.0396079
internal_weight=2780.62 28.8521 10.4365 7.96708 2.64485 1.59818 5.32223 2751.76 69.9949 27.3676 42.6274 20.2228 22.4046 17.9618 15.6005 2.99274 12.6077 8.40663 2.10194 4.58655 19.5797 3.82009 2681.77 766.007 761.858 71.722 23.6223 690.136 225.658 41.2191
internal_count=24513 5268 492 282 104 45 178 19245 1315 98 1217 566 651 500 450 86 364 102 71 53 71 49 17930 5184 5159 454 167 4705 1815 289
is_linear=0
shrinkage=0.1


Tree=190
num_leaves=31
num_cat=0
split_feature=10 0 0 8 0 3 0 8 9 9 11 8 10 5 0 12 9 10 11 9 4 9 5 8 7 9 12 8 10 7
split_gain=7.69978 8.90704 2.16676 1.74567 2.7806 2.66059 1.80869 1.25248 1.19906 7.301 1.3311 1.1847 1.65188 2.09209 1.37933 2.81654 1.28979 1.16064 1.30984 1.03938 1.80655 1.00921 2.06062 1.65861 1.49426 3.03005 3.30252 3.08556 3.10658 2.63509
threshold=7.5000000000000009 27.500000000000004 19.500000000000004 0.12599206349206346 34.500000000000007 3.5000000000000004 30.500000000000004 0.15047169811320757 196.25948961156283 195.60976535541758 5.5000000000000009 0.1575187969924812 1.0000000180025095e-35 1.5000000000000002 33.500000000000007 11.500000000000002 355.72262443438916 9.5000000000000018 4.5000000000000009 327.30582908885123 8.5000000000000018 106.83598214285716 2.5000000000000004 0.24807692307692308 11.500000000000002 189.05013931104364 10.500000000000002 0.31622807017543858 12.500000000000002 8.5000000000000018
decision_type=2 2 2 2 2 2 2 2 2 2 2 2 2 2 2 2 2 2 2 2 2 2 2 2 2 2 2 2 2 2
left_child=1 -1 8 4 5 -3 -5 -8 9 10 -2 -9 14 -14 15 -13 -15 -10 -19 20 -16 22 23 -4 29 26 27 28 -26 -23
right_child=2 3 21 6 -6 -7 7 11 17 -11 -12 12 13 16 19 -17 -18 18 -20 -21 -22 24 -24 -25 25 -27 -28 -29 -30 -31
leaf_value=-0.075298360123996405 -0.076399333882656045 0.21968137665097234 -0.090255360435062493 -0.075626369729337978 -0.05712609178810283 0.023998943136624817 -0.074146157076589322 0.095172137553528074 -0.075801529853228827 0.40966992635790178 0.090611753671789141 -0.078072455084465087 0.042342493722397075 -0.073275120397413851 0.079851469995690552 0.11442022255838723 0.018119429063934742 -0.076140027316351069 0.19067446920084255 -0.02002955070956056 0.0065454130218837829 0.0023276561527926405 0.018479018109344988 -0.014952597098954745 0.021983865172384511 -0.022842319046420173 0.10129119831858578 0.10448061519422157 -0.073415644918493977 -0.010854775426048961
leaf_weight=28.26040472247405 2.5283500999212256 1.3031028928235167 5.0897681079804915 3.8227780687157056 1.4054320901632307 1.4885057890787718 2.3485680557787409 1.2943271081894625 7.1737811171915382 0.39855601079761971 0.58825181564316142 3.4388335999101427 2.9291524831205598 7.4815803365781886 6.1709044501185435 0.97582992538809765 1.94566851016134 0.37135106651112426 0.3646773868240416 3.6770291477441779 7.3850188031792641 2538.4766727680108 8.0398364923894388 6.8770811557769775 25.820889180642556 13.25648945791181 5.917659312952309 3.8528339033946386 3.9334099398693061 161.27044196624774
leaf_count=7208 165 30 24 494 7 36 21 17 719 3 34 108 38 81 32 7 34 25 16 31 31 14097 33 28 120 72 37 23 49 893
internal_value=0.000678398 -0.0311743 0.00152424 -0.00386854 0.0575889 0.115342 -0.0100885 -0.00343359 -0.0419353 0.00666106 -0.0448764 0.00127126 -0.00230298 -0.0314761 0.014349 -0.0355233 -0.0544124 -0.0635317 0.0560576 0.027125 0.0399157 0.00170332 -0.0206751 -0.0469805 0.00186598 0.0185296 0.0324055 0.0202759 0.0093724 0.0015402
internal_weight=2857.89 73.9271 2783.96 45.6667 4.19704 2.79161 41.4697 37.6469 11.425 3.51516 3.1166 35.2983 34.004 12.3564 21.6476 4.41466 9.42725 7.90981 0.736028 17.233 13.5559 2772.54 20.0067 11.9668 2752.53 52.7813 39.5248 33.6071 29.7543 2699.75
internal_count=24513 8175 16338 967 73 66 894 400 962 202 199 379 362 153 209 115 115 760 41 94 63 15376 85 52 15291 301 229 192 169 14990
is_linear=0
shrinkage=0.1


Tree=191
num_leaves=31
num_cat=0
split_feature=0 9 6 0 1 10 4 7 9 8 0 9 2 0 9 9 12 10 11 3 8 13 11 8 10 0 2 9 11 1
split_gain=25.3743 2.45011 1.87688 2.47876 2.44618 3.08346 2.04179 1.82102 1.62951 1.75709 1.39695 2.42555 1.36318 2.34135 1.90041 2.12624 3.16341 4.26486 1.86924 1.72084 1.43049 1.34157 1.53239 2.46193 1.88874 2.13076 1.28707 2.70536 3.87713 2.52048
threshold=31.500000000000004 297.19694548872184 9.5000000000000018 39.500000000000007 1.0000000180025095e-35 14.500000000000002 11.500000000000002 8.5000000000000018 210.12683215130025 0.26546556122448989 30.500000000000004 137.05471014492755 10.500000000000002 43.500000000000007 115.78878119429591 126.47813870614037 7.5000000000000009 12.500000000000002 1.5000000000000002 12.500000000000002 0.22016949152542373 1.9285714285714286 4.5000000000000009 0.26546556122448989 15.500000000000002 47.500000000000007 8.5000000000000018 174.59602204106284 1.5000000000000002 3.5000000000000004
decision_type=2 2 2 2 2 2 2 2 2 2 2 2 2 2 2 2 2 2 2 2 2 2 2 2 2 2 2 2 2 2
left_child=7 12 3 -3 6 -6 -5 -1 10 -10 -9 -12 14 -14 18 16 17 20 -2 -20 -16 26 23 24 -23 -26 -17 28 -28 -30
right_child=1 2 -4 4 5 -7 -8 8 9 -11 11 -13 13 -15 15 21 -18 -19 19 -21 -22 22 -24 -25 25 -27 27 -29 29 -31
leaf_value=-0.075280500070264364 0.017416324928959049 -0.077529062200263038 -0.084898418395646061 -0.0083579219454813364 0.054283905681089199 -0.069746305925101407 0.15797058907360043 -0.076528251981863124 -0.075909705999829519 0.20266643647201207 0.34548907991771727 -0.076843988219941442 -0.001409445041500869 0.080512761429339719 0.013045385793191318 0.00091454495077120535 0.10069799565683957 0.094564512893457506 -0.019019444928250608 -0.11511266438790174 -0.0708249402881094 0.11891049082300471 -0.090186492547966943 -0.082393687283645781 -0.080176480944095241 0.064872195897161866 -0.047496551273255069 0.037661157710605804 -0.03096417598270329 0.03806053382722803
leaf_weight=47.79499697330175 3.8102851212024671 4.5972073371522155 5.1912889145314685 1.2912504880223417 3.4143681889399868 4.8537964201532304 1.7226372659206388 2.3130257856100798 0.34670182061381627 0.65259501338005066 0.23358611622825254 0.32546653458848596 8.4954866841435415 5.9195885187946251 3.7263055369257945 1569.7203795772512 5.3146821148693553 3.8757529705762854 3.6069521214812994 3.8558056876063347 4.4768230393528938 1.6499945530667881 3.2888314458541563 3.0665714270435274 2.0356120974756777 2.0155334882438183 12.818588577676563 29.690881692338735 7.2541534448973861 19.540549091994762
leaf_count=11511 22 513 257 52 17 66 8 211 42 15 13 29 37 120 22 10621 31 18 21 22 27 16 78 61 115 12 83 294 42 137
internal_value=-0.000889775 0.00119008 -0.0326999 -0.015635 0.00958555 -0.0185276 0.0867099 -0.0699374 -0.0039726 0.106016 -0.0422414 0.0996173 0.00161158 0.0322321 0.0013488 0.00162528 0.0364058 0.0081174 -0.0395717 -0.0686682 -0.0327265 0.00125888 -0.0319767 -0.0101418 0.0287215 -0.00801159 0.00150336 0.0148398 -0.00226525 0.0193734
internal_weight=1766.9 1715.23 21.0705 15.8793 11.2821 8.26816 3.01389 51.6664 3.87138 0.999297 2.87208 0.559053 1694.16 14.4151 1679.75 1668.47 17.3936 12.0789 11.273 7.46276 8.20313 1651.08 12.0565 8.76771 5.70114 4.05115 1639.02 69.3042 39.6133 26.7947
internal_count=24513 12692 913 656 143 83 60 11821 310 57 253 42 11779 157 11622 11557 98 67 65 43 49 11459 282 204 143 127 11177 556 262 179
is_linear=0
shrinkage=0.1


Tree=192
num_leaves=31
num_cat=0
split_feature=0 4 11 0 5 10 0 10 0 9 2 9 8 11 9 9 11 12 8 4 10 0 1 12 6 7 9 5 5 7
split_gain=29.7546 3.33229 1.37635 2.00749 2.06858 5.38814 2.50474 0.758098 5.17604 2.01763 4.31233 4.18912 3.1989 2.24871 2.14274 3.96648 2.74098 5.35894 4.53194 1.95072 1.85564 2.85513 3.97239 3.20495 2.41082 2.21856 2.63051 2.17131 1.80407 2.79538
threshold=33.500000000000007 13.500000000000002 2.5000000000000004 19.500000000000004 2.5000000000000004 7.5000000000000009 21.500000000000004 6.5000000000000009 17.500000000000004 398.16666666666669 1.0000000180025095e-35 460.52647907647912 0.22933743169398904 4.5000000000000009 335.5436212814646 341.66780303030311 5.5000000000000009 5.5000000000000009 0.17521929824561402 4.5000000000000009 22.500000000000004 23.500000000000004 1.0000000180025095e-35 10.500000000000002 8.5000000000000018 -10.499999999999998 221.55425925925928 6.5000000000000009 2.5000000000000004 -5.4999999999999991
decision_type=2 2 2 2 2 2 2 2 2 2 2 2 2 2 2 2 2 2 2 2 2 2 2 2 2 2 2 2 2 2
left_child=1 7 -3 -4 5 -5 -7 8 -1 14 11 -11 -12 -14 20 19 -17 18 -18 -16 21 24 23 25 -9 -23 -27 -28 29 -22
right_child=-2 2 3 4 -6 6 -8 9 -10 10 12 -13 13 -15 15 16 17 -19 -20 -21 28 22 -24 -25 -26 26 27 -29 -30 -31
leaf_value=0.052204000864459969 -0.073502990628592543 -0.078005674759499211 0.22553721040789954 0.23617271963763664 -0.083644815605127376 0.063240504450786286 -0.075381976824179728 0.00027061695338567065 0.0021812494586654634 0.090864032890940083 -0.040531381666578867 -0.020442761959982899 0.070362296875983207 -0.021690133368932666 -0.015782144098372541 -0.01537245657289138 -0.018340890275367429 -0.055809667107115712 0.1248100840967033 -0.097081128609688136 0.1023473806091507 -0.055339616753219183 -0.042718622076083845 -0.076818010089026043 0.066192384881794589 -0.085031029286026738 0.024519445204588628 0.12367275114683843 0.0041096418135878419 0.019342968023890669
leaf_weight=21.151615685317665 55.408089727163315 6.6475779674947288 0.32200391590595145 0.88582654297351648 4.1165912677533925 1.9686403069645164 3.8576043471693993 305.50905206613243 938.35499529261142 11.958157649263741 12.947061653248968 4.7142616873607031 6.5084595051594061 4.480756763368845 4.6263814345002165 83.023805443197489 3.4143724013119918 4.6924987342208615 6.2777275620028377 8.1517509352415782 5.0761111611500409 3.8946299478411701 38.314781320281327 4.3173156306147566 5.6502338051795951 1.9958085962571228 22.402230647392575 2.4500974435359231 59.378030919469893 20.215532469097525
leaf_count=1630 11769 733 3 4 355 20 588 1739 5338 76 77 37 36 26 28 474 20 25 39 47 25 32 569 42 27 44 189 18 384 119
internal_value=-0.00146097 0.00103806 -0.0419898 -0.0205186 -0.0278353 0.00639326 -0.0285426 0.00152291 0.00328396 -0.0012025 0.0203452 0.0593911 -0.00685154 0.0328287 -0.00271275 -0.0152619 -0.00839009 0.0319101 0.0743803 -0.0676465 0.000234272 -0.00271668 -0.0204612 0.00386251 0.00146767 0.0151928 0.0254243 0.0342946 0.0136363 0.0360022
internal_weight=1652.71 1597.3 17.7982 11.1507 10.8287 6.71207 5.82624 1579.51 959.507 619.999 40.6087 16.6724 23.9363 10.9892 579.39 110.187 97.4084 14.3846 9.6921 12.7781 469.204 384.534 73.3749 35.0601 311.159 30.7428 26.8481 24.8523 84.6697 25.2916
internal_count=24513 12744 1703 970 967 612 608 11041 6968 4073 252 113 139 62 3821 633 558 84 59 75 3188 2660 894 325 1766 283 251 207 528 144
is_linear=0
shrinkage=0.1


Tree=193
num_leaves=31
num_cat=0
split_feature=0 10 0 6 6 12 13 8 11 9 2 0 9 9 8 8 6 7 9 3 10 5 9 7 9 4 9 13 10 0
split_gain=6.44595 2.28795 1.85908 1.46361 4.26988 4.73825 3.03718 2.31943 2.73515 1.2915 1.26231 3.90699 4.36233 4.90542 3.85042 2.98547 2.08977 3.4462 2.96576 6.56008 2.83615 2.21245 2.16005 2.05725 2.02335 1.90132 3.93347 4.45028 3.05538 4.00925
threshold=45.500000000000007 19.500000000000004 49.500000000000007 12.500000000000002 10.500000000000002 2.5000000000000004 0.94987468671679209 0.26043478260869574 1.5000000000000002 287.21704857030949 4.5000000000000009 36.500000000000007 241.47536599099104 257.88390277777779 0.22933743169398904 0.44590643274853808 9.5000000000000018 1.5000000000000002 281.73331456456464 6.5000000000000009 13.500000000000002 3.5000000000000004 177.55267434988181 -3.4999999999999996 106.83598214285716 13.500000000000002 191.80377406281667 0.91287878787878796 10.500000000000002 22.500000000000004
decision_type=2 2 2 2 2 2 2 2 2 2 2 2 2 2 2 2 2 2 2 2 2 2 2 2 2 2 2 2 2 2
left_child=10 -2 3 4 7 -6 -7 -3 -9 -10 24 15 -13 14 -14 16 17 18 19 -12 -18 -21 -22 -15 -1 28 -27 -28 29 -19
right_child=1 2 -4 -5 5 6 -8 8 9 -11 11 12 13 23 -16 -17 20 25 -20 21 22 -23 -24 -25 -26 26 27 -29 -30 -31
leaf_value=0.067525068043288672 -0.075309564347417549 -0.076435403934069238 -0.075593184376462105 -0.077688747783844159 0.36258925751844201 0.19922068310946775 -0.076987173037490808 0.23053652936875554 -0.077154375133044573 0.12855295148712181 0.048292765833154158 -0.044593999624701446 0.22529110201806812 0.077809291400507463 0.015780374250383651 0.079558554072785614 -0.021380199734543325 -0.0055089175756461535 -0.083218456793295564 -0.008701026928144338 0.1320410915244711 -0.083003713586109404 0.025265172569573946 -0.093484800272567392 0.0020210783507155902 0.003772881104284722 0.05928496832570096 -0.032483646595624402 -0.05832253676706374 0.036654162908683036
leaf_weight=4.7252211151644579 14.222327703406338 3.2550498112104815 3.8927321955561629 1.685624207369983 0.67314668651670251 0.72071129316464044 0.88938102498650551 0.64090970437973771 1.0422828323207793 0.43158736638724793 9.9768905574455875 38.541018509771675 1.8239656612277024 0.98708959203213487 1.6899188514798877 4.6059693098068228 4.7733218837529403 42.789704925380647 8.6798540810123068 6.5691932737827328 3.6760277710855007 10.276281218975781 3.909553624689579 2.4202848090790212 2314.1258559920825 167.60108854435384 5.7732074894011012 62.418079173192382 5.772801596671342 47.686162196099758
leaf_count=23 4268 207 552 79 11 27 38 19 60 7 52 1869 26 10 32 22 27 236 41 38 19 58 27 52 15288 865 34 294 24 208
internal_value=0.000750243 -0.047465 -0.0175352 0.00666566 0.0252451 0.139795 0.0466493 -0.0234612 0.0580761 -0.0169179 0.00123179 -0.00374474 -0.031467 0.0416305 0.124532 -0.000467 -0.00143724 -0.00279727 -0.0324104 -0.0159686 0.0390089 -0.0540281 0.0770096 -0.0438622 0.00215456 0.000369001 -0.00446564 -0.0247143 0.012213 0.0167135
internal_weight=2776.28 27.4538 13.2314 9.33869 7.65307 2.28324 1.61009 5.36983 2.11478 1.47387 2748.82 429.97 45.4623 6.92126 3.51388 384.508 379.902 367.543 35.5022 26.8224 12.3589 16.8455 7.58558 3.40737 2318.85 332.041 235.792 68.1913 96.2487 90.4759
internal_count=24513 5268 1000 448 369 76 65 293 86 67 19245 3934 1989 120 58 1945 1923 1850 189 148 73 96 46 62 15311 1661 1193 328 468 444
is_linear=0
shrinkage=0.1


Tree=194
num_leaves=31
num_cat=0
split_feature=10 0 0 8 7 8 8 9 0 9 5 2 12 0 9 6 12 8 1 0 11 7 8 7 8 8 8 1 9 13
split_gain=6.81278 8.52983 1.98123 1.88204 1.74786 2.37252 3.15009 1.68686 4.17459 1.34515 1.20159 2.5898 5.62331 2.87209 2.80819 2.30045 1.65878 2.97093 1.50951 2.53685 1.1683 1.05766 2.60011 2.68419 2.47386 2.97194 2.2774 4.5933 2.29988 2.19392
threshold=7.5000000000000009 27.500000000000004 21.500000000000004 0.077677224736048267 4.5000000000000009 0.28345771144278614 0.30707196029776679 198.92840654608099 20.500000000000004 150.01174012158057 2.5000000000000004 1.5000000000000002 6.5000000000000009 35.500000000000007 320.93597105508877 6.5000000000000009 3.5000000000000004 0.25760368663594474 1.0000000180025095e-35 32.500000000000007 3.5000000000000004 -1.4999999999999998 0.10889328063241101 -2.4999999999999996 0.063164893617021267 0.077677224736048267 0.10582306830907051 3.5000000000000004 176.7741666666667 0.53939393939393943
decision_type=2 2 2 2 2 2 2 2 2 2 2 2 2 2 2 2 2 2 2 2 2 2 2 2 2 2 2 2 2 2
left_child=1 -1 4 -3 -2 7 -7 -6 -9 -8 11 12 13 -5 -14 16 17 -13 -12 -20 -16 22 -4 -24 -23 -26 27 28 -27 -28
right_child=2 3 21 10 5 6 9 8 -10 -11 18 15 14 -15 20 -17 -18 -19 19 -21 -22 24 23 -25 25 26 29 -29 -30 -31
leaf_value=-0.075276749142876159 -0.046209409598015776 0.14514746518580243 -0.035216324451472811 -0.081605991348128848 -0.080057288472186489 0.18397030802644776 0.11717241364848929 -0.077180701661694273 0.26111712633151857 -0.078382200826868698 -0.051758350703095181 -0.085341026592963609 0.037500713919976239 0.077593845620315585 0.29082201428534321 0.10121578142883958 -0.071418217969687045 0.11658017374581651 -0.078087747894482917 0.01864183713855037 0.1478238781133005 0.073578577571897938 0.0022949426672134424 -0.012204896034825434 -0.070359867335384726 -0.0023390232920551201 -0.00867546222932024 -0.033795991109114264 0.079038830703781371 0.003676797925443934
leaf_weight=26.192881292372476 15.986493218224497 0.83518778393044968 21.902159943711013 2.8823513360694069 2.888373796362429 1.4913462465628984 0.51253996416926373 0.97797784674912669 0.58174777589738369 1.121268027462065 9.5940373886842298 1.3823282900266334 1.4935525995679202 1.8673993274569509 1.0579996397718789 1.3254157318733621 5.7500747437588871 1.5409445795230565 3.4359477325342622 12.855576097965239 1.2420808719471095 4.9539456963539115 706.20944603160024 155.84278336609714 5.5332805812358847 4.6144853159785333 157.25850148079917 7.491666169371455 14.038040039129553 1678.8961148073431
leaf_count=7208 1099 23 150 127 72 22 16 44 10 40 193 41 21 9 27 29 148 27 229 78 15 21 4198 845 19 20 799 34 75 8874
internal_value=0.000629861 -0.0298584 0.00141343 -0.00357563 -0.0274624 0.012111 0.0788862 -0.0348041 0.0489979 -0.017035 -0.00637144 0.0130598 0.0534905 -0.0190154 0.14427 -0.0214859 -0.0402366 0.0210977 -0.0202903 -0.00175882 0.213601 0.00166021 -0.00119084 -0.000326355 0.00300591 0.00281873 0.00303616 0.0323425 0.0589066 0.00261888
internal_weight=2851.76 71.4558 2780.3 45.2629 23.5597 7.57325 3.12515 4.4481 1.55973 1.63381 44.4277 18.5421 8.54338 4.74975 3.79363 9.99876 8.67335 2.92327 25.8856 16.2915 2.30008 2756.74 883.954 862.052 1872.79 1867.83 1862.3 26.1442 18.6525 1836.15
internal_count=24513 8175 16338 967 1303 204 78 126 54 56 944 444 199 136 63 245 216 68 500 307 42 15035 5193 5043 9842 9821 9802 129 95 9673
is_linear=0
shrinkage=0.1


Tree=195
num_leaves=31
num_cat=0
split_feature=0 10 10 7 7 5 10 0 0 9 11 13 1 13 9 9 6 8 13 9 9 11 0 11 8 8 9 5 8 12
split_gain=23.4212 2.25658 2.08661 1.75721 1.46477 1.75508 1.43595 8.5722 3.60046 1.91597 3.85138 2.12229 2.31862 1.87834 3.11303 2.49749 2.44166 2.19316 2.09825 2.78716 2.87655 3.28897 3.45892 2.7726 2.71197 4.94876 2.40969 2.35582 1.92378 1.93974
threshold=31.500000000000004 22.500000000000004 8.5000000000000018 8.5000000000000018 9.5000000000000018 1.5000000000000002 19.500000000000004 43.500000000000007 54.500000000000007 260.86697368421056 5.5000000000000009 0.82843137254901966 1.5000000000000002 0.17424242424242423 296.36007168458792 280.60027777777782 13.500000000000002 0.27100988700564976 0.51315789473684215 214.1086904761905 232.97789855072466 3.5000000000000004 48.500000000000007 1.0000000180025095e-35 0.20794025157232701 0.22016949152542373 216.87142547928264 5.5000000000000009 0.24417344173441732 3.5000000000000004
decision_type=2 2 2 2 2 2 2 2 2 2 2 2 2 2 2 2 2 2 2 2 2 2 2 2 2 2 2 2 2 2
left_child=3 2 -2 -1 5 -5 8 -8 9 -4 11 12 -11 15 16 -9 18 28 24 -20 21 23 -23 -21 -15 -26 -27 -25 29 -18
right_child=1 -3 6 4 -6 -7 7 13 -10 10 -12 -13 -14 14 -16 -17 17 -19 19 20 -22 22 -24 27 25 26 -28 -29 -30 -31
leaf_value=-0.075260000542888089 -0.076948536265630474 -0.076554825044221356 0.0014435276927954829 -0.076192330586284426 -0.075811050643520977 0.11420222092049287 -0.070836035656012528 0.011527155770696953 0.075386353661468938 0.016922067500175841 0.10904581621803547 -0.0012119066396385908 0.096884662951364317 -0.071835520303287742 -0.092420211068063501 0.11174420247338918 0.021542579891867277 0.023359628753582076 -0.011341824078912096 0.0095266343641612714 0.0070161593222984615 -0.087783385046788884 0.044131587625556683 0.059840243838790746 0.11772224860578349 0.028542361922668735 -0.055528385632156077 0.14926020794868206 -0.1204148667211718 -0.06775862801636573
leaf_weight=44.288886180147529 3.4036459575872859 3.7338139696512362 1440.331469562836 0.73240082245320071 1.6335885222069917 1.4284338182769714 18.783881168579683 10.135105688124893 6.744463025359436 11.703142389655115 4.4849235080182543 35.985051622614264 5.254284353926777 7.7381073031574514 3.7841792032122603 3.2951688021421424 3.9305130317807215 4.7896486893296233 42.748577702324837 4.7515725307166639 52.21973083820194 3.038773996755479 5.7467403318732977 6.5814423877745849 2.9351566620171097 5.3996791783720246 9.2494223490357381 5.3342102542519569 3.4047248046845189 6.381483631208539
leaf_count=11511 305 436 7761 75 199 36 1506 89 1123 59 25 185 30 60 51 31 25 31 269 23 377 33 27 44 17 30 70 26 22 37
internal_value=-0.000832129 0.00110122 0.00127097 -0.0696645 -0.00435299 0.0496692 0.00142714 -0.00652805 0.00248597 0.0021577 0.0200697 0.0125323 0.0416986 0.00012865 -0.00274766 0.0361158 -0.000681675 -0.0348973 0.00366299 0.00916518 0.0204516 0.0480163 -0.00149577 0.0741147 -0.0225028 -0.000793474 -0.0245398 0.0998704 -0.0552396 -0.0337206
internal_weight=1759.97 1711.89 1708.16 48.0833 3.79442 2.16083 1704.75 200.248 1504.5 1497.76 57.4274 52.9425 16.9574 181.464 168.034 13.4303 164.25 18.5064 145.743 120.421 77.6725 25.4527 8.78551 16.6672 25.3224 17.5843 14.6491 11.9157 13.7167 10.312
internal_count=24513 12692 12256 11821 310 111 11951 2768 9183 8060 299 274 89 1262 1142 120 1091 115 976 799 530 153 60 93 177 117 100 70 84 62
is_linear=0
shrinkage=0.1


Tree=196
num_leaves=31
num_cat=0
split_feature=0 4 7 3 0 10 2 11 9 9 1 5 5 12 0 2 9 6 6 7 8 7 0 8 12 10 12 9 4 9
split_gain=27.4762 3.02635 1.32543 2.28309 3.93887 1.92772 1.11777 1.37096 1.28716 0.716133 1.27073 1.79179 0.682333 2.23211 1.43985 1.60415 1.11087 0.976331 1.50963 1.3965 0.752439 3.58607 3.86738 1.82043 2.5145 2.2824 2.6628 4.96969 4.96674 1.80462
threshold=33.500000000000007 13.500000000000002 5.5000000000000009 8.5000000000000018 21.500000000000004 5.5000000000000009 2.5000000000000004 5.5000000000000009 257.88390277777779 115.78878119429591 4.5000000000000009 2.5000000000000004 7.5000000000000009 4.5000000000000009 25.500000000000004 1.0000000180025095e-35 331.21638095238103 13.500000000000002 12.500000000000002 -10.499999999999998 0.072299651567944212 -3.4999999999999996 25.500000000000004 0.059714795008912656 3.5000000000000004 8.5000000000000018 2.5000000000000004 328.81087622549029 5.5000000000000009 272.0478070175439
decision_type=2 2 2 2 2 2 2 2 2 2 2 2 2 2 2 2 2 2 2 2 2 2 2 2 2 2 2 2 2 2
left_child=1 9 3 6 -5 -6 7 8 -3 -1 12 -12 17 16 -15 -16 -14 18 19 -11 21 22 -21 25 -25 26 -23 29 -29 -28
right_child=-2 2 -4 4 5 -7 -8 -9 -10 10 11 -13 13 14 15 -17 -18 -19 -20 20 -22 23 -24 24 -26 -27 27 28 -30 -31
leaf_value=0.050762730825686886 -0.073340128601784987 -0.082371510251312174 -0.07642027691953257 0.22002568487498225 0.098547664930593359 -0.075509221773266189 -0.081991109645000296 0.18275632129244551 0.10553113102142915 0.064814598752947247 -0.075798453263534155 0.050985420314867247 -0.096183813659280817 0.05166870646248959 0.035335194481439791 -0.065164265327619986 -0.01082916643818119 0.046214986468973512 -0.056877253728938204 -0.073652890230131593 0.0011899382524989581 0.069653882749217466 0.05865836528420576 0.14236943621885653 0.033917241860727247 -0.068120832039169341 -0.0022944660167926903 0.0015856000240042556 -0.23157037494763066 0.07576169191730614
leaf_weight=2.9340062593109897 51.389745128108189 1.3161633345298489 6.5149201680906108 0.94514200463891063 0.96838587522506747 1.8554972815327344 4.5643271531444043 0.3619936299510299 0.50421842327341426 3.5018246383406213 4.5287565463222554 1.4786594728939233 4.1034125797450569 4.6457102335989457 2.8168794787488878 3.6413765358738601 2.426415991038084 4.9137994679622343 4.4066878245212129 7.9012244986370188 1486.7600914388895 8.4901122488081509 3.0665232064202428 2.9035379868000737 8.1067167934961599 2.9886280950158826 6.8853729171678406 2.0751154441386457 1.6323499102145431 5.1979349022731185
leaf_count=17 11769 112 838 5 4 306 412 17 9 24 59 20 42 25 15 35 14 37 36 89 10242 66 22 20 94 15 52 35 16 66
internal_value=-0.0013715 0.000951008 -0.0409775 -0.0190192 0.0433217 -0.0158204 -0.0538457 0.00501884 -0.0303253 0.00140427 0.00131217 -0.044592 0.00148822 -0.0180717 0.00921159 -0.0213297 -0.0644669 0.00171091 0.00156927 0.00173656 0.00159276 0.0137537 -0.0366594 0.0281978 0.0625174 0.0143411 0.0244909 0.000208509 -0.10107 0.0312833
internal_weight=1643.83 1592.44 17.0306 10.5157 3.76903 2.82388 6.7467 2.18238 1.82038 1575.41 1572.47 6.00742 1566.46 17.6338 11.104 6.45826 6.52983 1548.83 1543.92 1539.51 1536.01 49.2475 10.9677 38.2798 11.0103 27.2695 24.2809 15.7908 3.70747 12.0833
internal_count=24513 12744 1703 865 315 310 550 138 121 11041 11024 79 10945 131 75 50 56 10814 10777 10741 10717 475 111 364 114 250 235 169 51 118
is_linear=0
shrinkage=0.1


Tree=197
num_leaves=31
num_cat=0
split_feature=0 10 0 6 6 12 13 8 11 8 1 13 0 12 6 9 8 9 4 9 9 0 3 8 5 7 7 9 12 4
split_gain=5.82808 2.21195 1.71081 1.29818 3.19688 2.54485 2.25622 2.06209 1.82702 1.27512 1.10916 5.11607 4.00365 2.54697 2.20445 2.63222 2.06601 2.20547 1.69785 4.2947 1.66978 1.30591 1.23109 3.31317 2.90472 2.47178 2.28831 4.54397 2.5198 4.15294
threshold=45.500000000000007 19.500000000000004 49.500000000000007 12.500000000000002 10.500000000000002 2.5000000000000004 0.94987468671679209 0.26043478260869574 1.5000000000000002 0.33072916666666669 4.5000000000000009 1.788888888888889 29.500000000000004 1.5000000000000002 4.5000000000000009 146.56632876167762 0.28345771144278614 182.69305010893248 25.500000000000004 106.83598214285716 106.83598214285716 29.500000000000004 15.500000000000002 0.19378911892152142 1.5000000000000002 11.500000000000002 9.5000000000000018 235.88838778953831 8.5000000000000018 19.500000000000004
decision_type=2 2 2 2 2 2 2 2 2 2 2 2 2 2 2 2 2 2 2 2 2 2 2 2 2 2 2 2 2 2
left_child=10 -2 3 4 7 -6 -7 -3 -9 -10 20 12 13 -12 15 -15 17 -17 -14 -20 21 -1 25 -24 -25 26 -22 28 29 -28
right_child=1 2 -4 -5 5 6 -8 8 9 -11 11 -13 18 14 -16 16 -18 -19 19 -21 22 -23 23 24 -26 -27 27 -29 -30 -31
leaf_value=0.055168410081476715 -0.075287856257774288 -0.076334559524478804 -0.075551068351311215 -0.077506730190682993 0.24983730443375968 0.15477004989504525 -0.076844949447108069 0.17414205050756296 -0.077001502212512798 0.13094684072095955 -0.061308261316522311 0.080964705034855242 -0.053364960841934997 0.094859521493615082 -0.025008779787360172 -0.012723655586356944 -0.041393162312853081 0.076576417162103561 0.27940985455080536 -0.077485245885436635 0.0010529066672492688 -0.011610103235043797 0.13316199621972738 -0.078699264179417985 0.079478520447452378 -0.045353535528952181 0.060379974034954965 -0.082464796926108974 0.092199607744996762 -0.030098996036713996
leaf_weight=10.044242041651158 13.118926809256665 3.0273931594565493 3.6119574102340257 1.570589506998658 0.89253730606287751 0.85582596436142899 0.8269894290715456 0.77748837228864465 1.0114114871248601 0.41622512601315964 5.3291442543268195 5.5389392068609586 26.557533231331039 5.0434880927205148 10.081567063927649 5.0667404681444186 4.989155337214469 6.0896842330694199 0.5447464920580376 0.88485795003362 2608.3977069144603 4.1336682839319101 2.5890985860023639 2.5882144817151129 2.1052778102457523 11.367849980015306 12.505421336740264 3.3234074660576871 7.203807537443935 8.5354316313751024
leaf_count=47 4268 207 552 79 11 27 38 19 60 7 23 30 448 23 38 20 23 24 4 56 18081 28 28 21 52 68 60 22 50 99
internal_value=0.000698417 -0.0463243 -0.0170742 0.00544716 0.0221337 0.113342 0.040947 -0.0227573 0.0507983 -0.0163745 0.00114602 -0.0112686 -0.0191785 0.00259336 0.0134835 0.0317977 0.0120988 0.0360204 -0.0476504 0.0585086 0.00147174 0.0356987 0.00128921 0.042348 -0.00774822 0.00117643 0.0013768 0.028139 0.0411532 0.0236763
internal_weight=2769.03 26.1093 12.9904 9.37846 7.80787 2.57535 1.68282 5.23252 2.20512 1.42764 2742.92 70.1259 64.5869 36.5998 31.2706 21.1891 16.1456 11.1564 27.9871 1.4296 2672.79 14.1779 2658.62 7.28259 4.69349 2651.33 2639.97 31.5681 28.2447 21.0409
internal_count=24513 5268 1000 448 369 76 65 293 86 67 19245 689 659 151 128 90 67 44 508 60 18556 75 18481 101 73 18380 18312 231 209 159
is_linear=0
shrinkage=0.1


Tree=198
num_leaves=31
num_cat=0
split_feature=10 0 0 1 11 12 1 6 7 11 9 13 8 9 7 0 8 9 10 11 12 6 6 1 0 12 1 7 13 7
split_gain=6.08636 8.05914 1.76804 1.66591 2.36853 4.27328 2.58404 2.1558 2.05892 2.05793 2.70092 1.84171 1.31896 2.15177 2.952 1.64095 1.09066 1.02778 1.13449 2.24528 2.53389 1.79623 2.47694 2.39242 1.15419 1.07745 1.0426 0.995193 4.51059 2.58158
threshold=7.5000000000000009 27.500000000000004 21.500000000000004 1.5000000000000002 1.5000000000000002 4.5000000000000009 2.5000000000000004 2.5000000000000004 8.5000000000000018 3.5000000000000004 189.83787878787882 1.4494949494949496 0.12599206349206346 310.06151623321438 -2.4999999999999996 30.500000000000004 0.15047169811320757 401.50203373015876 8.5000000000000018 1.0000000180025095e-35 2.5000000000000004 2.5000000000000004 3.5000000000000004 3.5000000000000004 26.500000000000004 6.5000000000000009 2.5000000000000004 11.500000000000002 0.5634920634920636 8.5000000000000018
decision_type=2 2 2 2 2 2 2 2 2 2 2 2 2 2 2 2 2 2 2 2 2 2 2 2 2 2 2 2 2 2
left_child=1 -1 3 8 5 6 -5 9 -2 -6 -11 -12 13 -3 -15 -14 -17 18 19 -4 -21 23 -23 25 26 -22 -24 29 -29 -20
right_child=2 12 17 4 7 -7 -8 -9 -10 10 11 -13 15 14 -16 16 -18 -19 27 20 21 22 24 -25 -26 -27 -28 28 -30 -31
leaf_value=-0.075256997299444295 -0.066116113422857434 -0.041474316708700609 0.077601537646303564 0.0088933985246412422 -0.078324012344508337 -0.078153592081548304 0.2081656855041123 -0.077070362269820517 0.16398019653286877 -0.0782493125141768 0.2428283832859561 0.037273337302121991 -0.075583287630086052 0.20939397338987359 0.0034028520486892293 -0.070394382389379562 0.0011816615938951001 0.052625418807956618 0.0017814134695921424 -0.064987166566614504 0.045687566010321798 -0.057313820055172673 -0.042418015904407885 -0.014520582800664567 0.085743549514769757 0.12782135627143584 0.046507728000632624 -0.096835616759924997 0.022221882189503002 -0.011213961613090913
leaf_weight=24.18948981934227 9.6453579454682767 1.6805472397245456 5.6088429242372504 1.0511272759176784 1.3115576622076317 1.4843944874592123 1.7083549238741396 4.8197081168182194 0.40522218868136484 0.78364367363974485 0.91751005593687274 0.83034718129783869 3.4231951204128555 1.3316350961104033 1.4567611347883942 2.2680929796770206 34.685635288245976 3.9348737541586152 2499.8328100175131 4.0374768525362041 3.0123221501708048 5.1514658816158754 2.4829242862761021 3.4010414481163025 2.6403116807341576 3.399817232042551 2.8112244382500648 3.3962720120325676 50.472324256785214 162.82183748588432
leaf_count=7208 809 25 34 29 51 70 34 233 5 25 20 27 494 25 23 21 379 36 13569 37 20 38 28 17 15 25 17 17 292 890
internal_value=0.00059458 -0.0287352 0.00132398 -0.0263125 -0.00254111 0.0586629 0.13226 -0.0325249 -0.056839 0.0233411 0.0760133 0.145176 -0.00364173 0.0479071 0.101777 -0.00934719 -0.00321143 0.00155444 0.00148134 0.020041 0.00805552 0.0209341 -0.00331941 0.0532763 0.0317366 0.0892362 0.00480208 0.00125899 0.0147156 0.000986744
internal_weight=2845 69.0354 2775.96 22.9572 12.9066 4.24388 2.75948 8.66277 10.0506 3.84306 2.5315 1.74786 44.8459 4.46894 2.7884 40.3769 36.9537 2753 2749.07 32.5454 26.9366 22.8991 13.0859 9.81318 7.93446 6.41214 5.29415 2716.52 53.8686 2662.65
internal_count=24513 8175 16338 1303 489 133 63 356 814 123 72 47 967 73 48 894 400 15035 14999 231 197 160 98 62 60 45 45 14768 309 14459
is_linear=0
shrinkage=0.1


Tree=199
num_leaves=31
num_cat=0
split_feature=0 10 10 7 3 11 0 8 8 12 8 8 11 7 0 7 12 10 1 12 7 9 9 13 7 5 9 6 1 8
split_gain=21.5383 2.08327 1.92498 1.72055 1.39508 2.45926 4.06183 3.28599 2.0108 1.67824 1.5588 3.99814 2.65255 2.25236 2.0326 1.3861 3.09755 2.1692 3.73578 1.78002 2.51057 1.58208 3.89277 3.73974 3.54765 5.65899 3.00497 4.89357 4.76364 3.983
threshold=31.500000000000004 22.500000000000004 8.5000000000000018 8.5000000000000018 3.5000000000000004 1.5000000000000002 42.500000000000007 0.31957446808510642 0.14854215918045702 4.5000000000000009 0.18257575757575759 0.22611077297626292 3.5000000000000004 -7.4999999999999991 49.500000000000007 -8.4999999999999982 5.5000000000000009 19.500000000000004 1.5000000000000002 7.5000000000000009 -9.4999999999999982 215.47618055555554 224.19538824538827 0.34313725490196084 6.5000000000000009 1.5000000000000002 211.33875000000003 6.5000000000000009 1.5000000000000002 0.21294035577258458
decision_type=2 2 2 2 2 2 2 2 2 2 2 2 2 2 2 2 2 2 2 2 2 2 2 2 2 2 2 2 2 2
left_child=3 2 -2 -1 5 7 -7 8 9 -4 12 -12 -8 -13 -15 16 17 18 -6 -18 -21 26 23 -23 -25 -26 -17 28 -28 -29
right_child=1 -3 4 -5 15 6 10 -9 -10 -11 11 13 -14 14 -16 21 19 -19 -20 20 -22 22 -24 24 25 -27 27 29 -30 -31
leaf_value=-0.075241119389021227 -0.076815108160648349 -0.07645801120211726 -0.081478629345316647 -0.004223475404192583 0.09823371147628146 -0.065740192134751602 0.14638973582718282 0.1282943633659317 -0.088658121589232808 0.1426424614330303 -0.081055194219842946 0.081733165260638327 0.0044414023118924803 -0.052697944613763564 0.053963907717271636 0.0014033390554573832 -0.1291742817981015 -0.052188594878473965 -0.027510027194193834 0.03246311475040399 -0.095745342695283175 -0.057680352764416645 0.0019274866046147016 0.033907415473884976 -0.11265338194944621 0.065448062233161505 0.098929942678776861 -0.074871790347391082 -0.012639348862264203 -0.013624730103014505
leaf_weight=40.953966323693749 3.1594973728060713 3.4642677602823815 0.60629979590885053 3.7214115953538558 4.6363083384931105 7.4004793036729124 2.3509602369740632 0.88905696873553175 9.1841607196256501 0.74422438908368349 4.0898576132021871 5.3768163132481313 2.9916653428226709 3.8985173231922037 3.2980700079351664 1147.5484315280337 3.0989863318391127 4.2033888667356214 4.8179741580970585 2.8515415824949741 3.289039489813149 5.300509551074355 324.71016183658503 91.460335771320388 4.2768821013160041 3.0608079934027046 5.6433755229227271 18.27253150427714 11.889548423932863 25.346392914419994
leaf_count=11511 305 436 24 310 23 596 22 33 249 19 49 58 39 60 18 6973 23 60 25 26 20 42 2476 615 32 40 36 121 73 199
internal_value=-0.000782297 0.0010107 0.00116816 -0.0693254 0.00131299 -0.0169484 -0.00165176 -0.0563241 -0.0719047 0.0420263 0.0199009 0.00483056 0.0669041 0.0327673 -0.00381668 0.00176204 -0.0226717 0.00758037 0.0341537 -0.0673895 -0.0362083 0.0021037 0.00732224 0.0241499 0.0285401 -0.038361 0.000252327 -0.0213471 0.0232718 -0.0392819
internal_weight=1752.54 1707.86 1704.4 44.6754 1701.24 40.8301 29.4064 11.4237 10.5347 1.35052 22.0059 16.6633 5.34263 12.5734 7.19659 1660.41 22.8972 13.6577 9.45428 9.23957 6.14058 1637.51 428.809 104.099 98.798 7.33769 1208.7 61.1518 17.5329 43.6189
internal_count=24513 12692 12256 11821 11951 1167 842 325 292 43 246 185 61 136 78 10784 177 108 48 69 46 10607 3205 729 687 72 7402 429 109 320
is_linear=0
shrinkage=0.1


Tree=200
num_leaves=31
num_cat=0
split_feature=0 4 2 8 9 1 12 9 4 11 9 13 12 0 7 9 1 13 0 12 10 13 8 8 5 9 13 10 11 7
split_gain=25.3717 2.79177 1.10853 1.36912 1.15071 0.912494 2.56247 1.83984 1.685 2.19509 1.79651 1.34644 1.18011 0.855 3.47724 3.30206 3.0457 2.85065 4.10236 6.42611 2.83674 2.96123 2.97244 2.74355 2.5807 3.34358 2.46684 6.31826 1.88875 3.00251
threshold=33.500000000000007 16.500000000000004 6.5000000000000009 0.15047169811320757 115.78878119429591 3.5000000000000004 10.500000000000002 302.66798717948723 10.500000000000002 4.5000000000000009 244.45986772486773 1.420168067226891 2.5000000000000004 29.500000000000004 -5.4999999999999991 354.06578947368428 1.0000000180025095e-35 1.4833333333333336 30.500000000000004 2.5000000000000004 21.500000000000004 0.94987468671679209 0.23294573643410851 0.22540322580645164 3.5000000000000004 311.19600000000008 1.9285714285714286 6.5000000000000009 5.5000000000000009 -3.4999999999999996
decision_type=2 2 2 2 2 2 2 2 2 2 2 2 2 2 2 2 2 2 2 2 2 2 2 2 2 2 2 2 2 2
left_child=1 2 4 -4 -1 13 7 8 9 10 -7 12 -10 -6 15 16 20 28 -19 -20 24 -22 -23 -17 -15 -26 27 -21 -16 -30
right_child=-2 -3 3 -5 5 6 -8 -9 11 -11 -12 -13 -14 14 17 23 -18 18 19 26 21 22 -24 -25 25 -27 -28 -29 29 -31
leaf_value=0.059308915769019178 -0.073169946795406379 -0.063869104524951453 0.023862079007088068 -0.070603479426379581 0.0019579247470313701 -0.015200629288161112 0.068408511521640264 -0.086297042340213959 0.069654926243517865 -0.066626875588658471 0.086943591731485428 -0.10235698284536549 -0.054252705408305624 0.21773359587947749 -0.051876750299594911 0.0078087598131821191 -0.051704838613420227 -0.058270671772379039 0.25528678976377328 0.32940022836860017 -0.061559656942128338 -0.040042927371570808 0.10619919514202064 0.15960282538508633 -0.078958418470209624 0.1592915440065461 -0.046763492970437789 -0.078501447951950645 -0.083426524846516317 0.058647892102109161
leaf_weight=3.4099313039332619 47.718051021365682 6.6406268016435197 2.3079824848100534 4.5764720682054758 1480.380272152368 3.1226855153217965 2.9749002214521161 4.6411292459815732 1.1842275783419602 2.5957325212657452 3.8383958544582129 3.0613117767497897 2.1902923905290663 1.3064999850466912 27.250039408216253 2.0956889959052196 6.9200868806801727 3.8035878073424083 1.4770747688598929 0.71695761196315266 4.2214870192110521 2.2964722826145589 3.5204981947317719 2.7573191402480006 1.1553056156262758 1.2017756872810421 2.6092960410751402 0.80736640468239784 2.3079095012508333 4.1843853071331969
leaf_count=29 11769 1007 36 181 9991 28 27 34 14 19 27 32 66 14 605 20 156 38 27 12 58 35 37 25 37 13 38 31 30 77
internal_value=-0.00132268 0.000834161 0.0011056 -0.0389343 0.00128051 0.00115468 -0.018357 -0.0308665 -0.0147804 0.0118566 0.0411225 -0.0543346 -0.0107695 0.00145206 -0.00945932 0.0198375 0.0023723 -0.0267531 0.0219036 0.0762552 0.0296835 0.00219589 0.0484645 0.0940531 0.105001 0.0425151 0.0122814 0.113353 -0.0403285 0.00814265
internal_weight=1637.27 1589.56 1582.92 6.88445 1576.03 1572.62 23.6087 20.6338 15.9926 9.55681 6.96108 6.43583 3.37452 1549.01 68.6318 25.4751 20.6221 43.1566 9.41428 5.61069 13.702 10.0385 5.81697 4.85301 3.66358 2.35708 4.13362 1.52432 33.7423 6.49229
internal_count=24513 12744 11737 217 11520 11491 247 220 186 74 55 112 80 11244 1253 395 350 858 146 108 194 130 72 45 64 50 81 43 712 107
is_linear=0
shrinkage=0.1


Tree=201
num_leaves=31
num_cat=0
split_feature=0 10 0 6 6 3 0 8 9 9 3 0 10 12 5 8 9 11 11 5 5 2 7 12 9 9 4 3 5 2
split_gain=5.27986 2.14832 1.58361 1.16184 2.4853 2.00065 3.74677 1.85381 1.54515 3.67054 1.0784 4.06683 3.44506 2.33176 3.97202 4.05921 2.03804 3.9844 3.66437 2.36648 2.19757 2.19419 3.02437 2.83514 1.94927 1.93922 3.73731 3.39938 1.89099 3.21779
threshold=45.500000000000007 19.500000000000004 49.500000000000007 12.500000000000002 10.500000000000002 3.5000000000000004 48.500000000000007 0.26043478260869574 232.97789855072466 228.57005797101453 8.5000000000000018 37.500000000000007 19.500000000000004 9.5000000000000018 4.5000000000000009 0.24417344173441732 139.16703431372551 1.5000000000000002 5.5000000000000009 1.5000000000000002 1.5000000000000002 5.5000000000000009 2.5000000000000004 1.5000000000000002 289.61327573392799 146.56632876167762 16.500000000000004 5.5000000000000009 1.0000000180025095e-35 6.5000000000000009
decision_type=2 2 2 2 2 2 2 2 2 2 2 2 2 2 2 2 2 2 2 2 2 2 2 2 2 2 2 2 2 2
left_child=10 -2 3 4 7 -6 -7 -3 9 -9 16 28 -13 14 15 -14 17 20 19 -19 -1 25 23 -23 -25 26 27 -18 29 -12
right_child=1 2 -4 -5 5 6 -8 8 -10 -11 11 12 13 -15 -16 -17 21 18 -20 -21 -22 22 -24 24 -26 -27 -28 -29 -30 -31
leaf_value=0.035731004634864949 -0.075267459465324732 -0.076238059129337746 -0.075509293880527892 -0.077332481316288851 0.20657238000773634 -0.077463614004722403 0.22365892566130485 -0.075871385148345238 -0.018484809682097147 0.34179156849068631 -0.0015518002178196437 -0.050384646018349938 0.21343224768072458 -0.075091550718475786 -0.028085473014655988 0.01498152650955455 -0.059540417365177935 0.018644956956061737 -0.027933635377817574 0.099901392148418991 -0.052658335665437553 0.057167925708119773 -6.5817866162817465e-05 -0.059662703570460079 -0.1682443983077106 0.0021981849134886438 -0.092628965482967118 0.068713065384935462 -0.0031076527813332869 0.050589265453311522
leaf_weight=4.5069624138995987 12.154757715470625 2.810851483140139 3.3448990348260841 1.4587473492138086 1.0251456871628764 1.1431275168433783 0.64713030401617277 0.38562945369631085 1.4217881383374331 0.46310562826693058 32.228611102327704 30.652475799201056 1.9727038387209157 2.2301836889237157 4.2334574712440372 2.1584870684891939 3.8342292276211065 5.2293658014386954 4.4390848120674482 11.392362361773847 7.4830641048029065 1.7876252415589977 21.805417672730982 9.8017589892260713 1.9887851774692524 2235.307248593308 6.2763188942335537 4.4828419201076031 329.39302579313517 18.705225382000208
leaf_count=25 4268 207 552 79 15 46 15 36 42 8 160 2028 17 17 38 31 20 27 23 48 34 18 126 124 8 14512 36 22 1837 94
internal_value=0.000666729 -0.0452152 -0.0164542 0.00465991 0.0198061 0.0951737 0.0313841 -0.0219523 0.0452521 0.152023 0.00108295 -0.00356941 -0.0333938 0.0157633 0.039987 0.109745 0.00192895 0.0265835 0.0527812 0.0743373 -0.0194334 0.00157238 -0.0231362 -0.0601853 -0.0779779 0.00196097 -0.0343738 0.00958729 -0.000334891 0.0175968
internal_weight=2764.76 24.8552 12.7004 9.35553 7.89678 2.8154 1.79026 5.08137 2.27052 0.848735 2739.91 421.574 41.2473 10.5948 8.36465 4.13119 2318.34 33.0508 21.0608 16.6217 11.99 2285.28 35.3836 13.5782 11.7905 2249.9 14.5934 8.31707 380.327 50.9338
internal_count=24513 5268 1000 448 369 76 61 293 86 44 19245 4222 2131 103 86 48 15023 157 98 75 59 14866 276 150 132 14590 78 42 2091 254
is_linear=0
shrinkage=0.1


Tree=202
num_leaves=31
num_cat=0
split_feature=0 1 7 9 13 9 5 2 8 13 7 9 6 8 8 8 1 13 7 9 1 6 9 9 5 9 6 0 12 13
split_gain=5.46665 6.13858 3.23447 2.46232 3.84839 2.13398 3.54154 3.41095 2.46353 2.65251 2.44135 2.11502 2.71995 3.27496 4.14288 5.55818 2.49355 2.28818 2.80892 2.14184 1.98735 2.28501 1.94435 1.90074 3.48158 1.79318 1.92922 3.78972 2.7155 1.74575
threshold=24.500000000000004 2.5000000000000004 1.0000000180025095e-35 406.13259259259263 1.1791443850267382 347.66613636363644 1.5000000000000002 3.5000000000000004 0.27100988700564976 1.297058823529412 6.5000000000000009 190.52561064794503 4.5000000000000009 0.37232102143182855 0.20948987246811704 0.18107302533532041 3.5000000000000004 1.1339285714285716 5.5000000000000009 346.12369047619057 1.5000000000000002 3.5000000000000004 344.52549206349209 272.97416666666669 1.0000000180025095e-35 398.16666666666669 4.5000000000000009 25.500000000000004 3.5000000000000004 1.5419580419580421
decision_type=2 2 2 2 2 2 2 2 2 2 2 2 2 2 2 2 2 2 2 2 2 2 2 2 2 2 2 2 2 2
left_child=1 2 -1 22 -5 6 -4 10 20 -10 -8 16 13 14 15 -13 17 -3 -19 -14 -7 -22 -2 -16 -25 26 27 -24 -29 -18
right_child=3 11 5 4 -6 8 7 -9 9 -11 -12 12 19 -15 23 -17 29 18 -20 -21 21 -23 25 24 -26 -27 -28 28 -30 -31
leaf_value=-0.069055178254260316 0.0016598213277140344 -0.065388780111034703 -0.064143560427315657 -0.019081676586030185 0.17824162747040859 -0.082068294648279971 0.017853265599894509 -0.046740701117945913 0.20679175607557587 -0.081400897237042455 0.1723555907669102 -0.017219734968885174 -0.088170625519970541 0.1736722808892428 -0.085485457077171631 0.1491371231378627 0.039091283258973306 -0.04194801457047409 0.11735150056894755 0.054211683572334496 -0.082462737153643717 0.21906358503389811 0.072190161489579061 0.22772435164102292 -0.078857690191787275 -0.13176068866123167 -0.0032227651247288703 0.024817102833719563 -0.11870859406826616 0.12737081906606493
leaf_weight=24.344273015856743 2686.2284931434551 3.8327296149218473 17.761243317625485 1.9621051128488027 1.9916217955760656 1.7344833506504065 10.517443681193983 9.9991379099665192 1.2954896803130393 0.42385917284991581 1.1328895036131132 5.3353136978694291 5.9428761512390329 1.1461985893547524 5.5289169649477108 3.2208507325849496 8.0437606056220812 2.1484267106279731 2.2832943927496672 1.2849479163996873 0.43159965489758179 0.60170758981257677 1.8641503960825483 0.60300877923145868 0.96028512337943539 1.4112743115983892 26.955619515152648 1.6942994866985825 5.9389774571172893 3.104684446938335
leaf_count=5460 15435 34 1036 80 49 191 430 192 69 38 7 99 139 17 100 35 63 35 17 18 41 7 46 9 56 58 546 53 121 32
internal_value=0.00056936 -0.021116 -0.0398205 0.00145709 0.0803165 -0.0236079 -0.0310475 -0.00389553 0.0417347 0.135746 0.0328772 0.00827111 -0.0115658 0.0105088 -0.00144247 0.045403 0.0328182 -0.00880781 0.0401257 -0.0628582 -0.0166648 0.0931198 0.00134263 -0.0579577 0.0394001 -0.02116 -0.0168781 -0.0556347 -0.0868513 0.0636759
internal_weight=2839.72 111.677 68.2421 2728.05 3.95373 43.8979 39.4107 21.6495 4.48714 1.71935 11.6503 43.4353 24.0224 16.7946 15.6484 8.55616 19.4129 8.26445 4.43172 7.22782 2.76779 1.03331 2724.09 7.09221 1.56329 37.8643 36.453 9.49743 7.63328 11.1484
internal_count=24513 8125 7471 16388 129 2011 1665 629 346 107 437 654 473 316 299 134 181 86 52 157 239 48 16259 165 65 824 766 220 174 95
is_linear=0
shrinkage=0.1


Tree=203
num_leaves=31
num_cat=0
split_feature=0 10 7 3 0 11 13 1 10 0 8 4 8 8 0 8 8 6 2 8 3 8 8 9 3 12 9 8 10 13
split_gain=19.804 1.92295 1.72265 1.43683 2.51526 2.3073 2.24218 2.1171 2.06865 3.29311 2.58493 2.71867 2.53249 2.294 2.31497 2.04522 2.23136 1.95697 1.70335 1.97988 1.42194 1.39543 2.1479 2.61466 4.20328 1.36045 1.41466 1.3096 1.77255 1.39556
threshold=31.500000000000004 22.500000000000004 8.5000000000000018 4.5000000000000009 36.500000000000007 1.5000000000000002 1.297058823529412 2.5000000000000004 18.500000000000004 43.500000000000007 0.30330086580086579 15.500000000000002 0.15831244778613199 0.18107302533532041 49.500000000000007 0.24467120181405894 0.21244358478401035 9.5000000000000018 1.5000000000000002 0.21595124536301008 2.5000000000000004 0.31455026455026464 0.22933743169398904 240.47593750000001 3.5000000000000004 9.5000000000000018 210.12683215130025 0.3917306052855925 12.500000000000002 0.94987468671679209
decision_type=2 2 2 2 2 2 2 2 2 2 2 2 2 2 2 2 2 2 2 2 2 2 2 2 2 2 2 2 2 2
left_child=2 3 -1 4 -2 6 21 8 17 -10 11 12 -11 -14 15 16 -15 18 -7 -20 -17 22 23 -6 -25 -4 -27 -5 -29 -30
right_child=1 -3 25 27 5 7 -8 -9 9 10 -12 -13 13 14 -16 20 -18 -19 19 -21 -22 -23 -24 24 -26 26 -28 28 29 -31
leaf_value=-0.075223338917368598 -0.076481495063460303 -0.076366387961943311 -0.075422973078881114 0.001976646863893065 -0.056057134782189377 -0.046004446095636378 -0.092907749615162794 -0.11697699076862487 -0.07738399950942286 -0.058410230538436629 -0.075935069977060496 -0.032393570122453821 0.13392285438611434 -0.031148831881207529 0.084150499406130688 0.033128581733807498 0.11121274389796117 0.078245143505161277 -0.01718216542711869 0.087656857761456361 -0.086758254322494954 0.077439204858619728 -0.072923140238463524 -0.046473393387898299 0.151830854479269 -0.0099603980594235846 0.16173133162454445 0.022477054190333755 -0.092610489127385467 -0.011968503538517999
leaf_weight=37.946896140754689 5.6114797021728 3.2129937815479925 1.5400736199226224 1607.0984120015055 3.5387529088184255 3.7139476062729972 5.16759019345045 1.4248275500722218 5.61878693033941 2.4839170873165228 3.4494929527863851 8.2469938322901708 2.7172322357073453 1.9392468649893979 5.6051861792802802 1.4955663755536077 2.547062523663044 6.5203809952363363 3.4636001149192452 3.7533275494351983 2.9227321445941925 1.4296569651924063 5.7368688061833382 1.9906260767020283 2.3083316683769226 1.4292937424033882 0.72248375741764892 4.3089871890842906 4.7288574529811722 3.9289545174688101
leaf_count=11511 665 436 246 10307 37 31 111 19 460 26 29 49 27 30 26 20 36 29 20 24 40 25 90 51 21 56 8 32 26 25
internal_value=-0.000741205 0.000922862 -0.068879 0.00106879 -0.0118716 -0.00710581 -0.0360977 0.00335563 0.00650286 -0.00687522 0.0057388 0.0158158 0.0359865 0.0495973 0.0338058 0.00211524 0.0496757 0.034887 0.00902349 0.0373418 -0.0461773 -0.0165318 -0.0264287 0.0076033 0.0600064 -0.00366889 0.0476871 0.00172126 -0.0299312 -0.0560148
internal_weight=1746.6 1704.96 41.6387 1701.75 81.6856 76.0741 20.1718 55.9023 54.4775 37.0262 31.4074 27.9579 19.7109 17.227 14.5098 8.90461 4.48631 17.4513 10.9309 7.21693 4.4183 15.0042 13.5746 7.83771 4.29896 3.69185 2.15178 1620.07 12.9668 8.65781
internal_count=24513 12692 11821 12256 1866 1201 335 866 847 743 283 254 205 179 152 126 66 104 75 44 60 224 199 109 72 310 64 10390 83 51
is_linear=0
shrinkage=0.1


Tree=204
num_leaves=31
num_cat=0
split_feature=0 4 2 7 9 9 4 1 12 8 9 11 9 7 9 9 0 7 3 5 13 0 12 4 9 3 9 8 12 13
split_gain=23.4636 2.54301 0.988678 2.50114 0.994228 0.864484 1.87844 0.810438 2.13411 1.62049 1.59767 1.96013 1.48995 1.27547 1.2697 0.863382 0.756663 3.02531 2.94914 2.74807 2.48301 3.3445 4.14617 4.92937 2.18958 1.79599 3.19004 2.27743 2.21448 1.7666
threshold=33.500000000000007 16.500000000000004 6.5000000000000009 1.5000000000000002 115.78878119429591 170.57696049528303 10.500000000000002 3.5000000000000004 9.5000000000000018 0.20794025157232701 151.26527126328958 2.5000000000000004 281.73331456456464 2.5000000000000004 238.77703656462589 244.45986772486773 29.500000000000004 -5.4999999999999991 1.5000000000000002 2.5000000000000004 1.4833333333333336 30.500000000000004 2.5000000000000004 7.5000000000000009 361.48801108801115 4.5000000000000009 291.64493055555562 0.34330357142857143 11.500000000000002 0.88194444444444453
decision_type=2 2 2 2 2 2 2 2 2 2 2 2 2 2 2 2 2 2 2 2 2 2 2 2 2 2 2 2 2 2
left_child=1 2 4 -4 -1 6 -5 16 10 -10 -9 13 14 -12 -13 -15 -6 18 24 -20 29 -22 -23 -24 -18 27 -27 28 -21 -19
right_child=-2 -3 3 5 7 -7 -8 8 9 -11 11 12 -14 15 -16 -17 17 20 19 25 21 22 23 -25 -26 26 -28 -29 -30 -31
leaf_value=0.054859851780983383 -0.072989898191335875 -0.062835683168326134 0.14686749863794638 0.13407245997319206 0.0018356822381243737 -0.082445097899424544 -0.078690313735162359 0.052323859747981566 -0.019512008565794044 0.10741419285794945 0.021807616762505786 -0.081179989175484968 -0.12620941377387376 -0.0076572684216127188 0.020549034781107159 -0.11130162929599684 0.036064287528354833 -0.016028068268344128 0.12208585751156083 -0.064236684338401101 -0.056467746247908637 0.19197399467905274 -0.051943835366016447 0.19994610045360492 0.15077919632538217 -0.076805556002218917 0.25861278168042418 0.10496676735963931 0.07763880556979455 -0.062638827830131666
leaf_weight=3.4454883616417638 44.312139441288309 6.2577165875118217 0.66304974956437845 0.66228714585304249 1479.2991980041843 4.2184902925509959 1.1111762151122091 2.0435407070908758 1.8740748278796662 2.1712596081197262 5.4497868982143718 3.1112721241079253 3.4257193091325462 1.6686254127416762 2.0257393540814519 1.5506314602680502 8.7063259179703909 16.772098571993411 1.4110058108344663 10.072853854857382 3.6288792239502055 1.8026593364775179 3.135829393286258 1.0327823595143852 2.0569865042343727 0.551022145198657 0.58412523008882999 1.0537790204398323 1.2350586201064295 15.783506874227895
leaf_count=29 11769 1007 9 3 9991 154 51 18 18 22 35 60 25 27 24 18 101 356 19 189 38 27 46 35 15 31 9 14 17 356
internal_value=-0.00121783 0.000786431 0.00103832 -0.0374241 0.00120096 -0.0578172 0.000764415 0.00108323 -0.0174197 0.0486133 -0.0312781 -0.0411926 -0.0751284 -0.00767306 -0.041064 -0.05758 0.00136214 -0.00896584 0.018098 -0.0107019 -0.0254466 0.0192458 0.0652587 0.0104624 0.0579876 -0.024584 0.0957943 -0.035638 -0.0487409 -0.0386258
internal_weight=1631.12 1586.8 1580.55 6.655 1573.89 5.99195 1.77346 1570.45 23.3206 4.04533 19.2753 17.2318 8.56273 8.66904 5.13701 3.21926 1547.13 67.8269 25.6712 14.9078 42.1558 9.60015 5.97127 4.16861 10.7633 13.4968 1.13515 12.3617 11.3079 32.5556
internal_count=24513 12744 11737 217 11520 208 54 11491 247 40 207 189 109 80 84 45 11244 1253 395 279 858 146 108 81 116 260 40 220 206 712
is_linear=0
shrinkage=0.1


Tree=205
num_leaves=31
num_cat=0
split_feature=0 10 0 6 6 8 13 4 1 8 0 8 4 0 10 8 8 13 8 12 0 11 10 5 5 4 13 9 7 9
split_gain=4.78789 2.07719 1.46428 1.04078 1.96727 1.66235 1.56589 1.34617 0.999672 4.02333 2.17868 1.46255 1.00276 0.968613 3.31836 1.88026 3.14574 1.77039 3.03559 1.86 2.95844 2.4782 2.06423 1.48419 1.10607 2.18007 1.10165 2.85836 2.86904 3.31535
threshold=45.500000000000007 19.500000000000004 49.500000000000007 12.500000000000002 10.500000000000002 0.26043478260869574 0.94987468671679209 15.500000000000002 5.5000000000000009 0.35781671159029654 29.500000000000004 0.22933743169398904 25.500000000000004 42.500000000000007 19.500000000000004 0.13819628647214852 0.18107302533532041 0.78888888888888908 0.20864427860696519 7.5000000000000009 44.500000000000007 3.5000000000000004 21.500000000000004 8.5000000000000018 9.5000000000000018 9.5000000000000018 0.29670329670329676 410.52061403508782 -6.4999999999999991 480.64579124579126
decision_type=2 2 2 2 2 2 2 2 2 2 2 2 2 2 2 2 2 2 2 2 2 2 2 2 2 2 2 2 2 2
left_child=8 -2 3 4 5 -3 -6 -7 13 10 11 -10 -12 24 23 -16 -17 18 -18 20 22 -21 -19 -15 26 -26 27 -1 -29 -30
right_child=1 2 -4 -5 6 7 -8 -9 9 -11 12 -13 -14 14 15 16 17 19 -20 21 -22 -23 -24 -25 25 -27 -28 28 29 -31
leaf_value=0.0092693762569909903 -0.075248590556791284 -0.076147084419516328 -0.075473068983163402 -0.07717305911466836 0.14198189080734119 0.089291372881780476 -0.0039774622621040617 -0.077040034347712699 0.022181466020340532 0.11381935194162728 -0.086225584801504787 -0.042798183015875665 0.025846594760361004 -0.075481249585640106 0.092803649273466737 -0.083804451473788039 0.066269148121961524 -0.06193644661968839 -0.079863282265352761 0.0934396321249647 0.074415223459142643 -0.0021076607932681004 0.022751314546872098 0.084096534294415187 -0.014946879232076358 0.07372417501965367 0.00053585870711094635 0.057197924503069236 -0.066642723205930024 0.024755653502952783
leaf_weight=307.35239763045684 11.265800200344531 2.6059712045826 3.1010929802432647 1.3547488101758061 1.7639765441417696 1.6432978319935503 1.2600612873211501 0.69125710381194938 7.444094613194471 2.0731554764788589 7.0807973251212379 6.4781990647315979 0.89981933846138407 9.0519666306208784 2.0718203643336883 4.4729751609265795 1.9723557904362667 7.311561821028592 5.0898421769961715 5.8340234886854869 3.6261834986507884 5.076762467622757 4.7467000745236874 0.62294195499271232 5.1433242782950384 6.0158122461289167 2319.3034493904561 3.4501710901968208 14.46647565951571 5.4691383484750977
leaf_count=1978 4268 207 552 79 35 36 41 50 28 14 143 26 33 1224 17 53 31 76 123 28 38 33 28 38 27 38 15061 21 141 46
internal_value=0.00061185 -0.0441545 -0.015951 0.0038556 0.0176383 -0.0212446 0.0811633 0.040041 0.000999538 -0.01933 -0.0319329 -0.00805429 -0.0735894 0.00117933 -0.0126274 2.60129e-05 -0.00501507 0.00545581 -0.0390509 0.0172743 -0.00478278 0.0489817 -0.0285994 -0.0652065 0.0014381 0.0328551 0.0013058 0.00670505 -0.0269972 -0.0415685
internal_weight=2758.74 23.6862 12.4204 9.31931 7.96456 4.94053 3.02404 2.33455 2735.05 23.9761 21.9029 13.9223 7.98062 2711.08 49.8771 40.2022 38.1304 33.6574 7.0622 26.5952 15.6844 10.9108 12.0583 9.67491 2661.2 11.1591 2650.04 330.738 23.3858 19.9356
internal_count=24513 5268 1000 448 369 293 76 86 19245 244 230 54 176 19001 1689 427 410 357 154 203 142 61 104 1262 17312 65 17247 2186 208 187
is_linear=0
shrinkage=0.1


Tree=206
num_leaves=31
num_cat=0
split_feature=10 0 8 0 9 3 7 10 5 2 12 0 13 9 13 0 9 3 4 4 0 12 8 2 4 11 0 3 0 0
split_gain=4.99534 7.48647 1.6175 1.3851 1.24489 1.87397 2.14248 1.33961 1.04003 2.15276 4.22329 2.56245 1.99791 1.88977 1.43462 1.31731 1.28148 1.7895 1.9868 1.09084 2.237 1.00161 3.10229 3.84911 3.29649 2.65579 2.93388 5.35503 2.61225 2.19874
threshold=7.5000000000000009 27.500000000000004 0.069366479550922219 19.500000000000004 239.62694122694128 5.5000000000000009 1.0000000180025095e-35 8.5000000000000018 2.5000000000000004 1.5000000000000002 6.5000000000000009 35.500000000000007 0.62828947368421062 406.13259259259263 0.88194444444444453 31.500000000000004 327.30582908885123 3.5000000000000004 10.500000000000002 8.5000000000000018 34.500000000000007 11.500000000000002 0.27055180180180188 2.5000000000000004 26.500000000000004 1.5000000000000002 44.500000000000007 9.5000000000000018 28.500000000000004 41.500000000000007
decision_type=2 2 2 2 2 2 2 2 2 2 2 2 2 2 2 2 2 2 2 2 2 2 2 2 2 2 2 2 2 2
left_child=1 -1 -3 4 5 6 -2 -8 9 10 11 -4 -12 16 19 -16 17 -11 -19 20 -10 -5 23 -23 25 26 -25 -28 -24 -30
right_child=3 2 8 21 -6 -7 7 -9 14 13 12 -13 -14 -15 15 -17 -18 18 -20 -21 -22 22 28 24 -26 -27 27 -29 29 -31
leaf_value=-0.075231603767064448 -0.075597566608846659 0.13171266881782331 -0.081201462156609797 0.0017940641028319913 -0.07556504036160866 -0.0761195161094807 0.01603918853928285 0.17498016741627484 -0.082314701391719092 0.10438549085162147 0.054321114049299117 0.071832312082720048 0.19370214112542639 0.12406909223403162 -0.076040628993503598 0.012238119565082597 -0.08761577920950625 -0.088220065819622065 0.043796040279279275 -0.084720807326457731 0.041343484989283287 -0.027369969302918601 -0.096106024658839273 -0.028826477404264812 -0.079656477641110154 0.027595973902480194 0.13528675690839137 -0.035002909180337036 0.0064165209202722874 -0.044677059789377888
leaf_weight=21.430491156759672 0.99550665821879958 0.87032849900424381 2.6614088369533437 2593.2099508182146 4.4364846667740494 2.1245847293175757 0.98006589664146337 1.1554696536622939 2.8684493117034453 1.1610126043669842 2.1269495892338455 1.8580344617366789 1.9911814914084969 0.82931595016270954 1.9435594868846227 12.974352357909082 2.948488547699526 2.786342122592032 1.9293585284613071 4.5015860171988606 2.9855808243155479 34.065427962690592 5.3018184145912519 20.770137545652691 3.7694265492027617 60.731053841067478 3.4611294548958531 3.9588663917966187 15.923594049178062 17.879624483757652
leaf_count=7208 129 18 129 14436 595 166 46 26 121 25 36 9 27 15 210 104 94 79 34 49 17 195 43 83 41 309 21 48 82 118
internal_value=0.000532163 -0.0266851 -0.00327223 0.00117964 -0.0365575 -0.00362973 0.0455586 0.102037 -0.00596888 0.0121927 0.0484616 -0.0182862 0.121714 -0.020256 -0.0191136 0.000736845 -0.0338184 -0.00682697 -0.0342076 -0.0477093 -0.0192485 0.0013122 -0.00622162 0.00137466 0.0119388 0.0158216 -0.00954436 0.0444304 -0.0308444 -0.0206085
internal_weight=2834.63 65.8664 44.4359 2768.76 9.69211 5.25563 3.13104 2.13554 43.5656 18.2921 8.63757 4.51944 4.11813 9.65452 25.2735 14.9179 8.8252 5.87671 4.7157 10.3556 5.85403 2759.07 165.861 126.756 92.6906 88.9212 28.1901 7.42 39.105 33.8032
internal_count=24513 8175 967 16338 962 367 201 72 949 448 201 138 63 247 501 314 232 138 113 187 138 15376 940 697 502 461 152 69 243 200
is_linear=0
shrinkage=0.1


Tree=207
num_leaves=31
num_cat=0
split_feature=0 10 10 10 1 6 1 7 3 7 5 8 11 3 9 3 11 12 8 0 0 9 7 12 9 10 9 7 8 4
split_gain=18.3137 1.98318 1.92584 1.33434 5.09737 2.93048 3.54353 6.29356 4.68733 4.15523 4.0795 3.74436 3.66753 3.49138 3.70685 7.33961 4.44632 3.971 5.90092 8.59898 9.99819 7.39295 5.60593 3.63605 4.75556 5.40055 3.36397 4.49456 4.02701 5.13359
threshold=30.500000000000004 8.5000000000000018 22.500000000000004 15.500000000000002 5.5000000000000009 4.5000000000000009 4.5000000000000009 5.5000000000000009 13.500000000000002 10.500000000000002 5.5000000000000009 0.23706512042818909 1.5000000000000002 15.500000000000002 151.26527126328958 11.500000000000002 1.0000000180025095e-35 8.5000000000000018 0.22886904761904758 44.500000000000007 40.500000000000007 175.35273550724642 1.5000000000000002 4.5000000000000009 180.46468456948 13.500000000000002 226.76485042735047 -1.4999999999999998 0.20611577964519137 22.500000000000004
decision_type=2 2 2 2 2 2 2 2 2 2 2 2 2 2 2 2 2 2 2 2 2 2 2 2 2 2 2 2 2 2
left_child=-1 -2 3 5 -5 -3 12 8 10 -9 -8 -11 13 14 15 -7 -17 23 21 20 -20 -19 -23 26 25 -25 27 -16 -29 -30
right_child=1 2 -4 4 -6 6 7 9 -10 11 -12 -13 -14 -15 17 16 -18 18 19 -21 -22 22 -24 24 -26 -27 -28 28 29 -31
leaf_value=-0.070761838142360298 -0.07651713292175133 -0.0059888312850605654 -0.076196780942147199 -0.0030091781017771695 0.051903828146917269 0.088009630512419557 -0.033967634795333032 0.036246305328227965 0.055926839417078524 0.018838397582688255 -0.11419839748186474 -0.15783154225693052 0.014847560277610229 -0.088439805426445056 0.049521790322171494 0.034070903585009915 -0.070488803906000222 0.11243289835638676 -0.092825799321131608 -0.17451263397406261 0.096112773136698582 0.029429745434186579 -0.10648421591026824 0.04431519455424264 0.057763194064000406 -0.070826138504181499 -0.071109688271426205 -0.052108622774086455 -0.017336592703655829 0.073339586313955471
leaf_weight=36.521170844498556 3.3105240270961067 228.37808675854467 3.2291096979752174 791.40247857675422 17.273200352326967 13.153556029312314 24.858279733452946 24.931810118258003 4.3513763730879864 2.5197693062946191 8.5062647589948011 2.2898021857254207 411.48583893873729 4.5764868755359194 13.155654165195299 9.2012084552552569 7.2885626384522757 4.76268147164956 8.1451607365161198 5.8975000055506817 4.2685770243406287 6.4509736211039108 5.7305376892909408 8.1303895739838499 22.201667696470395 8.1639671560842526 8.087034074822439 19.353614502586424 25.105763380415738 8.3103011385537666
leaf_count=11324 431 1435 518 6711 189 75 149 172 33 21 45 23 2438 37 78 43 37 27 60 43 14 34 31 45 129 39 46 86 139 61
internal_value=-0.000694984 0.000806274 0.000956744 0.00110347 -0.00183624 0.00377665 0.00715104 -0.0145673 -0.0416911 0.0198293 -0.0544224 -0.0652729 0.00961967 -0.00220118 2.34746e-05 0.0322963 -0.012145 -0.00645088 -0.0357359 -0.0750907 -0.0278575 0.00679411 -0.0345081 0.00272582 0.0276526 -0.0133741 -0.0102394 -0.00277242 -0.0158095 0.00521383
internal_weight=1741.04 1704.52 1701.21 1697.98 808.676 889.305 660.927 67.4573 37.7159 29.7414 33.3645 4.80957 593.469 181.984 177.407 29.6433 16.4898 147.764 35.2554 18.3112 12.4137 16.9442 12.1815 112.508 38.496 16.2944 74.0124 65.9253 52.7697 33.4161
internal_count=24513 13189 12758 12240 6900 5340 3905 443 227 216 194 44 3462 1024 987 155 80 832 209 117 74 92 65 623 213 84 410 364 286 200
is_linear=0
shrinkage=0.1


Tree=208
num_leaves=31
num_cat=0
split_feature=0 4 2 7 9 9 4 9 12 9 12 7 13 1 12 11 9 10 11 9 7 4 9 13 8 9 9 4 4 7
split_gain=21.6761 2.30899 0.892774 2.15152 0.84076 0.808345 1.63248 0.750209 2.54205 2.3818 2.61771 2.20011 1.58555 1.08836 2.25301 1.69317 1.34391 1.20968 1.51189 1.18479 1.10442 0.947045 0.748824 3.33376 0.730504 1.1226 0.709964 3.72439 3.1815 2.83373
threshold=33.500000000000007 16.500000000000004 6.5000000000000009 1.5000000000000002 115.78878119429591 170.57696049528303 10.500000000000002 146.56632876167762 6.5000000000000009 156.74375000000003 5.5000000000000009 3.5000000000000004 0.89444444444444449 3.5000000000000004 9.5000000000000018 2.5000000000000004 272.0478070175439 4.5000000000000009 1.0000000180025095e-35 238.77703656462589 2.5000000000000004 11.500000000000002 160.89314814814819 1.2344322344322347 0.14670014347202293 199.54670849245323 354.06578947368428 1.5000000000000002 3.5000000000000004 -4.4999999999999991
decision_type=2 2 2 2 2 2 2 2 2 2 2 2 2 2 2 2 2 2 2 2 2 2 2 2 2 2 2 2 2 2
left_child=1 2 4 -4 -1 6 -5 8 21 10 11 -9 -10 22 15 17 19 -15 -19 -17 -20 -6 23 -11 25 -3 27 -24 29 -29
right_child=-2 24 3 5 7 -7 -8 9 12 13 -12 -13 -14 14 -16 16 -18 18 20 -21 -22 -23 26 -25 -26 -27 -28 28 -30 -31
leaf_value=0.050226808297776294 -0.072799595064951636 -0.076892255862475584 0.12973940172371262 0.12113975534555702 -0.027823088402850339 -0.081948241216883377 -0.078451743750734715 0.037589718167098642 -0.033658061344164623 0.065306753488823324 -0.012697692408650776 0.17759149268585231 0.095829673901690948 0.044963852118132294 0.044813688817833257 -0.079147714193346763 -0.11834542970083527 -0.10333919388045772 0.062223595884480759 0.023386071964953459 -0.048132707539638546 -0.097386502187241306 -0.085491314345975011 -0.14183398333425337 -0.076749591612056189 0.14723843588315391 -0.0023482847829780704 0.042811670957009502 0.0015251621458294209 0.0041777358945520827
leaf_weight=3.4746786691248408 41.160103136789985 0.51313664042390783 0.69320457754656573 0.67705407738685597 4.8973363554105145 3.9284314627293497 1.038134421687573 2.3007012631278476 1.6078138891607516 1.4251025365665548 3.1778879973571748 2.1918377662077546 2.2960688211023808 2.9241207726299816 4.0722158104181281 2.6667495914734882 3.4449836285784841 2.0309916671831161 1.7299826210364702 1.9517632080242036 1.905982212629169 3.2597470008768141 4.7810870264656833 1.7083814446814356 4.9912849478423595 0.39587821112945676 393.79462818382308 36.477547713555396 1049.9580707421992 39.59167072782293
leaf_count=29 11769 82 9 3 27 154 51 29 21 32 38 35 26 19 38 56 28 18 12 21 31 84 49 13 905 20 2771 239 7471 433
internal_value=-0.00115529 0.000706493 0.000939962 -0.0365195 0.001091 -0.056941 0.000335071 0.000982124 -0.023862 0.00117468 0.0567612 0.105894 0.0425002 0.000899329 -0.0218618 -0.0381647 -0.071076 -0.00727448 -0.0342292 -0.0358174 0.00437453 -0.0556221 0.00120813 -0.0476268 -0.0617336 0.0207172 0.0013085 0.00258194 0.0029559 0.0227039
internal_weight=1625.07 1583.91 1578.01 6.33682 1571.67 5.64362 1.71519 1568.19 12.061 1556.13 7.67043 4.49254 3.90388 1548.46 20.7268 16.6546 8.0635 8.59108 5.66696 4.61851 3.63596 8.15708 1527.74 3.13348 5.9003 0.909015 1524.6 1130.81 1126.03 76.0692
internal_count=24513 12744 11737 217 11520 208 54 11491 158 11333 102 64 47 11231 223 185 105 80 61 77 43 111 11008 45 1007 102 10963 8192 8143 672
is_linear=0
shrinkage=0.1


Tree=209
num_leaves=31
num_cat=0
split_feature=0 10 0 6 6 8 12 11 9 0 10 0 5 3 4 4 8 8 12 12 12 12 9 9 8 13 13 0 8 6
split_gain=4.33024 2.01601 1.36249 0.944272 1.57933 1.50855 1.293 1.53365 1.18793 0.93374 3.14528 2.33374 1.79214 6.80479 1.77739 2.89703 2.70319 3.87347 3.39241 3.51849 3.2578 4.34268 2.33494 3.66366 3.9499 3.35054 3.64298 4.47227 3.01454 2.97093
threshold=45.500000000000007 19.500000000000004 49.500000000000007 12.500000000000002 10.500000000000002 0.26043478260869574 2.5000000000000004 2.5000000000000004 232.97789855072466 34.500000000000007 18.500000000000004 41.500000000000007 7.5000000000000009 6.5000000000000009 13.500000000000002 20.500000000000004 0.28918128654970759 0.16405676535356004 3.5000000000000004 7.5000000000000009 1.5000000000000002 3.5000000000000004 243.40676843317974 196.83293559516966 0.20431354359925788 0.25833333333333336 1.5857142857142861 39.500000000000007 0.20483682983682983 9.5000000000000018
decision_type=2 2 2 2 2 2 2 2 2 2 2 2 2 2 2 2 2 2 2 2 2 2 2 2 2 2 2 2 2 2
left_child=9 -2 3 4 5 -3 -6 -8 -7 -1 11 -11 -13 -14 -12 16 17 20 -18 -20 -16 -22 23 24 -19 -25 27 -27 -24 -26
right_child=1 2 -4 -5 6 8 7 -9 -10 10 14 12 13 -15 15 -17 18 22 19 -21 21 -23 28 25 29 26 -28 -29 -30 -31
leaf_value=0.0018250326329201571 -0.07523038512471758 -0.076066246719882311 -0.075439603778584441 -0.077064299317204141 0.15092431062260994 0.12378862883576379 -0.077556379467428493 0.098651226458575381 -0.020692260302297857 -0.011172625588410678 -0.0013094848924020859 -0.063313073004160558 0.38892071079051688 -0.07631675051539015 -0.12504929758091307 -0.088017956430190836 -0.08859135142671129 0.1603063925144427 0.075805416792966124 -0.045729726111280899 0.086416628002349644 -0.066411254477505108 0.004916700110304267 0.11855526040586957 0.10644269074402549 0.037065970103477404 0.10178633722931132 -0.069871461095490917 0.12398607657454502 -0.086449721615258379
leaf_weight=2210.910279141739 10.446686924376992 2.4195059782359731 2.8811471415101542 1.2643601845484216 1.2253694385290148 0.9363581603392962 0.8876992282457653 1.1135625690221784 1.4508066801354287 121.15593386767432 318.06207650993019 14.218097667675464 0.42927054036408563 1.1747383084148166 2.3960610739886743 2.5313137387856832 4.5403616544790557 3.9751665787771371 4.8760846955701691 4.6571761085651815 3.6716934088617563 3.7667848407290876 3.0466655669733864 2.5502378144301501 1.6131869973614814 7.0539234690368202 2.7858111243695012 8.7769005508162063 7.0384184601716697 1.5810395069420335
leaf_count=13257 4268 207 552 79 11 44 33 32 42 2382 1404 1465 18 82 18 64 42 30 35 45 28 44 18 21 22 31 18 139 49 33
internal_value=0.000567373 -0.0430004 -0.0153543 0.00326489 0.0159079 -0.0204201 0.0700252 0.0204909 0.0359799 0.000928343 -0.00288488 -0.0158896 -0.052009 0.0481917 0.00176711 0.016854 0.0211131 0.0323596 -0.0174493 0.0164332 -0.0236399 0.00902583 0.0466935 0.0319867 0.0937703 0.0110601 -0.00366537 -0.0222221 0.0880157 0.0109671
internal_weight=2753.44 22.6255 12.1788 9.29766 8.0333 4.80667 3.22663 2.00126 2.38716 2730.81 519.901 136.978 15.8221 1.60401 382.923 64.8608 62.3295 48.2559 14.0736 9.53326 9.83454 7.43848 38.4214 28.3363 7.16939 21.1669 18.6166 15.8308 10.0851 3.19423
internal_count=24513 5268 1000 448 369 293 76 65 86 19245 5988 3947 1565 100 2041 637 573 451 122 80 90 72 361 294 85 209 188 170 67 55
is_linear=0
shrinkage=0.1


Tree=210
num_leaves=31
num_cat=0
split_feature=0 7 10 0 8 9 8 9 0 9 12 8 4 9 8 4 12 7 10 12 12 9 9 13 1 8 0 6 9 3
split_gain=4.4723 2.30589 2.03384 4.23064 1.74478 2.12516 2.11884 1.42744 2.60404 1.38184 3.19142 2.1832 2.94719 2.87645 2.28933 2.06805 1.7207 1.62665 1.49586 2.20394 1.37562 1.28782 3.87293 1.25485 1.23092 2.32788 1.50129 1.4236 1.15688 1.27082
threshold=21.500000000000004 4.5000000000000009 6.5000000000000009 27.500000000000004 0.28345771144278614 148.51445512820516 0.30707196029776679 198.92840654608099 20.500000000000004 310.06151623321438 6.5000000000000009 0.29289318755256516 5.5000000000000009 347.66613636363644 0.22767145135566183 6.5000000000000009 2.5000000000000004 -1.4999999999999998 1.0000000180025095e-35 7.5000000000000009 9.5000000000000018 196.25948961156283 195.60976535541758 1.2344322344322347 1.5000000000000002 0.20483682983682983 34.500000000000007 9.5000000000000018 318.48066603535364 4.5000000000000009
decision_type=2 2 2 2 2 2 2 2 2 2 2 2 2 2 2 2 2 2 2 2 2 2 2 2 2 2 2 2 2 2
left_child=1 21 3 -2 7 -6 -7 -3 -9 18 15 12 -12 14 20 -11 17 -17 19 24 -14 22 -1 -8 25 -5 27 -27 -18 -30
right_child=2 4 -4 9 5 6 23 8 -10 10 11 -13 13 -15 -16 16 28 -19 -20 -21 -22 -23 -24 -25 -26 26 -28 -29 29 -31
leaf_value=-0.045711281902396761 -0.075271497683284672 -0.079689351940191472 0.0012876366076068522 -0.082087383062397226 -0.078142069856575333 0.19007723663154835 0.13252185124104987 -0.076783519119733856 0.17605047117476338 -0.078167029191870893 0.18448699158726878 -0.079324384837214046 0.084449263133802507 -0.08283763908517966 0.16672223266986061 0.084972684674601381 0.037480837866204479 -0.037979746708095202 -0.072340038851069946 -0.089821858128597776 -0.026526166885487836 -0.065185742912152886 0.22983650194594354 -0.07917872341189798 0.071634180297477229 -0.084518091000775619 0.11028744561221437 0.063961637707895522 -0.095097497726933669 0.020987117232183283
leaf_weight=3.1326045376481555 10.504832784878088 2.5821180231869212 2746.1651219659252 2.6267613070085662 0.80984126124531064 1.4079240655992182 0.47399823297746457 0.88484428939409532 0.75489136064425111 4.2831696528010097 1.7589384729508291 1.1315935505554069 2.403320831945166 1.5082427277229724 1.7860995526425538 3.4747328066732734 1.7234979113563893 1.5586965312249939 5.0409270001109681 2.5707775119226417 2.0868938066996634 18.441263952641748 0.60930305905640114 0.68408272671513259 2.7027767561376095 1.2973638672847303 1.7049796171486375 1.2856253087520597 3.0444159025792032 1.3662694548256693
leaf_count=356 2316 76 15214 32 23 17 24 62 15 241 38 49 32 40 27 33 20 40 135 43 28 5425 7 24 33 32 8 11 73 39
internal_value=0.000500205 -0.0380476 0.000910197 -0.0183344 0.00949921 0.0630899 0.107663 -0.0333526 0.0396146 -0.00453864 0.00995927 0.0520073 0.0675796 0.0411641 0.0709626 -0.0190921 0.00356516 0.0468981 -0.0265229 -0.00757342 0.0328718 -0.0543323 -0.000843229 0.00746954 0.0144117 -0.00795492 0.0374578 -0.0106156 -0.0319919 -0.0591387
internal_weight=2829.81 29.7809 2800.03 53.8599 7.5977 3.37585 2.56601 4.22185 1.63974 43.3551 26.1259 10.6751 9.5435 7.78456 6.27631 15.4508 11.1676 5.03343 17.2292 12.1883 4.49021 22.1832 3.74191 1.15808 9.61751 6.91473 4.28797 2.58299 6.13418 4.41069
internal_count=24513 6029 18484 3270 241 88 65 153 77 954 660 214 165 127 87 446 205 73 294 159 60 5788 363 48 116 83 51 43 132 112
is_linear=0
shrinkage=0.1


Tree=211
num_leaves=31
num_cat=0
split_feature=0 9 6 0 1 10 4 2 9 4 9 9 6 3 13 12 13 0 4 5 0 8 9 9 0 7 11 13 4 9
split_gain=16.8663 1.86659 1.66968 2.23391 2.16638 2.61078 1.50673 1.32502 1.99076 2.12593 1.67482 1.68997 3.1964 3.96513 3.45803 1.68378 1.09992 1.4903 5.05408 1.52596 2.06048 1.06682 1.931 1.14152 2.74296 2.81269 4.4803 6.44399 2.65616 2.4965
threshold=30.500000000000004 297.19694548872184 9.5000000000000018 39.500000000000007 1.0000000180025095e-35 14.500000000000002 11.500000000000002 10.500000000000002 140.8333703703704 21.500000000000004 115.78878119429591 126.47813870614037 3.5000000000000004 12.500000000000002 1.1055555555555558 9.5000000000000018 1.9285714285714286 40.500000000000007 15.500000000000002 3.5000000000000004 47.500000000000007 0.40175438596491231 222.48050435227856 215.47618055555554 37.500000000000007 1.0000000180025095e-35 4.5000000000000009 1.1339285714285716 14.500000000000002 224.19538824538827
decision_type=2 2 2 2 2 2 2 2 2 2 2 2 2 2 2 2 2 2 2 2 2 2 2 2 2 2 2 2 2 2
left_child=-1 7 3 -3 6 -6 -5 10 -9 -10 15 12 -12 14 -14 -2 21 18 -18 -19 -21 23 -23 -13 25 -25 28 -28 -27 -26
right_child=1 2 -4 4 5 -7 -8 8 9 -11 11 16 13 -15 -16 -17 17 19 -20 20 -22 22 -24 24 29 26 27 -29 -30 -31
leaf_value=-0.070330461220598911 -0.061873064758652951 -0.077569268918746007 -0.081963661377750407 -0.0032469958343146776 0.050020899883163619 -0.066087098812215875 0.14438983219105039 -0.021458122528659907 -0.029225770896487729 0.084989839418398952 -0.052989336329749608 -0.00044711778583572144 0.18117903078336656 0.0054951340922106805 0.031083296332508465 0.024649112718776595 -0.077081315740128109 -0.11808461310735084 0.2119111212743312 -0.087142989686189679 0.026688314795318319 -0.0012108538829844627 -0.10210074356358297 -0.068335594878735015 0.021285040072490262 0.085367897861515052 -0.0036894374638578318 0.26120440027161845 -0.044657333453387592 0.0031933263840058174
leaf_weight=34.04043877593358 8.0569468236062658 3.978617396438497 4.696362741990014 1.1622154458891585 3.3624921115115285 4.5669946221169084 1.7059178072959182 4.6491178711876264 2.1145904967561346 7.1063867481425405 3.5111187836155322 1171.7590528312139 3.3921211557462794 7.6054890584200621 2.8035608774516732 3.1202794732525936 1.5275528249330812 2.37972285132855 1.0021863235160706 2.8827532394789159 3.5464605651795864 5.8319411429110897 2.8117232150398195 9.7155902294907737 100.0508948310744 1.8010227803606564 2.5395099997986104 1.4385898592881856 12.305542720947413 320.93744639656506
leaf_count=11324 57 648 296 52 17 66 8 32 13 115 21 7304 28 41 23 16 169 24 14 70 20 45 27 671 672 47 43 19 136 2495
internal_value=-0.000633661 0.000759996 -0.0300232 -0.0135149 0.0100873 -0.0168516 0.0845649 0.00111619 0.0318966 0.0587975 0.000860392 0.0011205 0.0322006 0.0538736 0.11326 -0.0377192 0.000792512 -0.0302454 0.0374065 -0.0496736 -0.0243518 0.00100853 -0.0340296 0.00119541 0.00548396 -0.0249389 -0.00162494 0.0921034 -0.0280567 0.00749295
internal_weight=1736.4 1702.36 19.4726 14.7762 10.7976 7.92949 2.86813 1682.89 13.8701 9.22098 1669.02 1657.84 17.3123 13.8012 6.19568 11.1772 1640.53 11.3387 2.52974 8.80894 6.42921 1629.19 8.64366 1620.55 448.789 27.8003 18.0847 3.9781 14.1066 420.988
internal_count=24513 13189 1087 791 143 83 60 12102 160 128 11942 11869 113 92 51 73 11756 297 183 114 90 11459 72 11387 4083 916 245 62 183 3167
is_linear=0
shrinkage=0.1


Tree=212
num_leaves=31
num_cat=0
split_feature=0 4 2 7 9 8 9 10 0 8 9 6 9 11 4 7 8 3 8 9 8 4 1 9 10 8 0 8 9 3
split_gain=20.0493 2.11393 0.807527 1.85698 0.760085 1.4831 0.71302 0.711727 4.43685 1.86539 3.9499 4.94015 5.60084 3.38512 3.15651 4.7818 7.02332 3.95344 3.03933 2.79196 2.91009 2.58913 2.54648 2.98678 2.79746 2.40526 2.32941 2.5398 5.01521 3.23135
threshold=33.500000000000007 16.500000000000004 6.5000000000000009 1.5000000000000002 170.57696049528303 0.1575187969924812 115.78878119429591 6.5000000000000009 15.500000000000002 0.22933743169398904 225.86830065359479 2.5000000000000004 203.89068040780145 4.5000000000000009 7.5000000000000009 -4.4999999999999991 0.16035714285714289 5.5000000000000009 0.22684391080617491 398.16666666666669 0.31455026455026464 9.5000000000000018 1.5000000000000002 249.61267361111115 7.5000000000000009 0.088562091503267909 13.500000000000002 0.19657494145199064 216.87142547928264 7.5000000000000009
decision_type=2 2 2 2 2 2 2 2 2 2 2 2 2 2 2 2 2 2 2 2 2 2 2 2 2 2 2 2 2 2
left_child=1 2 6 -4 5 -5 -1 8 -8 10 11 12 21 -14 17 16 -16 18 22 -11 -21 -9 -12 -24 -25 -17 -13 -28 29 -29
right_child=-2 -3 3 4 -6 -7 7 9 -10 19 14 26 13 -15 15 25 -18 -19 -20 20 -22 -23 23 24 -26 -27 27 28 -30 -31
leaf_value=0.046114244866058723 -0.072597941608056341 -0.061037436508932022 0.11461540510396742 0.11157724271490482 -0.081498849979325161 -0.080248314330550366 0.075552875379982509 0.075528193467890886 0.002005248425542941 0.0012944812046056424 -0.0022229505600118147 0.087199302436250237 0.2521921624157224 0.074659047692442013 0.19596111785319489 0.036682167323576952 -0.034213725855141153 0.070914942261753947 -0.10140352535053199 0.06276680291211223 -0.040677998093592876 -0.024772898252096668 0.036834178957647311 0.013965055147496476 -0.073797021694332068 -0.047837009371920737 -0.024134367651872067 0.039288657774182403 0.20488738918440219 -0.12374604873796669
leaf_weight=3.5012330692261449 38.240164996241219 5.530294169439002 0.72428389824926753 0.69392113620415308 3.6599695608019829 0.96152735617943108 8.2739989743567985 5.290485627949236 946.87299589766189 304.65944481245242 143.87942128814757 2.7280496638268223 2.1294443565420798 2.1669911118224263 2.1658809385262421 3.6096443049609652 3.4171146340668201 6.3819920448586336 3.5050783902406684 13.933990442194046 3.3789716484025112 5.0115183379966766 4.4928234238177565 4.7400852460414198 15.537356966640798 50.102556593948975 26.34117126907222 5.5168917069677246 1.4959706277586517 1.5592972063459454
leaf_count=29 11769 1007 9 9 154 45 890 29 6091 2218 897 26 28 15 23 25 37 33 14 83 25 73 22 30 81 426 296 69 17 43
internal_value=-0.00104884 0.000680365 0.000896836 -0.0355985 -0.0560668 0.000159991 0.00103717 0.000936464 0.00264236 -0.00172573 -0.00754206 0.0173565 0.0667363 0.16265 -0.013011 -0.0330015 0.0550809 -0.00637186 -0.00923698 0.00351433 0.0425775 0.0267357 -0.00732146 -0.0369364 -0.0532816 -0.042157 -0.0017944 -0.00874817 0.0385317 0.0033626
internal_weight=1620.5 1582.26 1576.73 6.0397 5.31542 1.65545 1570.69 1567.19 955.147 612.044 290.072 52.2398 14.5984 4.29644 237.832 59.2952 5.583 178.537 172.155 321.972 17.313 10.302 168.65 24.7703 20.2774 53.7122 37.6414 34.9133 8.57216 7.07619
internal_count=24513 12744 11737 217 208 54 11520 11491 6981 4510 2184 596 145 43 1588 511 60 1077 1044 2326 108 102 1030 133 111 451 451 425 129 112
is_linear=0
shrinkage=0.1


Tree=213
num_leaves=31
num_cat=0
split_feature=0 10 0 1 13 0 12 9 13 6 8 9 4 4 3 6 4 4 3 2 7 7 9 12 4 8 2 11 8 8
split_gain=3.89763 1.95685 1.26819 0.934333 3.99383 3.26393 2.07191 2.43426 1.91177 1.6661 1.82121 1.59417 1.48053 2.96161 1.42612 1.15832 3.76758 1.09867 1.86553 3.77047 2.08375 1.99728 4.00775 2.25862 3.26297 2.19819 1.49205 2.70714 5.23886 2.91306
threshold=45.500000000000007 19.500000000000004 49.500000000000007 4.5000000000000009 1.788888888888889 29.500000000000004 1.5000000000000002 115.78878119429591 1.3798076923076925 4.5000000000000009 0.27543103448275869 106.83598214285716 25.500000000000004 26.500000000000004 10.500000000000002 2.5000000000000004 20.500000000000004 25.500000000000004 15.500000000000002 7.5000000000000009 11.500000000000002 9.5000000000000018 236.86700680272114 8.5000000000000018 19.500000000000004 0.21103238866396759 6.5000000000000009 3.5000000000000004 0.16172624237140362 0.18624359479700434
decision_type=2 2 2 2 2 2 2 2 2 2 2 2 2 2 2 2 2 2 2 2 2 2 2 2 2 2 2 2 2 2
left_child=3 -2 -3 11 5 6 -5 -8 -9 10 -10 14 15 -14 -1 16 -7 18 20 -20 21 26 23 24 -23 -26 -13 29 -29 -28
right_child=1 2 -4 4 -6 12 7 8 9 -11 -12 17 13 -15 -16 -17 -18 -19 19 -21 -22 22 -24 -25 25 -27 27 28 -30 -31
leaf_value=0.064594289608780983 -0.075213558030834432 0.0028616666898927355 -0.075407737117421561 -0.055601316478605667 0.072935266470331883 0.09688906551668261 -0.069540183446124573 0.052052597631089138 0.051436091172746438 -0.054512490958620423 -0.029659099651739237 0.0011671181582448432 0.20450633872964105 -0.081444378316942581 0.00041069307952940461 -0.060088550841260413 -0.09121651903660806 -0.053753253344049227 0.1350830884998773 -0.016911115448457748 -0.042232890749248513 0.054968314325776514 -0.078965322206674113 0.088219014715889998 0.022214630693639961 -0.082002851525108014 -0.075644726463300754 0.11264738720000006 -0.010476884963129734 -0.012480313981731066
leaf_weight=7.4827599008567613 9.6738544298859797 9.2430931786075217 2.6675973067758596 5.3674051240086547 5.2616788409650317 2.0072403149679365 3.291611764580014 11.718577690422537 6.8330206461250764 4.282060168683528 4.6565096564590931 2535.5513999629766 0.68617154890671261 0.76713078212924302 6.4423604654148221 20.626362317241728 2.2677483833394945 3.6628821259364477 3.0722133847884825 3.4816806453745812 11.142793478444217 12.15312005765737 3.2182641457766286 6.9535069693811229 4.294672647956757 3.8277004449628294 11.176429695449768 4.106217646040025 21.817562907701358 21.058552249101922
leaf_count=38 4268 448 552 23 30 18 15 44 31 17 21 17332 19 41 37 399 31 180 27 35 64 60 18 43 39 46 88 35 234 280
internal_value=0.000523353 -0.0418036 -0.0146681 0.000858351 -0.010737 -0.0177806 0.00173112 0.0117282 0.021459 -0.00127253 0.0185696 0.00115381 -0.0445438 0.0535662 0.0349002 -0.0502698 -0.00289509 0.000976182 0.00105206 0.0543379 0.000919544 0.00110278 0.0265659 0.0390389 0.0221725 -0.0268983 0.000803871 -0.0150327 0.00902548 -0.0343805
internal_weight=2748.79 21.5845 11.9107 2727.21 67.7655 62.5038 36.1492 30.7818 27.4902 15.7716 11.4895 2659.44 26.3547 1.4533 13.9251 24.9014 4.27499 2645.52 2641.85 6.55389 2635.3 2624.16 30.4473 27.229 20.2755 8.12237 2593.71 58.1588 25.9238 32.235
internal_count=24513 5268 1000 19245 689 659 151 128 113 69 52 18556 508 60 75 448 49 18481 18301 62 18239 18175 206 188 145 85 17969 637 269 368
is_linear=0
shrinkage=0.1


Tree=214
num_leaves=31
num_cat=0
split_feature=10 0 8 0 1 9 9 12 8 8 12 9 13 13 13 12 8 13 9 12 9 5 12 0 8 6 4 4 13 9
split_gain=4.10482 6.68084 1.33959 1.12689 4.16657 2.93343 3.018 3.02724 3.21635 4.17236 2.40781 3.717 2.38513 2.55502 5.18864 2.16417 2.57585 2.08838 3.35022 2.83946 1.83169 1.77889 2.42949 2.82299 6.33773 5.70566 4.97653 5.59895 4.8017 3.45778
threshold=7.5000000000000009 27.500000000000004 0.069366479550922219 24.500000000000004 1.0000000180025095e-35 347.66613636363644 298.37471064814821 10.500000000000002 0.26209992193598758 0.18107302533532041 4.5000000000000009 352.28435592185599 0.48529411764705882 1.4833333333333336 1.788888888888889 7.5000000000000009 0.20794025157232701 1.5419580419580421 190.52561064794503 2.5000000000000004 384.72971014492759 1.5000000000000002 1.5000000000000002 23.500000000000004 0.17521929824561402 3.5000000000000004 8.5000000000000018 7.5000000000000009 1.1055555555555558 176.01026455026457
decision_type=2 2 2 2 2 2 2 2 2 2 2 2 2 2 2 2 2 2 2 2 2 2 2 2 2 2 2 2 2 2
left_child=1 -1 -3 4 -2 6 7 12 9 -9 20 -12 -6 21 15 16 -15 -18 -19 -20 -7 -14 -23 24 25 -24 27 -26 -27 -25
right_child=3 2 -4 -5 5 10 -8 8 -10 -11 11 -13 13 14 -16 -17 17 18 19 -21 -22 22 23 29 26 28 -28 -29 -30 -31
leaf_value=-0.075200142681129054 -0.07030343423008284 0.11600840784449354 -0.0060705132264498897 0.0014100503082568375 0.11550658801618037 0.19631196439185863 -0.083205026507069207 0.00024460234249381837 -0.045264507856358827 0.16199383338822185 0.19458275452784893 -0.087728677574604133 -0.048591368126107981 0.0029345176569427894 -0.080706742316384181 -0.038832508849375003 0.21150366539005888 0.18943582229674968 0.11498145977915318 -0.085608664385796562 0.041957969801046192 -0.085930251213955824 0.31813292422577111 0.044401727433620669 -0.07632719600440567 0.18041725287531021 -0.037690992569326176 0.37843372903067468 -0.086411075205806528 -0.077293186689563143
leaf_weight=18.564267496345565 10.144554018741472 0.91836994048207898 42.311040022643283 2671.027626496274 1.479117564857005 1.6960434103384607 4.9134364363271734 2.8918876731768233 2.4444929733872414 3.5554845510050654 0.64831201825290952 1.6618825658224521 18.563611035700887 3.1439769067801517 3.6501508960500351 1.9674127879552532 1.6235189386643467 1.7190359351225195 1.3795724427327516 1.4447099231183527 1.4062465350143609 3.5273213924374458 1.2329010856337856 3.5323742628097534 0.46652185125276335 1.4794440832920375 8.3238539532758278 0.64509400352835655 1.2394291171804068 6.8868647133931518
leaf_count=7208 565 18 949 14423 19 24 156 36 37 26 9 57 294 39 136 32 24 17 18 26 32 54 19 16 40 30 131 15 19 44
internal_value=0.000465761 -0.0250244 -0.00347706 0.0010359 -0.00986612 -0.00234539 -0.00740394 -0.00217275 0.0524103 0.0894433 0.0687877 -0.00850336 -0.00996258 -0.0130137 0.0229233 0.0564627 0.076599 0.114155 0.0793677 0.0123733 0.126344 -0.0247023 -0.00847821 0.00299758 0.033377 0.139695 -0.0111513 0.18758 0.0587805 -0.0360357
internal_weight=2824.49 61.7937 43.2294 2762.69 91.6673 81.5227 76.1102 71.1968 8.89187 6.44737 5.41248 2.31019 62.3049 60.8258 14.9284 11.2782 9.31081 6.16684 4.54332 2.82428 3.10229 45.8974 27.3338 23.8065 13.3872 3.95177 9.43547 1.11162 2.71887 10.4192
internal_count=24513 8175 967 16338 1915 1350 1228 1072 99 62 122 66 973 954 292 156 124 85 61 44 56 662 368 314 254 68 186 55 49 60
is_linear=0
shrinkage=0.1


Tree=215
num_leaves=31
num_cat=0
split_feature=0 10 10 10 1 8 13 4 4 0 13 8 8 12 13 3 7 11 13 8 1 8 9 11 10 0 3 9 9 0
split_gain=15.5954 2.01035 1.81875 1.17606 4.3755 2.92883 4.63057 3.25417 2.74376 3.94561 2.6057 2.67796 3.94602 3.33115 4.94428 3.20612 5.60274 2.80399 2.81334 2.63227 6.0724 3.83291 3.20192 3.8529 3.84184 3.56101 3.29648 2.97909 2.97183 2.91847
threshold=29.500000000000004 8.5000000000000018 22.500000000000004 15.500000000000002 5.5000000000000009 0.24106002554278419 1.3717105263157896 21.500000000000004 27.500000000000004 47.500000000000007 1.2899159663865549 0.12933094384707286 0.20483682983682983 1.5000000000000002 1.5634920634920637 9.5000000000000018 -1.4999999999999998 3.5000000000000004 1.420168067226891 0.29198717948717956 3.5000000000000004 0.26546556122448989 219.85365103488206 3.5000000000000004 12.500000000000002 40.500000000000007 8.5000000000000018 155.44709045780476 155.44709045780476 41.500000000000007
decision_type=2 2 2 2 2 2 2 2 2 2 2 2 2 2 2 2 2 2 2 2 2 2 2 2 2 2 2 2 2 2
left_child=-1 -2 3 10 8 6 7 -6 -5 -10 -3 -12 15 14 -14 16 -13 -17 -19 21 28 22 24 -24 -15 -26 -27 -23 -21 -29
right_child=1 2 -4 4 5 -7 -8 -9 9 -11 11 12 13 19 -16 17 -18 18 -20 20 -22 27 23 -25 25 26 -28 29 -30 -31
leaf_value=-0.072274918142294448 -0.076299669573844597 0.0059945664182959567 -0.076093711852327217 -0.0023436883596551802 -0.16367821078956912 0.096092965904144123 0.072989868366962571 0.01381143021964599 -0.23008295699537587 -0.03107504687271781 0.041473580856953914 0.0056067177426900733 0.084651387005766382 0.014630794169067714 -0.057430637562551158 -0.047419978825282955 -0.097473295278575164 0.078285406415445957 -0.018258807808455121 0.13341014005569096 -0.084335532116974157 0.11593834611152616 -0.017424054492319225 0.14245568963935026 -0.098815732962348884 -0.07374565276259093 0.015095312481881432 -0.024760927156972066 -0.0056461466452712872 0.073558742474413491
leaf_weight=29.841529747034656 3.3885613339953116 727.79431092343293 3.070351038244552 782.46971612051129 1.9004899067804233 7.3280582753941408 5.4265801185974851 2.2630142959533259 1.2017972096800793 5.8253060361603275 10.212525888229719 8.0543147509451973 9.3402499684598279 18.62248313287273 3.3196901092305771 10.359030954306947 15.269265323178841 5.2868939295876753 7.0343137169256806 1.8056793503928954 12.463438548380507 4.3344195527024594 3.216224060393869 2.8367787734605372 8.3208657824434358 6.829166296869519 10.752944554900749 6.7177795714233053 10.324518769979475 5.4833993900101632
leaf_count=10875 569 4477 597 6563 13 81 46 49 5 203 52 45 56 115 21 71 103 38 38 16 76 24 32 23 58 36 69 52 76 34
internal_value=-0.000609143 0.00064794 0.000801511 0.000940817 -0.00182406 0.0484951 0.0121242 -0.0672062 -0.00290235 -0.06511 0.00345061 -0.00807906 -0.0114444 -0.000689426 0.0473946 -0.0358441 -0.0618768 -0.00907295 0.0231672 -0.00732727 -0.0353144 0.00292847 -0.0107357 0.0575046 -0.0200127 -0.044919 -0.0194119 0.0447241 0.0150535 0.0194255
internal_weight=1731.09 1701.25 1697.86 1694.79 806.415 16.9181 9.59008 4.1635 789.497 7.0271 888.378 160.584 150.371 104.368 12.6599 46.0038 23.3236 22.6802 12.3212 91.7077 24.5936 67.1141 50.5785 6.053 44.5255 25.903 17.5821 16.5356 12.1302 12.2012
internal_count=24513 13638 13069 12472 6960 189 108 62 6771 208 5512 1035 983 688 77 295 148 147 76 611 168 443 333 55 278 163 105 110 92 86
is_linear=0
shrinkage=0.1


Tree=216
num_leaves=31
num_cat=0
split_feature=0 4 7 2 13 9 0 9 9 4 9 7 13 12 6 3 7 1 6 12 8 7 8 13 8 8 12 11 12 9
split_gain=18.5278 1.96681 0.907204 1.56862 2.34772 1.18369 1.036 1.05659 0.724357 2.06915 0.95905 3.30014 2.46623 3.50244 1.23975 1.33989 1.21187 0.833425 2.36296 1.59 2.06644 2.04564 1.36375 1.63268 2.61673 1.13401 1.10093 0.749598 2.48988 3.5011
threshold=33.500000000000007 17.500000000000004 7.5000000000000009 5.5000000000000009 0.88194444444444453 115.78878119429591 19.500000000000004 212.73000140291811 134.65788288288292 11.500000000000002 156.74375000000003 6.5000000000000009 1.6515151515151518 4.5000000000000009 2.5000000000000004 4.5000000000000009 2.5000000000000004 3.5000000000000004 2.5000000000000004 9.5000000000000018 0.20948987246811704 1.5000000000000002 0.23420877659574468 1.6306818181818186 0.27543103448275869 0.20794025157232701 3.5000000000000004 5.5000000000000009 10.500000000000002 317.10425000000004
decision_type=2 2 2 2 2 2 2 2 2 2 2 2 2 2 2 2 2 2 2 2 2 2 2 2 2 2 2 2 2 2
left_child=1 2 5 4 -4 -1 -6 -8 9 -7 11 12 13 16 -15 -16 -10 27 -19 20 21 -20 -22 24 -24 -21 -23 -12 -29 -30
right_child=-2 -3 3 -5 6 8 7 -9 10 -11 17 -13 -14 14 15 -17 -18 18 19 25 22 26 23 -25 -26 -27 -28 28 29 -31
leaf_value=0.061487190153700438 -0.072384364747677926 -0.075580960591193513 -0.10637532126720742 -0.085535004709591647 0.13271664716512693 0.018139354733259821 -0.079949162986778802 0.082332456136987198 -0.0179921090916563 -0.10564875672484637 0.00010062867717126395 0.1708764202035051 0.097244942849178895 -0.030697236655040379 -0.00075621694935079403 0.13243245547556867 -0.11537226477418419 -0.089046228964488203 0.10441749035054333 -0.0089364246909154951 -0.12657082019240071 -0.08747169502186114 0.12344600789328503 -0.076474337152781485 -0.041269502487241545 0.10220182593319366 0.034719747113190709 0.010316881840226656 0.007106455607339743 -0.069413892059086477
leaf_weight=3.22352161258459 35.541559341188986 3.3795024242717764 1.2417610909324133 3.291020450880751 1.1310807690024378 3.1224128082394591 0.74083918845280983 0.87515604845248163 2.4219313655048555 2.3792357004713267 1305.7640100896824 1.433102723676712 2.5898144715465614 1.324871036224067 1.1869314555078747 2.0771615582052618 2.7055882061831653 3.9084624862298396 2.2566240993328419 1.6043530444148921 1.7026358894072462 1.3747126017697158 1.4468445854727159 3.7451457772403955 2.8928874810226262 2.1463542939163744 1.590414094738662 191.84673372632824 15.075170259457083 9.9098794898018223
leaf_count=37 11769 780 62 180 6 15 26 15 37 70 9450 27 22 12 15 49 49 50 17 21 18 21 20 41 42 25 30 1424 101 82
internal_value=-0.000982649 0.000625148 0.000788664 -0.034431 0.00773278 0.000952209 0.0593131 0.00793584 0.000827482 -0.0353939 0.000955306 0.0272589 0.0105342 -0.0125775 0.0508865 0.0840007 -0.0693757 0.000721433 -0.0183118 -0.003575 -0.0181282 0.0326713 -0.0452303 -0.0281004 0.0136458 0.0546628 -0.0219315 0.0010048 0.00644974 -0.023244
internal_weight=1613.93 1578.39 1575.01 7.27986 3.98884 1567.73 2.74708 1.616 1564.51 5.50165 1559 13.7394 12.3063 9.71648 4.58896 3.26409 5.12752 1545.26 22.6684 18.76 15.0093 5.22175 9.78751 8.08488 4.33973 3.75071 2.96513 1522.6 216.832 24.985
internal_count=24513 12744 11964 289 109 11675 47 41 11638 85 11553 211 184 162 76 64 86 11342 285 235 189 68 121 103 62 46 51 11057 1607 183
is_linear=0
shrinkage=0.1


Tree=217
num_leaves=31
num_cat=0
split_feature=0 10 0 7 8 9 1 12 8 4 9 6 12 13 12 10 12 10 1 11 9 5 5 9 13 4 10 9 3 0
split_gain=3.48848 1.91805 1.19134 0.930714 3.15364 3.15039 2.95949 2.78884 4.82876 4.42831 4.14235 4.45955 4.1291 3.61204 3.2962 4.6508 4.249 3.61796 3.77568 3.55209 3.286 3.3203 4.23198 5.07627 3.98648 3.37154 5.82807 3.24045 3.04134 2.88259
threshold=45.500000000000007 19.500000000000004 49.500000000000007 -3.4999999999999996 0.063164893617021267 292.8406586021506 3.5000000000000004 5.5000000000000009 0.19657494145199064 11.500000000000002 363.43814102564107 8.5000000000000018 11.500000000000002 0.48529411764705882 6.5000000000000009 1.5000000000000002 11.500000000000002 1.0000000180025095e-35 1.0000000180025095e-35 2.5000000000000004 181.13210382513662 6.5000000000000009 2.5000000000000004 264.07706907787559 1.1791443850267382 6.5000000000000009 12.500000000000002 328.81087622549029 4.5000000000000009 39.500000000000007
decision_type=2 2 2 2 2 2 2 2 2 2 2 2 2 2 2 2 2 2 2 2 2 2 2 2 2 2 2 2 2 2
left_child=3 -2 -3 4 5 -1 7 -6 9 28 14 12 -12 -11 -10 16 17 18 -16 -19 -17 22 23 -22 -23 27 -27 29 -9 -24
right_child=1 2 -4 -5 6 -7 -8 8 10 13 11 -13 -14 -15 15 20 -18 19 -20 -21 21 24 25 -25 -26 26 -28 -29 -30 -31
leaf_value=0.00096496646020854482 -0.075198395287496944 0.0026923055528898093 -0.075378221683453706 -0.00037094947973454037 -0.0025661386996836703 0.12357450945316938 0.078972731497666177 -0.0060124828142936711 0.045821646068514257 -0.18533411236045227 0.012878503707315232 0.11653242484412218 0.13159528059639514 -0.040227830750736243 0.079196549039856637 -0.083580929246669391 -0.10113155894278852 0.0074561241711388199 -0.02173468802854979 -0.12166117250797077 -0.11977019121230181 0.016013004273236431 0.014242942067379234 0.011711167496966442 -0.064425484199974889 0.15108966368052099 0.039678810915125658 -0.040823313338643814 0.068723733231541448 0.10509371606009749
leaf_weight=4.0326315518468601 8.9751169821684034 9.2594617290887964 2.4776263916864982 1945.6021427601809 444.46054021455348 4.3628962873481214 5.1011915295384815 83.59525010921061 25.412929341429844 2.136087115854024 20.467994967941202 7.9025199674069873 3.4191682673990718 8.7116535692475718 6.3413197044283196 3.2804949181154361 6.3338542375713578 4.016599303111434 8.9196065925061685 4.5378107782453299 3.967024569399654 16.639462190680209 21.8651662087068 11.302768861874936 9.7838678183034045 5.2378327189944676 45.336694895289838 9.0119785354472679 5.8244472406804553 4.1562790274620047
leaf_count=39 4268 448 552 14386 2768 46 59 506 156 18 145 41 19 82 36 30 34 18 37 27 24 110 153 71 55 35 255 54 27 14
internal_value=0.000485894 -0.0403986 -0.0137879 0.00079702 0.00372478 0.0646814 0.00305821 0.00255045 0.00969726 -0.00846414 0.018053 0.0514143 0.0298714 -0.0688015 0.0123556 0.00706428 -0.0283369 -0.00897663 0.0202049 -0.061036 0.0152378 0.0177844 0.0260499 -0.0224471 -0.0137713 0.0347002 0.0512173 0.010856 -0.00114446 0.0287541
internal_weight=2742.47 20.7122 11.7371 2721.76 776.158 8.39553 767.763 762.661 318.201 100.267 217.933 31.7897 23.8872 10.8477 186.144 160.731 30.1492 23.8153 15.2609 8.55441 130.582 127.301 100.878 15.2698 26.4233 85.608 50.5745 35.0334 89.4197 26.0214
internal_count=24513 5268 1000 19245 4859 85 4774 4715 1947 633 1314 205 164 100 1109 953 152 118 73 45 801 771 606 95 165 511 290 221 533 167
is_linear=0
shrinkage=0.1


Tree=218
num_leaves=31
num_cat=0
split_feature=0 7 10 0 3 9 8 9 12 8 9 4 12 9 0 0 8 6 6 12 1 11 12 13 6 9 3 11 12 13
split_gain=3.74764 2.05638 1.65585 3.71439 1.38193 1.36241 2.02735 1.24138 2.73143 1.98087 1.96156 1.90951 1.49023 1.51 1.73298 1.37799 1.31298 3.92728 3.09608 1.14354 1.14284 2.22765 1.84543 1.41274 1.62066 1.02301 1.20522 0.978252 4.84566 3.438
threshold=21.500000000000004 5.5000000000000009 6.5000000000000009 27.500000000000004 10.500000000000002 198.92840654608099 0.28345771144278614 310.06151623321438 6.5000000000000009 0.12599206349206346 347.66613636363644 6.5000000000000009 2.5000000000000004 367.09212454212462 36.500000000000007 33.500000000000007 0.22767145135566183 4.5000000000000009 6.5000000000000009 5.5000000000000009 1.5000000000000002 1.5000000000000002 4.5000000000000009 1.4833333333333336 3.5000000000000004 318.48066603535364 4.5000000000000009 4.5000000000000009 8.5000000000000018 0.23611111111111113
decision_type=2 2 2 2 2 2 2 2 2 2 2 2 2 2 2 2 2 2 2 2 2 2 2 2 2 2 2 2 2 2
left_child=1 20 3 -2 5 6 -3 15 11 -10 16 -9 13 14 -13 -5 17 -11 -18 -17 -1 22 23 -22 -25 -14 -27 -4 -29 -30
right_child=2 4 27 7 -6 -7 -8 8 9 10 -12 12 25 -15 -16 19 18 -19 -20 -21 21 -23 -24 24 -26 26 -28 28 29 -31
leaf_value=-0.068584189047784405 -0.075233056574161128 -0.079460500853446608 -5.4925409122906079e-05 -0.079115753062137806 -0.078840790129956276 0.12145085626094353 0.079195659535536492 -0.077940307170546369 0.16679246325973274 0.15148546452874972 -0.04449216533898287 -0.084079218557372062 0.033375004641653154 0.11895762705701152 0.062675703361024002 0.02178188361134234 0.020498703006023317 -0.045254231339901807 0.23657645601059296 -0.037704005392094175 -0.076253981194768894 -0.059268824775447204 -0.075830982294916666 0.071856390667530801 0.28149686157540937 -0.094613928712409284 0.01925095999088201 -0.00040813005437265746 0.084544961438470817 0.015302709417328182
leaf_weight=13.364583783928543 9.0246529753785563 1.5179373892024153 1975.0985475349007 3.7606605552136925 1.2159236371517179 1.4474272034713065 1.7157929847016928 3.9713302322197732 1.2318631187081326 1.5802797982469181 2.4802107794675976 1.3456227078568175 1.7517150095663963 1.7201456916518507 2.0014984905719757 5.9751993641257268 1.5381227268371733 2.8346235023345798 1.1656622823793439 7.0382327362895012 0.37453536305110802 5.4408251698187087 0.84278896416071791 1.1644366252003235 0.53965789714129631 2.851808317238465 1.3791185382287947 575.62204754515551 7.4649578379467121 181.92619599658065
leaf_count=4818 2316 47 10916 232 29 38 28 241 14 24 85 40 20 25 8 31 38 38 15 31 67 766 157 44 35 73 39 3260 49 989
internal_value=0.000423971 -0.0362281 0.000786635 -0.0169519 0.0161426 0.0408144 0.00472126 -0.0046128 0.00913354 0.0474135 0.0320931 -0.0184674 0.00290708 0.0428102 0.00367672 -0.0257985 0.0587761 0.0251672 0.113655 -0.0103907 -0.0504425 -0.0214484 0.0489881 0.0995966 0.138246 -0.0308907 -0.0574984 0.001121 0.004157 0.0180319
internal_weight=2819.39 27.6239 2791.76 51.6507 5.89708 4.68116 3.23373 42.6261 25.852 10.8308 9.5989 15.0212 11.0499 5.06727 3.34712 16.7741 7.11869 4.4149 2.70379 13.0134 21.7268 8.36224 2.92142 2.07863 1.70409 5.98264 4.23093 2740.11 765.013 189.391
internal_count=24513 6029 18484 3270 142 113 75 954 660 214 200 446 205 73 48 294 115 62 53 62 5887 1069 303 146 79 132 112 15214 4298 1038
is_linear=0
shrinkage=0.1


Tree=219
num_leaves=31
num_cat=0
split_feature=0 10 10 2 0 9 7 8 4 5 12 13 10 7 0 1 11 6 12 9 8 12 6 5 7 8 8 9 9 12
split_gain=14.3687 1.86295 1.682 1.19755 1.81906 1.52451 1.68926 1.78915 1.53301 3.17101 1.58494 1.1966 1.42003 1.64866 1.23731 1.13584 1.08731 5.56133 4.37033 4.59028 5.89268 4.53323 3.74828 3.76975 4.49887 3.11802 5.57786 2.8436 5.2378 6.2235
threshold=29.500000000000004 8.5000000000000018 22.500000000000004 10.500000000000002 43.500000000000007 115.78878119429591 8.5000000000000018 0.26120401337792648 29.500000000000004 2.5000000000000004 4.5000000000000009 1.9285714285714286 15.500000000000002 -1.0000000180025095e-35 47.500000000000007 5.5000000000000009 3.5000000000000004 5.5000000000000009 4.5000000000000009 189.83787878787882 0.37232102143182855 8.5000000000000018 16.500000000000004 8.5000000000000018 -4.4999999999999991 0.16035714285714289 0.15655637254901963 259.78658186150835 248.44102472089318 8.5000000000000018
decision_type=2 2 2 2 2 2 2 2 2 2 2 2 2 2 2 2 2 2 2 2 2 2 2 2 2 2 2 2 2 2
left_child=-1 -2 3 5 15 6 7 -3 11 10 -10 16 -13 14 -14 -5 -7 -18 22 21 25 -20 23 -19 -25 26 -21 28 -27 -30
right_child=1 2 -4 4 -6 8 -8 -9 9 -11 -12 12 13 -15 -16 -17 17 18 19 20 -22 -23 -24 24 -26 27 -28 -29 29 -31
leaf_value=-0.071989549197111993 -0.07621752548699276 -0.1186896796935389 -0.076022018940450395 -0.033375528154503668 0.077894761304378224 -0.001303218734337063 0.0045229127596455154 -0.0046501366998873035 -0.09149240313727125 0.088454273109372414 0.040591460093826005 0.02458925617325643 -0.081445856661615801 -0.17717876832881693 0.00040726018867575785 0.040480079937302731 -0.011481273699302843 -0.0015620679172232011 0.059192519444670771 -0.001476196059875045 -0.14053475871195539 0.013966412418898417 -0.10953622038829121 0.16263757463464382 -0.016350933115239438 0.018567059612623223 -0.12476994039701579 0.055921365574330306 -0.11666964303592074 0.020230778919426415
leaf_weight=27.698993616184453 3.1496263565495601 3.4955572162289155 2.8481056379387146 4.3537377589382213 5.069810180575586 950.45107978908345 5.2707013587933034 2.2685685963369906 1.986258332151918 5.6367496743332595 1.6742408194113521 3.2748285462148479 3.4179504474159321 0.94908254069741715 4.0173527151346207 3.9913237397558987 175.89038683497347 226.52043016254902 43.753281564801 32.640082091791555 2.6041189450770608 44.914095891872421 3.1402998859994105 3.0808347456622869 2.5804942119866601 128.19567248690873 4.1340597826056174 16.771915149642155 6.5625454508699459 6.7220204588957131
leaf_count=10875 569 28 597 20 120 6662 34 25 20 163 26 38 278 8 25 23 1247 1641 294 219 19 260 23 31 17 884 24 233 50 60
internal_value=-0.000545413 0.000619099 0.000761774 0.000890918 0.0306505 0.000653279 -0.0363936 -0.0738075 0.000898232 0.0413915 -0.0310798 0.000671387 -0.031252 -0.0530628 -0.03722 0.00194855 0.000897243 0.00389567 0.00908078 0.0173793 0.00889796 0.0362834 -0.00101542 0.000452343 0.0810527 0.0108933 -0.0153366 0.0169885 0.0123732 -0.0473977
internal_weight=1727.06 1699.37 1696.22 1693.37 13.4149 1679.95 11.0348 5.76413 1668.92 9.29725 3.6605 1659.62 11.6592 8.38439 7.4353 8.34506 1647.96 697.51 521.62 286.298 197.63 88.6674 235.322 232.182 5.66133 195.026 36.7741 158.252 141.48 13.2846
internal_count=24513 13638 13069 12472 163 12309 87 53 12222 209 46 12013 349 311 303 43 11664 5002 3755 2043 1489 554 1712 1689 48 1470 243 1227 994 110
is_linear=0
shrinkage=0.1


Tree=220
num_leaves=31
num_cat=0
split_feature=0 4 7 2 13 9 13 10 13 11 4 9 9 11 4 13 0 8 8 9 9 11 1 9 6 9 8 0 10 5
split_gain=17.0909 1.81946 0.820053 1.45788 2.09698 0.998705 0.946035 0.682805 1.47587 2.01364 2.32961 6.20728 1.77551 1.69112 1.65145 2.32309 2.59964 1.88478 4.02079 4.57468 3.3216 4.07612 3.13677 2.43583 2.4012 1.8271 1.80315 3.01966 1.41648 2.86971
threshold=33.500000000000007 17.500000000000004 7.5000000000000009 5.5000000000000009 0.88194444444444453 115.78878119429591 0.94987468671679209 22.500000000000004 0.38750000000000007 1.5000000000000002 3.5000000000000004 323.47114845938387 254.67365151515153 4.5000000000000009 6.5000000000000009 0.94987468671679209 25.500000000000004 0.23294573643410851 0.2956145966709347 304.0131313131314 369.33606934001676 3.5000000000000004 1.0000000180025095e-35 323.47114845938387 7.5000000000000009 334.09273657628927 0.22540322580645164 27.500000000000004 8.5000000000000018 3.5000000000000004
decision_type=2 2 2 2 2 2 2 2 2 2 2 2 2 2 2 2 2 2 2 2 2 2 2 2 2 2 2 2 2 2
left_child=1 2 5 4 -4 -1 -6 28 9 -9 -11 -12 13 -10 15 16 -14 20 19 -19 21 23 -21 -17 -23 -18 27 -16 -7 -30
right_child=-2 -3 3 -5 6 7 -8 8 12 10 11 -13 14 -15 26 17 25 18 -20 22 -22 24 -24 -25 -26 -27 -28 -29 29 -31
leaf_value=0.056185435716442002 -0.072155089844210651 -0.07554455473016855 -0.10563306995283457 -0.084991440316314656 0.11306878670123098 0.0012081184597297885 -0.0044207095343152935 -0.061371117527871388 0.023652828643656195 -0.049685147768764759 -0.026333573564070248 0.12886910513528552 -0.0047332469645644483 0.10744545371442511 0.085763077890650519 0.038670091762164543 0.12801113472451384 0.13155941458517942 -0.025765048549948644 0.063506676502238554 0.064333401365479145 -0.022618038238097014 -0.034206708061069499 -0.05391155008590684 -0.11731443663468377 0.032713906592257043 -0.058775298811860714 -0.052012957651397441 -0.017870179780969997 0.012314220189193086
leaf_weight=3.2546275691129258 33.014193695431459 3.1364184030098832 1.1599482009187334 3.0758781360927969 1.3810252742841842 1293.4675279119983 1.3605079944245515 6.586239225696775 7.1966839581727964 5.4316989108920124 7.0738261295482499 4.0536322528496385 4.928938001394271 3.6201910329982638 3.0901787802577001 9.1544395443052107 4.6901680328883213 5.1997901303693714 10.369048630818723 7.554967097938059 4.755705375224351 5.0425689145922643 5.8131650127470493 4.1211591474711886 5.7095741564407945 3.5231520859524608 6.96830626251176 3.2785138566978276 107.21204637386836 44.600138700800017
leaf_count=37 11769 780 62 180 24 8990 23 38 42 26 45 24 19 20 12 47 25 28 62 31 24 24 35 24 33 19 74 59 1336 601
internal_value=-0.000946567 0.00054435 0.000695999 -0.0335106 0.00707617 0.00084834 0.0547637 0.000733144 0.00804192 -0.0146021 0.00399985 0.0302054 0.0135578 0.0516965 0.00865828 0.014734 0.0526789 0.0060944 0.0241167 0.0519726 -0.012024 -0.0271371 0.0210158 0.00992987 -0.0729035 0.0871328 -0.0236235 0.0148379 0.0001356 -0.00900246
internal_weight=1609.82 1576.81 1573.67 6.97736 3.90148 1566.7 2.74153 1563.44 118.162 23.1454 16.5592 11.1275 95.0166 10.8169 84.1997 70.8627 13.1423 57.7204 28.937 18.5679 28.7834 24.0277 13.3681 13.2756 10.7521 8.21332 13.337 6.36869 1445.28 151.812
internal_count=24513 12744 11964 289 109 11675 47 11638 711 133 95 69 578 62 516 371 63 308 156 94 152 128 66 71 57 44 145 71 10927 1937
is_linear=0
shrinkage=0.1


Tree=221
num_leaves=31
num_cat=0
split_feature=0 4 0 10 1 7 7 4 9 13 13 7 7 3 6 7 6 11 5 6 8 9 3 13 9 6 3 9 8 2
split_gain=3.15633 1.63067 1.46581 4.88528 1.74138 1.15049 1.28114 4.6453 5.05373 2.67231 2.37499 1.97531 1.46833 1.43841 1.61942 2.36545 2.29361 2.09317 1.80151 1.65053 1.16562 1.50369 1.11389 3.44846 2.54603 1.36585 1.25774 1.87671 2.40969 1.81614
threshold=49.500000000000007 26.500000000000004 42.500000000000007 19.500000000000004 3.5000000000000004 1.5000000000000002 -2.4999999999999996 10.500000000000002 224.90895424836603 0.78888888888888908 1.1791443850267382 -3.4999999999999996 1.0000000180025095e-35 4.5000000000000009 10.500000000000002 -11.499999999999998 7.5000000000000009 2.5000000000000004 5.5000000000000009 9.5000000000000018 0.26500600240096045 256.89168123543129 15.500000000000002 1.0501253132832082 137.05471014492755 3.5000000000000004 13.500000000000002 115.78878119429591 0.30707196029776679 3.5000000000000004
decision_type=2 2 2 2 2 2 2 2 2 2 2 2 2 2 2 2 2 2 2 2 2 2 2 2 2 2 2 2 2 2
left_child=1 2 22 -4 5 6 11 -8 12 -10 -11 13 -9 14 16 -16 -5 -17 19 -18 -15 -22 26 24 -24 -25 27 28 29 -1
right_child=-2 -3 3 4 -6 -7 7 8 9 10 -12 -13 -14 20 15 17 18 -19 -20 -21 21 -23 23 25 -26 -27 -28 -29 -30 -31
leaf_value=-0.050001630821146482 -0.075212040604102318 -0.078692961295852848 -0.067977053056581652 0.047359488318551718 0.09014480828152463 -0.078098552357460202 -0.084717398464658741 -0.078084978032252117 0.014846528610029504 0.28585121368643884 0.093900322140068562 -0.086002615869762961 0.11399774463173638 -0.080147630312747381 -0.049169945459395452 0.0024970538808267995 -0.089533903775073739 0.10219370874428663 0.028222525515780601 0.001294121091102696 -0.078288182520456648 0.10396125926565736 -0.0078034716057392766 -0.081128377921302799 0.12302917665152942 0.026832461730669457 -0.019385970233278864 0.00086104350614710538 0.081053112799737051 0.024368437930855691
leaf_weight=3.9904781724326375 5.5007139258232192 2.5901923483470446 13.396162912365979 4.7069815387949339 2.0607501980848602 1.9943167848978181 2.325341039337216 1.7666135677136483 0.99279377586208317 1.570495037827641 1.0933299423195419 3.0176043994724813 0.5136848548427223 3.7234343695454291 2.4744211770594111 3.5521169248968345 5.8208788344636542 5.1725785424932837 3.3009056290611616 3.0485362047329545 0.86067081708461024 0.95511007495224476 2.2483203634619695 2.622845783829689 4.3949989918619394 2.1182376234792173 30.187849825713784 2598.9268820623402 6.3237644098699084 18.537262974772602
leaf_count=20 3134 248 2819 38 50 97 31 69 41 30 25 66 21 102 37 34 76 44 41 29 31 14 14 22 38 25 284 16914 29 90
internal_value=0.000461698 0.000613935 0.000689134 -0.0144681 0.000175585 -0.00377845 -0.000477056 0.035093 0.0820197 0.154878 0.207068 -0.00849953 -0.0348143 -0.00154224 0.00764581 0.0371286 -0.0119178 0.0616038 -0.0348439 -0.0583151 -0.0481134 0.017576 0.00104315 0.0322563 0.0787511 -0.0328933 0.000909463 0.00114262 0.0265066 0.0111948
internal_weight=2739.79 2734.29 2731.7 62.3467 48.9506 46.8898 44.8955 8.26226 5.93692 3.65662 2.66382 36.6332 2.2803 33.6156 28.0764 11.1991 16.8773 8.7247 12.1703 8.86942 5.53922 1.81578 2669.35 11.3844 6.64332 4.74108 2657.97 2627.78 28.8515 22.5277
internal_count=24513 21379 21131 3695 876 826 729 217 186 96 55 512 90 446 299 115 184 78 146 105 147 45 17436 99 52 47 17337 17053 139 110
is_linear=0
shrinkage=0.1


Tree=222
num_leaves=31
num_cat=0
split_feature=0 2 13 10 0 8 11 12 1 6 11 9 13 0 12 2 13 12 6 5 0 13 11 8 7 7 8 7 8 8
split_gain=3.3718 1.95169 1.69126 1.49291 3.48144 1.48502 1.80288 2.58109 2.13451 2.01043 1.61151 1.79911 1.98474 1.56144 1.21938 1.15765 2.21885 2.96434 2.53321 2.44606 1.91569 1.52404 1.49452 1.27186 1.17646 0.914787 2.16297 2.34301 2.13192 2.57592
threshold=21.500000000000004 2.5000000000000004 0.62828947368421062 6.5000000000000009 27.500000000000004 0.16405676535356004 1.5000000000000002 4.5000000000000009 2.5000000000000004 2.5000000000000004 3.5000000000000004 189.83787878787882 1.2344322344322347 20.500000000000004 2.5000000000000004 1.5000000000000002 0.21111111111111114 6.5000000000000009 8.5000000000000018 2.5000000000000004 32.500000000000007 1.297058823529412 5.5000000000000009 0.22767145135566183 -2.4999999999999996 -1.4999999999999998 0.10889328063241101 -2.4999999999999996 0.063164893617021267 0.077677224736048267
decision_type=2 2 2 2 2 2 2 2 2 2 2 2 2 2 2 2 2 2 2 2 2 2 2 2 2 2 2 2 2 2
left_child=1 -1 -3 4 -2 -4 7 8 -7 10 -8 -12 -13 -14 -10 16 24 18 22 -19 -17 -22 -18 -21 -6 26 -5 -28 -27 -30
right_child=3 2 5 25 15 6 9 -9 14 -11 11 12 13 -15 -16 20 17 19 -20 23 21 -23 -24 -25 -26 28 27 -29 29 -31
leaf_value=-0.067003400572543476 -0.075216059675224101 0.21002011046912608 -0.077215497198106442 -0.032916016369494615 -0.081851392190891312 -0.0064812591603210061 -0.077353243689483278 -0.076856968770939948 0.090883682831034263 -0.076635316670582931 -0.077989515148410293 0.28052125049104742 -0.076721476406325206 0.14194633295876335 0.25231248754413371 -0.07659617144111823 -0.078093749016344402 0.14721860018483265 0.090828991222550962 -0.046171916708521811 -0.031495522098812512 0.023977634257175265 0.037685101297682641 0.087216940150216193 0.031806384462527225 0.068583597626494769 0.0016385695600279315 -0.01195051631968134 -0.066439549299763437 0.0023380198783238791
leaf_weight=11.118015428975925 8.3683049480896425 0.33545447327196498 3.222234808607026 21.526150973979384 3.0011612183880061 1.1587693290493901 1.0672457986511292 1.1278797922423107 1.0047731290105728 4.150215579487849 0.62375963630620423 0.53710133669665072 0.54891900974325814 0.8061220629606396 0.87577497944585037 4.6267413503956076 3.7270827046595496 3.1834283587522805 1.9089924977160988 1.4454775098711254 10.426666237413885 9.4332503862678987 1.5907876950222997 1.4141777316108344 1.3074563394766325 4.8410433041863135 700.98032177891582 154.92170564306434 5.4615851491689673 1850.134443237097
leaf_count=4731 2316 4 344 150 79 83 77 144 15 489 27 21 57 9 28 403 150 41 33 22 61 61 36 27 41 24 4213 861 19 9947
internal_value=0.000401233 -0.0350494 -0.0120672 0.000739126 -0.0163096 -0.0169935 -0.000687652 0.0523351 0.100278 -0.0292595 0.025614 0.0692928 0.117846 0.0533653 0.166061 -0.00459101 0.0149884 0.0352329 -0.00798701 0.0869191 -0.0186468 -0.00514636 -0.0434597 0.0197925 -0.0473618 0.00105318 -0.0016085 -0.00082111 0.00230849 0.00213559
internal_weight=2814.88 26.5763 15.4582 2788.3 50.4335 15.1228 11.9006 4.1672 3.03932 7.73336 3.58315 2.5159 1.89214 1.35504 1.88055 42.0652 17.5786 13.2699 7.22686 6.04308 24.4867 19.8599 5.31787 2.85966 4.30862 2737.87 877.428 855.902 1860.44 1855.6
internal_count=24513 6029 1298 18484 3270 1294 950 270 126 680 191 114 87 66 43 954 429 309 219 90 525 122 186 49 120 15214 5224 5074 9990 9966
is_linear=0
shrinkage=0.1


Tree=223
num_leaves=31
num_cat=0
split_feature=0 10 10 2 0 0 9 11 3 4 5 12 10 4 5 2 3 3 13 13 8 8 8 6 8 11 8 8 13 9
split_gain=13.2669 1.72398 1.55506 1.04651 1.7371 1.76497 1.32275 1.56973 2.34709 1.36094 2.89783 1.33586 1.05923 3.78787 3.64626 2.96042 4.56218 2.74131 3.98011 4.04394 3.84689 3.17832 2.71573 2.53048 4.24671 3.55438 3.29945 4.60223 4.33621 3.11018
threshold=29.500000000000004 8.5000000000000018 22.500000000000004 10.500000000000002 45.500000000000007 39.500000000000007 115.78878119429591 1.5000000000000002 13.500000000000002 29.500000000000004 2.5000000000000004 4.5000000000000009 15.500000000000002 27.500000000000004 3.5000000000000004 7.5000000000000009 10.500000000000002 14.500000000000002 1.3798076923076925 1.420168067226891 0.18942218080149117 0.23420877659574468 0.25511055486024198 3.5000000000000004 0.13270440251572327 5.5000000000000009 0.18257575757575759 0.17694497153700192 0.82843137254901966 216.18605442176872
decision_type=2 2 2 2 2 2 2 2 2 2 2 2 2 2 2 2 2 2 2 2 2 2 2 2 2 2 2 2 2 2
left_child=-1 -2 3 6 5 -5 7 -3 -9 12 11 -11 23 15 -15 -14 -17 18 20 -20 -18 -22 -23 24 -8 26 27 28 -26 -27
right_child=1 2 -4 4 -6 -7 9 8 -10 10 -12 -13 13 14 -16 16 17 -19 19 -21 21 22 -24 -25 25 29 -28 -29 -30 -31
leaf_value=-0.071696745489045449 -0.076136540034383179 0.018261149469238232 -0.075956531688924425 0.058646147652052817 0.084420903876896602 -0.030717473842276456 0.064365456193490253 -0.016507049678446697 -0.13459126130581023 -0.083111631043767453 0.086867680164626593 0.038528080298936396 -0.0030394766708074163 0.083470346473709822 -0.12325399199209164 0.097940272124076064 -0.10761823649216198 0.057912801315900424 0.12255826123318379 0.0065257358434489959 0.05189175338119098 -0.14513543545813831 -0.011253519779184269 0.0052945121570872897 0.048204140673392973 -0.077029422217395796 0.0015687298483059383 -0.16210241475710296 -0.058456947080579184 0.040001365108709705
leaf_weight=25.784891384653747 2.9244465829106039 3.7437126615550351 2.6416055888403198 3.6900230019818974 3.9477044289233154 5.5107528045773506 7.192223092657513 4.3965067088138312 2.7274738387204707 2.0237081358209239 5.3091471176594496 1.630068613681942 742.62741630338132 1.0520318248309184 4.5150798000395298 6.7983108067419371 5.2361686255317208 9.5286916662007553 3.8051895282696959 14.258757286705075 5.4768894477747363 2.0886340561555699 5.5176272341050208 733.85989399196114 5.5908604252617868 13.802762921899559 79.019618427148089 2.8214518278837195 11.976131540257482 2.7180002792738369
leaf_count=10875 569 31 597 27 114 22 46 35 21 20 163 26 6223 40 88 43 35 127 36 104 42 22 43 4345 39 104 559 17 85 15
internal_value=-0.000505495 0.000576576 0.000709049 0.000828822 0.0289309 0.00512231 0.000608582 -0.0341658 -0.0617165 0.000835308 0.0396972 -0.0288442 0.000625211 -0.00198944 -0.0841887 -0.00141407 0.0214861 0.0101653 -0.00233962 0.0309681 -0.035183 -0.00619286 -0.0480167 0.00306877 -0.0101977 -0.0148236 -0.00768538 -0.0435516 -0.0245111 -0.0577755
internal_weight=1722.22 1696.43 1693.51 1690.86 13.1485 9.20078 1677.72 10.8677 7.12398 1666.85 8.96292 3.65378 1657.89 800.905 5.56711 795.338 52.7103 45.912 36.3833 18.0639 18.3193 13.0832 7.60626 856.981 123.121 115.929 99.4081 20.3884 17.567 16.5208
internal_count=24513 13638 13069 12472 163 49 12309 87 56 12222 209 46 12013 6803 128 6675 452 409 282 140 142 107 65 5210 865 819 700 141 124 119
is_linear=0
shrinkage=0.1


Tree=224
num_leaves=31
num_cat=0
split_feature=0 4 2 7 9 4 9 9 7 12 11 9 8 10 6 8 0 4 5 7 13 13 6 0 13 6 7 4 11 8
split_gain=15.7799 1.6799 0.736558 1.49997 0.685399 1.2761 0.675878 2.37717 7.42803 4.98064 4.06669 3.07886 2.40765 1.99189 2.2562 1.67767 1.67598 2.56735 1.57643 1.42457 3.30158 3.20826 3.06463 2.36783 1.88767 4.10153 3.38912 2.57984 1.89683 1.31286
threshold=33.500000000000007 17.500000000000004 6.5000000000000009 1.5000000000000002 168.71650326797388 10.500000000000002 448.9585294117648 410.52061403508782 -1.0000000180025095e-35 10.500000000000002 3.5000000000000004 421.79588235294119 0.11583184257602856 7.5000000000000009 8.5000000000000018 0.18942218080149117 22.500000000000004 2.5000000000000004 1.5000000000000002 -2.4999999999999996 1.9285714285714286 1.9285714285714286 2.5000000000000004 21.500000000000004 0.62828947368421062 5.5000000000000009 -4.4999999999999991 3.5000000000000004 2.5000000000000004 0.22933743169398904
decision_type=2 2 2 2 2 2 2 2 2 2 2 2 2 2 2 2 2 2 2 2 2 2 2 2 2 2 2 2 2 2
left_child=1 2 6 -4 5 -5 7 -1 12 10 15 -12 -9 14 16 -10 17 -14 -19 21 23 24 -22 -21 26 28 -8 -27 -26 -18
right_child=-2 -3 3 4 -6 -7 19 8 9 -11 11 -13 13 -15 -16 -17 29 18 -20 20 22 -23 -24 -25 25 27 -28 -29 -30 -31
leaf_value=0.00031336612201765323 -0.071914047431880998 -0.07551008122524637 0.09370177201900666 0.10387324119529587 -0.081020984589066189 -0.077559222220030991 -0.097290547446152453 -0.035442136194558646 -0.0082779037573183535 -0.16092922282622593 0.013304129152140524 -0.13088635159593029 -0.095837645172128103 0.10128830431590007 -0.027578927866344943 0.1066776517017553 0.10211763282436766 -0.026796689839046983 0.062208062878941428 0.066173086410845613 -0.13154765282790812 0.041634599255943934 0.0058318253788994948 -0.0054993601695013305 -0.084741421078211032 0.042682246603606366 0.076067306983967076 -0.09429618562204034 -0.22179571811454091 0.04662226026020784
leaf_weight=1464.413870366523 30.699902939464664 2.9041508580557993 0.78050495963543554 0.66828835010528542 3.3645110077923164 0.92319481098093092 2.0701068723574281 3.7568853143602601 2.3726051114499551 2.8346584960818282 2.6232961425557733 3.4004532042890787 1.6568564362823988 6.0243745334446421 4.438851789571344 2.7306838915683329 6.9480139892548349 2.7162283929064852 7.4426313475705683 8.0574393342249149 3.0049659106880418 4.4341989536769679 3.5328815151005983 10.771475231274961 1.9037409517914055 2.7877145577222109 2.4772063656710097 2.71311254799366 2.150553407613188 11.030671860091386
leaf_count=10849 11769 780 9 3 178 68 18 36 21 14 19 27 42 35 27 29 26 47 113 112 23 50 28 38 16 23 24 20 27 42
internal_value=-0.000908616 0.00047548 0.000615855 -0.0351515 -0.0554442 -0.00137293 0.000746851 0.00109961 0.0209594 -0.0425943 -0.012448 -0.0680925 0.041119 0.0482638 0.0389325 0.0532329 0.0488416 0.0195855 0.0384104 -0.0114855 0.00391285 -0.0325577 -0.0573114 0.0251714 -0.0558859 -0.081125 -0.00285166 -0.0248781 -0.15744 0.0680689
internal_weight=1605.63 1574.93 1572.03 5.7365 4.95599 1.59148 1566.29 1522.39 57.9762 13.9617 11.127 6.02375 44.0145 40.2576 34.2333 5.10329 29.7944 11.8157 10.1589 43.9034 25.3668 18.5366 6.53785 18.8289 14.1024 9.55512 4.54731 5.50083 4.05429 17.9787
internal_count=24513 12744 11964 258 249 71 11706 11327 478 110 96 46 368 332 297 50 270 202 160 379 201 178 51 150 128 86 42 43 43 68
is_linear=0
shrinkage=0.1


Tree=225
num_leaves=31
num_cat=0
split_feature=0 0 10 1 4 5 7 6 4 9 4 9 13 9 9 5 4 8 3 9 6 9 3 10 9 6 13 4 11 8
split_gain=2.92262 1.39554 4.66709 1.42499 1.13764 2.6859 1.05822 1.11908 5.35407 1.59669 1.39189 1.73678 1.48607 1.38367 2.79403 2.46368 1.83586 2.31453 1.51779 1.66765 1.40476 2.85632 2.25735 1.31913 1.0308 0.981812 3.74154 2.12513 0.918853 2.22692
threshold=49.500000000000007 42.500000000000007 19.500000000000004 3.5000000000000004 12.500000000000002 6.5000000000000009 1.5000000000000002 6.5000000000000009 10.500000000000002 232.14383680555557 19.500000000000004 223.29075362318841 0.89444444444444449 232.97789855072466 245.46350609756101 5.5000000000000009 13.500000000000002 0.26500600240096045 3.5000000000000004 291.64493055555562 7.5000000000000009 265.93608974358978 2.5000000000000004 21.500000000000004 190.52561064794503 15.500000000000002 0.78888888888888908 10.500000000000002 4.5000000000000009 0.45080645161290328
decision_type=2 2 2 2 2 2 2 2 2 2 2 2 2 2 2 2 2 2 2 2 2 2 2 2 2 2 2 2 2 2
left_child=1 25 4 6 5 -3 7 8 -4 -10 11 -9 24 15 -15 -13 18 -18 20 -20 -16 22 -22 -23 -12 28 -27 -28 -1 -30
right_child=-2 2 3 -5 -6 -7 -8 10 9 -11 12 13 -14 14 16 -17 17 -19 19 -21 21 23 -24 -25 -26 26 27 -29 29 -31
leaf_value=0.0019640039174118862 -0.075197484393852765 -0.075694041424989686 -0.046223944610010476 0.079159520436581338 -0.075340203438811426 0.31719820777434721 -0.077873123075917372 -0.079800773333596545 0.037882492599506379 0.17275390811800609 0.11852519658669901 -0.02944727410824996 0.18871774242874345 -0.08865131488503597 0.081083661008900451 0.14561324297781045 -0.023488909515704894 0.15575481352657775 -0.083256156159655162 0.04477231321063091 -0.011087135702901332 -0.08529599959577891 0.127582509353657 -0.0067609776038828132 -0.077376896857925981 0.11331915805975595 -0.067764250852854854 0.0350098812945214 -0.0026534607231081461 0.056356160053838533
leaf_weight=1898.0576548622921 5.1001206750224801 0.5568693361710747 4.003432164900004 2.1667009114753446 12.131897273997309 0.25307167321443558 1.852130809566005 3.4470884199254206 1.4308349746279421 2.2708810069598258 0.46040483564138301 1.6257550753653078 0.72190797794610251 4.0819388751406249 2.1838125325739446 1.5902745062485335 1.3077223959844553 1.6040352121926842 4.3835359681397668 1.3249097960069773 2.3661958277225486 3.6096748653799278 2.3297342276200652 5.2485464476048946 0.64470693562179804 3.6850797757506362 3.4491380229592306 4.8285393016412854 752.8161099338904 6.4500533211976281
leaf_count=12375 3134 62 42 50 2910 8 97 120 22 40 8 32 18 85 15 20 42 18 83 19 20 54 21 36 35 24 18 33 5027 45
internal_value=0.000431945 0.000573189 -0.0143081 -0.000111491 -0.0676795 0.0470679 -0.00380617 -0.000732789 0.0339322 0.120622 -0.00796532 -0.0123944 0.0771316 -0.00505437 -0.0120848 0.0571173 0.00074622 0.0752533 -0.00936953 -0.0535412 0.00665235 -0.00533985 0.0577093 -0.0387636 0.00423862 0.000916587 0.0295006 -0.00781399 0.000787907 -0.00215217
internal_weight=2735.98 2730.88 61.5961 48.6542 12.9418 0.809941 46.4875 44.6354 7.70515 3.70172 36.9302 35.1032 1.82702 31.6561 28.4401 3.21603 24.3582 2.91176 21.4464 5.70845 15.738 13.5542 4.69593 8.85822 1.10511 2669.29 11.9628 8.27768 2657.32 759.266
internal_count=24513 21379 3857 877 2980 70 827 730 104 62 626 565 61 445 393 52 308 60 248 102 146 131 41 90 43 17522 75 51 17447 5072
is_linear=0
shrinkage=0.1


Tree=226
num_leaves=31
num_cat=0
split_feature=0 3 10 0 8 5 9 9 12 3 13 12 9 9 12 8 9 4 12 0 8 8 9 8 8 4 8 7 5 0
split_gain=3.05486 1.86265 1.32846 3.27476 1.13907 1.02997 1.83774 1.53712 1.47714 2.47539 2.30036 1.15136 1.40637 1.32236 1.78424 1.55047 1.43917 1.08949 0.971331 1.8827 2.021 1.4239 1.24553 1.15931 1.79813 1.52192 1.73646 0.904273 2.34548 1.93371
threshold=21.500000000000004 3.5000000000000004 6.5000000000000009 27.500000000000004 0.069366479550922219 1.0000000180025095e-35 394.49597222222229 398.16666666666669 9.5000000000000018 7.5000000000000009 1.5857142857142861 5.5000000000000009 239.62694122694128 227.68449712643681 4.5000000000000009 0.29805897723030988 193.04488854057823 7.5000000000000009 11.500000000000002 32.500000000000007 0.12262799856784816 0.15047169811320757 310.06151623321438 0.23420877659574468 0.20550527903469076 7.5000000000000009 0.27823315118397091 -5.4999999999999991 1.5000000000000002 35.500000000000007
decision_type=2 2 2 2 2 2 2 2 2 2 2 2 2 2 2 2 2 2 2 2 2 2 2 2 2 2 2 2 2 2
left_child=1 -1 3 -2 -5 8 11 -8 10 -10 -3 12 13 15 -15 17 -17 -7 19 20 -6 -21 -20 24 -23 -25 -27 28 -4 -30
right_child=2 5 27 4 18 6 7 -9 9 -11 -12 -13 -14 14 -16 16 -18 -19 22 21 -22 23 -24 25 -26 26 -28 -29 29 -31
leaf_value=-0.075302312869743759 -0.075200299595958794 -0.077899206602633164 -0.073824660190438013 0.10345030620055312 0.14135233051914575 0.081263605454973561 0.35456281727859729 -0.075640748525970941 -0.075936665936898642 0.27062273328118919 0.084568408741246381 -0.076529873775218693 -0.075980973709234054 -0.076278828379174796 0.22083058716483223 0.11748334594101516 -0.076572016188941064 -0.077603041263081707 -0.040067750520930263 -0.065511807350655413 -0.076223335225003228 0.0020240356352479133 0.059541981730363118 -0.075785981617701947 0.083013498369742644 -0.03253376815713304 0.058135446707903604 0.00167358201277108 -0.020814007137738524 0.00039296734102506857
leaf_weight=7.6620103026507449 7.7588420505635431 1.8997642564645532 4.7258082618936887 0.95615951251238485 0.45851479982957144 0.51776332009466797 0.22297394095221612 0.13235331082250923 0.32860768886166614 0.55286470241844654 1.6100992119754662 4.5905287570203663 2.5831063345540315 0.30139083869289596 0.61369254678720608 1.3715757761965504 0.52979466450051393 2.5963115624617785 1.782556740567087 3.138571139425042 6.1954138637520373 9.0067356657236832 4.2439888634253293 3.1799155771732321 3.9407783523201934 5.095513813197611 3.6077905241400003 2401.0996746895835 50.822355729527771 279.22655226686038
leaf_count=3983 2316 190 29 18 31 41 4 56 54 7 46 723 588 48 12 42 53 182 22 22 642 50 41 47 29 31 21 13057 817 1311
internal_value=0.000385848 -0.03406 0.000701372 -0.0155572 -0.0044347 -0.0163577 -0.0300782 0.194319 0.0256955 0.141427 -0.00336953 -0.0361628 -0.014397 0.0124265 0.122975 -0.00774338 0.0634121 -0.051189 -0.00697236 -0.0134216 -0.0612304 -0.00204776 0.030079 0.00597401 0.0266744 -0.0165804 0.00505144 0.000994734 -0.00387416 -0.00287257
internal_weight=2810.75 25.5128 2785.24 49.3648 41.6059 17.8508 13.4595 0.355327 4.39134 0.881472 3.50986 13.1042 8.51364 5.93053 0.915083 5.01545 1.90137 3.11407 40.6498 34.6232 6.65393 27.9693 6.02655 24.8307 12.9475 11.8832 8.7033 2735.87 334.775 330.049
internal_count=24513 6029 18484 3270 954 2046 1749 60 297 61 236 1689 966 378 60 318 95 223 936 873 673 200 63 178 79 99 52 15214 2157 2128
is_linear=0
shrinkage=0.1


Tree=227
num_leaves=31
num_cat=0
split_feature=0 10 10 0 3 0 9 9 9 7 4 10 3 12 0 8 7 13 10 8 5 4 4 7 11 9 12 4 0 6
split_gain=12.2403 1.59987 1.311 4.53329 1.09433 1.23024 1.15344 2.55196 2.77287 4.0654 2.81024 3.79434 2.69434 3.32074 2.63851 2.5501 3.31624 3.54003 3.57143 4.55835 3.32686 2.99396 2.43365 3.1605 2.2592 5.84971 2.7822 2.18587 3.681 2.91452
threshold=29.500000000000004 8.5000000000000018 21.500000000000004 48.500000000000007 1.5000000000000002 52.500000000000007 215.47618055555554 224.19538824538827 226.76485042735047 -6.4999999999999991 25.500000000000004 13.500000000000002 10.500000000000002 1.5000000000000002 37.500000000000007 0.11814556331006977 6.5000000000000009 0.34313725490196084 15.500000000000002 0.24417344173441732 1.5000000000000002 17.500000000000004 17.500000000000004 1.0000000180025095e-35 3.5000000000000004 217.5747023809524 8.5000000000000018 20.500000000000004 49.500000000000007 9.5000000000000018
decision_type=2 2 2 2 2 2 2 2 2 2 2 2 2 2 2 2 2 2 2 2 2 2 2 2 2 2 2 2 2 2
left_child=-1 -2 4 -4 5 -3 -6 15 9 -9 12 -12 14 -14 -10 -8 17 21 19 -19 -18 -17 24 27 25 -20 -26 29 -29 -24
right_child=1 2 3 -5 6 -7 7 8 10 -11 11 -13 13 -15 -16 16 20 18 22 -21 -22 -23 23 -25 26 -27 -28 28 -30 -31
leaf_value=-0.071383475538858238 -0.076082780258384719 -0.08065700880657263 -0.060230966226025487 0.062325408482380711 -0.00055218252510095287 0.051930658762844133 0.093814392799261487 0.073704631706201604 -0.042987673907441806 -0.042184210608041013 0.0093539281570939586 -0.22879040311112867 -0.060450005685522806 0.03681749002469812 0.0032772773379743897 0.017356961503114832 -0.10725718708395571 0.026113898997138174 -0.13491719874326408 0.11191577383715733 0.033627852150074265 -0.13001141747556497 -0.048938424380345708 0.066075662278968272 0.053167629201259697 -0.00066258096524012705 -0.05515202947941189 -0.15233545556842554 0.019147768296846803 0.065627624398380463
leaf_weight=24.000635875796434 2.721022671670652 3.1364634812343857 11.538480861345304 4.0872759483754626 1217.6841700309888 0.90080145746469487 4.3483775742352 3.4342033499851849 12.942477274918927 25.532243528403342 1.4892065394669765 1.2148170359432695 3.8572865892201653 38.977863578591496 259.18435713974759 2.7202594922855488 4.1901137696113429 18.290840083966035 4.0364705980755415 9.3604188011959177 2.7936121224192902 2.7951397453434765 3.3037895117886382 14.599392288597299 9.6451815972104651 16.561241870746017 3.1442304840311399 2.1391546241939059 3.017522364621982 6.7722123484127223
leaf_count=10875 569 168 1440 22 7849 4 24 21 384 173 10 33 31 327 1820 32 33 107 22 72 40 19 17 123 70 105 23 13 37 50
internal_value=-0.000469858 0.0005346 0.000657836 -0.0281735 0.000926626 -0.0510738 0.00105219 0.00535198 0.00117414 -0.0284447 0.00387494 -0.0976354 0.00474643 0.0280586 0.0010769 0.0187961 0.0156404 0.0204616 0.0251831 0.0551593 -0.0509007 -0.0573276 0.0120719 0.0328283 -0.0064744 -0.026972 0.0265376 0.000963171 -0.051989 0.0280629
internal_weight=1718.42 1694.42 1691.7 15.6258 1676.07 4.03726 1672.03 454.35 346.632 28.9664 317.666 2.70402 314.962 42.8352 272.127 107.718 103.37 96.3859 90.8705 27.6513 6.98373 5.5154 63.2192 29.8321 33.3871 20.5977 12.7894 15.2327 5.15668 10.076
internal_count=24513 13638 13069 1462 11607 172 11435 3586 2799 194 2605 43 2562 358 2204 787 763 690 639 179 73 51 460 240 220 127 93 117 50 67
is_linear=0
shrinkage=0.1


Tree=228
num_leaves=31
num_cat=0
split_feature=0 4 11 6 5 0 10 4 9 11 8 10 0 9 11 7 7 3 10 13 0 5 12 9 11 3 0 9 5 11
split_gain=14.5716 2.08437 1.31787 1.76623 3.72878 3.38537 2.16779 1.96163 0.723274 5.22986 4.03867 3.86284 3.54351 3.08677 3.70281 4.09009 4.80929 3.41349 2.68892 2.75424 2.59417 4.36833 3.58141 2.96354 3.70265 2.92859 3.67359 5.78644 2.85636 2.81982
threshold=35.500000000000007 13.500000000000002 2.5000000000000004 3.5000000000000004 2.5000000000000004 19.500000000000004 10.500000000000002 17.500000000000004 230.43450317124737 1.5000000000000002 0.29805897723030988 4.5000000000000009 25.500000000000004 195.60976535541758 3.5000000000000004 -2.4999999999999996 1.5000000000000002 4.5000000000000009 6.5000000000000009 1.1339285714285716 21.500000000000004 2.5000000000000004 10.500000000000002 199.54670849245323 4.5000000000000009 5.5000000000000009 19.500000000000004 190.52561064794503 2.5000000000000004 3.5000000000000004
decision_type=2 2 2 2 2 2 2 2 2 2 2 2 2 2 2 2 2 2 2 2 2 2 2 2 2 2 2 2 2 2
left_child=1 8 -3 -4 6 -6 7 -5 9 11 12 -1 20 -12 17 -16 -17 -15 19 -13 22 23 25 -22 -25 -11 28 -28 29 -27
right_child=-2 2 3 4 5 -7 -8 -9 -10 10 13 18 -14 14 15 16 -18 -19 -20 -21 21 -23 -24 24 -26 26 27 -29 -30 -31
leaf_value=0.093742567026611393 -0.075159760331549849 -0.077430350707845999 -0.077268142521898633 0.17137374529999483 0.2981019460590561 -0.082768264117898629 -0.077482715821843073 -0.077265089937589557 -3.8997243097637579e-06 0.052385239351434021 -0.049124393654051593 -0.15125185990925183 -0.039360973999181766 -0.021005039353644034 -0.14452969547349831 0.07917555683227423 -0.072604709622604985 0.12810246387900801 -0.017166076989967714 -0.023838860551381267 0.029334529134745664 0.0070718320550773655 -0.088687380810520064 0.18991542063429601 0.064632262340688557 -0.055084188640894143 0.038029128373420651 -0.15274646005665277 0.10364511623582695 0.046056925729355498
leaf_weight=2.7960913153365246 25.967818667559186 5.1998483907664186 3.1188073948724178 2.1420412055449569 0.25105780363082919 3.3132143742404878 0.5966376638971268 0.37248482974246133 1401.9783093883889 28.151406950317323 12.897642633877696 3.2814135681837788 6.6079251766204825 2.407856231788176 2.1436101128347245 4.5930502966511941 3.8270855820737779 4.236897257855162 38.694715810823254 3.5127837541513145 4.0578336575999883 7.8475735229440025 2.6271487246267489 5.0559890377335233 4.4223631229251623 4.6631894344463962 3.0827811220660797 3.2830576170235872 3.9208838921040288 6.7418835982680321
leaf_count=40 10799 940 500 82 1 470 128 80 10047 263 125 48 165 25 20 50 35 34 312 44 41 48 25 28 28 24 24 29 22 36
internal_value=-0.000860133 0.00036424 -0.0367424 -0.0151408 0.0138856 -0.0559408 0.0938814 0.134542 0.000720704 0.00711578 0.0191063 -0.0203414 0.0307969 -0.0121381 0.0155828 -0.0212067 0.010189 0.0740704 -0.0273539 -0.0853759 0.0370741 0.0664321 0.0251095 0.100846 0.131461 0.0311076 0.00349362 -0.0603597 0.0300159 0.00470338
internal_weight=1601.79 1575.83 14.9941 9.79424 6.67544 3.56427 3.11116 2.51453 1560.83 158.853 110.568 48.285 80.462 30.1061 17.2085 10.5637 8.42014 6.64475 45.4889 6.7942 73.8541 21.3838 52.4704 13.5362 9.47835 49.8432 21.6918 6.36584 15.326 11.4051
internal_count=24513 13714 2201 1261 761 471 290 162 11513 1466 1022 444 733 289 164 105 85 59 404 92 568 145 423 97 56 398 135 53 82 60
is_linear=0
shrinkage=0.1


Tree=229
num_leaves=31
num_cat=0
split_feature=0 0 10 1 5 6 7 6 4 7 3 4 9 11 9 4 8 13 8 12 13 9 9 0 12 5 11 6 8 11
split_gain=2.70051 1.24185 4.32657 1.17718 1.09592 3.51681 0.976092 0.942265 4.24559 1.19985 2.18702 2.85144 2.82746 2.32111 2.14158 2.36168 5.31482 4.17851 1.07603 2.63184 0.893041 2.17394 2.39818 2.74095 1.97306 2.93053 2.86843 2.672 4.25577 4.89866
threshold=49.500000000000007 42.500000000000007 19.500000000000004 3.5000000000000004 8.5000000000000018 12.500000000000002 1.5000000000000002 6.5000000000000009 10.500000000000002 -7.4999999999999991 1.5000000000000002 9.5000000000000018 265.93608974358978 4.5000000000000009 295.03171702404171 14.500000000000002 0.24417344173441732 0.84962406015037606 0.18624359479700434 8.5000000000000018 0.29670329670329676 410.52061403508782 480.64579124579126 24.500000000000004 5.5000000000000009 1.0000000180025095e-35 4.5000000000000009 5.5000000000000009 0.18107302533532041 1.0000000180025095e-35
decision_type=2 2 2 2 2 2 2 2 2 2 2 2 2 2 2 2 2 2 2 2 2 2 2 2 2 2 2 2 2 2
left_child=1 20 4 6 -3 -6 7 8 -4 10 -9 12 -12 -13 15 -11 -17 -18 -10 -20 21 24 23 -23 25 26 -1 -27 29 -29
right_child=-2 2 3 -5 5 -7 -8 9 18 14 11 13 -14 -15 -16 16 17 -19 19 -21 -22 22 -24 -25 -26 27 -28 28 -30 -31
leaf_value=-0.011492290758174135 -0.075182690264780569 -0.07531730032416882 -0.044051338477431645 0.070175067845888991 0.39776918217234825 -0.07628351822555908 -0.077665076840538375 -0.059019048243972187 0.19101113334116915 -0.059854750399257965 0.16366656080638392 -0.080759994573412985 0.028777597808579122 0.061051634236988499 0.068368373753343065 -0.078944107089306534 -0.077188297164400593 0.16301836624655897 -0.0166127066979374 0.17147895204796948 0.00012953774155050665 -0.068432793998510891 0.03087746486805782 0.021361756007301277 0.017239290361479583 0.01996081893248642 -0.10577104688572843 -0.074877711910352585 -0.018294996702550564 0.050052333869111648
leaf_weight=10.165124111808835 4.7232135403464772 11.269654996518508 3.8858493808656922 2.2599610455799839 0.20968799933325577 0.61687738902401179 1.7197413523681451 3.2028167685493782 1.025209513492882 12.34163003345021 2.3846814744174463 2.9147037430666387 4.4609125712886453 1.9108385900035498 2.3040046300739041 3.2852444106247267 1.0004424825310709 2.6226207078434527 1.5743582020513716 1.4102979358285663 2336.1200934411027 12.15158443851397 5.8739445102401069 4.7197327613830558 130.16979510523379 68.477470795623958 4.728191382251679 3.7187989945523467 70.715889196842909 20.1192766148597
leaf_count=70 3134 2897 42 50 15 68 97 38 9 204 12 72 37 26 23 132 47 35 39 14 15329 141 50 17 837 513 36 22 386 121
internal_value=0.000366214 0.000497048 -0.0136823 -0.000288864 -0.0671656 0.043977 -0.00374747 -0.00087949 0.0304382 -0.00766758 0.0141797 0.034267 0.0757665 -0.0246048 -0.022744 -0.0336491 0.0131671 0.0966897 0.102624 0.0722636 0.000818172 0.00568075 -0.0241533 -0.0433129 0.00788326 0.00103839 -0.041423 0.00491734 -0.00597738 0.0305629
internal_weight=2732.08 2727.36 60.3995 48.3033 12.0962 0.826565 46.0434 44.3236 7.89572 36.4279 14.874 11.6711 6.84559 4.82554 21.5539 19.2499 6.90831 3.62306 4.00987 2.98466 2666.96 330.84 22.7453 16.8713 308.095 177.925 14.8933 163.031 94.554 23.8381
internal_count=24513 21379 3857 877 2980 83 827 730 104 626 185 147 49 98 441 418 214 82 62 53 17522 2193 208 158 1985 1148 106 1042 529 143
is_linear=0
shrinkage=0.1


Tree=230
num_leaves=31
num_cat=0
split_feature=0 1 13 10 9 12 11 9 10 9 8 13 1 9 6 9 8 10 12 11 1 11 9 12 0 11 13 9 9 6
split_gain=2.79124 4.77073 3.09212 2.70568 2.49245 2.7644 2.28201 2.24608 3.35001 2.13709 2.1634 1.91885 1.77336 2.96403 2.66803 2.16329 2.61636 2.16155 4.29455 5.00299 1.96201 3.75297 1.85027 1.83541 1.52803 1.64319 1.97175 1.41012 1.68998 1.68326
threshold=24.500000000000004 1.0000000180025095e-35 0.38750000000000007 7.5000000000000009 347.66613636363644 10.500000000000002 2.5000000000000004 406.13259259259263 22.500000000000004 384.72971014492759 0.27100988700564976 1.1791443850267382 2.5000000000000004 190.52561064794503 4.5000000000000009 148.51445512820516 0.17521929824561402 8.5000000000000018 5.5000000000000009 1.0000000180025095e-35 3.5000000000000004 2.5000000000000004 160.89314814814819 7.5000000000000009 20.500000000000004 3.5000000000000004 0.94987468671679209 344.52549206349209 398.16666666666669 4.5000000000000009
decision_type=2 2 2 2 2 2 2 2 2 2 2 2 2 2 2 2 2 2 2 2 2 2 2 2 2 2 2 2 2 2
left_child=1 -1 -3 -4 5 12 -7 27 11 10 -6 -9 17 15 20 16 -14 18 -5 -20 21 -15 -17 -21 25 -19 -27 -2 29 -29
right_child=7 2 3 4 9 6 -8 8 -10 -11 -12 -13 13 14 -16 22 -18 24 19 23 -22 -23 -24 -25 -26 26 -28 28 -30 -31
leaf_value=-0.071066962757061411 0.001136545225731832 0.14736829988918684 -0.075148576020766744 -0.054450384042639723 0.045708329722684092 -0.020604128661727023 0.080015730385942785 -0.059716303746785319 0.25398590355028661 -0.013031494184048219 0.21278784708127182 0.10165846568470341 0.094795942878902126 0.10427272385259026 -0.089045375400387539 0.1194726405831899 -0.05301201747315324 -0.076101789211241819 0.34700510320340577 0.12402978719225646 -0.051577617414763556 -0.038897828578943444 0.028116638559490599 -0.077852465057327194 -0.060138393544561103 -0.076709683821034214 0.14786437808280414 -0.052728319276391433 -0.13373639671281443 -0.0019162685508860009
leaf_weight=13.619824802037327 2667.0356980782817 1.2725237628910679 5.8740185798087614 3.4552289869170663 1.9420344699174159 3.6998650697059912 5.7677138510625809 1.358344536507502 0.84031818248331536 2.3444166905246675 1.2896058664191512 1.6103970399126408 1.5793286138214195 3.4472779897041637 5.4221136216074219 3.1955155879259092 4.9543879174161702 1.1564316346775769 0.68883104342967305 0.97066235123202182 5.3013290178496391 3.9048421471379697 7.2396901603788137 0.84009337029419839 19.514465979300439 0.57273044064640988 1.2318517796229569 8.7190404192078841 1.2360398147720832 25.844328117789701
leaf_count=3587 15435 29 3175 191 42 52 65 73 10 60 20 46 15 35 66 24 53 100 13 33 63 74 67 52 230 31 48 220 58 546
internal_value=0.000375988 -0.0160918 -0.0073513 -0.00968426 -0.00478683 -0.00971291 0.0406942 0.000980056 0.0777158 0.059653 0.112382 0.0278216 -0.0172314 -0.00217645 -0.0303546 0.0278394 -0.0172839 -0.0357888 0.0177801 0.117626 -0.00520512 0.0282323 0.0560921 0.0303673 -0.0499817 0.0169559 0.07659 0.000871913 -0.018843 -0.0147342
internal_weight=2805.93 99.2848 85.665 84.3924 78.5184 72.9424 9.46758 2706.64 3.80906 5.57606 3.23164 2.96874 63.4748 35.0445 18.0756 16.9689 6.53372 28.4303 5.95482 2.49959 12.6534 7.35212 10.4352 1.81076 22.4755 2.96101 1.80458 2702.84 35.7994 34.5634
internal_count=24513 8125 4538 4509 1334 1212 117 16388 129 122 62 119 1095 397 238 159 68 698 289 98 172 109 91 85 409 179 79 16259 824 766
is_linear=0
shrinkage=0.1


Tree=231
num_leaves=31
num_cat=0
split_feature=0 9 0 0 2 7 8 0 8 9 6 6 4 4 9 0 9 1 1 4 1 9 7 10 13 9 9 10 5 4
split_gain=11.3051 1.52558 1.86683 3.15255 2.16322 2.28629 1.1428 2.91156 2.42821 5.38454 2.95242 4.22702 3.3084 2.63073 3.57217 3.34883 2.54468 2.28227 3.91197 3.46092 2.16123 2.94882 3.35081 3.37062 2.5314 2.27598 3.45771 2.72016 3.58639 2.70072
threshold=29.500000000000004 304.0131313131314 44.500000000000007 39.500000000000007 4.5000000000000009 -4.4999999999999991 0.2869249394673124 33.500000000000007 0.29289318755256516 225.86830065359479 2.5000000000000004 4.5000000000000009 20.500000000000004 25.500000000000004 137.05471014492755 41.500000000000007 139.16703431372551 2.5000000000000004 4.5000000000000009 21.500000000000004 4.5000000000000009 173.64322089947092 1.5000000000000002 15.500000000000002 1.6515151515151518 164.00866330227745 167.95046992481207 17.500000000000004 7.5000000000000009 18.500000000000004
decision_type=2 2 2 2 2 2 2 2 2 2 2 2 2 2 2 2 2 2 2 2 2 2 2 2 2 2 2 2 2 2
left_child=-1 6 3 -3 5 -5 -2 -8 9 17 12 16 -10 20 -15 -16 -12 19 -19 -9 24 -22 -23 -24 25 -13 -27 28 -28 -29
right_child=1 2 -4 4 -6 -7 7 8 10 -11 11 13 -14 14 15 -17 -18 18 -20 -21 21 22 23 -25 -26 26 27 29 -30 -31
leaf_value=-0.071051081256632176 0.0020597713540397829 -0.077556422259115632 -0.080777958929724392 -0.085074479992664875 -0.059497061956970979 0.11043239006033789 -0.077369818921966482 -0.0057461922384702928 0.12900038854965598 -0.096221262471810259 0.039218119210206764 -0.020942035616071331 0.0070689085583066722 -0.057584834027142852 0.19069833552401816 0.045383862958837271 -0.046305040275705971 -0.073495019886853086 0.038865617626269083 0.10992793831894013 0.01630178198917677 -0.15159390762623876 -0.097978223823613125 0.027182273518265205 -0.076722508955739344 0.077253074851520331 0.012558493941251636 -0.025956565080157475 0.09725369133676752 0.016913262090791355
leaf_weight=22.350167721073376 1367.7012001206167 3.7230302166426537 5.055210997350513 0.71998097607865919 1.5856425352394579 3.5347513491287827 5.4126589433290055 10.762935760430993 3.6794758655596507 8.6990529559552652 3.9641765616834155 28.507034700363874 5.6305660614743829 2.4345666058361521 2.065376400947569 6.8313342697219923 28.431657233159058 9.0701803351985273 4.7064560025464734 3.4047651439905158 7.8094194754958179 3.130421715322881 4.0123419165611249 4.6398381018079817 3.8560191297437987 7.23813697323203 87.322824951261282 38.553699573501945 5.3032881610561153 23.746444549178705
leaf_count=10875 10111 900 48 66 7 58 329 53 24 82 23 139 33 12 7 124 170 54 32 29 40 26 20 34 60 37 510 423 31 156
internal_value=-0.000395455 0.000538115 -0.0316266 -0.00564516 0.0401957 0.0773489 0.000818513 -0.00467179 -0.00337656 -0.0275164 -6.55217e-05 -0.00206309 0.0552582 0.00279042 0.0497474 0.0791187 -0.0358398 -0.00612864 -0.0351097 0.0220525 0.000305433 -0.0313519 -0.0629363 -0.0308594 0.00349383 0.00511607 0.00969685 0.00654063 0.0174077 -0.00961622
internal_weight=1713.88 1691.53 14.6186 9.56341 5.84037 4.25473 1676.91 309.213 303.8 36.6434 267.157 257.847 9.31004 225.451 11.3313 8.89671 32.3958 27.9443 13.7766 14.1677 214.119 19.592 11.7826 8.65218 194.527 190.671 162.164 154.926 92.6261 62.3001
internal_count=24513 13638 1079 1031 131 124 12559 2448 2119 250 1869 1812 57 1619 143 131 193 168 86 82 1476 120 80 54 1356 1296 1157 1120 541 579
is_linear=0
shrinkage=0.1


Tree=232
num_leaves=31
num_cat=0
split_feature=0 4 7 2 13 0 9 9 9 4 9 7 13 12 7 6 11 6 9 13 12 9 11 0 13 0 9 5 0 8
split_gain=13.5095 1.909 0.698828 1.31563 1.81004 0.817132 1.29546 0.799678 0.631977 1.89729 0.866854 2.59241 2.0638 2.86244 1.17432 1.5395 0.990697 2.25211 0.874544 2.41989 0.74181 4.79527 5.23648 5.85348 3.14979 3.14173 3.97594 3.79492 2.20486 5.33306
threshold=35.500000000000007 17.500000000000004 7.5000000000000009 5.5000000000000009 0.88194444444444453 19.500000000000004 228.57005797101453 115.78878119429591 134.65788288288292 11.500000000000002 156.74375000000003 6.5000000000000009 1.6515151515151518 4.5000000000000009 2.5000000000000004 4.5000000000000009 3.5000000000000004 4.5000000000000009 159.91745267072346 1.2344322344322347 11.500000000000002 369.33606934001676 3.5000000000000004 26.500000000000004 1.7032967032967035 23.500000000000004 384.72971014492759 1.5000000000000002 17.500000000000004 0.23420877659574468
decision_type=2 2 2 2 2 2 2 2 2 2 2 2 2 2 2 2 2 2 2 2 2 2 2 2 2 2 2 2 2 2
left_child=1 2 7 4 -4 -6 -7 -1 9 -9 11 12 13 14 15 -10 17 -15 19 -12 -20 22 23 24 -22 26 -23 -28 29 -24
right_child=-2 -3 3 -5 5 6 -8 8 10 -11 18 -13 -14 16 -16 -17 -18 -19 20 -21 21 25 28 -25 -26 -27 27 -29 -30 -31
leaf_value=0.050275159290350958 -0.075148117408304627 -0.075374886661536369 -0.10531198576445587 -0.08435030078660237 0.11006925000089557 -0.079868747156202957 0.10005774906406928 0.017104815319121613 0.067591488447223472 -0.10382447616552551 0.058208521900654203 0.14794714611309723 0.09002404333454693 0.16086877279227454 -0.1116824309974325 -0.092332611165567735 -0.0039792591133527714 -0.035474875902279754 -1.0950931357161446e-05 -0.132711601778811 0.046494154861170513 -0.18289318917529432 0.027145147623845234 -0.03840910379372852 0.12992625631742136 0.01192342764109549 -0.14024921159446388 0.016730068099846198 -0.0028576887945670959 -0.2310228213517459
leaf_weight=3.2394783834461114 24.06714684421604 3.3225818742066613 1.0649160295724862 2.7786645588930696 1.2040858939290049 0.88760022399947025 0.7286709314212203 3.0780938118696204 1.1777689494192549 2.2426506134215742 1.1116722277365618 1.5393313639797277 2.5619081035256395 1.5723631209693851 2.5313696272205561 1.2311747595667837 2.2085924120619893 0.92956101079471398 1449.0373450787738 1.648156887385994 31.220125270076096 2.5850260178558546 1.7559231342747836 7.4996500683482727 5.2919739754870525 6.8040106892585746 2.3474816475063562 4.4769479525275528 26.058276740950532 1.4700186261907218
leaf_count=37 10799 1082 68 187 6 34 9 15 9 76 41 29 22 18 51 37 31 36 11192 13 238 17 29 78 48 25 18 42 211 15
internal_value=-0.000792901 0.000344308 0.000504523 -0.0318099 0.00576589 0.0477069 0.00124834 0.000642243 0.000539201 -0.0338659 0.00065692 0.0256523 0.0102379 -0.0109421 -0.0641214 -0.0141433 0.0448315 0.0879196 0.000433903 -0.0558081 0.000534789 0.00936958 0.0202556 0.0420584 0.0585866 -0.0398428 -0.0772751 -0.037268 -0.0125122 -0.0904986
internal_weight=1597.67 1573.61 1570.28 6.66394 3.88527 2.82036 1.61627 1563.62 1560.38 5.32074 1555.06 13.7521 12.2127 9.65083 4.94031 2.40894 4.71052 2.50192 1541.31 2.75983 1538.55 89.5094 73.296 44.0117 36.5121 16.2135 9.40946 6.82443 29.2842 3.22594
internal_count=24513 13714 12632 304 117 49 43 12328 12291 91 12200 233 204 182 97 46 85 54 11967 54 11913 721 619 364 286 102 77 60 255 44
is_linear=0
shrinkage=0.1


Tree=233
num_leaves=31
num_cat=0
split_feature=0 0 10 4 5 3 3 3 5 5 1 0 9 9 12 9 13 9 13 2 9 3 3 7 2 3 8 7 7 9
split_gain=2.49907 1.10745 4.018 1.02819 2.50028 0.99236 3.88215 1.23651 0.889042 1.76844 0.862087 3.50691 3.0545 2.58638 2.55553 2.40909 1.81912 3.04239 1.68198 1.38396 1.32264 1.33091 1.27828 1.68812 0.878224 1.27842 3.92887 1.93328 2.11803 3.78151
threshold=49.500000000000007 42.500000000000007 19.500000000000004 12.500000000000002 8.5000000000000018 10.500000000000002 11.500000000000002 7.5000000000000009 9.5000000000000018 10.500000000000002 4.5000000000000009 31.500000000000004 115.78878119429591 115.78878119429591 2.5000000000000004 224.19538824538827 1.420168067226891 154.17960588793923 1.2679425837320577 7.5000000000000009 106.83598214285716 10.500000000000002 9.5000000000000018 4.5000000000000009 9.5000000000000018 15.500000000000002 0.19378911892152142 11.500000000000002 9.5000000000000018 236.86700680272114
decision_type=2 2 2 2 2 2 2 2 2 2 2 2 2 2 2 2 2 2 2 2 2 2 2 2 2 2 2 2 2 2
left_child=1 8 3 4 -3 7 -7 -4 10 -10 20 13 -13 -12 19 16 18 -18 -16 -15 21 -1 23 -14 25 27 -27 28 -22 -30
right_child=-2 2 5 -5 -6 6 -8 -9 9 -11 11 12 22 14 15 -17 17 -19 -20 -21 24 -23 -24 -25 -26 26 -28 -29 29 -31
leaf_value=0.06151501760203968 -0.07516975419104148 -0.075819045714432154 0.0022900106985905924 -0.075297371892791662 0.29286284542283875 0.28488358686402399 -0.077012497730996887 -0.056069458823880064 0.057365833619270772 -0.026480915740277229 -0.061995395365258325 0.12493461900957947 -0.058765086862945848 -0.06271916183036369 0.0035576156793939023 0.083598129998704571 -0.088469981527023706 0.020261028817136654 0.07066057128597665 0.0080862731736861433 0.00057988090053982821 -0.0012169799954957778 -0.076527794560699289 0.095415267550648886 -0.047912973491697521 0.14808151373706943 -0.016956315960343953 -0.043591882210458677 0.039912120161068064 -0.074935882413588353
leaf_weight=7.201141264755277 4.376384442599373 0.59349310293327917 42.536034525837749 10.458824306202585 0.2665603831410408 0.54951913794502505 0.64356449479237199 3.9693664102815083 7.3989739883691055 3.8111456669867039 5.4905418287962666 0.92905497923493641 2.0271625733003016 6.0516024678945524 7.9311284050345439 5.7886711955070487 3.9702090770006162 7.3145339675247669 7.0609792657196522 5.0760205201804638 2525.8463489287533 6.3768423264846206 12.119005216285585 1.0930522773414848 3.701677127275615 2.3455061204731456 3.7464636983349919 9.8074584994465095 26.442259998060766 3.2155817658640435
leaf_count=38 3134 67 646 2910 3 23 37 171 44 21 24 12 44 28 30 29 17 34 28 21 16466 37 281 14 35 16 41 57 185 20
internal_value=0.000336527 0.000457846 -0.0130914 -0.0666545 0.0384483 -0.000380846 0.0896722 -0.00269113 0.000757928 0.0288601 0.000639207 -0.0107486 -0.0511002 0.00265249 0.0108703 0.0251992 0.0123342 -0.0179928 0.0351617 -0.0304203 0.000924496 0.0320532 -0.0618321 -0.00475368 0.000760361 0.000830429 0.0465859 0.000721771 0.000891837 0.02746
internal_weight=2728.14 2723.76 59.0174 11.3189 0.860053 47.6985 1.19308 46.5054 2664.75 11.2101 2653.54 64.852 16.1683 48.6837 43.1931 32.0655 26.2769 11.2847 14.9921 11.1276 2588.68 13.578 15.2392 3.12021 2575.11 2571.4 6.09197 2565.31 2555.5 29.6578
internal_count=24513 21379 3857 2980 70 877 60 817 17522 65 17457 562 351 211 187 138 109 51 58 49 16895 75 339 58 16820 16785 57 16728 16671 205
is_linear=0
shrinkage=0.1


Tree=234
num_leaves=31
num_cat=0
split_feature=0 3 10 0 9 12 4 3 8 5 9 6 10 12 12 1 7 1 8 0 12 0 8 12 8 2 4 8 10 9
split_gain=2.57366 1.7199 1.08684 2.98241 1.044 1.93863 1.73041 1.58113 2.08721 1.66095 2.04088 1.77135 1.30004 1.78132 1.18721 1.47826 1.81337 0.961114 1.78832 1.2288 1.75632 0.955818 2.1941 0.90774 2.73386 3.2547 2.72486 2.47077 3.74524 2.55738
threshold=21.500000000000004 3.5000000000000004 6.5000000000000009 27.500000000000004 310.06151623321438 6.5000000000000009 6.5000000000000009 3.5000000000000004 0.15450928381962861 2.5000000000000004 318.48066603535364 4.5000000000000009 1.0000000180025095e-35 7.5000000000000009 2.5000000000000004 1.5000000000000002 -2.4999999999999996 1.5000000000000002 0.20483682983682983 34.500000000000007 3.5000000000000004 33.500000000000007 0.21294035577258458 11.500000000000002 0.27055180180180188 2.5000000000000004 26.500000000000004 0.22684391080617491 10.500000000000002 195.60976535541758
decision_type=2 2 2 2 2 2 2 2 2 2 2 2 2 2 2 2 2 2 2 2 2 2 2 2 2 2 2 2 2 2
left_child=1 -1 3 -2 12 6 -6 9 -9 11 -11 -7 13 17 15 16 -8 18 -5 20 -20 22 -16 -4 25 -25 27 -27 -29 -30
right_child=2 -3 23 4 5 7 14 8 -10 10 -12 -13 -14 -15 21 -17 -18 -19 19 -21 -22 -23 -24 24 -26 26 -28 28 29 -31
leaf_value=-0.075283343709864128 -0.075179183002162295 -0.015538998083365639 0.0013462511517076294 -0.072793779442973092 -0.077669623693552153 0.042612446553000047 0.13868757252584715 0.088616454429988764 -0.047308232691296387 0.13880757174097344 -0.036993606603642724 0.19931910064810512 -0.069076620760403967 -0.084211347040097043 0.14353762149322455 -0.044987732328190345 -0.0065924403806758821 0.064706507399811125 0.079783217727642561 0.10389447813560515 -0.088283845414071374 -0.055668587110802525 -0.077150808322665174 -0.025767370688194971 -0.02991798515786985 0.0034924469298888323 -0.073730939511051682 -0.052312364429769546 0.092011769252631437 0.022782914545669424
leaf_weight=6.7170057885523446 6.8916853882838032 17.04771309136413 2566.1905376946088 2.5263640966732073 3.4210994475288343 1.3057787190191432 1.9647432349156586 1.7178154829889534 3.2998394872993231 0.99997519538737867 1.9442983111366627 1.6115690448787061 4.5655583124607793 2.3277865620329967 0.89712354959920027 1.4491000750567762 1.5268251085653886 2.6366438260301948 1.1747394350823017 1.5632070656865833 1.3209560629911719 3.811488576233387 0.90492351981811225 33.871262012515217 37.802027624798939 63.465635986300185 3.6887144627980879 3.6993613794911679 10.45355793903582 10.900012892903758
leaf_count=3983 2316 2046 14282 32 241 31 19 21 80 9 51 22 135 43 43 21 33 33 22 8 21 25 64 197 235 314 41 17 48 80
internal_value=0.000343224 -0.0324255 0.000623555 -0.0143153 -0.00407713 0.00877671 -0.0158646 0.0404304 -0.000773839 0.075702 0.0227144 0.129179 -0.0239016 -0.00604411 0.00416928 0.0399193 0.0751582 0.0136868 -0.00674074 0.0343723 -0.00917363 -0.0272956 0.0327158 0.000885451 -0.00633018 0.00074213 0.0104801 0.0139893 0.0405806 0.0566736
internal_weight=2801.7 23.7647 2777.93 47.8615 40.9698 24.8546 13.9753 10.8793 5.01765 5.86162 2.94427 2.91735 16.1153 11.5497 10.5542 4.94067 3.49157 9.22191 6.58527 4.0589 2.4957 5.61354 1.80205 2730.07 163.881 126.079 92.2073 88.5186 25.0529 21.3536
internal_count=24513 6029 18484 3270 954 660 446 214 101 113 60 53 294 159 205 73 52 116 83 51 43 132 107 15214 932 697 500 459 145 128
is_linear=0
shrinkage=0.1


Tree=235
num_leaves=31
num_cat=0
split_feature=0 10 3 0 11 13 1 10 0 9 8 8 8 9 13 9 1 8 9 8 8 9 4 13 1 5 10 3 4 8
split_gain=10.4282 1.43399 1.13887 2.27995 1.95089 2.09126 1.92194 1.65952 3.04514 2.35686 1.99316 2.37531 2.60507 1.81316 3.06809 2.0414 1.73008 1.32811 1.31584 4.69099 3.5175 2.90232 2.18836 1.37644 1.32292 1.44667 1.45798 1.26379 1.71851 1.4019
threshold=29.500000000000004 8.5000000000000018 4.5000000000000009 36.500000000000007 1.5000000000000002 1.297058823529412 2.5000000000000004 18.500000000000004 43.500000000000007 221.55425925925928 0.30330086580086579 0.15831244778613199 0.18107302533532041 255.71382275132285 0.62828947368421062 248.44102472089318 1.0000000180025095e-35 0.22933743169398904 272.0478070175439 0.13819628647214852 0.17108013937282227 286.16530388471193 17.500000000000004 1.9285714285714286 1.0000000180025095e-35 5.5000000000000009 18.500000000000004 8.5000000000000018 11.500000000000002 0.22684391080617491
decision_type=2 2 2 2 2 2 2 2 2 2 2 2 2 2 2 2 2 2 2 2 2 2 2 2 2 2 2 2 2 2
left_child=-1 -2 3 -3 5 -5 7 16 -9 -10 11 -11 -13 15 -15 -14 -6 -18 23 -20 -21 22 27 -4 -23 26 -26 28 -22 -30
right_child=1 2 18 4 6 -7 -8 8 9 10 -12 12 13 14 -16 -17 17 -19 19 20 21 24 -24 -25 25 -27 -28 -29 29 -31
leaf_value=-0.070698882309512948 -0.076065712057698714 -0.076291949608699686 0.00090794761519737827 -0.015053424898851529 -0.00061489116142026388 -0.091102543077432208 -0.11595918677215573 -0.077147037770544727 -0.075468595650745277 -0.058222174345462008 -0.067263837906139476 0.12412233285770383 0.024852474789283069 0.047312548806924815 -0.070621289470490026 0.12774122466582444 0.022354651234590558 0.10075194249499163 -0.10781813939971965 0.10789214033836625 -0.035360604051524434 0.068879098464227656 0.11208960244942566 -0.052150060058286277 -0.015617442807469885 0.052303964548722097 -0.094844360496338473 -0.053055401179169584 0.11853231717200226 0.026675998389685623
leaf_weight=20.819870873718173 2.4420395814813665 5.0242603067308655 1563.5928042690502 14.562778086401524 8.4205814786255377 4.8103160855825982 1.3250444433651853 5.1786975661525494 3.2069823089987066 3.0957310339435997 2.6584043223410836 2.8729246975854066 7.7432945910841244 4.4403854161500913 4.3836900470778346 2.5678826253861189 4.1628159582614881 4.4933862648904324 2.705328492447733 4.8575660472270092 2.2497345991432685 1.8216407885774994 4.0013658062089226 4.9047354848589739 9.8766875264700484 2.2706125242402768 3.0369990792823947 1.721244622953235 2.8748402539640665 3.9366624450776726
leaf_count=10875 569 967 10334 242 43 123 21 526 25 31 26 28 59 42 55 21 20 23 23 48 51 29 34 52 60 36 85 13 18 34
internal_value=-0.000358412 0.000508534 0.000619393 -0.0111069 -0.00667647 -0.0339363 0.00300473 0.00596636 -0.00617018 0.0056986 0.0150747 0.023794 0.0353306 0.0219996 -0.0112755 0.0504758 0.0316569 0.0630502 0.00119516 0.0192558 0.0286365 0.016526 0.0489327 0.000742034 -0.0116463 -0.0213068 -0.0342498 0.0254953 0.0404165 0.0654446
internal_weight=1710.06 1689.24 1686.8 78.9472 73.9229 19.3731 54.5498 53.2248 36.148 30.9693 27.7623 25.1039 22.0082 19.1353 8.82408 10.3112 17.0768 8.6562 1607.85 39.3527 36.6474 31.7898 14.7838 1568.5 17.0059 15.1843 12.9137 10.7825 9.06124 6.8115
internal_count=24513 13638 13069 2252 1285 365 920 899 813 287 262 236 205 177 97 80 86 43 10817 431 408 360 150 10386 210 181 145 116 103 52
is_linear=0
shrinkage=0.1


Tree=236
num_leaves=31
num_cat=0
split_feature=0 4 6 11 6 7 4 11 9 10 8 9 1 9 4 8 8 11 9 9 9 11 8 12 6 13 11 1 8 10
split_gain=12.5226 1.76575 0.636868 2.40515 1.01865 3.0186 3.85976 1.73819 1.35873 0.683415 1.51867 1.30048 1.82217 4.79463 1.93502 2.02097 1.70438 5.86675 2.69469 4.65889 2.72935 2.33606 1.75198 2.53575 1.73428 1.62792 1.53703 1.3328 1.3016 1.26415
threshold=35.500000000000007 17.500000000000004 14.500000000000002 1.5000000000000002 12.500000000000002 -9.4999999999999982 5.5000000000000009 3.5000000000000004 301.53472222222229 22.500000000000004 0.069366479550922219 254.67365151515153 1.5000000000000002 288.39128787878792 6.5000000000000009 0.32173123486682814 0.27953488372093027 1.5000000000000002 317.10425000000004 311.19600000000008 346.12369047619057 1.0000000180025095e-35 0.16405676535356004 7.5000000000000009 5.5000000000000009 0.62828947368421062 4.5000000000000009 1.0000000180025095e-35 0.30267794221282596 7.5000000000000009
decision_type=2 2 2 2 2 2 2 2 2 2 2 2 2 2 2 2 2 2 2 2 2 2 2 2 2 2 2 2 2 2
left_child=1 2 4 -4 9 6 7 -6 -8 29 -11 26 14 -14 15 16 18 -18 19 21 24 -13 -23 27 -20 -22 -12 -24 -19 -1
right_child=-2 -3 3 -5 5 -7 8 -9 -10 10 11 12 13 -15 -16 -17 17 28 20 -21 25 22 23 -25 -26 -27 -28 -29 -30 -31
leaf_value=0.0016813079675209914 -0.075137426199379909 -0.075349927209966694 0.10232215946272634 -0.024887867751923032 0.0030877502650939453 -0.13408988365268709 0.016243026568014157 -0.099753515756078256 0.14582209281670164 0.096729742433755247 0.010769113814092015 0.087802990002181225 0.067016376274302736 -0.095373189000509104 -0.029543684686046224 -0.03214803031030241 -0.040019767516200448 0.14507624871424771 0.01923239529739644 0.13206498279498971 -0.02954525958699232 -0.051776315471740914 0.083900443981418618 -0.038385784772136999 -0.062837960885971808 0.03743536929797308 0.088596495090088268 0.008701161860001012 0.063722602932377859 -0.0051607727930676707
leaf_weight=1077.4738188465126 22.313858813926345 3.078871024074032 2.7269665835192418 3.2667353672441095 3.2504001329652947 2.2153994886903083 1.5391791509464385 3.3243209940847009 1.7062778582330791 1.8985936525277782 6.9272078226786089 3.8472575764171841 2.7064585690386576 5.5398157418239862 12.514767286134882 8.8927154282573593 4.4107622420415264 3.9005010055843741 3.4393673199228969 4.1352414865978053 5.1647546824533519 4.5483458123635527 5.1771716785151494 4.986724298214539 10.243276864755897 12.199379001045598 4.0044781236210838 4.3265216760337353 3.9665693428833038 360.34611273813061
leaf_count=8065 10799 1082 21 34 25 45 29 24 13 12 43 24 24 60 153 58 23 18 18 25 29 22 29 31 67 60 26 24 23 3607
internal_value=-0.000750057 0.000306002 0.000454493 0.0329891 0.000329706 -0.0286505 -0.00486369 -0.048911 0.0843684 0.000554639 0.00804884 0.00653107 0.00295118 -0.0420763 0.006998 0.0127693 0.0184475 0.0522985 0.0112901 0.034381 -0.00880688 0.0167306 0.00236869 0.0193641 -0.0422082 0.0175128 0.0392787 0.0496662 0.104058 -3.34528e-05
internal_weight=1594.07 1571.76 1568.68 5.9937 1562.69 12.0356 9.82018 6.57472 3.24546 1550.65 112.83 110.931 99.9996 8.24627 91.7534 79.2386 70.3459 12.2778 58.068 27.0213 31.0468 22.886 19.0388 14.4904 13.6826 17.3641 10.9317 9.50369 7.86707 1437.82
internal_count=24513 13714 12632 55 12577 136 91 49 42 12441 769 757 688 84 604 451 393 64 329 155 174 130 106 84 85 89 69 53 41 11672
is_linear=0
shrinkage=0.1


Tree=237
num_leaves=31
num_cat=0
split_feature=0 0 9 3 9 5 9 12 12 9 1 3 7 12 7 12 13 1 7 7 8 10 12 12 8 0 9 9 6 8
split_gain=2.31448 0.98966 3.17987 2.24584 2.08674 3.64087 2.04552 1.75039 1.72475 1.59311 3.49313 1.82566 1.44407 1.3515 1.57294 1.18524 1.14468 1.7066 0.906044 0.832641 2.5384 2.7543 3.89247 2.43261 4.25496 3.80999 7.82399 3.23189 3.84642 2.94893
threshold=49.500000000000007 43.500000000000007 224.19538824538827 1.5000000000000002 233.93433035714287 6.5000000000000009 231.27047979797985 10.500000000000002 8.5000000000000018 250.52542735042738 1.5000000000000002 2.5000000000000004 -7.4999999999999991 2.5000000000000004 -4.4999999999999991 4.5000000000000009 1.297058823529412 1.5000000000000002 -2.4999999999999996 -3.4999999999999996 0.063164893617021267 7.5000000000000009 4.5000000000000009 5.5000000000000009 0.19657494145199064 33.500000000000007 285.00504385964916 363.43814102564107 8.5000000000000018 0.27823315118397091
decision_type=2 2 2 2 2 2 2 2 2 2 2 2 2 2 2 2 2 2 2 2 2 2 2 2 2 2 2 2 2 2
left_child=1 19 3 -3 5 8 -7 9 -4 16 11 -11 -13 14 -12 -14 -6 -18 -15 20 21 22 -1 -22 25 26 -25 29 -29 -26
right_child=-2 2 4 -5 7 6 -8 -9 -10 10 13 12 15 18 -16 -17 17 -19 -20 -21 23 -23 -24 24 27 -27 -28 28 -30 -31
leaf_value=0.027794159043104096 -0.075158508604133215 0.20077586260748045 -0.077626668237472621 -0.06776164897583517 -0.082169485387747751 0.069603532062492299 0.31770216106005666 -0.085031682396570774 0.07911874615338145 -0.065444290487061782 0.11862002731638682 0.086216993204939515 -0.078524418320889855 0.078728848261885351 -0.081148257115033262 0.029873548026085925 0.1137227586306151 -0.079665819241081501 0.19013348648882131 -0.00047373627737036007 -0.0019704841409912536 -0.030685055102586796 0.19039337117073141 0.082745836243610135 0.022088918859375611 -0.033544125822565322 -0.0092800556240042881 0.027077626168705168 0.10775719329226296 -0.0045049700869801328
leaf_weight=3.6357242157682759 4.0596011259476645 0.32054045237600703 1.3531357846222847 10.964762355579294 3.2867720861686456 0.61321813031099714 0.72546802985016257 2.6591456726891911 1.4588402645895255 4.1512659937143308 0.77301133424043655 2.1616084226407164 1.7075136321363915 1.5386318553937597 0.80420133471488842 2.4647359766531736 0.90854279231280066 0.91678208683151752 1.3891365739982577 1923.8759721638635 439.0195659652818 2.5157353142276406 2.4741816972382367 11.274446934927253 114.28893224941567 35.907382410019636 51.164480774197727 23.980165042448792 7.8415353847667566 65.646863674279302
leaf_count=35 3134 2 124 2315 210 35 12 102 45 62 7 35 70 31 43 65 14 36 54 13499 2671 16 34 83 654 203 325 164 41 392
internal_value=0.000291855 0.000404472 -0.0155784 -0.0601343 0.00310567 0.0683137 0.204054 -0.00878539 0.00369213 0.00130057 0.0177404 -0.0139016 0.0198799 0.0913858 0.0167606 -0.0144889 -0.0469057 0.016592 0.131587 0.000632134 0.00343987 0.0573783 0.0936381 0.0028188 0.00959908 -0.00758928 0.00733684 0.0175819 0.0469588 0.0123865
internal_weight=2723.88 2719.82 38.1973 11.2853 26.912 4.15066 1.33869 22.7613 2.81198 20.1022 14.9901 10.4851 6.33386 4.50498 1.57721 4.17225 5.1121 1.82532 2.92777 2681.62 757.749 8.62564 6.10991 749.123 310.104 98.3463 62.4389 211.757 31.8217 179.936
internal_count=24513 21379 3262 2317 945 216 47 729 169 627 367 232 170 135 50 135 260 50 85 18117 4618 85 69 4533 1862 611 408 1251 205 1046
is_linear=0
shrinkage=0.1


Tree=238
num_leaves=31
num_cat=0
split_feature=0 3 10 0 2 0 13 12 6 5 11 13 8 7 7 11 12 5 13 13 4 9 3 9 8 3 12 12 13 1
split_gain=2.28009 1.6742 0.976923 2.79242 0.936396 1.69812 1.68093 2.08421 2.10886 1.63109 1.31906 1.1826 1.10471 1.01916 0.978881 0.874432 4.322 3.18795 3.47459 3.90226 5.26431 3.62771 3.1297 4.64189 2.9725 3.61934 4.14693 3.66972 5.63282 3.13882
threshold=21.500000000000004 3.5000000000000004 6.5000000000000009 27.500000000000004 1.5000000000000002 32.500000000000007 0.21111111111111114 6.5000000000000009 8.5000000000000018 2.5000000000000004 5.5000000000000009 1.297058823529412 0.22767145135566183 -1.4999999999999998 -2.4999999999999996 4.5000000000000009 8.5000000000000018 1.0000000180025095e-35 0.23611111111111113 0.84962406015037606 14.500000000000002 221.55425925925928 12.500000000000002 167.95046992481207 0.29198717948717956 8.5000000000000018 4.5000000000000009 6.5000000000000009 1.1791443850267382 4.5000000000000009
decision_type=2 2 2 2 2 2 2 2 2 2 2 2 2 2 2 2 2 2 2 2 2 2 2 2 2 2 2 2 2 2
left_child=1 -1 3 -2 6 -6 14 8 10 13 -8 -7 -11 -9 -5 -4 24 -18 -19 20 -20 22 23 -22 -17 26 -26 28 -28 -27
right_child=2 -3 15 4 5 11 7 9 -10 12 -12 -13 -14 -15 -16 16 17 18 19 -21 21 -23 -24 -25 25 29 27 -29 -30 -31
leaf_value=-0.075263118440172902 -0.0751657394613513 -0.014578859512520538 -0.00026845891894831052 -0.076263525877701979 -0.076451047910886125 -0.02864273857083768 -0.076476418321366257 0.17748749211371684 0.081668899424116939 -0.046239676488480021 0.035406344110018695 0.020878137466866564 0.079662994223453854 0.067080945586128163 0.029578032529847545 0.0028086560131237123 0.070949146202262822 0.080714029876881144 0.04050063454973199 0.021366689453436859 -0.097736633292245328 -0.093458820897736994 0.04983744239352593 -0.0051758920318073489 0.023707703308500173 -0.046789981857017798 -0.10937752443632152 0.017065093753124858 0.025622522866127359 0.025172395762784718
leaf_weight=6.2305286979535621 6.3887246808735645 16.8177994324069 1966.8551839711727 2.74700375366956 3.9863386575598296 10.000727605074646 3.371135799912734 1.6264944053255024 1.9398375072050837 1.3836116401944312 1.532914232695475 9.3132054377347213 1.4041837744880465 1.7205186532810328 1.2814271191600735 467.82650838419795 10.301437458023427 7.4219160852953783 14.703530861530451 114.82052640314214 7.3620132959913489 7.2416905502323052 6.0296808711718759 20.518375350395218 33.578839608002454 40.754146423423663 9.1881444510072487 9.3720970442518574 4.6573507143184534 7.1200825306586912
leaf_count=3983 2316 2046 10916 79 403 61 150 19 33 22 36 61 27 22 41 2673 48 48 83 647 32 40 38 102 193 228 49 48 26 43
internal_value=0.000339436 -0.0309833 0.000599645 -0.0137422 -0.00400653 -0.0170284 0.0138338 0.0313488 -0.00659174 0.0736747 -0.041504 -0.0047637 0.0171762 0.120733 -0.0425958 0.000845161 0.00372378 0.0168617 0.0137332 0.0108205 -0.010859 -0.0292098 -0.0154891 -0.0296172 -0.000599694 -0.0158333 0.00123898 -0.0312568 -0.0639662 -0.0360874
internal_weight=2797.5 23.0483 2774.45 46.6961 40.3074 23.3003 17.0071 12.9787 6.84389 6.13481 4.90405 19.3139 2.7878 3.34701 4.02843 2727.75 760.896 188.399 178.098 170.676 55.8553 41.1518 33.9101 27.8804 572.497 104.671 56.7964 23.2176 13.8455 47.8742
internal_count=24513 6029 18484 3270 954 525 429 309 219 90 186 122 49 41 120 15214 4298 1038 990 942 295 212 172 134 3260 587 316 123 75 271
is_linear=0
shrinkage=0.1


Tree=239
num_leaves=31
num_cat=0
split_feature=0 9 0 0 2 7 7 9 11 12 10 8 8 9 9 8 8 12 4 8 1 1 10 2 2 10 2 7 2 4
split_gain=9.6134 1.27806 1.58767 2.74887 1.7529 1.89957 1.07333 6.435 4.72311 7.4076 3.42656 4.48584 3.81547 2.53078 2.76395 3.24916 2.09027 3.81 3.75415 2.74868 3.25134 3.14215 3.58567 3.66198 2.39519 2.04528 2.03628 2.00962 1.81017 1.77831
threshold=29.500000000000004 304.0131313131314 44.500000000000007 39.500000000000007 4.5000000000000009 -4.4999999999999991 8.5000000000000018 164.00866330227745 3.5000000000000004 9.5000000000000018 12.500000000000002 0.22933743169398904 0.19657494145199064 115.78878119429591 126.47813870614037 0.20948987246811704 0.15450928381962861 3.5000000000000004 18.500000000000004 0.20156250000000003 4.5000000000000009 2.5000000000000004 10.500000000000002 5.5000000000000009 8.5000000000000018 10.500000000000002 6.5000000000000009 10.500000000000002 6.5000000000000009 24.500000000000004
decision_type=2 2 2 2 2 2 2 2 2 2 2 2 2 2 2 2 2 2 2 2 2 2 2 2 2 2 2 2 2 2
left_child=-1 6 3 -3 5 -5 13 8 9 -8 11 12 -10 -2 15 -15 17 -9 -18 20 -20 25 24 -24 27 -21 -11 -23 -17 -13
right_child=1 2 -4 4 -6 -7 7 16 10 26 -12 29 -14 14 -16 28 18 -19 19 21 -22 22 23 -25 -26 -27 -28 -29 -30 -31
leaf_value=-0.070323048475233782 -0.06725600760997795 -0.077589231867553413 -0.075714292779412551 -0.085403413059493338 -0.054531915451490866 0.099249012598250405 -0.014972740922174361 0.14448015602687167 -0.068505533316776265 0.13821612604694097 0.010654563060849557 -0.071843632571244043 0.066359003491476803 -0.034095991839817728 -0.00010715610472787358 0.12620966013534604 0.12165421158227777 0.010506413649312919 -0.056411041457340931 0.11703494939091884 0.068799074857795434 -0.065205807172283872 -0.063106221783037056 0.060185758999085695 -0.11330358502936483 0.036147189423517974 0.043876597065497319 0.048089096370507393 0.029175932496515553 -0.16763497188048179
leaf_weight=19.395420599830686 5.5730049121193579 3.3041364142554794 4.8722427329048505 0.66088595008477558 1.5366425048559902 3.5481636229669675 30.266796934534796 4.3210365995764715 6.4690224064979756 4.2536642528139037 7.3249590488849199 3.3943475123960516 3.1044353698380291 3.2527266512624902 1529.9687441948336 4.4997324452269822 3.7570969942025831 4.172302148072049 8.4405844830907863 5.5336456631775928 2.7494259253144255 2.9130095015279966 2.9245035466738072 13.668199467705561 2.9659368160646409 7.1846443130634725 4.9510314016370103 3.3849253719672561 3.356712631881237 4.5170002444647253
leaf_count=10875 54 900 48 66 7 58 202 28 42 23 59 31 19 27 11418 35 39 34 82 30 34 19 19 176 21 65 38 22 18 24
internal_value=-0.000321698 0.000483169 -0.0296903 -0.00491188 0.0368822 0.0702557 0.000734268 0.00959817 -0.0125729 0.00891738 -0.0467631 -0.0708173 -0.0247723 1.0459e-05 0.000253715 0.0499533 0.0325793 0.0786664 0.0252658 0.0179888 -0.0256465 0.0306467 0.0106301 0.0384553 -0.0392081 0.0713409 0.0874727 -0.00431366 0.0847514 -0.126536
internal_weight=1706.26 1686.87 13.9221 9.04983 5.74569 4.20905 1672.95 126.297 64.2813 39.4715 24.8098 17.4848 9.57346 1546.65 1541.08 11.1092 62.0153 8.49334 53.522 49.7649 11.19 38.5749 25.8566 16.5927 9.26387 12.7183 9.2047 6.29793 7.85645 7.91135
internal_count=24513 13638 1079 1031 131 124 12559 1007 438 263 175 116 61 11552 11498 80 569 62 507 468 116 352 257 195 62 95 61 41 53 55
is_linear=0
shrinkage=0.1


Tree=240
num_leaves=31
num_cat=0
split_feature=0 4 11 6 5 0 10 10 0 9 11 8 10 0 0 11 3 11 9 9 11 12 1 13 6 12 11 6 8 9
split_gain=11.6245 1.65529 1.25916 1.61005 3.23303 2.45025 1.70301 0.887421 2.41456 0.639886 4.54788 3.47293 3.3974 3.02366 2.83068 3.23004 3.30519 2.72016 2.44447 4.11067 3.77205 3.51067 2.73245 2.5585 2.82259 2.42849 3.44052 4.44497 3.3635 3.40267
threshold=35.500000000000007 13.500000000000002 2.5000000000000004 3.5000000000000004 2.5000000000000004 19.500000000000004 10.500000000000002 7.5000000000000009 21.500000000000004 230.43450317124737 1.5000000000000002 0.29805897723030988 4.5000000000000009 25.500000000000004 17.500000000000004 3.5000000000000004 4.5000000000000009 4.5000000000000009 201.06271668087527 221.55425925925928 1.0000000180025095e-35 5.5000000000000009 1.5000000000000002 0.74342105263157909 3.5000000000000004 7.5000000000000009 4.5000000000000009 5.5000000000000009 0.26043478260869574 216.18605442176872
decision_type=2 2 2 2 2 2 2 2 2 2 2 2 2 2 2 2 2 2 2 2 2 2 2 2 2 2 2 2 2 2
left_child=1 9 -3 -4 6 -6 7 -5 -9 10 12 13 -1 25 -13 16 -16 -17 20 23 -14 -22 -23 -20 -25 26 28 -28 29 -12
right_child=-2 2 3 4 5 -7 -8 8 -10 -11 11 14 18 -15 15 17 -18 -19 19 -21 21 22 -24 24 -26 -27 27 -29 -30 -31
leaf_value=0.090788600521267818 -0.075127491626986162 -0.07730643500936045 -0.077122268687337417 0.19932470876447661 0.21658222047520626 -0.08246921714628018 -0.077418746179104339 0.17173690687399859 -0.075289446970221413 -5.5413401634437113e-05 0.027336427146633688 -0.051246042860084474 0.029501008861598083 -0.037313147431574149 -0.034612806677223627 -0.098313169029535033 0.10407146211833543 0.010651566929057221 -0.0027214743362436729 0.015063015807855649 -0.098018490342504538 -0.054134848472570864 0.089332559592030875 -0.0485904272198363 -0.15354402619172539 0.0041485157359338054 0.040380011615838519 -0.063174533837884142 0.1353704995446344 0.10906330945676948
leaf_weight=2.6653319797478607 20.689988778132829 4.5480621128808698 2.7336818996118364 0.92224225401878412 0.30183050036430392 2.9692663204623386 0.52184514829423267 1.0336313545703886 0.6411136705428363 1398.7344414840918 17.350152508355684 11.085690694395455 14.17569136316888 6.3610884358640751 2.5022162098903236 3.3364006164483708 5.4864290268160403 7.3116116935852915 3.0588947383221265 6.2529219873249522 6.2829068704741076 2.868368879891932 2.4712999043986201 4.6208114470355195 5.7523548477329314 19.332723384257406 18.133483439218256 5.3733206801116458 5.9082473041489711 7.2119524688459924
leaf_count=40 10799 940 500 3 1 470 128 4 155 10047 131 106 116 165 23 29 58 73 30 53 62 25 22 45 51 152 140 44 46 55
internal_value=-0.000660622 0.00032076 -0.0343232 -0.0128963 0.0145802 -0.0548752 0.0874265 0.120551 0.0771721 0.000625103 0.00666706 0.0179391 -0.018943 0.028822 -0.0112326 0.0125688 0.0606326 -0.023491 -0.0253733 -0.0519129 -0.00512263 -0.047352 0.0122646 -0.0830916 -0.106792 0.0345605 0.045453 0.0167089 0.0676281 0.0513332
internal_weight=1590.64 1569.95 13.6717 9.12361 6.38993 3.2711 3.11883 2.59699 1.67475 1556.28 157.542 109.393 48.1486 79.671 29.7223 18.6367 7.98865 10.648 45.4833 19.685 25.7983 11.6226 5.33967 13.4321 10.3732 73.3099 53.9772 23.5068 30.4704 24.5621
internal_count=24513 13714 2201 1261 761 471 290 162 159 11513 1466 1022 444 733 289 183 81 102 404 179 225 109 47 126 96 568 416 184 232 186
is_linear=0
shrinkage=0.1


Tree=241
num_leaves=31
num_cat=0
split_feature=0 0 9 3 13 8 5 9 12 9 5 12 1 12 13 9 7 8 7 0 12 6 6 4 10 13 4 12 9 12
split_gain=2.14552 0.901358 2.90284 1.91564 1.82834 1.67912 3.07292 1.85127 1.97776 2.19744 1.80794 1.88833 1.68489 1.66408 1.54679 1.4273 1.06302 0.85223 2.61026 3.45236 1.67905 2.82364 2.59968 3.08774 1.65055 1.43059 3.84402 1.26784 1.20808 1.61466
threshold=49.500000000000007 43.500000000000007 224.19538824538827 1.5000000000000002 0.38750000000000007 0.20431354359925788 2.5000000000000004 233.93433035714287 1.5000000000000002 250.52542735042738 6.5000000000000009 8.5000000000000018 1.5000000000000002 4.5000000000000009 0.88194444444444453 299.36122922776156 -11.499999999999998 0.072299651567944212 -3.4999999999999996 25.500000000000004 2.5000000000000004 5.5000000000000009 4.5000000000000009 9.5000000000000018 6.5000000000000009 1.5857142857142861 5.5000000000000009 7.5000000000000009 292.8406586021506 4.5000000000000009
decision_type=2 2 2 2 2 2 2 2 2 2 2 2 2 2 2 2 2 2 2 2 2 2 2 2 2 2 2 2 2 2
left_child=1 17 3 -3 -4 15 -7 10 -9 16 11 -8 13 -11 -15 -6 -10 18 19 28 24 22 23 25 -20 -22 -27 -23 -1 -30
right_child=-2 2 4 -5 5 6 7 8 9 12 -12 -13 -14 14 -16 -17 -18 -19 20 -21 21 27 -24 -25 -26 26 -28 -29 29 -31
leaf_value=0.018284119175641652 -0.075147345276865285 0.17354190617982468 -0.078351476895484967 -0.067033380396299469 -0.060091522707208779 -0.087371283235732039 -0.077539092047421571 0.14694780073036912 0.079957992351588236 -0.080355946803966793 0.19838194882370996 0.12891704890050182 0.10420593309086829 0.1071697273867732 -0.014947710360826745 0.057645399902152686 -0.083427752445988518 0.00087630517780692388 -0.10057513515627235 -0.04275770739784282 -0.046135416760523518 -0.12327682104956919 0.080987627536541165 0.077799303176440737 -0.026190805112125022 -0.057882043241928742 0.11001146059958074 -0.021617460979790268 0.044076527361780027 0.15569448249213308
leaf_weight=3.4558572908863407 3.7642306247871593 0.34201218001544376 2.5261905053630498 10.268463647051247 4.7369817941216779 2.0986106998752829 0.74367760680615846 1.1929508638568211 0.46717853005975518 1.5552981941727901 1.3333094710251314 1.0958000870887188 2.6628493353491649 1.9086099879350511 2.2718767010373995 1.3156204575207082 2.6973710070596999 2623.9594914643094 4.7788643110543472 4.6276953360065809 12.194387975148869 2.8350661643780759 3.6544129345566025 3.3421845212578765 7.9384735152125359 3.1366820260882369 2.4125937125645578 2.1625656089745462 2.8706500218249857 2.3627473516389728
leaf_count=38 3134 2 110 2315 275 92 59 35 5 39 29 15 75 31 29 16 135 17603 54 28 142 21 42 16 42 38 15 24 28 26
internal_value=0.000297135 0.000401661 -0.0150539 -0.0592788 0.00258282 0.0110734 0.0263743 0.0413601 0.024358 0.0117106 0.109717 0.0454494 0.0384697 0.00795155 0.0408053 -0.0344997 -0.0593073 0.000616311 -0.0116158 0.0270116 -0.0237321 -0.0107272 0.0031222 -0.0103727 -0.0541426 -0.0269808 0.0151111 -0.079287 0.0641692 0.0944692
internal_weight=2720.71 2716.95 37.2168 10.6105 26.6063 24.0801 18.0275 15.9289 12.7561 11.5632 3.17279 1.83948 8.39863 5.73578 4.18049 6.0526 3.16455 2679.73 55.7722 13.317 42.4552 29.7379 24.7403 21.0858 12.7173 17.7437 5.54928 4.99763 8.68925 5.2334
internal_count=24513 21379 3262 2317 945 835 544 452 349 314 103 74 174 99 60 291 140 18117 514 120 394 298 253 211 96 195 53 45 92 54
is_linear=0
shrinkage=0.1


Tree=242
num_leaves=31
num_cat=0
split_feature=0 1 10 13 10 13 13 13 9 9 9 13 5 4 8 6 9 7 11 8 13 9 13 12 13 0 12 8 0 7
split_gain=2.11114 4.23517 2.47962 2.39562 2.23759 2.21222 2.12766 2.09928 2.10753 2.15301 2.02409 2.41931 2.00381 1.69398 2.07288 1.58365 2.48367 2.15646 2.75351 1.57639 2.17607 2.0819 2.26199 3.54827 3.44267 3.13699 2.01886 1.98726 1.92595 1.67393
threshold=24.500000000000004 1.0000000180025095e-35 7.5000000000000009 0.38750000000000007 9.5000000000000018 0.94987468671679209 0.78888888888888908 1.5857142857142861 121.71866666666666 160.89314814814819 406.13259259259263 1.1791443850267382 2.5000000000000004 14.500000000000002 0.29289318755256516 4.5000000000000009 152.77033096926718 -1.4999999999999998 1.5000000000000002 0.37232102143182855 1.1791443850267382 292.8406586021506 1.4833333333333336 5.5000000000000009 1.297058823529412 23.500000000000004 3.5000000000000004 0.17521929824561402 23.500000000000004 4.5000000000000009
decision_type=2 2 2 2 2 2 2 2 2 2 2 2 2 2 2 2 2 2 2 2 2 2 2 2 2 2 2 2 2 2
left_child=1 -1 -3 -4 6 -6 13 8 -7 -10 -2 -12 -11 14 -5 19 -17 18 -18 21 -21 22 23 -8 -25 26 29 -28 -22 -24
right_child=10 2 3 4 5 7 15 -9 9 12 11 -13 -14 -15 -16 16 17 -19 -20 20 28 -23 25 24 -26 -27 27 -29 -30 -31
leaf_value=-0.070023705042738194 0.00070450070469535106 -0.075126072968418833 0.12946006744070565 0.062381137727761875 -0.073962897024040491 -0.087311606309280088 -0.054151630441605127 -0.090177851411642085 0.099732114252013046 -0.035960974791931645 -0.013154975551690696 0.14685886910311208 0.073935611911274235 0.14686432075511865 -0.082467711884482528 0.081861660154308749 0.21400386453011225 -0.067895708909075814 -0.076524290387681354 -0.021954701113731493 0.045445492041586259 -0.061338259151008795 -0.015906254263932173 0.067468856428355442 -0.086221067209615296 0.15652889803968892 0.056064019242399656 -0.081348815790762488 0.26346850236270647 0.1236922369068017
leaf_weight=11.941311353439231 2694.5808698765468 4.9347308814176349 1.3611623104661692 4.5910326242446891 7.7709899784531471 1.9356679921038438 8.6546849445439928 2.5952566012274465 2.8922188123688084 5.2844750513322651 1.7413567377952852 2.0658165232744068 2.4184922240674496 1.6163718001917002 1.2588761299848554 1.638890525093301 0.65628328826278337 9.0723047675564867 0.64863870816770941 1.1773173735709854 0.7942673696670679 4.3174220251385114 1.3167730437125995 7.0661336500197631 1.8362326612696049 2.1943194344639769 1.7899644209537653 2.5542979226447642 0.82709185779094696 2.4706112379208207
leaf_count=3587 16259 3188 16 77 95 18 159 50 25 60 80 49 37 10 36 22 21 145 62 19 38 147 47 87 37 10 33 79 4 16
internal_value=0.000290011 -0.0143127 -0.00636206 -0.00205252 -0.00436595 -0.0305969 0.00665822 -0.0083178 0.00863617 0.0261652 0.000807449 0.0736704 -0.00145686 0.0562482 0.0312103 -0.00121694 -0.0325394 -0.050607 0.0695908 0.00953689 0.0815246 0.00328014 0.0132857 -0.00855743 0.0357682 0.0504252 0.0217931 -0.0247307 0.156664 0.0751575
internal_weight=2794 95.6158 83.6745 78.7398 77.3786 22.8971 54.4815 15.1261 12.5309 10.5952 2698.39 3.80717 7.70297 7.46628 5.84991 47.0152 12.0161 10.3772 1.30492 34.9991 2.79868 32.2004 27.883 17.5571 8.90237 10.326 8.13165 4.34426 1.62136 3.78738
internal_count=24513 8125 4538 1350 1334 285 1049 190 140 122 16388 129 97 123 113 926 250 228 83 676 61 615 468 283 124 185 175 112 42 63
is_linear=0
shrinkage=0.1


Tree=243
num_leaves=31
num_cat=0
split_feature=0 9 6 0 6 2 0 0 10 8 0 9 9 4 7 13 10 9 3 1 10 0 10 0 0 8 8 13 2 3
split_gain=8.84946 1.15135 1.57763 1.86733 2.15425 1.48896 1.18777 1.60212 2.06522 1.11753 2.69092 2.03325 9.42288 4.40977 5.61151 3.74266 4.02614 3.90708 3.47854 3.48704 4.65381 3.15306 4.22753 3.01249 2.8842 2.84607 3.46884 2.56047 2.60603 2.47719
threshold=29.500000000000004 297.19694548872184 9.5000000000000018 50.500000000000007 8.5000000000000018 2.5000000000000004 44.500000000000007 39.500000000000007 14.500000000000002 0.2869249394673124 33.500000000000007 189.05013931104364 192.47772702104101 15.500000000000002 -1.4999999999999998 0.91287878787878796 16.500000000000004 168.71650326797388 7.5000000000000009 4.5000000000000009 15.500000000000002 45.500000000000007 16.500000000000004 49.500000000000007 42.500000000000007 0.29758481886141469 0.3943381180223286 0.94987468671679209 4.5000000000000009 8.5000000000000018
decision_type=2 2 2 2 2 2 2 2 2 2 2 2 2 2 2 2 2 2 2 2 2 2 2 2 2 2 2 2 2 2
left_child=-1 9 3 4 6 -6 7 -3 -9 -2 -11 13 21 14 -12 16 24 -18 -14 23 -21 -13 -23 25 29 -20 -27 -17 -29 -15
right_child=1 2 -4 -5 5 -7 -8 8 -10 10 11 12 18 15 -16 27 17 -19 19 20 -22 22 -24 -25 -26 26 -28 28 -30 -31
leaf_value=-0.069925897106786455 0.001906070850458503 -0.077769299969189354 -0.080440600064461798 0.10136773669282195 -0.077613114868640615 0.1352996965787901 -0.091991849048937424 0.083474828500561593 -0.054645444814827873 -0.077302352435208541 0.18349535987916507 -0.050374001362981681 -0.022828833572364288 -0.092167437823183776 0.0089917252664372515 0.087418347486348968 -0.14115784440739057 -0.025083921048176396 -0.039260880880299387 -0.15059538570970935 0.0091448552324011109 -0.24055007141295565 -0.066747942893611828 0.060440599422318712 0.032600540084259583 0.021576606982831141 -0.072919288370708032 0.077712841051127551 0.004943249319995657 -0.0096888655381170471
leaf_weight=18.078307521951501 1361.6226398993749 2.6778069313731976 3.9906993313925332 1.3805869510397304 0.44001621508505273 1.2955297377193344 3.0029338169842958 2.373820586130023 1.9901379934744907 5.0320285722846156 3.0804534517228603 7.9664395265281183 58.942780304816552 4.4847232215106514 4.5864261649548999 4.533524253871291 4.7625998269068059 7.4145442023873329 11.471139896661041 3.1102190546225748 4.4095394564792514 2.6336111756972969 2.9866089140996337 12.045364820165558 13.532387582119553 56.366171365603805 4.1722523327916852 5.2921890700235954 70.222664076485671 19.366884384304285
leaf_count=10875 9971 695 327 8 92 18 24 15 75 320 19 41 617 29 35 28 26 52 51 21 46 26 21 192 82 269 21 34 389 94
internal_value=-0.00033342 0.000413152 -0.0253638 -0.0086631 -0.0215582 0.0813195 -0.0393336 -0.0168777 0.0204865 0.000678203 -0.00477814 -0.00356723 -0.0110796 0.00541325 0.079105 0.00105411 -0.0205421 -0.0704816 -0.00388021 0.00831622 -0.0569247 -0.0908367 -0.148191 0.0141528 -0.00427524 0.00641007 0.015064 0.0144252 0.010043 -0.025197
internal_weight=1703.27 1685.19 17.1515 13.1608 11.7802 1.73555 10.0447 7.04177 4.36396 1668.04 306.413 301.381 164.104 137.276 7.66688 129.61 49.5611 12.1771 150.517 91.5747 7.51976 13.5867 5.62022 84.0549 37.384 72.0096 60.5384 80.0484 75.5149 23.8516
internal_count=24513 13638 1254 927 919 110 809 785 90 12384 2413 2093 1305 788 54 734 283 78 1217 600 67 88 47 533 205 341 290 451 423 123
is_linear=0
shrinkage=0.1


Tree=244
num_leaves=31
num_cat=0
split_feature=0 4 11 6 5 0 10 10 0 10 9 9 9 8 8 8 4 13 9 6 5 7 6 6 8 9 12 2 9 11
split_gain=10.7709 1.52832 1.17265 1.46408 2.79393 2.10427 1.42385 0.6705 1.97642 0.623993 2.28255 5.95062 6.24208 3.25645 3.23895 7.10211 3.96038 3.05111 2.73781 4.85636 2.41428 2.41418 2.80886 2.24421 3.75403 3.22849 3.70412 2.23882 3.77753 2.80227
threshold=35.500000000000007 13.500000000000002 2.5000000000000004 3.5000000000000004 2.5000000000000004 19.500000000000004 10.500000000000002 7.5000000000000009 21.500000000000004 1.0000000180025095e-35 352.28435592185599 323.47114845938387 318.48066603535364 0.32037735849056609 0.32173123486682814 0.21778656126482207 4.5000000000000009 0.94987468671679209 306.55766129032264 6.5000000000000009 1.5000000000000002 -1.4999999999999998 4.5000000000000009 8.5000000000000018 0.22933743169398904 274.98851851851856 4.5000000000000009 1.0000000180025095e-35 391.2322916666667 2.5000000000000004
decision_type=2 2 2 2 2 2 2 2 2 2 2 2 2 2 2 2 2 2 2 2 2 2 2 2 2 2 2 2 2 2
left_child=1 9 -3 -4 6 -6 7 -5 -9 10 11 12 17 21 15 -13 -17 -1 20 -20 -19 22 -12 25 -25 -22 -27 28 -24 -29
right_child=-2 2 3 4 5 -7 -8 8 -10 -11 13 14 -14 -15 -16 16 -18 18 19 -21 23 -23 27 24 -26 26 -28 29 -30 -31
leaf_value=-0.015465979367158612 -0.075118255125635983 -0.077158354385545663 -0.07697894320362679 0.17630231397303067 0.18914255418279891 -0.082023064323373376 -0.077264056437414394 0.15179758948254785 -0.075268296580299487 -0.00014948655316376365 -0.086199056218261877 0.081569771866652624 -0.084098812364611086 -0.083616322439493684 0.11080545058239372 0.051650069507335944 -0.051177668270292354 -0.050560888286241071 0.13046492102289869 0.0059959485147328536 -0.016606252105920576 0.058816489597194301 0.080042198074129198 0.06567395582968609 -0.074180478902566724 0.12878299433687529 0.020468072782426863 -0.063311223971343741 -0.027045451542716415 0.013282093793979139
leaf_weight=33.34275630582124 19.180770218568796 4.2264247010461977 2.5386293241754156 0.950443714857102 0.31905758380889926 2.7767880283063278 0.48509577650111158 1.0790334567427633 0.5945496625499801 1381.5314442906529 4.4874399648979297 15.446178374229932 8.2018676042789576 5.6527686849003649 6.4677349443081757 5.9262693669879836 10.178857706952838 5.6103665190748861 5.8696136007783917 6.7273783143609762 6.6332687218673589 5.5271767906378946 7.02900254097767 3.0491597908548993 5.1797133386135101 5.7604176339227688 6.9864825179101899 9.2240337007679063 6.199208028614521 9.907135902438311
leaf_count=178 10799 940 500 3 1 470 128 4 155 10548 28 91 49 36 32 25 59 35 32 35 40 31 35 19 32 41 37 44 30 56
internal_value=-0.000636076 0.000275091 -0.0339097 -0.0130044 0.0131694 -0.0540768 0.0801284 0.109225 0.0711312 0.000560232 0.00621456 0.0133153 -0.0010564 -0.0123229 0.046339 0.0331239 -0.0133397 0.00754782 0.024296 0.0639927 0.00924284 -0.00281222 -0.0120568 0.0213954 -0.0223583 0.0399733 0.0694164 -0.00177509 0.0298571 -0.0236471
internal_weight=1587.09 1567.91 12.97 8.7436 6.20497 3.09585 3.10912 2.62403 1.67358 1554.94 173.407 125.38 87.361 48.0268 38.019 31.5513 16.1051 79.1592 45.8164 12.597 33.2194 42.374 36.8468 27.609 8.22887 19.3802 12.7469 32.3594 13.2282 19.1312
internal_count=24513 13714 2201 1261 761 471 290 162 159 11513 965 705 498 260 207 175 84 449 271 67 204 224 193 169 51 118 78 165 65 100
is_linear=0
shrinkage=0.1


Tree=245
num_leaves=31
num_cat=0
split_feature=0 11 8 8 4 9 7 12 8 5 0 13 7 9 7 12 7 13 8 8 12 4 3 0 6 7 13 0 4 4
split_gain=1.98558 0.875431 4.21032 4.18317 3.16963 3.39841 2.38414 5.42083 5.52254 4.89676 3.76715 3.65315 4.07592 3.11228 2.73227 2.48573 2.40507 3.71666 2.65048 4.22737 3.08184 3.25704 5.11717 3.71312 8.29179 9.59243 10.0423 3.70368 3.91124 3.59331
threshold=49.500000000000007 1.0000000180025095e-35 0.11583184257602856 0.13597842835130966 7.5000000000000009 259.78658186150835 -3.4999999999999996 9.5000000000000018 0.17108013937282227 4.5000000000000009 24.500000000000004 1.1791443850267382 -9.4999999999999982 310.06151623321438 -5.4999999999999991 10.500000000000002 1.5000000000000002 1.7238095238095241 0.41588050314465413 0.34833164812942369 6.5000000000000009 9.5000000000000018 6.5000000000000009 33.500000000000007 4.5000000000000009 8.5000000000000018 0.94987468671679209 29.500000000000004 19.500000000000004 15.500000000000002
decision_type=2 2 2 2 2 2 2 2 2 2 2 2 2 2 2 2 2 2 2 2 2 2 2 2 2 2 2 2 2 2
left_child=1 2 4 -4 -1 -6 7 8 14 -10 -9 13 -13 -11 -5 -12 -8 18 19 20 21 -18 -23 27 25 26 -25 28 29 -24
right_child=-2 -3 3 6 5 -7 16 10 9 11 15 12 -14 -15 -16 -17 17 -19 -20 -21 -22 22 23 24 -26 -27 -28 -29 -30 -31
leaf_value=0.0037105918679440509 -0.075136887892774923 0.0011059447228802801 -0.060225937322736713 -0.12836526446005125 0.023772190753034786 0.13674206686871684 -0.019217070500985534 0.11437393519421768 0.02838886999930362 -0.074262280777935646 0.097019973555853803 -0.071828909992697296 0.05465585010766022 0.020352658678166345 -0.019756593963091495 -0.00097821736198939221 0.063476261202133427 0.09839295754993016 0.080009996189940036 -0.073084230603435218 -0.02339545561842608 -0.085781744397966764 0.046382289350645922 0.49769040228056022 -0.019422304534457067 -0.078845188057077173 0.11226515810978013 -0.046974837468598957 0.10411825664796406 -0.043443365125558221
leaf_weight=13.11805694177747 3.4860682632497619 2334.4157414977963 14.073936358909121 4.8071498586796224 5.6435366877121833 5.041844692081213 130.55850520520471 6.8818309274502125 41.589896167162806 14.431273875990888 3.4605337266111738 3.5773415556177488 8.8516523976577428 4.5799984806217244 4.4702723900554684 10.269288118463008 11.020137964282183 3.7771803328650995 3.7462679725140324 8.5113341931719315 33.911165948258713 5.6961116269230834 9.0729047879576736 1.2065039306180549 4.229040171019733 1.009101210394874 1.5374612559098748 10.966570585966108 4.7851018607616416 8.7467385940253717
leaf_count=152 3134 18367 110 39 54 26 1093 45 240 110 24 20 59 25 40 58 60 19 22 59 295 27 48 22 198 36 34 49 16 32
internal_value=0.000284857 0.000381735 -0.00407226 -0.00679652 0.0366446 0.0770765 -0.00459582 0.00812728 -0.00335746 0.00587489 0.0539888 -0.0239071 0.0182507 -0.0514686 -0.0760328 0.0237217 -0.0100799 0.000943822 -0.00258058 -0.00565337 0.00057272 0.0145215 0.0031036 0.0152879 0.0765923 0.184784 0.281734 0.000711856 0.0238468 0.00229154
internal_weight=2717.47 2713.99 379.571 355.767 23.8034 10.6854 341.693 102.919 82.3076 73.0302 20.6117 31.4403 12.429 19.0113 9.27742 13.7298 238.774 108.216 104.438 100.692 92.1808 58.2697 47.2495 41.5534 7.98211 3.75307 2.74397 33.5713 22.6047 17.8196
internal_count=24513 21379 3012 2780 232 80 2670 660 533 454 127 214 79 135 79 82 2010 917 898 876 817 522 462 435 290 92 56 145 96 80
is_linear=0
shrinkage=0.1


Tree=246
num_leaves=31
num_cat=0
split_feature=0 1 10 5 9 9 12 13 8 8 13 13 5 0 12 8 9 4 9 10 9 8 1 3 11 12 10 13 9 9
split_gain=1.87205 3.93425 2.3095 2.06228 2.25699 2.50276 2.20694 2.73081 2.28213 3.06771 1.96928 3.80675 1.94842 2.46325 4.19871 6.10508 2.73099 2.40002 1.70696 2.2354 1.69177 1.66204 1.58977 1.49804 2.14537 1.48608 1.42621 1.37557 1.18601 1.54746
threshold=24.500000000000004 1.0000000180025095e-35 7.5000000000000009 4.5000000000000009 347.66613636363644 298.37471064814821 10.500000000000002 0.38750000000000007 0.26209992193598758 0.18107302533532041 1.4833333333333336 1.788888888888889 1.5000000000000002 23.500000000000004 3.5000000000000004 0.18624359479700434 176.01026455026457 12.500000000000002 406.13259259259263 22.500000000000004 148.51445512820516 0.37232102143182855 2.5000000000000004 7.5000000000000009 1.5000000000000002 3.5000000000000004 8.5000000000000018 1.1791443850267382 344.52549206349209 398.16666666666669
decision_type=2 2 2 2 2 2 2 2 2 2 2 2 2 2 2 2 2 2 2 2 2 2 2 2 2 2 2 2 2 2
left_child=1 -1 -3 4 5 6 7 -4 9 -8 12 23 -9 14 -14 17 -15 -16 28 27 -17 26 -22 24 -12 -25 -6 -20 -2 -30
right_child=18 2 3 -5 21 -7 8 10 -10 -11 11 -13 13 16 15 20 -18 -19 19 -21 22 -23 -24 25 -26 -27 -28 -29 29 -31
leaf_value=-0.069262421254800172 0.00090065636287174069 -0.075116950937127155 0.13770990249804491 -0.08498677820992305 -0.031525735131776783 -0.082345335162176611 -0.00068694467871672398 -0.046256834279301072 -0.04027605803161579 0.13926838931022642 0.075629563661742893 -0.080360215454591405 -0.060156897278680177 0.029015262344956289 0.072411387583993167 -0.085564455361156658 -0.075264406600193762 0.22706274839748386 -0.05588207556386085 0.19888801345034945 -0.034290249755034995 0.18286844957233295 0.089792195303272232 0.11844063898342989 -0.081031181060004301 0.030597918488381406 0.08511331117788988 0.08341743365249199 -0.013744918360023707 -0.13159667001744821
leaf_weight=11.190400129635234 2657.6109242389794 4.5766996824968365 1.2904234714806069 2.8854773968923828 1.766923771239816 3.8172028089174992 2.768087837379424 17.098568021086976 2.1677648974582553 3.6069127065129578 1.6975849177688345 2.8425207163672885 4.0817947747418666 3.9064846560359001 1.875258031534029 1.7890081224031744 7.0326034855097532 2.1585491606965661 1.2486884068930519 0.96655835956335057 1.9681352869374675 0.96321388566866506 2.1721539408899844 3.7944880197755992 1.8021102240309117 3.9108136082068086 2.5776595687493682 1.6398907811380921 33.875909174093977 1.15204704098869
leaf_count=3587 15435 3188 12 73 71 142 35 298 35 23 30 125 100 18 43 28 48 16 73 10 61 9 26 21 71 29 36 46 766 58
internal_value=0.000271962 -0.0136203 -0.00607758 -0.00202529 0.00116274 -0.00361882 0.000936979 -0.00611824 0.0483589 0.0784984 -0.00942483 0.0229948 -0.0202468 -0.00244596 0.0252652 0.0602619 -0.0380248 0.155168 0.000754914 0.0672487 -0.0043042 0.0640249 0.0308081 0.0492142 -0.0050403 0.0738562 0.0376767 0.0232004 0.000659712 -0.017621
internal_weight=2790.23 93.7408 82.5504 77.9737 75.0883 69.7805 65.9633 57.4205 8.54277 6.375 56.1301 14.0475 42.0826 24.984 14.0449 9.9631 10.9391 4.03381 2696.49 3.85514 5.9293 5.3078 4.14029 11.205 3.4997 7.7053 4.34458 2.88858 2692.64 35.028
internal_count=24513 8125 4538 1350 1277 1161 1019 926 93 58 914 276 638 340 274 174 66 59 16388 129 115 116 87 151 101 50 107 119 16259 824
is_linear=0
shrinkage=0.1


Tree=247
num_leaves=31
num_cat=0
split_feature=0 10 8 1 10 8 5 9 9 0 0 13 8 8 12 0 7 3 12 9 6 11 3 9 7 12 13 5 12 7
split_gain=8.21882 1.68179 1.13018 1.04907 1.16417 4.36997 6.45016 4.2323 2.2112 2.32071 1.68158 2.08933 3.2384 3.31308 2.66932 4.18767 2.04253 5.82276 5.2589 2.85244 2.7485 4.59875 3.62299 4.80646 2.16432 1.61253 1.5829 1.404 5.91872 1.36887
threshold=27.500000000000004 8.5000000000000018 0.054093567251461951 7.5000000000000009 9.5000000000000018 0.2561121049493143 1.5000000000000002 176.01026455026457 210.12683215130025 38.500000000000007 34.500000000000007 1.2111111111111115 0.29805897723030988 0.21103238866396759 1.5000000000000002 33.500000000000007 -2.4999999999999996 6.5000000000000009 5.5000000000000009 212.73000140291811 6.5000000000000009 5.5000000000000009 8.5000000000000018 142.86127722406795 8.5000000000000018 3.5000000000000004 0.94987468671679209 4.5000000000000009 9.5000000000000018 10.500000000000002
decision_type=2 2 2 2 2 2 2 2 2 2 2 2 2 2 2 2 2 2 2 2 2 2 2 2 2 2 2 2 2 2
left_child=-1 -2 -3 4 5 6 7 -4 9 -7 11 12 13 14 15 -6 -15 18 19 -18 21 24 -22 -24 -19 -9 -23 29 -29 -16
right_child=1 2 3 -5 10 8 -8 25 -10 -11 -12 -13 -14 16 27 -17 17 20 -20 -21 22 26 23 -25 -26 -27 -28 28 -30 -31
leaf_value=-0.075119587642306321 -0.075816156639261653 0.073072556721353973 0.1992186540865615 0.066072135535036977 -0.078979258021457055 -0.079439394561277452 -0.10368630210247161 0.081170866524074334 0.17174822165070217 0.12772818774457345 0.00058761511472747436 -0.058748317112325449 -0.078093162464276777 -0.076748953004780213 -0.079291866935078392 0.21860786928986997 0.19098733302091944 -0.064029182375846649 0.042027203866122569 0.56290008455788332 0.23339379451387382 0.22926803422180653 0.1907259006296752 -0.079588798866047417 0.050505792453052513 -0.083549687082119448 0.040650073786221541 -0.079304407281106909 0.32398102109582116 0.06917523189971303
leaf_weight=14.559125853484145 2.8948961012647478 2.1413256351370356 1.6357042281888405 2.4272156192455432 0.90563739847857749 0.98869730939622913 4.0293257432058454 1.0813986423308963 2.4903168170712888 1.1934175789356229 1619.1898193116067 10.189075684291309 5.4948020982556036 1.5307758921408119 8.4314683253178337 0.98957267997320741 0.37009023141581809 6.3161025085719267 0.82223558775149286 0.46574315172620118 1.2720094033284102 0.96332803834229774 1.1003136616200211 1.6355498934863133 2.2332004061900079 1.3194295745925044 0.82678974769078195 1.3861099701607589 0.49347776011563826 0.67039047030266452
leaf_count=9857 993 13 31 41 51 57 92 23 38 4 11074 663 317 274 393 17 17 169 37 38 25 21 17 31 39 33 19 93 19 17
internal_value=-0.000307886 0.000338332 0.000469356 0.000376841 0.000281814 0.0303978 -0.0141811 0.0751642 0.107353 0.0338624 5.14478e-05 -0.0187819 -0.00744116 0.00532383 -0.0331932 0.0764041 0.0336066 0.0441612 0.221586 0.398225 0.0236567 -0.00359362 0.0939566 0.0291268 -0.034111 -0.00935505 0.142152 -0.0521079 0.0265765 -0.0683566
internal_weight=1700.05 1685.49 1682.59 1680.45 1678.02 12.7383 8.06586 4.03653 4.67243 2.18211 1665.29 46.0967 35.9076 30.4128 12.8767 1.89521 17.5361 16.0054 1.65807 0.835833 14.3473 10.3394 4.00787 2.73586 8.5493 2.40083 1.79012 10.9814 1.87959 9.10186
internal_count=24513 14656 13663 13650 13609 278 179 87 99 61 13331 2257 1594 1277 590 68 687 413 92 55 321 248 73 48 208 56 40 522 112 410
is_linear=0
shrinkage=0.1


end of trees

feature_importances:
current_active_census=1581
hour_of_day=900
mean_time_in_system=844
high_acuity_ratio=736
arrivals_120m=560
month=456
arrival_rate_trend=397
net_flow_60m=388
day_of_week=326
arrivals_60m=316
departures_60m=305
departures_30m=237
arrivals_30m=198
arrivals_15m=196

parameters:
[boosting: gbdt]
[objective: multiclass]
[metric: multi_logloss]
[tree_learner: serial]
[device_type: cpu]
[data_sample_strategy: bagging]
[data: ]
[valid: ]
[num_iterations: 100]
[learning_rate: 0.1]
[num_leaves: 31]
[num_threads: 10]
[seed: 0]
[deterministic: 0]
[force_col_wise: 0]
[force_row_wise: 0]
[histogram_pool_size: -1]
[max_depth: -1]
[min_data_in_leaf: 20]
[min_sum_hessian_in_leaf: 0.001]
[bagging_fraction: 1]
[pos_bagging_fraction: 1]
[neg_bagging_fraction: 1]
[bagging_freq: 0]
[bagging_seed: 3]
[bagging_by_query: 0]
[feature_fraction: 1]
[feature_fraction_bynode: 1]
[feature_fraction_seed: 2]
[extra_trees: 0]
[extra_seed: 6]
[early_stopping_round: 0]
[early_stopping_min_delta: 0]
[first_metric_only: 0]
[max_delta_step: 0]
[lambda_l1: 0]
[lambda_l2: 0]
[linear_lambda: 0]
[min_gain_to_split: 0]
[drop_rate: 0.1]
[max_drop: 50]
[skip_drop: 0.5]
[xgboost_dart_mode: 0]
[uniform_drop: 0]
[drop_seed: 4]
[top_rate: 0.2]
[other_rate: 0.1]
[min_data_per_group: 100]
[max_cat_threshold: 32]
[cat_l2: 10]
[cat_smooth: 10]
[max_cat_to_onehot: 4]
[top_k: 20]
[monotone_constraints: ]
[monotone_constraints_method: basic]
[monotone_penalty: 0]
[feature_contri: ]
[forcedsplits_filename: ]
[refit_decay_rate: 0.9]
[cegb_tradeoff: 1]
[cegb_penalty_split: 0]
[cegb_penalty_feature_lazy: ]
[cegb_penalty_feature_coupled: ]
[path_smooth: 0]
[interaction_constraints: ]
[verbosity: 1]
[saved_feature_importance_type: 0]
[use_quantized_grad: 0]
[num_grad_quant_bins: 4]
[quant_train_renew_leaf: 0]
[stochastic_rounding: 1]
[linear_tree: 0]
[max_bin: 255]
[max_bin_by_feature: ]
[min_data_in_bin: 3]
[bin_construct_sample_cnt: 200000]
[data_random_seed: 1]
[is_enable_sparse: 1]
[enable_bundle: 1]
[use_missing: 1]
[zero_as_missing: 0]
[feature_pre_filter: 1]
[pre_partition: 0]
[two_round: 0]
[header: 0]
[label_column: ]
[weight_column: ]
[group_column: ]
[ignore_column: ]
[categorical_feature: ]
[forcedbins_filename: ]
[precise_float_parser: 0]
[parser_config_file: ]
[objective_seed: 5]
[num_class: 4]
[is_unbalance: 0]
[scale_pos_weight: 1]
[sigmoid: 1]
[boost_from_average: 1]
[reg_sqrt: 0]
[alpha: 0.9]
[fair_c: 1]
[poisson_max_delta_step: 0.7]
[tweedie_variance_power: 1.5]
[lambdarank_truncation_level: 30]
[lambdarank_norm: 1]
[label_gain: ]
[lambdarank_position_bias_regularization: 0]
[eval_at: ]
[multi_error_top_k: 1]
[auc_mu_weights: ]
[num_machines: 1]
[local_listen_port: 12400]
[time_out: 120]
[machine_list_filename: ]
[machines: ]
[gpu_platform_id: -1]
[gpu_device_id: -1]
[gpu_device_id_list: ]
[gpu_use_dp: 0]
[num_gpu: 1]

end of parameters

pandas_categorical:[]
