tree
version=v4
num_class=4
num_tree_per_iteration=4
label_index=0
max_feature_idx=13
objective=multiclass num_class:4
feature_names=current_active_census arrivals_15m arrivals_30m arrivals_60m arrivals_120m departures_30m departures_60m net_flow_60m high_acuity_ratio mean_time_in_system hour_of_day day_of_week month arrival_rate_trend
feature_infos=[5:72] [0:10] [0:17] [0:25] [0:42] [0:14] [0:22] [-19:21] [0:0.625] [63.697849462365603:801.70185185185187] [0:23] [0:6] [1:12] [0:2]
tree_sizes=3306 3297 3311 3291 3365 3351 3365 3341 3365 3366 3376 3363 3383 3369 3379 3364 3385 3397 3378 3392 3379 3381 3390 3363 3386 3391 3388 3386 3388 3397 3395 3391 3393 3384 3390 3399 3386 3400 3400 3399 3387 3389 3403 3378 3384 3393 3403 3377 3398 3401 3411 3385 3394 3398 3395 3384 3375 3392 3397 3381 3396 3406 3394 3384 3378 3395 3396 3370 3372 3396 3382 3392 3373 3391 3390 3399 3380 3409 3382 3372 3373 3400 3397 3360 3394 3402 3400 3396 3389 3375 3398 3383 3384 3374 3386 3389 3396 3401 3387 3373 3407 3379 3386 3393 3382 3407 3382 3397 3379 3393 3390 3386 3405 3397 3397 3384 3398 3409 3383 3374 3399 3420 3400 3370 3401 3389 3382 3373 3382 3390 3378 3387 3399 3389 3384 3385 3397 3388 3411 3377 3420 3394 3379 3389 3370 3383 3409 3374 3399 3393 3396 3386 3404 3391 3396 3381 3403 3389 3379 3390 3397 3376 3375 3388 3406 3408 3378 3380 3381 3385 3387 3401 3390 3391 3390 3376 3404 3398 3378 3387 3367 3396 3391 3381 3380 3390 3384 3395 3363 3395 3416 3374 3369 3395 3404 3388 3364 3381 3401 3361 3372 3362 3401 3397 3381 3397 3389 3428 3417 3388 3387 3405 3378 3398 3390 3406 3390 3395 3392 3406 3373 3388 3388 3384 3406 3382 3391 3390 3370 3389 3373 3398 3374 3408 3393 3397 3401 3394 3386 3386

Tree=0
num_leaves=31
num_cat=0
split_feature=0 0 10 0 10 10 0 4 0 7 10 0 4 9 0 0 11 0 0 0 0 1 11 0 9 8 13 2 9 2
split_gain=13446.6 611.295 353.356 206.515 121.093 105.221 93.1425 57.0079 48.8805 26.0182 22.9429 20.7532 15.7987 10.6061 10.3047 9.56893 11.2478 9.16296 8.94999 8.26302 7.79623 8.48621 7.41531 6.87122 6.27904 6.01223 7.37719 5.66523 5.40043 5.05923
threshold=23.500000000000004 20.500000000000004 7.5000000000000009 25.500000000000004 7.5000000000000009 22.500000000000004 17.500000000000004 7.5000000000000009 22.500000000000004 2.5000000000000004 7.5000000000000009 28.500000000000004 10.500000000000002 291.64493055555562 24.500000000000004 24.500000000000004 4.5000000000000009 21.500000000000004 19.500000000000004 15.500000000000002 21.500000000000004 1.0000000180025095e-35 1.0000000180025095e-35 19.500000000000004 198.29369820655535 0.33072916666666669 1.5857142857142861 6.5000000000000009 290.8184200603319 2.5000000000000004
decision_type=2 2 2 2 2 2 2 2 2 2 2 2 2 2 2 2 2 2 2 2 2 2 2 2 2 2 2 2 2 2
left_child=1 4 8 7 23 12 19 15 17 18 14 13 20 -5 22 16 25 -3 24 -6 29 -22 -9 -1 -8 26 28 -11 -2 -4
right_child=3 2 5 11 6 -7 9 10 -10 27 -12 -13 -14 -15 -16 -17 -18 -19 -20 -21 21 -23 -24 -25 -26 -27 -28 -29 -30 -31
leaf_value=-1.0205385266675688 -1.1551344602417657 -1.0752775819600846 -1.1857050910163771 -1.3889681632095554 -1.0295231820095156 -1.0839778776264137 -1.1827514068835643 -1.1832971963428884 -1.1662260534163624 -1.2008837455877754 -1.3875472060065124 -1.3960486200818865 -1.3610249803548762 -1.3574949987771583 -1.3543112269311011 -1.297583311315448 -1.1911201785932002 -1.1111446792980022 -1.1764748281013373 -1.0735524340917018 -1.2273367596124869 -1.3467032526496139 -1.300872082279209 -1.0416180496946326 -1.0864114935042937 -1.3362422880125691 -1.3276833169458959 -1.2902378185292009 -1.2532140212417033 -1.2839779327756502
leaf_weight=920.08723229169846 6.6384360194206229 148.9665042757988 9.0282729864120501 208.71242845058441 100.37315261363983 20.180845499038696 7.9661232233047476 6.107361137866973 130.9099583029747 43.017065405845642 92.938104271888733 3757.0892495512962 71.164034128189087 219.86500096321106 40.627228438854218 79.130157351493835 23.898369669914246 136.48624455928802 22.305145025253296 74.084945976734161 7.7005857825279227 26.28820663690567 44.079215168952942 185.87620854377747 44.875827491283417 11.683647394180296 11.683647394180296 8.4971981048583967 36.378629386425018 12.480259716510771
leaf_count=3465 25 561 34 786 378 76 30 23 493 162 350 14149 268 828 153 298 90 514 84 279 29 99 166 700 169 44 44 32 137 47
internal_value=-1.29278 -1.07463 -1.16267 -1.38747 -1.03939 -1.29605 -1.09561 -1.31404 -1.11563 -1.16088 -1.35262 -1.39367 -1.32984 -1.37282 -1.31687 -1.2722 -1.24995 -1.09243 -1.12336 -1.04822 -1.28984 -1.31966 -1.28656 -1.02408 -1.10094 -1.27113 -1.25722 -1.21562 -1.23808 -1.24273
internal_weight=6509.12 1970.29 563.205 4538.83 1407.08 146.842 301.119 353.165 416.363 126.661 183.752 4185.67 126.661 428.577 90.8138 169.413 90.2827 285.453 75.1471 174.458 55.4973 33.9888 50.1866 1105.96 52.842 66.3844 54.7007 51.5143 43.0171 21.5085
internal_count=24513 7420 2121 17093 5299 553 1134 1330 1568 477 692 15763 477 1614 342 638 340 1075 283 657 209 128 189 4165 199 250 206 194 162 81
is_linear=0
shrinkage=1


Tree=1
num_leaves=31
num_cat=0
split_feature=0 0 0 0 4 10 10 4 0 0 0 10 10 0 0 10 7 0 0 4 9 0 0 0 0 0 3 10 2 0
split_gain=3786.92 4741.91 758.293 581.793 366.105 242.287 216.891 214.574 305.192 179.494 96.7668 87.5145 52.04 47.0416 46.3698 51.4834 44.0424 37.5608 37.0131 33.7432 27.4485 23.6599 21.8064 21.3714 16.1633 13.8047 12.2239 11.9408 11.8013 14.1389
threshold=36.500000000000007 21.500000000000004 33.500000000000007 23.500000000000004 10.500000000000002 7.5000000000000009 7.5000000000000009 13.500000000000002 29.500000000000004 18.500000000000004 25.500000000000004 22.500000000000004 19.500000000000004 31.500000000000004 38.500000000000007 19.500000000000004 2.5000000000000004 35.500000000000007 20.500000000000004 7.5000000000000009 214.1086904761905 30.500000000000004 22.500000000000004 16.500000000000004 27.500000000000004 20.500000000000004 2.5000000000000004 8.5000000000000018 1.5000000000000002 19.500000000000004
decision_type=2 2 2 2 2 2 2 2 2 2 2 2 2 2 2 2 2 2 2 2 2 2 2 2 2 2 2 2 2 2
left_child=1 6 3 5 17 22 18 10 24 23 19 -7 -6 -10 15 27 28 -4 -1 -5 21 -12 -3 -8 -9 -18 -25 -2 -11 -30
right_child=14 2 4 7 12 11 9 8 13 16 20 -13 -14 -15 -16 -17 25 -19 -20 -21 -22 -23 -24 26 -26 -27 -28 -29 29 -31
leaf_value=-1.4996329817111738 -1.3459857149359979 -1.4059838439212824 -1.2025852232792182 -1.2327483753233577 -1.4631510040531617 -1.1489655724998191 -1.4845214682267789 -1.1234120315897711 -1.2746148881325818 -1.4157637461679442 -1.1387972397886574 -1.4192155693222575 -1.3019551062860317 -1.3725444966455902 -1.502361834644911 -1.3919052499993463 -1.2809119063078662 -1.3179128662694741 -1.4445640473145318 -1.1630354722353435 -1.1270039987752529 -1.3049781032978205 -1.3467359322030561 -1.4806675766888355 -1.1831811804833454 -1.1813409221415179 -1.39014272724716 -1.4934982155895495 -1.4067175889359511 -1.280857106307923
leaf_weight=1028.1879019737244 5.6778683662414542 126.888014793396 92.080213069915771 157.49913120269775 203.16894197463989 80.724476337432861 125.15996789932251 104.17654132843018 89.611574649810791 25.920703411102295 17.774196624755859 14.071238994598387 22.217745780944824 108.37322664260864 2296.0805945396423 81.711931705474854 38.017031669616699 40.732533931732178 138.4906153678894 124.17251253128052 616.17214965820312 16.539877414703369 121.70387411117554 20.983426570892334 79.983884811401367 21.970881938934326 51.594542980194092 163.67072725296021 14.318102836608885 23.698928833007812
leaf_count=4165 23 514 373 638 823 327 507 422 363 105 72 57 90 439 9301 331 154 165 561 503 2496 67 493 85 324 89 209 663 58 96
internal_value=-1.40511 -1.33767 -1.23772 -1.20921 -1.36965 -1.32511 -1.47305 -1.17892 -1.24203 -1.40035 -1.15305 -1.18908 -1.44726 -1.32822 -1.4979 -1.4571 -1.30599 -1.23796 -1.4931 -1.20202 -1.13185 -1.2189 -1.37698 -1.45949 -1.14937 -1.24444 -1.41631 -1.48855 -1.36373 -1.32826
internal_weight=6051.37 3504.23 2015.89 1657.69 358.199 343.388 1488.34 1314.3 382.145 321.664 932.158 94.7957 225.387 197.985 2547.14 251.061 123.926 132.813 1166.68 281.672 650.486 34.3141 248.592 197.738 184.16 59.9879 72.578 169.349 63.9377 38.017
internal_count=24513 14195 8166 6715 1451 1391 6029 5324 1548 1303 3776 384 913 802 10318 1017 502 538 4726 1141 2635 139 1007 801 746 243 294 686 259 154
is_linear=0
shrinkage=1


Tree=2
num_leaves=31
num_cat=0
split_feature=0 0 0 4 0 0 10 10 4 0 0 4 10 0 0 0 0 10 0 0 9 4 4 0 10 0 10 4 0 4
split_gain=4430.02 4073.18 757.82 386.359 277.135 250.975 269.302 234.309 172.249 277.072 89.1706 77.4682 67.641 61.447 34.1784 32.0843 27.278 25.5325 46.7967 25.2785 20.866 19.359 16.6283 15.4109 24.1596 13.2829 15.8289 13.1837 12.6105 12.3003
threshold=30.500000000000004 45.500000000000007 33.500000000000007 12.500000000000002 43.500000000000007 48.500000000000007 19.500000000000004 19.500000000000004 9.5000000000000018 36.500000000000007 41.500000000000007 13.500000000000002 19.500000000000004 28.500000000000004 46.500000000000007 35.500000000000007 38.500000000000007 20.500000000000004 36.500000000000007 31.500000000000004 220.66197916666667 19.500000000000004 19.500000000000004 50.500000000000007 19.500000000000004 40.500000000000007 7.5000000000000009 19.500000000000004 47.500000000000007 20.500000000000004
decision_type=2 2 2 2 2 2 2 2 2 2 2 2 2 2 2 2 2 2 2 2 2 2 2 2 2 2 2 2 2 2
left_child=11 2 3 20 8 6 28 27 9 15 17 -1 21 -13 -8 -4 -11 25 -19 -5 -2 -12 -16 24 -7 26 -10 -6 29 -3
right_child=1 5 4 19 7 23 14 -9 10 16 12 13 -14 -15 22 -17 -18 18 -20 -21 -22 -23 -24 -25 -26 -27 -28 -29 -30 -31
leaf_value=-1.5136952016698986 -1.3546970270333343 -1.4151600799784103 -1.4160038402197881 -1.3259507332696376 -1.3334723852006598 -1.4970007356394026 -1.1747056037925037 -1.1450030480278515 -1.27184383220819 -1.2303393164305785 -1.2242204857415138 -1.4906231342972274 -1.1193921773526905 -1.3875566510433064 -1.2763428659453375 -1.3021995285880918 -1.1415501588869843 -1.3263906835493062 -1.1632256313433771 -1.2421199503225335 -1.4885976232892388 -1.2837004100883398 -1.4105241540527125 -1.5116594696466195 -1.4114654063044716 -1.1863579769625414 -1.1467475451571258 -1.3837561074573319 -1.4802252920697856 -1.4627474338862403
leaf_weight=2514.5806381851435 12.500595822930334 111.52492351830006 83.092195764183998 52.453480511903763 103.19119296967983 175.25345124304295 32.354483306407928 67.895392999053001 10.294608324766157 56.620345786213875 120.83909295499325 174.51812207698822 47.306176349520683 86.523731872439384 46.570847183465958 35.295799970626831 88.974829092621803 25.491411089897156 56.620345786213875 114.46624018251896 168.63548874855042 100.00476658344269 11.520156934857367 660.08048139512539 40.688213855028152 112.99558185040951 579.43938285112381 105.39718046784401 107.35805824398994 105.88739991188049
leaf_count=10259 51 455 339 214 421 715 132 277 42 231 493 712 193 353 190 144 363 104 231 467 688 408 47 2693 166 461 2364 430 438 432
internal_value=-1.41564 -1.33608 -1.24454 -1.37822 -1.21534 -1.47372 -1.40968 -1.30636 -1.19623 -1.26846 -1.17812 -1.50831 -1.22791 -1.45646 -1.25708 -1.38207 -1.17608 -1.16111 -1.21388 -1.26846 -1.47936 -1.25115 -1.30295 -1.50407 -1.48088 -1.15495 -1.14893 -1.35888 -1.45218 -1.43834
internal_weight=6008.37 3232.75 1941.51 348.056 1593.46 1291.24 415.216 276.484 1316.97 263.983 1052.99 2775.62 268.15 261.042 90.4455 118.388 145.595 784.841 82.1118 166.92 181.136 220.844 58.091 876.022 215.942 702.73 589.734 208.588 324.77 217.412
internal_count=24513 13189 7921 1420 6501 5268 1694 1128 5373 1077 4296 11324 1094 1065 369 483 594 3202 335 681 739 901 237 3574 881 2867 2406 851 1325 887
is_linear=0
shrinkage=1


Tree=3
num_leaves=31
num_cat=0
split_feature=0 0 10 0 10 0 0 10 0 0 0 7 4 10 4 4 4 13 4 6 9 4 12 5 9 11 3 0 6 10
split_gain=12474.1 792.245 475.388 334.254 124.141 68.2478 50.7739 72.727 34.2484 31.1108 25.2513 16.8833 13.3875 12.821 12.4905 11.1619 10.7167 9.54321 9.53479 7.1175 6.95947 6.43767 9.06369 6.67066 6.24296 6.98112 6.08148 5.00709 9.99401 7.75249
threshold=43.500000000000007 47.500000000000007 19.500000000000004 40.500000000000007 19.500000000000004 45.500000000000007 49.500000000000007 19.500000000000004 46.500000000000007 42.500000000000007 38.500000000000007 1.0000000180025095e-35 19.500000000000004 13.500000000000002 20.500000000000004 19.500000000000004 19.500000000000004 0.60769230769230786 16.500000000000004 8.5000000000000018 184.86830357142858 14.500000000000002 4.5000000000000009 4.5000000000000009 278.67845138888896 3.5000000000000004 10.500000000000002 44.500000000000007 4.5000000000000009 13.500000000000002
decision_type=2 2 2 2 2 2 2 2 2 2 2 2 2 2 2 2 2 2 2 2 2 2 2 2 2 2 2 2 2 2
left_child=3 2 5 10 9 12 7 -3 20 16 -1 24 21 -12 17 -11 -5 -7 -10 -20 -4 23 -23 -2 25 -9 -24 28 -14 -30
right_child=1 6 8 4 -6 14 -8 11 18 15 13 -13 27 -15 -16 -17 -18 -19 19 -21 -22 22 26 -25 -26 -27 -28 -29 29 -31
leaf_value=-1.5356855584413669 -1.3022574431113214 -1.1532422934481645 -1.3707052188159019 -1.450345272612187 -1.5311208116578343 -1.2900867859803504 -1.1279481577211594 -1.3427272489790332 -1.4055927277622811 -1.3959537432626108 -1.4731112814369922 -1.1884179845710716 -1.3780162041465769 -1.5194649858171401 -1.1748768663706457 -1.3312491075074973 -1.4050065800985314 -1.210208942422816 -1.2010439401897612 -1.3707052188159019 -1.4938204576491714 -1.3306665340519368 -1.2425987808230812 -1.4151655198512265 -1.4136685400183873 -1.2418152552084463 -1.3292763019420768 -1.2326088292364852 -1.2101681659298298 -1.2941008064831689
leaf_weight=3671.8313972949982 11.103355526924135 192.86045795679092 4.8275458812713614 124.30930644273758 113.20595091581345 17.861919760704041 756.47643959522247 18.586051642894748 18.34467434883118 56.240909516811371 90.033730685710907 12.068864703178404 8.2068279981613141 176.92955654859543 104.27499103546143 50.689231753349304 89.792353391647339 91.964749038219452 5.0689231753349286 4.8275458812713623 93.895767390727997 35.965216815471649 34.034198462963104 9.8964690566062909 6.5171869397163382 10.861978232860563 10.620600938796995 50.689231753349304 19.310183525085449 25.58599317073822
leaf_count=15212 46 799 20 515 469 74 3134 77 76 233 373 50 34 733 432 210 372 381 21 20 389 149 141 41 27 45 44 210 80 106
internal_value=-1.43808 -1.19371 -1.29048 -1.52435 -1.44108 -1.23917 -1.14068 -1.18066 -1.46002 -1.40933 -1.53353 -1.29076 -1.28035 -1.50383 -1.19966 -1.36528 -1.43133 -1.2232 -1.36292 -1.28381 -1.4878 -1.30615 -1.29331 -1.35547 -1.32511 -1.30551 -1.26321 -1.25509 -1.27655 -1.258
internal_weight=5916.88 1543.85 546.478 4373.03 434.238 419.514 997.371 240.895 126.964 321.032 3938.79 48.0341 205.412 266.963 214.102 106.93 214.102 109.827 28.2411 9.89647 98.7233 101.62 80.62 20.9998 35.9652 29.448 44.6548 103.792 53.103 44.8962
internal_count=24513 6396 2264 18117 1799 1738 4132 998 526 1330 16318 199 851 1106 887 443 887 455 117 41 409 421 334 87 149 122 185 430 220 186
is_linear=0
shrinkage=1


Tree=4
num_leaves=31
num_cat=0
split_feature=0 0 10 0 10 10 4 0 0 0 10 0 10 4 4 0 4 2 12 9 0 1 7 0 12 12 8 6 13 11
split_gain=10116.6 351.738 235.637 194.037 76.8728 66.5901 47.7725 30.8886 29.3683 20.7916 18.9078 19.5803 17.5642 13.9683 10.6861 10.6651 8.82021 7.90816 6.98107 6.39652 5.96586 7.44168 5.90012 5.29058 5.04121 5.3909 5.014 6.33952 6.58656 6.20421
threshold=23.500000000000004 20.500000000000004 7.5000000000000009 25.500000000000004 22.500000000000004 8.5000000000000018 8.5000000000000018 16.500000000000004 22.500000000000004 28.500000000000004 7.5000000000000009 17.500000000000004 7.5000000000000009 10.500000000000002 7.5000000000000009 24.500000000000004 3.5000000000000004 1.5000000000000002 10.500000000000002 322.07002314814821 21.500000000000004 1.0000000180025095e-35 2.5000000000000004 21.500000000000004 3.5000000000000004 7.5000000000000009 0.24807692307692308 8.5000000000000018 1.4833333333333336 4.5000000000000009
decision_type=2 2 2 2 2 2 2 2 2 2 2 2 2 2 2 2 2 2 2 2 2 2 2 2 2 2 2 2 2 2
left_child=1 5 8 6 13 10 15 -7 23 14 -1 -12 -8 20 -5 16 -2 -13 22 -17 -4 -22 -9 -3 -24 -26 27 28 29 -18
right_child=3 2 4 9 -6 7 12 18 -10 -11 11 17 -14 -15 -16 19 26 -19 -20 -21 21 -23 24 -25 25 -27 -28 -29 -30 -31
leaf_value=0.2086041784326973 0.10286454062572035 0.17288562663927298 0.044250214717192177 -0.056920628062831526 0.16764186975282944 0.19304084097056518 -0.021410173617747608 0.12782010485132431 0.10572340376581078 -0.099242613565257806 0.19782725630257011 0.17434199937739273 -0.093617198452047884 -0.063791060503911826 -0.089694187508457396 -0.041637602650309559 0.057134117764793282 0.10646962227159973 -0.019475491510376218 0.010614636557120008 0.062433013561100037 -0.049337930564049344 0.026119916768492176 0.14704210387716765 0.13855396205175616 0.036778266985339279 -0.00013731809450271402 -0.033249918128286336 -0.016766440846625007 0.1606907857347821
leaf_weight=1268.0977383255959 15.417328506708143 167.12774679064751 22.067567527294159 177.65702003240585 22.496962010860443 43.832346171140671 57.16874361038208 31.90041795372963 140.44475880265236 3490.7710392475128 143.41665032505989 28.698831409215927 82.017488330602646 67.838385879993439 226.10934352874756 42.67445981502533 21.63233578205109 42.721606910228729 5.6456367075443259 51.945729196071625 7.8008745014667502 25.198754489421844 15.712811678647993 150.58800548315048 13.8002887070179 8.3554800450801832 51.05487334728241 8.3888487219810468 8.1403797268867475 7.8974592685699454
leaf_count=4165 57 561 81 707 76 145 221 110 493 14149 476 98 330 268 907 163 80 150 20 197 29 99 56 514 49 30 191 31 31 29
internal_value=-3.46354e-05 0.173666 0.108604 -0.0903789 -0.0023093 0.198175 -0.0186502 0.126282 0.143803 -0.0967576 0.203956 0.176523 -0.0639592 -0.0334176 -0.0752738 0.0117932 0.0325995 0.133743 0.0874812 -0.0129515 0.00400006 -0.0229161 0.0961361 0.160637 0.0694455 0.100172 0.0214446 0.0453674 0.0628749 0.0848294
internal_weight=6446.62 2205.74 603.563 4240.88 145.403 1602.18 346.338 119.247 458.161 3894.54 1482.93 214.837 139.186 122.906 403.766 207.151 112.531 71.4204 75.4146 94.6202 55.0672 32.9996 69.769 317.716 37.8686 22.1558 97.1139 46.059 37.6702 29.5298
internal_count=24513 7420 2121 17093 553 5299 1330 410 1568 15763 4889 724 551 477 1614 779 419 248 265 360 209 128 245 1075 135 79 362 171 140 109
is_linear=0
shrinkage=0.1


Tree=5
num_leaves=31
num_cat=0
split_feature=0 0 0 0 4 10 10 0 4 0 10 0 10 10 0 7 0 4 0 0 3 0 0 2 0 9 9 0 0 0
split_gain=3128.24 3419.53 469.757 335.34 264.736 195.638 157.983 141.607 117.71 128.398 52.4243 44.9987 46.5414 42.6011 39.179 38.9579 35.6223 31.7217 66.4448 24.1853 17.588 16.5 14.5101 13.4439 12.5335 13.1803 12.2409 11.0972 11.0847 10.7729
threshold=36.500000000000007 21.500000000000004 33.500000000000007 23.500000000000004 10.500000000000002 7.5000000000000009 7.5000000000000009 17.500000000000004 16.500000000000004 29.500000000000004 22.500000000000004 38.500000000000007 19.500000000000004 19.500000000000004 24.500000000000004 2.5000000000000004 20.500000000000004 12.500000000000002 31.500000000000004 34.500000000000007 5.5000000000000009 22.500000000000004 31.500000000000004 1.5000000000000002 26.500000000000004 187.73066411238827 255.71382275132285 28.500000000000004 19.500000000000004 20.500000000000004
decision_type=2 2 2 2 2 2 2 2 2 2 2 2 2 2 2 2 2 2 2 2 2 2 2 2 2 2 2 2 2 2
left_child=1 5 3 6 19 16 21 -7 14 -10 -8 12 -2 -6 20 23 -1 24 27 -4 -5 -3 -11 -9 -16 -26 -21 -19 -25 -17
right_child=11 2 4 8 13 7 10 15 9 22 -12 -13 -14 -15 17 29 -18 18 -20 26 -22 -23 -24 28 25 -27 -28 -29 -30 -31
leaf_value=-0.090811785905116071 -0.079795429690902725 0.000172325335194922 0.18401869511350882 0.12806652448054603 -0.05390219176496313 -0.064399439271131051 0.19739642425589063 -0.02229892442891758 0.19280632351420768 0.086756093930778877 -0.011437384172724212 -0.093887038780046422 0.012998623185021006 0.088525278952054434 0.18735561025554226 0.095072059614538462 -0.035676623389556204 0.21407225393783944 0.045774744971927371 0.020260371520551813 0.19590436319162471 0.051358092096583985 0.023269025959098154 0.013253838528840141 0.058778813453138672 0.21473292485008649 0.11887781304895778 0.15836177921055128 0.10398946977165993 0.17508941092299019
leaf_weight=950.83351291716099 159.26862788200378 125.98608309030533 60.182216465473175 134.03169474005699 193.70019873976707 153.42381101846695 93.646723181009293 36.667438879609108 119.27212604880333 67.08212673664093 13.790965989232062 2129.8117680996656 81.816074043512344 23.554403722286224 271.9839905500412 51.027610003948212 133.65484893321991 85.807332575321198 40.190724402666092 15.272494763135908 53.463256627321243 125.92369055747986 77.695407718420029 28.474191188812256 5.4697049856185904 586.19138926267624 71.566583007574081 61.297035753726959 25.540325134992599 25.102222681045532
leaf_count=4165 686 514 216 485 823 657 327 151 417 250 57 9301 331 90 956 194 561 297 158 57 187 493 309 116 20 2022 265 223 96 89
internal_value=9.07171e-05 0.0584306 0.135521 0.155841 0.0316685 -0.0637375 0.0690605 0.00493917 0.176596 0.115979 0.17059 -0.0892519 -0.0483042 -0.0384604 0.18952 0.0687128 -0.0840168 0.197033 0.159725 0.135298 0.14741 0.0257589 0.0526855 0.0244334 0.205123 0.213291 0.101534 0.190858 0.0561574 0.121456
internal_weight=6001.73 3630.83 2226.11 1861.83 364.276 1404.72 359.347 320.236 1502.48 264.05 107.438 2370.9 241.085 217.255 1238.44 166.812 1084.49 1050.94 187.295 147.021 187.495 251.91 144.778 90.682 863.645 591.661 86.8391 147.104 54.0145 76.1298
internal_count=24513 14195 8166 6715 1451 6029 1391 1303 5324 976 384 10318 1017 913 4348 646 4726 3676 678 538 672 1007 559 363 2998 2042 322 520 212 283
is_linear=0
shrinkage=0.1


Tree=6
num_leaves=31
num_cat=0
split_feature=0 0 0 0 4 10 0 10 4 0 4 0 0 10 0 0 10 7 7 0 7 0 10 0 4 4 6 4 2 0
split_gain=3614.76 2888.36 402.363 329.568 289.479 251.934 109.835 110.824 95.0787 168.087 74.8888 53.2613 47.5159 36.4577 29.5541 27.2211 22.4333 21.1548 20.5233 15.2775 14.5407 14.0242 13.2219 26.2913 11.3404 8.67529 8.92514 8.28327 8.218 8.12684
threshold=30.500000000000004 46.500000000000007 33.500000000000007 43.500000000000007 10.500000000000002 19.500000000000004 49.500000000000007 19.500000000000004 9.5000000000000018 36.500000000000007 13.500000000000002 28.500000000000004 41.500000000000007 19.500000000000004 44.500000000000007 34.500000000000007 7.5000000000000009 1.0000000180025095e-35 -4.4999999999999991 31.500000000000004 5.5000000000000009 38.500000000000007 20.500000000000004 36.500000000000007 19.500000000000004 20.500000000000004 4.5000000000000009 11.500000000000002 5.5000000000000009 45.500000000000007
decision_type=2 2 2 2 2 2 2 2 2 2 2 2 2 2 2 2 2 2 2 2 2 2 2 2 2 2 2 2 2 2
left_child=10 2 4 8 -2 14 7 -3 9 15 -1 -12 22 24 25 -4 -6 27 -18 28 29 -11 -10 -24 -14 -5 -27 -9 -20 -16
right_child=1 6 3 5 16 -7 -8 17 12 21 11 -13 13 -15 20 -17 18 -19 19 -21 -22 -23 23 -25 -26 26 -28 -29 -30 -31
leaf_value=-0.094731703002250298 -0.07097745783644549 -0.051848741192863756 -0.02914735649323856 0.093150755265910573 -0.068420772509681899 0.19961520071648339 -0.089761415476090525 0.1692208029957524 0.1992539266993518 0.14753840637115115 -0.070946933370756693 0.02552215330882587 0.15196589201042499 0.22202428695554866 0.042473218664588135 0.068119232888695078 6.0758665087016036e-05 -0.011564089660728158 0.056721765841800213 0.1460137267904153 -0.045025448194212572 0.20707999515583397 0.076219265479443063 0.19347537380247526 0.10865517363866439 0.1342658398908613 0.015447801806878223 0.086633805479969808 0.13828157994174547 -0.00077769433618763448
leaf_weight=2325.3531125634909 151.93449987471104 285.15745602548122 47.347101300954819 67.313372611999512 6.692525476217269 116.98637649416924 712.7472078204155 16.495138257741928 820.10530516505241 63.553296148777008 164.3698048889637 87.803653389215469 136.05279499292374 56.207889080047607 83.746307775378227 73.341842457652092 13.772472739219664 19.209446430206299 37.884890839457512 125.93466141819954 42.798618391156197 104.77335199713707 26.945954740047455 65.860497862100601 108.80312079191208 7.6500633358955374 36.414644598960876 46.044542640447617 18.332299441099167 90.275076448917389
leaf_count=10259 656 1218 194 262 28 409 3134 62 2867 231 712 353 493 193 330 289 54 77 147 464 176 363 104 231 408 30 146 177 71 375
internal_value=9.48056e-05 0.0680794 0.131355 0.149187 0.0333692 0.0736143 -0.066877 -0.0224222 0.171572 0.120025 -0.0891185 -0.0373576 0.183844 0.149393 0.0287013 0.0299609 0.111615 0.0802234 0.117765 0.126664 0.00719372 0.1846 0.195205 0.159431 0.132721 0.0705701 0.0360758 0.108417 0.0833182 0.0200364
internal_weight=5959.91 3382.38 2302.73 1948.18 354.551 445.184 1079.65 366.907 1502.99 289.016 2577.53 252.173 1213.98 301.064 328.198 120.689 202.617 81.7491 195.924 182.152 216.82 168.327 912.912 92.8065 244.856 111.378 44.0647 62.5397 56.2172 174.021
internal_count=24513 13189 8521 7101 1420 1728 4668 1534 5373 1077 11324 1065 4296 1094 1319 483 764 316 736 682 881 594 3202 335 901 438 176 239 218 705
is_linear=0
shrinkage=0.1


Tree=7
num_leaves=31
num_cat=0
split_feature=0 0 0 10 10 0 0 0 0 10 0 10 7 4 4 4 1 4 3 0 5 7 9 4 1 9 13 13 4 11
split_gain=9130.32 412.969 312.272 308.287 107.169 37.2576 27.2548 25.1173 24.5518 37.6212 24.0734 12.4555 10.5512 9.38568 8.66598 8.61571 8.2247 8.354 7.66966 6.82661 7.83964 6.37863 6.16679 6.02702 5.87438 5.07838 5.06148 5.05832 6.08218 5.92179
threshold=43.500000000000007 47.500000000000007 40.500000000000007 19.500000000000004 19.500000000000004 45.500000000000007 46.500000000000007 38.500000000000007 49.500000000000007 19.500000000000004 42.500000000000007 15.500000000000002 1.0000000180025095e-35 19.500000000000004 14.500000000000002 19.500000000000004 4.5000000000000009 22.500000000000004 12.500000000000002 44.500000000000007 1.5000000000000002 5.5000000000000009 184.86830357142858 20.500000000000004 2.5000000000000004 169.67195407342405 1.2344322344322347 0.89444444444444449 18.500000000000004 3.5000000000000004
decision_type=2 2 2 2 2 2 2 2 2 2 2 2 2 2 2 2 2 2 2 2 2 2 2 2 2 2 2 2 2 2
left_child=2 3 7 5 10 14 22 -1 9 -3 15 -9 -11 -8 26 -4 17 -12 -7 20 -16 27 -5 -22 25 -19 -2 28 -21 -30
right_child=1 8 4 6 -6 18 13 11 -10 12 16 -13 -14 -15 19 -17 -18 24 -20 21 23 -23 -24 -25 -26 -27 -28 -29 29 -31
leaf_value=-0.094473023495103656 0.096584643284102115 0.21416640101248749 -0.010766232695546845 0.06307597866901038 -0.089836846566694828 0.17471431735993503 0.038238533405640318 -0.040150773673145318 0.23042290480017691 0.093640220566448315 0.040401768959651377 -0.084522659035954933 0.19514345366579228 0.18680628480264119 0.033398100249420699 0.029766194559363732 0.14420491430485938 0.09281840062335725 0.21702774591532964 0.054385561420876263 0.10250450531570293 0.20011738094285703 -0.051830108585671823 0.15383687997695153 0.053951891355875095 0.23162736229293657 -0.012954723257622978 0.15867939549313603 0.090396131233227178 0.21124576761427127
leaf_weight=3396.7929840832949 16.666337162256244 228.66934740543365 122.88038024306297 4.927250772714614 105.48732078075409 192.58525750041008 24.556060373783115 129.52138656377792 907.43408104777336 38.783413365483284 80.467637464404106 123.66356624662876 13.915475785732268 5.1427743732929221 10.266346693038939 91.487996309995651 11.426206260919569 5.1458185911178607 55.091087579727173 12.692966699600222 51.044857263565063 22.288799643516541 89.668424978852272 41.443195372819901 9.0051825344562513 5.4031095206737518 5.6477608084678641 50.57503467798233 8.7008923292160052 7.5933368206024161
leaf_count=15212 65 799 515 20 469 692 98 561 3134 149 322 545 50 19 39 372 45 20 195 48 193 82 389 154 35 21 22 188 32 28
internal_value=-0.000150999 0.188307 -0.0826997 0.12059 -0.0022319 0.157307 -0.019607 -0.0922082 0.222421 0.196612 0.0261314 -0.0618234 0.120443 0.0639651 0.128035 0.00653217 0.0638301 0.0546483 0.184126 0.134489 0.116303 0.152836 -0.0458449 0.125506 0.113274 0.163916 0.0688599 0.13959 0.106285 0.146714
internal_weight=5868.97 1787.69 4081.28 598.89 431.304 474.596 124.295 3649.98 1188.8 281.368 325.816 253.185 52.6989 29.6988 226.92 214.368 111.448 100.022 247.676 204.605 102.754 101.851 94.5957 92.4881 19.5541 10.5489 22.3141 79.5622 28.9872 16.2942
internal_count=24513 6396 18117 2264 1799 1738 526 16318 4132 998 1330 1106 199 117 851 887 443 398 887 764 386 378 409 347 76 41 87 296 108 60
is_linear=0
shrinkage=0.1


Tree=8
num_leaves=31
num_cat=0
split_feature=0 0 0 10 10 10 4 0 0 0 10 10 0 4 9 0 7 11 11 0 13 5 2 12 0 0 6 10 0 9
split_gain=7907.49 236.814 184.838 164.54 57.8125 45.6804 41.9301 21.6272 21.2433 19.8981 19.8154 12.8757 13.8227 12.3458 10.8294 8.80715 7.78621 6.24103 6.14863 6.60271 5.31155 5.22359 4.94808 4.72223 4.30143 4.16286 3.99928 8.2818 3.62855 3.81223
threshold=23.500000000000004 20.500000000000004 25.500000000000004 7.5000000000000009 22.500000000000004 8.5000000000000018 7.5000000000000009 16.500000000000004 28.500000000000004 22.500000000000004 7.5000000000000009 7.5000000000000009 18.500000000000004 10.500000000000002 291.64493055555562 24.500000000000004 2.5000000000000004 1.0000000180025095e-35 4.5000000000000009 24.500000000000004 1.5857142857142861 2.5000000000000004 2.5000000000000004 8.5000000000000018 19.500000000000004 26.500000000000004 6.5000000000000009 2.5000000000000004 21.500000000000004 429.55389610389619
decision_type=2 2 2 2 2 2 2 2 2 2 2 2 2 2 2 2 2 2 2 2 2 2 2 2 2 2 2 2 2 2
left_child=1 5 6 9 13 11 18 -7 14 28 15 24 -13 22 -4 17 -14 -8 20 26 -2 23 -5 -9 -1 -16 27 -20 -3 -30
right_child=2 3 8 4 -6 7 10 21 -10 -11 -12 12 16 -15 25 -17 -18 -19 19 -21 -22 -23 -24 -25 -26 -27 -28 -29 29 -31
leaf_value=0.17554386642210729 0.018624933034562925 0.14385531709970081 -0.088436122022495608 0.041140640936628094 0.14023422903480182 0.16042290264556494 0.10300698052097186 0.071809953441910365 -0.095882487092424418 0.090068079263276091 -0.086924985777949021 0.16034067791147547 0.12571644067342172 -0.059477803924167974 -0.036326590885307465 -0.054526065218765241 0.038102521716251149 -0.0039416854535552839 0.19870904329856073 0.005695907093192315 -0.030768994986237426 0.11403700981383198 -0.020065856047628228 -0.0032165076131056673 0.16046868311200868 -0.066164929944500489 0.038546555534396967 0.047378563381389148 0.12631231141045468 0.048400398657183312
leaf_weight=1129.2286929488182 98.749115943908691 178.6048926115036 182.21755430102348 22.473232388496399 24.012078076601028 46.853858262300491 6.2513903081417075 44.789313137531281 3223.7943350374699 147.66699680685997 81.287916049361229 179.35311675071716 35.695778787136078 64.49541774392128 76.280494436621666 37.82961143553257 14.169796735048292 42.905596822500229 6.8306997716426867 18.51801273226738 27.927958935499191 23.534064590930939 32.037400990724564 10.322599440813063 227.38514840602875 120.8040818721056 10.951251536607741 7.6850252747535706 153.71449238061905 6.5476761460304251
leaf_count=3465 370 561 786 83 76 145 23 151 14149 493 350 559 116 268 319 153 49 166 24 71 107 78 126 36 700 509 39 27 493 21
internal_value=-0.00015661 0.145426 -0.0866073 0.0929856 -0.0013077 0.164717 -0.0160057 0.10664 -0.0932487 0.120703 -0.0514269 0.169313 0.147392 -0.0298669 -0.0708633 -0.0182543 0.10082 0.00965919 0.0189199 0.0511319 0.00773526 0.0745985 0.0051679 0.0577573 0.173017 -0.0546162 0.0841702 0.118591 0.134053 0.123129
internal_weight=6282.92 2340.88 3942.03 629.552 143.018 1711.33 338.937 125.5 3603.1 486.534 168.275 1585.83 229.219 119.006 379.302 86.9866 49.8656 49.157 170.662 43.985 126.677 78.646 54.5106 55.1119 1356.61 197.085 25.467 14.5157 338.867 160.262
internal_count=24513 7420 17093 2121 553 5299 1330 410 15763 1568 692 4889 724 477 1614 342 165 189 638 161 477 265 209 187 4165 828 90 51 1075 514
is_linear=0
shrinkage=0.1


Tree=9
num_leaves=31
num_cat=0
split_feature=0 0 0 0 4 10 0 10 4 0 0 10 0 10 10 2 0 4 0 0 0 0 4 10 10 11 0 5 0 13
split_gain=2612.31 2557.54 316.21 216.2 196.696 176.66 113.699 110.2 75.6758 86.5303 44.2525 42.2625 35.423 35.0468 34.5831 28.586 25.5818 19.7646 43.6574 17.7175 13.6687 12.4805 12.461 11.1453 10.2903 10.2728 10.0261 9.22729 9.14476 8.74283
threshold=36.500000000000007 21.500000000000004 33.500000000000007 23.500000000000004 10.500000000000002 7.5000000000000009 17.500000000000004 7.5000000000000009 16.500000000000004 29.500000000000004 38.500000000000007 19.500000000000004 19.500000000000004 19.500000000000004 22.500000000000004 1.5000000000000002 24.500000000000004 12.500000000000002 31.500000000000004 35.500000000000007 20.500000000000004 22.500000000000004 6.5000000000000009 8.5000000000000018 7.5000000000000009 4.5000000000000009 31.500000000000004 3.5000000000000004 14.500000000000002 0.75595238095238104
decision_type=2 2 2 2 2 2 2 2 2 2 2 2 2 2 2 2 2 2 2 2 2 2 2 2 2 2 2 2 2 2
left_child=1 5 3 7 19 12 28 21 16 -10 11 23 -1 -6 -9 -8 22 -18 -19 -4 -17 -3 25 -2 -24 -5 29 -20 -7 -11
right_child=10 2 4 8 13 6 15 14 9 26 -12 -13 -14 -15 -16 20 17 18 27 -21 -22 -23 24 -25 -26 -27 -28 -29 -30 -31
leaf_value=-0.091957635965118245 0.06210400554048854 0.0014153179745258978 0.13455031795194411 0.11297459043931463 -0.049845468303913947 -0.089310867259257701 -0.015592709053786244 0.16166138266720556 0.15775505945753865 0.1403503382010568 -0.090961763728263617 0.013095688055067001 -0.049895479399023432 0.077152123442065276 -0.0086491840877821243 0.061344080711858234 0.16716720835136725 0.15626537165260548 0.0024942480068223822 0.060577816005555299 0.13142942176522474 0.045728698957601711 0.11953696986061134 -0.081735852088293467 0.17880429164013995 0.030575389774532641 0.021494693029693916 0.099272866784736749 -0.03843139687684545 0.054926671918172625
leaf_weight=725.94708502292633 5.5965762734413138 124.91603967547417 111.80208441615105 56.198327779769897 184.42545226216316 61.625700369477272 38.657497629523277 101.99640953540802 129.82612743973732 15.294447660446165 1964.9045659601688 81.759444639086723 276.46750089526176 24.632182717323303 13.501090899109839 94.228503882884979 942.23798248171806 160.13831961154938 24.873298019170761 45.578938484191895 39.489516824483871 129.3895737528801 77.331665635108948 143.71851928532124 47.16124102473259 20.704339116811752 78.486975073814392 16.313060820102692 82.772891461849213 55.30420970916748
leaf_count=3465 23 514 373 192 823 285 161 327 417 54 9301 331 1261 90 57 353 2998 520 96 165 132 493 257 663 151 72 309 62 372 196
internal_value=0.000217353 0.0517318 0.114065 0.129757 0.0286862 -0.0597853 0.00531214 0.0607505 0.145472 0.098067 -0.0860937 -0.0446985 -0.0803568 -0.034882 0.141753 0.0601458 0.155303 0.16109 0.132649 0.113127 0.0820416 0.0239618 0.122439 -0.0763445 0.141989 0.0907904 0.0460897 0.0408262 -0.0601455 0.0734328
internal_weight=5875.28 3679.3 2360.11 1993.67 366.439 1319.19 316.774 369.803 1623.87 278.912 2195.98 231.075 1002.41 209.058 115.498 172.376 1344.96 1143.56 201.325 157.381 133.718 254.306 201.396 149.315 124.493 76.9027 149.086 41.1864 144.399 70.5987
internal_count=24513 14195 8166 6715 1451 6029 1303 1391 5324 976 10318 1017 4726 913 384 646 4348 3676 678 538 485 1007 672 686 408 264 559 158 657 250
is_linear=0
shrinkage=0.1


Tree=10
num_leaves=31
num_cat=0
split_feature=0 0 0 4 0 10 0 10 4 4 0 0 0 0 10 4 0 10 7 7 7 0 0 0 10 0 10 9 0 0
split_gain=2988.44 2157.94 269.082 224.018 212.442 171.417 102.864 89.0736 73.3262 62.3703 55.3165 48.2945 21.9726 17.6546 29.3106 23.1714 64.8629 16.6904 15.2705 14.6926 12.0612 11.3774 10.7509 10.3791 12.0498 11.9108 10.767 9.89096 9.75956 8.40191
threshold=30.500000000000004 46.500000000000007 33.500000000000007 10.500000000000002 43.500000000000007 19.500000000000004 49.500000000000007 19.500000000000004 13.500000000000002 6.5000000000000009 35.500000000000007 27.500000000000004 44.500000000000007 42.500000000000007 19.500000000000004 10.500000000000002 35.500000000000007 7.5000000000000009 1.0000000180025095e-35 -4.4999999999999991 5.5000000000000009 29.500000000000004 37.500000000000007 40.500000000000007 20.500000000000004 38.500000000000007 19.500000000000004 225.86830065359479 31.500000000000004 38.500000000000007
decision_type=2 2 2 2 2 2 2 2 2 2 2 2 2 2 2 2 2 2 2 2 2 2 2 2 2 2 2 2 2 2
left_child=8 2 3 -2 9 12 7 -3 -1 10 -4 -10 -6 15 -15 16 -11 -5 -9 -19 -14 -13 -18 24 -17 27 -25 -26 -21 -12
right_child=1 6 4 17 5 -7 -8 18 11 13 29 21 20 14 -16 23 22 19 -20 28 -22 -23 -24 26 25 -27 -28 -29 -30 -31
leaf_value=-0.091884808904924092 -0.066937901502636038 -0.047814099358529392 -0.019590570119404176 -0.064873208890624742 0.061512392267759855 0.16269749920597487 -0.086507748185835301 0.091888404595681178 -0.077335537593446191 0.021955133278934322 0.091122727581058674 -0.011140781719679383 0.018992192828250487 0.092989570834561552 0.18875241216872851 0.16630333531265903 0.1140723666156097 -0.00013921855195476123 -0.0098687035979662073 0.072723416986576583 -0.041182865554081446 0.053677483707646516 0.17031898565632675 0.13307510928007382 -0.004992665608018418 0.17397962661457095 0.1829969538007187 0.11455890056770515 0.12152445289014924 0.15099896358507744
leaf_weight=2138.5130573362112 142.38098026812077 271.74911151826382 41.636736810207367 6.3486218452453604 115.84684029221535 127.73184695839882 656.7033863067627 66.400925368070602 124.72757877409458 50.603765279054642 50.692530781030655 76.349555373191833 174.94637121260166 127.99882414937019 42.598803579807281 740.68010884523392 50.055531144142151 13.759698972105978 18.958355575799942 58.705936878919601 41.141789168119431 41.963830769062042 105.82833403348923 260.71684259176254 9.4712602496147138 23.787797927856445 51.783978551626205 25.694513738155365 135.72032643854618 43.58432000875473
leaf_count=10259 656 1218 171 28 438 409 3134 239 577 202 176 324 705 443 134 2363 175 54 77 218 176 164 340 869 33 76 164 89 464 138
internal_value=0.000219532 0.0596211 0.110542 0.0303102 0.124277 0.0642551 -0.0630186 -0.0198233 -0.0859694 0.141254 0.0764069 -0.03392 0.0263735 0.147173 0.116902 0.151089 0.120325 0.0948512 0.0692881 0.099722 0.00753525 0.0118492 0.152258 0.156801 0.16284 0.119328 0.141348 0.0823599 0.106789 0.118804
internal_weight=5837.08 3455.53 2441.72 356.916 2084.8 459.667 1013.81 357.108 2381.55 1625.13 135.914 243.041 331.935 1489.22 170.598 1318.62 206.488 214.535 85.3593 208.186 216.088 118.313 155.884 1112.13 799.634 58.9536 312.501 35.1658 194.426 94.2769
internal_count=24513 13189 8521 1420 7101 1728 4668 1534 11324 5373 485 1065 1319 4888 577 4311 717 764 316 736 881 488 515 3594 2561 198 1033 122 682 314
is_linear=0
shrinkage=0.1


Tree=11
num_leaves=31
num_cat=0
split_feature=0 0 0 10 10 0 0 0 0 10 0 10 0 2 10 4 4 4 4 9 2 4 13 9 9 7 9 5 12 0
split_gain=7025.7 294.966 265.591 211.944 93.3479 25.4307 23.5069 21.5035 18.4943 17.5894 17.7944 12.32 7.97149 9.48919 8.26471 7.23776 6.93016 6.66426 6.16136 5.48573 5.39629 5.39236 5.58441 5.05169 5.60615 4.8276 4.78807 4.74978 4.74355 4.32261
threshold=43.500000000000007 40.500000000000007 47.500000000000007 19.500000000000004 19.500000000000004 38.500000000000007 45.500000000000007 46.500000000000007 42.500000000000007 20.500000000000004 50.500000000000007 13.500000000000002 49.500000000000007 1.5000000000000002 18.500000000000004 14.500000000000002 19.500000000000004 19.500000000000004 14.500000000000002 184.86830357142858 3.5000000000000004 20.500000000000004 0.60769230769230786 167.95046992481207 210.71807503506315 6.5000000000000009 196.25948961156283 4.5000000000000009 4.5000000000000009 44.500000000000007
decision_type=2 2 2 2 2 2 2 2 2 2 2 2 2 2 2 2 2 2 2 2 2 2 2 2 2 2 2 2 2 2
left_child=1 5 3 6 8 -1 18 19 16 12 -11 20 13 14 -4 -10 -3 28 27 -5 -7 22 -8 -22 25 26 -25 -2 -9 -20
right_child=2 4 9 7 -6 11 21 17 15 10 -12 -13 -14 -15 -16 -17 -18 -19 29 -21 23 -23 -24 24 -26 -27 -28 -29 -30 -31
leaf_value=-0.091777853894523809 0.099761192529002007 -0.0087403413439426144 0.15982459978188174 0.059850347004713346 -0.086894947421533059 -0.074080830622919619 0.089586060991352578 0.08278669889383479 -0.014167636191911937 0.076746957532235191 0.1794190453140202 -0.074537865414276649 0.18752274402202396 0.17269295030433335 0.0089998053901649815 0.065621665239009516 0.027610135908970608 0.15301924827621238 0.098157511484692511 -0.047879787013208969 -0.041673675470415512 0.1641992368518331 0.14474418358698063 -0.04197395807883085 -0.058162556098168922 0.087469294905930292 0.083814426586360555 0.0093018520215045371 -0.0047674465424401673 0.12620986242260696
leaf_weight=3126.0719008594751 12.646821379661562 120.9666336029768 7.8423677384853345 5.0035315454006186 97.711271986365318 18.801978066563606 21.826614707708359 10.831761091947561 12.790598794817923 32.07212495803833 35.636516571044922 156.2638141065836 951.44136571884155 269.79089346528053 6.7690425515174866 102.27473065257072 92.592508524656296 5.6369073092937461 109.38046827912331 85.439582452178001 31.716153293848038 133.51559194922447 115.40753400325775 9.3808340728282946 8.0620669275522214 10.944306418299673 4.4670638442039481 10.728679299354551 14.433758825063704 110.34278285503387
leaf_count=15212 46 515 25 20 469 84 74 42 51 113 112 733 2991 867 24 392 372 19 386 389 142 432 381 42 36 49 20 41 56 378
internal_value=-0.000274738 -0.0794449 0.154576 0.101554 -0.00108175 -0.0893712 0.129625 -0.0173133 0.0244334 0.180413 0.130785 -0.0579759 0.183132 0.168442 0.0899518 0.0567523 0.00702008 0.0547034 0.107052 -0.0419199 -0.0269341 0.149892 0.135971 -0.0132057 0.0142762 0.0378322 -0.00139706 0.058243 0.0327685 0.112245
internal_weight=5730.79 3792.04 1938.75 635.194 426.336 3365.71 513.848 121.346 328.624 1303.55 67.7086 239.636 1235.84 284.402 14.6114 115.065 213.559 30.9024 243.099 90.4431 83.3724 270.75 137.234 64.5704 32.8543 24.7922 13.8479 23.3755 25.2655 219.723
internal_count=24513 18117 6396 2264 1799 16318 1738 526 1330 4132 225 1106 3907 916 49 443 887 117 851 409 373 887 455 289 147 111 62 87 98 764
is_linear=0
shrinkage=0.1


Tree=12
num_leaves=31
num_cat=0
split_feature=0 0 0 10 4 10 10 0 10 0 0 0 4 7 0 10 8 11 9 10 8 12 11 4 10 0 0 1 0 5
split_gain=6321.75 179.009 177.918 117.58 44.8072 44.2077 35.7266 28.8372 19.3478 14.3555 12.3842 11.8275 10.9821 9.72785 8.14841 6.5412 7.58185 5.79464 5.39215 5.1756 7.28557 6.59506 5.12381 4.93798 4.73487 4.28712 4.21344 4.12735 6.19868 5.64793
threshold=23.500000000000004 26.500000000000004 20.500000000000004 7.5000000000000009 7.5000000000000009 22.500000000000004 7.5000000000000009 17.500000000000004 7.5000000000000009 22.500000000000004 24.500000000000004 24.500000000000004 10.500000000000002 2.5000000000000004 28.500000000000004 6.5000000000000009 0.34514106583072107 4.5000000000000009 384.72971014492759 2.5000000000000004 0.29128787878787882 7.5000000000000009 1.0000000180025095e-35 9.5000000000000018 22.500000000000004 19.500000000000004 14.500000000000002 1.0000000180025095e-35 21.500000000000004 1.5000000000000002
decision_type=2 2 2 2 2 2 2 2 2 2 2 2 2 2 2 2 2 2 2 2 2 2 2 2 2 2 2 2 2 2
left_child=2 4 6 9 11 12 -1 26 10 -4 22 17 27 25 23 16 -13 18 19 -2 21 -21 -6 -3 -17 -9 -8 -5 29 -29
right_child=1 14 3 5 8 -7 7 13 -10 -11 -12 15 -14 -15 -16 24 -18 -19 -20 20 -22 -23 -24 -25 -26 -27 -28 28 -30 -31
leaf_value=0.14963448317693351 0.0028708698087601178 -0.060871791067494477 0.11449842608281587 0.056098783103397158 0.092874011820809024 0.12064460439725724 0.15348456547353773 0.11480839790132549 -0.086735230684492959 0.077803838812236112 -0.056031595865522033 -0.0082292467516275458 -0.055316362805527701 0.048313322970694218 -0.093051423021157639 -0.098374861038633771 0.087129565670199194 0.072934310210459166 -0.041470932638911981 0.15043581932348582 -0.015110680688744686 0.024963016960116217 -0.0025736365138336126 -0.090799784846332887 -0.022708984362390085 0.066790953600856295 0.1254325037435266 -0.028249733496307706 -0.04243335530095399 0.086117424305082332
leaf_weight=1387.5944277644157 29.727928340435028 131.93189288675785 351.37556135654449 12.82617264986038 6.4814253449439994 24.885842055082321 94.82880175113678 64.206612318754196 109.67509253323078 153.05338662862778 67.3150305300951 93.458327069878578 61.228881806135178 57.583842247724533 2961.6455346792936 12.683167114853857 9.1545598357915861 26.458032637834549 12.531880319118498 10.509061783552175 7.9378872215747824 6.9657504707574835 42.52563738822937 94.705913811922073 23.767903059720993 26.173386096954346 122.98543339967728 7.6745787858963039 23.527210801839828 9.8730108737945539
leaf_count=4165 110 596 1075 46 23 76 285 199 510 493 295 383 268 194 14149 53 38 90 46 38 30 26 166 441 99 84 372 28 99 36
internal_value=-0.000332707 -0.0832456 0.125791 0.0808605 -0.0248712 -0.000214182 0.142306 0.114503 -0.0566023 0.103365 -0.0281912 0.00588052 -0.0263384 0.0804363 -0.0916529 -0.0126482 0.000278144 0.033254 0.0177401 0.031197 0.0643331 0.10042 0.0100498 -0.0733779 -0.049037 0.100903 0.137645 0.00657924 -0.00888391 0.036098
internal_weight=6045.29 3647.48 2397.82 644.445 459.192 140.016 1753.37 365.778 225.997 504.429 116.322 233.194 115.13 147.964 3188.28 139.064 102.613 94.1305 67.6725 55.1406 25.4127 17.4748 49.0071 226.638 36.4511 90.38 217.814 53.901 41.0748 17.5476
internal_count=24513 17093 7420 2121 1907 553 5299 1134 994 1568 484 913 477 477 15186 573 421 340 250 204 94 64 189 1037 152 283 657 209 163 64
is_linear=0
shrinkage=0.1


Tree=13
num_leaves=31
num_cat=0
split_feature=0 0 0 10 0 4 0 10 4 0 0 10 0 10 10 7 0 4 0 0 10 4 0 0 9 9 0 10 0 0
split_gain=2197.66 1955.54 222.801 159.173 149.182 147.832 91.405 80.4747 53.5526 61.7345 43.8344 37.9229 35.692 29.35 24.1903 22.571 18.9704 13.9629 30.7947 12.6726 10.1603 9.7986 9.4018 8.99306 8.98348 8.75109 8.44374 11.449 8.08075 8.07748
threshold=36.500000000000007 21.500000000000004 33.500000000000007 7.5000000000000009 23.500000000000004 10.500000000000002 17.500000000000004 7.5000000000000009 16.500000000000004 29.500000000000004 38.500000000000007 19.500000000000004 19.500000000000004 18.500000000000004 22.500000000000004 2.5000000000000004 24.500000000000004 12.500000000000002 31.500000000000004 34.500000000000007 8.5000000000000018 3.5000000000000004 22.500000000000004 14.500000000000002 287.21704857030949 249.61267361111115 19.500000000000004 21.500000000000004 20.500000000000004 26.500000000000004
decision_type=2 2 2 2 2 2 2 2 2 2 2 2 2 2 2 2 2 2 2 2 2 2 2 2 2 2 2 2 2 2
left_child=1 3 4 12 7 19 23 22 16 -10 11 20 -1 24 -9 26 21 29 -19 -4 -2 -6 -3 -5 -7 -21 -8 -28 -14 -18
right_child=10 2 5 6 8 13 15 14 9 -11 -12 -13 28 -15 -16 -17 17 18 -20 25 -22 -23 -24 -25 -26 -27 27 -29 -30 -31
leaf_value=-0.08929503784689842 0.057486019664016598 0.0027830761205562011 0.12943503015432656 -0.086421327477082407 0.031741370429427616 -0.05058484129635385 -0.0097876798590943725 0.13766035054107137 0.13362713282882044 0.040924408176054472 -0.088393903534564333 0.012764190720850666 -0.062171829522361347 0.063417936839256381 -0.0057973915789606353 0.090786326997433178 0.1285025459518406 0.13257689744992981 0.036801047674018261 -0.0026991390387653604 -0.078582207755862138 0.11069947864630535 0.041131992651408648 -0.034208004540636952 0.085363661441802338 0.085244467487173958 0.07209199186777672 -0.069359799599593791 -0.02695969626522875 0.14799219974040445
leaf_weight=660.1374064385891 5.7229822427034369 123.74410307407379 68.918507844209671 56.63949228823185 17.107372224330902 167.25725369155407 48.27287620306015 106.72290402650833 135.95080009102821 152.32384124398232 1804.101141422987 81.917882904410362 138.93000930547714 28.200425550341606 13.208987921476362 83.760872364044189 310.84232306480408 167.84972667694092 41.96409872174263 13.112445741891859 133.48834648728371 193.38985806703568 132.25923347473145 78.993272423744202 5.0061472803354254 82.542079508304596 37.69573637843132 6.7460424005985251 122.7606480717659 673.18728393316269
leaf_count=3465 23 514 216 285 57 787 199 327 417 559 9301 331 700 103 57 283 956 520 158 46 663 615 493 372 23 276 136 28 561 2042
internal_value=0.000368692 0.0465397 0.0985357 -0.0560075 0.111246 0.026508 0.00571743 0.0542631 0.123903 0.0846432 -0.0832432 -0.0412212 -0.076906 -0.0311524 0.12186 0.0531605 0.131962 0.136842 0.113421 0.0967433 -0.0729884 0.104282 0.0225953 -0.056012 -0.046634 0.073189 0.0191682 0.0506203 -0.0456536 0.141836
internal_weight=5692.75 3667.52 2433.59 1233.94 2068.55 365.037 312.108 375.935 1692.62 288.275 2025.23 221.129 921.828 200.464 119.932 176.476 1404.34 1193.84 209.814 164.573 139.211 210.497 256.003 135.633 172.263 95.6545 92.7147 44.4418 261.691 984.03
internal_count=24513 14195 8166 6029 6715 1451 1303 1391 5324 976 10318 1017 4726 913 384 646 4348 3676 678 538 686 672 1007 657 810 322 363 164 1261 2998
is_linear=0
shrinkage=0.1


Tree=14
num_leaves=31
num_cat=0
split_feature=0 0 0 4 0 10 0 4 10 4 0 0 0 10 0 10 9 0 0 10 7 13 0 0 4 6 0 10 0 3
split_gain=2491.08 1646.53 188.87 176.062 146.478 122.558 96.86 72.4702 72.2156 44.6181 43.6239 39.9211 17.7251 12.7597 12.4353 21.5947 17.3287 40.8239 13.6228 11.5155 11.3735 9.3652 8.56969 7.9758 7.435 7.008 6.97265 15.1893 13.9167 8.63179
threshold=30.500000000000004 46.500000000000007 33.500000000000007 10.500000000000002 43.500000000000007 19.500000000000004 49.500000000000007 13.500000000000002 19.500000000000004 6.5000000000000009 27.500000000000004 35.500000000000007 45.500000000000007 7.5000000000000009 42.500000000000007 19.500000000000004 255.71382275132285 37.500000000000007 34.500000000000007 17.500000000000004 1.0000000180025095e-35 0.60769230769230786 29.500000000000004 47.500000000000007 14.500000000000002 13.500000000000002 39.500000000000007 19.500000000000004 35.500000000000007 10.500000000000002
decision_type=2 2 2 2 2 2 2 2 2 2 2 2 2 2 2 2 2 2 2 2 2 2 2 2 2 2 2 2 2 2
left_child=7 2 3 -2 9 12 8 -1 23 11 -9 -4 24 -5 16 -16 26 18 -18 -15 -10 -14 -12 25 -6 -3 27 -11 -29 -28
right_child=1 6 4 13 5 -7 -8 10 20 14 22 -13 21 19 15 -17 17 -19 -20 -21 -22 -23 -24 -25 -26 -27 29 28 -30 -31
leaf_value=-0.089414967621074842 -0.06307512196997539 -0.02760722054083416 -0.017230283342470922 -0.061467790228481749 0.092679345135169899 0.13783269129481696 -0.083527082652596146 -0.073989243874270624 0.079810884824064107 0.14563569031906307 -0.0081290347773542351 0.10036629840428041 0.061695960300886948 0.092017350989460844 0.079965259322789195 0.16048066099875741 -0.0038145999061458312 0.14015808890687709 0.078593545228451023 -0.0046682533970247887 -0.0080997550496303538 -0.020649572114902617 0.047872144080257535 -0.056872089101227014 0.034283462553792235 0.08249026085226456 0.13316930386769688 0.026202328912375658 0.12258140079591864 0.10349177870375968
leaf_weight=1956.3327406048775 133.26792429387569 86.213936612010002 40.853080943226814 6.0155452191829673 24.458816677331924 133.76629060506821 601.46155102550983 116.16095457971096 69.251644819974899 586.70644795894623 74.568024903535843 98.398641765117645 16.215359970927238 203.94767528772354 133.46268111467361 44.390600264072418 26.289402604103088 140.95555728673935 84.652361005544662 13.11043570935726 18.688114523887634 93.160493388772011 43.131240487098694 166.16436325013638 200.7958569675684 6.1970577985048285 314.75849342346191 19.529622077941895 64.340962082147598 142.31661808490753
leaf_count=10259 656 391 171 28 87 409 3134 577 239 1789 324 314 67 685 443 134 101 432 289 51 77 401 164 799 764 28 976 72 204 448
internal_value=0.000374158 0.0530872 0.0953286 0.0278662 0.106432 0.0569279 -0.0592649 -0.0831258 -0.0171519 0.120099 -0.0305141 0.0658663 0.0245868 0.082196 0.124948 0.100061 0.128156 0.104443 0.0590656 0.0861775 0.061129 -0.00844155 0.0123928 -0.0437746 0.0406243 -0.0202241 0.133453 0.139945 0.100139 0.123929
internal_weight=5659.56 3469.37 2521.39 356.342 2165.05 468.397 947.977 2190.19 346.515 1696.65 233.86 139.252 334.631 223.074 1557.4 177.853 1379.55 251.897 110.942 217.058 87.9398 109.376 117.699 258.575 225.255 92.411 1127.65 670.577 83.8706 457.075
internal_count=24513 13189 8521 1420 7101 1728 4668 11324 1534 5373 1065 485 1319 764 4888 577 4311 822 390 736 316 468 488 1218 851 419 3489 2065 276 1424
is_linear=0
shrinkage=0.1


Tree=15
num_leaves=31
num_cat=0
split_feature=0 0 10 0 10 0 0 10 4 0 0 4 9 3 10 7 2 0 1 2 3 2 13 4 3 11 4 12 3 8
split_gain=5561.61 313.307 180.919 148.911 54.4157 30.2447 29.368 32.3686 9.74405 8.94063 8.34655 8.0821 7.81941 9.79416 6.93383 6.5752 5.62832 5.62713 5.58491 6.17205 5.76212 5.22485 5.17763 5.17358 5.14888 5.10664 5.03314 7.52975 4.97177 4.17073
threshold=42.500000000000007 46.500000000000007 19.500000000000004 39.500000000000007 19.500000000000004 44.500000000000007 48.500000000000007 19.500000000000004 22.500000000000004 41.500000000000007 37.500000000000007 11.500000000000002 151.26527126328958 13.500000000000002 13.500000000000002 5.5000000000000009 8.5000000000000018 44.500000000000007 2.5000000000000004 8.5000000000000018 10.500000000000002 6.5000000000000009 1.3798076923076925 14.500000000000002 4.5000000000000009 4.5000000000000009 16.500000000000004 6.5000000000000009 5.5000000000000009 0.23145604395604394
decision_type=2 2 2 2 2 2 2 2 2 2 2 2 2 2 2 2 2 2 2 2 2 2 2 2 2 2 2 2 2 2
left_child=3 2 5 10 9 8 7 -3 23 16 -1 -9 13 -11 -12 -7 25 -4 -10 20 -20 -22 24 29 -13 -5 -19 -28 -8 -2
right_child=1 6 17 4 -6 15 28 11 18 12 14 22 -14 -15 -16 -17 -18 26 19 -21 21 -23 -24 -25 -26 -27 27 -29 -30 -31
leaf_value=-0.089938699081376708 0.051835204932364792 0.13854759466926 -0.069552176885035677 -0.0083849508607410604 -0.08898399271241364 0.10568342188776303 0.13303814417337487 -0.0056006122244865808 0.13901081506601881 0.14783802442220714 -0.045927436435511441 -0.0057484433297744749 0.010463991889278533 -0.023225756923506757 -0.083480189151837039 0.14392224801584583 0.052860564750025513 -0.046134853253647239 0.13018036559149207 0.15595184141606125 -0.036775842501532298 0.068918363848014391 0.16220448367056262 0.061230361666612866 0.082671369535003314 -0.046244288258866062 -0.02544933863466069 0.1114769975516956 0.15849935084612979 -0.026571813117222676
leaf_weight=2766.4377496093512 14.097896963357927 278.95883342623711 58.152241542935371 118.59125456213951 93.549499779939651 219.63635256886482 82.45073863863945 14.30613926053047 23.49073326587677 9.6495054960250837 79.352952465415001 7.971551001071929 98.048223689198494 5.1243716478347769 129.26262082159519 56.544269949197769 11.389760553836821 38.282441735267639 7.0154864788055447 7.4214742183685294 8.0993562340736407 11.068838864564894 6.5726486742496482 163.13469254970551 37.887292057275772 50.927861213684082 12.923084080219271 5.8269686102867118 1098.1420505344868 13.077459886670111
leaf_count=14706 53 857 292 537 482 705 253 54 80 38 390 29 405 20 664 176 50 183 24 25 28 38 23 583 131 230 59 27 3321 50
internal_value=-0.000398946 0.124605 0.0658029 -0.0808913 -0.0225633 0.0907645 0.149215 0.123581 0.0653711 -0.00140916 -0.0884842 0.0610204 0.0206832 0.0885039 -0.0691959 0.113512 -0.0151868 -0.0476633 0.101603 0.0754544 0.0526383 0.0242582 0.0791983 0.0545009 0.0673015 -0.0197589 -0.0253446 0.0171034 0.156721 0.0141038
internal_weight=5527.39 2165.06 638.771 3362.33 387.28 523.587 1526.29 345.696 247.406 293.731 2975.05 66.7376 112.822 14.7739 208.616 276.181 180.909 115.185 57.0959 33.6052 26.1837 19.1682 52.4315 190.31 45.8588 169.519 57.0325 18.7501 1180.59 27.1754
internal_count=24513 6991 2323 17522 1762 1762 4668 1094 881 1280 15760 237 463 58 1054 881 817 561 195 115 90 66 183 686 160 767 269 86 3574 103
is_linear=0
shrinkage=0.1


Tree=16
num_leaves=31
num_cat=0
split_feature=0 0 0 10 4 3 10 10 0 0 0 0 0 10 0 10 7 4 7 12 11 8 12 12 12 4 12 10 6 12
split_gain=5127.59 175.588 143.013 86.2844 40.1109 36.2995 31.0715 18.7353 13.6712 11.101 10.9189 9.27669 8.75728 8.70174 8.26385 6.53721 5.20037 5.11795 5.09424 4.71558 4.24582 4.07436 4.03608 4.15563 3.82543 4.78033 5.25154 3.77888 4.54655 3.50932
threshold=23.500000000000004 26.500000000000004 20.500000000000004 7.5000000000000009 7.5000000000000009 4.5000000000000009 8.5000000000000018 7.5000000000000009 16.500000000000004 22.500000000000004 24.500000000000004 25.500000000000004 28.500000000000004 7.5000000000000009 18.500000000000004 22.500000000000004 3.5000000000000004 9.5000000000000018 4.5000000000000009 9.5000000000000018 1.0000000180025095e-35 0.11814556331006977 9.5000000000000018 4.5000000000000009 11.500000000000002 3.5000000000000004 9.5000000000000018 6.5000000000000009 8.5000000000000018 4.5000000000000009
decision_type=2 2 2 2 2 2 2 2 2 2 2 2 2 2 2 2 2 2 2 2 2 2 2 2 2 2 2 2 2 2
left_child=2 4 6 9 11 15 13 10 -8 -4 20 21 17 -1 -15 -5 -16 -3 19 -7 -6 -2 23 -10 25 29 -27 28 -13 -23
right_child=1 12 3 5 7 18 8 -9 22 -11 -12 27 -14 14 16 -17 -18 -19 -20 -21 -22 24 -24 -25 -26 26 -28 -29 -30 -31
leaf_value=0.13306535044162401 0.085241846435517063 -0.056355764440198512 0.099791473850119577 0.033337058716763561 0.085168793962931671 -0.030703429681174704 0.12175045642534105 -0.083936509300164552 0.042461632815915272 0.067884414647623723 -0.051917472641051926 -0.023366471243103051 -0.090641680200732766 0.12227524262903233 0.093348049317295845 0.10715977109089619 0.015493457352323301 -0.088043489091082852 -0.06319295107481103 0.048165955387935604 -0.00078358230433626073 0.08772082811375187 -0.0030947810979056354 0.09089418802485473 0.082755673572293978 0.010986185764594779 -0.053718795685348611 -0.065468986661493103 0.070114033634691125 0.017677435246474964
leaf_weight=1374.9846129119396 8.889742970466612 123.31849911808968 356.96498253941536 23.702607437968254 6.657355695962905 38.334216386079788 48.168822526931763 101.60359650850296 41.417949140071869 156.99846717715263 63.774689018726349 37.451456278562546 2707.7551084458828 185.3979831635952 41.753336787223816 24.285841077566147 10.798464357852934 86.878358066082001 40.877948626875877 9.4495698213577253 42.030290424823761 12.834404423832895 10.52594545483589 30.957383990287781 8.0781570672988874 109.34262236952782 14.168634176254271 17.446643859148026 6.0422289222478858 16.158831268548965
leaf_count=4165 33 596 1075 90 23 165 145 510 132 493 295 167 14149 559 129 73 36 441 186 39 166 47 35 98 31 413 54 81 27 60
internal_value=-0.000553409 -0.0801965 0.111278 0.0712672 -0.0216455 0.000641037 0.126205 -0.0528118 0.0793813 0.0900449 -0.0246923 0.00730967 -0.0891153 0.13001 0.112353 0.070697 0.0773503 -0.0694529 -0.037277 -0.0151065 0.0109692 0.0193419 0.0547633 0.0631779 0.0156937 0.0121415 0.00356353 -0.0261514 -0.01038 0.0486835
internal_weight=5757.05 3362.43 2394.62 650.614 444.479 136.65 1744 214.066 131.07 513.963 112.462 230.413 2917.95 1612.93 237.95 47.9884 52.5518 210.197 88.6617 47.7838 48.6876 169.472 82.9013 72.3753 160.583 152.504 123.511 60.9403 43.4937 28.9932
internal_count=24513 17093 7420 2121 1907 553 5299 994 410 1568 484 913 15186 4889 724 163 165 1037 390 204 189 638 265 230 605 574 467 275 194 107
is_linear=0
shrinkage=0.1


Tree=17
num_leaves=31
num_cat=0
split_feature=0 0 0 4 10 0 0 10 4 0 0 10 4 0 0 2 10 10 0 0 0 10 0 4 0 0 9 0 10 10
split_gain=1857.25 1515.25 166.782 151.955 143.514 120.357 73.1696 59.6816 44.1782 36.3443 26.2788 23.6959 21.4499 28.8273 18.325 17.9484 17.4056 16.7676 14.5211 10.9086 10.8967 12.8215 8.74369 7.87776 7.29624 7.09912 6.98141 6.84774 6.75902 10.3816
threshold=36.500000000000007 21.500000000000004 32.500000000000007 10.500000000000002 7.5000000000000009 23.500000000000004 17.500000000000004 7.5000000000000009 9.5000000000000018 19.500000000000004 40.500000000000007 19.500000000000004 16.500000000000004 29.500000000000004 24.500000000000004 1.5000000000000002 22.500000000000004 2.5000000000000004 34.500000000000007 33.500000000000007 38.500000000000007 19.500000000000004 14.500000000000002 6.5000000000000009 20.500000000000004 20.500000000000004 255.71382275132285 22.500000000000004 19.500000000000004 10.500000000000002
decision_type=2 2 2 2 2 2 2 2 2 2 2 2 2 2 2 2 2 2 2 2 2 2 2 2 2 2 2 2 2 2
left_child=1 4 5 18 9 7 22 27 10 -1 -2 17 14 -14 23 -8 -9 -5 -4 -19 21 -10 -6 -7 -11 -17 -20 -3 29 -16
right_child=8 2 3 11 6 12 15 16 20 24 -12 -13 13 -15 28 25 -18 19 26 -21 -22 -23 -24 -25 -26 -27 -28 -29 -30 -31
leaf_value=-0.086988756076078103 0.0062128474299963012 0.0046120574296971287 0.11509279140499762 0.15574459250188558 -0.083614220225252167 0.066011803668587374 -0.013722106640987126 0.11981932255393726 -0.073442968548705453 -0.057897792943569198 -0.079385341080767002 0.062753774516223382 0.11587003584877952 0.048099282274354435 0.12165678291620877 0.049053372724073147 -0.0029437224737654992 0.0028638622916077102 0.0049719069406349795 -0.046006619855500717 -0.08766615768235618 0.0012784111981353459 -0.030163389355003914 0.10528792354163519 -0.023504554151307099 0.097887858072893102 0.076459682922191546 0.037306344839623605 0.13518429909401172 0.087519942419131469
leaf_weight=597.11877554655075 88.739837378263474 122.19133587181568 134.60214388370514 4.8435459434986106 51.456231027841568 82.694470196962357 37.912451028823853 108.72984385490417 124.84369252622128 128.49887311458588 60.193359330296516 32.56822994351387 138.53493875265121 114.75840583443642 723.72710657119751 98.870647594332695 12.921823158860205 63.484872251749039 16.403585582971573 162.8078740388155 1558.7539969831705 28.140182629227638 75.523647576570511 133.52621230483055 118.62091460824013 42.591709166765213 81.703795075416565 134.66431492567062 290.78091990947723 101.59343555569649
leaf_count=3465 403 514 407 19 285 264 161 327 669 700 335 110 417 404 2182 353 57 239 57 809 8794 117 372 408 561 132 265 493 874 320
internal_value=0.000541187 0.0423611 0.0866573 0.0348702 -0.0523662 0.099746 0.00626199 0.0490804 -0.0806215 -0.073641 -0.0283828 -0.0171036 0.111841 0.0851655 0.116912 0.0473807 0.106779 -0.0283559 0.0937664 -0.0322963 -0.0851666 -0.0596986 -0.0518233 0.0902666 -0.0413886 0.0637565 0.0645069 0.021753 0.122074 0.117455
internal_weight=5471.8 3611.13 2460.54 496.414 1150.59 1964.12 306.355 378.507 1860.67 844.239 148.933 263.705 1585.62 253.293 1332.32 179.375 121.652 231.136 232.71 226.293 1711.74 152.984 126.98 216.221 247.12 141.462 98.1074 256.856 1116.1 825.321
internal_count=24513 14195 8166 1906 6029 6260 1303 1391 10318 4726 738 1177 4869 821 4048 646 384 1067 729 1048 9580 786 657 672 1261 485 322 1007 3376 2502
is_linear=0
shrinkage=0.1


Tree=18
num_leaves=31
num_cat=0
split_feature=0 0 0 0 4 10 4 0 0 10 4 0 10 4 0 0 7 2 4 10 0 9 7 0 7 4 0 0 10 0
split_gain=2094.37 1225.8 203.281 163.959 121.122 93.5411 49.6426 50.0442 40.7023 33.225 30.9403 24.2126 39.2634 21.2931 42.9373 18.7865 10.9179 9.55848 9.14639 6.59586 6.83079 6.56176 6.18862 6.13829 8.73753 6.13043 6.10929 5.74743 7.03053 5.7266
threshold=29.500000000000004 47.500000000000007 32.500000000000007 44.500000000000007 11.500000000000002 19.500000000000004 6.5000000000000009 35.500000000000007 49.500000000000007 19.500000000000004 13.500000000000002 42.500000000000007 19.500000000000004 9.5000000000000018 35.500000000000007 27.500000000000004 6.5000000000000009 2.5000000000000004 22.500000000000004 7.5000000000000009 36.500000000000007 234.82068914522333 1.0000000180025095e-35 37.500000000000007 -4.4999999999999991 17.500000000000004 38.500000000000007 41.500000000000007 14.500000000000002 45.500000000000007
decision_type=2 2 2 2 2 2 2 2 2 2 2 2 2 2 2 2 2 2 2 2 2 2 2 2 2 2 2 2 2 2
left_child=10 2 4 6 21 16 7 -4 9 -3 -1 13 18 14 -8 -12 29 -6 -13 20 -15 -2 -11 24 -16 -7 -9 -21 -29 -5
right_child=1 8 3 5 17 25 11 26 -10 22 15 12 -14 19 23 -17 -18 -19 -20 27 -22 -23 -24 -25 -26 -27 -28 28 -30 -31
leaf_value=-0.087849626791754287 0.015207555378769508 -0.052719841801801927 -0.028286284045808366 0.028540783648816005 0.0017883356861846207 0.11664725667033503 0.0052387764189699539 0.064752040690630647 -0.080770287623942005 0.054737726443946713 -0.070839998984823668 0.069852844109902737 0.13712840244326605 -0.008088366080567495 0.11748042908743742 -0.0051319435905836435 -0.04485100499047498 0.064994096888587399 0.023906499098677026 0.11688349464487324 0.11938257716397711 -0.072507161015442578 -0.0275344406361447 0.12578826879595609 0.025845030915426281 0.065095428317703485 0.11350725031509318 0.072987882176920552 0.11350802793923452 -0.0024106760550859484
leaf_weight=1731.4119863659143 9.1185596138238889 155.79399125277996 58.358687162399292 93.407603725790977 28.096227452158928 93.428583800792694 57.23605751991272 54.908172369003296 548.16670082509518 43.704767167568207 108.08701890707016 204.59829270839691 88.888840019702911 9.0162839889526385 24.826179444789886 72.830972671508789 44.554943174123764 161.2110248953104 54.965465992689133 1126.7762258499861 7.8761168718338004 131.80899730324745 11.561664044857023 82.269445687532425 17.913715451955795 30.63024765253067 48.316489666700363 70.426328629255295 109.23743444681168 166.028793618083
leaf_count=9974 44 799 268 355 100 287 248 176 3134 149 577 686 267 32 80 324 207 555 195 3425 24 715 50 248 58 99 145 220 334 738
internal_value=0.00055822 0.0461841 0.0769997 0.0869513 0.00335999 0.0307427 0.0988882 0.0457283 -0.0664031 -0.0290887 -0.0837379 0.103521 0.0797669 0.109019 0.0769729 -0.0443883 0.000879468 0.0556133 0.0601232 0.113432 0.0513452 -0.0668317 0.0375265 0.109817 0.079073 0.103919 0.0875729 0.114235 0.0976246 0.0087331
internal_weight=5445.46 3533.13 2773.9 2443.66 330.235 428.05 2015.61 161.583 759.227 211.06 1912.33 1854.03 348.453 1505.58 182.245 180.918 303.991 189.307 259.564 1323.33 16.8924 140.928 55.2664 125.009 42.7399 124.059 103.225 1306.44 179.664 259.436
internal_count=24513 13638 9506 8092 1414 1686 6406 589 4132 998 10875 5817 1148 4669 634 901 1300 655 881 4035 56 759 199 386 138 386 321 3979 554 1093
is_linear=0
shrinkage=0.1


Tree=19
num_leaves=31
num_cat=0
split_feature=0 0 0 10 10 0 10 0 0 4 4 0 10 9 3 7 0 2 11 4 12 5 8 5 9 9 13 4 10 8
split_gain=4501.55 238.735 147.236 135.649 50.7816 25.2769 27.7801 22.5035 8.86067 8.74846 7.61175 7.42289 7.08795 6.14606 7.65405 5.48386 5.37734 4.71693 4.65618 4.55586 6.18338 4.33989 4.25416 4.07447 4.04804 4.13621 3.98331 3.92755 3.91916 3.73797
threshold=42.500000000000007 46.500000000000007 39.500000000000007 19.500000000000004 19.500000000000004 49.500000000000007 19.500000000000004 44.500000000000007 37.500000000000007 11.500000000000002 22.500000000000004 41.500000000000007 13.500000000000002 151.26527126328958 13.500000000000002 5.5000000000000009 44.500000000000007 8.5000000000000018 4.5000000000000009 16.500000000000004 6.5000000000000009 3.5000000000000004 0.34833164812942369 6.5000000000000009 224.19538824538827 191.18537681159424 0.53939393939393943 14.500000000000002 15.500000000000002 0.17349498327759191
decision_type=2 2 2 2 2 2 2 2 2 2 2 2 2 2 2 2 2 2 2 2 2 2 2 2 2 2 2 2 2 2
left_child=2 3 8 7 11 6 -3 10 -1 -8 27 17 -10 14 -13 29 -5 18 22 -18 -21 -12 24 -20 25 -4 -11 28 -2 -9
right_child=1 5 4 16 -6 -7 9 15 12 26 21 13 -14 -15 -16 -17 19 -19 23 20 -22 -23 -24 -25 -26 -27 -28 -29 -30 -31
leaf_value=-0.087942114785666048 0.061706797473581522 0.12340734412227949 -0.018279232199334198 -0.065998724545910381 -0.086921496160867293 0.13946087701567675 -0.0027873420487987475 0.060330266874496358 -0.041668488390163752 0.035044368788458853 0.063507033622196341 0.12902002317571701 -0.080927791777527708 0.011326481768808211 -0.021329202029197535 0.12555200698272911 -0.042119416004243113 0.04935230515046618 -0.051347081645428207 -0.021552816168584135 0.10149532106058007 0.11778151202432474 0.072147474581417209 0.052576269115233422 -0.052176874208483097 0.025859210609971622 0.089512089428387731 0.053423458672571533 -0.016548344375990516 0.096468158291579342
leaf_weight=2521.3586337566376 10.195233479142191 404.99758505821228 56.050459235906601 53.959706977009773 86.149760186672211 1042.5522006750107 16.669859796762466 33.605928212404251 74.930939450860023 17.366220951080322 31.849106192588806 10.271253556013106 119.05260047316551 97.482715532183647 5.0511854887008658 58.072319149971008 36.317430064082146 11.604961097240446 44.591534897685051 12.446482151746752 6.0783066153526297 27.414286822080612 6.6169988662004462 4.1213124841451636 19.154395774006844 34.176250949501991 59.185252100229263 168.03782257437706 17.191109478473663 193.02503025531769
leaf_count=14706 38 1218 256 292 482 3134 62 105 390 59 106 38 664 405 20 176 183 50 210 59 27 89 31 20 90 160 195 583 65 600
internal_value=-0.000533192 0.109186 -0.0782435 0.0582703 -0.0195318 0.130607 0.112078 0.078816 -0.0863576 0.0628603 0.0572204 0.000548422 -0.0657629 0.0205806 0.079456 0.0981349 -0.0435863 -0.012268 -0.0166095 -0.0215346 0.0188214 0.0886135 -0.00571393 -0.0425547 -0.0104241 -0.00156039 0.0771557 0.0477003 0.012584 0.0911095
internal_weight=5279.58 2188.96 3090.61 648.193 375.271 1540.77 498.219 539.391 2715.34 93.2213 254.688 289.121 193.984 112.805 15.3224 284.703 108.802 176.316 164.711 54.8422 18.5248 59.2634 115.998 48.7128 109.381 90.2267 76.5515 195.424 27.3863 226.631
internal_count=24513 6991 17522 2323 1762 4668 1534 1762 15760 316 881 1280 1054 463 58 881 561 817 767 269 86 195 537 230 506 416 254 686 103 705
is_linear=0
shrinkage=0.1


Tree=20
num_leaves=31
num_cat=0
split_feature=0 0 0 10 4 3 10 0 10 0 0 0 0 2 4 4 10 2 12 9 9 9 11 4 7 9 0 2 5 11
split_gain=4198.5 174.228 120.44 63.479 35.811 29.0008 28.3308 19.4545 18.3423 9.624 9.42986 8.88012 7.34783 6.59941 5.32864 4.84424 4.8337 4.66834 3.96467 3.95804 5.0105 5.48941 6.60934 5.37221 8.66612 4.72151 4.52898 4.22965 4.1301 3.80721
threshold=23.500000000000004 26.500000000000004 20.500000000000004 7.5000000000000009 7.5000000000000009 4.5000000000000009 7.5000000000000009 17.500000000000004 7.5000000000000009 24.500000000000004 28.500000000000004 22.500000000000004 25.500000000000004 1.5000000000000002 9.5000000000000018 10.500000000000002 22.500000000000004 6.5000000000000009 7.5000000000000009 391.2322916666667 323.47114845938387 290.8184200603319 4.5000000000000009 3.5000000000000004 -4.4999999999999991 406.13259259259263 24.500000000000004 1.0000000180025095e-35 2.5000000000000004 2.5000000000000004
decision_type=2 2 2 2 2 2 2 2 2 2 2 2 2 2 2 2 2 2 2 2 2 2 2 2 2 2 2 2 2 2
left_child=2 4 6 11 12 16 -1 -8 9 18 14 -4 19 -9 -3 -7 -5 -15 -6 20 21 22 26 24 -22 -21 -2 -23 -27 -25
right_child=1 10 3 5 8 15 7 13 -10 -11 -12 -13 -14 17 -16 -17 -18 -19 -20 25 23 27 -24 29 -26 28 -28 -29 -30 -31
leaf_value=0.12082220113433069 0.056807893031529326 -0.051997977299034631 0.088024485585044429 0.031821124419563883 -0.0049609356219722581 -0.0021692869966951239 0.10888256135137869 0.096449078001915184 -0.081310066296533021 -0.047576624646629151 -0.088590859430412186 0.059668637921496383 -0.021660833734427117 0.05579356002163454 -0.085649720922349765 -0.051638405481184563 0.095243324984449984 -0.017622847220908643 0.059774111297586599 -0.07167134798840262 0.16476588366628334 -0.089795303036787011 0.13512106582810515 0.0025150541127501687 0.0083759441380253392 -0.031656619408524572 -0.032545210222418894 -0.0030147196750387223 0.064410203937318611 0.053002835417096265
leaf_weight=1330.1966135203838 12.169709533452991 115.26472544670105 357.47304812073708 23.783445656299591 35.285781040787697 31.422382295131683 214.23472163081169 41.08059561252594 93.691814914345741 60.130079835653305 2466.4906536191702 159.81777554750443 58.308864057064056 102.24929982423782 79.514732345938683 53.495630457997322 24.289975792169571 9.462713420391081 12.926718458533285 9.6243394464254397 8.3725498467683774 6.8620705157518378 5.7514605522155753 26.607383534312248 6.1430605053901663 9.1807353198528308 10.625273287296295 30.939722076058388 8.731377646327017 34.049699544906616
leaf_count=4165 44 596 1075 90 139 130 657 124 510 295 14149 493 275 321 441 260 73 32 50 37 30 26 21 102 23 33 44 119 32 127
internal_value=-0.000804088 -0.0773809 0.100015 0.063422 -0.018273 0.00180223 0.114036 0.0894394 -0.0489087 -0.0208889 -0.0869181 0.0792639 0.00894938 0.0621776 -0.0657356 -0.0333332 0.0638664 0.0495747 0.0123958 0.019507 0.0262564 0.00622806 0.0393281 0.0439337 0.0985811 -0.015181 0.0151583 -0.0187678 0.0151718 0.0308562
internal_weight=5438.18 3090.67 2347.51 650.282 429.401 132.991 1697.22 367.027 202.034 108.343 2661.27 517.291 227.366 152.793 194.779 84.918 48.0734 111.712 48.2125 169.057 141.521 66.3482 28.5464 75.1727 14.5156 27.5365 22.795 37.8018 17.9121 60.6571
internal_count=24513 17093 7420 2121 1907 553 5299 1134 994 484 15186 1568 913 477 1037 390 163 353 189 638 536 254 109 282 53 102 88 145 65 229
is_linear=0
shrinkage=0.1


Tree=21
num_leaves=31
num_cat=0
split_feature=0 0 0 10 3 0 0 4 0 10 0 4 0 9 0 2 10 0 0 4 0 2 9 10 9 0 13 0 0 3
split_gain=1576.43 1125.73 204.171 128.955 76.6416 70.5067 58.5146 54.7925 74.1522 45.3404 37.2103 21.9393 16.3261 19.677 14.3161 13.8296 12.9158 12.7378 11.7387 10.6154 9.74113 9.00197 8.94387 9.18692 10.0721 8.66034 6.61333 6.52792 6.31632 7.15786
threshold=37.500000000000007 21.500000000000004 34.500000000000007 7.5000000000000009 6.5000000000000009 23.500000000000004 17.500000000000004 14.500000000000002 30.500000000000004 7.5000000000000009 19.500000000000004 7.5000000000000009 25.500000000000004 214.1086904761905 29.500000000000004 1.5000000000000002 22.500000000000004 32.500000000000007 27.500000000000004 6.5000000000000009 40.500000000000007 2.5000000000000004 255.71382275132285 18.500000000000004 216.18605442176872 14.500000000000002 1.1791443850267382 20.500000000000004 35.500000000000007 3.5000000000000004
decision_type=2 2 2 2 2 2 2 2 2 2 2 2 2 2 2 2 2 2 2 2 2 2 2 2 2 2 2 2 2 2
left_child=1 3 5 10 22 9 25 12 18 -3 -1 20 19 14 -14 -8 -11 21 -9 -7 -2 -10 23 -4 -25 -5 -24 -12 -26 -30
right_child=11 2 4 6 -6 7 15 8 17 16 27 -13 13 -15 -16 -17 -18 -19 -20 -21 -22 -23 26 24 28 -27 -28 -29 29 -31
leaf_value=-0.08496132941495825 0.0072452502765798787 0.02110669217459676 -0.032966727415621642 -0.081204164633457754 -0.05642692547830578 0.065275778589042807 -0.011731400876574594 0.12155980063745891 0.11746180887674169 0.10641192304007099 -0.053582678655293439 -0.084267312880854026 0.11695547519477126 0.11295284416022099 0.026063455733660632 0.056624213098310949 -0.00031202352179943556 -0.0093368344104528267 0.078821615037041062 0.098785751132544439 -0.070151140216724348 0.02985035030778186 0.074457392008867626 0.1517652543459401 0.087655046697507816 -0.025963315171773051 0.025584992271917947 -0.020119468886169393 -0.073185750246310494 0.042327837313840905
leaf_weight=537.19179689884186 38.291698947548866 257.374432310462 27.10895311832428 46.824878752231598 139.94322271645069 162.27092242240906 37.261057898402214 115.31027516722679 13.416038930416105 108.61694267392159 118.55739057064056 1536.4682912379503 27.425121307373047 922.18663166463375 47.072741761803627 143.91636139154434 12.66145522892475 96.026568710803986 145.18311247229576 226.46641093492508 28.265674784779549 93.196729749441147 79.38272462785244 6.9814205765724173 9.3029435873031634 72.047422885894775 42.518010526895523 114.6910226047039 9.9503204226493853 11.639175474643705
leaf_count=3465 184 1007 143 285 749 498 161 349 46 327 700 9453 83 2809 166 485 57 432 444 684 170 326 272 27 31 372 144 561 38 45
internal_value=0.000741637 0.0372618 0.073342 -0.0488203 -0.000466238 0.0841729 0.00679574 0.0922255 0.0624484 0.0448604 -0.0704801 -0.0818324 0.10218 0.108959 0.0595238 0.0425662 0.09527 0.0170808 0.0977401 0.0847977 -0.0256236 0.0408753 0.0414386 0.0114759 0.0432865 -0.0477232 0.0574111 -0.0371284 0.0187712 -0.0109109
internal_weight=5227.55 3624.52 2554.03 1070.49 326.827 2227.21 300.05 1848.55 463.133 378.653 770.44 1603.03 1385.42 996.684 74.4979 181.177 121.278 202.639 260.493 388.737 66.5574 106.613 186.884 64.9828 37.8739 118.872 121.901 233.248 30.8924 21.5895
internal_count=24513 14706 8677 6029 1449 7228 1303 5837 1597 1391 4726 9807 4240 3058 249 646 384 804 793 1182 354 372 700 284 141 657 416 1261 114 83
is_linear=0
shrinkage=0.1


Tree=22
num_leaves=31
num_cat=0
split_feature=0 0 0 0 4 10 0 10 4 0 4 0 10 0 10 0 4 10 4 3 13 4 10 2 11 1 2 0 3 0
split_gain=1771.35 967.276 151.654 119.803 99.7948 69.7528 39.995 38.5728 37.5316 37.8302 31.9331 18.9509 31.8123 17.8794 17.8682 16.9456 34.671 12.8148 9.7086 8.68228 7.59449 6.61325 6.43537 5.85313 5.67948 5.55897 6.03149 5.54445 5.24423 5.01493
threshold=29.500000000000004 47.500000000000007 32.500000000000007 44.500000000000007 9.5000000000000018 19.500000000000004 50.500000000000007 19.500000000000004 6.5000000000000009 35.500000000000007 13.500000000000002 42.500000000000007 19.500000000000004 27.500000000000004 7.5000000000000009 34.500000000000007 10.500000000000002 17.500000000000004 20.500000000000004 6.5000000000000009 0.60769230769230786 22.500000000000004 19.500000000000004 2.5000000000000004 4.5000000000000009 2.5000000000000004 8.5000000000000018 45.500000000000007 10.500000000000002 37.500000000000007
decision_type=2 2 2 2 2 2 2 2 2 2 2 2 2 2 2 2 2 2 2 2 2 2 2 2 2 2 2 2 2 2
left_child=10 2 4 8 -2 18 7 -3 9 23 -1 15 21 -12 -6 16 -10 24 20 -9 -5 -13 -18 -4 -16 -23 28 -20 -27 -11
right_child=1 6 3 5 14 -7 -8 19 11 29 13 12 -14 -15 17 -17 22 -19 27 -21 -22 25 -24 -25 -26 26 -28 -29 -30 -31
leaf_value=-0.086016215329218243 -0.070803747014596852 -0.055449630662483297 -0.035483528539634691 0.069727994955536943 -0.081230995472748119 0.091559582279697516 -0.082233692673829878 0.060860324665137494 -0.0090282486010565578 0.048267107787789004 -0.06776494633158052 0.061239419615221329 0.12263414751909651 -0.0022445298460674885 0.048143883048980624 0.10057524672168501 0.094732472939258849 -0.058347358481446204 0.012659604978126205 -0.0096709561123810052 0.0096941056699912757 -0.015802570378529009 0.013812946936211198 0.074368233622705476 0.088625720665167551 -0.0050195018780736416 -0.034477597362270219 -0.031764722590992348 0.097583012211476708 0.093607949826734871
leaf_weight=1569.7210204005241 114.49838721752167 202.66590982675552 51.097534090280533 24.673963248729706 10.579999417066572 125.02167497575283 425.30011069774628 40.139353334903717 43.7856235653162 39.028511881828308 100.36553859710693 210.01659536361694 87.616423785686493 71.190462648868561 142.2154306024313 1282.6878730356693 171.41523468494415 9.9669565260410291 40.913736581802368 30.879936814308167 144.34553541243076 22.574675589799881 10.425791800022123 5.3590675294399253 45.823616206645966 6.737060189247134 6.8848202824592581 89.66290907561779 19.117725372314453 65.05686017870903
leaf_count=9974 674 1153 242 99 58 386 2693 151 202 124 577 686 267 324 481 3906 524 46 166 135 603 80 37 26 155 24 25 432 66 197
internal_value=0.000756903 0.0420718 0.0686019 0.0771058 0.00420964 0.0288178 -0.0630449 -0.0332261 0.0872472 0.0408557 -0.0815393 0.0912487 0.0703893 -0.040576 0.0453865 0.0961298 0.0708573 0.052152 0.00263555 0.0301926 0.018458 0.0531372 0.090093 -0.025056 0.058009 0.0223747 0.0486987 -0.0178452 0.0708476 0.0766067
internal_weight=5209.77 3468.49 2769.51 2446.42 323.084 424.618 698.985 273.685 2021.8 160.542 1741.28 1861.26 352.947 171.556 208.586 1508.31 225.627 198.006 299.596 71.0193 169.019 265.331 181.841 56.4566 188.039 55.3143 32.7396 130.577 25.8548 104.085
internal_count=24513 13638 9506 8092 1414 1686 4132 1439 6406 589 10875 5817 1148 901 740 4669 763 682 1300 286 702 881 561 268 636 195 115 598 90 321
is_linear=0
shrinkage=0.1


Tree=23
num_leaves=31
num_cat=0
split_feature=0 0 0 10 10 0 0 0 10 0 9 10 3 9 4 4 6 7 9 3 9 8 1 2 3 2 0 6 8 9
split_gain=3681.13 193.999 146.628 105.614 47.2374 24.6854 14.7112 10.948 15.7798 9.44132 7.67892 7.18214 6.92547 6.30799 5.45916 4.88861 4.9992 4.88306 4.83242 4.5371 4.38249 4.29638 4.22733 4.66255 4.36145 4.23521 4.00946 3.85248 5.93008 4.48495
threshold=42.500000000000007 47.500000000000007 39.500000000000007 19.500000000000004 19.500000000000004 44.500000000000007 45.500000000000007 50.500000000000007 19.500000000000004 37.500000000000007 187.73066411238827 13.500000000000002 10.500000000000002 260.86697368421056 22.500000000000004 16.500000000000004 10.500000000000002 6.5000000000000009 198.92840654608099 4.5000000000000009 227.68449712643681 0.13976744186046514 2.5000000000000004 8.5000000000000018 10.500000000000002 6.5000000000000009 40.500000000000007 6.5000000000000009 0.21294035577258458 150.01174012158057
decision_type=2 2 2 2 2 2 2 2 2 2 2 2 2 2 2 2 2 2 2 2 2 2 2 2 2 2 2 2 2 2
left_child=2 3 9 5 12 14 10 8 -3 -1 -5 -11 19 -10 -2 -8 18 -7 -17 -4 21 -14 -16 24 -24 -26 -21 28 -23 -30
right_child=1 7 4 6 -6 17 15 -9 13 11 -12 -13 20 -15 22 16 -18 -19 -20 26 -22 27 23 -25 25 -27 -28 -29 29 -31
leaf_value=-0.086212837044385815 0.042724885372069879 0.11735366192737032 -0.074137456467505941 0.0723989814372 -0.084970509917737844 0.085123574592685602 -0.006548819059673805 0.12734705918741468 0.085002394102364209 -0.037683018212292474 -0.058540103129681137 -0.078530705988399438 0.10043381573610588 0.021507375374702029 0.1081133075879171 0.0086704554211172631 -0.018051290699849183 0.11419209663533908 0.12473887917883855 -0.03040377889939986 0.11835636514548611 -0.017810438575692894 0.10000405230442957 0.12191046099147361 -0.043370785933951814 0.049674085636692539 0.0040012647137851942 -0.0072099024163774054 0.0077207172621152915 0.086818697810361833
leaf_weight=2289.9400607943535 199.12121345102787 379.32463631033897 10.140248849987982 4.7770074903964987 78.69954326748848 360.03838050365448 36.880469128489494 875.48996803164482 69.926217526197433 71.001032263040543 71.74612121284008 109.32047872245312 6.0578545480966559 20.156395941972733 25.368140071630478 5.5459982156753567 6.9648349583148947 68.838316440582275 10.155261784791945 46.422459319233894 4.6378625035285941 15.038355529308317 7.5713686943054226 8.0134179890155774 8.3757171928882617 11.761824548244475 125.28941686451435 45.417896151542664 11.140514522790911 20.105636060237885
leaf_count=14706 686 1153 48 23 482 1093 162 2693 219 390 406 664 26 67 80 20 28 207 39 244 20 65 24 25 28 38 547 197 46 87
internal_value=-0.000689044 0.0973204 -0.0757579 0.0591488 -0.0164084 0.0750465 -0.021361 0.120741 0.108419 -0.084478 -0.0503661 -0.0624471 0.00257421 0.0707951 0.0507477 0.0159135 0.0524624 0.0897893 0.0837412 -0.0091386 0.0233754 0.0188694 0.0768977 0.05473 0.0353014 0.0109744 -0.00530017 0.0134812 0.0337849 0.0586171
internal_weight=5003.27 2170.06 2833.21 825.158 362.95 689.088 136.07 1344.9 469.407 2470.26 76.5231 180.322 284.25 90.0826 260.212 59.5466 22.6661 428.877 15.7013 181.852 102.398 97.7603 61.0905 35.7223 27.7089 20.1375 171.712 91.7024 46.2845 31.2462
internal_count=24513 6991 17522 2859 1762 2181 678 4132 1439 15760 429 1054 1280 286 881 249 87 1300 59 839 441 421 195 115 90 66 791 395 198 133
is_linear=0
shrinkage=0.1


Tree=24
num_leaves=31
num_cat=0
split_feature=0 0 0 3 10 4 0 0 10 0 7 8 10 0 1 4 8 3 10 1 8 9 10 13 8 3 13 6 8 9
split_gain=3472.7 195.5 66.7275 56.8319 35.1476 27.1011 25.2092 14.0475 12.6642 12.2182 9.12244 7.17554 6.21375 5.91242 5.76683 5.26143 5.20269 5.1654 6.01898 5.39279 5.08017 4.88108 4.83542 5.86951 6.32282 4.71234 4.24153 4.54581 4.10392 4.72825
threshold=24.500000000000004 21.500000000000004 27.500000000000004 6.5000000000000009 7.5000000000000009 7.5000000000000009 18.500000000000004 23.500000000000004 7.5000000000000009 19.500000000000004 2.5000000000000004 0.29128787878787882 6.5000000000000009 15.500000000000002 1.5000000000000002 3.5000000000000004 0.38138528138528138 2.5000000000000004 7.5000000000000009 1.0000000180025095e-35 0.23706512042818909 369.33606934001676 1.0000000180025095e-35 0.48529411764705882 0.30707196029776679 2.5000000000000004 1.6515151515151518 8.5000000000000018 0.15319426336375488 322.07002314814821
decision_type=2 2 2 2 2 2 2 2 2 2 2 2 2 2 2 2 2 2 2 2 2 2 2 2 2 2 2 2 2 2
left_child=1 4 5 7 9 16 13 17 14 -1 20 15 -7 -6 -5 -9 22 -3 21 -20 -8 -19 23 -2 -25 -15 27 -17 -24 -30
right_child=2 3 -4 8 6 12 10 11 -10 -11 -12 -13 -14 25 -16 26 -18 18 19 -21 -22 -23 28 24 -26 -27 -28 -29 29 -31
leaf_value=0.11397311526907979 -0.051810101160346303 0.074031645529156961 -0.086092936744824211 -0.039778587244594196 0.11060567150766686 -0.044762891974326757 0.038282391104012735 0.097823736768091404 -0.062191047324854525 0.093424237021022274 0.015373890000381153 -0.012720782276016626 -0.083710902968702705 0.10842389956507413 0.067416048675463525 0.045557539405173188 0.093710088871665556 0.061642115194258065 0.072349065736508636 -0.021101804467259802 0.088063555418538664 0.017142413565210946 0.021064613082233345 0.01544763693669003 0.12788844519420786 0.067910907695784312 -0.02755299520302882 -0.029701437782405339 -0.057838177351374809 -0.01370340855200694
leaf_weight=1046.6772718727589 9.5488231927156431 131.29766219854355 2328.1481534093618 8.0926020890474337 117.43014839291573 72.483786627650261 38.387804627418518 12.088765949010847 64.703082099556923 399.90988102555275 67.969132900238037 43.517561465501785 94.192538201808929 40.959131449460983 13.212603241205214 65.333592236042023 4.7227663695812216 174.18258184194565 8.8217276781797427 20.583211570978165 43.992371320724487 28.712335497140884 18.105048090219498 25.291807383298877 6.2336805164813986 96.012376993894577 12.086455091834067 9.1499327719211561 39.285066589713097 63.525752931833267
leaf_count=3465 46 401 14656 28 378 389 120 40 353 1261 243 167 564 127 44 246 21 527 31 90 139 87 85 117 28 296 48 34 191 291
internal_value=-0.00107759 0.0850107 -0.0801011 0.034977 0.101004 -0.0382588 0.0749555 0.0477563 -0.040172 0.108292 0.0424921 0.0211051 -0.0667733 0.0941412 0.0266991 0.0360254 -0.00975066 0.0581777 0.0492169 0.00693424 0.0648664 0.0553448 -0.012767 0.0168765 0.0376811 0.0800257 0.0273958 0.0363123 -0.0228367 -0.0305678
internal_weight=5104.66 2443.12 2661.54 591.782 1851.34 333.389 404.751 505.774 86.0083 1446.59 150.349 142.176 166.676 254.402 21.3052 98.6587 166.713 363.598 232.3 29.4049 82.3802 202.895 161.99 41.0743 31.5255 136.972 86.57 74.4835 120.916 102.811
internal_count=24513 8125 16388 2096 6029 1732 1303 1671 425 4726 502 535 953 801 72 368 779 1136 735 121 259 614 758 191 145 423 328 280 567 482
is_linear=0
shrinkage=0.1


Tree=25
num_leaves=31
num_cat=0
split_feature=0 0 0 0 10 3 10 4 0 0 4 0 0 10 0 9 0 7 0 0 2 4 10 9 1 9 0 0 6 0
split_gain=1347.4 891.921 137.12 108.994 88.9149 64.6972 56.9439 43.2971 63.6991 33.9644 22.3942 19.3476 17.9328 16.2994 15.7263 13.8497 11.7416 11.1034 10.2739 9.55254 8.39465 7.16894 6.95779 18.4427 5.80095 5.64097 5.55786 5.51018 7.78795 5.30862
threshold=37.500000000000007 20.500000000000004 34.500000000000007 23.500000000000004 7.5000000000000009 6.5000000000000009 7.5000000000000009 13.500000000000002 31.500000000000004 16.500000000000004 12.500000000000002 40.500000000000007 25.500000000000004 20.500000000000004 28.500000000000004 214.1086904761905 22.500000000000004 2.5000000000000004 19.500000000000004 30.500000000000004 2.5000000000000004 5.5000000000000009 18.500000000000004 341.66780303030311 1.0000000180025095e-35 216.18605442176872 19.500000000000004 33.500000000000007 8.5000000000000018 32.500000000000007
decision_type=2 2 2 2 2 2 2 2 2 2 2 2 2 2 2 2 2 2 2 2 2 2 2 2 2 2 2 2 2 2
left_child=1 4 3 6 18 22 16 12 14 -6 11 21 20 24 -9 19 -3 26 -1 -14 -5 -2 23 -4 -8 -24 -11 28 -10 -30
right_child=10 2 5 7 9 -7 13 8 27 17 -12 -13 15 -15 -16 -17 -18 -19 -20 -21 -22 -23 25 -25 -26 -27 -28 -29 29 -31
leaf_value=-0.083166164717084101 0.042870384756302865 -0.0044437239528717703 -0.020286227466320597 0.064159328074347211 -0.057092592972986828 -0.052791468747183136 0.040095857344807841 0.10272099123429022 0.009054731419378851 -0.014798713434112357 -0.084675930860645621 -0.076213960910371373 0.09664062713510041 -0.0066478730904985066 0.060782657598875613 0.10281029338260211 0.032439527411946854 0.052935541574302206 -0.049188493708430286 0.0096955168862616313 0.096840189017136771 -0.027859058767155661 0.13537352252641227 0.15368225102939426 0.097714326485054515 0.045261761066527351 0.041808385905141146 -0.022359886360270122 0.14664154748681865 0.018106692540757446
leaf_weight=480.9564920514822 18.114194229245186 231.19454754889011 40.645452797412872 262.95945754647255 82.070940062403679 131.33785955607891 20.138154298067093 180.16913598775864 103.78114688396454 68.70691342651844 1263.1187770217657 110.29237854480743 23.15220108628273 19.668316587805748 177.50605618953705 873.3712150901556 137.73026704788208 67.367041602730751 109.19624716043472 27.821760758757591 112.10786229372025 68.601015239953995 7.3314683288335791 7.1684661954641333 132.04626536369324 132.43437132239342 23.201812878251076 46.883192747831345 7.4125098586082441 5.6719047129154205
leaf_count=3465 86 1075 194 799 507 749 63 557 392 311 8604 734 72 86 552 2729 493 232 700 96 342 383 27 23 404 456 84 251 26 21
internal_value=0.000949593 0.034515 0.0625825 0.070894 -0.0559673 0.0010357 0.0314733 0.0826017 0.0582588 -0.00483237 -0.079785 -0.0484266 0.0923699 0.0790183 0.081908 0.0998531 0.00932586 0.0220961 -0.0768793 0.0491857 0.0739277 -0.0130842 0.0387239 0.00579587 0.0900898 0.0499886 -0.000508587 0.00660212 0.0182209 0.0909235
internal_weight=4972.16 3512.03 2680.53 2361.61 831.499 318.918 540.778 1820.84 521.424 241.347 1460.13 197.008 1299.41 171.853 357.675 924.345 368.925 159.276 590.153 50.974 375.067 86.7152 187.58 47.8139 152.184 139.766 91.9087 163.749 116.866 13.0844
internal_count=24513 14706 9407 7958 5299 1449 2121 5837 1799 1134 9807 1203 4038 553 1109 2897 1568 627 4165 168 1141 469 700 217 467 483 395 690 439 47
is_linear=0
shrinkage=0.1


Tree=26
num_leaves=31
num_cat=0
split_feature=0 0 0 0 4 10 0 4 0 4 10 0 10 0 0 10 0 10 3 9 9 0 4 8 3 0 11 13 6 10
split_gain=1502.92 763.729 114.715 89.9131 83.0461 66.0433 39.5694 34.1808 57.3914 33.0395 32.7954 16.418 14.5694 14.1454 12.0297 12.1923 10.5174 10.5061 8.48648 7.15831 6.7681 6.41805 6.22328 5.69081 5.61243 9.63259 5.47046 6.90747 10.8317 5.15127
threshold=29.500000000000004 47.500000000000007 32.500000000000007 43.500000000000007 9.5000000000000018 19.500000000000004 50.500000000000007 9.5000000000000018 35.500000000000007 13.500000000000002 19.500000000000004 27.500000000000004 7.5000000000000009 45.500000000000007 41.500000000000007 19.500000000000004 38.500000000000007 19.500000000000004 12.500000000000002 260.86697368421056 350.68837991718436 34.500000000000007 12.500000000000002 0.33072916666666669 6.5000000000000009 37.500000000000007 3.5000000000000004 1.1791443850267382 7.5000000000000009 2.5000000000000004
decision_type=2 2 2 2 2 2 2 2 2 2 2 2 2 2 2 2 2 2 2 2 2 2 2 2 2 2 2 2 2 2
left_child=9 2 4 7 -2 13 10 8 21 -1 -3 -11 -6 -5 24 23 20 22 -15 -12 26 -4 -14 -16 25 29 -10 28 -28 -9
right_child=1 6 3 5 12 -7 -8 14 16 11 19 -13 17 18 15 -17 -18 -19 -20 -21 -22 -23 -24 -25 -26 -27 27 -29 -30 -31
leaf_value=-0.084419049707067789 -0.067746967679445269 -0.051407323278291894 -0.024954819175005995 0.030396070385724113 -0.078587395953446604 0.087802168567693295 -0.080101780844544168 -0.023960598560047411 0.085520723400329027 -0.06449865870039477 0.0093434392483844764 -0.00034355403856638092 0.1300689216281328 0.0042251022131230536 0.057871424824872099 0.11127349892605501 0.10082448376955311 -0.0772117992415981 -0.048790790857580389 0.08136267865866699 -0.015090243511949378 0.025738217613408033 0.047035996200891411 0.10867548505467471 0.095899226182518185 0.096692910705307722 0.086420324356318454 0.09663266118170076 -0.032496507606726233 0.065368542430311705
leaf_weight=1418.7425498068333 105.09472461044788 187.98060594499111 73.048549816012383 234.83223417401314 9.7026743888854963 169.89471836388111 382.18862910568714 6.7753754258155814 63.422777086496353 92.502443164587021 52.67680549621582 70.132090374827385 9.4901722967624647 151.24484367668629 269.46197903156281 60.669354945421219 116.96867546439171 6.5987810343503943 37.724794298410416 18.700572416186333 11.241435110568998 37.9500402957201 184.74169266223907 24.013279378414154 821.45759716629982 162.71844580769539 12.638507544994352 14.959456980228422 19.443804234266281 136.72514463961124
leaf_count=9974 674 1153 371 851 58 526 2693 24 195 577 219 324 40 692 828 193 363 35 195 67 35 145 607 73 2522 501 39 46 60 433
internal_value=0.000948995 0.0385735 0.0615632 0.0689437 0.0048539 0.0351249 -0.0596431 0.0799064 0.0517838 -0.0795252 -0.0294954 -0.0368334 0.041095 0.0140074 0.0865427 0.0704647 0.0794118 0.0468772 -0.00635868 0.0282122 0.0588325 -0.00762304 0.051093 0.0620284 0.0915919 0.0800372 0.0663552 0.0405159 0.0143496 0.0611509
internal_weight=4963.74 3382.37 2740.82 2425.19 315.628 593.697 641.547 1831.49 349.673 1581.38 259.358 162.635 210.533 423.802 1481.82 354.145 238.675 200.831 188.97 71.3774 121.706 110.999 194.232 293.475 1127.68 306.219 110.465 47.0418 32.0823 143.501
internal_count=24513 13638 9506 8092 1414 2264 4132 5828 1254 10875 1439 901 740 1738 4574 1094 738 682 887 286 375 516 647 901 3480 958 340 145 99 457
is_linear=0
shrinkage=0.1


Tree=27
num_leaves=31
num_cat=0
split_feature=0 0 0 10 10 0 0 0 10 0 10 0 9 3 9 1 13 3 3 7 9 1 12 4 9 11 13 12 0 13
split_gain=3032.26 163.822 147.077 78.3685 44.4117 19.041 12.7301 10.8349 13.7474 10.035 7.28487 7.01025 6.92462 5.87669 5.12211 4.9731 4.80184 4.21887 4.19011 4.01287 3.9913 3.91116 3.60176 3.88804 3.84131 4.43169 3.60498 3.51095 3.49818 3.77747
threshold=42.500000000000007 47.500000000000007 39.500000000000007 19.500000000000004 19.500000000000004 45.500000000000007 45.500000000000007 50.500000000000007 19.500000000000004 37.500000000000007 13.500000000000002 43.500000000000007 187.73066411238827 10.500000000000002 260.86697368421056 4.5000000000000009 0.62828947368421062 12.500000000000002 4.5000000000000009 -6.4999999999999991 126.47813870614037 1.0000000180025095e-35 10.500000000000002 19.500000000000004 172.24846547314579 2.5000000000000004 0.88194444444444453 4.5000000000000009 40.500000000000007 1.1339285714285716
decision_type=2 2 2 2 2 2 2 2 2 2 2 2 2 2 2 2 2 2 2 2 2 2 2 2 2 2 2 2 2 2
left_child=2 3 9 5 13 11 12 8 -3 -1 -11 15 -5 18 -10 19 -8 -7 -4 -2 -15 -13 23 -21 26 -26 -25 -16 29 -20
right_child=1 7 4 6 -6 17 16 -9 14 10 -12 21 -14 20 27 -17 -18 -19 28 22 -22 -23 -24 24 25 -27 -28 -29 -30 -31
leaf_value=-0.084706984546280201 -0.055306584796444028 0.10624982819761986 -0.070831032457689944 0.068828689046053146 -0.083272465167457607 0.079406532275187847 -0.027843133005485649 0.11678693278061203 0.075525664430877423 -0.033873389926987636 -0.076351370507700078 0.018193788545289982 -0.054815875510898754 -0.060881666079905861 -0.03967382603030975 0.090001830922915083 0.034678546182683172 0.10845608135585315 -0.047941692287872387 0.006079674254076844 0.028602307841790516 0.064563662843205707 0.093431588215825451 -0.043764053016497086 0.02538183249388843 0.11145675895984677 0.042167293805678581 0.04825552531558399 0.0061742447123736173 0.013270008574345699
leaf_weight=2073.4916310831904 5.7648583948612204 368.0245264172554 9.4779842644929868 4.8596229404211035 71.900877192616463 229.63103693723679 17.403921574354172 837.59343665838242 70.20317929983139 67.455754071474075 100.55975225567818 19.596802830696106 66.666605979204178 5.2554143220186225 6.8686860799789455 13.583985388278959 41.758462607860565 63.907559633255005 28.874565333127975 51.851855650544167 96.704044699668884 253.39468386769295 8.3447532653808576 6.9301239848136929 10.694345593452455 13.573576807975767 16.519190281629562 13.400315433740614 123.33248233795166 15.490100547671316
leaf_count=14706 21 1153 48 23 482 692 75 2693 219 390 664 61 406 22 23 45 174 195 160 189 419 790 29 23 36 45 55 44 547 84
internal_value=-0.000834129 0.087854 -0.0733766 0.0530053 -0.0131894 0.0663862 -0.0180304 0.110022 0.0976644 -0.0828023 -0.0592971 0.052199 -0.0464152 0.00486292 0.0627405 0.0328159 0.0162864 0.085731 -0.00614416 0.0259825 0.0239899 0.061235 0.0303251 0.0250362 0.0456353 0.0735254 0.0167715 0.0184583 -0.00248816 -0.0265694
internal_weight=4713.11 2120.57 2592.54 824.481 351.035 693.793 130.689 1296.09 458.497 2241.51 168.016 400.254 71.5262 279.135 90.4722 127.263 59.1624 293.539 177.175 113.679 101.959 272.991 107.914 99.5691 47.7172 24.2679 23.4493 20.269 167.697 44.3647
internal_count=24513 6991 17522 2859 1762 2181 678 4132 1439 15760 1054 1294 429 1280 286 443 249 887 839 398 441 851 377 348 159 81 78 67 791 244
is_linear=0
shrinkage=0.1


Tree=28
num_leaves=31
num_cat=0
split_feature=0 0 0 3 10 4 0 0 10 0 7 10 8 0 9 3 1 8 8 3 10 13 9 8 13 4 10 1 6 6
split_gain=2895.87 165.558 69.3562 44.7478 33.1459 25.6459 20.8061 12.7662 10.7841 9.72091 6.88595 6.38325 6.06029 5.80331 5.08607 5.16314 4.90698 4.37308 4.35528 4.31046 4.28069 5.09733 5.5184 6.52226 4.19976 4.39844 4.16775 4.04017 3.93339 3.91391
threshold=24.500000000000004 21.500000000000004 27.500000000000004 6.5000000000000009 7.5000000000000009 7.5000000000000009 18.500000000000004 19.500000000000004 7.5000000000000009 23.500000000000004 2.5000000000000004 6.5000000000000009 0.29128787878787882 15.500000000000002 460.52647907647912 2.5000000000000004 1.5000000000000002 0.38138528138528138 0.23706512042818909 2.5000000000000004 1.0000000180025095e-35 0.48529411764705882 296.36007168458792 0.30707196029776679 1.5857142857142861 3.5000000000000004 7.5000000000000009 1.0000000180025095e-35 8.5000000000000018 2.5000000000000004
decision_type=2 2 2 2 2 2 2 2 2 2 2 2 2 2 2 2 2 2 2 2 2 2 2 2 2 2 2 2 2 2
left_child=1 4 5 9 7 17 13 -1 16 14 18 -7 24 -6 15 -3 -5 20 -8 -15 21 -2 -23 -24 25 -11 -17 -28 -27 -29
right_child=2 3 -4 8 6 11 10 -9 -10 12 -12 -13 -14 19 -16 26 -18 -19 -20 -21 -22 22 23 -25 -26 28 27 29 -30 -31
leaf_value=0.10675421614669621 -0.047686093941968183 0.070027400957668184 -0.084499219281822358 -0.037774627776658729 0.10267090216016712 -0.04066751190160961 0.033303728348011465 0.08524756819452356 -0.058557332928292051 0.10705290387278076 0.014949072337054649 -0.081671653178545786 -0.01058308981152976 0.099510505066252364 -0.021647308967353156 0.049769826178377358 0.061527215813411265 0.086974207263534123 0.079343918270664601 0.060175851884614689 -0.019075675017485569 -0.046256686707398235 0.031680258962788269 0.15488019841152298 -0.012003746414193821 0.043827713665502414 0.064617866916043473 -0.092364596865001314 -0.026861760426973597 0.0098653597189599981
leaf_weight=976.54760330915451 9.0020819157361966 124.02771542966366 2109.9680804535747 7.9565129280090359 111.04702216386795 68.256120637059212 38.414412304759026 384.7483135163784 60.122449100017548 9.6323411762714368 67.940412446856499 85.549166053533554 42.898621290922165 39.490513294935226 9.2200782597064954 201.24264451861382 13.285085394978521 4.8604395091533652 44.174120634794235 94.590103417634964 116.4521095007658 6.2765057981014278 19.713789224624637 5.4948565810918799 16.297888413071632 64.294537052512169 8.9177537858486193 5.0555588752031353 8.9696382135152799 14.446855902671812
leaf_count=3465 46 379 14656 28 378 389 120 1261 353 31 243 564 167 127 29 609 44 21 139 296 567 30 92 23 64 239 31 25 34 63
internal_value=-0.00136627 0.0779153 -0.0779593 0.031905 0.0932708 -0.0342372 0.0677936 0.100676 -0.0369177 0.0429935 0.0385304 -0.0634747 0.0208207 0.0857637 0.0516749 0.0535863 0.0243315 -0.00644433 0.0579292 0.071761 -0.00933752 0.018672 0.0376448 0.0585348 0.0344019 0.0435255 0.0447074 0.00886043 0.0351733 -0.0166354
internal_weight=4768.89 2343.32 2425.57 586.368 1756.95 315.605 395.657 1361.3 81.364 505.004 150.529 153.805 142.093 245.128 362.911 353.691 21.2416 161.8 82.5885 134.081 156.939 40.4872 31.4852 25.2086 99.1944 82.8965 229.663 28.4202 73.2642 19.5024
internal_count=24513 8125 16388 2096 6029 1732 1303 4726 425 1671 502 953 535 801 1136 1107 72 779 259 423 758 191 145 115 368 304 728 119 273 88
is_linear=0
shrinkage=0.1


Tree=29
num_leaves=31
num_cat=0
split_feature=0 0 0 10 0 3 10 4 0 0 4 0 10 0 0 0 9 3 0 4 0 13 10 10 0 9 4 3 8 10
split_gain=1153.35 707.911 105.766 83.6007 83.292 53.0281 42.8749 34.5885 31.0849 28.7464 23.3483 18.8093 13.0735 10.8057 10.7744 12.2337 18.6474 9.72924 8.99036 6.12985 6.03845 5.86057 5.84266 6.90722 8.60445 5.82607 5.63895 5.52024 5.52074 5.50605
threshold=37.500000000000007 20.500000000000004 34.500000000000007 7.5000000000000009 23.500000000000004 6.5000000000000009 7.5000000000000009 16.500000000000004 29.500000000000004 15.500000000000002 12.500000000000002 40.500000000000007 22.500000000000004 19.500000000000004 24.500000000000004 32.500000000000007 219.06805894663412 6.5000000000000009 22.500000000000004 5.5000000000000009 33.500000000000007 1.297058823529412 19.500000000000004 10.500000000000002 29.500000000000004 232.14383680555557 10.500000000000002 5.5000000000000009 0.29128787878787882 3.5000000000000004
decision_type=2 2 2 2 2 2 2 2 2 2 2 2 2 2 2 2 2 2 2 2 2 2 2 2 2 2 2 2 2 2
left_child=1 3 4 13 6 21 18 14 -9 -5 11 19 26 -1 27 22 -17 -11 -3 -2 -10 -4 23 -16 -25 -23 -8 28 -6 -29
right_child=10 2 5 9 7 -7 12 8 20 17 -12 -13 -14 -15 15 16 -18 -19 -20 -21 -22 25 -24 24 -26 -27 -28 29 -30 -31
leaf_value=-0.081543411718187214 0.041343595028490082 -0.0019852075871840654 0.047000881140529555 -0.066975613998358427 0.038437878757381631 -0.049006722758616297 0.058618157662817576 0.082413790735892958 0.027552730774790042 0.00034751881125766988 -0.083222551789908547 -0.074017630679631116 -0.014056232345391462 -0.045258645355522202 0.088268492762019701 0.00079592913481083037 0.07787747416703529 0.050125637940563829 0.030317895452182227 -0.024171946055744905 -0.019405181620081018 -0.058178665909578708 0.10178247051861455 0.092579014179797359 0.033887157792817334 0.023895186714195299 0.097339241170100982 0.017344769292809214 0.078410090535599747 0.10011677061258324
leaf_weight=428.15952602773905 18.252641841769218 226.47002977132797 131.64943252503872 53.919898256659508 109.18467992544174 122.89505791664124 67.154907211661339 132.51919209957123 159.88658609986305 123.14555202424526 1142.141157835722 100.76151366531849 16.245780438184738 101.53706818819046 679.5080708861351 40.155820816755295 143.68581689894199 57.644445508718491 139.05938374996185 65.633538022637367 33.044393211603165 10.617054283618925 266.87475609779358 45.329309731721878 55.637258797883987 46.658853650093079 85.486520200967789 9.5801862776279432 50.549496322870255 49.879464447498322
leaf_count=3465 86 1075 487 378 332 749 209 417 559 555 8604 734 76 700 2182 167 459 201 493 383 187 54 874 144 176 159 268 29 153 158
internal_value=0.00114144 0.0321047 0.0567909 -0.0525742 0.0641695 0.00212363 0.029557 0.0745857 0.0451236 -0.00289318 -0.0778887 -0.0448963 0.071227 -0.074588 0.0811967 0.0848334 0.0610408 0.0162191 0.010304 -0.00991654 0.01951 0.0353837 0.0890097 0.0846422 0.0602371 0.00868142 0.0803038 0.0607698 0.0510875 0.0867805
internal_weight=4713.27 3386.48 2622.07 764.406 2310.25 311.82 534.417 1775.84 325.45 234.71 1326.79 184.648 168.887 529.697 1450.38 1231.19 183.842 180.79 365.529 83.8862 192.931 188.925 1047.35 780.475 100.967 57.2759 152.641 219.194 159.734 59.4597
internal_count=24513 14706 9407 5299 7958 1449 2121 5837 1163 1134 9807 1203 553 4165 4674 4002 626 756 1568 469 746 700 3376 2502 320 213 477 672 485 187
is_linear=0
shrinkage=0.1


Tree=30
num_leaves=31
num_cat=0
split_feature=0 0 0 0 4 0 10 4 10 4 0 0 0 10 9 0 10 10 7 4 3 0 8 2 4 1 8 9 10 3
split_gain=1279.31 604.156 87.4411 69.2124 69.0079 39.112 38.0367 34.2587 27.6732 23.0169 21.5634 15.1192 12.0497 27.5684 14.5744 20.9518 11.9884 8.60453 7.57904 6.25487 6.06444 5.55381 5.27797 5.26107 4.97313 4.86466 4.81706 5.06274 5.27517 5.98465
threshold=29.500000000000004 47.500000000000007 32.500000000000007 44.500000000000007 9.5000000000000018 50.500000000000007 19.500000000000004 13.500000000000002 19.500000000000004 6.5000000000000009 35.500000000000007 27.500000000000004 41.500000000000007 19.500000000000004 257.88390277777779 37.500000000000007 7.5000000000000009 19.500000000000004 6.5000000000000009 19.500000000000004 6.5000000000000009 34.500000000000007 0.17349498327759191 2.5000000000000004 12.500000000000002 2.5000000000000004 0.34833164812942369 203.89068040780145 15.500000000000002 10.500000000000002
decision_type=2 2 2 2 2 2 2 2 2 2 2 2 2 2 2 2 2 2 2 2 2 2 2 2 2 2 2 2 2 2
left_child=7 2 4 9 -2 8 18 -1 -3 10 23 -9 14 19 -11 21 -6 24 22 26 -10 -16 -5 -4 -18 -24 27 -14 -29 -30
right_child=1 5 3 6 16 -7 -8 11 20 12 -12 -13 13 -15 15 -17 17 -19 -20 -21 -22 -23 25 -25 -26 -27 -28 28 29 -31
leaf_value=-0.08301802368776881 -0.064693651975659142 -0.047325651283434501 -0.029407329875656259 0.043703553615595588 -0.076222216449079505 -0.078106434178359677 0.071583169895531776 -0.061292259412561917 0.051386868827308599 0.083571387599257849 0.059718424641801465 0.0016722234364571573 0.072843320396765915 0.10251109276282727 -0.00076243692343047457 0.089413292933607724 0.11476011320774311 -0.074459621288150174 -0.035367733515954548 0.035492707678444126 -0.0075222783331485707 0.043463956411778727 0.017855845918955851 0.07551624695244312 0.04234355654918396 -0.013111567100996469 0.12587501403791096 0.0085845639649831783 0.063803590983792402 -0.030939696629181935
leaf_weight=1279.0847479403019 96.259728714823723 174.29005473852158 47.530406698584557 42.957001492381096 8.8945317864418012 342.07794252038002 123.56058812141418 85.269601762294769 41.37617115676403 1033.2084736824036 102.99555841088295 68.993031188845634 103.27347227931023 122.74637585878372 42.471809133887291 102.79211449623108 9.9900608211755735 6.112123414874076 39.433912619948387 194.31917440891266 30.252566903829575 85.663861632347107 124.46058088541031 5.3130999207496634 186.90566265583038 85.627253860235214 10.536922276020048 32.991441637277603 77.828826546669006 7.2918247878551474
leaf_count=9974 674 1153 242 186 58 2693 386 577 151 3280 321 324 319 405 188 326 40 35 207 628 135 274 529 26 607 378 32 102 240 23
internal_value=0.00116579 0.0355954 0.0556455 0.0621225 0.00551739 -0.0562388 0.025063 -0.0776491 -0.0258206 0.0699531 0.033074 -0.0331318 0.0731229 0.0607523 0.0784951 0.0557832 0.0374118 0.0423905 0.00541006 0.0487268 0.0265065 0.0288047 0.0117648 -0.0188579 0.0460178 0.0052342 0.0598152 0.056671 0.0425305 0.0556874
internal_weight=4714.51 3281.16 2693.16 2385 308.162 587.997 416.039 1433.35 245.919 1968.96 155.839 154.263 1813.12 548.988 1264.14 230.928 211.902 203.008 292.479 426.242 71.6287 128.136 253.045 52.8435 196.896 210.088 231.922 221.386 118.112 85.1207
internal_count=24513 13638 9506 8092 1414 4132 1686 10875 1439 6406 589 901 5817 1749 4068 788 740 682 1300 1344 286 462 1093 268 647 907 716 684 365 263
is_linear=0
shrinkage=0.1


Tree=31
num_leaves=31
num_cat=0
split_feature=0 0 10 0 10 0 0 10 0 8 9 4 13 4 0 8 4 2 11 5 8 9 9 10 13 1 10 7 0 4
split_gain=2526.9 192.756 77.3124 73.2987 26.2857 22.3785 18.7213 13.8453 6.86475 6.43568 5.29286 5.11264 5.14359 5.11183 4.92921 4.75701 3.91204 3.80176 4.4462 3.99637 3.86045 3.67452 4.05164 3.68527 3.75926 3.72747 5.84881 3.64738 3.32827 3.26167
threshold=41.500000000000007 46.500000000000007 19.500000000000004 38.500000000000007 19.500000000000004 49.500000000000007 43.500000000000007 19.500000000000004 44.500000000000007 0.33072916666666669 276.33441919191927 20.500000000000004 0.4494949494949495 12.500000000000002 39.500000000000007 0.22684391080617491 21.500000000000004 8.5000000000000018 4.5000000000000009 6.5000000000000009 0.34833164812942369 224.19538824538827 191.18537681159424 16.500000000000004 0.62828947368421062 1.5000000000000002 13.500000000000002 1.0000000180025095e-35 40.500000000000007 16.500000000000004
decision_type=2 2 2 2 2 2 2 2 2 2 2 2 2 2 2 2 2 2 2 2 2 2 2 2 2 2 2 2 2 2
left_child=3 2 6 -1 14 7 9 -3 -4 13 27 12 15 -2 16 -8 -5 18 20 -20 21 22 -16 24 -24 -26 -27 -9 -19 -10
right_child=1 5 8 4 -6 -7 11 10 29 -11 -12 -13 -14 -15 17 -17 -18 28 19 -21 -22 -23 23 -25 25 26 -28 -29 -30 -31
leaf_value=-0.082697656468519995 -0.047589389197735525 0.08876466880104085 -0.062036178373768597 -0.050906813336911209 -0.084925301449902207 0.10690402661349457 0.047703093456096544 0.041515937086880318 -0.031878936649062786 -0.030711330175642093 -0.018152135940411051 0.073869662904844063 0.055825105605871589 0.034034400646363525 -0.010304272983991763 -0.05725856072511068 0.0066568409732885858 -0.010962049801007267 -0.043956141051780889 0.062068233733332014 0.07843265120027007 -0.04399576891134245 -0.023313704207488968 -0.011745965698719994 0.14479195528273728 0.12525029997547565 -0.022368941904324181 0.087127225539703701 0.098218159916479642 0.021309528840668637
leaf_weight=1945.1807044446468 7.9582766890525809 382.96756637096405 63.992317542433739 47.3162612169981 65.055641144514084 920.57256150245667 9.380865693092348 59.975567296147346 31.694665551185608 18.226625666022301 11.250252798199652 184.24185460805893 228.00358584523201 213.75011402368546 52.049642771482468 8.0003824234008771 15.731290593743323 4.8432713449001294 40.160747617483139 3.9003868699073783 6.4046379774808875 17.024482309818268 4.3566569089889553 11.118230313062666 5.9148275256156948 5.0009653270244581 5.7931413948535919 24.774275153875351 6.5927658379077911 18.121178060770035
leaf_count=15212 34 1218 452 306 473 3134 29 199 183 73 41 563 702 799 256 25 91 23 210 20 31 90 22 55 30 23 30 76 27 86
internal_value=-0.000986674 0.075551 0.0358322 -0.0756923 -0.0289073 0.0977829 0.0487841 0.0802522 -0.0403669 0.0264087 0.0462941 0.0612802 0.0518277 0.0311045 -0.0127969 -0.000609511 -0.0365438 -0.00362068 -0.00781148 -0.0345706 0.00313976 -0.00162257 0.00694151 0.0348324 0.0594161 0.0809869 0.0460238 0.0548491 0.0519793 -0.0125309
internal_weight=4419.35 2182.91 783.37 2236.44 291.263 1399.54 669.562 478.968 113.808 239.935 96.0001 429.627 245.385 221.708 226.207 17.3812 63.0476 163.16 151.724 44.0611 107.663 101.258 84.2335 32.1838 21.0656 16.7089 10.7941 84.7498 11.436 49.8158
internal_count=24513 7614 2946 16899 1687 4668 2225 1534 721 906 316 1319 756 833 1214 54 397 817 767 230 537 506 416 160 105 83 53 275 50 269
is_linear=0
shrinkage=0.1


Tree=32
num_leaves=31
num_cat=0
split_feature=0 0 0 3 10 4 0 0 3 10 0 10 9 9 8 3 11 10 1 5 9 1 10 0 1 9 10 4 0 13
split_gain=2421.92 142.849 72.7659 34.8822 31.8959 24.6762 18.3055 13.6119 9.05603 9.04879 6.94275 6.60667 4.96995 4.73159 4.61843 4.58565 4.5325 5.29447 6.22677 4.47963 4.39649 4.83244 7.00062 4.29514 4.14475 4.00387 3.76624 4.56301 3.7674 3.51945
threshold=24.500000000000004 21.500000000000004 27.500000000000004 6.5000000000000009 7.5000000000000009 7.5000000000000009 16.500000000000004 19.500000000000004 8.5000000000000018 7.5000000000000009 23.500000000000004 6.5000000000000009 199.54670849245323 174.59602204106284 0.29128787878787882 2.5000000000000004 5.5000000000000009 2.5000000000000004 1.0000000180025095e-35 1.0000000180025095e-35 480.64579124579126 1.0000000180025095e-35 1.5000000000000002 28.500000000000004 1.5000000000000002 250.52542735042738 7.5000000000000009 7.5000000000000009 22.500000000000004 1.6515151515151518
decision_type=2 2 2 2 2 2 2 2 2 2 2 2 2 2 2 2 2 2 2 2 2 2 2 2 2 2 2 2 2 2
left_child=1 4 5 10 7 16 -6 -1 15 24 20 -7 13 -10 29 -8 -2 18 -18 25 21 22 -3 -4 -5 -17 28 -28 -23 -12
right_child=2 3 23 9 6 11 8 -9 12 -11 14 -13 -14 -15 -16 19 17 -19 -20 -21 -22 26 -24 -25 -26 -27 27 -29 -30 -31
leaf_value=0.10104404959509659 -0.0089544254357627213 0.092897639159968418 -0.059214165790142242 -0.035806115508750139 0.090070105125375763 -0.036477812594051126 0.079660332090498137 0.07820711019566301 0.0034006165571078984 -0.054820316329081964 0.039326795054804672 -0.079827859192559331 0.061321547518527808 -0.090666280238550487 -0.0078224979630964805 0.045390430042784036 -0.075224270905986268 0.10011115500560211 0.081516338468459862 0.052123022384497092 -0.030967446689545382 0.056299460356430388 0.046736547409446098 -0.084050309784974658 0.055865178877572065 -0.030523057978021323 0.047277511255442238 -0.0432891146146933 0.027077123909913955 -0.014056000598193626
leaf_weight=899.91244331002235 137.41224020719528 47.39112263917923 72.375535383820534 7.823245361447337 142.07434815168381 64.234150916337967 48.228214085102081 367.62304875254631 16.94332039356232 55.688687205314636 85.782395869493484 77.661799177527428 8.7689338177442533 7.813080057501792 42.119300410151482 14.103712230920793 5.7104049474000949 8.7800015509128553 4.5572770237922668 133.40448945760727 7.263885870575904 91.573761880397797 107.10115526616573 1836.9831234738231 13.345916181802748 13.693212434649466 10.365620896220209 12.007151201367376 85.131467401981354 14.427227854728697
leaf_count=3465 684 144 507 28 507 389 155 1261 61 353 311 564 31 29 167 46 29 44 22 430 23 281 332 14149 44 44 39 61 256 57
internal_value=-0.00166347 0.071778 -0.0759323 0.0290816 0.0867637 -0.0300052 0.0615567 0.0944207 0.0448828 -0.033665 0.0386661 -0.0602039 -0.0033718 -0.0262867 0.0199628 0.0526073 -0.00261754 0.0430975 -0.00565546 0.0445136 0.0460435 0.0476256 0.0608966 -0.0831089 0.0219873 0.00799422 0.0373268 -0.00132832 0.042221 0.0316412
internal_weight=4440.3 2232.59 2207.71 580.021 1652.56 298.356 385.029 1267.54 242.955 76.8578 503.163 141.896 33.5253 24.7564 142.329 209.43 156.46 19.0477 10.2677 161.201 360.834 353.57 154.492 1909.36 21.1692 27.7969 199.078 22.3728 176.705 100.21
internal_count=24513 8125 16388 2096 6029 1732 1303 4726 796 425 1671 953 121 90 535 675 779 95 51 520 1136 1113 476 14656 72 90 637 100 537 368
is_linear=0
shrinkage=0.1


Tree=33
num_leaves=31
num_cat=0
split_feature=0 0 0 10 0 3 10 4 0 0 4 0 0 0 0 3 9 3 0 2 2 0 13 8 7 10 11 10 9 9
split_gain=990.18 561.85 81.4741 78.4274 63.9969 44.0304 32.3164 28.3944 38.1731 24.4168 24.3418 18.2506 16.8226 11.8896 11.3718 10.4662 10.1046 8.05359 7.10478 7.00767 5.8719 5.86932 5.76418 8.46214 5.54136 6.96538 5.23278 5.0251 14.1631 5.83041
threshold=37.500000000000007 20.500000000000004 34.500000000000007 7.5000000000000009 23.500000000000004 6.5000000000000009 7.5000000000000009 13.500000000000002 31.500000000000004 15.500000000000002 12.500000000000002 40.500000000000007 25.500000000000004 28.500000000000004 19.500000000000004 4.5000000000000009 214.1086904761905 2.5000000000000004 21.500000000000004 2.5000000000000004 7.5000000000000009 30.500000000000004 1.420168067226891 0.33072916666666669 -3.4999999999999996 22.500000000000004 4.5000000000000009 18.500000000000004 341.66780303030311 210.12683215130025
decision_type=2 2 2 2 2 2 2 2 2 2 2 2 2 2 2 2 2 2 2 2 2 2 2 2 2 2 2 2 2 2
left_child=1 3 4 14 6 27 18 12 13 -5 11 24 19 -9 -1 -8 21 -11 22 -6 -19 -14 -3 -24 25 -2 -23 28 -4 -29
right_child=10 2 5 9 7 -7 15 8 -10 17 -12 -13 16 -15 -16 -17 -18 20 -20 -21 -22 26 23 -25 -26 -27 -28 29 -30 -31
leaf_value=-0.080078311896737947 -0.00026810270438230058 -0.023091209262058609 -0.019054758887327126 -0.063773788450301697 0.049252520101328932 -0.045399488310065857 0.022580011587936228 0.085835463875768694 0.0076526529064501305 -0.028508722387126702 -0.081939346544393069 -0.07193307789562664 0.07918994242807198 0.048662853426519326 -0.04131798762973031 0.079732163328487038 0.086443562688183109 0.022261225152376576 0.020124366585008602 0.079690971451735315 0.13242621269914412 0.032872797800960092 0.0011637183981145539 0.14827857374870732 -0.041728045052939311 0.11629926909741391 -0.070830520763919935 0.14865648502428605 0.13151364268421281 0.038461012424999746
leaf_weight=379.67973601073027 46.297982722520828 82.018870115280151 39.703660905361176 48.833720222115517 259.8437143266201 115.37691409885883 43.558231890201569 166.35405212640762 161.20484457910061 33.21416911482811 1031.1185104101896 92.127757877111435 21.150735467672348 178.23293986916542 94.539964199066162 121.19695734977722 799.73289661109447 141.71354968845844 257.75680117309093 106.69220393896103 5.0093138813972464 21.298697680234913 17.522213160991672 5.032976120710372 29.298742100596428 5.7643844336271277 6.3064352124929419 4.9751361459493628 7.4138089418411246 137.52807722985744
leaf_count=3465 261 440 194 378 799 749 163 557 690 177 8604 734 72 552 700 390 2729 563 1007 342 16 72 94 27 177 31 24 18 23 465
internal_value=0.00135155 0.03001 0.0518089 -0.0491521 0.0583893 0.00330978 0.0279021 0.0677275 0.0478182 -0.00106274 -0.0761085 -0.041453 0.0760153 0.0666084 -0.0723511 0.0646222 0.0837491 0.0159566 0.0112051 0.0581126 0.0260224 0.0395519 -0.0107794 0.033991 -0.00693941 0.0126383 0.00918161 0.0329475 0.00463678 0.0423082
internal_weight=4460.5 3255.89 2552.9 702.99 2247.9 304.998 527.086 1720.82 505.792 228.771 1204.61 173.489 1215.02 344.587 474.22 164.755 848.489 179.937 362.331 366.536 146.723 48.7559 104.574 22.5552 81.3611 52.0624 27.6051 189.621 47.1175 142.503
internal_count=24513 14706 9407 5299 7958 1449 2121 5837 1799 1134 9807 1203 4038 1109 4165 553 2897 756 1568 1141 579 168 561 121 469 292 96 700 217 483
is_linear=0
shrinkage=0.1


Tree=34
num_leaves=31
num_cat=0
split_feature=0 0 0 4 0 0 10 4 10 4 0 0 10 4 10 10 0 10 10 0 0 0 2 13 9 9 11 0 0 0
split_gain=1089.24 477.633 67.231 56.7681 52.9047 38.4485 37.711 35.9244 23.3312 21.6562 27.0812 20.3731 9.82617 9.32886 7.05554 7.01742 6.44053 13.1248 8.7305 15.439 5.66556 5.64752 5.46358 5.28081 4.87671 4.75958 4.38952 4.37696 4.34305 5.18957
threshold=29.500000000000004 47.500000000000007 32.500000000000007 9.5000000000000018 43.500000000000007 50.500000000000007 19.500000000000004 12.500000000000002 19.500000000000004 7.5000000000000009 35.500000000000007 26.500000000000004 7.5000000000000009 20.500000000000004 17.500000000000004 7.5000000000000009 41.500000000000007 19.500000000000004 20.500000000000004 36.500000000000007 38.500000000000007 45.500000000000007 2.5000000000000004 0.4494949494949495 181.13210382513662 212.73000140291811 4.5000000000000009 45.500000000000007 33.500000000000007 39.500000000000007
decision_type=2 2 2 2 2 2 2 2 2 2 2 2 2 2 2 2 2 2 2 2 2 2 2 2 2 2 2 2 2 2
left_child=7 2 3 -2 9 8 13 -1 -3 10 22 -9 -5 23 26 20 18 -18 28 -20 -11 -15 -4 -6 -8 -10 -14 -26 -17 -30
right_child=1 5 4 12 6 -7 24 11 25 15 -12 -13 14 21 -16 16 17 -19 19 -21 -22 -23 -24 -25 27 -27 -28 -29 29 -31
leaf_value=-0.082359059804509499 -0.061592013396913614 -0.043310918073679913 -0.025238105623920426 -0.073851282115426561 0.078931418080387145 -0.076223416641670927 -0.015257363292597593 -0.070635569026966535 -0.021236275713267052 0.001961361640516785 0.060073416336289889 -0.0015224072053797062 0.033525437750973698 0.013523493052360636 -0.050319815587120786 0.055736809382668041 0.049492357959476069 0.098407487767575741 0.017545379919950053 0.076908301717081198 0.105945800811846 -0.022875432551359556 0.052084013801773854 0.022539401693854658 0.090782079819151373 0.039619783930063407 0.068274235771954489 0.057322864734037186 0.085104293202603279 0.068478515385372626
leaf_weight=1124.9469755887985 87.997684746980667 161.95533930510283 62.701039150357246 8.1426265090703946 17.892320528626442 305.45521674305201 6.309049278497695 78.863670095801353 16.806658148765564 25.808998376131058 151.06988468766212 92.888256177306175 148.12982557713985 89.839913234114647 8.6323605775833112 82.056900784373283 296.33966389298439 67.313697516918182 71.42301781475544 113.32799020409584 6.5744281113147727 81.112160235643387 10.697498872876166 230.98570904135704 79.932798475027084 54.613749027252197 48.175640910863876 76.528464704751968 589.49471037089825 275.48050132393837
leaf_count=9767 674 1153 317 58 64 2693 20 591 79 97 479 517 481 342 46 252 903 240 259 371 21 432 49 900 266 207 155 240 1961 879
internal_value=0.00137229 0.0329148 0.0504514 0.00597717 0.0561862 -0.0528745 0.0300807 -0.0758554 -0.0223141 0.0648657 0.0358625 -0.0332572 0.0338818 0.0142391 0.0381623 0.0691269 0.0701242 0.0585467 0.0738442 0.0539591 0.0230721 -0.00374682 -0.0139688 0.0265935 0.0709407 0.0252991 0.0420532 0.0744165 0.0777235 0.0798093
internal_weight=4471.5 3174.8 2635.97 301.078 2334.89 538.831 582.6 1296.7 233.376 1752.29 224.468 171.752 213.08 419.83 204.938 1527.82 1495.44 363.653 1131.78 184.751 32.3834 170.952 73.3985 248.878 162.77 71.4204 196.305 156.461 947.032 864.975
internal_count=24513 13638 9506 1414 8092 4132 2264 10875 1439 5828 845 1108 740 1738 682 4983 4865 1143 3722 630 118 774 366 964 526 286 636 506 3092 2840
is_linear=0
shrinkage=0.1


Tree=35
num_leaves=31
num_cat=0
split_feature=0 0 0 10 10 0 0 0 10 4 8 9 13 4 13 6 2 7 0 12 8 7 7 10 12 3 5 6 7 0
split_gain=2111.5 165.678 75.9351 55.9179 25.6999 20.0738 14.9556 11.5459 11.4039 5.30437 5.50182 5.47596 5.52803 5.19265 6.14423 5.8561 5.02795 4.87226 4.83067 4.58579 4.46997 4.45101 4.00151 3.78266 3.73161 3.70758 3.77187 3.54039 3.50339 3.90049
threshold=41.500000000000007 47.500000000000007 38.500000000000007 19.500000000000004 19.500000000000004 44.500000000000007 44.500000000000007 50.500000000000007 19.500000000000004 19.500000000000004 0.34833164812942369 203.89068040780145 0.60769230769230786 17.500000000000004 0.78888888888888908 12.500000000000002 2.5000000000000004 4.5000000000000009 39.500000000000007 1.5000000000000002 0.23145604395604394 -1.0000000180025095e-35 6.5000000000000009 15.500000000000002 6.5000000000000009 6.5000000000000009 5.5000000000000009 11.500000000000002 -1.4999999999999998 46.500000000000007
decision_type=2 2 2 2 2 2 2 2 2 2 2 2 2 2 2 2 2 2 2 2 2 2 2 2 2 2 2 2 2 2
left_child=2 3 -1 5 17 9 -5 8 -3 10 11 12 -2 14 -8 28 20 18 -4 -14 24 -20 -7 -21 -13 26 -10 -25 29 -16
right_child=1 7 4 6 -6 22 13 -9 25 -11 -12 16 19 -15 15 -17 -18 -19 21 23 -22 -23 -24 27 -26 -27 -28 -29 -30 -31
leaf_value=-0.081469519640902793 0.073555720107113184 0.089940698854067636 -0.05089752463991775 -0.058721908946743812 -0.083746068670112583 0.059220655876880336 -0.049176510588905029 0.10219971117120381 0.010927235007189012 0.043613437170768765 -0.062330554322823473 -0.018050279956486628 0.064290851726139034 0.04567758922002628 -0.062726965775503629 0.10383449644659318 0.052131243369829876 0.011676960983301119 0.012509811758355645 -0.034031111803129649 -0.052268623692612128 -0.028262940406450748 0.086305438440402588 -0.0028398421623995634 0.086434386955787687 0.071057378670328936 0.072002171994591607 0.085840007937108498 0.047054517953210875 0.03416456545276117
leaf_weight=1755.7322249561548 10.387760281562803 333.79101902246475 37.429764539003372 58.550981864333153 58.942223966121674 356.07013490796089 22.906820952892303 732.05215921998024 31.939655214548111 189.32549966871738 7.7779692113399497 6.5926463156938571 8.6592029929161054 24.806200996041298 11.600856408476831 6.4217259734868994 75.574971899390221 73.315964668989182 50.315020531415939 37.721322253346443 9.827919274568556 57.226497828960419 64.415242195129395 24.163468763232235 7.0986642241477966 42.573383867740631 14.796203851699827 5.5327854156494132 9.4719695895910281 6.4730716049671164
leaf_count=15212 38 1153 262 452 473 1093 122 2693 103 628 32 24 32 99 68 30 276 381 269 141 39 302 207 88 26 135 48 20 43 24
internal_value=-0.0011566 0.0692071 -0.0737898 0.038115 -0.0251529 0.0482882 -0.0201499 0.0945992 0.0814486 0.0317158 0.020065 0.0235187 0.00512814 0.00749956 -0.00915207 0.0178393 0.0395653 -0.00933143 -0.019956 -0.00421518 -0.000813047 -0.00918676 0.0633698 -0.0130142 0.0361229 0.0497096 0.0302631 0.0136823 -0.0022086 -0.0280258
internal_weight=4131.49 2098.53 2032.96 943.379 277.229 803.148 140.232 1155.15 423.1 382.662 193.337 185.559 86.4645 81.6806 56.8744 33.9676 99.0942 218.287 144.971 76.0768 23.5192 107.542 420.485 67.4176 13.6913 89.3092 46.7359 29.6963 27.5459 18.0739
internal_count=24513 7614 16899 3482 1687 2644 838 4132 1439 1344 716 684 319 386 287 165 365 1214 833 281 89 571 1300 249 50 286 151 108 135 92
is_linear=0
shrinkage=0.1


Tree=36
num_leaves=31
num_cat=0
split_feature=0 0 0 4 10 4 0 0 7 10 9 1 10 3 10 0 9 8 9 0 11 9 10 7 10 9 4 10 9 9
split_gain=2032.02 127.266 75.6322 32.0396 27.2695 23.0803 12.7381 12.5276 8.97815 6.76156 6.40816 4.84221 5.61841 4.79719 4.77551 4.71304 4.16348 5.9909 4.46156 4.15891 3.91523 3.74855 4.09027 3.69932 4.18887 3.68844 3.68378 3.47188 4.52764 3.45099
threshold=24.500000000000004 20.500000000000004 27.500000000000004 12.500000000000002 7.5000000000000009 7.5000000000000009 16.500000000000004 22.500000000000004 2.5000000000000004 6.5000000000000009 216.87142547928264 1.5000000000000002 7.5000000000000009 8.5000000000000018 6.5000000000000009 28.500000000000004 322.07002314814821 0.15319426336375488 401.50203373015876 19.500000000000004 5.5000000000000009 166.86956018518524 8.5000000000000018 -1.0000000180025095e-35 3.5000000000000004 199.54670849245323 12.500000000000002 1.0000000180025095e-35 296.36007168458792 284.01331521739138
decision_type=2 2 2 2 2 2 2 2 2 2 2 2 2 2 2 2 2 2 2 2 2 2 2 2 2 2 2 2 2 2
left_child=1 4 5 7 19 16 -6 8 -3 -7 -10 -9 23 21 -12 -4 17 -2 20 -1 -18 -8 -23 24 -13 26 -15 28 -19 -25
right_child=2 3 15 -5 6 9 13 11 10 -11 14 12 -14 25 -16 -17 18 27 -20 -21 -22 22 -24 29 -26 -27 -28 -29 -30 -31
leaf_value=0.096440051849213143 0.056329534253437855 0.057399821684818747 -0.055765543188308064 -0.047892191226298536 0.084207383378484643 -0.032489304072202428 0.10335426874657057 0.031802428153137711 -0.054903208364438821 -0.078073748898371972 0.067739248745670166 0.016286952832293519 -0.048354709365737603 -0.059708243435069655 -0.00098146518196755186 -0.082927648977853874 0.013707039540032254 -0.060275812040182508 -0.040152330289541578 0.07974547599203867 0.07795023418205127 0.057406703970631016 0.023590355642147377 0.079935502649958398 -0.069318850857111536 0.068708043264255031 0.029815867607503477 -0.050691953080853225 0.047545559409820651 0.014142073933954478
leaf_weight=820.8340667039156 8.7681245654821378 343.04902572929859 66.440643794834614 44.597467392683029 132.81709310412407 60.654617145657539 12.267875194549559 267.36568966507912 11.032322183251379 70.200490921735764 18.933011740446091 18.371939763426784 16.518017172813416 10.203597307205206 21.704708248376846 1658.4501185342669 67.865641683340073 6.4248063117265728 13.18706728518009 182.37454295158386 11.027949407696722 106.00942695140839 53.982282161712646 12.977490097284315 8.2975645959377271 6.3889481723308554 8.3640645146369916 35.328209951519966 9.8893028646707517 20.670010924339294
leaf_count=3465 46 1129 507 285 507 389 38 905 52 564 61 63 98 33 93 14149 335 34 66 700 54 342 167 44 28 20 27 196 48 68
internal_value=-0.00195829 0.0664051 -0.0740159 0.0344197 0.0852022 -0.0261344 0.0602677 0.0393877 0.0515467 -0.0569442 0.0126862 0.0254441 0.0033188 0.0441453 0.0310353 -0.0818814 0.000304 -0.0200962 0.0136877 0.0934051 0.0226871 0.0500817 0.0459968 0.0174698 -0.0103472 0.00317011 -0.0193808 -0.0330722 0.00508345 0.0395179
internal_weight=4125 2116.76 2008.24 783.517 1333.24 283.346 330.033 738.92 394.719 130.855 51.67 344.201 76.835 197.216 40.6377 1724.89 152.491 60.4104 92.0807 1003.21 78.8936 172.26 159.992 60.317 26.6695 24.9566 18.5677 51.6423 16.3141 33.6475
internal_count=24513 8125 16388 2826 5299 1732 1134 2541 1335 953 206 1206 301 627 154 14656 779 324 455 4165 389 547 509 203 91 80 60 278 82 112
is_linear=0
shrinkage=0.1


Tree=37
num_leaves=31
num_cat=0
split_feature=0 0 10 0 0 3 4 10 4 0 0 0 0 0 0 4 4 2 10 0 10 0 7 10 13 2 4 9 13 11
split_gain=851.51 445.24 73.1666 62.4729 49.4132 35.7206 25.3806 24.1228 23.3893 20.7768 18.9562 17.5764 11.9463 9.36616 9.10856 12.0276 8.92933 6.37555 5.66181 5.27041 5.17491 6.15649 4.92814 5.51749 4.84901 4.692 4.60451 4.54199 6.79761 4.51345
threshold=37.500000000000007 20.500000000000004 7.5000000000000009 34.500000000000007 23.500000000000004 6.5000000000000009 12.500000000000002 7.5000000000000009 16.500000000000004 15.500000000000002 29.500000000000004 40.500000000000007 19.500000000000004 24.500000000000004 32.500000000000007 9.5000000000000018 10.500000000000002 1.0000000180025095e-35 19.500000000000004 22.500000000000004 10.500000000000002 28.500000000000004 -3.4999999999999996 22.500000000000004 1.297058823529412 7.5000000000000009 3.5000000000000004 258.74669312169317 0.94987468671679209 4.5000000000000009
decision_type=2 2 2 2 2 2 2 2 2 2 2 2 2 2 2 2 2 2 2 2 2 2 2 2 2 2 2 2 2 2
left_child=1 2 12 4 7 24 11 19 13 -4 -10 22 -1 26 18 -16 -9 -11 20 -3 -15 -22 23 -2 -5 -19 -6 -17 -29 -23
right_child=6 3 9 5 8 -7 -8 16 10 17 -12 -13 -14 14 15 27 -18 25 -20 -21 21 29 -24 -25 -26 -27 -28 28 -30 -31
leaf_value=-0.078739140212228234 0.0020792412808266015 0.0022605704064222391 -0.060656889862469282 0.041052457378390972 0.00064808167668556392 -0.041508871370421613 -0.080795529659280496 0.035358276476932043 0.067856724943671856 -0.036584959723238462 0.017623914058964397 -0.069875150530921443 -0.037384205918001699 0.073879897771776268 0.070168882409856193 -0.00053167515157972241 0.082558087517550921 0.019445461208206956 0.088333639794059171 0.027060490002238452 0.087420768300139798 0.048227339495656246 -0.038181644922259422 0.10341864157677422 0.0061558709821238015 0.11662137102595492 0.052815639086512593 -0.020059646040013753 0.10712900798249143 -0.0098300979055012255
leaf_weight=335.60319060087204 45.325998961925507 218.31899021565914 44.363077476620674 132.65565785765648 18.517836272716522 107.85187755525112 929.66209654510021 81.264386475086212 123.18976056575775 20.56721855700016 192.53511829674244 84.165190257132053 88.21263313293457 620.4199193418026 110.55679199099541 46.740709200501442 79.089073985815048 153.20615102350712 237.46613040566444 141.06041952967644 29.236775040626526 49.536244422197342 27.77878250926733 6.0950654894113532 56.897418782114983 5.1352216005325309 195.99529704451561 6.7784473896026638 11.055379837751387 18.350894957780838
leaf_count=3465 261 1075 378 487 57 749 8604 285 417 115 746 734 700 2182 371 195 268 625 874 493 104 157 177 31 213 16 615 23 37 59
internal_value=0.00156237 0.0281377 -0.0457252 0.0474295 0.0532945 0.00443599 -0.0744077 0.0263857 0.0617176 0.000603138 0.0372238 -0.0380565 -0.0701316 0.0674687 0.0711048 0.0501405 0.058638 0.0157935 0.0749493 0.0119948 0.0705198 0.049056 -0.0042431 0.0140913 0.0305777 0.022597 0.0483123 0.0158503 0.058786 0.0325336
internal_weight=4217.63 3124.6 647.087 2477.52 2180.11 297.405 1093.03 519.733 1660.38 223.272 315.725 163.365 423.816 1344.65 1130.14 175.131 160.353 178.909 955.01 359.379 717.544 97.1239 79.1998 51.4211 189.553 158.341 214.513 64.5745 17.8338 67.8871
internal_count=24513 14706 5299 9407 7958 1449 9807 2121 5837 1134 1163 1203 4165 4674 4002 626 553 756 3376 1568 2502 320 469 292 700 641 672 255 60 216
is_linear=0
shrinkage=0.1


Tree=38
num_leaves=31
num_cat=0
split_feature=0 0 0 0 4 4 10 0 0 10 0 10 9 0 10 9 4 7 13 0 10 4 3 0 0 2 9 4 12 13
split_gain=929.777 379.684 47.1321 65.0675 60.8181 37.4403 20.8447 19.353 16.9465 17.5927 13.8623 23.6171 13.0772 22.0121 9.44278 7.04191 6.09045 6.07263 5.34509 5.01296 10.6606 5.86946 5.47465 4.54795 4.39468 5.07658 5.00555 4.74041 4.3049 4.23022
threshold=29.500000000000004 48.500000000000007 45.500000000000007 33.500000000000007 9.5000000000000018 12.500000000000002 19.500000000000004 26.500000000000004 51.500000000000007 19.500000000000004 42.500000000000007 19.500000000000004 255.71382275132285 37.500000000000007 7.5000000000000009 210.12683215130025 14.500000000000002 6.5000000000000009 0.34313725490196084 39.500000000000007 20.500000000000004 10.500000000000002 10.500000000000002 35.500000000000007 34.500000000000007 1.5000000000000002 346.12369047619057 5.5000000000000009 1.5000000000000002 1.3798076923076925
decision_type=2 2 2 2 2 2 2 2 2 2 2 2 2 2 2 2 2 2 2 2 2 2 2 2 2 2 2 2 2 2
left_child=5 2 3 4 -2 -1 17 -7 9 -3 12 16 19 24 -6 -11 -12 18 -4 20 -5 23 -21 -22 27 -26 -27 -14 -9 -8
right_child=1 8 6 10 14 7 29 28 -10 15 11 -13 13 -15 -16 -17 -18 -19 -20 22 21 -23 -24 -25 25 26 -28 -29 -30 -31
leaf_value=-0.08132625437036034 -0.051081783156075339 -0.05578484278928611 0.084800064105247042 0.078663396010293554 -0.064250908104086527 -0.068304564407512397 0.052675821966717086 0.058567345431296117 -0.07825921837741795 -0.058639757819416771 0.065781855356169913 0.081769739079650502 -0.06289635245930994 0.071278778608908674 0.039426067356100838 0.038737767026810546 0.026288129858919804 -0.046812407251273419 -0.0032862532268103858 0.067493156774040816 0.011345526685673034 0.0042924546159895218 0.04367335955162048 0.084792479511709498 0.010181197480206492 0.05715672028000969 -0.02958711032082606 0.01310355585388627 -0.0071570034949920321 -0.006003724624870678
leaf_weight=1009.8943875283003 108.28791584819555 123.57163432985544 7.1337479799985877 532.32485933601856 9.0573948472738248 72.125345103442669 99.645383089780807 11.398991875350474 229.80438580363989 9.4572590142488462 44.117724567651749 119.28127464652061 11.076422870159147 172.65610232949257 291.96520504355431 34.58112370967865 339.76580679416656 32.392958462238312 200.55619592964649 298.62423890829086 12.098187476396559 30.558832287788391 142.54912972450256 27.811836063861847 66.963663294911385 65.390054196119308 7.405757635831832 31.681800723075867 79.261273398995399 14.013095080852507
leaf_count=9767 851 1052 34 1866 67 591 323 64 2278 59 138 429 60 589 951 185 1156 208 1083 984 49 98 448 87 221 210 25 141 453 46
internal_value=0.00156695 0.0305585 0.0441541 0.0493561 0.0131869 -0.0741524 0.0101607 -0.0296473 -0.0606237 -0.0364441 0.0571384 0.0429035 0.0622576 0.0456828 0.0363066 0.0178259 0.0308269 -0.00654161 -0.000260659 0.0678966 0.0738248 0.0372742 0.0597967 0.062528 0.0214698 0.0300526 0.048332 -0.00658405 0.00110672 0.0454411
internal_weight=4235.45 3062.77 2665.36 2311.62 409.311 1172.68 353.741 162.786 397.414 167.61 1902.31 503.165 1399.14 355.174 301.023 44.0384 383.884 240.083 207.69 1043.97 602.794 70.4689 441.173 39.91 182.518 139.759 72.7958 42.7582 90.6603 113.658
internal_count=24513 13638 10064 8370 1869 10875 1694 1108 3574 1296 6501 1723 4778 1246 1018 244 1294 1325 1117 3532 2100 234 1432 136 657 456 235 201 517 369
is_linear=0
shrinkage=0.1


Tree=39
num_leaves=31
num_cat=0
split_feature=0 0 0 10 10 0 0 0 10 4 13 7 0 9 7 0 9 8 4 1 12 0 9 3 4 9 0 10 12 9
split_gain=1768.13 145.337 78.3728 41.9164 25.0024 15.982 13.2033 12.2018 10.4286 5.12334 4.61569 4.33183 4.36244 4.17012 3.96651 3.76525 3.69917 4.48938 3.8793 4.14385 3.65848 5.46786 3.84101 3.53987 3.31847 3.19821 3.10614 3.24071 3.00769 3.96413
threshold=41.500000000000007 47.500000000000007 38.500000000000007 19.500000000000004 19.500000000000004 45.500000000000007 44.500000000000007 50.500000000000007 19.500000000000004 19.500000000000004 0.62828947368421062 4.5000000000000009 39.500000000000007 184.14546783625735 -1.0000000180025095e-35 45.500000000000007 201.06271668087527 0.16405676535356004 14.500000000000002 4.5000000000000009 3.5000000000000004 42.500000000000007 193.04488854057823 12.500000000000002 16.500000000000004 279.69597902097911 37.500000000000007 13.500000000000002 4.5000000000000009 251.58103038936375
decision_type=2 2 2 2 2 2 2 2 2 2 2 2 2 2 2 2 2 2 2 2 2 2 2 2 2 2 2 2 2 2
left_child=2 3 26 5 11 9 -5 8 -3 16 -8 12 -4 -12 -14 -15 17 -2 -18 -20 22 -22 -19 -7 -16 28 -1 -28 29 -10
right_child=1 7 4 6 -6 23 10 -9 25 -11 13 -13 14 15 24 -17 18 20 19 -21 21 -23 -24 -25 -26 -27 27 -29 -30 -31
leaf_value=-0.081241969862156496 0.052941183952284636 0.083488177909617392 -0.047175493765398369 -0.055418601444930028 -0.08273450654406779 0.057044883433222462 -0.028969267835768243 0.096953172446287095 0.046686606096511506 0.043064977888944117 0.10834589623422551 0.013734016072916445 0.014229894124668874 -0.029533740022207062 -0.063585883273188981 0.031470696861268875 0.0072630914712245621 0.046527309271378825 0.037616634617341022 0.11521046158456578 -0.064940048450855617 0.004040359919528713 -0.034734656878637332 0.084889636528432288 -0.0092178980826427802 -0.0089580845453422261 -0.029441333027075078 -0.077070188873982412 0.069088295202051953 -0.036358219239440152
leaf_weight=1522.8281067535281 18.850685805082321 313.65718328952789 34.708645395934582 53.634849332273006 53.401218011975288 219.93361538648605 23.206817001104355 672.25837177038193 28.243803918361664 259.7343670129776 5.3062750250101081 72.14309398829937 49.638853296637535 13.775112360715864 15.721863821148871 38.103298038244247 42.617372289299965 23.498715713620189 106.27582220733166 7.359147071838378 16.342523798346519 38.710223644971848 7.7300419956445685 57.617167532444 39.265354201197624 9.8943824470043165 23.874268673360348 35.56920462846756 43.181497842073441 7.2168209850788108
leaf_count=14706 65 1153 262 452 473 692 119 2693 91 838 19 381 269 86 91 162 157 85 361 24 73 126 28 195 211 34 189 317 138 23
internal_value=-0.00133574 0.0636393 -0.0719388 0.0347576 -0.0215947 0.0434419 -0.0169924 0.0887105 0.074933 0.0331182 0.00864439 -0.00615601 -0.0164544 0.0239088 -0.00626304 0.0152724 0.0232342 0.00873118 0.0329923 0.0426417 -0.00092777 -0.0164366 0.0264126 0.0628252 -0.0247627 0.0446247 -0.0803666 -0.057941 0.0513663 0.0297856
internal_weight=3854.3 2007.15 1847.15 932.696 264.879 798.67 134.026 1074.45 402.194 521.119 80.3915 211.478 139.335 57.1847 104.626 51.8784 261.385 105.132 156.252 113.635 86.2815 55.0527 31.2288 277.551 54.9872 88.5365 1582.27 59.4435 78.6421 35.4606
internal_count=24513 7614 16899 3482 1687 2644 838 4132 1439 1757 386 1214 833 267 571 248 919 377 542 385 312 199 113 887 302 286 15212 506 252 114
is_linear=0
shrinkage=0.1


Tree=40
num_leaves=31
num_cat=0
split_feature=0 0 0 4 10 0 0 9 2 0 7 10 9 12 7 4 11 9 1 10 11 9 9 13 13 10 13 4 10 13
split_gain=1712.34 148.248 34.4854 32.8779 30.1459 15.7372 14.5207 13.166 8.30433 6.17274 5.71621 5.58275 4.97874 4.89271 6.19037 4.0602 4.87108 3.8947 4.89804 4.40977 4.49448 7.43622 4.51043 4.23563 4.06256 4.30436 3.92268 3.89275 3.57915 3.45862
threshold=25.500000000000004 21.500000000000004 28.500000000000004 11.500000000000002 7.5000000000000009 19.500000000000004 16.500000000000004 285.00504385964916 5.5000000000000009 23.500000000000004 2.5000000000000004 8.5000000000000018 203.24102067183466 11.500000000000002 -2.4999999999999996 6.5000000000000009 4.5000000000000009 448.9585294117648 1.0000000180025095e-35 1.5000000000000002 1.0000000180025095e-35 317.10425000000004 394.49597222222229 0.62828947368421062 0.25833333333333336 3.5000000000000004 1.297058823529412 4.5000000000000009 1.0000000180025095e-35 0.41428571428571431
decision_type=2 2 2 2 2 2 2 2 2 2 2 2 2 2 2 2 2 2 2 2 2 2 2 2 2 2 2 2 2 2
left_child=1 4 7 8 5 -1 -6 29 9 12 -8 -5 -3 15 -15 16 -11 18 19 -14 21 -21 24 -20 -22 -26 -27 -18 -25 -2
right_child=2 3 -4 11 6 -7 10 -9 -10 13 -12 -13 17 14 -16 -17 27 -19 23 20 22 -23 -24 28 25 26 -28 -29 -30 -31
leaf_value=0.092671011953753629 -0.0052226515940439894 -0.055053527785217521 -0.081955364332059147 0.001555509787901001 0.079012107557408229 0.066458310112807381 0.049130092026044903 -0.019325846920256282 -0.072563134469191035 0.012593375101773989 0.017339431545376042 -0.062771391166357576 0.079588893387018494 0.0046222066100067797 0.15023243047367871 -0.002444320333790113 0.019056804312383005 -0.017938264121429594 -0.016005097025016273 0.08137023617039725 0.013162734222553849 -0.049878876756128614 0.12342723251987658 -0.012010877193304527 0.024719585198419755 0.10574983675475198 0.019511928726579 0.0881796829110707 0.038541818397291844 -0.075765857593677349
leaf_weight=742.3446237295866 7.6196373254060736 5.8559128791093817 1496.1358299851418 18.342394471168518 123.48436810076237 331.23021909594536 145.19143494963646 130.87751834094524 8.2809488922357541 90.740959048271179 92.653423577547073 51.015865445137024 45.423196315765381 5.7328400909900665 5.9498436972498876 101.25381632894278 14.664425849914549 12.071734994649885 18.446593955159187 6.7777966260910061 26.725615888834 11.888647854328154 8.0059972405433637 15.292404860258101 19.104267716407776 22.625710055232052 6.8779772818088523 18.332486495375633 166.39688292145729 79.099093593657017
leaf_count=3465 61 26 14149 93 507 1261 475 883 50 356 321 397 141 25 26 476 52 38 59 21 84 37 25 47 59 73 22 65 549 670
internal_value=-0.00225418 0.0579505 -0.0765455 0.0194836 0.0761747 0.0845836 0.0511904 -0.0393487 0.0268964 0.0282642 0.0367459 -0.0457596 0.0364115 0.0156823 0.0787797 0.012406 0.0245579 0.0379008 0.0398403 0.0536716 0.0421306 -0.00222225 0.0520648 0.0296515 0.0444808 0.0617001 0.0856458 0.0574602 0.0342869 -0.0695675
internal_weight=3828.44 2114.71 1713.73 679.806 1434.9 1073.57 361.329 217.596 610.448 602.167 237.845 69.3583 365.493 236.674 11.6827 224.992 123.738 359.637 347.565 147.429 102.006 18.6664 83.3396 200.136 75.3336 48.608 29.5037 32.9969 181.689 86.7187
internal_count=24513 8750 15763 2721 6029 4726 1303 1614 2231 2181 796 490 1181 1000 51 949 473 1155 1117 462 321 58 263 655 238 154 95 117 596 731
is_linear=0
shrinkage=0.1


Tree=41
num_leaves=31
num_cat=0
split_feature=0 0 10 0 0 3 4 7 0 0 4 0 0 0 4 3 0 10 4 9 10 7 2 9 10 10 9 0 10 4
split_gain=732.207 350.01 68.0293 48.3694 43.6576 38.2229 26.5591 18.323 18.0718 16.9963 13.3784 12.652 12.6313 11.6906 9.61184 9.04321 8.06976 7.03142 6.36986 6.07945 7.34578 7.48118 6.05741 7.22682 5.49335 4.84106 6.83429 4.82254 4.69216 4.60251
threshold=37.500000000000007 20.500000000000004 7.5000000000000009 33.500000000000007 23.500000000000004 6.5000000000000009 12.500000000000002 2.5000000000000004 14.500000000000002 40.500000000000007 16.500000000000004 27.500000000000004 19.500000000000004 25.500000000000004 10.500000000000002 5.5000000000000009 30.500000000000004 6.5000000000000009 3.5000000000000004 257.88390277777779 18.500000000000004 -4.4999999999999991 2.5000000000000004 394.49597222222229 8.5000000000000018 13.500000000000002 237.85302631578949 22.500000000000004 3.5000000000000004 5.5000000000000009
decision_type=2 2 2 2 2 2 2 2 2 2 2 2 2 2 2 2 2 2 2 2 2 2 2 2 2 2 2 2 2 2
left_child=1 2 12 4 7 19 9 22 -4 29 13 -12 -1 15 -15 -6 -16 -9 -10 20 -5 -22 27 -24 -20 -18 -27 -3 -17 -2
right_child=6 3 8 5 10 -7 -8 17 18 -11 11 -13 -14 14 16 28 25 -19 24 -21 21 -23 23 -25 -26 26 -28 -29 -30 -31
leaf_value=-0.077495911633939818 0.042753649734308681 -0.0029661104208662087 -0.071396743543802377 -0.025768169813203092 0.039785693186723425 -0.030245400867849978 -0.07976575087646412 0.012580758079961483 -0.061165872402540671 -0.067823695929439903 0.082280374702293518 0.028501460089469063 -0.03316294447229378 0.076841825512137918 0.06758757446512216 0.028309691204614018 0.012468244398139129 0.071848818518787966 0.0018452402873750089 0.044857978156530511 0.0071661118802190298 0.081460812799730845 0.029824282536789155 0.15621065283498392 0.037048976519968087 0.085225368403457208 -0.020362836895291954 0.023118864428810809 0.085888126581580501 -0.014907727905608452
leaf_weight=295.84188736975193 18.094938859343529 180.7705841511488 28.892413191497326 31.692576542496681 285.68224051594734 140.19573612511158 837.3507015556097 25.481118634343147 10.771485909819601 76.889483958482742 54.225944131612778 226.34295873343945 82.103999704122543 579.67479784786701 146.66146433353424 17.305281072854996 58.579117804765701 93.349033072590828 96.469176612794399 178.50848320126534 37.580757513642311 21.199102193117142 92.605626687407494 4.7566390335559836 82.00718180090189 25.682570621371269 8.0518968105316144 116.58511964976788 77.701125204563141 58.908330857753754
leaf_count=3465 86 877 285 187 905 983 8604 108 65 734 207 769 700 2256 533 57 201 332 467 588 131 73 375 19 317 84 26 410 286 383
internal_value=0.00176085 0.0263903 -0.0421998 0.0434073 0.0498356 0.0120896 -0.0727484 0.0247137 0.00226744 -0.0345662 0.0585533 0.0388954 -0.0678651 0.063152 0.0698846 0.0486738 0.0530085 0.0591398 0.0135137 0.0341551 0.0130376 0.0339607 0.0143496 0.0359989 0.0180208 0.0298464 0.0600231 0.0072611 0.0754003 -0.00135793
internal_weight=3989.96 2998.72 596.086 2402.63 1993.46 409.177 991.243 513.548 218.14 153.893 1479.91 280.569 377.946 1199.34 818.65 380.689 238.975 118.83 189.248 268.981 90.4724 58.7799 394.718 97.3623 178.476 92.3136 33.7345 297.356 95.0064 77.0033
internal_count=24513 14706 5299 9407 7445 1962 9807 2121 1134 1203 5324 976 4165 4348 3100 1248 844 440 849 979 391 204 1681 394 784 311 110 1287 343 469
is_linear=0
shrinkage=0.1


Tree=42
num_leaves=31
num_cat=0
split_feature=0 0 0 0 4 10 4 0 0 10 4 10 0 10 0 10 13 7 0 3 7 2 9 12 5 10 4 13 10 11
split_gain=798.631 294.058 60.0926 43.6018 38.9016 19.6943 18.5759 26.3655 17.3537 15.6704 14.0968 10.1646 7.33736 17.9009 8.87215 13.5952 6.17664 6.0486 5.70638 5.63423 5.54769 5.35267 5.29221 5.20549 5.20306 4.92586 4.42521 4.31548 4.30143 4.4816
threshold=28.500000000000004 48.500000000000007 31.500000000000004 44.500000000000007 9.5000000000000018 19.500000000000004 7.5000000000000009 34.500000000000007 51.500000000000007 19.500000000000004 13.500000000000002 7.5000000000000009 41.500000000000007 19.500000000000004 35.500000000000007 18.500000000000004 0.43650793650793651 6.5000000000000009 25.500000000000004 8.5000000000000018 2.5000000000000004 4.5000000000000009 239.62694122694128 6.5000000000000009 5.5000000000000009 22.500000000000004 16.500000000000004 1.4833333333333336 14.500000000000002 3.5000000000000004
decision_type=2 2 2 2 2 2 2 2 2 2 2 2 2 2 2 2 2 2 2 2 2 2 2 2 2 2 2 2 2 2
left_child=10 2 4 6 -2 17 7 -4 9 -3 -1 -6 14 28 15 -8 -11 -5 -12 20 21 -13 -18 -17 -24 27 -7 -9 -14 -30
right_child=1 8 3 5 11 26 12 25 -10 16 18 19 13 -15 -16 23 22 -19 -20 -21 -22 -23 24 -25 -26 -27 -28 -29 29 -31
leaf_value=-0.080096485009249693 -0.067528279856178222 -0.052273711079719148 -0.033213585834500799 0.008749452009171382 -0.083996893389471694 0.059502680735931728 0.054333251225677281 0.042984961300149754 -0.07689552385115922 0.10183088839578938 -0.067665397806333738 0.0083170684353556772 0.024661671690925001 0.084427648928644849 0.064617050457668815 -0.019844607939302688 -0.031350574728668992 -0.031576872582977596 -0.017270853109626283 0.038710612091659893 -0.034403419542719853 0.10475862754018282 0.086597427381975636 0.039015489008135652 -0.037570382275837463 0.013812303750387583 0.023606172843414232 0.085244648380833343 0.056130653459240482 0.027789072730898663
leaf_weight=896.94693755358458 75.883916340768337 112.75444634258747 59.925739422440529 299.11257484555244 9.2662978470325452 98.973743006587029 324.7016576230526 100.94902910292149 203.29023823142052 7.3608161956071845 39.405782356858253 35.396034009754658 195.42743974924088 91.047722056508064 777.98224031925201 37.884133487939835 20.921658083796501 42.476273223757744 52.279995001852512 100.09610878676176 26.440887972712517 6.8723077550530425 10.318246796727179 24.90124437212944 5.014967553317546 42.014054074883461 52.590231120586395 31.769065961241722 139.43617781996727 93.010926127433777
leaf_count=9652 733 1052 413 1472 81 328 1116 343 2278 41 344 148 616 367 2778 158 127 266 368 366 103 26 47 106 29 141 178 109 436 291
internal_value=0.00175172 0.0272468 0.0386966 0.0435678 -0.00757298 0.0170464 0.0503833 0.0240239 -0.0576306 -0.032585 -0.0762787 0.0179765 0.0540555 0.0441643 0.0584595 0.0460966 0.0183139 0.00373491 -0.03893 0.0235742 0.00152334 0.0239973 0.00135743 0.00349983 0.0459864 0.0436539 0.0470472 0.0531008 0.0355966 0.0447901
internal_weight=4014.45 3025.82 2666.16 2412.2 253.956 493.153 1919.05 234.658 359.66 156.37 988.633 178.072 1684.39 518.922 1165.47 387.487 43.6157 341.589 91.6858 168.805 68.7092 42.2683 36.2549 62.7854 15.3332 174.732 151.564 132.718 427.875 232.447
internal_count=24513 14149 10575 9118 1457 2244 6874 1006 3574 1296 10364 724 5868 1710 4158 1380 244 1738 712 643 277 174 203 264 76 593 506 452 1343 727
is_linear=0
shrinkage=0.1


Tree=43
num_leaves=31
num_cat=0
split_feature=0 0 10 0 0 0 4 0 10 10 13 4 4 0 13 9 6 0 4 13 8 1 9 6 4 13 2 13 11 7
split_gain=1496.92 154.513 41.7868 35.9651 17.1249 17.0874 14.3594 12.8172 9.41938 6.96974 6.7072 5.04882 4.92125 12.8751 3.93753 4.36247 3.77435 4.94482 3.62881 4.91652 3.85359 4.97608 4.47306 4.0744 5.55428 3.62412 3.51877 3.43126 3.42706 3.60399
threshold=40.500000000000007 47.500000000000007 19.500000000000004 37.500000000000007 43.500000000000007 44.500000000000007 16.500000000000004 50.500000000000007 19.500000000000004 13.500000000000002 1.4494949494949496 20.500000000000004 18.500000000000004 39.500000000000007 0.62828947368421062 181.13210382513662 12.500000000000002 45.500000000000007 19.500000000000004 1.5419580419580421 0.20864427860696519 4.5000000000000009 171.5233793576185 9.5000000000000018 24.500000000000004 0.4494949494949495 4.5000000000000009 1.1339285714285716 1.0000000180025095e-35 6.5000000000000009
decision_type=2 2 2 2 2 2 2 2 2 2 2 2 2 2 2 2 2 2 2 2 2 2 2 2 2 2 2 2 2 2
left_child=3 2 4 -1 18 -4 -5 8 -3 10 12 25 13 26 -7 -16 17 -17 -2 20 21 22 -20 24 28 -6 -8 -26 -22 -30
right_child=1 7 5 6 11 14 9 -9 -10 -11 -12 -13 -14 -15 15 16 -18 -19 19 -21 23 -23 -24 -25 27 -27 -28 -29 29 -31
leaf_value=-0.080347869684078782 0.0085282246515467081 0.077873662608827013 -0.059398707495366368 -0.064263969094685333 -0.0014977905289512078 -0.025802914948542446 0.050569170546072496 0.092646938632069228 0.040491405170494883 -0.043865303950869211 0.1147060295185082 0.058314363541321981 -0.014041756918280629 0.19977794412316618 0.12364541292131846 -0.057690184216408438 0.067260420322230521 0.021980088235628081 -0.029628979593491485 -0.060640207318419154 0.12491780809384688 0.085089743289824021 0.03503172778034 0.007253128027984234 -0.028794266139006704 0.04183802218654175 -0.08508351638311254 0.061804339723923456 0.038783243738336644 0.093885239819541264
leaf_weight=1370.4826849997044 172.73248653113842 293.20456823706627 65.278885915875435 94.617956943809986 20.68146413564682 22.433794125914574 3.7093905881047231 612.1710017323494 87.526328712701797 41.480375915765762 5.4175571128725997 238.0508987903595 53.255188889801502 4.1259589195251465 4.0533822178840628 10.386721953749655 11.293336287140844 31.165384113788605 25.309849590063095 5.8284310996532431 9.4724515676498395 7.6538617610931388 18.532052665948868 22.913530424237251 10.899806171655657 288.44518333673477 3.9467841386795044 6.7810166031122199 31.739643603563309 18.96097819507122
leaf_count=14706 748 1153 609 828 64 119 29 2693 286 322 34 774 348 22 14 69 52 132 96 21 36 28 69 81 40 900 29 24 118 69
internal_value=-0.00151088 0.0555877 0.028305 -0.0744852 0.0365089 -0.0215042 -0.035586 0.0836868 0.0692798 -0.0113447 0.00780188 0.0473681 -0.00110316 0.0573793 0.0096773 0.0236663 0.0159976 0.00206502 0.0185478 0.0294954 0.0329456 0.0106916 -0.00229678 0.0443183 0.0552271 0.0389387 -0.0193603 0.00595246 0.0697056 0.0593902
internal_weight=3592.55 2015.52 1022.61 1577.04 878.002 144.612 206.553 992.902 380.731 111.935 70.4549 547.178 65.0373 11.7821 79.3326 56.8988 52.8454 41.5521 330.824 158.092 152.263 51.4958 43.8419 100.767 77.8539 309.127 7.65617 17.6808 60.1731 50.7006
internal_count=24513 8195 4063 16318 3068 995 1612 4132 1439 784 462 1738 428 80 386 267 253 201 1330 582 561 193 165 368 287 964 58 64 223 187
is_linear=0
shrinkage=0.1


Tree=44
num_leaves=31
num_cat=0
split_feature=0 0 0 4 10 9 0 0 3 12 9 0 6 10 2 9 8 6 8 1 13 4 4 12 9 8 3 11 10 8
split_gain=1451.14 130.402 37.0702 31.8044 28.6004 13.2574 11.3134 10.0945 5.59036 5.84277 5.44401 4.94151 4.83958 4.61249 4.04149 3.97436 3.85296 3.77196 3.6901 3.67139 3.49427 3.10479 3.75494 3.03952 8.01756 3.01178 2.99044 11.5756 4.70047 2.94038
threshold=25.500000000000004 20.500000000000004 28.500000000000004 11.500000000000002 7.5000000000000009 285.00504385964916 15.500000000000002 22.500000000000004 5.5000000000000009 5.5000000000000009 282.8497756410257 19.500000000000004 4.5000000000000009 8.5000000000000018 1.5000000000000002 203.24102067183466 0.11814556331006977 4.5000000000000009 0.24807692307692308 1.5000000000000002 0.41428571428571431 3.5000000000000004 5.5000000000000009 11.500000000000002 363.43814102564107 0.25834260289210237 2.5000000000000004 5.5000000000000009 7.5000000000000009 0.29289318755256516
decision_type=2 2 2 2 2 2 2 2 2 2 2 2 2 2 2 2 2 2 2 2 2 2 2 2 2 2 2 2 2 2
left_child=1 4 5 7 11 20 -6 8 -3 10 -10 -1 -11 17 18 -9 -17 -5 21 23 25 -8 -23 -18 -25 -2 27 -7 -28 -16
right_child=2 3 -4 13 6 26 14 15 9 12 -12 -13 -14 -15 29 16 19 -19 -20 -21 -22 22 -24 24 -26 -27 28 -29 -30 -31
leaf_value=0.089550262547472503 -0.058880058372201755 0.047543659150100823 -0.081108581765514776 -0.031911360160851769 0.081945983159996627 -0.014589891213833285 0.092037442768017716 -0.07451557659545556 -0.052110380179886444 0.011281694718792552 0.034999526878590058 0.069907617294204749 0.10547143607598215 -0.053151164735666202 0.03986636801557953 0.060285359251374217 0.021106401635193214 0.056113840244820502 0.082525760014523442 -0.00041462372276318332 -0.074030641977951103 -0.028683744844745587 0.049920891199953792 0.11896242844061476 -0.020696889601892254 0.070258091941965181 -0.016371227738354765 0.12879149200883389 -0.083827242696670287 0.011409942845083669
leaf_weight=666.76635681092739 4.0624184757471076 316.61271026730537 1349.3516828119755 12.407248444855215 81.577620580792427 43.283432580530643 7.4733875542879096 4.4087249636650077 17.70715139806271 13.004224643111231 12.061174064874647 158.52290391921997 9.3969557881355268 54.132259324193001 103.08562338352203 23.483847267925739 299.12677951157093 8.0112719163298589 33.570963889360428 80.872415162622929 71.699162431061268 10.080394610762598 15.30323116481304 10.49700401723385 6.7563129514455786 3.2514361590147018 62.025671273469925 6.4726620092988005 12.39415407180786 56.057272791862488
leaf_count=3465 34 1091 14149 67 378 298 28 24 74 54 45 700 33 435 335 84 1105 38 122 338 670 36 53 39 24 27 442 42 101 182
internal_value=-0.00256481 0.0537259 -0.0751123 0.0245748 0.0760822 -0.0352921 0.0500322 0.0304389 0.0425459 0.0122146 -0.0168162 0.0857773 0.0507929 -0.0378746 0.0384906 0.0199369 0.0209267 0.00262561 0.0592086 0.0185999 -0.0673141 0.0353848 0.0187053 0.0234604 0.0642725 -0.0014706 -0.0149166 0.00406228 -0.0276056 0.0298427
internal_weight=3553.46 2000.92 1552.54 868.478 1132.44 203.189 307.148 793.927 368.782 52.1695 29.7683 825.289 22.4012 74.5508 225.571 425.145 420.736 20.4185 66.428 397.253 79.013 32.857 25.3836 316.38 17.2533 7.31385 124.176 49.7561 74.4198 159.143
internal_count=24513 8750 15763 3451 5299 1614 1134 2911 1297 206 119 4165 87 540 756 1614 1590 105 239 1506 731 117 89 1168 63 61 883 340 543 517
is_linear=0
shrinkage=0.1


Tree=45
num_leaves=31
num_cat=0
split_feature=0 0 0 10 0 9 10 0 3 0 3 0 0 4 10 4 0 10 9 2 0 9 10 10 3 10 6 9 3 9
split_gain=634.331 266.412 53.1843 47.689 46.5806 27.7003 23.7206 16.887 18.7024 13.3757 13.2379 15.6105 11.9535 11.7858 11.2067 10.4167 9.57509 9.5651 8.75157 6.65527 5.86211 5.56398 5.419 6.55802 5.40332 5.13109 4.5302 4.46474 4.07885 3.91248
threshold=38.500000000000007 19.500000000000004 35.500000000000007 7.5000000000000009 22.500000000000004 241.47536599099104 6.5000000000000009 32.500000000000007 6.5000000000000009 24.500000000000004 8.5000000000000018 28.500000000000004 14.500000000000002 12.500000000000002 19.500000000000004 11.500000000000002 42.500000000000007 20.500000000000004 224.90895424836603 6.5000000000000009 20.500000000000004 350.68837991718436 17.500000000000004 15.500000000000002 1.5000000000000002 19.500000000000004 9.5000000000000018 340.02687500000008 4.5000000000000009 210.71807503506315
decision_type=2 2 2 2 2 2 2 2 2 2 2 2 2 2 2 2 2 2 2 2 2 2 2 2 2 2 2 2 2 2
left_child=1 3 4 -1 6 14 20 9 -9 15 22 -12 -5 16 -4 -6 -2 27 29 24 28 -7 23 -11 -14 26 -10 -8 -3 -16
right_child=13 2 5 12 7 21 17 8 25 10 11 -13 19 -15 18 -17 -18 -19 -20 -21 -22 -23 -24 -25 -26 -27 -28 -29 -30 -31
leaf_value=-0.076320366816459539 -0.019551103206011319 -0.043842330977114485 -0.055006714069036171 -0.06940389932532022 0.030228304826120097 0.019340626885323561 0.051826468051558772 0.045457485929562939 -0.0025429731901668706 0.060645638204764041 0.069167991144760979 0.018395723397470431 -0.058473529947653036 -0.079811733877158592 0.018525289176449522 0.074021732586697961 -0.079254559495054291 -0.052191943730044078 -0.042358258743085804 0.10903764417876614 0.001278857683921869 0.094895998467663889 0.078245472575971045 -0.048503317207732918 0.0070809873485115585 0.10698291411196677 -0.08169142848434334 0.0065119006237595884 0.021310325636867137 0.1273432759948524
leaf_weight=260.1910540163517 63.775762662291527 56.921261444687843 102.11793485283852 25.943164750933647 346.85833089053631 117.39818277955055 145.98750959336758 210.44950707256794 108.52065731585026 616.4752462208271 99.556872636079788 154.58562099933624 14.101313620805739 721.57700176537037 6.3163730800151843 64.398194789886475 46.410417899489403 10.742818251252173 12.036941200494764 5.8468909636139861 190.11245146393776 10.62908238172531 210.12616164982319 5.5542992055416098 116.0474578589201 4.0282482504844657 7.7478635162115088 25.548109814524651 11.560410931706427 6.9282082617282867
leaf_count=3465 541 517 881 285 1147 472 550 761 605 2362 395 503 93 8273 29 249 487 50 51 20 964 36 886 18 564 14 45 116 105 29
internal_value=0.00196022 0.0237287 0.0360239 -0.0498039 0.0408935 -0.00723711 0.0117168 0.0479291 0.0274789 0.0524456 0.0582606 0.0382851 -0.00719931 -0.0751601 -0.0402495 0.0370859 -0.0446982 0.0393447 0.0193584 0.00466712 -0.00775763 0.0256134 0.0643612 0.059671 -2.16906e-05 -0.00397305 -0.00781724 0.0450774 -0.0328439 0.0754477
internal_weight=3778.49 2946.73 2524.6 422.13 2269.17 255.427 440.873 1828.3 330.746 1497.55 1086.3 254.142 161.939 831.763 127.399 411.257 110.186 182.278 25.2815 135.996 258.594 128.027 832.156 622.03 130.149 120.297 116.269 171.536 68.4817 13.2446
internal_count=24513 15212 10785 4427 9287 1498 2302 6985 1425 5560 4164 898 962 9301 990 1396 1028 716 109 677 1586 508 3266 2380 657 664 650 666 622 58
is_linear=0
shrinkage=0.1


Tree=46
num_leaves=31
num_cat=0
split_feature=0 0 0 4 0 0 4 10 4 10 0 0 10 10 0 10 0 10 9 0 9 10 10 7 7 3 7 9 0 4
split_gain=688.058 234.414 46.1514 33.708 33.4134 17.6542 14.9806 13.8009 11.8602 11.1848 11.0087 9.26626 8.89661 8.85461 7.78508 17.3591 6.00526 17.4103 5.60093 5.52554 5.40755 5.21344 4.84559 5.49026 4.78143 4.49856 4.86194 4.41401 4.69259 6.3836
threshold=28.500000000000004 48.500000000000007 31.500000000000004 9.5000000000000018 45.500000000000007 51.500000000000007 13.500000000000002 19.500000000000004 6.5000000000000009 19.500000000000004 34.500000000000007 43.500000000000007 7.5000000000000009 19.500000000000004 35.500000000000007 18.500000000000004 40.500000000000007 19.500000000000004 210.12683215130025 25.500000000000004 220.66197916666667 19.500000000000004 7.5000000000000009 -1.0000000180025095e-35 6.5000000000000009 8.5000000000000018 2.5000000000000004 212.73000140291811 33.500000000000007 22.500000000000004
decision_type=2 2 2 2 2 2 2 2 2 2 2 2 2 2 2 2 2 2 2 2 2 2 2 2 2 2 2 2 2 2
left_child=6 2 3 -2 8 7 -1 -3 10 24 -4 14 -5 -13 15 22 21 -18 -9 -8 -20 -16 23 -10 -6 26 -14 28 29 -24
right_child=1 5 4 12 9 -7 19 18 11 -11 -12 13 25 -15 16 -17 17 -19 20 -21 -22 -23 27 -25 -26 -27 -28 -29 -30 -31
leaf_value=-0.079255837799325143 -0.065224787653849023 -0.048669808939939455 -0.024910166673851764 -0.083045456932334061 0.0036345279941379441 -0.0755893001904058 -0.065332449031609049 -0.05376388917854389 0.046159504184835866 0.03671747193064178 0.034507915539512067 0.022162030256724745 0.023312116231935884 0.063380781510292403 0.066476205920700318 -0.0038149730686012507 0.037644990277482998 0.085548141293901939 0.14147992668023815 -0.013952345649444461 0.021693297606248281 0.045929040720605295 0.024048558397376407 -0.046816170018747313 -0.039986548797144472 0.035641331935191971 -0.031710590703017211 0.075349756079626476 0.060403333488280343 0.09647343105120508
leaf_weight=804.45818983018398 68.690438732504845 103.0137025937438 42.857649900019169 8.4227281138300878 200.35527271032333 179.44299019873142 35.891647957265377 8.5580095276236516 15.092797726392748 112.0539775788784 114.45586997270584 241.06039679050446 42.254444792866707 66.492666453123093 455.27948324382305 79.203348785638809 419.98078069090843 92.599815770983696 4.3034985959529868 50.213520079851151 30.322214961051941 169.44637021422386 108.94355461001396 10.965599387884138 28.731976620852947 101.09863948822021 25.90456684678793 63.695390045642853 112.73489958047867 13.700459331274031
leaf_count=9652 733 1052 316 81 1117 2278 344 59 84 369 393 851 174 261 1765 355 1330 404 29 368 156 590 334 54 208 366 103 216 429 42
internal_value=0.00193071 0.0254002 0.0354396 -0.00573488 0.0397606 -0.0545727 -0.0750126 -0.028777 0.0446797 0.0108273 0.0183204 0.0469222 0.0172637 0.0310735 0.0500839 0.0381658 0.054321 0.0462989 0.0186768 -0.0353694 0.0365811 0.0609031 0.0483925 0.00703453 -0.0018364 0.0222553 0.00240014 0.051996 0.0456763 0.0321391
internal_weight=3810.22 2919.66 2594.02 246.371 2347.65 325.64 890.563 146.197 2006.51 341.141 157.314 1849.2 177.68 307.553 1541.64 404.336 1137.31 512.581 43.1837 86.1052 34.6257 624.726 325.133 26.0584 229.087 169.258 68.159 299.074 235.379 122.644
internal_count=24513 14149 10575 1457 9118 3574 10364 1296 7424 1694 709 6715 724 1112 5603 1514 4089 1734 244 712 185 2355 1159 138 1325 643 277 1021 805 376
is_linear=0
shrinkage=0.1


Tree=47
num_leaves=31
num_cat=0
split_feature=0 0 0 10 0 10 0 0 10 9 10 2 4 13 13 9 4 9 12 7 12 8 8 9 2 8 13 0 3 6
split_gain=1268.67 135.298 37.8666 32.0115 15.5884 14.4505 13.448 12.664 8.50497 4.89284 4.64444 6.40147 3.99106 4.48661 3.79331 5.87858 4.3204 3.66676 6.15347 5.36267 5.31819 4.82012 3.52235 5.60325 5.44929 4.82748 4.3823 4.15969 3.62122 3.50844
threshold=40.500000000000007 47.500000000000007 37.500000000000007 19.500000000000004 43.500000000000007 19.500000000000004 50.500000000000007 45.500000000000007 19.500000000000004 271.01491596638658 13.500000000000002 3.5000000000000004 19.500000000000004 1.6515151515151518 0.62828947368421062 251.58103038936375 18.500000000000004 167.95046992481207 8.5000000000000018 6.5000000000000009 5.5000000000000009 0.22933743169398904 0.19657494145199064 191.80377406281667 8.5000000000000018 0.16172624237140362 1.297058823529412 43.500000000000007 12.500000000000002 5.5000000000000009
decision_type=2 2 2 2 2 2 2 2 2 2 2 2 2 2 2 2 2 2 2 2 2 2 2 2 2 2 2 2 2 2
left_child=2 3 -1 7 -5 10 8 12 -3 14 11 -4 -2 22 15 16 -6 18 -13 -19 -21 -20 23 24 25 28 -24 -25 -14 -16
right_child=1 6 5 4 9 -7 -8 -9 -10 -11 -12 17 13 -15 29 -17 -18 19 21 20 -22 -23 26 27 -26 -27 -28 -29 -30 -31
leaf_value=-0.079550936483643281 0.017312936020615011 0.072854348078119399 -0.052601066588441374 -0.067638557327779403 -0.081992443417482977 -0.08127932974931748 0.089031796255179985 0.051564509325669305 0.036891351435689272 -0.043415149197772479 -0.036462567215638383 -0.035162146920053275 -0.064590793700917942 -0.052490275202648345 0.099347314767848457 0.090069079008819872 0.022840582490144035 0.0035187127956934974 -0.016594994552649438 0.037036277264261716 0.16563537918317964 0.16125565932596353 0.036521093167891996 0.015192358841159546 0.093303154322405366 0.018626518128163943 0.07877028985681811 0.099690066145975156 0.020763215796300707 0.020048281723737675
leaf_weight=1233.056654676795 308.8654745221138 273.20472139120102 18.585300989449024 44.11794950813055 11.326310761272913 45.770027965307236 553.51179134845734 262.5945702791214 86.605724990367889 17.433344483375549 67.48841181397438 23.244701065123085 17.577423021197323 5.9429980516433707 6.2944470122456542 3.9140873104333869 6.0210591852664939 19.976403005421162 2.8782939761877051 8.69901145249605 5.1017881631851187 3.2383671700954437 178.47577348351479 10.999587386846544 5.9784845262765876 31.743862196803093 28.466598182916641 12.386738508939741 6.9303698390722266 49.104835256934166
leaf_count=14706 1169 1153 141 469 71 483 2693 887 286 116 567 155 60 20 32 27 27 140 20 52 31 23 597 40 21 116 96 38 24 253
internal_value=-0.00168656 0.0513691 -0.0730756 0.0261128 -0.0185928 -0.0321257 0.0792484 0.0332153 0.0641981 0.00440329 -0.0170482 -0.00101554 0.025282 0.0335277 0.0152776 -0.0206293 -0.0456062 0.014169 -0.0116784 0.0366373 0.0845759 0.0775652 0.0352751 0.018216 0.00253328 -0.00711384 0.0423328 0.0599472 -0.0404542 0.0290582
internal_weight=3349.54 1921.5 1428.04 1008.17 138.212 194.982 913.322 869.962 359.81 94.0941 149.212 81.7239 607.367 298.502 76.6607 21.2615 17.3474 63.1386 29.3614 33.7772 13.8008 6.11666 292.559 85.6165 62.2301 56.2517 206.942 23.3863 24.5078 55.3993
internal_count=24513 8195 16318 4063 995 1612 4132 3068 1439 526 1129 562 2181 1012 410 125 98 421 198 223 83 43 992 299 221 200 693 78 84 285
is_linear=0
shrinkage=0.1


Tree=48
num_leaves=31
num_cat=0
split_feature=0 0 0 10 4 9 0 0 0 3 12 9 7 6 11 13 4 2 13 12 7 12 9 8 9 9 7 1 10 12
split_gain=1233.7 113.857 39.4078 29.0421 24.97 13.0174 10.5089 7.18133 5.43927 4.46527 5.14506 4.71559 4.34946 4.14945 3.80425 3.51753 3.35939 3.20016 3.99605 5.58774 4.45969 3.82605 6.37619 6.73797 3.48532 5.31673 3.48265 3.86489 3.43765 3.43435
threshold=25.500000000000004 20.500000000000004 28.500000000000004 7.5000000000000009 11.500000000000002 285.00504385964916 15.500000000000002 22.500000000000004 19.500000000000004 5.5000000000000009 5.5000000000000009 289.61327573392799 3.5000000000000004 4.5000000000000009 1.0000000180025095e-35 0.41428571428571431 3.5000000000000004 1.5000000000000002 0.25833333333333336 11.500000000000002 -5.4999999999999991 5.5000000000000009 359.33841503267979 0.23956521739130437 406.13259259259263 379.48760964912287 -1.0000000180025095e-35 1.0000000180025095e-35 22.500000000000004 1.5000000000000002
decision_type=2 2 2 2 2 2 2 2 2 2 2 2 2 2 2 2 2 2 2 2 2 2 2 2 2 2 2 2 2 2
left_child=1 3 5 8 7 15 -5 9 -1 -3 11 -11 14 -12 -6 -2 -8 18 20 21 -9 -20 26 -24 25 -22 27 -23 29 -19
right_child=2 4 -4 6 12 -7 16 17 -10 10 13 -13 -14 -15 -16 -17 -18 28 19 -21 24 22 23 -25 -26 -27 -28 -29 -30 -31
leaf_value=0.086931178298759237 0.0021041217259237543 0.042891772212188005 -0.080369659450288844 0.078142877662465457 0.10136180628018217 -0.011141465273442125 0.081469410397405281 0.053080909635988431 0.065464305421119112 -0.045258732489260316 0.010804496992374159 0.039398035461652228 -0.052448596167950778 0.098690579973348708 -0.015541832042300141 -0.072324737014375085 0.031461910813665304 0.042282477402375271 0.045708690959048885 0.1151278493058745 -0.0031200853426567548 -0.027569481257227902 0.13321627481848877 0.00048892245773273228 0.060953084933131001 -0.10575945155497775 -0.072623798056481739 0.046378020090647967 0.062343398408820618 0.0024065292541978543
leaf_weight=595.47434248030186 7.0382182672619811 308.35146777331829 1216.8413533866405 74.406806290149689 3.205742776393893 118.74937301874161 14.365205109119414 16.747038826346397 147.21298411488533 19.318103283643726 12.869471818208696 9.9785132557153684 45.843064971268177 9.2216065526008588 21.141055032610893 64.910530783236027 207.12315049767494 24.633788965642452 82.529456071555614 8.681683346629141 40.148799225687981 16.576929286122322 7.4584147632122022 7.8508292585611343 6.7463868558406821 5.7724163681268683 7.4737267196178463 12.32134237885475 12.038162797689436 175.28690454363823
leaf_count=3465 61 1091 14149 378 19 883 57 59 700 81 54 38 387 33 134 670 699 99 296 31 141 62 25 28 22 21 30 45 49 706
internal_value=-0.00284563 0.0498783 -0.0737457 0.072121 0.0228342 -0.0314784 0.0456282 0.0279499 0.0826761 0.0383436 0.0110524 -0.0164244 -0.0343075 0.0474913 -0.00014913 -0.0650439 0.0347053 0.0191371 0.0278149 0.037377 0.00813093 0.0323475 0.0110112 0.0651515 -0.00616208 -0.0160221 -0.0117769 0.00395948 0.010445 0.00731996
internal_weight=3300.32 1892.78 1407.54 1038.58 854.195 190.698 295.895 784.005 742.687 359.739 51.3877 29.2966 70.1899 22.0911 24.3468 71.9487 221.488 424.266 212.307 142.892 69.4146 134.211 51.6812 15.3092 52.6676 45.9212 36.372 28.8983 211.959 199.921
internal_count=24513 8750 15763 5299 3451 1614 1134 2911 4165 1297 206 119 540 87 153 731 756 1614 760 517 243 486 190 53 184 162 137 107 854 805
is_linear=0
shrinkage=0.1


Tree=49
num_leaves=31
num_cat=0
split_feature=0 0 10 0 0 7 10 4 0 4 0 0 0 0 0 3 7 0 4 7 1 8 13 9 12 9 10 12 9 9
split_gain=550.833 211.918 45.8989 39.9157 35.0269 24.6036 17.9194 17.1171 12.7612 12.4582 10.5436 9.56035 8.54967 6.52167 11.5666 7.55411 7.28116 6.31545 6.0931 5.81449 5.79649 5.56661 9.09879 8.44052 6.52688 5.49334 5.92512 5.80019 4.92855 4.41598
threshold=38.500000000000007 19.500000000000004 7.5000000000000009 35.500000000000007 23.500000000000004 1.0000000180025095e-35 7.5000000000000009 16.500000000000004 27.500000000000004 12.500000000000002 14.500000000000002 42.500000000000007 21.500000000000004 25.500000000000004 32.500000000000007 5.5000000000000009 1.5000000000000002 33.500000000000007 12.500000000000002 4.5000000000000009 3.5000000000000004 0.33072916666666669 1.297058823529412 307.59523809523819 4.5000000000000009 349.12926470588241 19.500000000000004 2.5000000000000004 357.34661306042887 232.14383680555557
decision_type=2 2 2 2 2 2 2 2 2 2 2 2 2 2 2 2 2 2 2 2 2 2 2 2 2 2 2 2 2 2
left_child=1 2 -1 4 6 25 12 13 -9 11 -4 -2 21 15 18 -6 -16 -10 -15 -8 -12 -3 23 24 -23 26 27 -5 -24 -7
right_child=9 3 10 5 7 29 19 8 17 -11 20 -13 -14 14 16 -17 -18 -19 -20 -21 -22 22 28 -25 -26 -27 -28 -29 -30 -31
leaf_value=-0.075187142481066338 -0.016432413306970008 -0.019925100975821244 -0.067285706451078439 -0.080524088421944848 0.03144063442893473 -0.062423674551200597 0.030443416687798559 0.072860787437047367 0.023778492266276235 -0.079066842298224929 -0.00087098473226968065 -0.07836373449463746 0.017311780545968183 0.067358935480713464 0.042786131769437415 0.065462012913099471 -0.011704141457307859 -0.015494410933169264 0.044078144054550961 0.067008566296335045 0.070874154113177726 0.17503241924060198 0.0603043895515488 -0.061051979784201585 -0.012273965139446306 0.084561016489493157 0.022737551002425291 0.0020772116290728626 0.21800853473148846 0.0073306304598374913
leaf_weight=228.41378936171532 61.171522788703442 139.07124769687653 23.169944062829018 11.749005176126955 277.56699404120445 64.592909432947636 133.97158144414425 47.288361772894859 224.59577535092831 649.08895837515593 121.73431234061718 42.06766252219677 259.77776026725769 508.0613716095686 207.59459701180458 85.328256830573082 27.807135045528412 50.076145805418491 144.36325196921825 64.390715584158897 12.408986002206801 3.4431704431772294 6.1075102761387807 12.190011456608771 4.0470124483108521 10.925798535346983 119.05054427683353 30.750305123627186 2.9334962964057922 10.559500388801096
leaf_count=3465 541 1058 285 90 905 609 486 207 769 8273 631 487 1007 2279 772 343 141 357 521 239 46 24 43 90 28 36 459 242 18 62
internal_value=0.00212389 0.0223293 -0.0465597 0.0331918 0.0374787 -0.00487064 0.0174717 0.0454416 0.0248792 -0.0739347 -0.00499359 -0.041668 0.00594712 0.0507348 0.0553514 0.0394401 0.0363494 0.0166185 0.0622075 0.0423129 0.00576583 -0.0116477 0.0284322 -0.00971691 0.0738291 0.0159362 0.0112951 -0.0207581 0.111474 -0.0526227
internal_weight=3584.3 2831.97 385.727 2446.24 2198.61 247.628 625.933 1572.68 321.96 752.328 157.313 103.239 427.57 1250.72 887.826 362.895 235.402 274.672 652.425 198.362 134.143 167.792 28.7212 19.6802 7.49018 172.476 161.55 42.4993 9.04101 75.1524
internal_count=24513 15212 4427 10785 9287 1498 2993 6294 1333 9301 962 1028 2268 4961 3713 1248 913 1126 2800 725 677 1261 203 142 52 827 791 332 61 671
is_linear=0
shrinkage=0.1


Tree=50
num_leaves=31
num_cat=0
split_feature=0 0 0 0 4 4 4 4 0 10 13 0 10 0 10 0 10 13 12 9 0 9 9 9 7 9 3 8 11 0
split_gain=593.323 187.472 33.4836 34.7434 29.1675 15.984 10.9937 9.73405 8.83915 13.0148 8.10635 7.96551 7.79246 6.78477 13.936 9.29511 15.6142 6.64974 9.23351 5.64458 5.44332 5.30749 5.05612 4.73724 4.60158 6.22496 7.03667 4.73797 4.43327 4.41059
threshold=28.500000000000004 49.500000000000007 31.500000000000004 45.500000000000007 9.5000000000000018 13.500000000000002 16.500000000000004 5.5000000000000009 52.500000000000007 19.500000000000004 0.34313725490196084 36.500000000000007 7.5000000000000009 42.500000000000007 19.500000000000004 35.500000000000007 18.500000000000004 0.48529411764705882 4.5000000000000009 263.01898193760263 25.500000000000004 276.33441919191927 281.73331456456464 229.30280388471181 -1.0000000180025095e-35 203.24102067183466 9.5000000000000018 0.26043478260869574 5.5000000000000009 32.500000000000007
decision_type=2 2 2 2 2 2 2 2 2 2 2 2 2 2 2 2 2 2 2 2 2 2 2 2 2 2 2 2 2 2
left_child=5 2 4 7 -2 -1 21 11 9 -3 -8 19 -6 15 -15 16 -9 18 -11 -4 -7 28 -19 24 25 -12 -27 -26 -5 -18
right_child=1 8 3 6 12 20 10 13 -10 17 23 -13 -14 14 -16 -17 29 22 -20 -21 -22 -23 -24 -25 27 26 -28 -29 -30 -31
leaf_value=-0.078496310348443954 -0.062931886757075145 -0.060457285571895641 0.072309684316809619 0.015160619649176128 -0.082218284264144001 -0.06302908323207819 0.076962913473272471 0.043853578172900143 -0.078621784153497104 0.25280915838259949 -0.007207202553684071 0.038045716918504661 0.021027622520257919 0.023686922795243051 0.066644639880374779 0.051311253832484395 -0.061109741024984399 -0.020846356952127623 -0.010750766105939089 -0.031212525317534837 -0.010182317108775655 0.079974558366543505 0.14052264635042652 -0.042178608727419228 0.00092522008184970901 0.029027205997806373 0.15073185978000181 -0.035791402032749373 0.073068269342833669 0.0055677988441821457
leaf_weight=721.39045455306768 62.351466111838818 76.565000280737877 6.001188486814498 91.474369093775749 7.6391946971416465 32.781776823103428 11.97725275158882 323.20777533203363 133.12722388654947 2.6567527055740383 30.878867000341415 50.446084097027779 169.73736434429884 388.01544485986233 93.769129142165184 950.30296562612057 11.267524369060991 18.861455053091053 2.6602650508284569 43.053032830357552 48.072720751166344 19.733071744441986 2.1645027920603743 33.642622113227844 115.13011588156223 18.777977265417579 6.359557442367076 50.58806250244379 15.454197712242602 82.98911464214325
leaf_count=9652 733 984 31 386 81 344 50 1202 1918 22 179 173 643 1294 411 3608 93 173 22 252 368 67 15 179 741 96 36 334 66 360
internal_value=0.00210586 0.0237005 0.0314966 0.0351386 -0.00409966 -0.0737707 0.00805546 0.0406136 -0.0616077 -0.0395974 -0.0034418 0.0101448 0.0165811 0.0422528 0.0320477 0.0458474 0.0334096 0.0210311 0.120942 -0.0185478 -0.0316086 0.0323236 -0.00423434 -0.00721281 -0.00190763 0.0228703 0.0598173 -0.0102831 0.0235299 -0.00240289
internal_weight=3621.08 2818.83 2582.8 2343.07 239.728 802.245 394.016 1949.05 236.035 102.908 267.354 99.5003 177.377 1849.55 481.785 1367.77 417.464 26.343 5.31702 49.0542 80.8545 126.662 21.026 255.377 221.735 56.0164 25.1375 165.718 106.929 94.2566
internal_count=24513 14149 11015 9558 1457 10364 2134 7424 3134 1216 1615 456 724 6968 1705 5263 1655 232 44 283 712 519 188 1565 1386 311 132 1075 452 453
is_linear=0
shrinkage=0.1


Tree=51
num_leaves=31
num_cat=0
split_feature=0 0 10 0 0 0 0 10 10 4 2 4 4 11 12 5 6 2 8 9 13 13 8 9 9 5 12 0 5 11
split_gain=1077.68 135.152 31.9076 19.1514 15.3458 14.2216 12.2014 9.10588 7.73516 4.47555 4.30713 4.63038 4.07964 3.94979 4.17093 3.9292 6.16699 3.85692 3.8108 4.14202 6.37677 3.11667 3.45858 2.91653 5.73639 2.90731 2.75513 2.45962 3.19608 5.41301
threshold=39.500000000000007 47.500000000000007 19.500000000000004 43.500000000000007 37.500000000000007 50.500000000000007 43.500000000000007 15.500000000000002 19.500000000000004 12.500000000000002 2.5000000000000004 18.500000000000004 20.500000000000004 2.5000000000000004 6.5000000000000009 5.5000000000000009 9.5000000000000018 3.5000000000000004 0.282329988851728 208.85678815004266 1.1339285714285716 0.4494949494949495 0.22684391080617491 248.44102472089318 260.86697368421056 1.0000000180025095e-35 11.500000000000002 45.500000000000007 3.5000000000000004 2.5000000000000004
decision_type=2 2 2 2 2 2 2 2 2 2 2 2 2 2 2 2 2 2 2 2 2 2 2 2 2 2 2 2 2 2
left_child=4 2 6 -4 -1 8 9 15 -3 -2 11 23 21 18 -15 16 17 -6 19 -12 -21 22 -8 -5 -25 -11 -19 28 29 -14
right_child=1 5 3 10 7 -7 12 -9 -10 25 13 -13 27 14 -16 -17 -18 26 -20 20 -22 -23 -24 24 -26 -27 -28 -29 -30 -31
leaf_value=-0.07883561908366557 -0.036295369954227129 0.068171986078355409 -0.06935504491088644 -0.058241380781639041 -0.060239948395416666 0.085940116418851728 0.032460596096494106 -0.07420676155142901 0.033440794813041193 0.072900698268884442 0.015430154815279089 0.056153947353832223 -0.018021242190534595 -0.036124796072620272 0.048370797786837096 -0.082300640305422515 0.14151972078105676 -0.0054352299940604795 -0.018132556004450042 0.21289185824708473 0.050275190159820696 0.03344477815953821 -0.049546604093514808 0.074617994745676416 -0.035262148055053427 0.015869747847951653 0.098773323347267877 0.058530580515020129 0.053741837265196782 0.047444294789143859
leaf_weight=1109.3519177362323 16.280284069478512 253.75185488164425 53.718881651759148 17.890809446573257 13.450972884893416 497.58265972137451 10.732021898031237 44.900400467216969 85.810403183102608 9.1616935655474645 5.3379026949405697 7.809745416045188 21.984915137290955 13.2146337851882 10.471296623349188 7.7686800807714453 2.6826162189245215 38.058291785418987 4.5639271959662429 4.4664178341627103 5.2410305663943291 282.95416474342346 9.874586492776869 6.5778052732348469 17.109159477055073 367.09778221696615 2.7183025628328314 116.95539255440235 58.336943000555038 29.683309704065323
leaf_count=14706 90 1153 634 115 124 2693 33 502 286 36 23 35 69 67 53 74 26 307 22 23 26 900 31 40 122 1597 21 432 180 93
internal_value=-0.00187061 0.0450801 0.0215243 -0.0218474 -0.0753092 0.0751729 0.0284032 -0.0396086 0.0593951 0.0150373 0.00568796 -0.014496 0.0382928 0.0287121 0.0012298 -0.0155904 -0.00648395 -0.0138056 0.0619078 0.0861876 0.125095 0.0307103 -0.00683686 -0.0277665 -0.00474873 0.0172584 0.00151166 0.0484344 0.0377004 0.0195886
internal_weight=3125.54 1906.61 1069.46 146.402 1218.93 837.145 923.061 109.579 339.562 392.54 92.6827 49.3875 530.521 43.2952 23.6859 64.6789 56.9102 54.2276 19.6093 15.0454 9.70745 303.561 20.6066 41.5778 23.687 376.259 40.7766 226.961 110.005 51.6682
internal_count=24513 8753 4621 1160 15760 4132 3461 1054 1439 1723 526 312 1738 214 120 552 478 452 94 72 49 964 64 277 162 1633 328 774 342 162
is_linear=0
shrinkage=0.1


Tree=52
num_leaves=31
num_cat=0
split_feature=0 0 10 4 0 0 4 0 0 10 4 9 13 8 10 12 0 7 8 11 12 9 1 9 7 8 9 6 13 10
split_gain=1052.38 116.436 29.3976 25.6397 17.3436 9.91717 7.64141 7.53477 5.92377 5.88091 4.18329 4.51207 4.43075 3.69505 3.44733 3.96867 3.31626 3.14557 3.1714 2.96592 3.35699 2.95639 5.51387 4.66181 5.41748 3.32241 3.69317 3.10998 4.76879 3.90911
threshold=26.500000000000004 20.500000000000004 7.5000000000000009 11.500000000000002 28.500000000000004 14.500000000000002 10.500000000000002 23.500000000000004 19.500000000000004 7.5000000000000009 7.5000000000000009 371.69427497789576 1.6515151515151518 0.11215932914046121 8.5000000000000018 10.500000000000002 23.500000000000004 -1.4999999999999998 0.045983086680761058 1.0000000180025095e-35 4.5000000000000009 384.72971014492759 1.0000000180025095e-35 323.47114845938387 -6.4999999999999991 0.30707196029776679 347.66613636363644 6.5000000000000009 0.84962406015037606 5.5000000000000009
decision_type=2 2 2 2 2 2 2 2 2 2 2 2 2 2 2 2 2 2 2 2 2 2 2 2 2 2 2 2 2 2
left_child=1 2 8 7 6 -4 -2 17 -1 -5 13 12 -12 -9 -7 19 -11 -3 -19 -16 -21 23 -23 -15 25 26 -25 29 -29 -26
right_child=4 3 5 9 -6 14 -8 10 -10 16 11 -13 -14 21 15 -17 -18 18 -20 20 -22 22 -24 24 27 -27 -28 28 -30 -31
leaf_value=0.084704391289805461 -0.019794221412822558 0.038937656819134005 0.082417728593307982 0.019237170517574502 -0.07972046354773954 0.043459797472645119 -0.077631126338892964 0.075679961593266981 0.061367879299688038 -0.023649868920535413 -0.0051557819443019629 0.073596820095561385 -0.078554684559942717 0.0030170431892823039 -0.02311349876182392 -0.052196940852092567 -0.069828956394271738 0.10027620494449629 0.022141389971689681 0.011932324345534873 0.052451926544661076 0.02245658009419382 -0.055993947086716581 -0.004722450546163469 0.047574619784075067 0.15801486350443705 0.11504413245272921 0.060248926196066033 -0.05747455321579012 -0.027117264386044272
leaf_weight=529.31319281458855 74.25155608355999 247.00598660111427 49.1712886095047 15.402303889393805 1097.8451349660754 135.69373109936714 32.994219489395618 10.783290341496466 136.90924754738808 27.597627677023411 75.618724204599857 6.4538812339305869 9.2279122769832593 73.651265025138855 11.44570769369602 7.2573582977056494 35.625700749456882 5.2915493100881568 283.87638818472624 42.9337999522686 39.037561252713203 21.705645769834518 15.256151959300039 4.8564555644988996 47.203773722052574 5.0076668858528128 5.479984924197197 5.3864315599203101 9.5271604806184751 8.2284293472766858
leaf_count=3465 654 845 285 75 14149 509 383 43 700 212 451 33 60 347 38 24 394 18 1027 143 135 90 66 20 199 22 24 22 43 37
internal_value=-0.00313636 0.0439278 0.068403 0.0184188 -0.0759709 0.0415576 -0.0375878 0.0235619 0.0799087 -0.0361725 0.0108249 -0.00700745 -0.0131386 0.0186868 0.0330576 0.0190369 -0.0496713 0.0306503 0.0235712 0.0245709 0.0312291 0.0155561 -0.00992424 0.0214667 0.0373243 0.0911615 0.0587732 0.0255812 -0.0149557 0.0364873
internal_weight=3070.04 1864.95 951.762 913.186 1205.09 285.539 107.246 834.561 666.222 78.6256 298.387 91.3005 84.8466 207.086 236.368 100.674 63.2233 536.174 289.168 93.4171 81.9714 196.303 36.9618 159.341 85.6899 15.3441 10.3364 70.3458 14.9136 55.4322
internal_count=24513 9327 5299 4028 15186 1134 1037 3347 4165 681 1457 544 511 913 849 340 606 1890 1045 316 278 870 156 714 367 66 44 301 65 236
is_linear=0
shrinkage=0.1


Tree=53
num_leaves=31
num_cat=0
split_feature=0 0 10 0 0 7 4 4 4 0 0 0 0 9 9 0 10 3 4 11 2 10 9 9 4 5 7 2 11 9
split_gain=478.666 167.693 43.8904 30.166 29.6058 25.2633 13.5449 13.1513 10.1758 13.9888 12.0464 9.46811 9.2345 8.31861 7.31946 5.20789 5.13002 5.09768 4.91507 4.29115 4.21367 4.1103 7.73 4.8626 4.39514 4.1862 4.10794 3.91252 4.8041 4.07684
threshold=38.500000000000007 19.500000000000004 7.5000000000000009 34.500000000000007 23.500000000000004 1.0000000180025095e-35 8.5000000000000018 12.500000000000002 13.500000000000002 28.500000000000004 25.500000000000004 42.500000000000007 14.500000000000002 287.21704857030949 214.1086904761905 20.500000000000004 6.5000000000000009 1.5000000000000002 7.5000000000000009 1.0000000180025095e-35 6.5000000000000009 19.500000000000004 341.66780303030311 224.90895424836603 13.500000000000002 2.5000000000000004 5.5000000000000009 2.5000000000000004 1.5000000000000002 191.80377406281667
decision_type=2 2 2 2 2 2 2 2 2 2 2 2 2 2 2 2 2 2 2 2 2 2 2 2 2 2 2 2 2 2
left_child=1 2 -1 4 6 21 15 11 10 -10 18 -2 -4 -7 -12 16 -3 -14 -6 -20 -19 22 25 24 -23 -5 -8 28 -11 -29
right_child=7 3 12 5 8 13 26 -9 9 27 14 -13 17 -15 -16 -17 -18 20 19 -21 -22 23 -24 -25 -26 -27 -28 29 -30 -31
leaf_value=-0.074072129082132745 -0.013516355989684698 -0.034437451994078265 -0.065110375814979513 -0.07464360300183899 0.023612498304361774 -0.047749974406416283 0.03002190617201695 -0.078391626833848135 0.059212034169127764 0.099492223710369587 0.017149116090885649 -0.077510043887636049 -0.053689726019080501 0.066759612541937075 0.059989231777017205 0.011862225175110612 0.020091655734790118 0.0087803204409822259 0.0040219373893410886 0.055710046719381817 0.09505528638825865 0.041568511501248212 0.10289280288081411 0.023229807221398235 0.15331363004336687 -0.0010736320560978409 0.063435668275427168 0.024010598157446449 0.026649613954933035 -0.0014819195904418856
leaf_weight=200.22842633351684 58.925839342176914 53.179224573075771 20.700827166438103 9.2002599090337736 199.30161356925964 91.443653009831905 158.19044008851051 583.86610536649823 125.83157734572887 12.772697687149046 42.788441240787506 38.048869505524635 12.646220847964285 6.8169972747564307 587.15694431960583 331.98182424902916 25.538302913308144 114.11864886432886 18.690252438187599 114.20884262025356 5.9564430564641944 9.6140046119689924 6.4174737334251395 159.73076109588146 5.552674949169158 48.538094043731689 47.945343621075153 194.63330891728401 31.098132655024529 92.570136055350304
leaf_count=3465 541 548 285 52 638 849 671 8273 557 47 168 487 93 28 2729 1454 131 564 71 432 20 36 20 574 23 373 189 737 112 346
internal_value=0.00227814 0.0210056 -0.0432347 0.0305785 0.0351677 0.00288035 0.0168771 -0.0727275 0.0431182 0.0308299 0.0489537 -0.0386248 -0.00298928 -0.0398057 0.0570794 0.00637886 -0.0167466 0.00669989 0.0335453 0.0484409 0.0130601 0.0204261 -0.00122422 0.0283678 0.0824795 -0.0127966 0.0377936 0.0200427 0.0478573 0.015794
internal_weight=3407.69 2726.85 353.651 2373.2 2035.89 337.314 616.835 680.841 1419.05 456.906 962.146 96.9747 153.422 98.2607 629.945 410.699 78.7175 132.721 332.201 132.899 120.075 239.053 64.1558 174.897 15.1667 57.7384 206.136 331.074 43.8708 287.203
internal_count=24513 15212 4427 10785 8830 1955 2993 9301 5837 1799 4038 1028 962 877 2897 2133 679 677 1141 503 584 1078 445 633 59 425 860 1242 159 1083
is_linear=0
shrinkage=0.1


Tree=54
num_leaves=31
num_cat=0
split_feature=0 0 0 0 4 4 0 10 4 4 10 13 0 11 13 0 10 0 4 13 0 4 9 9 9 13 9 10 11 4
split_gain=512.611 150.877 25.3877 25.2371 25.1719 16.7671 9.30156 12.0949 8.15541 7.82946 6.81714 6.53793 6.33119 5.63204 6.11127 5.41873 11.6103 7.52101 11.1468 5.26248 5.14867 4.88078 4.50162 4.44803 4.30754 4.29649 4.12974 4.03242 3.96267 5.80823
threshold=28.500000000000004 49.500000000000007 31.500000000000004 45.500000000000007 9.5000000000000018 13.500000000000002 52.500000000000007 19.500000000000004 16.500000000000004 5.5000000000000009 7.5000000000000009 0.34313725490196084 34.500000000000007 5.5000000000000009 0.48529411764705882 42.500000000000007 19.500000000000004 33.500000000000007 7.5000000000000009 1.1339285714285716 25.500000000000004 22.500000000000004 187.73066411238827 276.33441919191927 229.30280388471181 1.5419580419580421 269.02765476190484 20.500000000000004 4.5000000000000009 17.500000000000004
decision_type=2 2 2 2 2 2 2 2 2 2 2 2 2 2 2 2 2 2 2 2 2 2 2 2 2 2 2 2 2 2
left_child=5 2 4 9 -2 -1 7 -3 23 12 -6 -10 26 14 -9 17 -17 18 -11 -16 -7 -20 -18 25 -13 -5 -4 -26 -12 -30
right_child=1 6 3 8 10 20 -8 13 11 15 28 24 -14 -15 19 16 22 -19 21 -21 -22 -23 -24 -25 27 -27 -28 -29 29 -31
leaf_value=-0.077805145138506282 -0.060540313787935909 -0.057675927057767577 0.071466426794911928 0.016075313544930962 -0.08145609925302795 -0.060668953813059145 -0.077919899816981331 0.142464734872292 0.070449824233958819 -0.057442882929238909 0.011148797823344306 0.00035683712353703161 0.024004460487687541 -0.085127444199132318 -0.019979700024810913 0.021834563611971516 -0.021416042157190507 0.044821102275796838 0.025850741129699262 0.10393724448795827 -0.0075328758506105738 0.087541867542855423 0.068296483948818515 0.073872125203599093 -0.051561144951892138 0.093002558752215136 -0.050854460495098203 0.05841686996423448 0.086637302998987822 0.012855819125801594
leaf_weight=647.05518586933613 56.571820221841335 68.791835770010948 3.1737392023205784 98.485631622374058 6.8864402994513503 29.951927430927753 116.7209168151021 4.7899337708950105 12.129018947482107 15.623533263802527 127.07750959694386 216.16159301996231 72.690780937671661 4.0952914804220191 12.277478098869326 388.98821777105331 6.0051722824573508 1126.3585822284222 166.16793476045132 4.7541940808296195 46.616972371935844 13.897171556949614 81.537300482392311 19.349789850413799 28.615897729992867 7.8381030037999144 21.176144205033779 3.7735522687435141 19.490975625813007 23.574777379631996
leaf_count=9652 733 984 23 419 81 344 1918 38 50 139 484 1386 255 38 114 1294 23 4476 604 42 368 44 388 67 167 33 178 12 79 80
internal_value=0.00225351 0.022108 0.0289272 0.0321414 -0.00247147 -0.0725688 -0.0590263 -0.0357414 0.00884722 0.0368891 0.0160851 -0.00124063 0.00922106 0.02248 0.0426749 0.0383819 0.0292394 0.0416773 0.0235818 0.0146103 -0.0283184 0.030612 0.0621425 0.0297721 -0.00473905 0.0217463 -0.0349113 -0.0387481 0.020033 0.0462483
internal_weight=3450.63 2727 2515.57 2281.97 233.602 723.624 211.43 94.7087 386.354 1895.62 177.03 260.68 97.0407 25.9169 21.8216 1798.58 476.531 1322.05 195.689 17.0317 76.5689 180.065 87.5425 125.674 248.551 106.324 24.3499 32.3894 170.143 43.0658
internal_count=24513 14149 11015 9558 1457 10364 3134 1216 2134 7424 724 1615 456 232 194 6968 1705 5263 787 156 712 648 411 519 1565 452 201 179 643 159
is_linear=0
shrinkage=0.1


Tree=55
num_leaves=31
num_cat=0
split_feature=0 0 4 0 0 10 10 0 0 10 9 12 13 3 5 6 9 9 2 9 12 10 0 5 13 11 7 13 8 4
split_gain=924.176 117.77 27.6083 16.2368 13.4181 9.01511 8.38955 7.59096 7.20967 7.30777 6.8555 4.67748 3.79013 5.27253 3.78311 4.88558 3.73353 10.3852 4.26933 3.67997 3.37551 4.34632 3.06705 3.05091 5.69283 3.91773 3.4005 4.66136 3.78051 5.92751
threshold=39.500000000000007 48.500000000000007 12.500000000000002 37.500000000000007 45.500000000000007 15.500000000000002 19.500000000000004 43.500000000000007 51.500000000000007 19.500000000000004 184.86830357142858 10.500000000000002 0.60769230769230786 4.5000000000000009 5.5000000000000009 9.5000000000000018 224.19538824538827 208.14046121593296 3.5000000000000004 210.12683215130025 2.5000000000000004 20.500000000000004 46.500000000000007 7.5000000000000009 1.0717948717948722 3.5000000000000004 5.5000000000000009 1.7638888888888891 0.20864427860696519 24.500000000000004
decision_type=2 2 2 2 2 2 2 2 2 2 2 2 2 2 2 2 2 2 2 2 2 2 2 2 2 2 2 2 2 2
left_child=3 2 7 -1 6 14 23 -2 9 -3 -8 20 22 -14 15 16 17 18 -5 -11 21 -9 -6 26 -25 -26 27 -4 -28 -30
right_child=1 8 4 5 12 -7 10 11 -10 19 -12 -13 13 -15 -16 -17 -18 -19 -20 -21 -22 -23 -24 24 25 -27 28 -29 29 -31
leaf_value=-0.078191392922333347 -0.056006964014892607 0.073182350580579605 0.016879632945637029 -0.081908214608945207 -0.0090497131239823791 -0.072960272563169337 0.092982555129157707 0.10873236460467071 0.085474556005839933 0.079377592551360981 -0.042532963114705245 0.07461431870054204 -0.023669487035736417 0.048561893031949431 -0.081502357924398069 0.12199586567269378 -0.082670404499321892 0.15957372015225466 0.00018859236653246718 0.02069365922681167 -0.028292701979512835 -0.014067655607748589 0.036715155636991417 0.013799832792314299 0.054656954042879916 0.15076200051853964 0.011417099363839174 -0.074616634214249009 0.059621846789083027 0.0061133311446709224
leaf_weight=998.81377462297678 47.204079501330853 196.62862513959408 441.79904575645924 7.7641756832599631 23.391184598207474 40.929877929389477 4.2134278416633597 4.6565855890512449 374.25322589278221 13.744026407599447 32.741159960627556 7.0779610723257056 10.422398045659063 332.59535369277 7.0504453703761092 2.9276553392410269 6.342466101050376 3.710576429963111 34.398704193532467 48.022791281342506 35.125200025737286 7.5638797506690025 39.159370452165604 21.461943760514259 11.629903927445413 6.6769916564226142 53.480391427874565 5.639152765274047 72.22821170091629 29.020918890833855
leaf_count=14706 497 1052 1712 77 88 502 28 17 2278 59 345 38 40 1286 74 26 59 34 282 185 188 48 146 80 41 24 206 23 267 105
internal_value=-0.00202366 0.0417618 0.023177 -0.074291 0.0278475 -0.0365134 0.01925 -0.0266611 0.0766043 0.0637569 -0.027082 -0.00120819 0.0422391 0.0463672 -0.0125278 -0.00370894 -0.010757 -0.000814239 -0.0149293 0.0337517 -0.0125433 0.0327251 0.0196011 0.0219172 0.0487433 0.0897089 0.0201456 0.0157265 0.0329245 0.0442848
internal_weight=2920.67 1818.74 1186.09 1101.94 1084.46 103.124 678.891 101.628 632.649 258.395 36.9546 54.4236 405.568 343.018 62.194 55.1436 52.2159 45.8735 42.1629 61.7668 47.3457 12.2205 62.5506 641.937 39.7688 18.3069 602.168 447.438 154.73 101.249
internal_count=24513 8753 5179 15760 4391 1054 2831 788 3574 1296 373 291 1560 1326 552 478 452 393 359 244 253 65 234 2458 145 65 2313 1735 578 372
is_linear=0
shrinkage=0.1


Tree=56
num_leaves=31
num_cat=0
split_feature=0 0 10 10 0 0 10 0 4 0 12 3 12 8 12 6 10 13 9 10 9 6 2 1 9 4 9 4 4 9
split_gain=903.942 100.501 23.1495 21.9668 18.6109 14.4256 12.9966 16.372 7.73442 6.81779 4.18521 5.26651 5.82333 5.84481 5.03535 4.8937 5.26495 4.64871 8.22543 4.57039 4.34115 4.19631 4.15129 3.79409 6.22868 4.45588 3.57416 3.78917 3.54229 4.31933
threshold=26.500000000000004 19.500000000000004 7.5000000000000009 7.5000000000000009 28.500000000000004 21.500000000000004 22.500000000000004 23.500000000000004 10.500000000000002 14.500000000000002 1.5000000000000002 2.5000000000000004 4.5000000000000009 0.34514106583072107 4.5000000000000009 2.5000000000000004 1.5000000000000002 0.94987468671679209 326.04157407407416 4.5000000000000009 261.99600202429156 1.5000000000000002 6.5000000000000009 1.0000000180025095e-35 344.52549206349209 5.5000000000000009 335.5436212814646 4.5000000000000009 4.5000000000000009 354.06578947368428
decision_type=2 2 2 2 2 2 2 2 2 2 2 2 2 2 2 2 2 2 2 2 2 2 2 2 2 2 2 2 2 2
left_child=1 3 5 -1 8 -3 7 -4 -2 -5 20 12 15 17 21 -12 26 18 -14 28 -7 -13 -11 25 -25 -23 -17 -28 -18 -30
right_child=4 2 6 9 -6 10 -8 -9 -10 22 11 14 13 -15 -16 16 19 -19 -20 -21 -22 23 -24 24 -26 -27 27 -29 29 -31
leaf_value=0.082785138893033738 -0.015872342242001874 0.04878295154162849 0.0011330471388185605 0.079754197607343424 -0.079150219158735366 0.11481676494303746 0.038901580423429276 -0.063206646942852038 -0.076670777798400341 0.03862442957191612 0.12555114775404216 0.065787816630792278 0.058103266489248545 0.081235437600357507 0.020095516635474445 0.032256013650512061 -0.063378340203264397 0.022355604023949226 -0.063098247659502477 0.070529063372204201 0.03485407821936156 0.096061403097302045 -0.046379450262118024 -0.0067398077539543621 -0.071291106886158556 0.0016700466599527831 0.066029205511001041 0.15752370123671947 -0.037406055858563533 0.088918391113523745
leaf_weight=468.69772934913635 70.448730051517487 267.43382152915001 139.37879948318005 44.00385856628418 991.35917002335191 7.641330935060977 52.597214385867119 55.218135163187981 29.764148943126202 170.8949178904295 8.3127297163009626 7.8128117918968192 7.9309258908033398 12.098873361945151 195.6154877692461 14.42348602414131 8.5611463785171562 61.230153501033783 19.047094315290451 9.1229610592126829 60.895905464887619 5.8686490952968589 5.9450750052928916 63.356599286198616 19.563945382833481 33.832474030554295 13.147284135222437 6.9030161052942267 5.693066477775572 5.159964382648468
leaf_count=3465 654 1261 643 285 14149 31 233 555 383 657 30 31 30 42 795 57 30 231 70 31 229 21 20 255 76 132 48 28 20 21
internal_value=-0.0034262 0.0407035 0.021673 0.0705334 -0.0749987 0.0296422 -0.00520286 -0.0171238 -0.03393 0.0445314 0.0206018 0.0174113 0.0315898 0.0160574 0.00994782 0.0534341 0.04392 0.00711738 -0.0274678 0.0121492 0.0437693 -0.00527089 0.0357667 -0.00979838 -0.0219698 0.015623 0.0702197 0.0975294 -0.0152842 0.0226536
internal_weight=2861.96 1770.39 1080.85 689.542 1091.57 833.652 247.194 194.597 100.213 220.844 566.218 497.681 171.631 100.307 326.05 71.3237 63.0109 88.2082 26.978 28.5371 68.5372 130.434 176.84 122.622 82.9205 39.7011 34.4738 20.0503 19.4142 10.853
internal_count=24513 9327 4900 4427 15186 3469 1431 1198 1037 962 2208 1948 638 373 1310 265 235 331 100 102 260 515 677 484 331 153 133 76 71 41
is_linear=0
shrinkage=0.1


Tree=57
num_leaves=31
num_cat=0
split_feature=0 0 10 0 0 7 4 4 10 0 0 0 0 9 0 0 10 7 5 8 8 12 11 3 8 13 9 6 8 4
split_gain=417.035 132.272 41.5106 23.1387 19.8322 19.2695 13.7796 11.3009 10.7197 9.27979 9.03338 8.26378 5.82456 5.66454 5.50409 6.98564 5.70952 4.97799 4.87659 4.85373 5.11947 6.44613 5.17781 4.53791 4.46782 8.19876 10.2874 4.50996 6.92942 4.41997
threshold=38.500000000000007 19.500000000000004 7.5000000000000009 35.500000000000007 23.500000000000004 1.0000000180025095e-35 12.500000000000002 16.500000000000004 6.5000000000000009 42.500000000000007 27.500000000000004 13.500000000000002 21.500000000000004 460.52647907647912 24.500000000000004 32.500000000000007 19.500000000000004 1.5000000000000002 5.5000000000000009 0.30471628592483424 0.19378911892152142 4.5000000000000009 2.5000000000000004 2.5000000000000004 0.33072916666666669 1.4833333333333336 307.59523809523819 3.5000000000000004 0.099019607843137264 5.5000000000000009
decision_type=2 2 2 2 2 2 2 2 2 2 2 2 2 2 2 2 2 2 2 2 2 2 2 2 2 2 2 2 2 2
left_child=1 2 -1 4 8 19 9 14 12 -2 -9 -4 24 -14 -6 16 -16 -17 -10 20 -5 22 -22 -13 27 26 -26 -3 29 -29
right_child=6 3 11 5 7 -7 -8 10 18 -11 -12 23 13 -15 15 17 -18 -19 -20 -21 21 -23 -24 -25 25 -27 -28 28 -30 -31
leaf_value=-0.072952289749465465 -0.011008673119008272 -0.04443162669923742 -0.079031874021561976 -0.0030066524408054076 0.027309479986049014 -0.047315374743359347 -0.077778763043849897 0.06477143829835269 0.0354221334890416 -0.07671993905084469 0.01436469444597548 -0.030473504208786556 0.013150872341251086 0.11366613471830525 0.045604591416682605 0.035755668654175225 0.066743826889289343 -0.010034149967242785 -0.06778357894030379 -0.019637330317670287 -0.025571622140198182 0.062720766501421332 0.042751698858571503 0.014933618892456752 0.090660241547277323 0.12448429006134885 -0.066489531991290152 0.0031292880320150222 -0.013707952916925057 0.15732491049045746
leaf_weight=175.33442599698901 57.097773939371109 42.049327552318573 12.522822394967077 46.119924262166023 197.73166158795357 65.990433163940907 525.68560387939215 40.944076910614967 227.56538363546133 34.462430994957685 270.00280860066414 27.531036540865898 231.59774236381054 5.7457116097211829 559.98685622215271 199.07516232132912 165.5368877351284 26.956859156489372 4.6723516806960097 30.740050293505192 21.223438069224358 49.010812364518642 23.235426299273968 109.7393077686429 6.7369066402316156 6.5513865500688544 10.914113551378248 3.3907935544848433 66.336177602410316 4.115003913640976
leaf_count=3465 541 342 194 235 672 671 8273 207 931 487 1126 226 897 20 2502 772 874 141 20 154 106 225 107 542 45 42 88 26 551 31
internal_value=0.00243423 0.0197873 -0.0399256 0.0282056 0.03159 -0.00143894 -0.0715431 0.0379149 0.0164414 -0.0357418 0.021002 -0.00126751 0.0060402 0.0155842 0.0424907 0.0456454 0.0504278 0.0302947 0.0333458 0.0163349 0.0242566 0.0377088 0.010136 0.00582673 -0.010129 0.0289492 -0.00650981 -0.01829 -0.00340362 0.087666
internal_weight=3248.6 2631.36 325.128 2306.23 2069.91 236.32 617.246 1460.23 609.675 91.5602 310.947 149.793 377.437 237.343 1149.29 951.556 725.524 226.032 232.238 170.33 139.59 93.4697 44.4589 137.27 140.094 24.2024 17.651 115.891 73.842 7.5058
internal_count=24513 15212 4427 10785 9287 1498 9301 6294 2993 1028 1333 962 2042 917 4961 4289 3376 913 951 827 673 438 213 768 1125 175 133 950 608 57
is_linear=0
shrinkage=0.1


Tree=58
num_leaves=31
num_cat=0
split_feature=0 0 0 4 0 4 0 10 10 7 4 0 10 0 0 4 11 0 12 8 9 13 3 4 5 8 6 7 9 13
split_gain=443.034 120.887 19.7888 21.405 18.3432 17.7171 9.69018 10.9269 5.94438 5.86013 5.7081 6.99921 7.86776 5.49312 5.06817 9.11185 5.02881 5.01616 4.79014 5.27059 6.77597 4.51876 4.67684 4.26272 4.20371 4.09875 4.48007 4.46163 10.0593 7.52476
threshold=28.500000000000004 49.500000000000007 31.500000000000004 9.5000000000000018 46.500000000000007 13.500000000000002 52.500000000000007 19.500000000000004 7.5000000000000009 -1.0000000180025095e-35 5.5000000000000009 43.500000000000007 19.500000000000004 40.500000000000007 33.500000000000007 7.5000000000000009 5.5000000000000009 25.500000000000004 6.5000000000000009 0.26500600240096045 238.77703656462589 0.48529411764705882 5.5000000000000009 22.500000000000004 3.5000000000000004 0.29758481886141469 7.5000000000000009 6.5000000000000009 189.83787878787882 1.1622807017543864
decision_type=2 2 2 2 2 2 2 2 2 2 2 2 2 2 2 2 2 2 2 2 2 2 2 2 2 2 2 2 2 2
left_child=5 2 3 -2 10 -1 7 -3 -5 18 13 14 -13 -4 15 -12 21 -7 19 -6 -21 -9 -23 -17 -24 26 27 28 29 -11
right_child=1 6 4 8 9 17 -8 16 -10 25 11 12 -14 -15 -16 23 -18 -19 -20 20 -22 22 24 -25 -26 -27 -28 -29 -30 -31
leaf_value=-0.077169287588377267 -0.058160780964884896 -0.054731583225275653 0.00018622548150221577 -0.080877370685089323 -0.012051227915823744 -0.058339462961881083 -0.077276684814826316 0.12237565189429311 0.018533708984179293 0.14083307982828117 -0.054463096436593965 0.015584957913707268 0.048434321650861284 0.076368445033807256 0.03951281084271499 0.02384772461841678 -0.084281889661662737 -0.0040937540869922752 0.04671450482877517 -0.004704859102122102 0.10856544683290614 0.076081290651537126 0.084458466883349945 0.082153583849885567 -0.068766029752741431 -0.054916877219982063 -0.02660817084651252 -0.029109663593731013 -0.0025002606602078288 -0.0065046120519695874
leaf_weight=580.93472979962826 51.572669956833124 61.852233216166496 84.301490142941475 6.2342713549733153 52.915643282234669 27.487369947135448 102.0031652636826 5.2088746130466523 171.02980772405863 10.911625623703001 14.381899043917654 337.76577685028315 92.98363322019577 10.661843210458754 1256.2531972676516 165.17796202749014 3.7500419653952113 44.879259556531906 43.281406424939632 11.600260198116304 9.6952849477529508 7.28833104297519 2.3899015113711339 13.569041848182676 7.139149371534586 17.864625073969364 48.587532557547092 18.178711116313934 33.227387763559818 5.080078810453414
leaf_count=9652 733 984 409 81 256 344 1918 38 643 75 139 1319 401 48 5060 604 38 368 207 68 35 56 25 44 75 134 361 160 199 39
internal_value=0.0023872 0.0206023 0.0265437 -0.00145913 0.0294219 -0.071357 -0.0563246 -0.0319356 0.0150375 0.00397741 0.0326598 0.033868 0.022676 0.00873945 0.0371942 0.0221126 0.0227651 -0.0246982 0.020275 0.00485502 0.046864 0.0409902 0.0157826 0.0282738 -0.0303371 -0.0103285 -0.00346082 0.0132263 0.0288627 0.0940284
internal_weight=3298.21 2644.91 2455.27 228.837 2226.44 653.301 189.632 87.6285 177.264 251.343 1975.09 1880.13 430.749 94.9633 1449.38 193.129 25.7763 72.3666 117.493 74.2112 21.2955 22.0263 16.8174 178.747 9.52905 133.85 115.985 67.3978 49.2191 15.9917
internal_count=24513 14149 11015 1457 9558 10364 3134 1216 724 1534 8024 7567 1720 457 5847 787 232 712 566 359 103 194 156 648 100 968 834 473 313 114
is_linear=0
shrinkage=0.1


Tree=59
num_leaves=31
num_cat=0
split_feature=0 0 4 0 0 10 10 0 0 10 0 9 12 8 13 1 5 12 13 5 6 8 9 9 2 13 9 10 7 13
split_gain=793.768 103.67 21.9772 17.0388 9.86886 8.84742 8.59922 7.6864 6.966 6.88776 5.67973 4.25174 4.32191 4.1838 3.93592 4.84428 5.1927 4.01774 3.91206 3.61353 3.91716 3.59292 3.5498 8.05195 4.08426 3.35158 3.33468 3.14008 2.97369 4.07732
threshold=39.500000000000007 48.500000000000007 12.500000000000002 37.500000000000007 46.500000000000007 15.500000000000002 19.500000000000004 51.500000000000007 43.500000000000007 19.500000000000004 43.500000000000007 272.97416666666669 10.500000000000002 0.29128787878787882 0.88194444444444453 3.5000000000000004 3.5000000000000004 5.5000000000000009 0.78888888888888908 5.5000000000000009 9.5000000000000018 0.17349498327759191 224.19538824538827 208.14046121593296 3.5000000000000004 0.25833333333333336 210.12683215130025 15.500000000000002 5.5000000000000009 1.7638888888888891
decision_type=2 2 2 2 2 2 2 2 2 2 2 2 2 2 2 2 2 2 2 2 2 2 2 2 2 2 2 2 2 2
left_child=3 2 8 -1 6 19 25 9 27 -3 -8 12 13 18 -12 16 -16 -18 -10 20 22 -20 23 24 -5 -4 -11 -2 29 -27
right_child=1 7 4 5 -6 -7 10 -9 11 26 14 -13 -14 -15 15 -17 17 -19 21 -21 -22 -23 -24 -25 -26 28 -28 -29 -30 -31
leaf_value=-0.077602743622009349 0.015181382390589821 0.06964119699716298 -0.034362609357543171 -0.081179287607416203 0.043079282140270722 -0.071765237468926324 -0.067490775032243877 0.083319550662855985 -0.028110498826240005 0.075540278209207168 -0.029024955012734912 -0.040409011576309828 0.10395098254896509 -0.065863191317479558 0.17135864590462507 -0.066831274038655089 -0.016999375861130036 0.11068390668083881 -0.019951377126479462 -0.080815414019289558 0.10684825448435338 0.086167305851175213 -0.081861127464546518 0.13474359119546017 0.002459239435900562 0.021217172892406693 0.018230980302308037 -0.063828593436256451 0.03515743118600604 -0.059523160141955737
leaf_weight=899.87250548601151 5.7925241440534583 179.51229980587959 10.041959181427954 7.0664485096931449 249.1811508089304 37.436386585235596 16.458896867930889 332.39618770778179 8.9131450876593643 12.932667940855024 18.313390873372555 17.312022641301155 5.228746458888053 6.4681332260370246 3.3924847096204784 3.570967622101306 6.7944323197007161 3.8670342713594437 4.5101696625351897 6.4081063270568839 3.1487877517938605 10.904441140592096 5.7799221649765959 4.1132644414901725 33.598443686962128 575.08336452394724 47.242860376834869 38.216527536511421 176.54550333321095 6.3232870101928702
leaf_count=14706 38 1052 37 77 1015 502 227 2278 52 59 126 111 26 29 21 19 44 24 19 74 26 54 59 34 282 2182 185 459 670 26
internal_value=-0.00218376 0.0386054 0.0215097 -0.0732994 0.0256499 -0.0336028 0.020356 0.0734766 -0.0239799 0.0598265 -0.0188402 0.000319273 0.0198917 0.0056195 0.00344065 0.0371744 0.0636013 0.0293128 0.0246249 -0.0098373 -0.00136845 0.055118 -0.00810825 0.0014117 -0.0120749 0.0230302 0.0305477 -0.0534292 0.0237906 0.0203391
internal_weight=2736.43 1739 1166.92 997.424 1069.57 97.5514 820.391 572.084 97.3457 239.688 52.3972 53.3367 36.0246 30.7959 35.9383 17.6249 14.054 10.6615 24.3278 60.115 53.7069 15.4146 50.5581 44.7782 40.6649 767.994 60.1755 44.0091 757.952 581.407
internal_count=24513 8753 5179 15760 4391 1054 3376 3574 788 1296 461 291 180 154 234 108 89 68 125 552 478 73 452 393 359 2915 244 497 2878 2208
is_linear=0
shrinkage=0.1


Tree=60
num_leaves=31
num_cat=0
split_feature=0 0 10 0 4 0 4 0 0 2 10 6 7 1 3 12 11 6 12 7 9 12 12 6 7 8 4 5 8 1
split_gain=779.493 87.5195 23.011 19.7203 18.2041 10.7884 7.77077 6.54234 6.1984 5.54329 4.32238 4.07419 3.88088 3.82579 3.73423 3.79671 6.12607 5.91946 5.43064 4.59362 7.44519 3.51022 3.91552 5.08401 4.68985 4.93755 4.6112 4.31796 3.84077 3.60374
threshold=26.500000000000004 19.500000000000004 7.5000000000000009 28.500000000000004 11.500000000000002 21.500000000000004 10.500000000000002 14.500000000000002 24.500000000000004 5.5000000000000009 6.5000000000000009 5.5000000000000009 3.5000000000000004 3.5000000000000004 2.5000000000000004 5.5000000000000009 1.0000000180025095e-35 4.5000000000000009 6.5000000000000009 -1.0000000180025095e-35 448.9585294117648 1.5000000000000002 5.5000000000000009 1.5000000000000002 -1.4999999999999998 0.088562091503267909 6.5000000000000009 1.0000000180025095e-35 0.26847469967236987 1.5000000000000002
decision_type=2 2 2 2 2 2 2 2 2 2 2 2 2 2 2 2 2 2 2 2 2 2 2 2 2 2 2 2 2 2
left_child=1 2 -1 6 5 10 -2 -4 12 14 -3 -12 -6 -9 15 19 -17 -18 -19 20 -7 -16 23 28 26 -26 -25 -24 -23 -28
right_child=3 4 7 -5 8 9 -8 13 -10 -11 11 -13 -14 -15 21 16 17 18 -20 -21 -22 22 27 24 25 -27 29 -29 -30 -31
leaf_value=0.081106309336815036 -0.012409069019204544 0.046722656547436479 0.077351138794180388 -0.078644202953147432 0.026518875099115682 0.039460669433254623 -0.0758360645608116 0.036519526316687055 -0.067650073396510552 -0.068567255973458696 0.012501107972010731 0.066454211776240613 -0.025253164560199881 -0.018811991166524815 0.036349374100504171 -0.041948410658324851 0.06427815674570786 -0.070855605046606249 0.018973555721741326 0.097119117712708258 -0.05498964698376646 0.11066256531262075 -0.025971146128050494 0.040340380995087577 0.059368460481205657 -0.024737812300454687 0.006689857529213819 0.024714666173679574 -0.0079410086753143646 -0.072227757891666231
leaf_weight=413.73326109349728 67.351150698959827 224.57241077721119 39.359402492642403 896.23312232270837 22.07191589474678 116.82530729472637 27.08328952640295 158.71746706962585 23.312782280147076 7.5381142124533644 82.406646221876144 16.859604209661484 42.089441485702991 13.564060673117636 51.577245801687241 17.046164743602276 24.945056818425655 7.9993158727884284 42.413822442293167 12.142806380987166 8.9878991395235044 6.8046903759241086 18.853678457438946 34.395191103219986 7.5051324367523184 99.755308292806149 23.456414692103866 154.87554075568914 4.5601156949996948 7.6812081113457671
leaf_count=3465 654 1121 285 14149 122 452 383 631 299 56 315 62 314 46 208 63 97 32 168 45 31 29 80 131 29 430 98 660 21 37
internal_value=-0.00367929 0.0377258 0.0673868 -0.0740644 0.0202046 0.02414 -0.0305996 0.0405669 -0.023489 0.0166856 0.0390416 0.0216646 -0.00744325 0.0321632 0.01769 0.0278753 0.0121889 0.0244349 0.00471989 0.0383822 0.0327133 0.0119599 0.00844494 -0.00171434 -0.00597547 -0.0188528 0.0151014 0.0192141 0.063073 -0.012778
internal_weight=2674.72 1684.05 625.374 990.668 1058.68 971.202 94.4344 211.641 87.4741 647.363 323.839 99.2663 64.1614 172.282 639.825 230.36 92.4044 75.3582 50.4131 137.956 125.813 409.465 357.887 184.158 172.793 107.26 65.5328 173.729 11.3648 31.1376
internal_count=24513 9327 4427 15186 4900 4165 1037 962 735 2667 1498 377 436 677 2611 888 360 297 200 528 483 1723 1515 775 725 459 266 740 50 135
is_linear=0
shrinkage=0.1


Tree=61
num_leaves=31
num_cat=0
split_feature=0 0 10 0 7 0 4 3 0 0 4 0 0 0 10 10 11 9 9 8 8 11 12 3 12 1 9 2 12 4
split_gain=363.433 102.926 39.266 17.5065 16.7892 15.0948 14.3264 9.41005 14.7303 9.05079 8.3922 7.41599 6.77582 8.27175 5.12783 7.47782 7.45181 4.71376 4.47873 4.14358 4.27375 5.47046 4.17386 4.6113 4.05199 3.96257 3.78108 3.77773 3.70087 4.37365
threshold=38.500000000000007 19.500000000000004 7.5000000000000009 35.500000000000007 1.0000000180025095e-35 23.500000000000004 12.500000000000002 8.5000000000000018 28.500000000000004 42.500000000000007 8.5000000000000018 13.500000000000002 25.500000000000004 32.500000000000007 17.500000000000004 11.500000000000002 4.5000000000000009 220.66197916666667 232.14383680555557 0.30471628592483424 0.19378911892152142 2.5000000000000004 4.5000000000000009 4.5000000000000009 6.5000000000000009 3.5000000000000004 212.73000140291811 1.0000000180025095e-35 8.5000000000000018 7.5000000000000009
decision_type=2 2 2 2 2 2 2 2 2 2 2 2 2 2 2 2 2 2 2 2 2 2 2 2 2 2 2 2 2 2
left_child=1 2 -1 5 19 10 9 12 -9 -2 -3 -4 17 14 15 -14 -17 -7 -6 20 26 22 -22 -24 -15 -13 -5 -28 -26 -30
right_child=6 3 11 4 18 7 -8 8 -10 -11 -12 25 13 24 -16 16 -18 -19 -20 -21 21 -23 23 -25 28 -27 27 -29 29 -31
leaf_value=-0.071805299949665211 -0.0087881923961854406 0.0073547189973881795 -0.078484040848215531 -0.071321067909281929 -0.056119310491408163 0.071897971072676675 -0.077211981874932917 0.052645229795558947 0.0060150699080920439 -0.07598993692117352 0.032398699990523673 0.0015195770978100381 0.050460681385123635 0.038183839154744458 0.067513423456727048 0.031584576843213717 -0.056047574094578681 0.023483297508334645 0.017779919071856224 -0.017416132991805101 -0.02315769555720712 0.057039037183340295 0.070667321936539462 -0.032502982336170029 -0.020111757687199597 0.060454937169475691 -0.05382483711306283 0.025351738635306261 0.065071426435951166 0.0055129391010396702
leaf_weight=153.42706698551774 55.536196902394295 402.86342935264111 10.972874417901037 6.6601064577698699 52.430335149168968 21.574539557099342 473.60323276743293 95.866637498140335 230.94361817091703 31.357040990144014 200.34525246918201 122.89795513451099 347.52293692529202 147.5409936234355 138.3319043815136 38.969482332468033 12.92107456922531 296.25795145332813 9.721859857439993 30.198595099151134 20.808495715260506 52.577194288372993 14.660190641880037 6.1495024338364592 26.695930734276772 12.575805701315401 7.4508647769689551 31.514101907610893 18.401237264275551 37.369209676980972
leaf_count=3465 541 2133 194 64 609 106 8273 491 972 487 860 722 1734 621 818 139 46 1032 62 154 106 241 55 36 105 46 29 142 73 157
internal_value=0.00253895 0.018578 -0.0364522 0.0259195 -8.33797e-05 0.0289147 -0.0703639 0.0345701 0.0196936 -0.0330392 0.0156726 0.000586063 0.0390486 0.0441318 0.0509203 0.0451734 0.00976362 0.0267697 -0.04456 0.0161755 0.0234307 0.0355983 0.00851172 0.0401793 0.0282608 0.00699045 -0.00169008 0.0102116 0.0105074 0.025164
internal_weight=3108.15 2547.65 299.874 2247.78 232.171 2015.6 560.496 1412.4 326.81 86.8932 603.209 146.447 1085.59 767.753 537.745 399.413 51.8906 317.832 62.1522 170.019 139.82 94.1954 41.6182 20.8097 230.007 135.474 45.6251 38.965 82.4664 55.7704
internal_count=24513 15212 4427 10785 1498 9287 9301 6294 1463 1028 2993 962 4831 3693 2737 1919 185 1138 671 827 673 438 197 91 956 768 235 171 335 230
is_linear=0
shrinkage=0.1


Tree=62
num_leaves=31
num_cat=0
split_feature=0 0 4 0 4 0 0 10 4 4 0 11 8 1 10 0 13 11 8 12 8 11 10 11 1 3 8 8 12 8
split_gain=383.773 96.484 18.3286 14.9622 18.3586 13.1206 10.005 9.75149 7.79707 6.25045 8.97719 5.45685 8.96082 6.04662 5.24965 4.92145 4.7697 4.73707 4.62606 4.55581 4.49685 4.49409 4.37887 4.30075 4.18833 5.63727 5.28765 5.93954 6.70896 4.06155
threshold=28.500000000000004 49.500000000000007 13.500000000000002 31.500000000000004 9.5000000000000018 44.500000000000007 52.500000000000007 19.500000000000004 18.500000000000004 7.5000000000000009 33.500000000000007 1.5000000000000002 0.17349498327759191 2.5000000000000004 7.5000000000000009 23.500000000000004 1.1791443850267382 5.5000000000000009 0.34654631083202514 1.5000000000000002 0.31198770491803285 5.5000000000000009 22.500000000000004 4.5000000000000009 3.5000000000000004 6.5000000000000009 0.29128787878787882 0.19657494145199064 2.5000000000000004 0.23706512042818909
decision_type=2 2 2 2 2 2 2 2 2 2 2 2 2 2 2 2 2 2 2 2 2 2 2 2 2 2 2 2 2 2
left_child=2 3 -1 4 -2 9 7 -3 17 10 -5 12 13 -10 -6 -4 -12 -7 20 -14 -13 -9 23 29 25 -21 27 -27 -29 -18
right_child=1 6 15 5 14 8 -8 21 11 -11 16 18 19 -15 -16 -17 22 -19 -20 24 -22 -23 -24 -25 -26 26 -28 28 -30 -31
leaf_value=-0.076573613458287615 -0.055716466510991082 -0.051640923372661289 -0.080007799966050508 -0.039673556313150553 -0.080278954669171551 0.020086976034022333 -0.076686882260708578 0.03939335444907284 0.034490873617293159 0.033528959432916151 0.01036523557768796 -0.0073036481668969262 0.086075459176983546 0.1817048755353744 0.01765148807540878 -0.0095816936007441719 0.010508353992290703 0.060596926679735201 0.080560358532041285 -0.10679118793825676 -0.072084578543083949 -0.083529848982062366 -0.0025167890435383502 0.10506567732066803 -0.041825801881681564 -0.041909735802020932 -0.052545080167708251 0.17774788211024484 0.042794430438469255 0.075442590013624827
leaf_weight=521.88637591525912 47.121330548077822 55.733856163918972 12.005640819668768 26.231560416519642 5.6545597538352004 221.01497768610716 89.022366520017385 22.175276350229982 5.7522425726056081 1454.1939164996147 114.13926589488983 165.80393943190575 6.8722699210047713 5.4180184677243233 171.30594509840012 57.189256325364113 20.924655631184578 33.202469117939472 5.6330565586686125 3.381013259291648 11.455908440053461 3.4349357560276976 15.758997723460196 13.998041912913321 17.002252124249935 6.3114384859800365 6.7444101199507704 4.4666154757142094 21.016707487404346 17.849645555019379
leaf_count=9652 733 984 155 275 81 967 1918 194 32 5868 460 1012 41 35 643 557 84 150 34 18 68 38 57 57 108 33 40 23 123 73
internal_value=0.00249709 0.0191975 -0.0701617 0.0243569 -0.000247996 0.0268894 -0.053522 -0.0281706 0.0129265 0.0312054 0.0150307 0.00074535 0.0230839 0.105895 0.0145222 -0.021801 0.0228862 0.0253778 -0.00865516 0.00902461 -0.0114903 0.0229064 0.04374 0.0575533 3.79809e-05 0.0170174 0.027879 0.0449388 0.0664485 0.0404007
internal_weight=3162.7 2571.62 591.081 2401.25 224.082 2177.17 170.366 81.3441 514.075 1663.1 208.902 259.858 76.965 11.1703 176.961 69.1949 182.671 254.217 182.893 65.7947 177.26 25.6102 68.5313 52.7723 58.9224 41.9202 38.5392 31.7948 25.4833 38.7743
internal_count=24513 14149 10364 11015 1457 9558 3134 1216 2684 6874 1006 1567 453 67 724 712 731 1117 1114 386 1080 232 271 214 345 237 219 179 146 157
is_linear=0
shrinkage=0.1


Tree=63
num_leaves=31
num_cat=0
split_feature=0 0 0 4 10 0 0 4 10 0 0 9 12 12 5 13 1 5 12 0 2 13 12 9 13 13 8 4 10 13
split_gain=684.16 90.6982 17.7399 17.6629 8.63696 8.18704 7.13171 6.91866 6.65877 6.2952 5.42278 3.6758 3.5914 3.61581 3.43142 3.39635 4.14459 3.81482 3.30962 4.49834 3.26113 3.07289 4.23148 6.56044 3.88954 3.86467 3.4627 3.24327 2.99879 2.88757
threshold=39.500000000000007 48.500000000000007 37.500000000000007 12.500000000000002 15.500000000000002 52.500000000000007 46.500000000000007 18.500000000000004 19.500000000000004 43.500000000000007 43.500000000000007 272.97416666666669 10.500000000000002 2.5000000000000004 5.5000000000000009 0.88194444444444453 3.5000000000000004 3.5000000000000004 1.5000000000000002 38.500000000000007 3.5000000000000004 0.78888888888888908 8.5000000000000018 157.91116709732992 1.2679425837320577 1.1622807017543864 0.26209992193598758 22.500000000000004 15.500000000000002 0.25833333333333336
decision_type=2 2 2 2 2 2 2 2 2 2 2 2 2 2 2 2 2 2 2 2 2 2 2 2 2 2 2 2 2 2
left_child=2 3 -1 9 14 7 8 -3 29 28 -10 12 13 -11 18 -12 17 -17 19 -4 -19 27 24 -24 -23 -25 -26 -20 -2 -5
right_child=1 5 4 6 -6 -7 -8 -9 10 11 15 -13 -14 -15 -16 16 -18 20 21 -21 -22 22 23 25 26 -27 -28 -29 -30 -31
leaf_value=-0.077061175472345297 0.016108526020734353 0.036899303900813439 -0.0374438946649557 -0.031983285627988405 -0.070628173168928887 0.083682748346507976 0.038871720637448134 0.070352084361738662 -0.066008447551900301 0.06610988756639645 -0.025605411344954077 -0.037494032094392282 0.094828529093589353 -0.013658782742490987 -0.080219283957112211 0.1476175902000286 -0.063388141457696209 -0.039107833863239704 -0.082041211314621276 0.14265711526129865 0.074295036412083834 -0.042922489971049298 0.18340366334970393 0.076493352486580665 0.10023004696661741 -0.058744399778222149 -0.045310698132864972 0.055009947476443145 -0.061779182443250973 0.022306160672859676
leaf_weight=811.8229560367763 5.7466962635517111 95.847621768712997 2.2863604426383963 9.9259976148605329 34.406511791050434 246.51565918326378 240.74984031915665 174.16466157138348 15.133027128875254 7.5555862486362484 17.534611612558365 16.622310966253281 5.3670953661203376 22.922266200184822 5.8325913473963729 3.6880932152271297 3.3620994910597792 4.1876780167222005 8.7000729590654355 3.5248713344335556 6.4287178069353104 17.41263904795051 2.9886500388383856 4.366837836802004 4.3463998958468428 4.0942645072937012 2.6202291920781136 2.1542621180415145 35.354071050882339 754.92797139286995
leaf_count=14706 38 533 25 37 502 1918 1015 1123 227 38 126 111 26 116 74 21 19 30 90 28 38 158 24 38 37 37 23 18 459 2878
internal_value=-0.00231383 0.0356997 -0.0723281 0.0200593 -0.0308928 0.0705067 0.0237492 0.0584772 0.0192831 -0.0215827 -0.0159479 0.00137467 0.0193992 0.0061162 -0.00745343 0.00557311 0.0365187 0.0600006 0.000631475 0.0717985 0.0295628 -0.00822753 0.00589382 0.0560404 -0.0176576 0.0110528 0.0454905 -0.0548406 -0.0508889 0.0216016
internal_weight=2570.59 1666.03 904.557 1149.51 92.7337 516.528 1055.94 270.012 815.188 93.568 50.3342 52.4673 35.8449 30.4779 58.3272 35.2012 17.6666 14.3045 52.4946 5.81123 10.6164 46.6834 35.829 11.4498 24.3793 8.4611 6.96663 10.8543 41.1008 764.854
internal_count=24513 8753 15760 5179 1054 3574 4391 1656 3376 788 461 291 180 154 552 234 108 89 478 53 68 425 317 99 218 75 60 108 497 2915
is_linear=0
shrinkage=0.1


Tree=64
num_leaves=31
num_cat=0
split_feature=0 0 10 0 10 10 0 0 4 0 3 8 13 9 12 4 11 7 12 9 3 12 8 13 9 7 12 0 0 10
split_gain=672.87 76.2004 23.8289 20.9825 14.7266 10.1418 13.6464 8.97017 7.79115 6.21819 3.51845 3.27495 5.29614 4.6773 3.49783 3.2538 3.8451 3.23382 3.02625 3.89678 3.76303 4.71148 5.03457 4.03106 7.02475 3.99147 3.95972 3.74034 3.67756 3.86918
threshold=26.500000000000004 19.500000000000004 7.5000000000000009 28.500000000000004 7.5000000000000009 22.500000000000004 23.500000000000004 21.500000000000004 10.500000000000002 14.500000000000002 1.5000000000000002 0.33072916666666669 1.297058823529412 307.59523809523819 4.5000000000000009 3.5000000000000004 3.5000000000000004 -1.4999999999999998 1.5000000000000002 261.99600202429156 2.5000000000000004 4.5000000000000009 0.34514106583072107 0.94987468671679209 326.04157407407416 -1.4999999999999998 4.5000000000000009 23.500000000000004 25.500000000000004 1.5000000000000002
decision_type=2 2 2 2 2 2 2 2 2 2 2 2 2 2 2 2 2 2 2 2 2 2 2 2 2 2 2 2 2 2
left_child=1 2 -1 8 7 6 -6 11 15 -4 -11 -3 13 14 -13 16 -2 -14 19 -9 21 25 23 24 -23 28 -22 -27 29 -20
right_child=3 4 9 -5 5 -7 -8 18 -10 10 -12 12 17 -15 -16 -17 -18 -19 20 -21 26 22 -24 -25 -26 27 -28 -29 -30 -31
leaf_value=0.079613676500742372 -0.003770081741832491 0.046589162843411816 0.075110041527054791 -0.078193075149309454 0.002108927092357269 0.036197639726870671 -0.059560631941939238 0.10560960399619657 -0.07497039925928764 0.070291823022163899 0.02381814758669536 -0.066921486311881717 0.02327574675112069 0.073733935173810633 0.044051713695643209 -0.016165992766284169 0.15507738042504179 -0.076384028220066166 0.052155758613031872 0.029562999049414063 -0.0044533514422297159 0.051893057559386904 0.074512914893718293 0.019392753737103474 -0.060595494574504062 0.046466296102560811 0.018202892275285775 0.14982560695336963 0.1090291376222738 -0.0030537508785105178
leaf_weight=364.3092203438282 3.8487101048231116 200.78674887120724 35.173131436109543 811.48480243235826 137.44434272497892 51.386258617043495 48.55888045579195 7.5862003043293944 24.505746480077505 18.278663069009781 149.77943141758442 5.4586402028799075 5.4964509308338165 16.919624909758568 5.9213184416294098 57.920324444770813 2.5227177813649178 7.987493693828581 27.523374021053314 60.282954648137093 128.22003760188818 7.8871988579630878 11.887093320488928 60.596125639975071 18.746928587555885 7.4696979820728284 193.64562667906284 6.5899979621171951 6.0692953467369071 23.559348538517952
leaf_count=3465 39 1058 285 14149 643 233 555 31 383 93 584 24 26 90 28 592 23 35 97 229 515 30 42 231 70 24 795 26 36 82
internal_value=-0.00392644 0.0348368 0.0643094 -0.073143 0.0187537 -0.00312683 -0.0139908 0.0252251 -0.0269922 0.0368751 0.0288728 0.0412886 0.0158175 0.0403926 -0.00917895 -0.00870459 0.0591243 -0.0357598 0.0182678 0.0380632 0.0155382 0.0275579 0.0134606 0.00514084 -0.0272841 0.0471794 0.00917744 0.0949124 0.0354369 0.0266931
internal_weight=2507.85 1607.56 567.54 900.282 1040.02 237.389 186.003 802.634 88.7975 203.231 168.058 242.57 41.7835 28.2996 11.38 64.2918 6.37143 13.4839 560.064 67.8692 492.195 170.329 99.1173 87.2303 26.6341 71.2117 321.866 14.0597 57.152 51.0827
internal_count=24513 9327 4427 15186 4900 1431 1198 3469 1037 962 677 1261 203 142 52 654 62 61 2208 260 1948 638 373 331 100 265 1310 50 215 179
is_linear=0
shrinkage=0.1


Tree=65
num_leaves=31
num_cat=0
split_feature=0 0 10 0 3 0 0 10 9 4 0 10 10 0 10 9 11 8 10 4 9 11 12 13 4 11 10 11 3 6
split_gain=318.527 77.3338 36.7585 21.0801 20.5751 10.4471 7.75872 7.93923 8.02488 7.04597 6.62258 6.57257 6.03508 9.00424 5.96593 5.16717 4.13908 4.04857 4.42498 4.27623 3.87877 8.0484 5.54048 7.23375 9.60357 3.92113 3.8272 5.86255 3.69649 3.61275
threshold=39.500000000000007 19.500000000000004 7.5000000000000009 36.500000000000007 6.5000000000000009 22.500000000000004 32.500000000000007 19.500000000000004 323.47114845938387 7.5000000000000009 13.500000000000002 6.5000000000000009 17.500000000000004 27.500000000000004 20.500000000000004 176.01026455026457 1.0000000180025095e-35 0.15047169811320757 11.500000000000002 21.500000000000004 160.89314814814819 5.5000000000000009 3.5000000000000004 1.0717948717948722 17.500000000000004 5.5000000000000009 11.500000000000002 4.5000000000000009 1.5000000000000002 3.5000000000000004
decision_type=2 2 2 2 2 2 2 2 2 2 2 2 2 2 2 2 2 2 2 2 2 2 2 2 2 2 2 2 2 2
left_child=1 2 -1 5 -5 11 12 8 15 16 -4 29 26 -14 -13 17 -2 18 -8 20 21 22 -19 24 -24 -22 -7 -28 -12 -3
right_child=9 3 10 4 -6 6 7 -9 -10 -11 28 14 13 -15 -16 -17 -18 19 -20 -21 25 -23 23 -25 -26 -27 27 -29 -30 -31
leaf_value=-0.07060928557814844 0.10141912017319504 -0.017231300828879231 -0.078013754510417546 0.015683241516734902 -0.055263678181730364 0.032096654462867177 0.18252321331950533 0.03238478485825548 0.056790282003042238 -0.075370667886678122 -0.043579435990641013 0.031024091664435108 0.023395283302817149 0.069970461970132333 -0.048014497577675209 -0.016902666033975895 -0.032157265384868253 0.13044244032086752 0.025151834868285813 -0.026168133705984156 -0.036788930224409655 -0.086201083311993415 -0.028042655257062413 -0.033266801602845189 0.19637199453133244 0.082612442039263045 0.024923587300662908 -0.038576219865200392 0.013297871839555704 0.0092118469844024668
leaf_weight=134.20803020521998 2.7099325805902508 76.536032468080521 9.606516592204569 111.97924834862351 64.376322910189629 1005.4346171915531 2.9337063729763022 183.3677242398262 25.339494183659554 451.78845975548029 12.614443719387053 161.46538766473532 70.906496480107307 100.11708688735962 10.150270238518713 111.18928018957376 16.112271070480347 9.3682175874710136 4.570065513253212 22.700557321310043 13.075755916535856 3.8246330469846717 3.2941006049513808 8.0251367986202222 4.5282556265592575 3.4830057322978965 58.097128510475159 19.392300978302956 121.32850725948811 159.00619172304869
leaf_count=3465 28 530 194 659 906 4299 19 664 100 8539 119 666 316 663 50 630 186 54 39 165 87 29 22 44 30 23 210 72 649 1056
internal_value=0.00262543 0.0167758 -0.0329859 0.0229651 -0.010215 0.02581 0.0293507 0.0171424 0.00397926 -0.0728732 0.00218907 0.0114646 0.0332032 0.0506604 0.0263493 -0.0031772 -0.0129256 0.0169555 0.0866784 0.00929533 0.0269501 0.0489733 0.0694761 0.033436 0.101868 -0.0116738 0.0304463 0.00903229 0.0079413 0.000619529
internal_weight=2981.53 2510.92 277.757 2233.16 176.356 2056.81 1649.65 395.7 212.332 470.611 143.549 407.158 1253.95 171.024 171.616 186.993 18.8222 75.8034 7.50377 68.2997 45.5991 29.0403 25.2157 15.8475 7.82236 16.5588 1082.92 77.4894 133.943 235.542
internal_count=24513 15760 4427 11333 1565 9768 7466 1906 1242 8753 962 2302 5560 979 716 1142 214 512 58 454 289 179 150 96 52 110 4581 282 768 1586
is_linear=0
shrinkage=0.1


Tree=66
num_leaves=31
num_cat=0
split_feature=0 0 10 0 0 3 10 0 0 4 0 12 2 13 7 13 8 8 4 4 12 8 10 7 8 9 4 0 0 10
split_gain=332.739 75.172 18.3074 11.958 11.8993 10.8062 9.57253 11.7421 6.33251 5.77223 7.23905 6.56617 9.0652 5.49713 4.89373 4.75605 4.46905 6.0387 4.45033 5.75288 4.5377 6.88911 4.21624 5.22841 4.10906 5.33061 4.08352 4.01504 8.74535 11.2804
threshold=27.500000000000004 50.500000000000007 7.5000000000000009 46.500000000000007 31.500000000000004 9.5000000000000018 22.500000000000004 32.500000000000007 23.500000000000004 18.500000000000004 52.500000000000007 9.5000000000000018 3.5000000000000004 0.48529411764705882 -1.0000000180025095e-35 1.7638888888888891 0.16405676535356004 0.14670014347202293 7.5000000000000009 11.500000000000002 6.5000000000000009 0.16302800189843378 20.500000000000004 1.5000000000000002 0.26500600240096045 238.77703656462589 5.5000000000000009 33.500000000000007 41.500000000000007 19.500000000000004
decision_type=2 2 2 2 2 2 2 2 2 2 2 2 2 2 2 2 2 2 2 2 2 2 2 2 2 2 2 2 2 2
left_child=5 2 4 6 -2 -1 15 -8 -7 10 11 13 -13 -3 18 27 17 -10 -5 -20 24 -22 23 -16 -21 -26 -6 -4 -29 -30
right_child=1 9 3 14 26 8 7 -9 16 -11 -12 12 -14 -15 22 -17 -18 -19 19 20 21 -23 -24 -25 25 -27 -28 28 29 -31
leaf_value=-0.076095163138438837 -0.065504060040713685 0.14015319729288209 0.016573957021526153 -0.078237567157624643 -0.068230214015446058 -0.079176093391206862 -0.069620889020936647 0.012983415510314122 -0.026286165450989319 -0.072257937772774977 -0.077433387467033613 0.0027325721064636612 0.40459164311693235 -0.034644054016324997 -0.043815432828995818 0.052315226551885134 -0.0067219005797519039 0.21425479986225421 0.074682785185315431 -0.017279132726991744 0.16114184191052458 0.025033883177564328 0.11076150937283041 -0.00033391910398882581 -0.0044721311730325352 0.10514234134185885 0.016094635759403217 0.035649571741297306 0.01500315858148165 0.048680265475692354
leaf_weight=465.85931233689189 37.861349523067474 2.2450829520821598 365.64816419780254 4.7398479431867591 6.4678020626306525 10.260770298540594 21.668623279780149 83.601358465850353 1.8623213991522813 93.041160583496094 11.19976621121168 1.2259142659604543 1.0354987122118471 9.0579011365771276 37.79374935105443 71.160720314830542 16.363142725080252 2.3742319233715534 16.984165515750647 52.845039643347263 4.1269349642097941 37.597256552428007 2.8544101715087882 103.07678327336907 11.694891389459373 7.1482018716633311 51.232328444719315 776.89161036908627 616.72547184675932 118.5859666466713
leaf_count=9429 666 25 1555 16 49 157 368 369 25 2189 276 22 20 161 293 365 217 29 62 328 29 213 10 913 80 31 252 3539 2201 624
internal_value=0.00256996 0.0171738 0.0209578 0.0227149 -0.021942 -0.0722989 0.0253526 -0.00401974 -0.0149921 -0.060838 -0.0179323 0.0311962 0.186743 7.5479e-05 0.00328396 0.026939 0.0169782 0.108517 0.0169457 0.0204056 0.0122772 0.0384963 -0.00956139 -0.0119994 -0.0029829 0.0371106 0.00664238 0.0259774 0.0282512 0.0204344
internal_weight=3043.23 2546.51 2428.7 2333.14 95.5615 496.72 2054.28 105.27 30.8605 117.805 24.7642 13.5644 2.26141 11.303 278.861 1949.01 20.5997 4.23655 135.136 130.396 113.412 41.7242 143.725 140.871 71.6881 18.8431 57.7001 1877.85 1512.2 735.311
internal_count=24513 14656 11963 10996 967 9857 9021 737 428 2693 504 228 42 186 1975 8284 271 54 759 743 681 242 1216 1206 439 111 301 7919 6364 2825
is_linear=0
shrinkage=0.1


Tree=67
num_leaves=31
num_cat=0
split_feature=0 0 4 0 10 0 0 0 2 8 12 0 10 9 7 4 12 7 4 8 8 9 9 0 12 6 7 8 3 9
split_gain=592.931 85.8767 18.3596 10.6321 7.22942 6.18316 6.09307 5.29733 4.52996 5.57973 6.80104 4.40875 6.34229 4.32651 4.09532 3.44193 6.47292 3.17971 3.11902 4.65143 7.78137 6.82383 4.38359 3.23966 5.68063 3.52837 3.94691 4.42339 3.78167 4.06751
threshold=38.500000000000007 49.500000000000007 11.500000000000002 45.500000000000007 19.500000000000004 43.500000000000007 44.500000000000007 35.500000000000007 7.5000000000000009 0.23660287081339706 8.5000000000000018 52.500000000000007 19.500000000000004 187.73066411238827 6.5000000000000009 14.500000000000002 4.5000000000000009 -9.4999999999999982 22.500000000000004 0.28867521367521365 0.27100988700564976 140.8333703703704 176.7741666666667 39.500000000000007 1.5000000000000002 2.5000000000000004 5.5000000000000009 0.22016949152542373 12.500000000000002 162.93484848484852
decision_type=2 2 2 2 2 2 2 2 2 2 2 2 2 2 2 2 2 2 2 2 2 2 2 2 2 2 2 2 2 2
left_child=7 2 6 4 18 -6 -2 -1 -9 -10 -11 12 -3 -7 -5 16 -15 -14 23 20 -20 -21 -23 24 -4 -25 -27 28 -28 -30
right_child=1 11 3 14 5 13 -8 8 9 10 -12 -13 17 15 -16 -17 -18 -19 19 21 -22 22 -24 25 -26 26 27 -29 29 -31
leaf_value=-0.077874772589384328 -0.05089767942355386 0.071966158499169805 0.092169604930651405 0.030366940359435393 -0.068305792667329862 0.10896837015619831 0.0058032466910314532 -0.058459822135009269 -0.080310374686243635 0.0055536147124751667 0.28682825288925823 0.08227390665575654 -0.061891514290040611 -0.081572069392481295 0.059410439963062972 -0.045368752734441242 0.13068587305184487 0.035551802252241714 0.029099226740423364 -0.095447364876502849 0.11087272671133995 0.058403821079617439 -0.036451471234970716 -0.043089138188590642 -0.035952957719378197 0.012797680694281655 -0.02085286016826287 0.060845602963425165 -0.010940533122924256 0.10964593038198595
leaf_weight=677.69994044676423 46.788054201751947 124.68263228982687 3.9957929253578213 406.1246097907424 18.988331109285355 3.6944895684719112 31.855475731194019 87.041263967752457 2.7166492268443099 2.3522688150405888 1.3547152690589426 216.73248182237148 3.6691711097955695 2.331830874085429 55.141962930560112 10.498388580977915 3.7427672520279884 38.347545146942139 112.1391290128231 6.7263431847095516 12.984094366431234 12.268224872648718 8.0812473744153959 10.204576045274733 25.834404833614826 430.4634185358882 17.053803414106373 38.726897060871124 5.2072117328643781 6.0440491437911987
leaf_count=13714 623 984 40 1731 310 15 165 1407 37 38 16 1918 17 24 289 94 34 215 430 27 48 44 29 42 266 1703 68 143 21 21
internal_value=-0.002394 0.0313974 0.0188654 0.0219574 0.0144393 -0.0273033 -0.0279303 -0.0747968 -0.0524791 0.02856 0.108345 0.0728698 0.0606431 0.0111113 0.0338389 -0.0107032 0.0492073 0.0270424 0.0168151 0.0294527 0.0375849 -0.00812806 0.0207346 0.0132368 -0.0187908 0.0151186 0.0163125 0.0388841 0.00883641 0.0538371
internal_weight=2423.49 1652.33 1268.9 1190.25 728.985 39.2558 78.6435 771.165 93.4649 6.42363 3.70698 383.432 166.699 20.2675 461.267 16.573 6.0746 42.0167 689.729 152.199 125.123 27.0758 20.3495 537.53 29.8302 507.7 497.495 67.032 28.3051 11.2513
internal_count=24513 9301 6167 5379 3359 477 788 15212 1498 91 54 3134 1216 167 2020 152 58 232 2882 578 478 100 73 2304 306 1998 1956 253 110 42
is_linear=0
shrinkage=0.1


Tree=68
num_leaves=31
num_cat=0
split_feature=0 0 10 4 0 0 0 0 9 8 9 11 4 12 7 11 0 1 3 9 6 3 9 7 2 10 13 8 12 1
split_gain=586.537 71.0748 24.3907 17.1552 8.59269 7.86999 7.36713 5.83109 4.88161 4.38167 4.12527 4.7421 4.00445 3.34961 3.24865 3.5895 4.82465 3.12208 3.06536 2.96474 3.02367 2.92707 4.00245 2.89087 2.76927 3.58127 2.86639 4.95481 2.83027 2.81594
threshold=27.500000000000004 19.500000000000004 7.5000000000000009 11.500000000000002 24.500000000000004 28.500000000000004 21.500000000000004 14.500000000000002 203.24102067183466 0.10889328063241101 340.02687500000008 2.5000000000000004 7.5000000000000009 3.5000000000000004 3.5000000000000004 4.5000000000000009 22.500000000000004 3.5000000000000004 1.5000000000000002 290.8184200603319 1.0000000180025095e-35 8.5000000000000018 185.68763888888893 1.0000000180025095e-35 4.5000000000000009 6.5000000000000009 1.4833333333333336 0.33072916666666669 6.5000000000000009 1.5000000000000002
decision_type=2 2 2 2 2 2 2 2 2 2 2 2 2 2 2 2 2 2 2 2 2 2 2 2 2 2 2 2 2 2
left_child=1 2 -1 6 14 -2 19 -4 -8 10 11 12 -10 -13 23 -16 -17 -11 -9 21 -21 22 -3 -5 25 26 -22 -28 29 -27
right_child=5 3 7 4 -6 -7 8 18 9 17 -12 13 -14 -15 15 16 -18 -19 -20 20 24 -23 -24 -25 -26 28 27 -29 -30 -31
leaf_value=0.078258660328911434 -0.031861431659789483 0.10486797855510142 0.072943132174695433 -0.023884528960415662 -0.06930290061933797 -0.077783350338155088 -0.060489714699445876 0.066344694074201821 0.06935732117271054 0.013761616540648719 -0.00012402538449431211 0.15378758351099422 -0.043295065927261067 0.062769387928641257 -0.041031635254304401 0.071323383981466537 -0.058528644275509412 -0.050832765807107043 0.021280014357630498 0.12223074065726212 0.052273347801470395 -0.056617759590791308 0.018965477608268125 0.053195257128172448 0.1232090936789762 0.048230942025396822 0.040207666085759569 -0.049590586577821893 -0.027932051233070035 -0.029214811836433947
leaf_weight=320.04861235618591 39.316635023802519 5.7270759344100943 31.372093424201012 7.3544266074895885 29.932056043297052 734.64046042412519 8.655221473425625 16.815619289875031 7.4662643447518366 616.42310866713524 13.284009113907812 7.205299690365794 5.4652171730995178 9.2136240899562818 27.533613935112953 7.8303624019026739 4.5089881047606468 7.5745928809046736 147.44438107311726 4.4343374818563452 107.21997308731079 4.759227752685546 102.47204093635082 14.378878101706503 3.7941091805696479 19.207234755158428 25.96306012570858 8.0496334582567197 13.089725419878958 6.2137860357761374
leaf_count=3465 507 22 285 36 480 14149 52 93 28 2739 48 28 25 42 220 40 54 54 584 21 598 20 486 86 15 79 147 35 52 23
internal_value=-0.00410388 0.0307692 0.0612553 0.0160456 -0.025348 -0.0754505 0.019927 0.0334384 0.0141279 0.0150967 0.0461129 0.0670397 0.0217472 0.102712 -0.00399205 -0.0209457 0.0238735 0.0129775 0.0258934 0.0329403 0.0406347 0.0201363 0.0235124 0.0271119 0.0386633 0.0368787 0.0442495 0.0189555 0.00984727 0.0293005
internal_weight=2357.39 1583.44 515.681 1067.76 91.5383 773.957 976.218 195.632 675.287 666.632 42.6344 29.3504 12.9315 16.4189 61.6063 39.873 12.3394 623.998 164.26 300.93 187.972 112.958 108.199 21.7333 183.538 179.743 141.233 34.0127 38.5107 25.421
internal_count=24513 9857 4427 5430 916 14656 4514 962 3016 2964 171 123 53 70 436 314 94 2793 677 1498 970 528 508 122 949 934 780 182 154 102
is_linear=0
shrinkage=0.1


Tree=69
num_leaves=31
num_cat=0
split_feature=0 0 10 0 3 0 9 0 4 4 0 10 9 11 5 13 9 7 10 12 8 9 13 0 7 9 9 8 9 8
split_gain=279.836 59.4204 34.0263 15.9081 18.6135 8.35085 10.5718 9.78188 7.16259 6.85391 5.88272 4.52725 4.82443 4.38494 6.91718 3.98513 4.85766 3.84071 3.745 6.01458 4.96444 4.69876 5.12183 3.70233 3.63277 3.56451 6.77077 4.84298 3.44807 3.75803
threshold=39.500000000000007 19.500000000000004 7.5000000000000009 36.500000000000007 6.5000000000000009 24.500000000000004 249.61267361111115 28.500000000000004 7.5000000000000009 8.5000000000000018 13.500000000000002 17.500000000000004 191.80377406281667 5.5000000000000009 1.5000000000000002 0.48529411764705882 238.77703656462589 -10.499999999999998 8.5000000000000018 7.5000000000000009 0.27100988700564976 243.40676843317974 1.2679425837320577 21.500000000000004 -7.4999999999999991 219.06805894663412 230.43450317124737 0.24807692307692308 332.82039072039078 0.30330086580086579
decision_type=2 2 2 2 2 2 2 2 2 2 2 2 2 2 2 2 2 2 2 2 2 2 2 2 2 2 2 2 2 2
left_child=1 2 -1 5 -5 9 7 -7 -2 17 -4 12 13 -9 -15 -13 24 -3 19 20 25 22 -22 -20 -17 -11 -27 -28 29 -21
right_child=8 3 10 4 -6 6 -8 11 -10 18 -12 15 -14 14 -16 16 -18 -19 23 28 21 -23 -24 -25 -26 26 27 -29 -30 -31
leaf_value=-0.069342933192801118 -0.010749084455201353 -0.087348365211034118 -0.077609932107115628 0.016041389690930264 -0.05304343045956731 0.044554060061149495 0.037370682695342432 0.020871659458222436 -0.074716535409464283 0.059358910009430749 0.0086524893258436968 -0.020118663235283565 -0.0081353179487102731 0.047783793973916987 -0.047511489916553851 0.0028550380211651242 0.0042784891336154441 0.0098240747368019132 0.020678490674563912 -0.0083842508556532819 -0.04529381461802956 0.087859598695099503 0.081241760364022253 0.058510915401472109 0.084782805283049642 -0.095946839175506823 0.030896121034373808 -0.048163504356772302 0.065331827515347884 -0.089345927937568376
leaf_weight=117.39643781259656 18.287828825414181 4.0992352068424216 8.4060948640108091 111.61475309357047 59.945789828896523 116.47713381052017 660.97131031751633 224.96983817964792 408.71199129894376 15.059904374182222 132.77772289887071 10.227053903043268 125.40711233764887 11.180289596319197 23.899724848568439 6.6738940849900201 17.037623144686222 525.07577536255121 43.422814205288887 29.680434018373489 6.9761762320995313 23.520239941775799 5.9079656004905701 63.980272427201271 28.6293458044529 5.9872475266456595 42.211395069956779 9.4902613162994367 4.8929545879364005 7.1058667451143256
leaf_count=3465 214 18 194 659 906 663 3384 1010 8539 68 768 41 571 50 126 26 75 2534 147 135 30 96 25 344 124 25 184 38 23 31
internal_value=0.00271257 0.015767 -0.029562 0.0211328 -0.00809787 0.0236242 0.0287872 0.0187369 -0.0719769 0.0155888 0.00351642 0.0120249 0.00797493 0.015744 -0.0171401 0.0369754 0.0481311 0.00907133 0.0289443 0.0187823 0.0311218 0.0612694 0.0127285 0.0432154 0.0692948 0.0160355 0.00472581 0.0163841 -0.0135334 -0.0240233
internal_weight=2870.02 2443.02 258.58 2184.44 171.561 2012.88 1225.47 564.502 427 787.411 141.184 448.025 385.457 260.05 35.08 62.5679 52.3409 529.175 258.236 150.832 109.153 36.4044 12.8841 107.403 35.3032 72.7488 57.6889 51.7017 41.6793 36.7863
internal_count=24513 15760 4427 11333 1565 9768 6070 2686 8753 3698 962 2023 1757 1186 176 266 225 2552 1146 655 466 151 55 491 150 315 247 222 189 166
is_linear=0
shrinkage=0.1


Tree=70
num_leaves=31
num_cat=0
split_feature=0 0 10 3 0 0 10 0 0 4 0 12 2 9 6 13 4 8 13 4 11 13 10 3 8 8 10 5 3 0
split_gain=290.982 60.7706 15.111 10.9785 10.7239 8.44761 7.39772 9.85017 5.9393 5.91229 6.66269 4.655 4.56325 4.5014 4.39368 4.31134 3.78679 7.15822 4.52546 5.28557 4.77902 4.98168 4.9389 4.13355 4.05078 4.82603 4.06244 3.72076 3.70966 3.64859
threshold=27.500000000000004 50.500000000000007 7.5000000000000009 9.5000000000000018 31.500000000000004 47.500000000000007 22.500000000000004 32.500000000000007 23.500000000000004 18.500000000000004 52.500000000000007 9.5000000000000018 3.5000000000000004 367.09212454212462 6.5000000000000009 0.48529411764705882 16.500000000000004 0.35355392156862747 0.38750000000000007 19.500000000000004 1.5000000000000002 1.1622807017543864 20.500000000000004 2.5000000000000004 0.27953488372093027 0.22305140961857378 16.500000000000004 1.0000000180025095e-35 9.5000000000000018 43.500000000000007
decision_type=2 2 2 2 2 2 2 2 2 2 2 2 2 2 2 2 2 2 2 2 2 2 2 2 2 2 2 2 2 2
left_child=3 2 4 -1 -2 6 13 -8 -5 10 11 15 -13 29 -10 -3 23 18 19 -18 21 24 -22 -7 25 -20 -27 -11 -17 -4
right_child=1 9 5 8 -6 16 7 -9 14 27 -12 12 -14 -15 -16 28 17 -19 20 -21 22 -23 -24 -25 -26 26 -28 -29 -30 -31
leaf_value=-0.075549398089603953 -0.064077757947558323 0.11913674797182872 0.026270370120981074 -0.078781753700108634 0.0062954718408743254 -0.051491219335728027 -0.068009229119555259 0.011349378268899445 0.0041368806040596789 0.11879358677555524 -0.077094136966487398 0.006225146806041193 0.27248684559800873 0.12097952633688623 0.1801122112040594 -0.063979714170997723 -0.013134708217103948 0.18322848521686649 0.010402277003605395 0.16046337368069094 -0.038394103645709464 -0.048965359522614223 0.073371468443558477 0.032248765003625661 -0.056856318966048251 0.042411347966368931 0.18117698295346468 -0.073568977551922571 0.10282870979091732 0.016578660243150658
leaf_weight=419.85410787910223 34.913993641734123 2.4658748693764236 1484.6704068928957 9.3755730614066142 57.016147673130035 6.75876610726118 19.271303936839104 83.020652346313 18.994311500340704 1.0182316005229939 9.7233247570693475 1.1773983165621751 1.4198836870491502 4.7713818885385981 1.533349685370921 6.7789006493985635 3.9862707853317252 1.8713184073567379 9.2024661637842744 3.1318463012576103 72.612201407551765 8.6818836182355863 4.1814773827791205 46.105321247130632 3.527689676731824 4.0304593257606012 4.426975779235363 80.545751292258501 1.6596015356481073 526.08142401278019
leaf_count=9429 666 25 6544 157 301 25 368 370 253 26 276 22 20 26 18 125 23 19 87 23 772 91 15 263 39 43 39 2163 36 2249
internal_value=0.00263094 0.0160366 0.0193204 -0.0713798 -0.0204315 0.0209188 0.0226334 -0.00360139 -0.0128371 -0.0584925 -0.0139791 0.0314738 0.151785 0.0239649 0.0172817 0.00281711 -0.000629865 -0.0107647 -0.0139552 0.0632454 -0.0191072 0.0148328 -0.0323084 0.0215425 0.0409749 0.0605173 0.115047 -0.0711676 -0.0311735 0.0237347
internal_weight=2932.81 2483.05 2378.26 449.757 91.9301 2286.33 2117.82 102.292 29.9032 104.789 23.225 13.5017 2.59728 2015.52 20.5277 10.9044 168.517 115.653 113.781 7.11812 106.663 29.8695 76.7937 52.8641 21.1876 17.6599 8.45744 81.564 8.4385 2010.75
internal_count=24513 14656 11963 9857 967 10996 9557 738 428 2693 504 228 42 8819 271 186 1439 1151 1132 46 1086 299 787 288 208 169 82 2189 161 8793
is_linear=0
shrinkage=0.1


Tree=71
num_leaves=31
num_cat=0
split_feature=0 0 3 0 10 0 0 4 0 10 4 13 0 5 1 13 8 8 10 9 13 6 4 10 5 9 12 7 0 9
split_gain=515.541 75.9131 14.6319 13.1842 8.14618 7.00576 5.66226 4.77063 4.72226 6.24006 4.71842 4.55702 3.38081 4.48536 3.22792 6.44275 3.22382 3.69628 3.06199 4.557 5.92287 5.96759 4.36426 4.90509 4.82494 6.17164 4.68697 4.68228 4.21283 4.52965
threshold=38.500000000000007 49.500000000000007 4.5000000000000009 42.500000000000007 21.500000000000004 45.500000000000007 35.500000000000007 7.5000000000000009 52.500000000000007 19.500000000000004 16.500000000000004 0.60769230769230786 47.500000000000007 4.5000000000000009 1.0000000180025095e-35 1.083916083916084 0.15831244778613199 0.18942218080149117 13.500000000000002 162.93484848484852 1.1339285714285716 4.5000000000000009 17.500000000000004 12.500000000000002 2.5000000000000004 176.7741666666667 3.5000000000000004 8.5000000000000018 40.500000000000007 162.93484848484852
decision_type=2 2 2 2 2 2 2 2 2 2 2 2 2 2 2 2 2 2 2 2 2 2 2 2 2 2 2 2 2 2
left_child=6 2 3 -2 5 14 -1 12 9 -3 -8 -7 13 -5 15 16 -4 -18 19 20 21 -16 23 26 25 -24 -21 -26 -20 -30
right_child=1 8 4 7 -6 11 10 -9 -10 -11 -12 -13 -14 -15 18 -17 17 -19 28 22 -22 -23 24 -25 27 -27 -28 -29 29 -31
leaf_value=-0.077535135942919609 -0.071496093718604464 0.069582047556848631 -0.0899194650552399 0.11998456561296762 -0.064129387136544133 0.008093093957809867 -0.072109034766525429 -0.0049175073373020906 0.081080385946246392 0.023740768402272478 -0.025496511906741189 0.036067509171752422 0.17471006960013649 -0.037489979535704369 -0.0641740671087664 0.073995450354554154 0.057254031448967235 -0.026255994137383543 -0.018664178565248758 0.12876658677171257 0.039589913001055042 0.0085071061284894261 0.079175319347358719 -0.04100814613581235 0.055197028531328865 0.0025774231662732648 -0.00078206146693889751 0.15645946592854909 0.04542409098887526 0.011298673257199011
leaf_weight=611.66308390721679 32.648662898689508 112.40909070521593 6.2456608153879634 3.4456743672490102 11.230966977775095 69.477436497807503 46.416393108665943 56.249313652515411 190.24961491674185 40.354717679321766 40.810233056545258 359.75844430923462 2.3784390389919281 3.8073249384760857 15.595736958086489 8.0319849699735624 6.3495091907680026 32.070311807096004 40.378472547978163 4.3839069232344627 37.818397365510464 40.982453025877476 14.241896770894526 13.813403137028217 64.081040486693382 40.237514942884445 7.6942257583141327 4.9165997654199591 44.125716581940651 328.20923966541886
leaf_count=13714 483 984 38 37 120 288 826 335 1918 232 672 1663 8 34 74 42 30 191 395 23 154 162 61 69 263 164 42 19 159 1313
internal_value=-0.00254434 0.0289006 0.0174503 -0.0195336 0.02062 0.0214561 -0.0741361 0.00621763 0.0705664 0.0574724 -0.0503007 0.0315395 0.0712488 0.0373213 0.015353 -0.00845921 -0.0232866 -0.0124546 0.0172645 0.026151 0.00895188 -0.0115274 0.0370203 -0.000308158 0.0448476 0.0226015 0.0462392 0.0624127 0.0120158 0.0153429
internal_weight=2290.08 1591.19 1248.17 98.5294 1149.64 1138.41 698.89 65.8808 343.013 152.764 87.2266 429.236 9.63144 7.253 709.176 52.6975 44.6655 38.4198 656.479 243.765 94.3966 56.5782 149.369 25.8915 123.477 54.4794 12.0781 68.9976 412.713 372.335
internal_count=24513 9301 6167 897 5270 5150 15212 414 3134 1216 1498 1951 79 71 3199 301 259 221 2898 1031 390 236 641 134 507 225 65 282 1867 1472
is_linear=0
shrinkage=0.1


Tree=72
num_leaves=31
num_cat=0
split_feature=0 0 10 4 0 0 0 0 9 8 9 11 4 2 12 7 11 0 2 8 1 9 4 11 9 7 13 13 3 9
split_gain=512.588 60.4992 24.7161 13.5739 8.33863 8.09516 5.58645 5.42432 4.11404 3.72283 3.60022 4.07047 3.40963 2.9557 2.94597 2.7342 3.16628 4.03846 2.71611 3.81914 2.63322 2.66517 2.80843 2.56266 2.559 2.49778 2.63818 3.72596 2.48901 2.50827
threshold=27.500000000000004 19.500000000000004 7.5000000000000009 11.500000000000002 28.500000000000004 24.500000000000004 21.500000000000004 14.500000000000002 203.24102067183466 0.10889328063241101 340.02687500000008 2.5000000000000004 7.5000000000000009 6.5000000000000009 3.5000000000000004 3.5000000000000004 4.5000000000000009 22.500000000000004 2.5000000000000004 0.099019607843137264 3.5000000000000004 480.64579124579126 3.5000000000000004 4.5000000000000009 292.8406586021506 1.0000000180025095e-35 0.74342105263157909 1.1055555555555558 1.5000000000000002 173.64322089947092
decision_type=2 2 2 2 2 2 2 2 2 2 2 2 2 2 2 2 2 2 2 2 2 2 2 2 2 2 2 2 2 2
left_child=1 2 -1 6 24 15 18 -4 -8 10 11 12 -10 28 -13 25 -17 -18 -3 -20 21 22 23 -11 -2 -5 -27 -28 -9 -30
right_child=4 3 7 5 -6 -7 8 13 9 20 -12 14 -14 -15 -16 16 17 -19 19 -21 -22 -23 -24 -25 -26 26 27 -29 29 -31
leaf_value=0.077007522116871605 -0.059653359792194653 0.036190505867806387 0.070845171826918199 -0.021971873793291907 -0.077416508936276884 -0.067914597535834106 -0.056651167928534009 0.063442435913947728 0.064598012738530594 0.022073103615395346 -0.00024549630141279305 0.14451371489801049 -0.039975517981286096 -0.04652037258043256 0.058612069791508785 -0.037773396832994681 0.065861520694997858 -0.056006601458473783 -0.055514795702915634 0.021329101601286624 -0.047308427311549169 -0.038048302123243664 0.011462892624162844 0.067375426292992299 -0.0064688588444702854 -0.013515257151420554 0.15851408091510333 0.032007633242624713 0.0516543700481523 0.015553140915644113
leaf_weight=280.74913210421801 15.568531427532433 206.48075085878372 28.003768287599087 7.209501355886462 667.07186282798648 27.276296280324459 8.276520758867262 15.774080350995062 7.3931070640683192 51.698255740106106 13.22050331532955 7.0574102848768261 5.3918095976114273 5.8659154027700415 9.1924042627215368 26.250178087502718 7.9359859377145749 4.136481374502182 7.0511437505483618 78.157602533698082 7.3147669807076445 10.041349306702612 535.24624080210924 16.463172174990177 21.596955381333828 4.5027237311005583 3.6884845197200757 6.3127691075205803 23.064561232924461 116.23288221657276
leaf_count=3465 252 1116 285 36 14149 480 52 93 28 211 48 28 25 20 42 220 40 54 32 350 54 37 2425 66 255 23 24 39 90 474
internal_value=-0.00432107 0.0283553 0.0581889 0.0150138 -0.0748481 -0.0227406 0.018437 0.0302261 0.0134163 0.014291 0.0430118 0.0627083 0.020496 0.0231583 0.0959198 -0.00221668 -0.0182804 0.0241049 0.0299916 0.0149702 0.012336 0.0130472 0.0138974 0.0330151 -0.0287477 0.0261345 0.0500468 0.0786635 0.025794 0.0215307
internal_weight=2224.23 1519.99 469.69 1050.3 704.237 87.3124 962.985 188.941 671.296 663.019 42.2552 29.0347 12.7849 160.937 16.2498 60.0361 38.3226 12.0725 291.689 85.2087 620.764 613.449 603.408 68.1614 37.1655 21.7135 14.504 10.0013 155.072 139.297
internal_count=24513 9857 4427 5430 14656 916 4514 962 3016 2964 171 123 53 677 70 436 314 94 1498 382 2793 2739 2702 277 507 122 86 63 657 564
is_linear=0
shrinkage=0.1


Tree=73
num_leaves=31
num_cat=0
split_feature=0 0 10 0 3 0 4 0 10 0 0 3 2 8 11 9 9 0 12 12 8 12 11 3 0 13 9 8 3 1
split_gain=246.665 46.3805 22.9773 11.7435 16.651 9.0461 7.573 6.00438 5.61312 7.26631 6.06618 5.18507 4.4583 5.04491 4.1987 5.74696 4.13376 4.09252 5.36272 5.95863 4.59667 4.05956 3.6613 7.97962 6.73654 3.62719 4.54825 3.50073 3.47883 4.45454
threshold=39.500000000000007 18.500000000000004 7.5000000000000009 36.500000000000007 6.5000000000000009 21.500000000000004 12.500000000000002 42.500000000000007 21.500000000000004 33.500000000000007 25.500000000000004 2.5000000000000004 2.5000000000000004 0.099019607843137264 4.5000000000000009 291.64493055555562 421.79588235294119 32.500000000000007 9.5000000000000018 6.5000000000000009 0.28345771144278614 3.5000000000000004 5.5000000000000009 2.5000000000000004 28.500000000000004 1.6515151515151518 298.37471064814821 0.17521929824561402 4.5000000000000009 2.5000000000000004
decision_type=2 2 2 2 2 2 2 2 2 2 2 2 2 2 2 2 2 2 2 2 2 2 2 2 2 2 2 2 2 2
left_child=1 2 -1 5 -5 12 7 -2 9 -7 -10 -4 16 -14 -11 21 -3 22 19 25 -20 -16 -12 24 -24 -19 -27 -21 29 -13
right_child=6 3 11 4 -6 8 -8 -9 10 14 17 28 13 -15 15 -17 -18 18 20 27 -22 -23 23 -25 -26 26 -28 -29 -30 -31
leaf_value=-0.073086160947018322 -0.0083349138187208127 -0.0010553279731521945 -0.040956753823154474 0.015736312224011631 -0.050972293588340947 0.023950705597766776 -0.076827928156127753 -0.074193971725327934 0.0040363641165566148 0.012579445227681863 0.067760354789764193 0.052548093394056618 0.095463320083447004 0.014060265339482814 0.0028222877268019985 0.054851362918752117 -0.060885402831845729 0.044908638524380977 0.10732714939996416 -0.088481598451002008 0.0027188420640619176 -0.057866079243719906 -0.17443018702488269 0.084167323186112628 0.017851829777649601 -0.064928896952576101 0.050362797667320318 0.00080372970899114226 -0.005081135152066628 -0.086027544282629986
leaf_weight=81.968901760876179 31.637486338615417 164.27514722570777 24.533935748040676 111.78712764382362 56.243557453155518 1281.2115362733603 332.34174854494631 24.612718649208546 45.941452190279961 127.80144403874874 81.820193119347095 25.394983105361465 8.1236260905861837 121.18841782957315 17.998540431261063 8.5546084344387037 12.421132855117319 65.627490103244781 14.997134551405908 6.0382933318614986 5.8349195569753638 28.436506316065788 3.0207742154598227 8.0949985682964307 4.5915311425924301 7.391349717974661 6.3712649047374725 16.100323662161827 44.735459685325623 2.5528780259191981
leaf_count=2765 385 1640 327 659 906 5681 7881 487 178 774 619 199 41 637 111 30 145 253 57 22 22 186 17 64 39 27 26 60 252 23
internal_value=0.00279165 0.0148383 -0.034088 0.0188162 -0.00659252 0.0209134 -0.0710847 -0.0371521 0.023717 0.0212897 0.0370851 -0.00120655 0.00506463 0.0191742 0.00263794 -0.0204671 -0.00526117 0.04399 0.0318103 0.0223273 0.0780271 -0.0343429 0.059271 0.0150495 -0.058451 0.0351203 -0.0115558 -0.0235488 0.012211 0.03989
internal_weight=2771.65 2383.06 179.186 2203.87 168.031 2035.84 388.592 56.2502 1729.83 1464 265.83 97.2173 306.008 129.312 182.791 54.9897 176.696 219.888 122.361 101.529 20.8321 46.435 97.5275 15.7073 7.61231 79.3901 13.7626 22.1386 72.6833 27.9479
internal_count=24513 15760 3566 12194 1565 10629 8753 872 8166 6782 1384 801 2463 678 1101 327 1785 1206 467 388 79 297 739 120 56 306 53 82 474 222
is_linear=0
shrinkage=0.1


Tree=74
num_leaves=31
num_cat=0
split_feature=0 0 10 3 0 0 10 0 0 10 8 9 8 9 4 13 9 0 13 12 4 4 13 9 6 4 7 0 3 3
split_gain=254.036 49.5478 11.7712 11.3045 9.82158 8.13299 5.84249 8.75828 5.6831 4.87521 4.10282 4.20322 4.51712 5.80604 4.42369 5.67391 4.00097 3.89418 4.10856 3.55085 3.47051 3.32013 2.94932 3.22083 2.94146 2.95069 5.07365 4.60411 3.85741 3.81576
threshold=27.500000000000004 51.500000000000007 7.5000000000000009 9.5000000000000018 31.500000000000004 47.500000000000007 22.500000000000004 31.500000000000004 23.500000000000004 19.500000000000004 0.31957446808510642 175.35273550724642 0.15319426336375488 139.16703431372551 14.500000000000002 1.083916083916084 367.09212454212462 49.500000000000007 0.38750000000000007 4.5000000000000009 5.5000000000000009 17.500000000000004 1.6125000000000003 310.06151623321438 16.500000000000004 6.5000000000000009 -5.4999999999999991 38.500000000000007 3.5000000000000004 1.0000000180025095e-35
decision_type=2 2 2 2 2 2 2 2 2 2 2 2 2 2 2 2 2 2 2 2 2 2 2 2 2 2 2 2 2 2
left_child=3 2 4 -1 -2 6 16 -8 -5 17 11 12 -10 -14 15 -13 22 18 -7 -11 -6 -15 24 -24 25 26 27 29 -28 -4
right_child=1 -3 5 8 20 9 7 -9 10 19 -12 14 13 21 -16 -17 -18 -19 -20 -21 -22 -23 23 -25 -26 -27 28 -29 -30 -31
leaf_value=-0.075012366892084889 -0.062524205601976843 -0.066068415332090402 0.038596986803905796 -0.078414876125343175 -0.065028212512253492 0.11080514190586761 -0.077800374308392983 0.0087340400973699977 0.24123652477637525 0.04211542794342342 -0.079712330300996587 0.24077988206241058 -0.029628430304578741 0.23687951615236569 -0.080506601816048184 -0.029921017437159105 0.11451701458781967 -0.043974907043156153 -0.0073235993107187928 -0.0012080652866690348 0.01534822889206653 0.042276545638796972 0.041988968613564388 -0.030471463822137057 -0.026166490873706174 0.021807419221691726 0.006058210731323798 0.034994577115478841 0.076048861064015649 -0.057693857812664451
leaf_weight=378.49581691250205 32.08392271772027 73.270917853340507 4.9114584214985397 8.5200233254581708 6.0131526887416831 3.0682632178068152 13.535389006137846 86.072202645242214 1.5493342727422765 34.027939260005951 3.4852915965020648 1.2485385276377194 3.9505468234419823 1.8959389664232733 4.3901963755488396 2.0384407229721546 4.6427200883626929 32.366547044366598 72.862633392214775 42.606098938733339 50.381558194756508 1.6308281160891054 101.7739356122911 6.5277746282517901 13.325580544769762 1783.5954254567623 23.643177416175604 10.411525368690489 11.806522425264118 25.390642419457436
leaf_count=9429 666 2278 34 157 49 24 303 435 17 166 50 19 50 27 54 34 26 691 775 198 252 20 489 46 59 7779 120 52 59 155
internal_value=0.0026783 0.0149166 0.017432 -0.0704236 -0.0183522 0.0188264 0.0206085 -0.00302487 -0.0099259 -0.00127249 0.0189772 0.039569 0.0858306 0.0536297 -0.0148243 0.072903 0.0217938 -0.0149307 -0.00255018 0.0180289 0.006778 0.146892 0.0215766 0.0376215 0.0206489 0.0209843 0.00170867 -0.0223751 0.0293686 -0.0420867
internal_weight=2839.52 2432.32 2359.05 407.205 88.4786 2270.57 2085.64 99.6076 28.7091 184.931 20.1891 16.7038 9.02665 7.47731 7.67718 3.28698 1986.03 108.297 75.9309 76.634 56.3947 3.52677 1981.39 108.302 1873.08 1859.76 76.1633 40.7136 35.4497 30.3021
internal_count=24513 14656 12378 9857 967 11411 9557 738 428 1854 271 221 114 97 107 53 8819 1490 799 364 301 47 8793 535 8258 8199 420 241 179 189
is_linear=0
shrinkage=0.1


Tree=75
num_leaves=31
num_cat=0
split_feature=0 0 4 0 0 10 0 0 10 4 0 4 13 5 13 13 8 3 12 5 7 11 13 5 10 13 12 7 12 8
split_gain=449.734 66.6513 12.6309 6.00562 5.83515 6.05796 6.74723 5.05234 6.08574 4.73137 4.60933 6.04136 4.20952 4.04878 3.90379 3.01822 4.87525 3.60173 4.07894 3.23161 4.0187 2.99809 3.01582 2.97759 3.33481 2.97714 2.88953 2.85164 3.88174 2.98878
threshold=38.500000000000007 49.500000000000007 10.500000000000002 35.500000000000007 46.500000000000007 19.500000000000004 43.500000000000007 52.500000000000007 19.500000000000004 16.500000000000004 42.500000000000007 7.5000000000000009 1.9285714285714286 7.5000000000000009 1.9285714285714286 1.420168067226891 0.30707196029776679 6.5000000000000009 11.500000000000002 1.0000000180025095e-35 6.5000000000000009 5.5000000000000009 0.48529411764705882 5.5000000000000009 17.500000000000004 1.1339285714285716 2.5000000000000004 -1.0000000180025095e-35 6.5000000000000009 0.26500600240096045
decision_type=2 2 2 2 2 2 2 2 2 2 2 2 2 2 2 2 2 2 2 2 2 2 2 2 2 2 2 2 2 2
left_child=3 2 10 -1 5 12 -7 8 -3 -5 -2 -12 15 -8 26 19 17 -17 23 20 -4 22 -10 -19 -25 -24 -13 28 29 -6
right_child=1 7 4 9 27 6 13 -9 21 -11 11 14 -14 -15 -16 16 -18 18 -20 -21 -22 -23 25 24 -26 -27 -28 -29 -30 -31
leaf_value=-0.077228056978852863 -0.065818563685356588 0.067205368751429614 0.12089612384195976 -0.071244158736163396 0.044456042015938529 -0.063449761216592834 -0.0034756985159728037 0.080052758209282371 -0.045590144883329145 -0.023147571357351977 0.055327441749449674 0.0041532100787255773 -0.076864108913259427 0.10004395690798207 0.076046045223885916 -0.0073394896123036239 -0.029135324754460803 0.058061569773721733 0.14000871401769649 0.013848742423382857 0.021098074918850268 0.088516149144838782 0.047569747502527689 -0.034910799691653414 0.061129705829458196 -0.027560343892637645 -0.081079645670587161 0.038168408068872429 -0.0047846942225934601 0.00043436019084861464
leaf_weight=552.45311811193824 22.403951656073332 101.29292514175177 6.3463426232337978 42.726181557402015 55.161980584263802 20.20359930023551 36.632325261831284 166.66043543815613 7.6944252178072921 39.234742362052202 10.527598265558483 5.83811634033919 4.802190087735652 4.2126200050115576 2.6450016647577277 11.873531460762022 10.563141815364359 45.429825730621815 4.9287876039743415 701.49205205217004 11.078911677002905 5.5796004459261885 18.20093879848719 8.4145639240741712 6.3391731306910506 7.4264652952551833 12.480555042624472 182.88701047003269 45.290432929992676 21.408210590481758
leaf_count=13714 381 984 25 826 238 379 262 1918 38 672 84 44 21 29 20 50 49 186 19 2932 44 38 114 38 24 42 95 967 188 92
internal_value=-0.00263855 0.0265868 0.0161924 -0.0734805 0.01836 0.0141984 -0.0161804 0.0682841 0.0542936 -0.0482203 -0.0311467 -0.00648005 0.0164844 0.007201 -0.0375187 0.0170403 0.0345709 0.0433119 0.0525484 0.0149054 0.0574449 0.0206736 0.00931366 0.0453858 0.0063545 0.0257981 -0.0539161 0.0302722 0.0184217 0.032148
internal_weight=2172.23 1537.81 1230.96 634.414 1177.06 872.317 61.0485 306.855 140.194 81.9609 53.8952 31.4913 811.269 40.8449 20.9637 806.466 87.549 76.9859 65.1124 718.917 17.4253 38.9014 33.3218 60.1836 14.7537 25.6274 18.3187 304.748 121.861 76.5702
internal_count=24513 9301 6167 15212 5543 4058 670 3134 1216 1498 624 243 3388 291 159 3367 366 317 267 3001 69 232 194 248 62 156 139 1485 518 330
is_linear=0
shrinkage=0.1


Tree=76
num_leaves=31
num_cat=0
split_feature=0 0 10 4 0 0 0 0 9 8 9 11 9 10 10 9 9 8 11 11 0 8 13 9 6 6 2 8 9 6
split_gain=449.396 51.2871 24.8559 11.2583 8.69071 7.54171 5.16556 3.8447 3.57807 3.15365 3.10363 3.49596 3.29452 3.05311 2.74548 4.76428 4.18439 4.16809 2.95123 3.70878 4.91227 4.85378 2.64474 2.54029 2.99697 2.87018 3.12911 3.95756 2.85278 2.53263
threshold=27.500000000000004 19.500000000000004 7.5000000000000009 11.500000000000002 28.500000000000004 24.500000000000004 13.500000000000002 21.500000000000004 203.24102067183466 0.10889328063241101 340.02687500000008 2.5000000000000004 298.37471064814821 2.5000000000000004 8.5000000000000018 179.04150000000001 208.85678815004266 0.23420877659574468 4.5000000000000009 1.5000000000000002 18.500000000000004 0.16405676535356004 0.38750000000000007 290.8184200603319 1.0000000180025095e-35 3.5000000000000004 3.5000000000000004 0.29805897723030988 234.82068914522333 7.5000000000000009
decision_type=2 2 2 2 2 2 2 2 2 2 2 2 2 2 2 2 2 2 2 2 2 2 2 2 2 2 2 2 2 2
left_child=1 2 -1 7 -2 29 -4 23 -9 10 11 12 -10 -13 15 -8 17 -17 19 -18 21 -21 -7 25 -25 -3 27 -27 -28 -5
right_child=4 3 6 5 -6 22 14 8 9 -11 -12 13 -14 -15 -16 16 18 -19 -20 20 -22 -23 -24 24 -26 26 28 -29 -30 -31
leaf_value=0.075853896281926347 -0.026176097571257273 0.034129553655978799 0.080521293132501406 -0.0063224145105153194 -0.077078969687909379 0.071407327636106882 0.10618234041765993 -0.053482982812910973 -0.027413477946414685 0.012030315295625767 0.00016403916685019451 0.020755697879828845 0.074907495590183726 0.11706465688075791 0.0062010109214014654 0.032933156615780994 0.054970250379666664 -0.10105058456450847 0.060510234552373449 -0.06376180759760855 -0.060968691267174961 0.04428701887909383 -0.074298324387106554 0.11965600082487003 0.032397748634637132 0.029366890678658698 -0.07761471262558535 -0.042160510071996553 0.0058026081758064153 0.086013045865448598
leaf_weight=246.74784033000469 35.505426425486803 45.222684629261494 16.517117440700531 56.149613074958324 606.08843185938895 1.314182966947558 8.0477971732616407 7.992224194109439 6.8738547116518038 618.77787447348237 13.189247906208037 4.6052963510155704 5.8035302832722664 11.539215981960295 66.762233287096024 4.4107328504323942 19.583810515701771 4.9026171788573265 26.604727119207382 5.1747616827487972 9.4595971405506116 21.151011861860752 23.921721111983061 4.0293308645486823 170.16900620609522 36.802596256136894 8.3086731433868426 9.7939535528421384 8.0931081324815732 3.1364720687270156
leaf_count=3465 507 216 194 417 14149 17 39 52 32 2793 48 23 21 47 265 22 104 22 140 31 35 110 463 21 949 199 33 46 34 19
internal_value=-0.00446823 0.0260961 0.0551552 0.0140495 -0.074262 -0.0209262 0.0271871 0.0171574 0.013026 0.0138304 0.0403435 0.0587301 0.0194276 0.0895921 0.0218835 0.0324235 0.025921 -0.0375969 0.0331375 0.019985 0.000838998 0.0230483 -0.0667106 0.0269408 0.0344161 0.0149082 0.00111028 0.0143328 -0.0364542 -0.0014375
internal_weight=2106.68 1465.08 429.362 1035.72 641.594 84.522 182.614 951.201 668.781 660.789 42.0111 28.8219 12.6774 16.1445 166.097 99.3351 91.2873 9.31335 81.9739 55.3692 35.7854 26.3258 25.2359 282.419 174.198 108.221 62.9983 46.5965 16.4018 59.2861
internal_count=24513 9857 4427 5430 14656 916 962 4514 3016 2964 171 123 53 70 768 503 464 44 420 280 176 141 480 1498 970 528 312 245 67 436
is_linear=0
shrinkage=0.1


Tree=77
num_leaves=31
num_cat=0
split_feature=0 0 10 0 3 4 0 3 0 0 1 13 11 0 4 10 6 9 11 11 11 10 10 10 8 13 9 0 12 13
split_gain=217.178 35.8344 21.5359 9.33004 14.7015 7.86392 6.80816 7.76458 6.32367 5.84934 5.40749 5.99012 5.10653 4.70138 4.49577 4.27788 5.65489 7.11386 5.18486 4.3671 4.262 4.25714 4.33598 4.14323 4.14801 3.81852 3.75988 3.75882 5.68564 4.16629
threshold=39.500000000000007 18.500000000000004 7.5000000000000009 36.500000000000007 7.5000000000000009 12.500000000000002 24.500000000000004 8.5000000000000018 28.500000000000004 42.500000000000007 1.0000000180025095e-35 0.62828947368421062 2.5000000000000004 32.500000000000007 3.5000000000000004 7.5000000000000009 2.5000000000000004 357.34661306042887 1.5000000000000002 1.5000000000000002 5.5000000000000009 17.500000000000004 15.500000000000002 1.5000000000000002 0.084039548022598873 1.4833333333333336 139.16703431372551 23.500000000000004 2.5000000000000004 0.94987468671679209
decision_type=2 2 2 2 2 2 2 2 2 2 2 2 2 2 2 2 2 2 2 2 2 2 2 2 2 2 2 2 2 2
left_child=1 2 -1 6 -5 9 10 13 -9 -2 23 12 -12 20 -4 16 17 18 -13 -19 21 22 26 27 -25 -21 -8 -3 -29 -30
right_child=5 3 14 4 -6 -7 7 8 -10 -11 11 15 -14 -15 -16 -17 -18 19 -20 25 -22 -23 -24 24 -26 -27 -28 28 29 -31
leaf_value=-0.072311221340332243 -0.0066775973596329644 -0.033373877078370529 -0.068490546402960303 0.012698576740198168 -0.054364786454436459 -0.076478801149781006 0.083610577618071724 0.038515441425808761 0.0031753931444238703 -0.073560007683497172 0.099480893708540449 0.0078854324032921874 0.027224378626094 0.018737964780196393 0.007144490848221695 0.027316903412169975 0.014589631107227777 -0.046556893970855689 -0.064135801367720541 0.02137609256471687 0.012857383210249908 0.056083899148118968 -0.059947377414947094 -0.068713593353617028 0.010875950297186836 0.15318155191548424 0.032262712755576989 -0.054522871879602711 0.10030090685615088 0.0011079480547788636
leaf_weight=71.415212960913777 30.986433915793896 52.63524466753006 8.6411628089845163 120.28216823190451 44.886823002249002 300.43301980756223 14.841640792787073 63.910926640033722 243.71539896726608 22.623213650658727 15.890591502189634 15.271205067634581 25.437871841713786 292.03054246306419 86.804738245904446 185.10099329054356 244.75306739844382 3.5866998322308055 28.935474561527371 4.6014610994607192 79.199783802032471 101.54755936563015 4.9479279220104209 6.7464525382965794 222.93096584454179 4.2081146836280823 364.08262392133474 8.2730253040790576 7.8066043555736551 9.2535573244094849
leaf_count=2765 385 332 150 778 787 7881 56 395 1146 487 89 89 123 1263 651 800 1404 21 179 33 464 750 17 46 1339 24 1979 26 25 29
internal_value=0.00279355 0.0138741 -0.0307788 0.0173158 -0.00552677 -0.0701832 0.0192025 0.0241451 0.0105175 -0.0349019 0.0123143 0.0184567 0.0550067 0.0290389 0.000296898 0.0153515 0.00800202 -0.020483 -0.0392561 0.0464641 0.0343666 0.037876 0.0330594 0.0017766 0.00853812 0.0843363 0.0342739 -0.0181413 0.0135077 0.0464979
internal_weight=2685.78 2331.74 166.861 2164.88 165.169 354.043 1999.71 1164.28 307.626 53.6096 835.431 527.785 41.3285 856.65 95.4459 486.457 301.356 56.603 44.2067 12.3963 564.62 485.42 383.872 307.646 229.677 8.80958 378.924 77.9684 25.3332 17.0602
internal_count=24513 15760 3566 12194 1565 8753 10629 6070 1541 872 4559 2762 212 4529 801 2550 1750 346 268 78 3266 2802 2052 1797 1385 57 2035 412 80 54
is_linear=0
shrinkage=0.1


Tree=78
num_leaves=31
num_cat=0
split_feature=0 0 10 0 0 9 3 9 8 7 10 0 9 5 0 9 0 2 0 10 4 13 9 10 3 9 2 4 12 4
split_gain=224.187 40.852 14.9191 11.9267 6.94215 8.90213 6.0444 5.18226 5.42814 6.95437 4.63706 8.52596 3.36547 3.19808 3.1546 3.02411 2.96212 4.70553 3.69513 5.6906 3.50533 4.27478 3.66966 4.98435 3.47377 3.75777 3.26922 4.32213 5.65058 6.41436
threshold=26.500000000000004 52.500000000000007 7.5000000000000009 31.500000000000004 48.500000000000007 210.12683215130025 11.500000000000002 216.18605442176872 0.19189852700490997 -1.0000000180025095e-35 22.500000000000004 31.500000000000004 367.09212454212462 2.5000000000000004 38.500000000000007 224.90895424836603 43.500000000000007 1.5000000000000002 33.500000000000007 19.500000000000004 13.500000000000002 1.083916083916084 218.39362403100776 9.5000000000000018 14.500000000000002 132.74868154158219 6.5000000000000009 17.500000000000004 9.5000000000000018 21.500000000000004
decision_type=2 2 2 2 2 2 2 2 2 2 2 2 2 2 2 2 2 2 2 2 2 2 2 2 2 2 2 2 2 2
left_child=6 2 3 -2 10 -6 -1 8 -7 -10 12 -12 16 -8 -5 -9 18 -18 19 20 21 22 -4 -24 -19 -26 -22 -28 29 -29
right_child=1 -3 4 14 5 7 13 15 9 -11 11 -13 -14 -15 -16 -17 17 24 -20 -21 26 -23 23 -25 25 -27 27 28 -30 -31
leaf_value=-0.074770239474310315 -0.065138730832324243 -0.07463456970445019 0.041324626068065445 -0.001367566997475287 -0.037474127394630574 0.22403172676413693 -0.022464241358290265 -0.047503894531844192 0.14861114356088409 -0.052799517538893108 -0.0774066088899375 0.0087156898824013972 0.10426617820258162 0.12803049799884467 0.078283103354824135 0.017277748444080733 0.037479370042643387 0.011900641866927785 0.024627083500309534 -0.027167825972599331 0.0083228297070329048 0.0099168515374414359 0.020099356107097344 0.18537494050290848 0.064944841384634897 -0.039478294889393417 0.082716079326025579 -0.024853594289201645 0.086025886285701764 0.056388831970926617
leaf_weight=336.77380554378033 39.794481925666332 51.515958618372679 11.242524847388269 50.35077840834856 52.135296491906047 2.2275151871144754 5.2808555774390689 8.627582695335148 3.3126678913831711 3.5530413277447224 13.294564273208378 84.925496853888035 4.6512439958751193 1.9274033196270464 5.5172396153211585 43.732637260109186 70.591923177242279 504.63361816108227 1057.6916890591383 31.999336810782552 253.90442487597466 17.23284624516964 2.7578543014824373 5.3927387110888958 4.0288958847522762 23.826419293880463 13.939610838890074 27.432733580470085 10.444464124739168 15.049684777855871
leaf_count=9216 940 1918 55 275 974 27 82 127 36 61 343 435 29 29 26 431 312 2317 4896 397 983 103 31 34 20 158 62 101 41 54
internal_value=0.00269717 0.0134604 0.0153815 -0.0233019 0.0170141 -0.00708021 -0.0728309 0.0187051 0.0883883 0.04438 0.0182853 -0.00294138 0.0192999 0.0177763 0.00649833 0.00660344 0.0191072 0.0132192 0.021561 0.0132328 0.0168501 0.0461585 0.078363 0.129452 0.010003 -0.0243749 0.0135036 0.0331759 0.0201283 0.00392709
internal_weight=2757.79 2413.81 2362.29 95.6625 2266.63 113.589 343.982 61.4534 9.09322 6.86571 2153.04 98.2201 2054.82 7.20826 55.868 52.3602 2050.17 603.081 1447.09 389.396 357.397 36.626 19.3931 8.15059 532.489 27.8553 320.771 66.8665 52.9269 42.4824
internal_count=24513 15186 13268 1241 12027 1656 9327 682 124 97 10371 778 9593 111 301 558 9564 2807 6757 1861 1464 223 120 65 2495 178 1241 258 196 155
is_linear=0
shrinkage=0.1


Tree=79
num_leaves=31
num_cat=0
split_feature=0 0 3 0 10 0 0 10 4 0 13 13 4 4 12 9 6 10 7 5 11 3 0 1 9 4 4 10 8 9
split_gain=394.285 57.6517 10.6437 11.2026 6.47208 6.32565 5.45138 5.79899 4.72066 4.0933 4.77832 3.51911 3.45752 2.94986 2.86463 9.73773 5.0334 4.79816 2.83285 3.56322 2.8296 2.56532 2.56282 3.52095 2.61413 2.47019 2.4594 3.88998 3.09793 8.41358
threshold=38.500000000000007 49.500000000000007 4.5000000000000009 42.500000000000007 21.500000000000004 35.500000000000007 52.500000000000007 19.500000000000004 16.500000000000004 47.500000000000007 0.38750000000000007 0.21111111111111114 7.5000000000000009 11.500000000000002 8.5000000000000018 137.05471014492755 5.5000000000000009 11.500000000000002 1.5000000000000002 2.5000000000000004 5.5000000000000009 6.5000000000000009 47.500000000000007 1.0000000180025095e-35 286.16530388471193 9.5000000000000018 22.500000000000004 10.500000000000002 0.28867521367521365 140.8333703703704
decision_type=2 2 2 2 2 2 2 2 2 2 2 2 2 2 2 2 2 2 2 2 2 2 2 2 2 2 2 2 2 2
left_child=5 2 3 -2 9 -1 7 -3 -7 11 -11 -4 22 -6 18 -16 17 -17 19 -10 21 -9 23 24 -5 -14 27 -13 -28 -30
right_child=1 6 4 12 13 8 -8 20 14 10 -12 26 25 -15 15 16 -18 -19 -20 -21 -22 -23 -24 -25 -26 -27 28 -29 29 -31
leaf_value=-0.076951260058950061 -0.06955289057840662 0.064587574404769879 -0.046378828752610707 0.15847417482984494 -0.08871461732572225 -0.070415049545108008 0.079163064862548177 -0.01987960821112646 0.17227723773512529 -0.037461957601174663 0.037647856471343277 -0.07882815863516475 -0.05523021373305901 0.042384276177897896 0.26456628076353289 -0.033204140019218537 -0.079555300266885051 0.1858184195697653 -0.058345426492564668 -0.015955938697485319 0.087117875619904514 0.036420058896276905 0.14693784993288717 -0.053028413485538009 0.0077174672615921537 0.0045136363029221402 0.031615663693768899 0.014560191765390532 -0.094266282253835446 0.025443611185838128
leaf_weight=499.9709943626076 28.458017572760582 90.584080822765827 8.9247089773416501 2.3795340918004495 8.126102212816475 39.524715883657336 145.84725487232208 16.974951572716236 1.1924639865756059 8.9746318161487562 150.62602555751801 4.4876701310276976 8.1101598702371103 2.1759214773774138 1.4418432861566532 2.1368875019252282 5.2252040430903435 1.8803855329751966 19.607253689318895 6.4195311274379492 5.095966547727584 15.468499466776846 2.5086019039154053 3.0421004705131054 2.2263728715479374 47.183579005300999 175.37786921113729 730.74049412086606 7.5769668743014327 26.078128814697266
leaf_count=13714 483 984 50 18 98 826 1918 88 20 37 887 29 72 22 18 33 88 29 357 127 38 106 8 29 24 263 718 3293 32 104
internal_value=-0.00267263 0.0244977 0.0151678 -0.0171734 0.017872 -0.0728323 0.065942 0.050892 -0.046235 0.0186024 0.0334243 0.0161207 0.00560136 -0.0610248 -0.0210208 0.0228585 -0.0148484 0.0693149 -0.0382446 0.0135319 0.0178441 0.00696314 0.0592292 0.0304601 0.0856024 -0.00424924 0.0167114 0.0139902 0.0262827 -0.00150737
internal_weight=2068.37 1490.97 1217 93.9084 1123.09 577.399 273.971 128.123 77.4283 1112.79 159.601 953.186 65.4503 10.302 37.9036 10.6843 9.24248 4.01727 27.2192 7.612 37.5394 32.4435 10.1566 7.64801 4.60591 55.2937 944.261 735.228 209.033 33.6551
internal_count=24513 9301 6167 897 5270 15212 3134 1216 1498 5150 924 4226 414 120 672 168 150 62 504 147 232 194 79 71 42 335 4176 3322 854 136
is_linear=0
shrinkage=0.1


Tree=80
num_leaves=31
num_cat=0
split_feature=0 0 10 4 0 0 0 10 12 3 6 9 10 1 12 11 1 6 8 13 13 9 0 10 12 9 1 3 9 8
split_gain=396.549 46.5555 24.4622 12.1909 8.73299 4.87608 3.30977 2.86137 2.93275 2.8953 3.08373 3.07091 4.0257 2.59209 3.0998 2.56938 3.59384 3.40693 2.89093 3.36246 5.05749 2.45812 2.81717 5.06586 2.43959 3.60597 2.23808 2.09909 2.06429 3.19106
threshold=28.500000000000004 19.500000000000004 7.5000000000000009 11.500000000000002 24.500000000000004 13.500000000000002 20.500000000000004 6.5000000000000009 7.5000000000000009 3.5000000000000004 3.5000000000000004 292.8406586021506 4.5000000000000009 3.5000000000000004 4.5000000000000009 1.0000000180025095e-35 1.5000000000000002 7.5000000000000009 0.37232102143182855 1.2792207792207795 1.1791443850267382 196.83293559516966 21.500000000000004 8.5000000000000018 6.5000000000000009 148.51445512820516 1.5000000000000002 1.0000000180025095e-35 331.21638095238103 0.24807692307692308
decision_type=2 2 2 2 2 2 2 2 2 2 2 2 2 2 2 2 2 2 2 2 2 2 2 2 2 2 2 2 2 2
left_child=1 2 -1 6 15 -4 7 9 -9 -3 -11 -12 -13 27 -15 16 -5 18 19 20 21 24 -23 -24 26 -26 -17 -7 29 -10
right_child=-2 3 5 4 -6 13 -8 8 28 10 11 12 -14 14 -16 17 -18 -19 -20 -21 -22 22 23 -25 25 -27 -28 -29 -30 -31
leaf_value=0.07474821055627355 -0.076766880330832551 0.055501152246846958 0.079827076541101508 -0.038825188735925165 -0.065609845246468956 0.08519109516866992 0.012922669449742283 0.028938396649791226 -0.087575922933758724 0.06247245963076458 0.027300607547185104 0.0012120453022561963 -0.14606758090827862 -0.064436541960067456 0.033420632764683468 0.00041895144515231619 0.1120543241054574 0.097589462962046181 -0.099840449253232155 -0.04919673737020043 0.11859544444169345 0.10438766556030898 0.085200129787901979 -0.081266325920231697 0.091064487616926024 -0.062194842424105196 -0.093199226025258777 0.021144516546067652 0.039290054496929683 0.011839966899362489
leaf_weight=216.87526606023312 551.10794181004167 52.665167137980461 14.68751288205385 2.4782266877591601 31.581245772540569 5.306119702756404 834.85142295435071 32.268148325383663 7.0170285403728503 9.2247211113572138 10.31071685254574 4.7953291758894911 3.0277030542492867 7.5985774695873243 5.6395146101713181 4.1681350879371255 4.3493347726762295 2.8865171968936911 3.6485913135111323 13.456923663616179 3.8059484399855128 3.6481405496597272 3.4451756849884987 3.894761148840189 3.3980031087994567 2.8004496544599533 6.5925831906497478 143.79537826031446 4.1346380263566962 5.9803375601768494
leaf_count=3465 14149 416 194 21 645 41 4038 130 27 72 73 36 22 26 20 27 40 17 29 96 30 15 15 45 21 24 56 681 19 23
internal_value=-0.00457145 0.0228998 0.0522334 0.0119417 -0.0232239 0.0246506 0.0152294 0.0301092 0.0111846 0.0417917 0.0154008 -0.00854475 -0.0557887 0.0196586 -0.0227487 -0.000370205 0.057289 -0.00797809 -0.0142149 -0.00730466 0.0104491 -0.00427864 0.032566 -0.0031313 -0.0281508 0.0218222 -0.0569365 0.0234238 -0.0222546 -0.0418328
internal_weight=1999.44 1448.33 393.902 1054.43 90.154 177.027 964.275 129.424 49.4002 80.0236 27.3585 18.1337 7.82303 162.34 13.2381 58.5728 6.82756 51.7452 48.8587 45.2101 31.7532 27.9472 10.9881 7.33994 16.9592 6.19845 10.7607 149.101 17.132 12.9974
internal_count=24513 10364 4427 5937 1081 962 4856 818 199 619 203 131 58 768 46 436 61 375 358 329 233 203 75 60 128 45 83 722 69 50
is_linear=0
shrinkage=0.1


Tree=81
num_leaves=31
num_cat=0
split_feature=0 0 10 0 10 4 0 3 0 8 6 8 7 8 7 1 13 11 0 12 0 9 0 9 13 9 9 8 10 9
split_gain=191.319 26.5166 20.1413 12.6515 20.5015 5.03315 4.84338 5.96988 5.0546 4.63169 5.38219 9.9474 5.25084 4.91237 7.22452 4.26686 5.06192 4.27424 4.12133 4.03997 3.99867 4.36658 8.25222 4.06635 3.94541 3.78016 3.9525 4.17926 3.92134 3.74681
threshold=40.500000000000007 18.500000000000004 7.5000000000000009 37.500000000000007 19.500000000000004 24.500000000000004 24.500000000000004 8.5000000000000018 28.500000000000004 0.28165064102564102 10.500000000000002 0.20483682983682983 -6.4999999999999991 0.2561121049493143 -5.4999999999999991 1.0000000180025095e-35 0.62828947368421062 2.5000000000000004 13.500000000000002 3.5000000000000004 32.500000000000007 322.07002314814821 27.500000000000004 248.44102472089318 1.5419580419580421 194.34940741921773 246.45840080971666 0.17349498327759191 1.5000000000000002 271.01491596638658
decision_type=2 2 2 2 2 2 2 2 2 2 2 2 2 2 2 2 2 2 2 2 2 2 2 2 2 2 2 2 2 2
left_child=1 2 -1 5 -5 6 15 20 -9 10 12 -12 -6 14 -14 25 17 29 -4 -11 21 23 -23 -8 -10 -3 27 -27 -28 -17
right_child=-2 3 18 4 9 -7 7 8 24 19 11 -13 13 -15 -16 16 -18 -19 -20 -21 -22 22 -24 -25 -26 26 28 -29 -30 -31
leaf_value=-0.071490065611621342 -0.07331197465315846 0.074789732270087769 -0.076896205872941506 -0.060843776343675805 -0.072693124410835794 -0.047239480733039046 0.025661679856600134 0.03531026254831976 0.0058664316123413565 0.050246876913769903 -0.006090321421811859 0.162903171316302 0.16194377820957234 -0.054954921792554103 0.024977570855735043 0.15451033243124546 0.014271613104509494 0.025166617100917717 0.0074809160781576754 -0.066826911903598712 0.017407613746850039 0.0031945036716016042 0.045937246246245345 0.047405005283305011 -0.055351708467054166 -0.11779520466338861 -0.016077595550294636 -0.015245338843811594 0.010884872634764247 0.054244342045823228
leaf_weight=62.232777154073119 293.235860157758 7.0216549523174754 6.1988717895001164 55.439634695649147 5.6727697290480092 12.059823077172039 153.93499381095171 60.876381233334541 232.5684459656477 4.3152756802737704 6.2295307628810388 7.9006089232861996 4.7172938100993624 5.3803289309144011 20.972390785813342 5.8975281976163414 481.95290408097208 25.351570907980204 87.503477994352579 9.2995548844337446 349.1147890239954 121.55102114379406 71.881495699286461 194.92421815544367 11.026802960783241 5.3278839103877571 73.429178260266781 15.638918483629821 203.23615155369043 10.126279775053261
leaf_count=2765 8195 32 194 1129 38 96 721 395 1190 33 55 59 32 39 156 35 2550 123 607 71 1580 587 619 1339 54 33 398 83 1251 54
internal_value=0.00277996 0.0124318 -0.0273902 0.0153121 -0.0162512 0.0171714 0.0175552 0.0216257 0.00953637 0.0220847 0.0359489 0.0883993 0.015778 0.0319311 0.0501281 0.011676 0.0171533 0.0507194 0.00189895 -0.0297199 0.025755 0.0311289 0.0190781 0.0378107 0.00309528 0.00226737 0.000556443 -0.0413043 0.00372882 0.091147
internal_weight=2605.02 2311.78 155.935 2155.85 119.927 2035.92 2023.86 1195.88 304.472 64.4878 50.8729 14.1301 36.7428 31.07 25.6897 827.982 523.328 41.3754 93.7023 13.6148 891.407 542.292 193.433 348.859 243.595 304.654 297.632 20.9668 276.665 16.0238
internal_count=24513 16318 3566 12752 1612 11140 11044 6485 1639 483 379 114 265 227 188 4559 2762 212 801 104 4846 3266 1206 2060 1244 1797 1765 116 1649 89
is_linear=0
shrinkage=0.1


Tree=82
num_leaves=31
num_cat=0
split_feature=0 0 10 0 3 0 9 9 6 7 4 0 13 2 10 8 0 3 7 5 12 0 13 8 0 9 12 4 9 8
split_gain=197.508 34.211 12.3557 10.8041 6.01753 4.69459 7.62085 4.29183 4.19287 4.13382 3.99266 7.16492 3.77247 4.61132 4.23065 3.7588 3.38302 6.78335 4.3338 5.29326 4.8119 4.56637 6.50634 5.76884 4.34549 4.79755 4.30306 4.35116 5.12988 4.12537
threshold=26.500000000000004 52.500000000000007 7.5000000000000009 31.500000000000004 11.500000000000002 48.500000000000007 210.12683215130025 216.18605442176872 10.500000000000002 3.5000000000000004 7.5000000000000009 30.500000000000004 1.1791443850267382 3.5000000000000004 22.500000000000004 0.43019480519480519 41.500000000000007 4.5000000000000009 -1.0000000180025095e-35 4.5000000000000009 11.500000000000002 37.500000000000007 0.43650793650793651 0.25760368663594474 31.500000000000004 300.38680555555561 10.500000000000002 18.500000000000004 151.26527126328958 0.3626692456479691
decision_type=2 2 2 2 2 2 2 2 2 2 2 2 2 2 2 2 2 2 2 2 2 2 2 2 2 2 2 2 2 2
left_child=4 2 3 -2 -1 10 -7 8 9 -8 11 -4 -13 14 -14 16 18 -18 21 20 24 22 23 -12 25 -20 27 28 -21 -19
right_child=1 -3 5 -5 -6 6 7 -9 -10 -11 15 12 13 -15 -16 -17 17 29 19 26 -22 -23 -24 -25 -26 -27 -28 -29 -30 -31
leaf_value=-0.074269980561683713 -0.063834968029058345 -0.074121383182519707 -0.069388732663357836 0.0062287201493369223 0.018510863481820242 -0.034077317984805587 -0.008525220019302655 0.007725126808356176 0.18062076428279139 0.17943471980860862 0.073009372929544583 -0.0029053301866830664 0.048090174833858614 -0.082705058330778625 -0.0092752130847702056 -0.053517105738538268 0.043135823610401212 0.010361160608288483 0.0098003947851226896 -0.026891083141746482 -0.011284536006844738 0.026250842699070395 -0.005413375454205463 -0.013952809045909771 0.031703901801125194 0.11780082619448491 0.11438104425332359 0.021847070904341556 0.090527576365224238 0.06511844842412437
leaf_weight=304.47762264870107 36.643492331728339 44.687553787603974 12.728389604017137 55.109756715595722 7.1546589173376551 48.516994133591652 4.9117901697754842 51.537978371605277 2.9239264316856861 1.5360043905675409 22.051898274570704 115.14942428469658 48.006543673574924 3.6535621024668208 17.558019634336233 7.2968815863132468 72.851408369839191 806.37019050121307 163.63034341670573 4.3938729092478779 36.857320353388786 149.97539287805557 159.87527056597173 11.662733342498539 397.5161747187376 4.2191484812647095 9.486843988299368 41.330652303993702 24.288473729044199 13.997586332261561
leaf_count=9216 940 1918 353 301 111 974 61 558 35 28 99 625 247 18 111 32 387 3462 760 19 171 850 757 51 1945 33 50 203 136 62
internal_value=0.00269986 0.0125457 0.0142121 -0.0217526 -0.0721399 0.0156904 -0.00450833 0.0190445 0.0812935 0.0362509 0.0167315 0.00317544 0.00818514 0.0266349 0.0327279 0.0181189 0.0183914 0.0138924 0.0223108 0.0269263 0.0237247 0.0131526 0.00300533 0.042927 0.026007 0.0125151 0.0511786 0.0426146 0.0725401 0.0112955
internal_weight=2680.4 2368.77 2324.08 91.7532 311.632 2232.33 109.427 60.9097 9.37172 6.44779 2122.9 197.096 184.368 69.2181 65.5646 1925.8 1918.51 893.219 1025.29 681.723 602.223 343.565 193.59 33.7146 565.366 167.849 79.4998 70.013 28.6823 820.368
internal_count=24513 15186 13268 1241 9327 12027 1656 682 124 89 10371 1354 1001 376 358 9017 8985 3911 5074 3317 2909 1757 907 150 2738 793 408 358 155 3524
is_linear=0
shrinkage=0.1


Tree=83
num_leaves=31
num_cat=0
split_feature=0 0 4 0 0 10 4 0 4 13 2 0 2 8 12 9 8 12 9 9 4 2 4 11 11 0 8 9 9 9
split_gain=346.081 49.8405 8.83695 6.63996 5.73714 5.53236 4.75704 4.04474 4.55101 3.62794 3.57651 3.93267 2.7532 4.76166 3.3993 2.73926 3.99662 2.73124 2.71823 2.96091 4.65167 2.89676 2.96321 3.1 2.67083 2.49176 2.926 3.03015 5.75564 3.58154
threshold=38.500000000000007 49.500000000000007 10.500000000000002 35.500000000000007 52.500000000000007 19.500000000000004 13.500000000000002 42.500000000000007 7.5000000000000009 1.9285714285714286 1.5000000000000002 47.500000000000007 7.5000000000000009 0.23660287081339706 8.5000000000000018 244.45986772486773 0.24357284113381675 2.5000000000000004 266.96449683321617 243.40676843317974 18.500000000000004 3.5000000000000004 16.500000000000004 3.5000000000000004 5.5000000000000009 40.500000000000007 0.13270440251572327 196.25948961156283 206.07898769913291 224.90895424836603
decision_type=2 2 2 2 2 2 2 2 2 2 2 2 2 2 2 2 2 2 2 2 2 2 2 2 2 2 2 2 2 2
left_child=3 2 7 -1 5 -3 -5 15 -9 17 25 -12 -8 -14 -15 16 -2 -10 19 21 -21 -13 23 -23 -7 -4 -27 -28 -29 -30
right_child=1 4 10 6 -6 24 12 8 9 -11 11 18 13 14 -16 -17 -18 -19 -20 20 -22 22 -24 -25 -26 26 27 28 29 -31
leaf_value=-0.07669775347027484 -0.079820834372468286 0.062164771025013034 -0.064451327181996088 -0.077764863508863746 0.078364811603213527 0.004880095775143603 -0.034080682402400406 0.047583766035928086 0.0072090883086475006 0.076500048074010618 0.015000572665320866 0.0616616234566719 -0.079074945930456969 0.020632171460073168 0.21339980672465675 -0.078379524531236103 0.16315767142402929 -0.078064242461269862 0.10207571474938489 -0.0482249363389523 0.06426899458644629 0.038917547087501989 0.031727267735433794 -0.088191770988892387 0.085984445291688361 0.076760521228328271 -0.045988694658200317 0.098577940498936312 -0.053178831307050506 0.011059085305988162
leaf_weight=452.76058941334486 1.502111256122592 81.917000196874142 6.4613142833113661 26.791031464934349 127.0891372859478 31.668978489935398 40.501924648880959 10.829861335456373 5.5969454534351888 2.6148085333406916 928.37790645286441 30.983049184083939 2.1453430205583564 2.0119637288153176 1.6775119639933107 16.506908666342497 1.2323122546076772 11.419787701219319 5.4173074811696997 10.836636126041414 5.5626389756798735 3.4098095893859854 87.501284644007683 4.3876177221536636 4.6574268266558638 4.688309494405984 14.131394434720276 5.9724854975938788 11.80796008557081 32.757577203214169
leaf_count=13714 27 984 102 600 1918 194 807 84 44 20 4148 162 37 38 16 334 20 95 26 46 31 19 590 25 38 24 60 30 68 212
internal_value=-0.00270533 0.022539 0.0141554 -0.0721819 0.0636144 0.0477605 -0.0442224 -0.0271295 -0.0044571 -0.0331658 0.0159361 0.0174147 -0.0248288 0.0393927 0.108279 -0.0630228 0.0296814 -0.0500171 0.0325478 0.029908 -0.010067 0.0350992 0.0264634 -0.032607 0.0152785 -0.00505621 0.000476996 -0.0050533 0.00639302 -0.00596121
internal_weight=1973.22 1447.33 1202 525.888 245.333 118.243 73.1278 49.7027 30.4614 19.6315 1152.3 1076.48 46.3367 5.83482 3.68948 19.2413 2.73442 17.0167 148.098 142.681 16.3993 126.282 95.2987 7.79743 36.3264 75.819 69.3577 64.6694 50.538 44.5655
internal_count=24513 9301 6167 15212 3134 1216 1498 624 243 159 5543 5047 898 91 54 381 47 139 899 873 77 796 634 44 232 496 394 370 310 280
is_linear=0
shrinkage=0.1


Tree=84
num_leaves=31
num_cat=0
split_feature=0 0 10 4 0 0 0 10 11 12 2 1 11 8 7 6 13 13 13 7 3 6 6 13 10 9 1 9 9 11
split_gain=350.902 39.0342 23.9805 9.95069 8.02095 4.48285 2.62541 2.53809 3.21608 3.21832 2.31763 2.2071 2.20332 3.14166 3.08288 2.8278 2.98979 4.05397 2.22284 2.20717 2.07247 2.04707 2.0323 2.01293 1.95053 3.98006 3.36728 2.44354 3.06202 2.55397
threshold=28.500000000000004 19.500000000000004 7.5000000000000009 11.500000000000002 24.500000000000004 13.500000000000002 20.500000000000004 5.5000000000000009 1.0000000180025095e-35 7.5000000000000009 6.5000000000000009 1.0000000180025095e-35 1.0000000180025095e-35 0.37232102143182855 4.5000000000000009 7.5000000000000009 1.2792207792207795 1.1791443850267382 1.1055555555555558 7.5000000000000009 1.0000000180025095e-35 3.5000000000000004 3.5000000000000004 0.38750000000000007 8.5000000000000018 179.04150000000001 1.5000000000000002 208.85678815004266 193.68332260832264 4.5000000000000009
decision_type=2 2 2 2 2 2 2 2 2 2 2 2 2 2 2 2 2 2 2 2 2 2 2 2 2 2 2 2 2 2
left_child=1 2 -1 6 12 -4 7 -3 22 -10 20 -11 14 15 -5 16 17 18 -14 -16 -7 -13 -9 -6 25 -22 -26 28 -27 -29
right_child=-2 3 5 4 23 10 -8 8 9 11 -12 21 13 -15 19 -17 -18 -19 -20 -21 24 -23 -24 -25 26 27 -28 29 -30 -31
leaf_value=0.073665664956037116 -0.076474178217298974 0.041519454176447645 0.079130416483124355 0.12583581082302095 0.044778839444096247 0.084160474981873845 0.01206478754179573 0.0055461810480127551 0.040177408839148915 0.036538385207545009 -0.044541654887426563 -0.00033818756697807614 0.0062671886881238356 -0.09777924312980911 -0.084507916444628087 0.096651477185421997 -0.046545828106932766 0.10438346303728518 -0.087839054790249199 0.06734096123836901 0.098918543174689871 -0.08508973442182402 -0.090583508412446959 -0.070563630472918012 -0.019248828449045061 0.029353557897973975 0.028247506640865068 0.014082495246544563 -0.091803632824909706 0.054159167658462661
leaf_weight=190.6823313087225 501.22833225876093 64.008071430027485 12.789904199540613 3.168693993240594 1.6015010699629808 4.8654304817318907 830.23671988397837 4.3618630245327932 34.536094859242439 6.0530688539147404 5.7845346182584754 6.4103962108492833 24.522438146173961 3.5447543561458579 1.8875723630189898 2.8355569541454306 13.060711883008478 4.003616288304328 2.7961825653910628 1.9420852102339266 7.1237813979387274 5.131196066737175 4.4357130751013756 27.39075031504035 30.672986015677452 4.2373748496174795 29.07590938359499 50.051086463034153 4.1085195168852806 23.305538482964039
leaf_count=3465 14149 523 194 20 23 41 4038 24 166 33 20 28 176 30 21 16 96 30 27 20 38 21 23 622 124 22 114 262 19 128
internal_value=-0.00464336 0.0209889 0.0492434 0.0111534 -0.0212735 0.0221709 0.0140986 0.0276135 0.0130046 0.0224428 0.0175956 -0.012368 0.000268726 -0.00698301 0.0528699 -0.000166817 -0.00635239 0.0104074 -0.003365 -0.00750274 0.0199381 -0.0380173 -0.0429221 -0.0641922 0.017835 0.0272322 0.00386456 0.0209817 -0.0302897 0.0268149
internal_weight=1905.85 1404.62 362.697 1041.93 86.7539 172.015 955.173 124.936 60.9283 52.1308 159.225 17.5947 57.7616 50.7633 6.99835 47.2185 44.3829 31.3222 27.3186 3.82966 153.441 11.5416 8.79758 28.9923 148.575 88.8263 59.7489 81.7025 8.34589 73.3566
internal_count=24513 10364 4427 5937 1081 962 4856 818 295 248 768 82 436 375 61 345 329 233 203 41 748 49 47 645 707 469 238 431 41 390
is_linear=0
shrinkage=0.1


Tree=85
num_leaves=31
num_cat=0
split_feature=0 0 10 0 10 4 7 6 4 9 2 10 10 0 4 0 0 9 2 0 10 6 13 7 6 1 7 13 13 12
split_gain=169.753 20.116 18.5393 9.98514 18.3852 4.4531 4.22025 4.14259 3.84852 3.61283 4.12758 3.49621 6.44256 5.28345 4.4452 3.84551 4.1981 4.19173 6.1023 3.71301 3.73741 4.04906 3.49377 3.80517 5.59208 5.1587 6.68371 4.22774 6.42693 4.04389
threshold=40.500000000000007 18.500000000000004 7.5000000000000009 37.500000000000007 19.500000000000004 25.500000000000004 -3.4999999999999996 16.500000000000004 3.5000000000000004 320.93597105508877 1.5000000000000002 19.500000000000004 11.500000000000002 24.500000000000004 12.500000000000002 32.500000000000007 28.500000000000004 324.78951612903234 1.0000000180025095e-35 20.500000000000004 5.5000000000000009 10.500000000000002 1.4833333333333336 -1.0000000180025095e-35 11.500000000000002 3.5000000000000004 3.5000000000000004 0.5634920634920636 0.78888888888888908 1.5000000000000002
decision_type=2 2 2 2 2 2 2 2 2 2 2 2 2 2 2 2 2 2 2 2 2 2 2 2 2 2 2 2 2 2
left_child=1 2 -1 5 -5 7 -6 11 -4 -2 -11 12 19 -13 -14 16 17 -15 -19 20 21 -3 23 24 27 29 -27 -16 -29 -25
right_child=9 3 8 4 6 -7 -8 -9 -10 10 -12 13 14 15 22 -17 -18 18 -20 -21 -22 -23 -24 25 -26 26 -28 28 -30 -31
leaf_value=-0.070608023576287982 -0.074138706222045422 -0.024493822398546795 -0.066115287251570717 -0.05913798146213807 0.036668544012234787 -0.073049671507212491 -0.020434015078119792 0.11585600418021449 0.0090582680614543689 0.12561469346313756 -0.078253345806446661 -0.011986463934426428 -0.037465215735839705 0.045308262302352409 -0.010427566763915559 0.021299120720227483 0.064785808636579276 -0.093020687619814441 0.029547672058484659 0.017857299395840725 0.012208335420864372 0.15612670470919612 -0.041566570150416197 0.04815220216483676 -0.03573134304146449 0.13122636731601928 -0.00091165718092387654 0.20259303358545658 0.053895895548373096 -0.021344516572436672
leaf_weight=54.254935430362821 262.89694660902023 51.193897698074579 7.4033999536186448 51.319822026416659 47.043224181979895 5.6328760087490073 17.855138473212719 4.1449908986687651 85.002708487212658 1.9527125507593148 2.0209010969847441 35.163635194301605 32.387867420911789 32.918313764035702 7.5853083357214954 216.18559090048075 51.925812110304832 6.4011088535189655 11.115670986473559 1293.5121540986001 112.42383458651602 1.2719767056405533 15.512627284973858 9.525388337671755 8.8303495496511442 6.1416033878922489 10.16106043756008 3.3998024314641979 20.040313042700291 69.196100614964962
leaf_count=2765 8122 1007 150 1129 332 50 151 19 651 32 41 144 155 231 40 823 538 35 65 6410 692 21 89 57 58 40 78 20 116 452
internal_value=0.00273109 0.0116096 -0.0242078 0.0140864 -0.0144108 0.0157385 0.0209582 0.0159887 0.00303551 -0.0727083 0.0219315 0.0157812 0.0138377 0.0247989 -0.0038603 0.0288595 0.044827 0.0242783 -0.0152421 0.0160558 0.00192349 -0.0201149 0.00337671 0.00854566 0.0344806 -0.00233216 0.0488679 0.0544641 0.0754632 -0.0129353
internal_weight=2534.42 2267.55 146.661 2120.89 116.218 2004.67 64.8984 1999.04 92.4061 266.871 3.97361 1994.89 1641.18 353.71 182.78 318.546 102.361 50.4351 17.5168 1458.4 164.89 52.4659 150.393 134.88 39.8558 95.0242 16.3027 31.0254 23.4401 78.7215
internal_count=24513 16318 3566 12752 1612 11140 483 11090 801 8195 73 11071 9235 1836 1105 1692 869 331 100 8130 1720 1028 950 861 234 627 118 176 136 509
is_linear=0
shrinkage=0.1


Tree=86
num_leaves=31
num_cat=0
split_feature=0 0 10 0 3 4 4 3 0 0 4 0 11 8 1 8 0 3 2 7 10 12 11 12 4 3 9 8 8 5
split_gain=174.518 28.6738 10.0565 9.92527 5.96837 3.32325 3.28428 6.10263 6.09133 3.42955 5.73111 5.33733 5.18035 5.89345 5.62589 4.75753 4.72143 4.23844 4.91187 4.26493 4.28056 3.76266 3.37312 4.82558 3.85771 4.03376 5.35532 4.51467 3.19941 3.64432
threshold=26.500000000000004 52.500000000000007 7.5000000000000009 29.500000000000004 11.500000000000002 4.5000000000000009 6.5000000000000009 4.5000000000000009 31.500000000000004 43.500000000000007 18.500000000000004 50.500000000000007 1.5000000000000002 0.17694497153700192 2.5000000000000004 0.34654631083202514 46.500000000000007 6.5000000000000009 5.5000000000000009 -3.4999999999999996 12.500000000000002 10.500000000000002 4.5000000000000009 11.500000000000002 17.500000000000004 7.5000000000000009 259.78658186150835 0.28165064102564102 0.32630878438331851 1.0000000180025095e-35
decision_type=2 2 2 2 2 2 2 2 2 2 2 2 2 2 2 2 2 2 2 2 2 2 2 2 2 2 2 2 2 2
left_child=4 2 3 -2 -1 -5 7 8 -4 22 -11 12 13 14 -12 28 -16 -15 19 -19 -21 -22 23 -8 25 -24 27 -27 29 -14
right_child=1 -3 6 5 -6 -7 9 -9 -10 10 11 -13 15 17 16 -17 -18 18 -20 20 21 -23 24 -25 -26 26 -28 -29 -30 -31
leaf_value=-0.073775359233795607 -0.077095152124758287 -0.07359215698976862 -0.069516954671155012 -0.086546089356411851 0.018904799411108415 0.0056537271483968511 0.016938976069255894 0.10691050675129471 0.0024440149300909899 0.019153686142157095 0.015860677535928829 -0.053684440105011166 0.087219445190783562 -0.086120539863281498 0.072104317058497999 0.075078414062007326 0.21218129512213288 0.13284341062005417 -0.010016097699156373 0.11465359552153249 0.02818017635400168 -0.072815167646391066 0.025985674040671793 -0.013854598876789918 0.01544875114121522 0.034312264742943438 0.16885735071823132 0.098720960774918501 -0.078403908714864384 -0.0068378936258788802
leaf_weight=275.97700713388622 22.618711585178971 38.749874994158745 13.06346959248185 4.1762254536151877 7.1278214156627646 61.170980669558048 919.51278944499791 5.0871140509843817 118.16186814382672 337.22128262743354 9.8659386672079581 16.990229040384293 4.1980042159557334 4.3073031529784194 6.928564824163912 7.2812100984156123 3.6865611933171749 4.3449825309216967 39.15765892341733 5.0096533596515647 29.648957695811987 4.2130398228764525 145.10805957019329 53.87107403203845 179.88226236402988 49.0924685113132 3.9333607889711848 13.982246764004229 6.1124996393918982 219.9259000942111
leaf_count=9216 683 1918 379 60 111 498 4406 29 604 1766 50 547 27 28 27 41 30 23 252 24 168 25 770 251 808 242 21 75 36 1398
internal_value=0.00269227 0.0117103 0.0131547 -0.0200008 -0.0714419 -0.000238602 0.01448 -0.000553708 -0.00471969 0.0154728 0.00977561 0.00103151 0.00372861 0.0219801 0.0702248 -0.00450604 0.120752 0.0105808 0.0156373 0.0388812 0.0283784 0.0156145 0.0183889 0.0152347 0.0262212 0.0353567 0.0556499 0.0485902 -0.0070229 -0.00507613
internal_weight=2610.41 2327.3 2288.55 87.9659 283.105 65.3472 2200.59 136.312 131.225 2064.27 698.892 361.671 344.68 107.163 20.4811 237.518 10.6151 86.6816 82.3743 43.2166 38.8717 33.862 1365.38 973.384 391.998 212.116 67.0081 63.0747 230.236 224.124
internal_count=24513 15186 13268 1241 9327 558 12027 1012 983 11015 4442 2676 2129 627 107 1502 57 520 492 240 217 193 6573 4657 1916 1108 338 317 1461 1425
is_linear=0
shrinkage=0.1


Tree=87
num_leaves=31
num_cat=0
split_feature=0 0 4 0 4 0 0 4 4 0 13 2 5 9 7 1 8 11 8 13 2 8 13 2 9 0 5 6 7 1
split_gain=304.166 43.3504 7.76963 6.98389 4.82989 4.3842 3.89609 4.24 3.36617 3.8257 3.20658 2.95086 4.10789 4.07165 6.22074 3.89743 3.40632 5.52499 4.34768 6.2667 4.26996 4.55038 4.17669 4.16766 3.70015 3.98303 3.35375 3.2992 4.98934 3.45539
threshold=38.500000000000007 50.500000000000007 10.500000000000002 35.500000000000007 13.500000000000002 47.500000000000007 42.500000000000007 7.5000000000000009 18.500000000000004 52.500000000000007 1.9285714285714286 5.5000000000000009 7.5000000000000009 155.44709045780476 4.5000000000000009 1.0000000180025095e-35 0.19657494145199064 5.5000000000000009 0.30079365079365078 1.297058823529412 8.5000000000000018 0.16172624237140362 1.7032967032967035 7.5000000000000009 169.67195407342405 45.500000000000007 1.0000000180025095e-35 4.5000000000000009 6.5000000000000009 2.5000000000000004
decision_type=2 2 2 2 2 2 2 2 2 2 2 2 2 2 2 2 2 2 2 2 2 2 2 2 2 2 2 2 2 2
left_child=3 2 6 -1 -5 11 -2 -8 9 -3 -9 13 16 -4 26 -16 20 18 19 24 23 -22 -21 27 -18 -26 -15 -13 29 -29
right_child=1 8 5 4 -6 -7 7 10 -10 -11 -12 12 -14 14 15 -17 17 -19 -20 22 21 -23 -24 -25 25 -27 -28 28 -30 -31
leaf_value=-0.076463006841554326 -0.061746631682931312 0.014192970749183574 -0.021153314712145946 -0.077535779124168758 -0.022346528412715706 0.028943703331108513 0.044812188969155904 -0.046538389481744852 0.075196296897291209 0.078577724424346865 0.070827395088017706 -0.051798786683657075 0.06329110313385608 0.087585307121758049 -0.05097930342956445 0.041488514025375602 0.044487367615901635 -0.015884358061638661 -0.00016114840877244575 0.074529397142587661 0.11784563268771589 -0.00022880939893272012 -0.023727477504220686 -0.051374099106843034 -0.0090453928568283923 0.051753248432524157 0.0061453543652777191 -0.036868964977463212 0.083723066527799997 0.019918324000887153
leaf_weight=410.35928444191813 17.973082821816206 21.829164430499077 41.895928390324116 24.68519495241344 44.341063974425197 208.68868501484394 11.564384397119285 17.630475793033842 134.00901226699352 15.988155182451008 2.681997835636138 8.9245749190449697 21.058072682470083 5.107340730726718 4.8342614397406569 79.834551185369492 46.357662808150053 29.464573241770267 37.136723458766937 48.493094146251678 6.1222536414861661 6.9908371493220329 4.7499556690454474 16.565338924527168 42.369570076465607 14.450066477060316 508.65349837392569 16.023713111877441 8.6109072454273683 32.342608027160168
leaf_count=13714 381 228 187 600 898 1405 86 145 2189 276 20 41 84 21 22 336 201 133 162 200 25 30 21 67 164 71 2568 64 37 137
internal_value=-0.00269884 0.0206913 0.0141612 -0.0715127 -0.0420833 0.0157832 -0.0245153 -0.00352323 0.0677609 0.0414131 -0.0310418 0.0129806 0.0205149 0.00898405 0.011094 0.036209 0.0176876 0.0244567 0.0305976 0.0379003 0.00189301 0.0548979 0.0657636 -0.0065353 0.0235218 0.00641659 0.00695496 0.00473556 0.0135908 0.00110475
internal_weight=1889.74 1410.35 1238.52 479.386 69.0263 1188.67 49.8499 31.8769 171.826 37.8173 20.3125 979.986 339.66 640.326 598.43 84.6688 318.602 223.022 193.557 156.42 95.5802 13.1131 53.243 82.4671 103.177 56.8196 513.761 65.9018 56.9772 48.3663
internal_count=24513 9301 6608 15212 1498 5976 632 251 2693 504 165 4571 1437 3134 2947 358 1353 952 819 657 401 55 221 346 436 235 2589 279 238 201
is_linear=0
shrinkage=0.1


Tree=88
num_leaves=31
num_cat=0
split_feature=0 0 10 4 0 0 3 0 10 12 13 0 8 3 4 6 13 5 8 4 8 9 12 6 11 7 7 10 10 12
split_gain=311.858 32.3163 23.2115 8.35501 7.45225 4.20594 2.47313 2.84193 4.30897 3.36386 5.39439 4.02814 3.19916 5.07591 4.99541 6.6884 4.30218 12.8458 2.98761 2.81998 2.78925 3.9895 2.66713 5.01905 3.84092 3.84697 4.69547 3.10748 3.51882 3.14719
threshold=28.500000000000004 19.500000000000004 7.5000000000000009 11.500000000000002 24.500000000000004 13.500000000000002 2.5000000000000004 25.500000000000004 7.5000000000000009 11.500000000000002 1.5857142857142861 23.500000000000004 0.21294035577258458 5.5000000000000009 7.5000000000000009 4.5000000000000009 0.5634920634920636 2.5000000000000004 0.18441295546558703 3.5000000000000004 0.088562091503267909 349.12926470588241 5.5000000000000009 4.5000000000000009 1.0000000180025095e-35 -3.4999999999999996 -1.4999999999999998 21.500000000000004 5.5000000000000009 6.5000000000000009
decision_type=2 2 2 2 2 2 2 2 2 2 2 2 2 2 2 2 2 2 2 2 2 2 2 2 2 2 2 2 2 2
left_child=1 2 -1 6 -5 -4 20 9 12 19 11 -11 13 14 15 -9 17 -14 -17 -8 21 -3 24 -24 25 -22 -27 28 29 -25
right_child=-2 3 5 4 -6 -7 7 8 -10 10 -12 -13 16 -15 -16 18 -18 -19 -20 -21 22 -23 23 27 -26 26 -28 -29 -30 -31
leaf_value=0.07256278356512362 -0.07620104309000042 0.11101022500040492 0.078627044316378458 0.00072885023778304246 -0.062996814313487165 0.015619450518051492 0.071797153204611372 0.16778513198072476 -0.063431997101409052 0.038661457492435748 -0.050454111829631137 0.12740330957961007 -0.059180695391836471 0.1555732580202048 -0.052277645562551184 -0.057568143979470868 -0.032262753093821435 0.20843242030967254 0.085317602463579625 0.0089807238926349862 0.093058297227304104 0.0048995748776003659 0.031621232822708449 -0.065137801711541848 0.020158685241353915 -0.062473004744533246 0.075216480726622029 0.029852240907983652 -0.1013703829063213 -0.0017055817407781019
leaf_weight=167.36295775696635 456.94055893085897 7.8834593817591649 11.366243794560431 57.211253467947245 27.016797360032797 156.02149447053671 7.2483216896653166 3.5846653133630806 12.271128568798302 20.615728244185451 5.1952770724892607 6.8029145598411551 4.2753206193447104 2.9466918632388106 6.8585237003862849 3.8791944906115532 29.776972074061632 3.0901143215596676 2.3497285693883896 509.28130283206701 15.555536027997734 6.4358478188514709 51.619578454643488 9.3069040812551957 157.93083017319441 4.4826827459037304 5.5346953645348531 16.782672319561243 4.7458477020263663 49.015532538294792
leaf_count=3465 14149 37 194 436 645 768 31 32 177 89 23 30 41 32 74 36 295 30 18 2273 83 30 264 44 785 22 30 104 24 252
internal_value=-0.00468461 0.0192305 0.0462284 0.0104706 -0.0197116 0.0198979 0.0131537 0.00942488 -0.00969861 0.0118289 0.0429763 0.0606794 0.00191793 0.0345835 0.0131994 0.05896 -0.0153362 0.0530944 -0.00366754 0.00986221 0.0201539 0.0633185 0.0181915 0.00731993 0.0259804 0.0619337 0.0136017 -0.00838962 -0.0185659 -0.0118279
internal_weight=1823.39 1366.45 334.751 1031.7 84.2281 167.388 947.469 618.176 69.0323 549.144 32.6139 27.4186 56.7612 19.6188 16.6721 9.81359 37.1424 7.36543 6.22892 516.53 329.294 14.3193 314.974 131.471 183.504 25.5729 10.0174 79.851 63.0683 58.3224
internal_count=24513 10364 4427 5937 1081 962 4856 3181 735 2446 142 119 558 192 160 86 366 71 54 2304 1675 67 1608 688 920 135 52 424 320 296
is_linear=0
shrinkage=0.1


Tree=89
num_leaves=31
num_cat=0
split_feature=0 0 0 10 10 0 10 0 4 8 6 8 13 13 7 12 0 5 8 9 0 4 8 9 6 12 9 2 9 3
split_gain=151.103 16.1171 7.59978 16.6082 7.0434 4.89344 6.87834 4.62361 3.99442 3.9164 3.93726 7.17437 5.35679 6.12641 4.75566 4.24252 7.06711 3.84315 3.97008 3.95244 4.37738 3.88447 4.30692 3.64539 3.58374 3.5238 3.49369 3.33615 3.30395 3.29251
threshold=40.500000000000007 16.500000000000004 37.500000000000007 19.500000000000004 7.5000000000000009 20.500000000000004 7.5000000000000009 19.500000000000004 25.500000000000004 0.28165064102564102 10.500000000000002 0.18394199785177229 1.1791443850267382 0.94987468671679209 -6.4999999999999991 4.5000000000000009 39.500000000000007 1.0000000180025095e-35 0.15319426336375488 232.14383680555557 15.500000000000002 6.5000000000000009 0.21294035577258458 227.68449712643681 16.500000000000004 3.5000000000000004 320.93597105508877 1.5000000000000002 181.13210382513662 3.5000000000000004
decision_type=2 2 2 2 2 2 2 2 2 2 2 2 2 2 2 2 2 2 2 2 2 2 2 2 2 2 2 2 2 2
left_child=1 4 5 -4 -1 6 7 -3 24 10 14 -12 13 -13 -5 -16 -17 -6 19 -19 -21 -20 -23 28 -7 -11 -2 -28 -24 -9
right_child=26 2 3 9 17 8 -8 29 -10 25 11 12 -14 -15 15 16 -18 18 21 20 -22 22 23 -25 -26 -27 27 -29 -30 -31
leaf_value=-0.075988458602704242 -0.073660153016846017 -0.050281680999487093 -0.057569295786155751 -0.071444051311609372 -0.081492409658600287 0.015517786084729738 0.01318741358287972 -0.022734474898832274 -0.071074837264749127 0.04363949858308145 -0.03748126084729065 0.092001847568162792 0.0059688240289796001 0.27339256900169412 -0.0074792701762658167 0.032520334594804967 0.19877346661874218 -0.038706183048457007 -0.060335185730015652 0.034170597015147519 0.22325704279478262 -0.083258773419256624 0.035104178164672366 -0.021065277493204825 0.11002577042515277 -0.065121910138321887 0.10439153605071919 -0.07799006734873444 0.19721539529103382 0.028476407369216073
leaf_weight=28.399499701336026 239.39483501017094 34.802963696420193 47.989784820005298 5.4590354450046972 5.9601343013346186 1806.3142440244555 151.8699714615941 33.341621369123459 5.3169529289007178 4.4942834526300421 4.1030863635241976 4.8793433345854265 3.0938454754650593 3.0109946690499783 15.548352334648376 12.705661673098801 3.2009819373488417 2.2510055601596859 9.9543743338435906 2.6592055801302195 2.2689579240977764 2.7180514950305215 2.5478959139436466 3.2283391058444977 4.021289847791194 8.8350882641971094 2.1718371883034697 1.863557420670986 2.4818117991089821 20.137061413377523
leaf_count=1659 8122 1806 1129 38 98 9338 627 461 50 33 37 36 22 19 113 79 35 25 193 62 17 27 29 34 19 71 32 41 22 239
internal_value=0.00270657 0.0108673 0.0123095 -0.0129018 -0.0392105 0.0136992 0.000284185 -0.0219131 0.0154735 0.0199094 0.0323055 0.0753463 0.117492 0.161222 0.0147141 0.0296669 0.0659764 -0.0085536 0.00691174 0.0710806 0.121227 -0.0150982 0.0259278 0.0618654 0.0157277 -0.0284507 -0.0721048 0.0201672 0.115095 -0.00345134
internal_weight=2475.02 2231.59 2169.12 113.32 62.4693 2055.8 240.152 88.2816 1815.65 65.3307 52.0013 15.0873 10.9842 7.89034 36.914 31.455 15.9066 34.0698 28.1096 7.17917 4.92816 20.9305 10.9761 8.25805 1810.34 13.3294 243.43 4.03539 5.02971 53.4787
internal_count=24513 16318 14152 1612 2166 12540 3133 2506 9407 483 379 114 77 55 265 227 114 507 409 104 79 305 112 85 9357 104 8195 73 51 700
is_linear=0
shrinkage=0.1


Tree=90
num_leaves=31
num_cat=0
split_feature=0 0 10 0 3 4 9 1 7 12 0 8 1 3 9 4 5 4 0 13 2 10 8 0 10 0 0 10 0 8
split_gain=154.482 24.0799 8.47332 9.26648 5.84952 3.02086 2.98359 3.1608 2.96061 2.64476 2.68128 3.70308 3.87777 5.34029 3.78459 2.93293 7.41675 2.56465 5.3646 3.36228 4.46131 3.54244 3.28138 3.19026 6.95992 4.68924 4.55027 4.38433 5.26325 4.36666
threshold=26.500000000000004 52.500000000000007 7.5000000000000009 29.500000000000004 11.500000000000002 4.5000000000000009 175.35273550724642 3.5000000000000004 2.5000000000000004 11.500000000000002 34.500000000000007 0.22540322580645164 1.0000000180025095e-35 3.5000000000000004 415.70721153846165 7.5000000000000009 2.5000000000000004 7.5000000000000009 30.500000000000004 1.1791443850267382 3.5000000000000004 22.500000000000004 0.43019480519480519 40.500000000000007 19.500000000000004 49.500000000000007 44.500000000000007 19.500000000000004 33.500000000000007 0.38956639566395673
decision_type=2 2 2 2 2 2 2 2 2 2 2 2 2 2 2 2 2 2 2 2 2 2 2 2 2 2 2 2 2 2
left_child=4 2 3 -2 -1 -5 7 -6 9 10 11 12 -7 -14 -13 -12 -17 18 -4 -20 21 -21 23 27 25 29 -26 28 -19 -25
right_child=1 -3 17 5 6 8 -8 -9 -10 -11 15 14 13 -15 -16 16 -18 22 19 20 -22 -23 -24 24 26 -27 -28 -29 -30 -31
leaf_value=-0.073278569812784397 -0.076914276590586583 -0.073043562957251493 -0.067275207294598224 -0.085761302562024577 -0.0084575590209958577 -0.044563228551944417 -0.078850695476177873 0.15242494813322549 -0.068921082247531421 0.084831281125301417 0.077712202402514641 -0.062661103365628787 0.1888347852003045 0.0093954945155925867 0.10400128224736567 0.087773447215577644 -0.05548634973554413 0.013847108240397907 -0.0041145196602928669 0.044579016705193666 -0.079467599721743165 -0.0084996937309904912 -0.052759079010401548 0.008053580280350808 0.052160515324434047 -0.030349627115732344 0.018718519117625187 0.0044172948105491239 0.031009048025818959 0.10211561313120268
leaf_weight=250.62105227075517 20.732751280069351 33.659275975078344 10.461476070806382 3.8681686855852595 2.8211886845529071 4.6657701544463652 2.1919955853372812 2.1532252877950668 4.9274654015898696 4.5703894831240168 8.4062342792749423 14.466671869158743 2.5512489937245846 4.7400162480771542 1.504192367196082 6.1676681339740744 8.7274775952100736 351.82186200097203 114.2440512701869 46.823626190423965 3.9280261844396582 17.189636331051588 7.238141205161809 846.58739077672362 54.816742196679115 32.070660423487425 157.84279772266746 163.60444281063974 363.15194348990917 4.9643189311027518
leaf_count=9216 683 1918 353 60 43 57 37 31 34 30 29 195 27 55 13 23 35 1448 630 248 20 111 33 3830 486 983 774 842 2248 21
internal_value=0.00266603 0.010915 0.0121654 -0.0187464 -0.0707313 -7.65838e-05 0.0183501 0.0611821 0.00538132 0.0119427 0.00543998 -0.015457 0.0266268 0.0721822 -0.0469643 0.0304861 0.00383357 0.0133782 0.00236306 0.00636184 0.023978 0.0303257 0.0144488 0.0146952 0.0110971 0.00718821 0.0273388 0.0191849 0.0225641 0.00860194
internal_weight=2551.52 2293.73 2260.07 85.3281 257.787 64.5953 7.16641 4.97441 60.7271 55.7997 51.2293 27.9279 11.957 7.29127 15.9709 23.3014 14.8951 2174.75 192.647 182.185 67.9413 64.0133 1982.1 1974.86 1096.28 883.622 212.66 878.578 714.974 851.552
internal_count=24513 15186 13268 1241 9327 558 111 74 498 464 434 347 139 82 208 87 58 12027 1362 1009 379 359 10665 10632 6094 4834 1260 4538 3696 3851
is_linear=0
shrinkage=0.1


Tree=91
num_leaves=31
num_cat=0
split_feature=0 0 4 0 0 4 4 0 3 5 5 0 8 12 2 6 13 7 13 9 9 1 12 4 12 7 5 10 8 3
split_gain=269.013 38.9351 9.21922 4.95517 3.63219 3.56943 3.51087 3.6875 3.08065 3.35714 3.16529 3.9997 3.86547 3.00062 3.12065 2.93093 2.80823 2.76256 2.72657 2.69276 2.62053 2.57197 2.50609 2.48546 7.2083 2.41795 2.41228 2.19065 2.91839 2.15918
threshold=37.500000000000007 50.500000000000007 10.500000000000002 42.500000000000007 47.500000000000007 7.5000000000000009 18.500000000000004 52.500000000000007 4.5000000000000009 6.5000000000000009 4.5000000000000009 42.500000000000007 0.23368794326241135 9.5000000000000018 3.5000000000000004 12.500000000000002 0.21111111111111114 -9.4999999999999982 0.48529411764705882 229.30280388471181 218.39362403100776 1.0000000180025095e-35 2.5000000000000004 23.500000000000004 9.5000000000000018 -8.4999999999999982 1.0000000180025095e-35 19.500000000000004 0.35355392156862747 9.5000000000000018
decision_type=2 2 2 2 2 2 2 2 2 2 2 2 2 2 2 2 2 2 2 2 2 2 2 2 2 2 2 2 2 2
left_child=23 2 3 19 8 -5 7 13 9 10 11 -4 -13 18 -15 22 -10 -6 -3 -2 -11 -22 -7 -1 -25 -19 -8 28 -27 -20
right_child=1 6 4 5 17 15 26 -9 16 20 -12 12 -14 14 -16 -17 -18 25 29 -21 21 -23 -24 24 -26 27 -28 -29 -30 -31
leaf_value=-0.074851422525840497 0.075853397732613528 -0.046086940789928602 -0.06758729223805808 0.040710849153884655 -0.03300122200095984 0.01441646833094138 -0.049701931839478894 0.078069166782374466 -0.042818433901033091 -0.056498391430942631 -0.073018047203285003 -0.030014207452431919 0.07694033650620942 0.028427450471327054 -0.14720827408716258 0.071564666928477169 0.013283480070836387 0.1137964780214448 0.071716760462619711 -0.07316747929133742 0.13057706876734498 0.0013061136423561219 -0.068441834604069038 -0.077178926265827869 0.17152151244878586 0.036332633509012828 0.07579311301114533 0.011017867065604758 -0.07187020651786917 -0.027072574745316227
leaf_weight=404.93169014342129 1.2874052971601511 3.6811050921678605 7.1410938501358094 11.804157394915821 7.5564619228243819 5.2282018773257795 1.5522584468126286 13.894714061170815 9.0070887058973295 2.0659593865275365 11.219259221106766 6.5788256973028165 6.9477345943450928 1.8925538361072529 2.173336498439312 2.5413959734141818 947.97698448970914 3.2771017700433722 10.595101974904535 20.85721985436976 3.4820703715085983 2.7582500278949738 12.094430441036819 4.2723169289529315 1.6025632657110689 130.27340623736382 115.66929912939668 58.361076325178146 2.5413048267364493 2.7963427305221549
leaf_count=14549 24 25 119 86 29 41 26 276 59 19 107 44 38 22 20 24 4499 15 125 488 32 29 100 120 37 1115 2163 227 19 36
internal_value=-0.00273085 0.0180787 0.0122764 -0.0282159 0.0140934 -0.00284075 0.0658298 0.0380527 0.0116164 -0.015505 -0.0302554 -0.00704213 0.0249215 0.0117491 -0.0654549 -0.0287212 0.0127555 0.026321 0.0301356 -0.064504 0.0411204 0.0734387 -0.0434341 -0.0739145 -0.00933785 0.0286263 0.0741313 0.0271663 0.0342623 0.051088
internal_weight=1816.06 1405.25 1253 53.8128 1199.19 31.6682 152.255 35.0332 997.177 40.1932 31.8869 20.6677 13.5266 21.1384 4.06589 19.864 956.984 202.009 17.0725 22.1446 8.30628 6.24032 17.3226 410.807 5.87488 194.453 117.222 191.176 132.815 13.3914
internal_count=24513 9807 7114 763 6351 251 2693 504 4946 388 308 201 82 228 42 165 4558 1405 186 512 80 61 141 14706 157 1376 2189 1361 1134 161
is_linear=0
shrinkage=0.1


Tree=92
num_leaves=31
num_cat=0
split_feature=0 0 10 3 0 0 8 9 10 10 0 8 5 9 11 9 9 5 1 11 7 12 7 8 12 7 4 9 5 0
split_gain=277.881 26.4445 22.167 6.97561 4.10772 3.86865 2.94251 3.00053 2.67206 4.16426 7.47034 2.77522 4.30877 4.75561 3.93105 3.82085 6.28899 6.05755 3.31308 3.26439 4.42843 4.29136 3.13335 4.26354 3.01029 2.65587 3.21941 3.61875 2.49864 3.95293
threshold=28.500000000000004 19.500000000000004 7.5000000000000009 8.5000000000000018 24.500000000000004 13.500000000000002 0.16405676535356004 194.96185268979391 6.5000000000000009 22.500000000000004 24.500000000000004 0.17349498327759191 2.5000000000000004 391.2322916666667 1.0000000180025095e-35 298.37471064814821 243.40676843317974 3.5000000000000004 1.5000000000000002 1.5000000000000002 1.5000000000000002 5.5000000000000009 -2.4999999999999996 0.14670014347202293 1.5000000000000002 -1.4999999999999998 6.5000000000000009 287.21704857030949 2.5000000000000004 23.500000000000004
decision_type=2 2 2 2 2 2 2 2 2 2 2 2 2 2 2 2 2 2 2 2 2 2 2 2 2 2 2 2 2 2
left_child=1 2 -1 8 6 -4 7 -5 11 10 -10 12 13 19 -14 16 -16 -18 24 20 21 -3 -21 25 -17 -24 -27 -28 29 -13
right_child=-2 3 5 4 -6 -7 -8 -9 9 -11 -12 28 14 -15 15 18 17 -19 -20 22 -22 -23 23 -25 -26 26 27 -29 -30 -31
leaf_value=0.071415063838432713 -0.075939759973962295 0.077337172954817637 0.078155096358114851 -0.0012484835341878473 -0.070687996664666783 0.01396878639459959 -0.024952115839595043 0.11812088154052035 0.0042433520462299788 0.027178567118804689 -0.050426099599292576 0.01392281812923632 0.071145830637994845 -0.024115936765009685 0.064644688135612624 -0.064450570886623745 -0.012327600381787214 -0.14632812751362964 0.074952034230112555 0.0086038331332081094 -0.061757475490798498 -0.022470107267590821 0.12084830688844062 0.12269202679529503 0.014939992093831019 -0.0051652860145766739 0.023628557038589189 0.11412950192679444 0.0192260714667804 -0.0096398014461545802
leaf_weight=146.65886509791017 416.71630824916065 12.105603121221071 10.00095125287771 6.0193106532096845 14.78363819979131 153.76045779138803 26.577218722552061 3.2388369925320148 174.9852640144527 56.181177642196417 29.160080824047327 203.32264871895313 8.727245204150675 9.8390552625060064 4.3957960009574917 5.6416866257786742 7.4602441936731321 6.1583237498998642 7.6854965314269057 8.7485385760664922 5.289696976542472 6.6879579052329055 5.0890136808156887 12.853372670710085 31.128192119300365 9.4040172323584645 9.1684119217097777 8.5278779156506044 240.57221856340766 109.56626633182168
leaf_count=3465 14149 66 194 42 395 768 241 23 795 338 454 936 42 53 26 29 41 37 41 48 27 35 22 73 154 49 47 47 1208 668
internal_value=-0.00465958 0.0176114 0.0431773 0.00985602 -0.0263364 0.0178887 -0.0080395 0.0405113 0.0117395 0.00306929 -0.00356562 0.0149079 0.0265562 0.0413915 0.00827925 -0.000503434 -0.039354 -0.0729227 0.0152397 0.0496681 0.0190695 0.0418193 0.0633676 0.0740042 0.00275892 0.0545629 0.0421156 0.0672411 0.0115634 0.00567175
internal_weight=1750.45 1333.74 310.42 1023.32 50.619 163.761 35.8354 9.25815 972.698 260.327 204.145 712.372 158.911 87.7135 71.197 62.4697 18.0144 13.6186 44.4554 77.8745 24.0833 18.7936 53.7912 45.0427 36.7699 32.1893 27.1003 17.6963 553.461 312.889
internal_count=24513 10364 4427 5937 701 962 306 65 5236 1587 1249 3649 837 467 370 328 104 78 224 414 128 101 286 238 183 165 143 94 2812 1604
is_linear=0
shrinkage=0.1


Tree=93
num_leaves=31
num_cat=0
split_feature=0 0 10 0 10 5 9 6 7 9 9 12 12 10 9 9 8 4 8 8 7 8 9 9 0 10 0 9 11 6
split_gain=134.366 12.7887 6.7315 6.15972 14.4682 3.57702 3.40779 3.38959 3.37771 3.357 8.13547 4.72122 3.8839 5.15912 3.81097 3.3496 5.4243 3.29773 3.46215 3.25441 3.52301 3.942 4.34146 3.66359 3.17479 5.27083 3.88094 3.05603 3.17842 3.44907
threshold=40.500000000000007 16.500000000000004 7.5000000000000009 37.500000000000007 19.500000000000004 1.0000000180025095e-35 320.93597105508877 15.500000000000002 -3.4999999999999996 245.46350609756101 261.99600202429156 2.5000000000000004 1.5000000000000002 22.500000000000004 219.85365103488206 251.58103038936375 0.2561121049493143 25.500000000000004 1.0000000180025095e-35 0.15319426336375488 -1.0000000180025095e-35 0.21294035577258458 226.76485042735047 193.68332260832264 20.500000000000004 7.5000000000000009 19.500000000000004 232.14383680555557 2.5000000000000004 3.5000000000000004
decision_type=2 2 2 2 2 2 2 2 2 2 2 2 2 2 2 2 2 2 2 2 2 2 2 2 2 2 2 2 2 2
left_child=1 2 -1 7 -5 -4 -2 17 9 14 11 -11 -12 -14 -6 16 -10 18 -3 27 -21 -22 23 -23 25 26 -20 -7 -29 -30
right_child=6 3 5 4 8 19 -8 -9 15 10 12 -13 13 -15 -16 -17 -18 -19 24 20 21 22 -24 -25 -26 -27 -28 28 29 -31
leaf_value=-0.075854822107180794 -0.07317034775764987 -0.097158489213562266 -0.080981203998597706 -0.055688710872738315 0.074113037128496428 -0.036381095161428033 0.01929550899863413 0.083933391838347998 0.14752314651543716 0.24513998931012526 -0.068701194722964362 0.079554844998266677 0.015614021067242509 0.12938643512312767 -0.058890825123303472 -0.044267198247281876 -0.081508921344965041 -0.06895142739630554 -0.046671054396611074 -0.067024101674203126 -0.082320888927255059 0.046611240026106261 -0.018920282467834816 0.22205413169607024 0.014194641638140834 0.012943209809970754 -0.0018893364243509213 -0.017176288882257484 0.042252397791041771 0.23524069312850382
leaf_weight=24.646461624652147 218.03636388853192 2.8697169637307516 5.4461532197892657 44.491136973723769 3.0741710364818555 2.1562053225934532 4.0599678251892319 6.6461632847785941 2.6167255938053158 2.6779191941022864 4.0521857552230385 4.8233601301908493 21.859523370862011 4.874439373612403 7.1995987147092819 13.314017102122305 1.7097147703170774 4.9705068916082373 30.672315358184278 7.5911473035812422 2.9449740946292851 3.074455885216592 4.7420311290770769 1.942106684669852 1783.6820516102016 150.9297025129199 52.437382806092501 1.5253180451691148 1.6030920650810006 2.1927574798464775
leaf_count=1659 8122 35 98 1129 32 25 73 37 32 18 24 38 134 25 61 94 25 50 1787 161 35 36 58 15 9314 621 696 25 26 28
internal_value=0.00265047 0.0101316 -0.036258 0.0113842 -0.0115881 -0.00687894 -0.0714801 0.0126355 0.01805 0.031664 0.0452837 0.138668 0.02253 0.0363583 -0.0190927 -0.0194271 0.0570147 0.0124016 0.0126017 0.00765263 -0.0131259 0.0190815 0.049683 0.114532 0.0127578 0.0018071 -0.0184164 0.0640487 0.104744 0.153736
internal_weight=2422.86 2200.77 57.8647 2142.9 110.693 33.2182 222.096 2032.21 66.2017 48.5612 38.2874 7.50128 30.7861 26.734 10.2738 17.6405 4.32644 2025.56 2020.59 27.7721 20.2947 12.7036 9.75859 5.01656 2017.72 234.039 83.1097 7.47737 5.32117 3.79585
internal_count=24513 16318 2166 14152 1612 507 8195 12540 483 332 239 56 183 159 93 151 57 12503 12453 409 305 144 109 51 12418 3104 2483 104 79 54
is_linear=0
shrinkage=0.1


Tree=94
num_leaves=31
num_cat=0
split_feature=0 0 10 0 3 0 13 13 6 0 4 4 9 8 1 8 0 0 11 1 12 8 5 11 13 12 4 0 8 13
split_gain=137.064 20.2489 7.2328 8.60942 5.87769 4.08739 3.07054 2.76338 2.96991 4.16529 2.74212 2.85041 3.45762 4.68113 4.25541 5.01831 3.58454 3.2013 2.50873 2.47238 4.4674 2.98726 3.41343 2.69522 2.40661 2.58532 2.39478 4.81037 3.17136 2.84558
threshold=26.500000000000004 52.500000000000007 7.5000000000000009 29.500000000000004 9.5000000000000018 23.500000000000004 1.4833333333333336 0.78888888888888908 3.5000000000000004 25.500000000000004 4.5000000000000009 8.5000000000000018 328.81087622549029 0.23294573643410851 1.5000000000000002 0.28989813242784385 32.500000000000007 33.500000000000007 5.5000000000000009 5.5000000000000009 3.5000000000000004 0.28989813242784385 1.5000000000000002 3.5000000000000004 1.1791443850267382 4.5000000000000009 7.5000000000000009 30.500000000000004 0.43019480519480519 1.1791443850267382
decision_type=2 2 2 2 2 2 2 2 2 2 2 2 2 2 2 2 2 2 2 2 2 2 2 2 2 2 2 2 2 2
left_child=4 2 3 -2 -1 -6 7 -7 -9 -10 -5 12 13 16 15 -14 -12 -17 -13 26 23 22 -22 -21 25 -15 27 -4 -28 -29
right_child=1 -3 19 10 5 6 -8 8 9 -11 11 18 14 24 -16 17 -18 -19 -20 20 21 -23 -24 -25 -26 -27 28 29 -30 -31
leaf_value=-0.074391094912380371 -0.076752764104234317 -0.072461083948927585 -0.066375959499717363 -0.08503242979306333 -0.077526881635384987 0.13530528276195281 0.17747361364191805 -0.078706734721292734 -0.038426563240695974 0.16778552379811998 -0.0009173710955559149 -0.033595340975905434 -0.066924891394148645 0.12573787310152396 0.085889538940656068 -0.028472041626406808 0.13703066234059511 0.14843651976872593 0.057753112240228548 -0.082035219160130124 0.08609325022206607 -0.041842338282692348 0.006789608398772286 -0.0051022524581236942 -0.082011088356581788 -0.037862944020113337 0.014265851090993212 -0.0037114059149421386 -0.053078830650616464 0.022249172085198912
leaf_weight=218.43931956589222 19.037577440962195 29.254037709906697 9.6923113465309125 3.5858462601900092 6.2102363202720907 1.4012113139033306 1.1691568084061135 3.9533888678997737 2.4886326491832733 1.6153195500373838 2.5504588037729281 21.48065798915923 10.631108991801741 1.8819097988307469 3.9767267927527419 1.9710557647049416 7.2048391625285149 2.126394234597683 3.4956972301006308 10.454191084951164 7.2563134972006109 8.1375791989266855 21.536114618182182 8.0681559890508634 2.645622942596674 1.9845064878463743 1896.1004854086787 113.60863810405135 7.0184972621500483 67.195188224315643
leaf_count=8980 683 1918 353 60 157 25 21 73 47 24 43 153 99 19 36 36 31 9 21 68 39 44 135 42 28 23 10305 630 32 379
internal_value=0.00263684 0.010196 0.0112795 -0.017764 -0.0700028 -0.0130738 0.024589 0.00569121 -0.0168493 0.0427387 -8.85504e-05 0.00499237 0.0234197 0.0571367 -0.00590272 -0.0306867 0.100965 0.0633356 -0.0208102 0.0123955 -0.00844566 0.0116557 0.0267758 -0.048524 -0.00851996 0.0417669 0.0129475 0.00225754 0.0140175 0.00593676
internal_weight=2496.17 2260.89 2231.64 82.5724 235.277 16.8379 10.6277 9.45855 8.05734 4.10395 63.5348 59.949 34.9726 16.2673 18.7053 14.7286 9.7553 4.09745 24.9764 2149.07 55.4524 36.93 28.7924 18.5223 6.51204 3.86642 2093.62 190.496 1903.12 180.804
internal_count=24513 15186 13268 1241 9327 347 190 169 144 71 558 498 324 144 180 144 74 45 174 12027 328 218 174 110 70 42 11699 1362 10337 1009
is_linear=0
shrinkage=0.1


Tree=95
num_leaves=31
num_cat=0
split_feature=0 0 4 0 4 9 0 4 13 0 9 9 4 3 9 1 12 0 9 0 1 6 5 11 10 1 8 7 0 9
split_gain=238.825 33.625 7.76776 4.67182 3.67388 3.60712 3.58326 2.94517 2.91004 2.88592 3.92571 4.26557 4.21613 3.49929 2.62607 2.83279 2.59937 2.57074 2.53111 5.50555 3.45036 3.85326 4.82358 3.36972 3.15419 4.45164 5.03921 4.5976 4.23321 3.61987
threshold=37.500000000000007 50.500000000000007 10.500000000000002 42.500000000000007 18.500000000000004 225.86830065359479 52.500000000000007 7.5000000000000009 1.9285714285714286 48.500000000000007 210.12683215130025 216.18605442176872 18.500000000000004 4.5000000000000009 272.97416666666669 1.5000000000000002 9.5000000000000018 42.500000000000007 233.93433035714287 40.500000000000007 1.0000000180025095e-35 11.500000000000002 5.5000000000000009 5.5000000000000009 13.500000000000002 1.5000000000000002 0.36032786885245904 2.5000000000000004 39.500000000000007 166.86956018518524
decision_type=2 2 2 2 2 2 2 2 2 2 2 2 2 2 2 2 2 2 2 2 2 2 2 2 2 2 2 2 2 2
left_child=-1 2 3 5 6 -2 16 -5 14 13 -11 12 -12 17 15 -9 -3 -4 20 23 21 22 -15 -20 25 27 29 -22 -26 -27
right_child=1 4 9 7 -6 -7 -8 8 -10 10 11 -13 -14 18 -16 -17 -18 -19 19 -21 24 -23 -24 -25 28 26 -28 -29 -30 -31
leaf_value=-0.073488202670157363 0.12303989449332842 0.026991892942655367 -0.055296047856863033 0.036711318557398002 0.07311273206047135 -0.072726318487077807 0.077635371701520919 0.023901420524380115 0.070408315900738205 0.049038646626402775 -0.1401980421135775 0.022490836645865341 0.0026702358887612746 -0.014610545394232675 -0.087537910904796207 -0.10219983134795692 -0.061671295053557285 -0.0017198329041554412 -0.080822353314758039 0.030538033088485895 0.085592483572127967 -0.069742483198372049 0.058448001713329367 0.063529025446710186 -0.042188110949938858 0.00019625616754387378 0.11955307594391923 0.022412111058180657 0.0096823613708569047 0.025341530193400175
leaf_weight=375.17276972997934 0.98848759010434406 16.128732677549127 11.794802434742449 12.034506674855949 102.90206994488835 19.67814963683486 12.064524408429859 7.1698685698211246 2.6828176602721205 50.206949017941952 3.4383866861462575 44.681386135518551 5.1735541149973869 49.387296669185162 7.166004877537488 2.3704266250133514 4.15931562334299 37.210734467953444 7.2926663905382139 130.73190342634916 20.001270141452551 9.5028152577579004 11.061059001833199 2.0779391191899776 16.21751151420176 108.48016878589988 4.5665984824299803 27.154823906719685 527.36016483977437 121.23000682145357
leaf_count=14706 18 186 211 86 2189 494 276 63 20 509 27 292 36 261 65 17 42 211 103 605 106 53 54 30 269 513 22 137 2326 586
internal_value=-0.00276978 0.0165271 0.0113616 -0.0264346 0.0638715 -0.0633628 0.0344785 -0.00214771 -0.0262669 0.0130194 0.0289735 0.0100703 -0.0543711 0.0114962 -0.0417917 -0.00743029 0.00881478 -0.0146147 0.0127325 0.0252308 0.0107759 -0.0105478 -0.00124203 -0.0488123 0.0125839 0.0211772 0.0155346 0.0492101 0.00813482 0.0134667
internal_weight=1750.09 1374.91 1239.66 52.0903 135.255 20.6666 32.3526 31.4236 19.3891 1187.57 103.5 53.2933 8.61194 1084.07 16.7063 9.5403 20.288 49.0055 1035.06 140.103 894.962 69.9512 60.4484 9.37061 825.011 281.433 234.277 47.1561 543.578 229.71
internal_count=24513 9807 7114 763 2693 512 504 251 165 6351 864 355 63 5487 145 80 228 422 5065 738 4327 368 315 133 3959 1364 1121 243 2595 1099
is_linear=0
shrinkage=0.1


Tree=96
num_leaves=31
num_cat=0
split_feature=0 0 10 10 0 10 0 2 3 6 13 12 8 10 7 12 10 5 8 2 7 7 8 4 0 4 9 9 8 8
split_gain=248.781 21.8409 15.6208 5.89292 5.8745 4.99491 10.3533 4.09404 3.48689 3.17599 2.84769 3.89202 6.47992 3.43489 3.77721 3.75992 3.29832 3.24588 2.69023 2.5373 2.5463 5.8244 5.64171 4.02528 6.34643 3.8234 3.23962 2.49247 3.29836 6.60023
threshold=28.500000000000004 18.500000000000004 7.5000000000000009 7.5000000000000009 20.500000000000004 22.500000000000004 23.500000000000004 1.0000000180025095e-35 2.5000000000000004 7.5000000000000009 0.25833333333333336 4.5000000000000009 0.34654631083202514 1.0000000180025095e-35 -4.4999999999999991 8.5000000000000018 2.5000000000000004 1.5000000000000002 0.23706512042818909 1.5000000000000002 -1.0000000180025095e-35 -2.4999999999999996 0.11215932914046121 5.5000000000000009 21.500000000000004 8.5000000000000018 310.06151623321438 281.73331456456464 0.30707196029776679 0.34654631083202514
decision_type=2 2 2 2 2 2 2 2 2 2 2 2 2 2 2 2 2 2 2 2 2 2 2 2 2 2 2 2 2 2
left_child=1 2 -1 4 -3 6 -5 9 -4 -8 11 -6 13 -13 -15 16 -16 -18 -17 20 21 27 -22 24 -24 -25 -27 -12 -29 -30
right_child=-2 3 8 5 10 -7 7 -9 -10 -11 19 12 -14 14 15 18 17 -19 -20 -21 22 -23 23 25 -26 26 -28 28 29 -31
leaf_value=0.074155104430008098 -0.075694151623830003 0.036777686373936892 0.049747189708974723 0.0032062391315835766 0.016466607432142105 0.024607766918001525 -0.035920997823686955 -0.057349546550621404 0.0098982774293745121 0.10353873184612195 -0.034183699962590366 0.019996378681288694 0.086469239755256735 -0.10524982838718065 -0.0065280735716050989 -0.02317467282511183 -0.031307897613522775 -0.13782652948088431 0.070454155243466723 0.0087356639720888481 0.11498243314357913 0.052556668050608463 -0.14556046085215038 0.032632561797944569 -0.0045960817160705693 -0.062067117320805554 0.043661774065021385 0.010192473136304191 0.11279199468437121 0.00110943474913099
leaf_weight=100.03939006850123 381.35056498553604 105.50035726651549 29.543017398566008 176.7969605512917 50.651013530790806 56.971225701272488 3.6327619031071654 46.950924079865217 85.534327104687691 2.9664488025009632 9.5533661097288114 9.9900180101394636 5.0273256078362456 8.3849781826138479 7.4935913830995586 8.3963360972702485 5.0557602792978269 6.5892008319497108 4.8365257531404486 348.96916607022285 4.3203859701752654 63.239812564104795 4.622827246785163 29.173599272966385 10.332030199468134 9.8609544187784177 4.1042605191469184 83.021839030086994 10.116946741938593 11.094562962651251
leaf_count=2765 14149 1400 327 800 228 342 25 930 474 29 41 52 22 39 34 35 23 28 23 1687 21 286 24 138 43 50 23 377 53 45
internal_value=-0.00465573 0.0161388 0.0452534 0.0103805 0.0147908 -0.00190443 -0.00846163 -0.0469833 0.0201284 0.0267683 0.0114524 -0.00360061 -0.0218247 -0.0325531 -0.0454338 -0.02994 -0.0582787 -0.0915805 0.0110461 0.0141751 0.0221026 0.0282258 0.00473528 -0.00346372 -0.0481708 0.0120348 -0.0309943 0.0147034 0.019184 0.054377
internal_weight=1684.12 1302.77 215.117 1087.65 800.335 287.318 230.347 53.5501 115.077 6.59921 694.835 106.425 55.7737 50.7464 40.7564 32.3714 19.1386 11.645 13.2329 588.41 239.441 177.027 62.4141 58.0937 14.9549 43.1388 13.9652 113.787 104.233 21.2115
internal_count=24513 10364 3566 6798 4672 2126 1784 984 801 54 3272 484 256 234 182 143 85 51 58 2788 1101 802 299 278 67 211 73 516 475 98
is_linear=0
shrinkage=0.1


Tree=97
num_leaves=31
num_cat=0
split_feature=0 0 10 0 4 8 6 8 12 7 3 0 9 4 4 0 9 5 6 4 9 8 7 8 9 10 10 9 0 8
split_gain=119.684 10.1002 6.37723 5.06223 13.2047 4.03697 3.75714 4.29224 5.13178 3.91555 3.57439 3.67069 3.45007 7.03941 3.43217 3.40057 3.52371 3.31815 3.06621 2.89509 2.70817 2.66589 3.17696 3.45474 3.33452 2.55302 5.05698 5.80336 4.00332 3.75766
threshold=40.500000000000007 16.500000000000004 7.5000000000000009 37.500000000000007 14.500000000000002 0.27475490196078439 10.500000000000002 0.18394199785177229 7.5000000000000009 -6.4999999999999991 2.5000000000000004 38.500000000000007 213.44747822504709 13.500000000000002 12.500000000000002 42.500000000000007 226.76485042735047 1.0000000180025095e-35 16.500000000000004 25.500000000000004 320.93597105508877 0.15319426336375488 -1.0000000180025095e-35 0.21294035577258458 226.76485042735047 19.500000000000004 16.500000000000004 242.41166666666666 24.500000000000004 0.20611577964519137
decision_type=2 2 2 2 2 2 2 2 2 2 2 2 2 2 2 2 2 2 2 2 2 2 2 2 2 2 2 2 2 2
left_child=1 2 -1 18 5 6 9 -8 -9 -5 11 -11 13 -12 15 16 -2 -4 19 25 -18 -19 -23 -24 -25 26 -3 29 -27 -28
right_child=14 3 17 4 -6 -7 7 8 -10 10 12 -13 -14 -15 -16 -17 20 21 -20 -21 -22 22 23 24 -26 28 27 -29 -30 -31
leaf_value=-0.075739853399886953 0.15745155792229484 0.010670936248195323 -0.080518126361151174 -0.07058679563579176 -0.062529283734790012 -0.031429742857228882 -0.017242249126947301 0.056185256517827388 0.20441385000471102 0.012822545146722084 0.25465777875363077 0.13292832882582384 -0.0089800871043826547 -0.077622811287967372 -0.076026730102077639 -0.070390977563099741 -0.044253407445197429 0.057799099656231104 0.10127453746328732 -0.067014266345535506 0.071049110180064656 -0.065553976300080349 -0.081707265349264521 0.098785193501676333 -0.016965293522110819 -0.012306770609317473 -0.07803710570661232 -0.15223820746039574 0.023281140669224203 0.018056876186986825
leaf_weight=21.396487165242434 1.2745108418166662 1642.4519368093461 4.9810893069952717 5.3139539659023276 33.690891306847334 16.150390679016709 4.3618937432765952 7.9802255332469922 3.3020722586661577 5.1879106312990171 1.485063003376129 4.9941829554736614 25.018888669088483 1.1172084100544453 175.31471913773566 15.106489565223454 8.8730962611734849 7.769555380567911 3.8083916045725337 4.6900801584124556 2.6440390273928633 6.9853606466203972 2.7140663452446434 5.4047463275492174 4.6129836048930883 35.293084643781185 6.1596532687544885 3.6823378205299369 302.83818082883954 11.991466347128151
leaf_count=1659 27 10494 98 39 979 154 40 50 21 22 24 37 217 29 7461 487 183 104 19 50 37 161 35 51 58 147 44 17 1692 77
internal_value=0.00254671 0.00940865 -0.033354 0.0104954 -0.0105341 0.0128502 0.0250205 0.0669994 0.0995684 0.00978927 0.0210876 0.0717329 0.00241808 0.112003 -0.0708425 -0.038264 -0.000323211 -0.00542148 0.0116311 0.011461 -0.0177829 0.00818739 -0.0113621 0.0183705 0.0454842 0.0116448 0.0100354 -0.0377744 0.0195666 -0.014553
internal_weight=2376.59 2173.38 53.8643 2119.52 108.603 74.9118 58.7614 15.6442 11.2823 43.1172 37.8033 10.1821 27.6212 2.60227 203.213 27.8981 12.7916 32.4678 2010.92 2007.11 11.5171 27.4867 19.7172 12.7318 10.0177 2002.42 1664.29 21.8335 338.131 18.1511
internal_count=24513 16318 2166 14152 1612 633 479 111 71 368 329 59 270 53 8195 734 247 507 12540 12521 220 409 305 144 109 12471 10632 138 1839 121
is_linear=0
shrinkage=0.1


Tree=98
num_leaves=31
num_cat=0
split_feature=0 0 10 0 3 0 9 13 8 4 7 12 5 9 5 13 11 13 1 1 7 4 9 8 9 13 10 12 4 0
split_gain=121.621 17.0106 6.17033 7.99881 5.88313 3.74433 2.71924 3.94855 3.63176 2.49173 2.51974 2.27103 7.50028 5.71615 4.40351 6.02528 4.70696 4.35198 4.41242 3.84037 3.45707 5.92121 5.79877 3.28188 2.27827 5.3637 3.16872 2.26243 2.25291 4.40656
threshold=26.500000000000004 52.500000000000007 7.5000000000000009 29.500000000000004 9.5000000000000018 23.500000000000004 175.35273550724642 1.2899159663865549 0.26847469967236987 4.5000000000000009 2.5000000000000004 11.500000000000002 1.0000000180025095e-35 248.44102472089318 4.5000000000000009 1.297058823529412 1.5000000000000002 0.94427244582043357 2.5000000000000004 1.0000000180025095e-35 6.5000000000000009 16.500000000000004 184.14546783625735 0.24417344173441732 172.24846547314579 0.78888888888888908 15.500000000000002 11.500000000000002 22.500000000000004 49.500000000000007
decision_type=2 2 2 2 2 2 2 2 2 2 2 2 2 2 2 2 2 2 2 2 2 2 2 2 2 2 2 2 2 2
left_child=4 2 3 -2 -1 -6 7 8 -7 -5 27 28 -13 14 16 19 20 24 23 -16 21 -14 -23 -19 -18 26 -26 -11 -4 -30
right_child=1 -3 11 9 5 6 -8 -9 -10 10 -12 12 13 -15 15 -17 17 18 -20 -21 -22 22 -24 -25 25 -27 -28 -29 29 -31
leaf_value=-0.074024536052601717 -0.076606617663698334 -0.071830224545499102 0.013597218020080116 -0.08435017885360474 -0.077319364114264821 -0.045302591514927548 -0.03513216087863124 0.21817274388563512 0.13252440960683814 0.0044790921501211582 -0.065048665381618465 -0.12944571602867241 0.034823497415759484 -0.040176078690861566 -0.012362644460961053 -0.037211038629425472 0.033752775632851818 0.16912296886986966 0.013130419703600103 0.091534527920823297 0.036628109413174251 -0.15704280525430783 -0.025087190881511609 0.049069948046062156 0.090158656190085201 -0.092644356443275525 -0.032238448232916377 0.077246792007063664 0.0063958070467757854 -0.058750605930618427
leaf_weight=198.49593795835972 17.496971981599927 25.43252211343497 1732.417214114219 3.3247426040470591 5.7234870763495591 2.9434151947498304 4.6369869224727154 1.338930072262883 1.8833194822072981 49.733464049175382 4.7727962359786025 4.4217489138245574 5.1408301964402261 24.462572909891605 4.427890729159123 6.6501732505857936 7.7816388309001949 4.1816276833415049 12.955676574259995 18.10233218036592 5.1059511620551339 6.7068443521857244 6.6148864347487688 4.9995285496115685 3.8218558449298161 7.6926274579018346 4.7365039810538292 4.6742300391197196 260.87164556980133 10.813266852870582
leaf_count=8980 683 1918 9559 60 157 48 95 19 28 434 34 20 21 156 26 36 38 21 70 112 29 29 34 21 21 37 27 30 1389 381
internal_value=0.00258333 0.00948712 0.0104221 -0.0168428 -0.0692517 -0.0119256 0.0227215 0.0662312 0.0240828 -0.000113216 0.00461919 0.0114453 -0.00147937 0.00310671 0.0138106 0.046428 0.00016248 0.0187245 0.0507141 0.0711155 -0.0361995 -0.0563404 -0.0915204 0.103749 -0.0107417 -0.0320474 0.0224197 0.0107307 0.0122695 0.00380293
internal_weight=2452.36 2237.34 2211.91 80.0022 215.022 16.5261 10.8027 6.16566 4.82673 62.5052 59.1805 2131.9 127.803 123.381 98.9184 29.1804 69.738 46.1695 22.1368 22.5302 23.5685 18.4626 13.3217 9.18116 24.0326 16.251 8.55836 54.4077 2004.1 271.685
internal_count=24513 15186 13268 1241 9327 347 190 95 76 558 498 12027 698 678 522 174 348 235 112 138 113 84 63 42 123 85 48 464 11329 1770
is_linear=0
shrinkage=0.1


Tree=99
num_leaves=31
num_cat=0
split_feature=0 0 10 0 0 7 13 12 0 4 12 13 13 8 8 13 9 13 7 9 9 5 7 13 12 9 2 0 4 3
split_gain=213.242 29.2355 7.02317 14.8152 7.06806 3.3134 3.15013 4.96355 4.32834 2.7212 6.31821 2.67903 2.59138 4.10703 3.96875 3.19999 3.75332 4.1547 3.62498 3.2513 3.96402 3.14253 2.96297 4.3611 3.67482 3.01358 2.34996 2.22467 3.59135 2.94928
threshold=37.500000000000007 51.500000000000007 19.500000000000004 42.500000000000007 49.500000000000007 -12.499999999999998 1.4606060606060607 8.5000000000000018 45.500000000000007 23.500000000000004 9.5000000000000018 1.9285714285714286 1.1339285714285716 0.20864427860696519 0.16807909604519775 0.51315789473684215 229.30280388471181 0.38750000000000007 -1.4999999999999998 276.33441919191927 304.0131313131314 8.5000000000000018 1.0000000180025095e-35 0.92820512820512835 4.5000000000000009 208.14046121593296 4.5000000000000009 45.500000000000007 12.500000000000002 4.5000000000000009
decision_type=2 2 2 2 2 2 2 2 2 2 2 2 2 2 2 2 2 2 2 2 2 2 2 2 2 2 2 2 2 2
left_child=9 2 4 -4 11 -5 12 8 -8 -1 -11 -2 15 14 -14 16 17 18 -7 21 -21 22 26 24 -24 -25 27 -17 -29 -30
right_child=1 -3 3 5 -6 6 7 -9 -10 10 -12 -13 13 -15 -16 19 -18 -19 -20 20 -22 -23 23 25 -26 -27 -28 28 29 -31
leaf_value=-0.074173278732405021 0.013179967628964229 0.069127225817281673 -0.070668017987859294 0.099199650718549873 0.053922000967556373 -0.065282072705273225 -0.083580037613711841 0.12685890332594743 0.044782962341683656 -0.076830153804800877 0.15685444853174121 -0.055240850127916956 -0.054514706618705035 -0.059101310186951042 0.06641517071881109 -0.03626027940195458 0.0051486998877398283 -0.11393474202843168 0.06548275749979636 -0.090370092878310715 0.062966595009703363 0.11286498571640331 -0.03828400063481234 0.052461757976407591 0.069675953411965696 0.17494452275456429 -0.071964681703109615 0.086700536645878651 -0.050299838228594976 0.023584654948414583
leaf_weight=338.01286130398512 1002.2611249107867 93.5716950930655 29.991635160520673 3.6851381100714198 43.582071259617805 5.033811815083026 3.5803707093000439 5.0522089116275302 9.8640567138791067 3.6171006150543681 1.7011465337127445 5.7555709183216086 4.5045469775795954 17.307520806789398 6.8267990164458752 8.1333512775599939 27.330281965434551 6.9467546939849845 3.6622691676020613 5.584455717355012 2.4150445647537708 3.6994945481419554 6.6048088483512419 4.4992114193737489 6.0327019467949867 3.629074901342392 3.6729180291295043 6.8848627731204024 6.9899812489748028 23.79159078001976
leaf_count=14549 4959 2278 800 24 691 28 42 29 40 120 37 37 26 101 35 98 180 43 20 46 19 17 32 26 36 19 19 32 32 98
internal_value=-0.00268378 0.0152015 0.0111883 -0.00570937 0.014494 0.00537697 0.00336733 0.0423543 0.0105988 -0.0730566 -0.00208151 0.0127893 -0.00132905 -0.0284599 0.0183419 0.00489136 -0.0172099 -0.0562736 -0.0102117 0.0164826 -0.0440778 0.0230348 0.0183034 0.0500053 0.0132523 0.107147 0.00499679 0.0111687 0.0214101 0.00680672
internal_weight=1694.22 1350.89 1257.32 205.723 1051.6 175.731 172.046 18.4966 13.4444 343.331 5.31825 1008.02 153.549 28.6389 11.3313 124.911 42.9731 15.6428 8.69608 81.9375 7.9995 73.938 70.2385 20.7658 12.6375 8.12829 49.4727 45.7998 37.6664 30.7816
internal_count=24513 9807 7529 1842 5687 1042 1018 111 82 14706 157 4996 907 162 61 745 271 91 48 474 65 409 392 113 68 45 279 260 162 130
is_linear=0
shrinkage=0.1


Tree=100
num_leaves=31
num_cat=0
split_feature=0 0 10 10 0 10 0 2 0 5 13 12 8 10 7 12 10 5 7 8 9 0 9 8 5 6 9 0 1 1
split_gain=223.106 18.1612 15.1536 4.85795 4.82174 4.18555 9.20475 3.78131 3.10381 2.6838 2.45318 3.34281 5.59989 2.9487 3.1717 3.21143 2.80789 2.74769 2.42888 3.57555 2.40363 5.76068 2.37688 3.49565 6.06497 3.41951 5.38242 3.12788 3.67566 6.21531
threshold=28.500000000000004 18.500000000000004 7.5000000000000009 7.5000000000000009 20.500000000000004 22.500000000000004 23.500000000000004 1.0000000180025095e-35 13.500000000000002 3.5000000000000004 0.25833333333333336 4.5000000000000009 0.34654631083202514 1.0000000180025095e-35 -4.4999999999999991 8.5000000000000018 2.5000000000000004 1.5000000000000002 -5.4999999999999991 0.18441295546558703 401.50203373015876 29.500000000000004 391.2322916666667 0.27953488372093027 2.5000000000000004 8.5000000000000018 340.02687500000008 24.500000000000004 1.5000000000000002 1.0000000180025095e-35
decision_type=2 2 2 2 2 2 2 2 2 2 2 2 2 2 2 2 2 2 2 2 2 2 2 2 2 2 2 2 2 2
left_child=1 2 -1 4 -3 6 -5 9 -4 -8 11 18 13 -13 -15 16 -16 -18 19 -6 -2 -22 23 25 -25 -12 -27 -26 29 -29
right_child=20 3 8 5 10 -7 7 -9 -10 -11 22 12 -14 14 15 -17 17 -19 -20 -21 21 -23 -24 24 27 26 -28 28 -30 -31
leaf_value=0.073471620860028425 -0.076026575189719184 0.034117452609851627 0.077545582475397321 0.0031267766522609709 0.13196034740275028 0.02270633989806612 -0.033597757875699671 -0.055681807260463817 0.013368809694115746 0.093871469030085031 0.023897043441473424 0.018629345707306316 0.081605407998610255 -0.096436940190445811 -0.006010502532437503 0.010180419650911368 -0.029030485858241573 -0.12692814023616272 0.0038355078081034923 0.013133834596967578 0.33309698875839872 -0.076445484707126893 -0.0042521610254627118 -0.013721991616094371 0.012281435382413542 -0.031501460549080929 0.059014062298534446 -0.0015554024120310178 -0.028376656232713383 0.13400404665591645
leaf_weight=87.972479520365596 347.58439607452601 100.22878558188677 8.1250533573329431 176.5616810657084 4.0265441164374334 56.624273508787155 3.5804986841976634 44.290284780785441 103.94396852701902 3.0662148743867874 332.45972934365273 9.9882394075393659 4.9248174056410781 8.4769919663667661 7.4673208966851261 13.221397176384924 5.0573887154459936 6.6194392815232277 39.658458739519119 6.8238456249237061 0.48844324052333732 1.1570985224097965 69.008220572024584 90.341469623148441 42.248312264680862 26.339238397777081 8.7525196447968465 5.3408383168280134 3.6141333058476439 9.2228650078177452
leaf_count=2765 14080 1400 194 800 17 342 27 930 607 27 1576 52 22 39 34 58 23 28 177 34 21 48 298 453 161 130 41 34 33 62
internal_value=-0.00462193 0.0147345 0.0424069 0.00959919 0.0136154 -0.00162194 -0.00767723 -0.0451269 0.0180217 0.0252054 0.0106528 -0.00332892 -0.0202101 -0.0300746 -0.0419854 -0.0277238 -0.0539013 -0.0845274 0.0153058 0.05723 -0.0754558 0.0451183 0.0131824 0.0155037 0.00268123 0.0207634 -0.00892525 0.0272052 0.0618906 0.0842913
internal_weight=1627.21 1277.99 200.042 1077.94 793.821 284.123 227.499 50.937 112.069 6.64671 693.592 106.264 55.7556 50.8308 40.8425 32.3655 19.1441 11.6768 50.5088 10.8504 349.23 1.64554 587.327 518.319 150.768 367.551 35.0918 60.4261 18.1778 14.5637
internal_count=24513 10364 3566 6798 4672 2126 1784 984 801 54 3272 484 256 234 182 143 85 51 228 51 14149 69 2788 2490 743 1747 171 290 129 96
is_linear=0
shrinkage=0.1


Tree=101
num_leaves=31
num_cat=0
split_feature=0 0 2 0 4 8 4 0 6 13 13 9 4 1 12 10 9 2 5 0 0 10 9 3 7 3 5 5 0 4
split_gain=106.909 8.10149 4.02187 4.02032 12.0546 4.23921 3.55038 3.23235 2.73164 3.11372 2.70099 2.66946 2.53307 3.05828 5.0811 4.08322 3.48366 3.32193 8.92367 4.40478 3.4152 7.54496 2.72865 5.72308 4.04103 2.85056 2.7253 2.53 5.80567 4.32199
threshold=40.500000000000007 15.500000000000002 5.5000000000000009 37.500000000000007 15.500000000000002 0.27475490196078439 12.500000000000002 42.500000000000007 14.500000000000002 1.297058823529412 1.9285714285714286 226.76485042735047 25.500000000000004 5.5000000000000009 2.5000000000000004 9.5000000000000018 139.16703431372551 6.5000000000000009 4.5000000000000009 31.500000000000004 19.500000000000004 7.5000000000000009 146.56632876167762 12.500000000000002 5.5000000000000009 11.500000000000002 6.5000000000000009 2.5000000000000004 32.500000000000007 20.500000000000004
decision_type=2 2 2 2 2 2 2 2 2 2 2 2 2 2 2 2 2 2 2 2 2 2 2 2 2 2 2 2 2 2
left_child=1 2 -1 8 5 -5 7 11 12 -10 -7 -2 13 17 -15 -16 -17 20 22 -20 21 26 23 24 -19 -26 -3 28 -24 -29
right_child=6 3 -4 4 -6 10 -8 -9 9 -11 -12 -13 -14 14 15 16 -18 18 19 -21 -22 -23 27 -25 25 -27 -28 29 -30 -31
leaf_value=-0.049486257295300859 0.12732251560061533 -0.050156926573092599 0.1845654034296941 0.022722623264658667 -0.06618493032934572 -0.046939871623542906 -0.075840860917279179 -0.069684101899303699 0.088132995212596987 -0.011882510904826577 0.08340265582774993 -0.01646189421391268 -0.065196066692389476 0.12852931964483325 0.065889089526810052 0.045286944480062569 -0.090027294470357497 -0.060805662236663588 -0.18382099759968268 -0.045579154074887378 0.012108965994691429 0.0083135644818383321 0.016754535548023027 -0.075994424322674739 0.0035814319256202184 0.11116908600345028 0.24879323523712729 0.015513354103252469 -0.076246354953269355 0.12597004338953963
leaf_weight=28.536058836616579 1.4583141990005994 31.159524330869321 0.75357135757803817 61.699385257437825 27.703764649108052 15.38525428250432 159.62069947179407 13.944513862021266 9.2761303931474668 4.6848217733204356 1.7730488069355494 11.269152883440254 4.4480984434485427 5.7104037851095226 8.8066473081707972 3.2716547437012187 4.5467139333486557 4.5385760888457325 3.7424315586686117 6.0002795532345772 1731.8961162008345 109.74032824486494 38.818550452589989 12.044103533029554 5.3477470800280553 4.5647572726011276 0.30795557051896949 13.493455756455662 8.1157551407814008 4.803459506481885
leaf_count=1582 27 2230 11 530 885 180 7461 487 52 22 17 220 50 33 42 17 34 25 16 42 9478 564 191 66 29 25 20 79 65 33
internal_value=0.00247539 0.00876893 -0.0434645 0.00948994 -0.00943967 0.0104957 -0.0701977 -0.0364257 0.0104909 0.0545712 -0.033471 1.2935e-05 0.0101834 0.0103513 0.0471471 0.0191938 -0.033404 0.00993506 -0.00768764 -0.0986815 0.0108897 -0.00406433 0.00197727 -0.0250854 0.0173441 0.0531261 -0.0472313 0.0129694 0.000673069 0.0445114
internal_weight=2337.46 2151.17 29.2896 2121.88 106.561 78.8577 186.293 26.672 2015.32 13.961 17.1583 12.7275 2001.36 1996.91 22.3354 16.625 7.81837 1974.57 101.469 9.74271 1873.1 141.208 91.7264 26.4952 14.4511 9.9125 31.4675 65.2312 46.9343 18.2969
internal_count=24513 16318 1593 14725 1612 727 8195 734 13113 74 197 247 13039 12989 126 93 51 12863 571 58 12292 2814 513 145 79 54 2250 368 256 112
is_linear=0
shrinkage=0.1


Tree=102
num_leaves=31
num_cat=0
split_feature=0 0 3 10 0 0 4 4 1 8 8 8 11 11 9 13 8 11 1 12 9 9 8 5 6 8 4 13 2 4
split_gain=108.265 14.3609 5.86227 5.22061 7.4977 3.42575 2.28235 2.53394 3.01247 5.15323 3.91903 3.43887 2.38917 2.33696 2.20792 3.49786 3.32889 2.16644 2.076 3.95395 2.67253 4.50786 2.593 3.03284 2.36234 4.10697 3.52004 3.68012 4.32551 4.01478
threshold=26.500000000000004 52.500000000000007 9.5000000000000018 7.5000000000000009 29.500000000000004 23.500000000000004 4.5000000000000009 8.5000000000000018 1.0000000180025095e-35 0.23294573643410851 0.27823315118397091 0.30267794221282596 4.5000000000000009 1.5000000000000002 175.35273550724642 1.297058823529412 0.22933743169398904 5.5000000000000009 5.5000000000000009 3.5000000000000004 182.69305010893248 159.91745267072346 0.28989813242784385 1.5000000000000002 4.5000000000000009 0.41588050314465413 15.500000000000002 1.2111111111111115 4.5000000000000009 18.500000000000004
decision_type=2 2 2 2 2 2 2 2 2 2 2 2 2 2 2 2 2 2 2 2 2 2 2 2 2 2 2 2 2 2
left_child=2 3 -1 4 -2 -4 -6 8 13 12 -11 -12 -10 -8 15 16 -7 -9 24 20 21 -20 23 -21 25 26 -5 -28 -29 -30
right_child=1 -3 5 18 6 14 7 17 9 10 11 -13 -14 -15 -16 -17 -18 -19 19 22 -22 -23 -24 -25 -26 -27 27 28 29 -31
leaf_value=-0.073658353346150104 -0.076476636959263766 -0.07116029531178085 -0.07713132476999035 0.037763256743969915 -0.083727053100529983 -0.079636135290135024 0.046466779386956494 -0.032142946176523905 0.11581864372086775 -0.084213814169616541 0.16236673443669217 -0.0099811614474260082 0.015541611689286448 -0.044237223203569723 -0.033300068648641441 0.19515499854993051 0.085596385924921303 0.05329010375179366 -0.032482011663509017 0.081476745183491267 0.019436998529295094 -0.15956649928444008 -0.039495608674883678 0.005836495076822476 0.0094400046498082906 -0.08772984713536891 0.020281467061012363 -0.090150698950751285 -0.031030128782959878 0.018829874030823236
leaf_weight=180.83051603287458 16.117450458928943 22.205172349698842 5.281658889725807 79.505192533135414 3.088832698762416 2.0457080975174886 4.1458730213344088 21.079755252227191 8.7269357666373271 4.0729134827852231 1.7216218039393423 3.5345893129706383 3.264888957142829 9.0217134691774827 4.461366256698966 1.4467564597725866 3.0182520225644112 3.4546649828553191 9.8000115714967269 7.06235318258405 4.5969174131751052 3.9027008283883324 8.0887355711311084 21.252159703522921 1655.6523846480995 3.6434552930295458 244.36177060380578 5.5082782953977576 24.525911470875144 47.284607736393809
leaf_count=8980 683 1918 157 478 60 33 40 153 58 48 20 35 28 95 95 18 44 21 54 39 30 26 44 135 9610 17 1229 25 116 224
internal_value=0.00253772 0.00885559 -0.0684877 0.00966563 -0.0157026 -0.0109614 6.77439e-05 0.00445295 0.0219288 0.0451548 -0.0105841 0.0464697 0.0885173 -0.0156787 0.0208909 0.0580245 0.0188467 -0.0201132 0.0106039 -0.00862346 -0.0465427 -0.0686772 0.0104382 0.0247031 0.0111143 0.0179619 0.0189217 0.014265 -0.00474987 0.00180086
internal_weight=2412.7 2215.62 197.084 2193.41 78.2292 16.2537 62.1118 59.023 34.4885 21.3209 9.32912 5.25621 11.9918 13.1676 10.9721 6.51072 5.06396 24.5344 2115.18 54.7029 18.2996 13.7027 36.4032 28.3145 2060.48 404.829 401.186 321.681 77.3188 71.8105
internal_count=24513 15186 9327 13268 1241 347 558 498 324 189 103 55 86 135 190 95 77 174 12027 328 110 80 218 174 11699 2089 2072 1594 365 340
is_linear=0
shrinkage=0.1


Tree=103
num_leaves=31
num_cat=0
split_feature=0 0 10 0 0 5 0 9 7 2 13 4 2 11 10 2 8 8 13 6 11 4 10 5 1 11 12 8 4 4
split_gain=190.508 25.3847 5.85826 13.7334 7.55464 2.88745 2.85919 6.04002 12.4063 2.41794 2.3117 2.17069 3.1491 4.14328 11.0178 2.00857 4.57064 4.77919 4.40315 4.16171 3.99671 3.71118 3.44456 4.85105 4.31337 3.6786 3.70977 5.3122 4.0622 3.64281
threshold=37.500000000000007 52.500000000000007 19.500000000000004 42.500000000000007 49.500000000000007 8.5000000000000018 34.500000000000007 150.01174012158057 1.5000000000000002 4.5000000000000009 1.9285714285714286 21.500000000000004 3.5000000000000004 5.5000000000000009 16.500000000000004 5.5000000000000009 0.19657494145199064 0.30079365079365078 1.4494949494949496 9.5000000000000018 4.5000000000000009 18.500000000000004 10.500000000000002 1.5000000000000002 3.5000000000000004 1.0000000180025095e-35 1.5000000000000002 0.18942218080149117 21.500000000000004 20.500000000000004
decision_type=2 2 2 2 2 2 2 2 2 2 2 2 2 2 2 2 2 2 2 2 2 2 2 2 2 2 2 2 2 2
left_child=6 2 4 -4 10 -5 -1 8 -8 -10 15 12 -6 -14 -15 -2 22 18 20 21 -18 -20 -17 24 -24 -25 28 -28 -27 -29
right_child=1 -3 3 5 11 -7 7 -9 9 -11 -12 -13 13 14 -16 16 17 -19 19 -21 -22 -23 23 25 -26 26 27 29 -30 -31
leaf_value=-0.076377673538625318 0.0088053498380143563 0.075408809513117195 -0.069964952507781494 0.0026640373822697512 0.078894524321172541 0.061151981795152945 0.40608312515159356 -0.063124759661455643 0.12523733385147054 -0.050571448971537328 -0.051985683273168493 0.073729538113963308 0.028144833030819064 -0.32464263749475814 0.078886772363889052 0.083526028904252148 0.034017190001394804 -0.0028472174315749849 0.12806318897681609 0.0070420601210300741 -0.00093942171872751171 0.05416214877387987 -0.13755054898571298 -0.042239567198305718 -0.0044743259936331665 -0.11136200174273073 0.032809713487095098 -0.11218948975473134 0.023386231317756884 0.001411304854005163
leaf_weight=272.47474081534892 631.49359532631934 63.877835724502802 27.80751864798367 170.72157515585423 10.02327658608556 8.8798079267144185 0.82705224119126697 36.711896291002631 0.98950466141104687 3.7354966700077057 5.6387920174747697 22.908696461468935 17.703737612813715 1.2386446073651307 1.4912093356251714 4.8190808221697798 125.61502980068326 48.763194538652897 10.69716337323189 10.230001676827667 44.221435956656933 18.629999369382858 4.8067996464669687 14.534838709980248 4.9375678077340126 4.7607033178210241 58.128771152347326 4.4249055832624418 4.2207710668444633 7.7960615903139114
leaf_count=13257 3148 1918 800 1060 168 49 25 1275 34 115 37 469 301 20 26 27 620 250 49 51 226 92 23 65 25 22 284 20 22 35
internal_value=-0.00267056 0.0139039 0.0107969 -0.00456936 0.0138119 0.00555578 -0.0726239 -0.0484234 0.0487865 -0.0137538 0.0118626 0.0504748 0.0329834 0.0104626 -0.104211 0.0122233 0.0181111 0.0253477 0.0319137 0.0619608 0.0249153 0.0811178 0.000881796 -0.00296212 -0.0701195 0.00400959 0.0124832 0.0202099 -0.0480382 -0.0397207
internal_weight=1643.11 1328.37 1264.49 207.409 1057.08 179.601 314.739 42.2639 5.55205 4.725 1003.72 53.3656 30.4569 20.4336 2.72985 998.08 366.586 258.157 209.394 39.5572 169.836 29.3272 108.429 103.61 9.74437 93.8661 79.3312 70.3497 8.98147 12.221
internal_count=24513 9807 7889 1909 5980 1109 14706 1449 174 149 4996 984 515 347 46 4959 1811 1288 1038 192 846 141 523 496 48 448 383 339 44 55
is_linear=0
shrinkage=0.1


Tree=104
num_leaves=31
num_cat=0
split_feature=0 0 10 4 4 10 0 1 0 13 9 3 4 9 10 0 13 13 9 12 13 6 12 1 10 9 3 8 11 8
split_gain=200.83 14.6926 14.6102 4.03766 3.01412 2.96962 3.98983 3.08256 4.37074 4.2631 5.2053 5.00496 3.72869 3.30347 3.39852 4.26768 3.201 4.79073 5.60613 3.75404 3.29103 3.16326 4.1872 3.07435 2.85896 3.47956 2.47628 3.0418 5.32138 5.23714
threshold=28.500000000000004 18.500000000000004 7.5000000000000009 17.500000000000004 3.5000000000000004 7.5000000000000009 19.500000000000004 1.0000000180025095e-35 25.500000000000004 1.420168067226891 320.93597105508877 1.5000000000000002 5.5000000000000009 332.82039072039078 22.500000000000004 21.500000000000004 0.78888888888888908 0.89444444444444449 224.90895424836603 9.5000000000000018 1.5419580419580421 5.5000000000000009 10.500000000000002 3.5000000000000004 9.5000000000000018 246.45840080971666 4.5000000000000009 0.29805897723030988 1.5000000000000002 0.22016949152542373
decision_type=2 2 2 2 2 2 2 2 2 2 2 2 2 2 2 2 2 2 2 2 2 2 2 2 2 2 2 2 2 2
left_child=1 2 -1 5 -4 6 -3 9 13 10 11 -7 -12 14 15 21 -17 18 -18 -19 -21 22 23 -9 25 -13 27 28 -26 -30
right_child=-2 3 4 -5 -6 7 -8 8 -10 -11 12 24 -14 -15 -16 16 17 19 -20 20 -22 -23 -24 -25 26 -27 -28 -29 29 -31
leaf_value=0.072745397290049293 -0.075225562021542125 0.052441801398632894 0.070144751283020418 -0.064773575064092398 0.010785887320598236 -0.060954347014667669 0.011332402039613606 0.00016387296955134678 -0.052188563023625748 -0.03959755687711073 0.090906041274263244 0.095807744491680585 0.010288107822737379 -0.038889158015444764 0.046995778774639903 -0.08471838596189761 -0.022016606429435343 -0.041481645070784362 0.23983525110098994 -0.0090251506621742156 0.14305209892788184 0.061373302710985803 -0.072570231797774082 0.050074867550485673 -0.04691606545434493 0.0075957785701549615 -0.069480178708879223 -0.061235691244836049 0.019768529825577502 0.19812564536473504
leaf_weight=77.065314311534166 320.32707061432302 24.36287572234869 9.3564323596656305 7.3732776660472146 99.795330002903938 9.0236365906894189 762.66237867251039 57.205405049026012 18.84537860378623 11.595155445858834 16.237980678677562 8.772503739222886 8.8715585172176343 20.74600001052022 16.165294095873833 7.8491025492548934 1.7416522316634648 27.568250792101026 1.5410820581018922 4.0518351420760146 2.1932624615728855 10.956117197871206 6.5440440624952307 15.736171908676623 4.1323194615542906 9.1209507901221496 4.5156058836728326 3.8424894344061604 3.7831912729889154 2.9146873690187931
leaf_count=2765 14149 700 150 209 651 53 3972 206 433 63 89 41 35 91 68 90 29 306 14 53 21 40 25 57 34 41 57 24 25 22
internal_value=-0.00455497 0.0134892 0.0394101 0.00897114 0.0158741 0.00948363 0.012605 0.000516518 -0.00646547 0.0166325 0.0257878 0.00583603 0.0624226 -0.00146443 0.00365864 -0.00151584 -0.0267013 -0.0144256 0.10091 -0.0256228 0.044384 0.0110001 0.00405681 0.0109315 0.0220891 0.0508429 -0.00472436 0.0152046 0.0423252 0.0973834
internal_weight=1574.9 1254.57 186.217 1068.35 109.152 1060.98 787.025 273.954 191.144 82.8101 71.2149 46.1054 25.1095 172.298 151.552 135.387 44.9452 37.0961 3.28273 33.8133 6.2451 90.4417 79.4856 72.9416 37.0817 17.8935 19.1883 14.6727 10.8302 6.69788
internal_count=24513 10364 3566 6798 801 6589 4672 1917 1433 484 421 297 124 1000 909 841 513 423 43 380 74 328 288 263 244 82 162 105 81 47
is_linear=0
shrinkage=0.1


Tree=105
num_leaves=31
num_cat=0
split_feature=0 0 4 10 0 4 5 10 6 9 13 9 2 9 0 8 8 10 9 4 9 0 5 0 0 13 11 9 4 13
split_gain=95.7122 6.66311 3.66377 3.39611 13.2237 4.2437 4.03126 4.28923 4.00506 5.48463 4.22707 3.98891 3.30027 3.74804 3.07925 3.04953 2.97256 2.90274 2.87655 2.71465 3.9232 2.60858 2.73506 4.07178 6.27615 4.22552 3.61308 4.38515 3.57376 3.99752
threshold=40.500000000000007 14.500000000000002 12.500000000000002 19.500000000000004 37.500000000000007 12.500000000000002 8.5000000000000018 16.500000000000004 12.500000000000002 261.99600202429156 0.48529411764705882 242.41166666666666 3.5000000000000004 249.61267361111115 42.500000000000007 1.0000000180025095e-35 0.20611577964519137 18.500000000000004 130.06276709401712 3.5000000000000004 313.61791478978984 22.500000000000004 4.5000000000000009 24.500000000000004 32.500000000000007 1.297058823529412 3.5000000000000004 274.98851851851856 6.5000000000000009 0.38750000000000007
decision_type=2 2 2 2 2 2 2 2 2 2 2 2 2 2 2 2 2 2 2 2 2 2 2 2 2 2 2 2 2 2
left_child=1 18 14 4 6 12 7 15 9 10 -7 16 21 -14 -2 -3 -9 -18 -1 20 -17 -5 -23 -24 -25 28 -27 -28 -26 -30
right_child=2 3 -4 5 -6 8 -8 11 -10 -11 -12 -13 13 -15 -16 19 17 -19 -20 -21 -22 22 23 24 25 26 27 -29 29 -31
leaf_value=0.2440874451006034 0.00040216829142090987 -0.094106752350902961 -0.075664899309339784 -0.037309546954710338 -0.05159452437207817 -0.034750836231658366 0.10425097448159804 -0.075237410575026364 0.13216659302471243 -0.074374738598995779 0.084395950626069666 -0.12861335166515842 0.0028885428869025679 0.093528739511998735 -0.06897975177439207 -0.080384864556852981 -0.018018827376992241 0.09401158608753607 -0.063045177553708462 0.0095215647559012684 -0.002374767388113791 0.020978932675182096 -0.063868025773219581 0.046975969876188843 0.037112333109524977 -0.0084701713790480242 -0.0040058909751845085 -0.12824185009208386 -0.06021624576147977 0.008720652590041492
leaf_weight=0.31115167587995429 12.667099587619306 2.8974618548527351 145.54003368876874 10.391686141490935 37.988910747691989 3.7814641930163004 4.3464111424982539 5.7404543012380662 5.4173696003854266 3.7248751707375041 14.008228253573177 3.872518077492713 7.9093942940235165 10.779764901846645 12.92201934289187 7.0259349700063458 8.4276694394648057 3.187543421983718 15.286036959849296 1563.031150967814 78.19840929005295 202.88386163115501 8.5909975171089155 30.494306534528732 27.205033004283905 18.749963656067852 4.7084933519363386 7.1637760177254677 11.317469768226145 32.762996695935726
leaf_count=11 247 48 7461 58 1129 29 27 43 35 21 95 18 37 62 487 105 58 17 1149 10565 814 1181 32 333 118 83 22 30 49 149
internal_value=0.00242239 0.00820263 -0.0695296 0.00868295 0.00674765 0.0169815 0.00806948 0.00781951 0.0553168 0.035966 0.0590695 -0.0368447 0.0142132 0.0551691 -0.0346344 0.00839374 -0.0163686 0.0127255 -0.0569181 0.00857393 -0.00880596 0.0120527 0.0135443 0.00284623 0.00717503 -0.00473479 -0.0358032 -0.0789704 0.00861131 -0.0089786
internal_weight=2301.33 2130.2 171.129 2114.61 1714.72 399.89 1676.73 1672.38 26.9319 21.5146 17.7897 21.2282 372.958 18.6892 25.5891 1651.15 17.3557 11.6152 15.5972 1648.26 85.2243 354.269 343.877 140.993 132.402 101.908 30.6222 11.8723 71.2855 44.0805
internal_count=24513 16318 8195 15158 12824 2334 11695 11668 180 145 124 136 2154 99 734 11532 118 75 1160 11484 919 2055 1997 816 784 451 135 52 316 198
is_linear=0
shrinkage=0.1


Tree=106
num_leaves=31
num_cat=0
split_feature=0 0 3 10 0 0 4 4 9 13 1 8 9 13 8 1 13 7 0 11 8 4 0 8 8 12 12 5 9 5
split_gain=96.3219 12.0151 5.81195 4.34328 7.03569 3.1177 2.09539 2.19822 2.69505 4.1762 3.53483 4.40265 2.95861 2.79868 2.39751 2.08339 3.03562 2.70161 3.66413 4.03521 2.22095 1.96479 2.018 1.94215 5.25624 3.11717 1.91922 6.41761 4.88642 3.85009
threshold=26.500000000000004 52.500000000000007 9.5000000000000018 7.5000000000000009 29.500000000000004 23.500000000000004 4.5000000000000009 8.5000000000000018 328.81087622549029 0.78888888888888908 1.5000000000000002 0.28989813242784385 314.6089635854342 0.94987468671679209 0.23294573643410851 1.5000000000000002 1.297058823529412 -1.4999999999999998 34.500000000000007 3.5000000000000004 0.23420877659574468 2.5000000000000004 36.500000000000007 0.31957446808510642 0.29128787878787882 9.5000000000000018 11.500000000000002 1.0000000180025095e-35 248.44102472089318 4.5000000000000009
decision_type=2 2 2 2 2 2 2 2 2 2 2 2 2 2 2 2 2 2 2 2 2 2 2 2 2 2 2 2 2 2
left_child=2 3 -1 4 -2 -4 -6 8 9 12 11 -10 -8 -13 -11 17 -17 20 19 -19 -9 22 -5 24 25 -7 -23 -28 29 -29
right_child=1 -3 5 21 6 23 7 15 10 14 -12 13 -14 -15 -16 16 -18 18 -20 -21 -22 26 -24 -25 -26 -27 27 28 -30 -31
leaf_value=-0.073279923210606543 -0.076354752097740189 -0.070385005919441426 -0.076958916114045609 -0.095683260413042315 -0.083125694055925944 -0.020540463179417167 0.050474181260803788 -0.090856504145634107 -0.064723072640485588 0.053505634994291278 0.076276712398401961 -0.01998578929079893 0.19717033861251401 0.14548705281219074 -0.043174415258707355 -0.1128740117401613 0.0084598484600532063 -0.098551094087157912 0.13028193779808547 0.071547963797276556 0.01934276454594798 0.01070489676436772 0.025273303503540963 -0.078807427435754973 0.22201370978772653 0.14788545153317292 -0.11972407493567488 -0.00058673288307254485 -0.038182169887219203 0.043000809190037813
leaf_weight=164.82903916854411 14.818602822721003 19.269195750355721 4.8627682672813561 3.5271445382386437 2.8643996547907582 6.7918873149901611 2.8509264141321209 4.0981787629425517 10.078762192279102 6.2570845782756788 4.0968834534287444 2.1639212630689135 2.6553617306053638 1.9370870329439638 4.3469592127948999 4.6443765107542259 3.708414712920785 2.5872574187815207 2.983848437666893 3.0255262274295092 3.3027576766908169 1970.5559514965862 2.2650871798396111 1.7168308459222306 1.3183734770864237 1.3109621945768593 4.4683040603995314 68.908369329757988 23.941476160660386 28.707400409504771
leaf_count=8980 683 1918 157 63 60 118 26 28 99 49 36 25 21 20 48 33 32 30 13 22 16 11259 9 34 17 21 20 348 154 174
internal_value=0.00246103 0.00823254 -0.0676942 0.00892784 -0.0144902 -0.010154 0.00039157 0.00446439 0.0207436 0.0505619 -0.00554031 -0.0291792 0.121217 0.0581743 0.0138732 -0.0185247 -0.059005 0.00261121 0.0407409 -0.00686055 -0.0416787 0.00977907 -0.0483825 0.0190124 0.0368382 0.00670921 0.00993976 -0.00202412 0.0023024 0.0122317
internal_weight=2378.89 2198.06 180.83 2178.79 76.4203 16.0008 61.6017 58.7373 34.387 16.1103 18.2767 14.1798 5.50629 4.10101 10.604 24.3504 8.35279 15.9976 8.59663 5.61278 7.40094 2102.37 5.79223 11.1381 9.42122 8.10285 2096.58 126.026 121.557 97.6158
internal_count=24513 15186 9327 13268 1241 347 558 498 324 144 180 144 47 45 97 174 65 109 65 52 44 12027 72 190 156 139 11955 696 676 522
is_linear=0
shrinkage=0.1


Tree=107
num_leaves=31
num_cat=0
split_feature=0 0 3 0 10 0 8 4 4 0 9 7 7 6 6 7 10 7 7 13 6 0 11 2 9 9 13 8 9 13
split_gain=170.398 22.393 4.99781 8.94594 4.24034 3.9883 3.91054 4.6283 3.28788 2.99287 5.45336 12.4169 2.59497 3.09696 2.85833 2.4831 2.26007 2.66646 3.8628 2.25804 5.14411 3.7652 2.74276 4.09062 3.31895 3.08606 4.33743 5.19744 4.17507 4.67659
threshold=37.500000000000007 52.500000000000007 4.5000000000000009 42.500000000000007 21.500000000000004 49.500000000000007 0.35781671159029654 21.500000000000004 11.500000000000002 34.500000000000007 150.01174012158057 1.0000000180025095e-35 -12.499999999999998 13.500000000000002 12.500000000000002 9.5000000000000018 15.500000000000002 3.5000000000000004 2.5000000000000004 0.4660633484162896 11.500000000000002 40.500000000000007 1.5000000000000002 8.5000000000000018 137.05471014492755 234.82068914522333 1.6515151515151518 0.23845060412224586 224.90895424836603 1.4833333333333336
decision_type=2 2 2 2 2 2 2 2 2 2 2 2 2 2 2 2 2 2 2 2 2 2 2 2 2 2 2 2 2 2
left_child=9 2 3 -2 5 19 7 16 -6 -1 11 -11 -5 14 -14 -13 -7 18 -18 20 21 -4 -21 25 -25 26 28 -28 29 -24
right_child=1 -3 4 12 8 6 -8 -9 -10 10 -12 15 13 -15 -16 -17 17 -19 -20 22 -22 -23 23 24 -26 -27 27 -29 -30 -31
leaf_value=-0.076266796619796226 -0.065786056463694148 0.074894528355020043 -0.080150745821754799 0.087115084650038671 -0.085988214206331265 0.066577361123605239 -0.13297650409981585 0.074196446049429085 0.043061820640612661 0.39928307300888333 -0.06203524357712023 -0.052167062510784651 0.0014948129332911907 -0.071192398408648369 0.08686653332539096 0.12484256862467712 0.0064245769913950732 0.080232871637902381 -0.14601604192581263 0.0040980773518429362 -0.07951657099539966 0.010432885365561953 0.012159220763590967 -0.017814888752503054 0.0562353459708895 0.029443520036191318 -0.0010878474570536209 -0.14265860779945413 -0.020582271044548461 0.059328273810655363
leaf_weight=248.77263034041971 23.35441560856998 55.391997462138534 4.9709929116070262 3.6733336932957164 7.5661155041307193 8.2052442170679551 1.3459337912499894 24.126819271594286 2.6712490953505039 0.83598987013101478 34.270847979933023 4.0040470268577337 60.929619776085019 5.4940913952887049 4.1915922462940207 0.98806291818618763 28.263439886271957 4.4712559506297103 1.7661413140594948 301.34524770453572 8.4464189521968347 59.664397224783897 485.40247192420065 7.1904840543866149 38.250940222293139 102.46100728400052 7.4398183263838273 3.9807924367487431 37.024820737540722 21.970534469932318
leaf_count=13257 622 1918 78 24 123 146 18 509 28 17 1275 126 407 36 27 31 353 76 29 1503 56 279 2475 35 200 515 35 22 187 106
internal_value=-0.00266232 0.012672 0.0099239 -0.0118016 0.0117581 0.0123303 0.0357863 0.039185 -0.052315 -0.0721802 -0.0468274 0.0425987 0.00516974 0.000907026 0.00698985 -0.0171324 0.0194052 0.00818639 -0.00254097 0.010847 -0.00612447 0.00346626 0.012081 0.0154995 0.0445179 0.0134963 0.0105566 -0.0504341 0.0118361 0.0142018
internal_weight=1598.47 1309.6 1254.21 97.6431 1156.56 1146.33 68.1788 66.8329 10.2374 288.872 40.0989 5.8281 74.2886 70.6153 65.1212 4.99211 42.7061 34.5008 30.0296 1078.15 73.0818 64.6354 1005.07 703.721 45.4414 658.279 555.818 11.4206 544.398 507.373
internal_count=24513 9807 7889 1116 6773 6622 1131 1113 151 14706 1449 174 494 470 434 157 604 458 382 5491 413 357 5078 3575 235 3340 2825 57 2768 2581
is_linear=0
shrinkage=0.1


Tree=108
num_leaves=31
num_cat=0
split_feature=0 0 10 3 8 0 10 9 0 5 9 9 13 1 12 9 0 13 0 1 13 8 5 6 8 0 9 9 13 0
split_gain=180.674 12.6093 5.37225 5.12588 3.94517 3.62643 5.95328 4.27517 3.95469 2.49938 2.49899 5.97779 3.65698 5.1 2.73744 2.45331 3.99703 2.34024 2.32819 2.26644 5.82699 2.45812 2.25411 2.24261 3.45497 3.53505 3.23402 3.45999 2.56086 2.70657
threshold=28.500000000000004 16.500000000000004 7.5000000000000009 8.5000000000000018 0.15954545454545457 20.500000000000004 7.5000000000000009 166.86956018518524 19.500000000000004 1.0000000180025095e-35 307.59523809523819 301.53472222222229 0.84962406015037606 1.0000000180025095e-35 3.5000000000000004 401.50203373015876 29.500000000000004 0.78888888888888908 13.500000000000002 2.5000000000000004 1.0717948717948722 0.12933094384707286 2.5000000000000004 2.5000000000000004 0.33072916666666669 21.500000000000004 142.86127722406795 225.86830065359479 1.3923076923076925 21.500000000000004
decision_type=2 2 2 2 2 2 2 2 2 2 2 2 2 2 2 2 2 2 2 2 2 2 2 2 2 2 2 2 2 2
left_child=1 2 -1 5 19 6 8 -8 -3 -4 11 12 13 14 -10 -2 -17 -6 -11 -5 -21 -22 -15 26 -25 -26 -19 28 29 -28
right_child=15 3 9 4 17 -7 7 -9 10 18 -12 -13 -14 22 -16 16 -18 23 -20 20 21 -23 -24 24 25 -27 27 -29 -30 -31
leaf_value=0.076404716980437715 -0.075673180951807542 0.058965982909881899 0.081731188523042564 -0.020936354863538193 -0.084455050561088638 0.0079067503500774589 0.066631144729884725 0.0021012565051277752 -0.061019860784047156 0.077081525450195726 0.039297246316223056 -0.14193228776931441 0.042473127596866909 -0.042779400803382217 0.081876988219246313 0.24857724186695118 -0.076231302464238274 -0.067671980341801122 0.0043505115323723819 0.21678590524101282 -0.045660116906844718 0.078717456408681885 -0.18203036294487129 -0.060943296320136502 0.07880957642996135 -0.07860152939363782 0.048508688382913299 -0.067978333042643252 -0.00645504418444967 0.20839576554784756
leaf_weight=39.911711288616061 292.22556656319648 50.815985035151243 6.6154099144041529 5.7273477688431731 7.5143403932452193 835.24496803991497 11.171241417527197 126.79892906546593 2.0984842255711609 5.1410195659846059 38.059362441301346 2.6732081994414321 17.553186856210232 2.4005848988890648 3.7119674906134605 0.61478583700954803 0.98727095779031515 3.5443726256489745 30.587518885731697 1.8582562636584024 3.2322626635432243 3.1254474464803934 2.2538941651582718 19.348658166825775 4.1203487925231448 2.182297483086586 2.1454917043447477 2.0169734861701727 2.1567446235567331 2.090224402025342
leaf_count=1659 14080 1805 98 60 110 4402 38 509 21 150 407 25 168 23 37 21 48 38 259 21 35 25 18 277 19 50 8 27 24 51
internal_value=-0.00452319 0.0122559 0.0500814 0.00955466 -0.0191397 0.0111055 0.0214799 0.00732615 0.0378121 0.0252701 0.0221766 0.00094577 0.0145778 -0.0322121 0.0302688 -0.0749966 0.0484133 -0.0335071 0.0148159 0.0273519 0.0610136 0.0154838 -0.110211 -0.0233266 -0.0399972 0.0243058 0.0124464 0.0462143 0.0822449 0.127409
internal_weight=1527.93 1234.1 82.2557 1151.84 59.0628 1092.78 257.537 137.97 119.567 42.3439 68.7507 30.6913 28.0181 10.4649 5.81045 293.828 1.60206 45.1195 35.7285 13.9433 8.21597 6.35771 4.65448 37.6051 25.6513 6.30265 11.9538 8.40943 6.39246 4.23572
internal_count=24513 10364 2166 8198 745 7453 3051 547 2504 507 699 292 267 99 58 14149 69 604 409 141 81 60 41 494 346 69 148 110 83 59
is_linear=0
shrinkage=0.1


Tree=109
num_leaves=31
num_cat=0
split_feature=0 0 4 4 0 10 0 9 5 10 8 13 13 4 1 12 10 9 7 12 11 12 4 4 5 11 8 9 11 13
split_gain=85.5771 5.64166 3.76214 3.23686 2.9284 2.77628 10.6846 3.69101 3.43512 3.66552 3.57375 3.0924 4.7384 3.69961 2.79532 4.10597 3.39541 2.93526 2.74552 3.95051 4.59279 2.86482 2.54125 2.52251 2.47679 2.40511 3.46939 4.56411 2.36314 3.56946
threshold=40.500000000000007 13.500000000000002 12.500000000000002 25.500000000000004 42.500000000000007 19.500000000000004 37.500000000000007 224.90895424836603 8.5000000000000018 16.500000000000004 0.20611577964519137 1.4833333333333336 0.48529411764705882 10.500000000000002 5.5000000000000009 2.5000000000000004 9.5000000000000018 139.16703431372551 -11.499999999999998 8.5000000000000018 2.5000000000000004 4.5000000000000009 11.500000000000002 9.5000000000000018 4.5000000000000009 1.5000000000000002 0.23706512042818909 269.02765476190484 5.5000000000000009 1.1055555555555558
decision_type=2 2 2 2 2 2 2 2 2 2 2 2 2 2 2 2 2 2 2 2 2 2 2 2 2 2 2 2 2 2
left_child=1 -1 4 5 25 6 8 11 9 14 -11 12 24 -14 28 -16 -17 -18 19 20 -9 -22 -12 -8 -7 26 27 -2 -3 -30
right_child=2 3 -4 -5 -6 7 23 18 -10 10 22 -13 13 -15 15 16 17 -19 -20 -21 21 -23 -24 -25 -26 -27 -28 -29 29 -31
leaf_value=-0.075681085344129553 0.2982174372748651 0.0089001633640371485 -0.07549190870297845 -0.066937889800316147 -0.068274384254966444 0.047831817558177329 0.059259966723446612 -0.13031723646796298 0.095913310508987951 -0.089288573850327652 -0.071018172914327479 -0.020622029760538892 0.010959496966243546 0.11125058279875089 0.11650434390503939 0.060855036844249956 0.040403807885408767 -0.08583575659331287 0.014690486926927435 0.067896635680620834 0.055769844749402712 -0.065387736023436324 0.024726825330851868 -0.055573889697722346 -0.073955923192431036 -0.030553423224096668 -0.030774523278637184 0.0096187119168451105 -0.012777678907257731 0.012442927325650969
leaf_weight=8.0995500339195114 1.0628854148089915 1389.9548264872283 132.71290713455528 5.7576158158481112 12.016162459738551 3.483922595158222 2.0331041589379302 4.8095607943832892 4.3856827765703192 7.5508075430989292 3.9174458459019652 5.4180276915431014 4.8685716986656216 15.04312904179096 5.6832346767187145 8.4989296719431895 3.2369681037962428 4.2734946645796299 347.42923432216048 3.407829273492097 3.8218012861907482 3.9882474020123482 9.4819607995450479 32.355589503422379 3.2070055063813925 8.3438345491886121 2.0824797339737415 1.1311709508299825 131.943180764094 97.646813064813614
leaf_count=773 22 10025 7461 113 487 20 18 28 27 53 19 31 30 81 33 42 17 33 2053 25 26 20 64 1048 20 163 40 22 1013 706
internal_value=0.002313 0.0076176 -0.0688297 0.00793854 -0.0329415 0.00814418 0.00638947 0.0156912 0.00752796 0.00729475 -0.0342694 0.0482391 0.0622637 0.0867286 0.00782532 0.0434844 0.0175628 -0.0314272 0.0128237 -0.027642 -0.0534414 -0.00609999 -0.00326515 -0.0487848 -0.0105418 0.000699769 0.061677 0.149427 0.00734769 -0.00205111
internal_weight=2267.65 2110.3 157.349 2102.2 24.6365 2096.44 1700.96 395.477 1666.57 1662.19 20.9502 32.0207 26.6026 19.9117 1641.24 21.6926 16.0094 7.51046 363.457 16.0274 12.6196 7.81005 13.3994 34.3887 6.69093 12.6204 4.27654 2.19406 1619.54 229.59
internal_count=24513 16318 8195 15545 734 15432 13098 2334 12032 12005 136 182 151 111 11869 125 92 50 2152 99 74 46 83 1066 40 247 84 44 11744 1719
is_linear=0
shrinkage=0.1


Tree=110
num_leaves=31
num_cat=0
split_feature=0 0 10 0 3 1 4 7 4 0 12 12 11 11 13 4 0 4 10 8 11 6 12 7 12 4 13 4 9 4
split_gain=86.0797 9.98772 5.95498 8.80863 2.78872 2.79673 1.92089 1.95449 1.77764 1.88049 1.73168 2.12337 3.41806 3.36302 4.05364 4.28058 4.20391 3.65553 2.61377 2.92457 2.2395 1.69588 2.48726 1.88922 8.20726 3.23218 4.0983 5.35896 3.02191 2.44231
threshold=25.500000000000004 52.500000000000007 7.5000000000000009 29.500000000000004 11.500000000000002 3.5000000000000004 4.5000000000000009 2.5000000000000004 2.5000000000000004 36.500000000000007 11.500000000000002 2.5000000000000004 4.5000000000000009 4.5000000000000009 1.5857142857142861 8.5000000000000018 34.500000000000007 8.5000000000000018 1.0000000180025095e-35 0.28989813242784385 1.5000000000000002 16.500000000000004 1.5000000000000002 -8.4999999999999982 9.5000000000000018 15.500000000000002 1.297058823529412 13.500000000000002 248.44102472089318 6.5000000000000009
decision_type=2 2 2 2 2 2 2 2 2 2 2 2 2 2 2 2 2 2 2 2 2 2 2 2 2 2 2 2 2 2
left_child=4 2 3 -2 -1 -6 -5 10 9 -4 11 12 20 14 15 16 18 -15 19 -13 -8 23 -23 24 25 26 27 29 -26 -10
right_child=1 -3 8 6 5 -7 7 -9 21 -11 -12 13 -14 17 -16 -17 -18 -19 -20 -21 -22 22 -24 -25 28 -27 -28 -29 -30 -31
leaf_value=-0.072859517374178548 -0.076195980741908254 -0.069521302089787407 -0.093769871916068975 -0.082601836317526045 -0.078502962583638314 0.077128415305059803 0.054814225006930895 -0.058993696056604254 -0.0061078129268263594 0.024101165238479799 0.066712395198592081 0.095088089962001437 0.12712671618843946 -0.097712487725049091 0.11820901151157007 -0.05819156583984926 0.099873582947450718 0.017179876858592777 -0.082968748276393209 -0.081610126237206662 -0.042948857991233609 0.05188282633546442 -0.044176406920241933 0.0087795841670053418 0.024793019095556087 0.092412637502105807 0.063307111681035158 -0.095628274451829115 -0.060730624330817343 0.042046023646970188
leaf_weight=147.02418780233711 19.985077483579516 16.731760002672672 3.4068210255354634 2.6713616549968711 2.1318700071424237 2.5190149508416653 4.9367191437631828 4.5254354160279027 17.386664684861898 2.2456831410527229 4.8063992597162715 2.8165006227791363 3.2690915130078784 7.0869872123002988 3.1581360436975947 8.5154720190912467 5.4540617763996124 4.5454456899315119 3.2523014228790998 1.4034406282007692 4.460072997957468 3.4418115820735684 12.431565301492808 1975.1602940252051 5.8951147496700314 9.252930421382187 24.118437762372196 4.1630603522062293 13.8101574992761 26.71845861710608
leaf_count=8669 1022 1918 72 60 43 38 39 34 125 9 30 39 24 78 27 65 19 34 49 20 40 20 78 11462 31 53 151 17 94 153
internal_value=0.00241197 0.00744512 0.00803614 -0.0185887 -0.0704478 0.00579019 0.000315324 0.00411923 0.00906262 -0.0469409 0.00943746 0.00380768 0.0390526 -0.00851304 0.012437 -0.00314203 0.033123 -0.0528176 -0.0155989 0.0363229 0.00841217 0.00921391 -0.023348 0.00946283 0.0227789 0.0367599 0.029646 0.0128263 -0.035145 0.0230633
internal_weight=2347.32 2195.65 2178.92 80.8865 151.675 4.65088 60.9014 58.2301 2098.03 5.6525 53.7046 48.8982 12.6659 36.2323 24.5999 21.4418 12.9263 11.6324 7.47224 4.21994 9.39679 2092.38 15.8734 2076.51 101.345 81.6396 72.3866 48.2682 19.7053 44.1051
internal_count=24513 15763 13845 1580 8750 81 558 498 12265 81 464 434 103 331 219 192 127 112 108 59 79 12184 98 12086 624 499 446 295 125 278
is_linear=0
shrinkage=0.1


Tree=111
num_leaves=31
num_cat=0
split_feature=0 0 10 0 0 0 9 7 8 4 2 13 8 5 12 0 6 13 12 9 4 0 4 7 12 5 12 4 9 8
split_gain=153.049 19.6417 4.29552 11.6414 5.64352 3.12052 4.93901 7.21512 3.00094 2.60609 3.28113 3.65064 6.44594 2.40428 2.18213 2.0053 4.18486 1.8947 1.84279 1.83851 2.18014 2.13597 2.98634 3.32751 2.82331 3.65852 3.32486 2.18923 2.30629 2.27799
threshold=37.500000000000007 52.500000000000007 19.500000000000004 42.500000000000007 49.500000000000007 34.500000000000007 150.01174012158057 1.0000000180025095e-35 0.35781671159029654 20.500000000000004 3.5000000000000004 0.94987468671679209 0.21483516483516482 8.5000000000000018 9.5000000000000018 51.500000000000007 8.5000000000000018 1.9285714285714286 4.5000000000000009 177.55267434988181 22.500000000000004 45.500000000000007 7.5000000000000009 -9.4999999999999982 2.5000000000000004 5.5000000000000009 3.5000000000000004 18.500000000000004 217.5747023809524 0.20794025157232701
decision_type=2 2 2 2 2 2 2 2 2 2 2 2 2 2 2 2 2 2 2 2 2 2 2 2 2 2 2 2 2 2
left_child=5 2 4 -4 17 -1 7 -7 9 10 -6 12 -12 19 -9 -13 -17 -2 -15 -5 21 -21 -23 -24 -25 26 -26 29 -29 -28
right_child=1 -3 3 13 8 6 -8 14 -10 -11 11 15 -14 18 -16 16 -18 -19 -20 20 -22 22 23 24 25 -27 27 28 -30 -31
leaf_value=-0.076166442958249522 0.010542786539437569 0.074383501292579271 -0.068746670504891902 0.06017327531559527 0.078399170751238367 0.26035012760676091 -0.060905095160982706 -0.050753533536267242 -0.12931288360217216 0.073236850404886533 0.07862565415136058 0.046100764779280649 -0.19845418344170224 0.0050001160056720936 0.11209441001646421 0.078040171148886658 -0.20121484269891529 -0.048413105211418998 0.096666904806352399 -0.020646511773214998 -0.050075153242698449 0.07740037569187555 -0.05588327921004338 0.039538557648156981 -0.069766757631933296 0.034432441794513817 -0.051611754262060772 0.0010339632269043316 0.085448683324756622 0.0011342634358810473
leaf_weight=227.34206170029938 989.92091401480138 48.03821038454771 24.492893131449819 5.2855253405868998 7.68136824294925 1.1722160950303067 32.029181936755776 3.842964256182313 0.95759253948926826 22.998728753998876 1.3729188144206994 9.1297054067254049 2.161430861800909 3.9771952107548696 1.0470240451395509 1.0753571502864354 1.0711895376443861 5.4812999647110692 4.8887916468083858 30.894551126286387 8.1780745871365053 6.0257085338234893 8.2857616692781431 24.795950464904308 8.4859869852662069 23.917925130575895 11.631317578256128 8.9544053189456445 5.0684779435396186 27.657571516931057
leaf_count=13257 4959 1918 800 27 146 17 1275 135 15 561 26 157 36 25 22 23 20 37 24 397 51 26 38 124 40 119 53 43 22 120
internal_value=-0.00256483 0.0116397 0.0092175 -0.00410779 0.011808 -0.0717282 -0.0452394 0.0375289 0.0458792 0.049567 0.0253638 -0.00214239 -0.0908225 0.00478419 -0.0158852 0.0256529 -0.0613162 0.0102181 0.0555461 0.002124 0.000251953 0.00289506 0.00872176 0.0052382 0.00982087 0.0012241 -0.0116287 -0.00237449 0.0315451 -0.014481
internal_weight=1557.86 1292.43 1244.39 202.54 1041.85 265.433 38.0914 6.0622 46.4483 45.4907 22.492 14.8106 3.53435 178.047 4.88999 11.2763 2.14655 995.402 8.86599 169.181 163.896 155.718 124.823 118.797 110.512 85.7157 61.7978 53.3118 14.0229 39.2889
internal_count=24513 9807 7889 1909 5980 14706 1449 174 984 969 408 262 62 1109 157 200 43 4996 49 1060 1033 982 585 559 521 397 278 238 65 173
is_linear=0
shrinkage=0.1


Tree=112
num_leaves=31
num_cat=0
split_feature=0 0 10 3 10 0 0 6 12 6 11 4 5 8 8 9 9 8 5 10 0 9 8 11 9 0 13 2 9 7
split_gain=163.175 10.7208 5.3892 4.32452 5.11865 4.46153 3.98206 3.88942 2.78938 4.09473 4.71501 2.77236 3.31001 2.77012 3.14183 2.90053 5.03202 4.93987 2.79774 4.34399 7.1447 4.6106 4.93865 5.93063 4.90506 4.70691 4.24791 3.53531 3.72709 3.39322
threshold=28.500000000000004 16.500000000000004 7.5000000000000009 2.5000000000000004 9.5000000000000018 20.500000000000004 25.500000000000004 4.5000000000000009 5.5000000000000009 4.5000000000000009 1.0000000180025095e-35 10.500000000000002 1.0000000180025095e-35 0.47722567287784684 0.36899313501144165 121.71866666666666 165.88075633773312 0.21294035577258458 1.5000000000000002 6.5000000000000009 21.500000000000004 410.52061403508782 0.17349498327759191 1.5000000000000002 319.72978983382217 24.500000000000004 1.7032967032967035 3.5000000000000004 252.61076388888893 1.0000000180025095e-35
decision_type=2 2 2 2 2 2 2 2 2 2 2 2 2 2 2 2 2 2 2 2 2 2 2 2 2 2 2 2 2 2
left_child=1 2 -1 5 13 -3 7 11 -7 10 -10 -6 -13 14 15 -5 17 -17 19 20 -18 22 23 -22 -25 26 27 28 -24 -20
right_child=-2 3 -4 4 6 8 -8 -9 9 -11 -12 12 -14 -15 -16 16 18 -19 29 -21 21 -23 25 24 -26 -27 -28 -29 -30 -31
leaf_value=0.076233375079187912 -0.074771451381706461 0.040540408123220399 0.022777577033079557 -0.063602814509770192 -0.081030747823497229 0.020619861278738036 -0.065189224558946976 0.0156812480038118 -0.03682929928538551 -0.013996248491769815 0.042694146790095672 0.07157728059705229 -0.034163005159691562 0.093078464001200345 -0.020341729870446683 0.11953609273315158 0.046744124726470597 0.01273046606559847 0.006576546163707263 -0.016273563516741956 -0.042665092940206567 -0.10044983740625063 -0.071900438608201139 0.13027944189836446 0.016243261157495963 -0.048966616622133259 -0.073278055446540952 0.079170741530451644 0.014118663082143821 0.026556124415766269
leaf_weight=35.184465888887644 269.88420046074316 70.071507411077619 40.647923685610294 5.5440349429845801 9.0535086244344729 167.22837872244418 15.580894468352197 31.554570566862822 9.6015507355332357 72.917229484766722 33.361758094280958 3.6655718423426178 15.38804838247597 3.7407142743468276 40.238011898472905 8.0472637116909045 39.598603101447225 9.3755907882004959 269.85187853127718 104.12168127112091 5.6187710389494923 4.6340314596891394 5.7146447449922553 8.1647062338888627 7.0106306076049796 22.080112002789974 6.2540041208267203 7.172193005681037 42.484640717506409 124.09405189938843
leaf_count=1659 14149 1273 507 38 38 782 401 185 40 369 160 37 158 27 277 59 520 79 1754 623 27 19 20 42 28 191 22 25 149 855
internal_value=-0.00441938 0.0111692 0.0475798 0.00875178 0.00463491 0.0179487 -0.0201725 -0.00841625 0.0123571 0.000432909 0.024922 -0.0354694 -0.0138205 0.0072501 0.0067979 0.00842839 0.00902961 0.0620618 0.00760108 -0.000608153 0.0103586 -0.00284371 0.00148462 0.0451014 0.0775975 -0.00935064 0.00484357 0.0136671 0.00391999 0.0128702
internal_weight=1487.89 1218 75.8324 1142.17 788.988 353.18 75.2426 59.6617 283.109 115.881 42.9633 28.1071 19.0536 713.746 710.005 669.767 664.223 17.4229 646.8 252.854 148.732 109.134 104.5 20.7941 15.1753 83.7056 61.6255 55.3715 48.1993 393.946
internal_count=24513 10364 2166 8198 5574 2624 819 418 1351 569 200 233 195 4755 4728 4451 4413 138 4275 1666 1043 523 504 97 70 407 216 194 169 2609
is_linear=0
shrinkage=0.1


Tree=113
num_leaves=31
num_cat=0
split_feature=0 0 4 4 0 8 9 10 0 9 6 8 8 5 10 9 10 8 12 7 12 11 11 1 12 10 8 9 9 4
split_gain=76.6207 4.78747 3.85897 2.87918 2.77979 2.76433 2.49067 2.24875 9.43978 3.16463 2.86815 2.88005 3.46421 2.86488 3.15968 3.25757 2.67632 2.66254 2.61089 2.83998 3.95549 3.55777 2.637 2.40308 3.47823 2.9457 2.74854 2.31054 3.05912 2.26567
threshold=40.500000000000007 13.500000000000002 12.500000000000002 25.500000000000004 43.500000000000007 1.0000000180025095e-35 210.12683215130025 19.500000000000004 37.500000000000007 224.90895424836603 6.5000000000000009 0.1788379530916844 0.20948987246811704 8.5000000000000018 16.500000000000004 242.41166666666666 17.500000000000004 0.21595124536301008 1.5000000000000002 -11.499999999999998 8.5000000000000018 2.5000000000000004 1.0000000180025095e-35 5.5000000000000009 2.5000000000000004 9.5000000000000018 0.24106002554278419 318.48066603535364 242.41166666666666 9.5000000000000018
decision_type=2 2 2 2 2 2 2 2 2 2 2 2 2 2 2 2 2 2 2 2 2 2 2 2 2 2 2 2 2 2
left_child=1 -1 4 5 6 -3 -2 8 13 10 -9 -12 -13 14 23 16 -16 -18 22 20 21 -20 -11 -7 -25 -26 -27 28 -24 -10
right_child=2 3 -4 -5 -6 7 -8 9 29 18 11 12 -14 -15 15 -17 17 -19 19 -21 -22 -23 27 24 25 26 -28 -29 -30 -31
leaf_value=-0.075585870014868495 0.16357987347115654 -0.091134974774285255 -0.075324423192696666 -0.06540915774317875 -0.076483732163880047 0.0069765068790156792 -0.015111318458226509 0.10613551579680856 0.05321367922402423 -0.035889919126899358 0.085670509862357913 -0.073701244673555655 0.031697190880629063 0.087503491145930867 -0.05455100234090552 -0.11541001434104803 -0.049190788737289118 0.066085644891172995 -0.13056999885663051 0.010739059497211731 0.06251504476760554 -0.016417905265729109 -0.011160760291463595 0.10828294131449344 0.057303758940947538 -0.093130412895790216 0.029308396830711882 -0.0012030107771372949 0.071773566394127422 -0.054127787470407397
leaf_weight=6.9826159621588877 0.82512504793703811 2.8349415534175924 121.20165357738733 5.4237933792173854 8.6344187017530185 1607.0605466170236 14.271878206171094 6.1206717211753121 2.1019139625132075 4.710717298090457 6.8632851094007519 3.9174488000571754 15.289200086146591 4.4242508932948104 8.080456726253038 3.8126832693815222 3.1028538569807989 5.6557131223380566 4.5632601082324964 302.92515378817916 3.2718186229467383 6.7972280420362949 5.4364583604037788 5.6205397397279766 8.3274538815021497 3.5321510173380366 3.8122464530169964 8.9611368104815465 24.452349025756121 30.489189254119992
leaf_count=773 15 64 7461 113 375 11680 344 35 18 25 39 22 86 27 57 18 25 36 25 1793 25 39 27 33 42 23 27 66 152 1048
internal_value=0.00221302 0.00707858 -0.0681041 0.00735508 -0.031228 0.00754462 -0.00534497 0.00767916 0.00609082 0.014488 0.0445318 0.0300685 0.0101998 0.00714134 0.00692573 -0.0319436 -0.0130451 0.0252472 0.0118099 0.00866063 -0.034368 -0.0622703 0.0347678 0.00741869 0.0407931 0.0165886 -0.0295763 0.0433354 0.0566887 -0.047205
internal_weight=2239.5 2094.57 144.933 2087.59 23.7314 2082.16 15.097 2079.33 1686.02 393.309 32.1906 26.0699 19.2066 1653.43 1649 20.6517 16.839 8.75857 361.118 317.557 14.6323 11.3605 43.5607 1628.35 21.2924 15.6719 7.3444 38.8499 29.8888 32.5911
internal_count=24513 16318 8195 15545 734 15432 359 15368 13034 2334 182 147 108 11968 11941 136 118 61 2152 1882 89 64 270 11805 125 92 50 245 179 1066
is_linear=0
shrinkage=0.1


Tree=114
num_leaves=31
num_cat=0
split_feature=0 0 10 0 3 1 8 8 5 1 9 8 4 0 9 10 13 2 13 10 11 13 11 11 2 5 7 8 7 11
split_gain=77.0854 8.34377 5.10285 8.26758 2.73095 2.4094 2.19026 2.28202 2.66404 2.3649 2.17979 2.19487 2.09122 4.17589 3.45954 5.96644 4.82014 2.56661 3.26145 2.48821 2.61358 2.53861 2.52746 2.85733 2.29121 2.24645 3.54568 2.16487 2.13331 2.11582
threshold=25.500000000000004 52.500000000000007 7.5000000000000009 29.500000000000004 11.500000000000002 3.5000000000000004 0.45080645161290328 0.38956639566395673 1.5000000000000002 2.5000000000000004 229.30280388471181 0.41240409207161127 7.5000000000000009 30.500000000000004 327.30582908885123 11.500000000000002 0.88194444444444453 3.5000000000000004 1.1791443850267382 22.500000000000004 2.5000000000000004 1.9285714285714286 3.5000000000000004 1.0000000180025095e-35 1.5000000000000002 4.5000000000000009 -5.4999999999999991 0.26953601953601958 -12.499999999999998 2.5000000000000004
decision_type=2 2 2 2 2 2 2 2 2 2 2 2 2 2 2 2 2 2 2 2 2 2 2 2 2 2 2 2 2 2
left_child=4 2 3 -2 -1 -6 7 12 -9 10 11 -10 13 -4 28 -16 -17 18 29 22 21 -21 23 -20 -24 26 -25 -22 -14 -15
right_child=1 -3 6 -5 5 -7 -8 8 9 -11 -12 -13 14 17 15 16 -18 -19 19 20 27 -23 24 25 -26 -27 -28 -29 -30 -31
leaf_value=-0.072449431795135188 -0.076102137845178219 -0.068554487013805385 -0.066076864642406016 0.0003837204722552071 -0.078226390789244968 0.067412930234330357 -0.072927533480017709 -0.035731251990966877 0.054074812724636268 0.10754134089717651 0.082032082587061239 -0.052026442175324032 -0.04476834457277587 0.010516299238698101 0.16576316288412205 0.092912919163777752 -0.027998347143244003 -0.080267340260590736 0.072152895852642868 0.090194706921867346 -0.09619758363959241 -0.019857405798258274 0.11746994228969401 -0.10763423685444536 0.039345769427299115 0.031837039908882758 0.011140641749468414 0.0072633605409684974 0.0089697435903918921 -0.018198053116537643
leaf_weight=134.42844516830519 18.453819674439728 14.540181194897739 9.6487755663692933 60.349793117493391 1.975577663630246 2.6726938169449568 3.3065597452223292 3.858720442280176 3.7027734722942132 5.9653214439749709 5.1416843757033348 4.1180662699043751 7.4169369488954535 41.920631602406502 3.7273505758494165 5.691778186708687 7.836436215788126 3.7528590001165858 6.5810907930135754 3.705159295350315 4.6363684013485891 4.8263281118124723 5.5040514133870628 4.1394883207976845 11.806667804718016 9.3410148099064809 6.3978504948317996 3.5872803032398224 1852.6773477951065 66.162085086107254
leaf_count=8669 1022 1918 425 558 43 38 16 21 23 34 34 21 44 239 31 34 45 20 33 22 41 29 33 23 66 49 41 18 10539 384
internal_value=0.00233723 0.00694468 0.0074519 -0.0175273 -0.0698437 0.00551427 0.0083958 0.00852495 0.0399974 0.0554358 0.031457 -0.00179285 0.00817671 -0.00205761 0.00916893 0.0537386 0.0228731 0.00152619 0.00334674 0.0219323 -0.0108387 0.0279374 0.034477 0.0150404 0.0641858 -0.00386774 -0.0355189 -0.0510664 0.00875547 -0.00706099
internal_weight=2317.87 2178.8 2164.26 78.8036 139.077 4.64827 2085.45 2082.15 22.7866 18.9278 12.9625 7.82084 2059.36 182.01 1877.35 17.2556 13.5282 172.361 168.608 60.5253 16.7551 8.53149 43.7702 26.4594 17.3107 19.8784 10.5373 8.22365 1860.09 108.083
internal_count=24513 15763 13845 1580 8750 81 12265 12249 133 112 78 44 12116 1423 10693 110 79 998 978 355 110 51 245 146 99 113 64 59 10583 623
is_linear=0
shrinkage=0.1


Tree=115
num_leaves=31
num_cat=0
split_feature=0 0 4 0 9 0 9 6 4 6 7 2 7 0 12 10 8 9 0 9 9 9 0 7 13 4 12 4 12 3
split_gain=137.628 17.2007 3.7348 3.40693 3.73574 3.24693 4.50528 7.00088 2.34427 2.55462 2.28008 2.61415 3.92397 2.75569 3.74863 5.51886 2.54072 2.5602 4.40822 3.16533 3.77781 2.89911 2.76573 2.46209 4.06557 2.45828 2.26215 2.18775 2.72742 2.06639
threshold=37.500000000000007 52.500000000000007 10.500000000000002 42.500000000000007 224.90895424836603 34.500000000000007 150.01174012158057 10.500000000000002 7.5000000000000009 12.500000000000002 -12.499999999999998 1.5000000000000002 -9.4999999999999982 50.500000000000007 9.5000000000000018 19.500000000000004 0.13100686498855832 224.19538824538827 45.500000000000007 210.12683215130025 196.25948961156283 206.07898769913291 47.500000000000007 -4.4999999999999991 0.32051282051282054 15.500000000000002 2.5000000000000004 18.500000000000004 9.5000000000000018 4.5000000000000009
decision_type=2 2 2 2 2 2 2 2 2 2 2 2 2 2 2 2 2 2 2 2 2 2 2 2 2 2 2 2 2 2
left_child=5 2 3 4 -2 -1 7 27 -5 26 -4 12 25 29 -15 -16 -14 19 -19 20 -18 -22 -21 -20 -25 -12 -10 -7 -29 -13
right_child=1 -3 10 8 -6 6 -8 -9 9 -11 11 13 16 14 15 -17 17 18 23 22 21 -23 -24 24 -26 -27 -28 28 -30 -31
leaf_value=-0.076076211292096949 0.13739685766528514 0.073863163439927632 0.088715742825529617 0.033787274968661456 -0.07036641703011863 0.13351834898419232 -0.05972705774936006 0.32358265935863129 0.020546843456528952 0.069985929051996465 -0.030490266070933587 -0.017976440815688752 0.06597759340867658 0.057803425528803978 0.020451409505005624 -0.20393000908333792 -0.039774288093868661 -0.03504819915924972 0.080109376720451819 -0.033634941227734617 0.08237265562677705 -0.025133900142827188 -0.14658311277670821 0.063952185792920044 -0.054705271051182114 -0.14842871339679414 -0.058909616753214669 -0.076951093526447856 0.10456768336333827 0.010489607409342239
leaf_weight=208.07239987747744 0.92093925178050895 41.655193913727999 3.6342383176088324 12.310533087700604 14.361991554498671 0.9442937895655622 29.960410547442734 0.73486826941370953 5.0645195636898341 2.6370498463511458 4.4195781331509343 26.137714492157102 5.2478975448757401 24.649624615907673 5.1415848582983008 1.3931853957474229 14.51250625588 11.820881169289349 9.1882036961615103 5.9143267497420293 6.2349763214588148 4.1968059558421373 3.4225333407521248 6.4607435911893827 5.2210588566958904 2.9450213126838207 12.249990878626702 3.4746192507445812 1.0866426825523374 1047.0125470794737
leaf_count=13257 17 1918 30 89 495 24 1275 8 43 25 40 186 38 587 113 15 87 176 43 52 39 26 21 30 27 14 109 122 20 5587
internal_value=-0.00249695 0.0106604 0.00852885 -0.0189537 -0.0578467 -0.0712673 -0.0436267 0.0336713 -0.000529619 -0.0217039 0.00962915 0.00938638 -0.00811772 0.0106478 0.0399518 -0.0273858 -0.00102694 -0.00627738 0.0137445 -0.0253705 -0.00677971 0.0391217 -0.0750374 0.0413809 0.0109195 -0.0776525 -0.0356685 -0.00502538 -0.0337073 0.00979629
internal_weight=1521.03 1276.75 1235.1 47.545 15.2829 244.273 36.2008 6.24042 32.2621 19.9516 1187.55 1183.92 79.5845 1104.33 31.1844 6.53477 72.2199 66.972 32.6909 34.2811 24.9443 10.4318 9.33686 20.87 11.6818 7.3646 17.3145 5.50556 4.56126 1073.15
internal_count=24513 9807 7889 778 512 14706 1449 174 266 177 7111 7081 593 6488 715 128 539 501 276 225 152 65 73 100 57 54 152 166 142 5773
is_linear=0
shrinkage=0.1


Tree=116
num_leaves=31
num_cat=0
split_feature=0 0 10 3 0 8 3 0 11 10 8 9 9 12 12 11 10 6 9 9 11 8 10 8 3 6 4 9 4 10
split_gain=147.648 9.02358 5.3856 3.99473 3.42241 3.4201 2.61914 4.08754 3.17961 6.57019 3.67256 3.53515 3.96094 2.64801 2.5703 3.83143 3.40528 3.21571 4.37367 3.49658 3.34007 2.8594 4.33016 4.00218 3.02529 2.92171 3.36148 2.81405 2.78069 2.64391
threshold=28.500000000000004 16.500000000000004 7.5000000000000009 8.5000000000000018 24.500000000000004 0.16405676535356004 2.5000000000000004 18.500000000000004 5.5000000000000009 7.5000000000000009 0.33072916666666669 357.34661306042887 384.72971014492759 4.5000000000000009 5.5000000000000009 1.0000000180025095e-35 1.0000000180025095e-35 4.5000000000000009 379.48760964912287 371.69427497789576 2.5000000000000004 0.21644144144144142 7.5000000000000009 0.33072916666666669 1.5000000000000002 5.5000000000000009 7.5000000000000009 415.70721153846165 6.5000000000000009 4.5000000000000009
decision_type=2 2 2 2 2 2 2 2 2 2 2 2 2 2 2 2 2 2 2 2 2 2 2 2 2 2 2 2 2 2
left_child=1 2 -1 6 5 -5 7 -3 14 10 11 13 -13 -10 15 16 -9 20 19 28 -16 22 25 -23 29 26 -17 -20 -19 -25
right_child=-2 3 -4 4 -6 -7 -8 8 9 -11 -12 12 -14 -15 17 21 -18 18 27 -21 -22 23 -24 24 -26 -27 -28 -29 -30 -31
leaf_value=0.076084562393623545 -0.074545484680817439 0.058003609397065427 0.020319802802039273 0.039597033402948498 -0.067807000261577502 -0.021903140030369556 0.0059718995382071118 0.12108659640746003 0.093246848523917181 0.13923430472676745 0.10059568991357964 -0.088256939797008049 0.014782466745502505 0.0089252838186638216 -0.0033967541363857895 0.035983298928420573 0.033788994270321164 0.0032510021711992022 -0.083992927288342428 0.097871091764398899 0.049207398834311522 0.036110993811489092 -0.076916098322432513 -0.006209657931372038 0.020274730296582763 -0.026407153005531182 -0.073614363095436064 0.0015995668305196842 -0.062607731694635807 -0.10884044298053455
leaf_weight=31.030377328395844 248.16814511409029 22.235702430829406 39.193055609241128 12.250412706285713 10.992175109684466 34.5308020375669 725.09218609519303 5.7863116133958128 6.5875918548554209 5.6869838759303084 5.3209646902978411 5.7543842941522625 10.608402898535131 8.5683962125331146 29.727107597514987 26.383808786049489 19.61772376857698 39.862781858071685 12.484641972929241 3.3837434723973265 20.321396965533495 62.008489610627294 7.4871196299791327 5.4138737600296736 12.154988760128617 18.4078389108181 3.1305769458413115 5.5481392815709105 7.6396666038781396 4.679898489266634
leaf_count=1659 14149 611 507 75 395 275 4829 30 43 33 30 33 56 55 180 179 137 258 69 19 148 362 46 29 72 111 18 34 46 25
internal_value=-0.00432229 0.0101775 0.0449612 0.00801908 -0.0175963 -0.00579833 0.00939714 0.0165176 0.0136928 0.039194 0.0237506 0.0107778 -0.0214539 0.0455759 0.00987473 0.0179505 0.0536729 -0.00133059 -0.015341 -0.000344642 0.0179623 0.0114529 -0.00619133 0.0230561 -0.0133284 0.00485834 0.0243583 -0.0576587 -0.00734085 -0.0537936
internal_weight=1450.06 1201.89 70.2234 1131.67 57.7734 46.7812 1073.89 348.801 326.565 42.5267 36.8397 31.5188 16.3628 15.156 284.038 165.071 25.404 118.967 68.919 50.8862 50.0485 139.667 55.4093 84.2573 22.2488 47.9222 29.5144 18.0328 47.5024 10.0938
internal_count=24513 10364 2166 8198 745 350 7453 2624 2013 250 217 187 89 98 1763 1009 167 754 426 323 328 842 354 488 126 308 197 103 304 54
is_linear=0
shrinkage=0.1


Tree=117
num_leaves=31
num_cat=0
split_feature=0 0 4 0 4 8 11 3 8 3 1 7 7 12 8 13 7 7 3 0 9 7 10 2 9 3 1 6 0 7
split_gain=68.6982 4.15231 3.93586 2.67026 2.5484 2.41841 2.06344 3.62732 4.32517 4.15905 3.72749 6.29075 4.19302 3.56121 3.44903 3.42207 4.74502 2.96494 4.34019 3.14288 2.89363 2.9518 2.87706 2.8627 5.62201 3.9267 3.53241 3.05778 3.3305 2.85345
threshold=40.500000000000007 13.500000000000002 12.500000000000002 43.500000000000007 25.500000000000004 1.0000000180025095e-35 4.5000000000000009 2.5000000000000004 0.088562091503267909 9.5000000000000018 3.5000000000000004 1.5000000000000002 1.0000000180025095e-35 4.5000000000000009 0.40682870370370378 0.84962406015037606 2.5000000000000004 1.5000000000000002 5.5000000000000009 26.500000000000004 349.12926470588241 -5.4999999999999991 11.500000000000002 3.5000000000000004 340.02687500000008 6.5000000000000009 2.5000000000000004 3.5000000000000004 21.500000000000004 2.5000000000000004
decision_type=2 2 2 2 2 2 2 2 2 2 2 2 2 2 2 2 2 2 2 2 2 2 2 2 2 2 2 2 2 2
left_child=1 -1 3 -2 5 -3 -7 8 20 10 12 -12 23 -11 -10 22 17 18 -17 -19 -8 -22 -14 25 -25 26 27 28 -9 -24
right_child=2 4 -4 -5 -6 6 7 9 14 13 11 -13 15 -15 -16 16 -18 19 -20 -21 21 -23 29 24 -26 -27 -28 -29 -30 -31
leaf_value=-0.075524308269280249 -0.0047732973798590124 -0.087935788387808897 -0.075158929960373724 -0.076371099419160121 -0.063775294761111503 0.0091195795652023164 -0.14531380873415975 0.15802897654795445 -0.0054319133757821225 0.0062170465682653692 -0.040304984058189226 0.088570721287942272 0.025824175892513596 -0.037544046959380108 -0.11279277530198438 0.013761049245787575 0.0053193622514506253 -0.095152456964591972 -0.067652495012883687 -0.0086785270758088853 0.080658170846800686 -0.10704825487824254 0.014007122567704694 0.032465919690300001 0.18446679436333882 -0.071417854295825089 -0.057763856072238322 0.01532700438648444 0.03391516185670216 -0.10281731504402532
leaf_weight=6.1426305365748695 14.978191722184421 2.6803913046605876 110.84129837201908 7.9864861853420726 5.1014998517930499 1471.3023108248599 3.9411516585387281 3.1095019234344345 123.53387259365991 37.856720624491572 5.2000626539811519 13.943791966885327 46.23862318880856 36.550454918295145 3.0665800785645834 17.242047543171797 53.607557260897011 13.389740981627257 10.557626662775872 6.1258760169148436 1.5772166009992363 1.7869764324277637 4.738481851294635 19.562269783578817 2.7789970114827147 5.291502525098621 6.2724716532975426 165.07539876177907 7.095944669097662 3.741694824770093
leaf_count=773 359 64 7461 375 113 10881 38 49 1114 278 46 74 318 281 35 133 335 95 69 46 10 32 43 163 13 61 38 1153 34 29
internal_value=0.00209908 0.00657223 -0.0673523 -0.0296731 0.00681568 0.00698997 0.00711327 0.00212936 -0.0123497 0.00635912 0.0105523 0.0535641 0.0082953 -0.0152794 -0.00803246 -0.00413333 -0.0150516 -0.0381317 -0.0171578 -0.0680086 -0.0871665 -0.0190469 0.0160043 0.0175426 0.0513731 0.0134975 0.0159724 0.0186111 0.0717315 -0.0375391
internal_weight=2211.32 2077.51 133.806 22.9647 2071.37 2066.27 2063.59 592.285 133.906 458.379 383.972 19.1439 364.828 74.4072 126.6 155.642 100.923 47.3153 27.7997 19.5156 7.30534 3.36419 54.7188 209.186 22.3413 186.845 181.553 175.281 10.2054 8.48018
internal_count=24513 16318 8195 734 15545 15432 15368 4487 1229 3258 2699 120 2579 559 1149 1068 678 343 202 141 80 42 390 1511 176 1335 1274 1236 83 72
is_linear=0
shrinkage=0.1


Tree=118
num_leaves=31
num_cat=0
split_feature=0 0 10 0 9 0 9 8 13 13 8 8 5 1 9 8 0 4 2 4 9 11 9 12 1 6 7 7 13 12
split_gain=69.1941 7.11443 4.37177 7.75649 2.77293 5.16623 4.2251 3.10555 3.09108 2.63016 1.88284 1.99416 2.28937 2.12936 1.87076 1.88913 1.79529 1.82808 4.51571 3.094 3.37289 4.63087 5.24825 3.2248 2.51823 4.38293 3.37539 3.22717 2.58552 2.24553
threshold=25.500000000000004 53.500000000000007 7.5000000000000009 29.500000000000004 195.60976535541758 23.500000000000004 169.67195407342405 0.20794025157232701 0.88194444444444453 1.3923076923076925 0.45080645161290328 0.38956639566395673 1.5000000000000002 2.5000000000000004 229.30280388471181 0.41240409207161127 38.500000000000007 8.5000000000000018 3.5000000000000004 5.5000000000000009 328.81087622549029 4.5000000000000009 312.54777105734769 8.5000000000000018 1.5000000000000002 5.5000000000000009 -1.0000000180025095e-35 -2.4999999999999996 1.1791443850267382 3.5000000000000004
decision_type=2 2 2 2 2 2 2 2 2 2 2 2 2 2 2 2 2 2 2 2 2 2 2 2 2 2 2 2 2 2
left_child=4 2 3 -2 5 -1 9 -8 -9 -7 11 -4 -13 14 15 -14 17 18 19 -5 21 22 -21 29 25 26 -19 -27 -26 -22
right_child=1 -3 10 16 -6 6 7 8 -10 -11 -12 12 13 -15 -16 -17 -18 24 -20 20 23 -23 -24 -25 28 27 -28 -29 -30 -31
leaf_value=-0.07633553651769269 -0.076016563474243293 -0.07537551677185067 0.0075523005251235441 -0.062038033015860722 -0.075136812596051594 -0.078160387892338201 0.24756163736979159 0.19488861457555098 -0.07837742706352871 0.10345577955851382 -0.068092851162311785 -0.033079085330725205 0.050521339687795243 0.10229186183986803 0.076187988183115604 -0.048364724608491512 0.064821245768329719 0.14650265998012654 0.16444113895955814 0.026390222705981133 0.0067904564474509203 -0.046667590331773715 0.17870865445505824 0.066720415209017808 -0.13734895004904912 -0.11273280784297826 -0.0056931339915248375 0.015880779739105511 -0.017127534164766967 -0.084078250891263293
leaf_weight=10.715505063533785 17.049183771945536 10.564307388849555 2050.8946053395048 6.25378119572997 110.08215632801875 3.0707789361476889 1.2223553210496905 0.72266242653131463 0.96896454691886902 1.0770813059061763 3.2674873284995547 3.8156564272940185 3.6578999552875775 5.7906601279973975 5.1193927489221096 4.0944024212658405 4.0355511456727973 2.6419129893183708 1.7892419639974821 5.4095821920782345 4.9102582950144988 3.3752181939780703 3.8878349233418703 3.4951852466911069 3.4915411807596675 4.1074956394732007 3.2495570313185471 3.7159381937235585 3.6683841552585363 6.0953695792704821
leaf_count=614 1022 1601 12431 116 7953 83 36 15 28 21 16 21 23 35 34 22 26 17 15 46 42 31 26 34 25 24 30 27 34 65
internal_value=0.00226454 0.00648738 0.00688891 -0.0164814 -0.0692188 -0.0325726 0.0338324 0.126117 0.0383617 -0.0309998 0.00775744 0.00787698 0.0375003 0.0519308 0.0292746 -0.00170564 0.000400046 -0.00423481 0.00966435 0.00137969 0.0159748 0.0536618 0.0900841 -0.0169608 -0.0276831 -0.00258773 0.0625561 -0.0516445 -0.0757536 -0.0435364
internal_weight=2292.24 2164.38 2153.82 77.176 127.86 17.7773 7.06184 2.91398 1.69163 4.14786 2076.64 2073.37 22.478 18.6624 12.8717 7.7523 60.1269 56.0913 35.2165 33.4272 27.1734 12.6726 9.29742 14.5008 20.8748 13.7149 5.89147 7.82343 7.15993 11.0056
internal_count=24513 15763 14162 1580 8750 797 183 79 43 104 12582 12566 135 114 79 45 558 532 375 360 244 103 72 141 157 98 47 51 59 107
is_linear=0
shrinkage=0.1


Tree=119
num_leaves=31
num_cat=0
split_feature=0 0 4 0 9 7 8 13 8 7 9 13 3 11 3 8 8 8 6 10 0 10 13 12 5 8 9 3 8 3
split_gain=124.278 15.2032 4.39756 4.04288 2.81105 2.19762 4.32348 6.16529 5.31328 4.36477 3.73025 4.78194 4.66582 4.01599 3.68748 3.6033 3.18155 3.07713 3.06221 2.76789 2.7278 3.64759 4.8771 4.77386 5.16116 4.34759 6.01037 5.12755 6.14108 4.30778
threshold=36.500000000000007 52.500000000000007 10.500000000000002 42.500000000000007 224.90895424836603 6.5000000000000009 0.20794025157232701 1.2264957264957268 0.1575187969924812 7.5000000000000009 150.01174012158057 0.82843137254901966 14.500000000000002 3.5000000000000004 11.500000000000002 0.26120401337792648 0.25556655121227118 0.24357284113381675 5.5000000000000009 12.500000000000002 40.500000000000007 13.500000000000002 0.82843137254901966 5.5000000000000009 7.5000000000000009 0.29805897723030988 151.26527126328958 10.500000000000002 0.24807692307692308 11.500000000000002
decision_type=2 2 2 2 2 2 2 2 2 2 2 2 2 2 2 2 2 2 2 2 2 2 2 2 2 2 2 2 2 2
left_child=-1 2 3 4 -2 20 8 10 14 -9 16 12 17 -13 -7 -15 19 -12 -10 -8 21 22 -4 24 -23 26 29 28 -28 -24
right_child=1 -3 5 -5 -6 6 7 9 18 -11 11 13 -14 15 -16 -17 -18 -19 -20 -21 -22 23 25 -25 -26 -27 27 -29 -30 -31
leaf_value=-0.073233611603743989 0.088256820602172117 0.073324090897499042 -0.045834326951893364 -0.00055032486812260758 -0.07093348641441316 -0.034644783805602562 -0.023355205351196305 0.13608420857378392 -0.041199089756714817 0.046544840299645313 -0.027482829581851005 -0.015468278316379603 0.14501166972576637 0.087297917091298721 0.06237273323277906 -0.0032192038289842514 -0.048864444769095031 0.068682147136160124 0.024088115270902703 0.07575305751926488 0.0086518132275308166 -0.011555673118880869 0.066095249858016444 -0.060063667081425409 0.14864540590310346 -0.040783976724921636 0.012982400720104037 -0.053386435261777665 0.15143212325012967 0.2417959963598133
leaf_weight=212.34199672937393 1.1897846236825014 36.135903323069215 10.912974903360007 32.248133389279246 16.390684716403484 5.2390184886753586 5.9574801065027732 7.764946028590205 28.766807718202472 18.215571232140064 4.6948246043175521 24.405605673789978 5.8382360991090527 9.876158947125079 15.533331196755169 7.92830030247569 13.116170354187487 11.424727303907273 9.5756159611046296 5.3471788577735424 919.92697145603597 27.281803965568546 3.3155034128576544 23.664829399436712 2.1710543874651185 6.716692278161644 10.362483726814391 6.0321025867015114 4.637555666267871 2.4095559399574995
leaf_count=14195 25 1918 144 266 621 30 41 41 173 127 32 159 42 67 94 48 75 70 77 34 5021 445 38 380 33 71 120 60 47 19
internal_value=-0.00239358 0.0093851 0.00752322 -0.0215818 -0.06016 0.00874078 0.0191369 0.0304701 -0.00282765 0.073306 0.0179075 0.0305666 0.0684158 0.0108773 0.0379038 0.0469908 -0.0153552 0.0406741 -0.0248943 0.0235237 0.00696608 -0.00893834 0.0122201 -0.026619 0.000253206 0.0311466 0.0492029 0.0244755 0.0557868 0.140044
internal_weight=1489.42 1277.08 1240.94 49.8286 17.5805 1191.12 173.684 114.569 59.1148 25.9805 88.5887 64.1679 21.9578 42.2101 20.7723 17.8045 24.4208 16.1196 38.3424 11.3047 1017.43 97.5046 44.3869 53.1177 29.4529 33.4739 26.7572 21.0321 15 5.72506
internal_count=24513 10318 8400 912 646 7488 1110 736 374 168 568 418 144 274 124 115 150 102 250 75 6378 1357 499 858 478 355 284 227 167 57
is_linear=0
shrinkage=0.1


Tree=120
num_leaves=31
num_cat=0
split_feature=0 0 10 4 3 0 10 0 6 11 10 8 8 9 9 12 4 5 6 9 7 9 8 8 10 9 13 9 13 6
split_gain=134.209 7.67817 5.32925 4.41168 2.99778 3.60348 3.33292 3.79173 3.28267 2.77037 4.78043 3.00447 3.26096 2.70496 2.83415 3.69748 2.69415 2.69411 2.54366 2.50673 3.65067 2.57412 2.48007 2.68151 2.53506 2.97371 2.57722 2.40388 2.6025 4.05992
threshold=29.500000000000004 16.500000000000004 7.5000000000000009 17.500000000000004 2.5000000000000004 18.500000000000004 9.5000000000000018 25.500000000000004 4.5000000000000009 5.5000000000000009 7.5000000000000009 0.33072916666666669 0.2956145966709347 355.72262443438916 384.72971014492759 3.5000000000000004 10.500000000000002 1.0000000180025095e-35 1.5000000000000002 258.74669312169317 -1.4999999999999998 233.93433035714287 0.47722567287784684 0.36899313501144165 1.5000000000000002 200.34294794593876 0.43650793650793651 438.77367216117221 1.4833333333333336 3.5000000000000004
decision_type=2 2 2 2 2 2 2 2 2 2 2 2 2 2 2 2 2 2 2 2 2 2 2 2 2 2 2 2 2 2
left_child=1 2 -1 4 5 -3 22 8 16 19 11 12 13 -11 -15 -16 -8 -18 -4 20 21 -7 23 27 -25 -26 -27 -6 29 -29
right_child=-2 3 18 -5 6 9 7 -9 -10 10 -12 -13 -14 14 15 -17 17 -19 -20 -21 -22 -23 -24 24 25 26 -28 28 -30 -31
leaf_value=0.075955132698771327 -0.07606772646781082 0.055904190760915129 0.082083254329255118 -0.065671851437662604 0.0081612981262577725 0.014723334475069001 -0.075615270838825577 -0.063369498337369448 0.017150197417578707 0.054338260983270596 0.11981278590031164 0.094444934728455818 -0.081933951475193806 -0.071344039756763775 -0.050514636841249218 0.075433601291578556 0.068343300237712984 -0.028163127222760306 0.0075713029243716125 0.011333698272967206 0.054802793097720751 -0.095315178380128179 0.088526356507053261 0.042415174040075262 0.05353982775631342 0.040228938181876971 -0.050534270827829367 -0.077658236219511803 -0.11094676056715641 0.055018390554993225
leaf_weight=27.377655603922904 219.48856187239289 20.594306154176593 5.3314777445048085 8.2772951964288932 650.70688093546778 3.0174713712185603 8.9280062541365641 13.878594755195079 30.715606098994613 13.737620854750281 5.9388704746961585 5.0759970266371957 3.3367053698748341 4.7076734900474539 3.9738739784806949 5.6376887820661068 3.6476724073290852 13.976039396598933 32.569321356713772 269.9811510136351 3.5595587976276866 7.1947671473026276 3.6431939620524636 5.7025994248688212 3.8243250865489236 3.5390317589044598 26.966796884313226 4.4201605394482595 3.3824515286833039 4.8228636234998703
leaf_count=1659 13638 611 78 307 4468 24 38 418 172 94 46 31 20 30 19 33 34 131 429 1762 24 50 26 37 31 21 197 32 19 34
internal_value=-0.00417797 0.00898802 0.042337 0.00706692 0.00760214 0.0153354 0.0041561 -0.0164747 -0.00510989 0.0127738 0.0366133 0.0230647 0.0115233 0.0226378 -0.007775 0.0233607 -0.0308609 -0.00818868 0.0180528 0.00921088 -0.0324046 -0.0628014 0.00623217 0.00580592 -0.0193278 -0.029584 -0.0400047 0.00732276 -0.0358947 -0.00842967
internal_weight=1417.95 1198.47 65.2785 1133.19 1124.91 346.756 778.154 71.1459 57.2673 326.161 42.4084 36.4696 31.3936 28.0569 14.3192 9.61156 26.5517 17.6237 37.9008 283.753 13.7718 10.2122 707.008 703.365 40.0328 34.3302 30.5058 663.332 12.6255 9.24302
internal_count=24513 10875 2166 8709 8402 2744 5658 793 375 2133 273 227 196 176 82 52 203 165 507 1860 98 74 4865 4839 286 249 218 4553 85 66
is_linear=0
shrinkage=0.1


Tree=121
num_leaves=31
num_cat=0
split_feature=0 4 0 0 4 7 0 9 2 4 5 2 0 9 0 7 11 12 9 4 7 7 6 12 8 10 3 11 10 9
split_gain=61.6789 4.02895 3.61264 2.57599 2.26158 1.97859 9.77907 3.61513 3.45438 3.62903 3.42124 3.98206 4.82418 3.35567 3.5413 3.25946 3.92223 3.99687 3.0917 2.68956 2.63325 4.67132 4.51771 5.67998 4.66759 3.65779 3.41557 7.58357 4.63994 4.064
threshold=40.500000000000007 12.500000000000002 13.500000000000002 43.500000000000007 25.500000000000004 1.0000000180025095e-35 36.500000000000007 290.8184200603319 1.5000000000000002 16.500000000000004 4.5000000000000009 6.5000000000000009 30.500000000000004 140.8333703703704 32.500000000000007 -8.4999999999999982 1.5000000000000002 9.5000000000000018 167.95046992481207 3.5000000000000004 -1.0000000180025095e-35 -2.4999999999999996 6.5000000000000009 11.500000000000002 0.084039548022598873 5.5000000000000009 2.5000000000000004 1.5000000000000002 1.0000000180025095e-35 322.07002314814821
decision_type=2 2 2 2 2 2 2 2 2 2 2 2 2 2 2 2 2 2 2 2 2 2 2 2 2 2 2 2 2 2
left_child=2 3 -1 -2 5 8 10 -8 9 18 -7 13 -13 -12 -15 16 -10 -18 -4 -17 21 -20 23 24 -23 -26 27 29 -28 -22
right_child=1 -3 4 -5 -6 6 7 -9 15 -11 11 12 -14 14 -16 19 17 -19 20 -21 26 22 -24 -25 25 -27 28 -29 -30 -31
leaf_value=-0.07547110412168466 -0.0039147990368831789 -0.074995032644855797 0.11702912304427684 -0.076264375958157687 -0.062156034083640427 0.0062605335487735878 -0.057780861197687522 0.071879372779809089 0.043331284407569032 -0.084191917956843609 0.077649926673077907 -0.17566155281374177 -0.02576881441432298 0.019021191535122037 -0.076383395327046896 -0.025679408243973391 -0.069471929024342211 0.039862865142861408 0.0075134657327945737 0.017536111333286575 -0.029580477066125616 -0.096298822912652002 -0.088838993490335333 -0.094870087636915401 -0.013242126486925658 0.022295178484175671 -0.086486074045555986 -0.045025478756510237 0.054642308500257822 0.15852744099953139
leaf_weight=5.4114645989611736 14.812530610710384 101.54326857579872 2.4393762880936256 7.3696568361483505 4.8087989352643481 784.7403001585044 32.410027753561735 2.3031640350818625 7.0911192786879864 4.6297833919525138 4.0379081629216733 3.5020299702882749 5.5498603731393814 8.5135094225406629 7.1651347056031218 14.801580861210821 14.353250568732621 4.3588959947228423 427.54039851063862 532.5187600441277 1.7204601396806563 5.2952360450290135 7.4930985411629072 7.3155427519232026 80.497743931598961 45.241541033610702 2.5132253244519225 14.490754798520355 31.88718710327521 3.4549116170965135
leaf_count=773 359 7461 16 375 113 4820 873 16 47 41 23 15 37 44 51 132 78 23 3324 3951 27 73 55 76 752 455 15 181 264 43
internal_value=0.00202106 -0.0665608 0.00612802 -0.0279517 0.0063423 0.00650252 0.00280087 -0.0491781 0.00910248 0.00401951 0.00501887 -0.0288511 -0.0837599 -0.00364247 -0.0245787 0.01473 -0.0200022 -0.044003 0.00466788 0.0163674 0.00423105 0.00224176 -0.0132123 -0.00911633 -0.00432877 -0.00045565 0.0253277 -0.00791447 0.0443318 0.0959943
internal_weight=2189.81 123.725 2066.09 22.1822 2060.67 2055.86 848.222 34.7132 1207.64 634.519 813.509 28.7684 9.05189 19.7166 15.6786 573.124 25.8033 18.7121 629.889 547.32 627.45 573.384 145.843 138.35 131.035 125.739 54.0665 19.6661 34.4004 5.17537
internal_count=24513 8195 16318 734 15545 15432 5879 889 9553 5322 4990 170 52 118 95 4231 148 101 5281 4083 5265 4735 1411 1356 1280 1207 530 251 279 70
is_linear=0
shrinkage=0.1


Tree=122
num_leaves=31
num_cat=0
split_feature=0 0 10 0 9 0 9 7 13 4 4 1 8 8 8 8 10 6 9 8 8 5 12 12 4 3 0 9 12 0
split_gain=62.3052 6.06836 3.72883 7.25392 2.81106 4.71268 3.17804 2.59305 2.28287 1.64618 1.68422 2.14586 3.32105 3.45664 2.15873 1.95074 2.65327 2.79685 1.96697 1.63068 1.7124 2.1148 1.81693 3.46151 1.74687 5.58653 3.76646 2.90338 5.21265 9.43521
threshold=25.500000000000004 53.500000000000007 7.5000000000000009 29.500000000000004 195.60976535541758 23.500000000000004 169.67195407342405 6.5000000000000009 1.3923076923076925 4.5000000000000009 8.5000000000000018 1.0000000180025095e-35 0.23294573643410851 0.27823315118397091 0.31198770491803285 0.17047223663725999 1.0000000180025095e-35 4.5000000000000009 323.47114845938387 0.45080645161290328 0.38956639566395673 4.5000000000000009 8.5000000000000018 2.5000000000000004 6.5000000000000009 4.5000000000000009 31.500000000000004 332.82039072039078 8.5000000000000018 36.500000000000007
decision_type=2 2 2 2 2 2 2 2 2 2 2 2 2 2 2 2 2 2 2 2 2 2 2 2 2 2 2 2 2 2
left_child=4 2 3 -2 5 -1 8 -8 -7 -5 11 15 -13 -14 -15 -11 17 -17 -19 20 24 22 23 -22 25 26 -4 -26 29 -29
right_child=1 -3 19 9 -6 6 7 -9 -10 10 -12 12 13 14 -16 16 -18 18 -20 -21 21 -23 -24 -25 27 -27 -28 28 -30 -31
leaf_value=-0.076239339154681285 -0.075934569569600555 -0.075324052864380167 -0.066763027580633488 -0.08168859974961809 -0.074974367286629026 -0.077925702911555109 -0.0033448544274037035 0.17779491336282138 0.087899365024225615 -0.093257663282447639 -0.016853431509743052 0.071488867812552911 -0.082867528895204851 0.1083348191394002 -0.0194277222897014 0.14616001330879619 -0.057797726074507283 0.076837542766902522 -0.061819198502623879 -0.063845313785484289 -0.036055329007317942 0.081751655597942674 -0.043003539367858251 0.077675400314325571 0.0073282259029562816 0.10057773689027223 -0.0033191252980102563 0.16069949308508297 -0.057431335928589879 0.0073957336785440272
leaf_weight=9.8605941529385763 15.709220559336243 9.1289026187732798 10.228029129095374 2.3425570782273999 100.81291336519644 2.8520731814205638 1.344030609354377 1.918151620775461 1.1710841096937654 2.5202214382588854 23.285954218357801 12.210049020126464 3.6925914455205184 2.5940447524189949 2.6979375947266817 1.9330379348248223 4.031275924295187 1.85703644528985 2.2782322354614735 3.2277957312762728 4.2847420312464255 6.7213911060243836 4.0473477393388739 7.1283385413698852 1896.3881632150151 4.8658918067812911 109.92369086667895 6.7612247886136236 4.0025347247719756 9.8827321790158731
leaf_count=614 1022 1601 441 60 7953 83 45 34 21 33 174 86 48 24 31 16 40 19 27 16 24 40 22 49 11234 33 594 49 26 54
internal_value=0.00215526 0.00603451 0.00638115 -0.0154996 -0.068608 -0.0311756 0.0298174 0.103165 -0.0296564 0.000471792 0.00384244 0.0180944 0.037533 -0.00861313 0.0431994 -0.0145521 0.00508792 0.0468639 0.000447764 0.00717651 0.00728757 0.0349224 0.0145635 0.0349782 0.00698738 -0.00446581 -0.00871985 0.00773429 0.0450316 0.0696719
internal_weight=2269.7 2151.74 2142.61 75.1522 117.959 17.1459 7.28534 3.26218 4.02316 59.4429 57.1004 33.8144 21.1946 8.98457 5.29198 12.6198 10.0996 6.06831 4.13527 2067.46 2064.23 22.1818 15.4604 11.4131 2042.05 125.018 120.152 1917.03 20.6465 16.644
internal_count=24513 15763 14162 1580 8750 797 183 79 104 558 498 324 189 103 55 135 102 62 46 12582 12566 135 95 73 12431 1068 1035 11363 129 103
is_linear=0
shrinkage=0.1


Tree=123
num_leaves=31
num_cat=0
split_feature=0 0 4 0 9 4 13 2 9 7 9 5 4 9 9 11 1 8 4 12 0 10 11 7 2 4 8 13 7 8
split_gain=112.59 13.2693 3.72462 3.74572 2.53128 1.95932 2.35016 1.95608 5.54395 4.07205 4.72799 8.3138 3.59469 3.68311 2.80661 2.76101 2.47049 2.50468 2.00343 1.89935 1.85325 3.48699 3.83963 5.38042 4.62719 3.41185 2.92301 1.82171 1.81291 2.25022
threshold=36.500000000000007 52.500000000000007 10.500000000000002 42.500000000000007 224.90895424836603 7.5000000000000009 1.9285714285714286 8.5000000000000018 172.24846547314579 11.500000000000002 155.44709045780476 3.5000000000000004 22.500000000000004 130.06276709401712 212.73000140291811 2.5000000000000004 3.5000000000000004 0.27823315118397091 26.500000000000004 2.5000000000000004 38.500000000000007 12.500000000000002 3.5000000000000004 1.5000000000000002 7.5000000000000009 20.500000000000004 0.23660287081339706 1.1791443850267382 9.5000000000000018 0.28867521367521365
decision_type=2 2 2 2 2 2 2 2 2 2 2 2 2 2 2 2 2 2 2 2 2 2 2 2 2 2 2 2 2 2
left_child=-1 2 3 4 -2 -5 19 20 9 10 12 -12 -9 -14 16 -13 -10 -18 -11 -7 21 22 23 -4 25 26 -25 -21 -22 -30
right_child=1 -3 7 5 -6 6 -8 8 14 18 11 15 13 -15 -16 -17 17 -19 -20 27 28 -23 -24 24 -26 -27 -28 -29 29 -31
leaf_value=-0.072914450895473604 0.076216782046821946 0.072763809023834253 0.21930326185732307 0.030812937734230269 -0.070294694000879232 0.016741973751396324 0.063981509394000755 -0.025492858431360343 0.1362286331064986 -0.11084321330789271 0.061139907797053916 -0.16236976391986135 -0.0077596051175711145 0.10899422816960727 -0.0010898939872637208 -0.04370885445862812 0.079273448708033267 -0.019702391134680829 -0.0091630284725021591 -0.035519091232712352 0.0070179719645332055 -0.051120437817226888 -0.056274689893947773 -0.078050210043440482 0.22094242784037071 -0.079326232209164571 0.14593209729679971 -0.13105010673002568 0.041458056984966296 -0.031972549018193255
leaf_weight=195.6714370441623 1.2783998120576168 31.427911525592208 1.6714043840765969 12.423868928104637 15.200919221155344 5.1114048138260904 2.8556522987782946 4.5860565323382643 5.4080407712608638 4.151157032698392 6.2158813811838618 3.3370290771126729 3.7252009697258464 9.836164550855754 5.6950466595590106 4.7549675870686769 11.479482125490902 3.2894245982170096 3.6342262513935566 9.1746095456182939 1057.009350579232 15.034468010067938 4.4368964787572613 0.86841880157589946 0.98232637532055367 3.3985626250505447 1.770550115033984 2.5512159131467333 28.470501627773046 4.8900026809424153
leaf_count=14195 25 1918 29 89 621 45 21 26 38 24 38 23 20 64 36 31 94 21 27 89 6136 447 97 23 14 69 36 22 165 30
internal_value=-0.00232368 0.00859823 0.00696304 -0.0201708 -0.0589289 -0.000283686 -0.019902 0.00807611 0.0247901 0.00157082 0.0171509 -0.0258339 0.0510413 0.0769229 0.0609049 -0.092643 0.0784033 0.0572289 -0.0633788 -0.0341289 0.0070882 -0.0182393 0.0194164 0.0580568 0.0196645 -0.013084 0.0722251 -0.056304 0.00774237 0.0306946
internal_weight=1460.34 1264.67 1233.24 48.5961 16.4793 32.1168 19.6929 1184.65 66.1127 40.2407 32.4553 14.3079 18.1474 13.5614 25.872 8.092 20.1769 14.7689 7.78538 16.8372 1118.53 28.1626 13.1282 8.69126 7.01986 6.03753 2.63897 11.7258 1090.37 33.3605
internal_count=24513 10318 8400 912 646 266 177 7488 442 253 202 92 110 84 189 54 153 115 51 156 7046 715 268 171 142 128 59 111 6331 195
is_linear=0
shrinkage=0.1


Tree=124
num_leaves=31
num_cat=0
split_feature=0 0 4 4 0 12 1 6 6 7 5 9 9 12 6 6 6 10 13 9 0 10 11 8 7 13 11 3 8 0
split_gain=122.428 6.4706 4.00267 3.0474 4.8583 4.0349 4.52363 4.86831 4.77003 4.52284 5.34422 4.80067 5.13841 5.27783 4.36941 4.3655 4.06699 3.9493 4.42425 3.65107 3.6472 6.10614 4.65425 3.60618 3.49122 7.22627 3.6716 4.2205 3.38225 3.48184
threshold=29.500000000000004 15.500000000000002 17.500000000000004 7.5000000000000009 25.500000000000004 9.5000000000000018 1.0000000180025095e-35 7.5000000000000009 4.5000000000000009 1.0000000180025095e-35 3.5000000000000004 216.18605442176872 228.57005797101453 1.5000000000000002 4.5000000000000009 7.5000000000000009 5.5000000000000009 5.5000000000000009 0.38750000000000007 182.69305010893248 19.500000000000004 7.5000000000000009 4.5000000000000009 0.24807692307692308 1.5000000000000002 0.88194444444444453 1.5000000000000002 6.5000000000000009 0.17349498327759191 20.500000000000004
decision_type=2 2 2 2 2 2 2 2 2 2 2 2 2 2 2 2 2 2 2 2 2 2 2 2 2 2 2 2 2 2
left_child=1 -1 3 20 5 9 23 8 -8 10 11 16 -13 14 -14 28 19 18 -6 -5 21 -3 -23 -7 -11 26 27 -26 -15 -30
right_child=-2 2 -4 4 17 6 7 -9 -10 24 -12 12 13 15 -16 -17 -18 -19 -20 -21 -22 22 -24 -25 25 -27 -28 -29 29 -31
leaf_value=0.050090803700110521 -0.075985266719598335 0.060588033359796178 -0.064676685469553297 -0.071370184412512597 0.12205778600475936 0.031020601391665233 -0.00034743454348477089 -0.093220878962682982 0.065047945747878311 0.036100666757889699 0.015528552403352018 0.064633334012073121 -0.03043012468885329 -0.0049807017081750019 0.10167648672951397 0.054096595862860523 -0.015278465642187853 -0.066410021223487839 -0.018611602856441724 -0.22808042503309386 0.008754187694688444 -0.011488384586950305 0.05216574073917668 0.12968949521323275 -0.0069385535810938485 0.016416158692038316 -0.010730081200926018 -0.11225372652780495 0.014717745707775152 -0.072660097975415047
leaf_weight=35.846140590496361 201.87510349601507 38.369820314459503 7.7498107170686117 3.099139314144848 2.448975637555125 8.2807557601481658 33.337259613908827 3.9915313459932795 16.762157555669546 38.782438953407109 39.468086413107812 6.5001233452931038 4.7759430166333896 14.115308282896875 5.2622107416391373 4.6016463451087466 3.9091817140579224 17.939657947979867 25.690329203382134 2.8574934359639883 602.45492948405445 36.897357437759638 16.679235611110926 6.7021277621388426 6.4747954048216334 118.24391079787165 35.376037451438606 9.2292873673140985 5.2173395585268727 36.220560293644667
leaf_count=1593 13638 1893 307 20 28 57 220 24 100 240 226 41 26 95 33 20 27 581 354 24 3351 210 101 34 40 718 222 62 72 156
internal_value=-0.00399074 0.00825057 0.00694801 0.00743335 0.00101602 0.00453136 0.026533 0.0130644 0.0215324 -1.69354e-05 -0.0149675 -0.0288727 -0.020426 -0.0283028 0.0388229 -0.0395043 -0.0945336 -0.0297445 -0.00636909 -0.146547 0.0115854 0.0301365 0.00832815 0.0751571 0.00903695 0.0028382 -0.028593 -0.0688323 -0.0472575 -0.0616586
internal_weight=1389.16 1187.28 1151.44 1143.69 449.286 403.207 69.0738 54.0909 50.0994 334.134 126.027 86.5589 76.6931 70.193 10.0382 60.1549 9.86581 46.079 28.1393 5.95663 694.401 91.9464 53.5766 14.9829 208.106 169.324 51.0801 15.7041 55.5532 41.4379
internal_count=24513 10875 9282 8975 3420 2457 435 344 320 2022 740 514 443 402 59 343 71 963 382 44 5555 2204 311 91 1282 1042 324 102 323 228
is_linear=0
shrinkage=0.1


Tree=125
num_leaves=31
num_cat=0
split_feature=0 4 0 0 8 7 0 9 4 2 4 6 9 12 1 0 8 0 8 2 5 11 2 11 9 9 8 10 0 13
split_gain=55.4767 4.09276 3.15503 2.46296 2.07748 2.10904 9.38086 3.27003 2.9891 4.8779 5.78924 5.32974 4.67891 3.78084 3.92603 3.67049 3.29931 4.06505 3.1505 3.02267 2.96078 3.37546 2.71964 3.23781 2.6452 3.70495 3.70545 5.83532 3.62191 2.47305
threshold=40.500000000000007 12.500000000000002 13.500000000000002 43.500000000000007 1.0000000180025095e-35 1.0000000180025095e-35 36.500000000000007 290.8184200603319 16.500000000000004 2.5000000000000004 13.500000000000002 12.500000000000002 184.86830357142858 1.5000000000000002 3.5000000000000004 36.500000000000007 0.11583184257602856 21.500000000000004 0.088562091503267909 2.5000000000000004 4.5000000000000009 5.5000000000000009 6.5000000000000009 2.5000000000000004 410.52061403508782 401.50203373015876 0.21294035577258458 3.5000000000000004 22.500000000000004 1.1791443850267382
decision_type=2 2 2 2 2 2 2 2 2 2 2 2 2 2 2 2 2 2 2 2 2 2 2 2 2 2 2 2 2 2
left_child=2 3 -1 -2 -4 8 20 -8 9 10 24 15 13 -10 19 -12 17 -11 -19 -15 -7 22 -22 -24 25 -6 27 -27 -28 -21
right_child=1 -3 4 -5 5 6 7 -9 12 16 11 -13 -14 14 -16 -17 -18 18 -20 29 21 -23 23 -25 -26 26 28 -29 -30 -31
leaf_value=-0.075426854445876587 -0.0034545233816025548 -0.074831832725677769 -0.08457744962153628 -0.076169731339983213 0.0055826663377050445 0.0055278970400050092 -0.05723821845396572 0.064167054655291766 -0.089358655288873393 0.1685359312424369 0.061648038635005988 0.17884874973753406 -0.065772403829289047 0.082190970290033361 0.14161894067743094 -0.032047958371599627 0.019546333523182274 -0.00892254676436963 0.10783963107393675 -0.047736826524571396 0.0079218204411659731 -0.11997630916419043 0.0032130014660014445 -0.12443476518152355 -0.015618600891080232 0.037821803345156578 -0.088321442304584066 0.27098940294485752 0.05722691951329615 0.038407515393498945
leaf_weight=4.7795422356575719 14.723107135854663 93.127493571490049 2.5338123785331836 6.8138449345715335 825.74255817150697 783.80521416664124 32.130128467455506 2.3831435106694689 3.4570903256535557 3.2398757273331276 15.778651423752313 3.0129799842834464 13.640051335096357 4.1840586233884158 2.4814257733523837 5.6883028522133818 226.98443170264363 5.6402421128004772 3.9148049838840961 8.6667229197919351 17.14285001531244 3.4516057837754479 3.8414871096611014 4.1165240481495857 58.122076052706689 2.6281342720612875 2.2536380817182344 1.8142498228698967 7.0838143490254879 5.4146415144205085
leaf_count=773 359 7461 64 375 6521 4844 947 16 31 42 66 21 167 38 28 82 1552 29 29 85 106 20 21 25 615 23 53 33 43 44
internal_value=0.00194673 -0.0657464 0.00572582 -0.0264601 0.00591511 0.00602714 0.00220628 -0.0488552 0.00872418 0.00962501 0.00632099 0.0543013 -0.0189333 0.00746279 0.0235963 0.0368205 0.0223313 0.0717379 0.0389162 0.00756254 0.00437565 -0.0272552 -0.0145052 -0.0628167 0.0050125 0.00644084 0.057866 0.133046 0.0220981 -0.0146121
internal_weight=2168.6 114.664 2053.93 21.537 2049.15 2046.62 846.871 34.5133 1199.75 1161.9 922.124 24.4799 37.844 24.2039 20.7468 21.467 239.779 12.7949 9.55505 18.2654 812.358 28.5525 25.1009 7.95801 897.644 839.522 13.7798 4.44238 9.33745 14.0814
internal_count=24513 8195 16318 734 15545 15481 5979 963 9502 9109 7457 169 393 226 195 148 1652 100 58 167 5016 172 152 46 7288 6673 152 56 96 129
is_linear=0
shrinkage=0.1


Tree=126
num_leaves=31
num_cat=0
split_feature=0 0 10 0 4 7 0 13 13 4 7 7 12 8 13 7 13 9 5 12 8 1 2 1 8 8 8 6 6 4
split_gain=56.0891 5.17827 3.16869 6.79615 3.05091 2.22225 2.20169 2.9522 2.06431 1.51501 1.48766 1.46869 5.1578 3.3752 4.09295 3.37285 3.64513 2.60284 5.10511 3.92681 4.12844 3.28895 2.56695 2.32706 2.52639 2.11727 2.01919 2.65471 1.97529 4.66551
threshold=25.500000000000004 53.500000000000007 7.5000000000000009 29.500000000000004 23.500000000000004 5.5000000000000009 23.500000000000004 0.78888888888888908 1.297058823529412 4.5000000000000009 2.5000000000000004 11.500000000000002 10.500000000000002 0.26120401337792648 1.1055555555555558 9.5000000000000018 1.3508771929824563 156.74375000000003 1.5000000000000002 9.5000000000000018 0.31311274509803927 3.5000000000000004 4.5000000000000009 2.5000000000000004 0.23368794326241135 0.22767145135566183 0.28165064102564102 2.5000000000000004 4.5000000000000009 24.500000000000004
decision_type=2 2 2 2 2 2 2 2 2 2 2 2 2 2 2 2 2 2 2 2 2 2 2 2 2 2 2 2 2 2
left_child=4 2 3 -2 5 -1 -7 -8 -9 -5 -11 15 13 14 -13 28 17 19 22 20 23 -20 -19 -17 -25 -18 27 -24 29 -4
right_child=1 -3 11 9 -6 6 7 8 -10 10 -12 12 -14 -15 -16 16 25 18 21 -21 -22 -23 26 24 -26 -27 -28 -29 -30 -31
leaf_value=-0.073839865782222097 -0.075861520867056262 -0.07527976101452738 0.01160352703956186 -0.081219746664364864 0.26889663351178272 -0.076337878799138434 0.14335993139570141 -0.077958544762061016 0.047669063097651801 0.0083820476790048646 -0.052305769974800236 -0.041528588817334205 0.11124394011003094 0.053128077955112513 0.045140085915176396 -0.055858877943344432 -0.14409981635858693 -0.066392456177289408 -0.11521503242992044 -0.055779884743541785 0.14453677391487421 -0.022408817795763699 0.0032984880305475398 0.073994239037116938 -0.019658361203164814 -0.031748431722764058 -0.033249773601493747 0.097816938842108181 0.0055414430932225773 0.072260427444900341
leaf_weight=96.719151415862143 14.500291238538919 7.8904684893786898 316.27082392433658 2.181511500850319 0.26816341280937095 5.2736082486808282 1.3312810296192763 2.9982339143753052 2.3201796356588602 52.378176156431437 4.376778593286871 15.50931930402294 5.9634868851862839 12.45052177691832 8.4002162264659983 3.3308446616865757 3.2300781272351733 3.8000004645437029 7.6642974419519287 5.6690382361412039 3.1047350484877816 7.610238996334374 6.568168371915819 7.5840695067308825 4.6444080877117813 3.4892400130629539 4.3831521719694129 5.4266710532829165 1619.4006350208074 13.210232439450918
leaf_count=8321 1022 1601 1753 60 1 260 33 85 50 464 34 90 34 68 51 22 20 21 49 32 15 54 34 44 33 20 20 34 10105 83
internal_value=0.0020168 0.00558108 0.00588046 -0.0145307 -0.0679868 -0.0688183 -0.0280846 0.0101832 -0.023153 0.000558632 0.00370198 0.00660891 0.0250447 0.010907 -0.011079 0.00622176 -0.0159237 -0.0080751 -0.0253613 0.0171104 0.0392502 -0.0689762 0.00765464 0.0182411 0.0384247 -0.0857574 0.0248349 0.0460603 0.00697746 0.0140355
internal_weight=2247.95 2139.04 2131.15 73.4368 108.911 108.642 11.9233 6.64969 5.31841 58.9365 56.755 2057.71 42.3235 36.3601 23.9095 2015.39 66.5049 59.7856 35.4525 24.3331 18.6641 15.2745 20.178 15.5593 12.2285 6.71932 16.378 11.9948 1948.88 329.481
internal_count=24513 15763 14162 1580 8750 8749 428 168 135 558 498 12582 243 209 141 12339 398 358 212 146 114 103 109 99 77 40 88 68 11941 1836
is_linear=0
shrinkage=0.1


Tree=127
num_leaves=31
num_cat=0
split_feature=0 0 9 0 10 6 11 9 9 3 10 13 6 11 9 12 1 9 8 8 3 9 8 5 13 10 8 10 13 12
split_gain=102.082 11.5474 3.37022 2.54199 6.7356 3.70946 5.33432 2.8196 5.64233 3.35078 2.84319 3.18954 3.85329 3.18293 4.34444 6.84887 3.65701 3.36714 3.04165 9.84584 2.08443 4.04435 5.77083 2.48718 2.46062 2.40645 2.10787 3.97498 3.93006 3.81262
threshold=36.500000000000007 52.500000000000007 315.80716911764711 39.500000000000007 15.500000000000002 10.500000000000002 5.5000000000000009 224.19538824538827 208.14046121593296 8.5000000000000018 12.500000000000002 1.2679425837320577 5.5000000000000009 1.0000000180025095e-35 173.64322089947092 8.5000000000000018 1.5000000000000002 150.01174012158057 0.20948987246811704 0.26953601953601958 14.500000000000002 171.5233793576185 0.26120401337792648 4.5000000000000009 0.73205741626794263 13.500000000000002 0.36899313501144165 13.500000000000002 1.1622807017543864 4.5000000000000009
decision_type=2 2 2 2 2 2 2 2 2 2 2 2 2 2 2 2 2 2 2 2 2 2 2 2 2 2 2 2 2 2
left_child=-1 2 3 4 5 7 -7 8 10 -10 13 -12 -13 -2 15 -15 -16 -17 -18 -20 26 23 -23 24 -22 -24 -5 -28 29 -29
right_child=1 -3 -4 20 -6 6 -8 -9 9 -11 11 12 -14 14 16 17 18 -19 19 -21 21 22 25 -25 -26 -27 27 28 -30 -31
leaf_value=-0.072581679973556162 -0.061363843370331267 0.072161546115336594 -0.048020335321120565 0.0076733723784218029 -0.061718411940729571 0.0078626894404332254 0.25298514324514848 -0.079650640267443867 0.016039722123608952 0.1877406160830235 -0.070042051385669754 0.1506678326512268 -0.042667388334109199 -0.045774920245921037 -0.032618311972064856 0.19417586583329799 0.044505988566124456 0.013888520056990639 0.31074096944660656 -0.016829095067053958 0.07084282679339414 0.093539200360734889 0.040948351666268298 0.048825926009203768 -0.018825531894052921 -0.081262091240478007 0.054769487713288191 -0.10651483229130246 -0.15240907848796567 0.021661512929230846
leaf_weight=180.36722712311894 4.7013704441487816 27.333360236138105 11.257102308794854 1061.3918677913025 19.341803848743439 2.2884014248847953 1.4505370613187554 4.1100512817502013 2.0367027707397929 2.5717455390840769 10.453916415572165 1.6772324610501517 2.6750790476799011 10.898555347695948 2.0689400192350131 2.1003088243305674 3.0423399526625872 2.044176135212183 2.2742938641458754 1.5381648372858761 3.4757889192551401 15.496022125706078 3.2822197116911402 10.424095680937169 25.601674353703856 3.1648769173771143 4.4355528652668026 3.615524157881735 3.1357275545597068 6.4795988295227289
leaf_count=14195 61 1918 204 6194 661 45 14 79 26 29 192 17 46 148 33 14 26 27 25 25 19 129 17 75 157 32 19 28 23 35
internal_value=-0.00223844 0.00787631 0.0064443 0.0069486 -0.01085 0.00674077 0.102959 -0.000152009 0.00664342 0.111857 -0.00450966 -0.0400944 0.0318374 0.0138688 0.0286266 -0.00416542 0.0839051 0.105253 0.119075 0.17858 0.00812331 0.0260387 0.060461 0.00691709 -0.00810698 -0.0190447 0.00710316 -0.0271549 -0.0546195 -0.0242443
internal_weight=1434.73 1254.37 1227.03 1215.78 75.2736 55.9318 3.73894 52.1929 48.0828 4.60845 43.4744 14.8062 4.35231 28.6681 23.9668 15.043 8.92374 4.14448 6.8548 3.81246 1140.5 61.4447 21.9431 39.5016 29.0775 6.4471 1079.06 17.6664 13.2309 10.0951
internal_count=24513 10318 8400 8196 1468 807 59 748 669 55 614 255 63 359 298 189 109 41 76 50 6728 429 178 251 176 49 6299 105 86 63
is_linear=0
shrinkage=0.1


Tree=128
num_leaves=31
num_cat=0
split_feature=0 0 3 0 0 10 3 4 10 12 1 7 9 9 8 9 11 5 6 9 1 5 12 8 6 9 4 8 2 11
split_gain=111.815 5.49293 3.84447 3.80239 2.90527 7.79061 2.90637 3.89642 3.58125 2.58267 3.05369 2.74487 2.38898 3.30922 2.85503 2.71289 2.76091 2.11491 2.73856 2.10015 2.08074 2.02272 2.45432 2.92925 2.53355 1.82607 1.69478 2.99486 2.87053 1.46402
threshold=29.500000000000004 14.500000000000002 8.5000000000000018 24.500000000000004 18.500000000000004 7.5000000000000009 4.5000000000000009 3.5000000000000004 8.5000000000000018 8.5000000000000018 1.5000000000000002 -1.0000000180025095e-35 193.04488854057823 156.74375000000003 0.16405676535356004 230.43450317124737 2.5000000000000004 1.5000000000000002 4.5000000000000009 130.06276709401712 4.5000000000000009 1.0000000180025095e-35 7.5000000000000009 0.22016949152542373 3.5000000000000004 266.96449683321617 12.500000000000002 0.29805897723030988 5.5000000000000009 3.5000000000000004
decision_type=2 2 2 2 2 2 2 2 2 2 2 2 2 2 2 2 2 2 2 2 2 2 2 2 2 2 2 2 2 2
left_child=1 19 4 12 5 -3 7 -7 9 10 17 -11 13 14 -4 16 -14 -9 -19 -1 -6 -8 23 -23 -25 -17 -16 28 -28 -15
right_child=-2 2 3 -5 20 6 21 8 -10 11 -12 -13 15 29 26 25 -18 18 -20 -21 -22 22 -24 24 -26 -27 27 -29 -30 -31
leaf_value=-0.16105424446088368 -0.075909321812993327 0.066195049793256272 0.075146705453457807 -0.068259485188838717 0.0060209780318603882 0.080951701608619531 -0.024589005669347602 0.0668414239379128 -0.085074296863467652 0.0052740823991951347 -0.050706728552242092 -0.11600737080942794 -0.0064672299711252537 -0.035979557928634727 -0.074915396954236199 -0.069733631473123281 0.100407139277125 -0.0444206629943329 0.062498421844547451 0.065675000521301624 0.078643538725371775 0.071289807768378316 0.083584685069729187 0.041943076889907172 -0.040901460298394157 0.028324618597781338 -0.10420455083165757 0.067138890075133253 0.036230035355294975 -0.10842607333222334
leaf_weight=0.41766008175909775 185.77211276534945 30.732648856937885 4.3239814005792203 12.023040464147924 981.41829487588257 4.2009275741875163 6.2191751450300208 8.4192377962172085 7.0241724401712409 3.5911955758929253 6.304401919245719 3.8846902325749388 4.0180022958666104 7.2656334396451694 3.7907416112720957 3.8448095098137847 6.0669082589447498 5.9338487498462182 4.0175115913152695 18.711923933587968 3.9611745197325936 7.5860890299081865 8.5297590941190702 6.5233020409941664 8.5036116316914541 3.75273222848773 3.3236534111201745 4.2778015490621328 2.5895166639238596 4.527655279263854
leaf_count=11 13638 1889 21 527 6429 52 32 59 37 25 36 25 33 58 20 31 44 40 29 1149 27 38 40 32 39 25 26 33 29 39
internal_value=-0.0038142 0.00757672 0.00669772 -0.0179924 0.00804392 0.0233457 0.00703518 -0.0105735 -0.0203882 -0.00625586 0.00934472 -0.0577473 -0.0053439 -0.0224824 0.00413168 0.0238291 0.0578265 0.0299531 -0.00125584 0.0607248 0.00631292 0.0274783 0.0378761 0.0206345 -0.00493799 -0.0212987 -0.0178304 0.00340353 -0.0427049 -0.0637931
internal_weight=1361.56 1175.78 1156.65 59.8045 1096.85 111.471 80.7379 43.376 39.1751 32.1509 24.675 7.47589 47.7814 30.099 18.3057 17.6825 10.0849 18.3706 9.95136 19.1296 985.379 37.3619 31.1428 22.613 15.0269 7.59754 13.9817 10.191 5.91317 11.7933
internal_count=24513 10875 9715 886 8829 2373 484 303 251 214 164 50 359 226 129 133 77 128 69 1160 6456 181 149 109 71 56 108 88 55 97
is_linear=0
shrinkage=0.1


Tree=129
num_leaves=31
num_cat=0
split_feature=0 4 0 0 9 9 4 8 1 10 8 2 5 0 8 6 3 9 3 3 0 9 0 6 8 7 5 3 5 11
split_gain=49.9027 4.15951 2.75898 2.35781 1.93621 2.01455 1.85507 1.80218 1.73516 3.30028 3.21378 2.86889 4.46808 6.60014 2.80288 2.27765 2.20268 2.09209 4.3946 3.57713 5.37522 4.17053 4.45861 3.6686 4.71598 3.28205 2.93928 2.7575 2.32786 1.93428
threshold=40.500000000000007 12.500000000000002 13.500000000000002 43.500000000000007 210.12683215130025 320.93597105508877 25.500000000000004 1.0000000180025095e-35 5.5000000000000009 9.5000000000000018 0.24106002554278419 6.5000000000000009 4.5000000000000009 28.500000000000004 0.24106002554278419 4.5000000000000009 16.500000000000004 146.56632876167762 12.500000000000002 12.500000000000002 32.500000000000007 155.44709045780476 27.500000000000004 6.5000000000000009 0.24807692307692308 5.5000000000000009 1.5000000000000002 11.500000000000002 2.5000000000000004 5.5000000000000009
decision_type=2 2 2 2 2 2 2 2 2 2 2 2 2 2 2 2 2 2 2 2 2 2 2 2 2 2 2 2 2 2
left_child=2 3 -1 4 -2 -6 7 -4 11 -10 -11 29 16 -14 -15 -12 17 18 25 21 26 -19 -23 -24 -25 -13 -21 -27 -20 -9
right_child=1 -3 6 -5 5 -7 -8 8 9 10 15 12 13 14 -16 -17 -18 19 28 20 -22 22 23 24 -26 27 -28 -29 -30 -31
leaf_value=-0.075377030386964486 0.13728574942869548 -0.074668309577265071 -0.080432625921740178 -0.076080964554577413 -0.03172197298241234 0.063536366467524669 -0.059627419596020831 0.0076151923609857541 0.073370399164774447 -0.055813192277601113 0.12823104702702642 -0.058412217661170475 -0.21500667179168326 -0.081043662471474653 0.033147991735062166 -0.0058889359565701457 -0.080429053823917379 0.097919607418270438 -0.035821262171805646 0.032145284988375419 -0.046161746952810057 0.025486161673437618 -0.059702061036072611 0.18059265542021186 -0.053977576751591198 -0.0043344660230292906 0.12242301342206814 0.10464968517404119 -0.13228994753775089 -0.001526969224662295
leaf_weight=4.2250637346878639 0.92336898669600742 85.509986706543714 2.4288228978402904 6.2938625933602443 10.902678427286444 2.7877680119127026 4.3621146865189067 1638.8141525001265 10.711744777858259 5.7919690478593093 2.2510958407074213 4.5115459412336376 2.4671494141221038 4.7773539219051582 3.9076880905777216 2.8940071258693933 3.5793062038719645 3.4950823634862891 6.277957918122409 7.4788602218031901 4.8322030808776608 15.570093791931866 20.213442185893658 1.5598340518772595 1.902427179738879 5.0847408194094879 6.9651939123868942 4.2722494769841433 4.1582174990326166 269.48735471162945
leaf_count=773 15 7461 64 375 301 43 113 12314 58 50 18 29 10 52 43 31 20 26 43 30 60 113 139 21 27 31 32 26 31 2164
internal_value=0.00186877 -0.0648924 0.00534795 -0.0249099 -0.00287156 -0.0123246 0.00551533 0.00565507 0.00575802 0.0339175 -0.00472252 0.00545463 -0.0109655 -0.0706674 -0.0296651 0.0527915 -0.00355953 -0.000372166 -0.0252401 0.00937367 0.0451357 -0.0067551 -0.016077 -0.0434107 0.0517021 0.0116465 0.0756789 0.0454259 -0.0742585 0.00632415
internal_weight=2148.44 106.418 2042.02 20.9077 14.6138 13.6904 2037.79 2033.43 2031 21.6488 10.9371 2009.35 101.053 11.1522 8.68504 5.1451 89.9012 86.3218 24.3047 62.0171 19.2763 42.7409 39.2458 23.6757 3.46226 13.8685 14.4441 9.35699 10.4362 1908.3
internal_count=24513 8195 16318 734 359 344 15545 15432 15368 157 99 15211 733 105 95 49 628 608 160 448 122 326 300 187 48 86 62 57 74 14478
is_linear=0
shrinkage=0.1


Tree=130
num_leaves=31
num_cat=0
split_feature=0 0 9 0 10 0 9 12 13 13 8 1 12 7 9 8 11 5 1 8 0 6 5 8 4 0 13 8 1 12
split_gain=50.4825 4.42691 2.9063 4.16337 2.65442 6.38346 2.56846 1.97792 3.32379 1.68568 1.45118 1.42458 2.80884 2.43561 3.1494 2.36659 3.0148 2.51453 2.33007 1.96904 1.81734 1.70645 2.76957 5.20836 10.6657 5.87402 5.85097 5.64572 3.62202 3.3983
threshold=25.500000000000004 53.500000000000007 195.60976535541758 23.500000000000004 7.5000000000000009 29.500000000000004 169.67195407342405 4.5000000000000009 0.82843137254901966 1.3923076923076925 0.45080645161290328 5.5000000000000009 3.5000000000000004 5.5000000000000009 157.91116709732992 0.28989813242784385 3.5000000000000004 4.5000000000000009 6.5000000000000009 0.20611577964519137 40.500000000000007 4.5000000000000009 1.5000000000000002 0.20431354359925788 18.500000000000004 35.500000000000007 0.94987468671679209 0.21294035577258458 2.5000000000000004 6.5000000000000009
decision_type=2 2 2 2 2 2 2 2 2 2 2 2 2 2 2 2 2 2 2 2 2 2 2 2 2 2 2 2 2 2
left_child=2 4 3 -1 5 -2 9 8 -8 -5 11 21 13 -13 20 16 17 -14 19 -18 -15 -6 23 24 25 -23 -26 -25 -29 -27
right_child=1 -3 -4 6 10 -7 7 -9 -10 -11 -12 12 15 14 -16 -17 18 -19 -20 -21 -22 22 -24 27 26 29 -28 28 -30 -31
leaf_value=-0.07606089905383695 -0.07579348057766773 -0.075241648146454509 -0.07465333948123222 -0.077622162608016826 0.012532302650529473 0.00078380908938345008 0.19139889195972207 0.1737485132241755 -0.078090471797146871 0.061604098815635659 -0.06126773106704584 0.010018456731219517 0.072106395599716988 0.022755120146416986 -0.13498151601365938 -0.042654026419523129 0.01090234046120292 -0.020708935242658124 0.05751349116894855 -0.085524974613337509 -0.07618779965124943 0.049328923891602906 0.0061672700027413955 -0.12402060741600829 0.029720388858999986 -0.11406892124875057 0.17700091316233701 -0.00039090868139443472 -0.057801307790576142 -0.0029310276278840253
leaf_weight=8.362066036090253 13.366052239201961 6.8222594875842324 84.82216618815437 2.507887664251029 394.21775862481445 58.660396559163928 0.72959814406931434 1.5432273196056483 1.227933697402477 1.3312408793717621 3.1920879129320374 5.9313857783563462 11.724840099923314 3.575155630707739 4.4497814546339214 7.6593005564063779 3.6840618839487416 3.886408253107219 3.0171534502878776 4.9805321427993476 3.8613567743450403 6.6897339960560265 1514.282556923572 5.7772183842025688 5.6103894663974625 6.7438169438391906 5.194982067681849 32.933877520263195 16.492448358330876 4.6472579389810562
leaf_count=614 1022 1601 7953 83 2206 558 15 31 33 21 16 41 76 19 36 44 22 32 22 36 22 43 9506 30 38 39 34 190 102 28
internal_value=0.00191078 0.00518291 -0.0673376 -0.027818 0.00544165 -0.0134267 0.0271435 0.0890915 0.0223518 -0.0293446 0.00610506 0.0062102 -0.0100069 -0.0423203 -0.0684379 0.00646552 0.0202501 0.0490001 -0.0181709 -0.0445255 -0.0286203 0.00663968 0.00518635 -0.0124781 0.0219266 -0.0250478 0.10053 -0.0304809 -0.0195475 -0.0687276
internal_weight=2227.92 2127.4 100.524 15.702 2120.58 72.0264 7.33989 3.50076 1.95753 3.83913 2048.55 2045.36 52.77 17.8177 11.8863 34.9523 27.293 15.6112 11.6817 8.66459 7.43651 1992.59 1598.37 84.0897 28.8862 18.0808 10.8054 55.2035 49.4263 11.3911
internal_count=24513 15763 8750 797 14162 1580 183 79 48 104 12582 12566 350 118 77 232 188 108 80 58 41 12216 10010 504 182 110 72 322 292 67
is_linear=0
shrinkage=0.1


Tree=131
num_leaves=31
num_cat=0
split_feature=0 0 3 0 10 4 13 6 3 1 8 1 12 9 0 0 3 11 10 9 9 13 9 8 8 7 13 6 8 9
split_gain=92.4913 10.0369 3.06703 7.35727 3.11604 3.24042 2.45063 5.079 3.42811 10.35 4.67166 5.44765 5.75218 4.41296 3.21839 3.02697 3.03283 2.89597 3.09841 3.57792 2.83744 3.91232 2.8039 3.49546 2.75509 4.4495 4.471 4.29415 5.49229 3.6594
threshold=36.500000000000007 52.500000000000007 4.5000000000000009 42.500000000000007 21.500000000000004 13.500000000000002 0.4660633484162896 13.500000000000002 6.5000000000000009 2.5000000000000004 0.20156250000000003 1.0000000180025095e-35 11.500000000000002 181.13210382513662 40.500000000000007 44.500000000000007 5.5000000000000009 1.0000000180025095e-35 15.500000000000002 232.14383680555557 213.44747822504709 0.32051282051282054 187.07744401378127 0.32583417593528818 0.20794025157232701 5.5000000000000009 0.5634920634920636 11.500000000000002 0.19586530264279625 185.68763888888893
decision_type=2 2 2 2 2 2 2 2 2 2 2 2 2 2 2 2 2 2 2 2 2 2 2 2 2 2 2 2 2 2
left_child=-1 2 3 -2 6 -6 7 14 9 10 13 15 22 -8 -4 -12 -17 -16 -19 20 21 -20 -13 -24 27 -26 -27 29 -29 -10
right_child=1 -3 4 -5 5 -7 8 -9 24 -11 11 12 -14 -15 17 16 -18 18 19 -21 -22 -23 23 -25 25 26 -28 28 -30 -31
leaf_value=-0.072233850825328488 -0.063746451949543412 0.071508340363710468 -0.078969309678069255 0.0035404095685301843 -0.07098715497370954 0.10868189883585139 0.18194880536525815 -0.11152019270111323 -0.017247659395971112 -0.045445316780953406 -0.0864858116175833 -0.035403673272795304 0.15743711083049747 0.055412633095165587 0.054437139598607014 -0.055109952754928415 0.069632559307449354 0.026301849195814839 0.032141427376415038 0.02264454783248249 -0.095597212847858548 -0.059181783852309849 0.027298664557572794 0.12733108128261122 0.0061068361402025016 0.10684025759918048 0.022432124373564784 0.015704590980041646 0.12322414432049714 0.0053549914769416901
leaf_weight=166.26826796238311 20.905819494277239 23.787737309001386 5.1679635467007747 72.968721011653543 8.4043332729488593 1.1399777736514796 3.0039328951388589 4.5658548958599559 127.05720374919474 17.850254708901048 6.1763548627495748 6.2786125149577847 3.6312275789678088 33.411337031051517 9.3989627026021463 3.899721335619688 3.8964120075106621 20.4160032030195 7.8506009913981023 12.410449357703326 7.2771283015608779 11.656059974804519 39.872543198987842 3.828618091531097 436.17447163164616 6.5670574977993956 141.2584819290787 36.175034832209349 5.4692045748233786 164.19627738557756
leaf_count=14195 771 1918 119 494 161 11 19 33 739 124 53 47 17 207 55 18 22 104 39 74 38 64 245 25 2728 36 913 237 38 969
internal_value=-0.00218203 0.00717559 0.00592216 -0.0114443 0.00736867 -0.0495274 0.00785461 -0.00915389 0.00914396 0.0249027 0.0369772 0.0214196 0.0359138 0.0658507 -0.0028529 -0.0341931 0.00723483 0.0028473 -0.00528705 -0.0217415 -0.0423081 -0.0224281 0.0270846 0.0360624 0.00704973 0.0111884 0.0261819 -0.000210628 0.0298253 -0.00450525
internal_weight=1410.96 1244.7 1220.91 93.8745 1127.03 9.54431 1117.49 78.743 1038.75 121.849 103.999 67.5835 53.611 36.4153 74.1772 13.9725 7.79613 69.0092 59.6102 39.1942 26.7838 19.5067 49.9798 43.7012 916.898 584 147.826 332.898 41.6442 291.253
internal_count=24513 10318 8400 1265 7135 172 6963 526 6437 777 653 427 334 226 493 93 40 374 319 215 141 103 317 270 5660 3677 949 1983 275 1708
is_linear=0
shrinkage=0.1


Tree=132
num_leaves=31
num_cat=0
split_feature=0 0 4 4 0 10 13 9 0 10 12 3 7 5 6 9 9 12 7 6 5 3 13 13 7 6 12 13 0 12
split_gain=102.287 4.67681 3.36975 2.32455 4.05377 3.6796 3.42641 3.248 2.90313 5.11519 2.82249 4.55968 3.95152 4.61961 3.64583 3.41855 4.42595 4.51439 4.0939 3.82817 3.03064 4.98647 4.1389 3.82654 4.14791 4.53097 4.34774 4.14479 3.55638 4.01233
threshold=29.500000000000004 14.500000000000002 17.500000000000004 7.5000000000000009 25.500000000000004 5.5000000000000009 0.38750000000000007 379.48760964912287 18.500000000000004 7.5000000000000009 9.5000000000000018 9.5000000000000018 1.0000000180025095e-35 3.5000000000000004 7.5000000000000009 216.18605442176872 228.57005797101453 1.5000000000000002 -4.4999999999999991 4.5000000000000009 1.5000000000000002 6.5000000000000009 0.48529411764705882 0.89444444444444449 1.5000000000000002 3.5000000000000004 7.5000000000000009 1.297058823529412 21.500000000000004 1.5000000000000002
decision_type=2 2 2 2 2 2 2 2 2 2 2 2 2 2 2 2 2 2 2 2 2 2 2 2 2 2 2 2 2 2
left_child=1 -1 3 8 10 6 -6 -8 9 -3 12 14 13 15 -12 -5 -17 19 -19 -18 23 22 -22 24 -14 26 -26 -25 -23 -30
right_child=-2 2 -4 4 5 -7 7 -9 -10 -11 11 -13 20 -15 -16 16 17 18 -20 -21 21 28 -24 27 25 -27 -28 -29 29 -31
leaf_value=0.05881554216250378 -0.075839895483799824 0.067401574021742724 -0.063112184303983895 -0.080556167742674836 0.10122236718663964 -0.06521938926895339 -0.025894678616336982 0.12972638900665065 0.008121281120932666 0.0095891320568521187 0.0370606049239188 -0.07079338961313035 0.059004693653520394 0.014761286597392837 -0.045889571353291872 0.060549170731814206 -0.02857986509560876 0.068800204118277919 -0.043366973664643489 0.095761729858637859 -0.03127530691749747 0.023073384188815476 0.062921382605358053 0.034414491574587966 -0.0092756031955023802 -0.12727120061216202 -0.12651168559261758 -0.011486786605134939 0.072392812610077489 -0.048060880083735373
leaf_weight=17.136440184898674 171.07935744686984 23.672839626669884 6.9744243687018743 10.332800875417886 2.7119003683328655 16.450576411560178 23.708764415234331 1.4215696537867177 627.13185940310359 43.294159341603518 58.618903483264148 4.8694818820804349 4.7283491324633351 39.311707346700132 5.8251443821936837 6.3677893215790382 4.7714589769020659 3.4531206525862208 56.403231500647962 5.146931896917522 5.4269725130870929 33.277863408438861 33.204576215706766 37.679296548478305 23.588798046112064 5.1507372409105292 3.6532056042924514 41.163557231426239 3.2725455965846804 17.844498917460442
leaf_count=1160 13638 1630 307 78 28 581 331 23 3988 308 365 46 27 230 35 42 26 18 327 33 32 143 215 241 155 29 24 236 31 186
internal_value=-0.00363019 0.00695927 0.00618618 0.00660922 0.000997055 -0.0277225 -0.00556747 -0.0170915 0.0102346 0.0300258 0.00414503 0.0225124 0.000342194 -0.0136617 0.0295627 -0.0265828 -0.0192584 -0.0265418 -0.036896 0.0359445 0.00877086 0.0222159 0.0496886 -0.00201478 -0.0284884 -0.0412597 -0.0249972 0.0104496 0.00270465 -0.029394
internal_weight=1337.67 1166.59 1149.46 1142.48 448.384 44.2928 27.8422 25.1303 694.099 66.967 404.091 69.3135 334.777 125.787 64.444 86.4753 76.1425 69.7747 59.8564 9.91839 208.99 93.0265 38.6315 115.964 37.1211 32.3927 27.242 78.8429 54.3949 21.117
internal_count=24513 10875 9715 9408 3482 963 382 354 5926 1938 2519 446 2073 754 400 524 446 404 345 59 1319 607 247 712 235 208 179 477 360 217
is_linear=0
shrinkage=0.1


Tree=133
num_leaves=31
num_cat=0
split_feature=0 4 0 0 4 11 8 8 12 4 11 6 1 10 8 2 5 0 8 3 8 3 2 3 3 9 3 9 9 1
split_gain=44.9549 4.19959 2.39374 2.24244 1.63443 1.61733 2.88442 5.29468 4.29953 3.20079 2.01775 1.52605 1.47366 2.81018 2.50417 2.2732 3.79159 4.81598 2.5214 1.93682 1.90627 1.88318 2.88646 2.81052 2.41342 5.32927 2.9146 3.8825 3.79205 3.80431
threshold=40.500000000000007 12.500000000000002 13.500000000000002 43.500000000000007 25.500000000000004 3.5000000000000004 0.23145604395604394 0.21294035577258458 3.5000000000000004 6.5000000000000009 5.5000000000000009 16.500000000000004 5.5000000000000009 9.5000000000000018 0.24106002554278419 6.5000000000000009 4.5000000000000009 28.500000000000004 0.24106002554278419 16.500000000000004 0.29289318755256516 13.500000000000002 5.5000000000000009 12.500000000000002 11.500000000000002 195.60976535541758 10.500000000000002 233.93433035714287 130.06276709401712 2.5000000000000004
decision_type=2 2 2 2 2 2 2 2 2 2 2 2 2 2 2 2 2 2 2 2 2 2 2 2 2 2 2 2 2 2
left_child=2 3 -1 5 11 6 7 8 -2 -8 -7 12 15 -14 -15 21 19 -18 -19 -17 -20 23 -23 24 26 -26 28 -28 29 -4
right_child=1 -3 4 -5 -6 10 9 -9 -10 -11 -12 -13 13 14 -16 16 17 18 20 -21 -22 22 -24 -25 25 -27 27 -29 -30 -31
leaf_value=-0.075337985044034828 0.15954170639152987 -0.074503127683481815 0.017848246646769136 -0.075999499549695052 -0.057847206708074667 -0.077952614131423292 0.12914671318210222 0.26519978735260652 -0.077918894916464726 -0.077688616942519828 0.057658550220005093 0.063578136572435634 0.068686811621358521 -0.050026109004598196 0.045634963077505364 7.2337576301081423e-05 -0.18178578641937196 -0.078705644331913488 0.10965680932430472 -0.07580887007410253 -0.030400740243865326 -0.0078588141411071611 0.10067137911292441 -0.037391679550329668 0.05944536819891303 -0.043089997929594254 -0.030654483368913965 0.060384859378595349 0.0053868593014171793 0.098351048199552774
leaf_weight=3.7010986031964412 1.2595980828627964 78.584471329813823 18.883895371109251 5.8167810009326777 4.1091192876920095 4.3202435467392197 0.95683256536722172 1.1607631817460058 1.9320838702842591 3.4310236386954784 1.47067011334002 4.480923341587185 10.348743867129089 5.6840434120967966 5.277023421600461 85.519172499887645 2.6731813400983802 4.5441023455932719 1.7193551305681469 3.5014531649649134 2.2350377012044191 4.652479771524666 5.1778173074126244 15.20800246670842 21.233284075744454 6.6585600636899462 39.504812221974134 5.3145889230072489 1774.4443907896057 8.5181629769504053
leaf_count=773 30 7461 106 375 113 108 16 21 48 97 39 30 58 50 49 609 10 52 21 20 22 40 43 109 150 44 317 32 13621 49
internal_value=0.00180769 -0.0640191 0.00501043 -0.0235297 0.00515694 -0.00252632 0.0246292 0.0823093 0.015795 -0.0325853 -0.0435126 0.00528475 0.00515551 0.0313137 -0.00397168 0.00487677 -0.0098037 -0.0647173 -0.0278937 -0.0029123 0.0304958 0.00565108 0.0493062 0.00542399 0.00577135 0.0349673 0.00533037 -0.0198592 0.00595694 0.0428732
internal_weight=2132.32 98.9325 2033.39 20.348 2029.69 14.5312 8.7403 4.35245 3.19168 4.38786 5.79091 2025.58 2021.1 21.3098 10.9611 1999.79 100.192 11.1717 8.4985 89.0206 3.95439 1899.6 9.8303 1889.77 1874.56 27.8918 1846.67 44.8194 1801.85 27.4021
internal_count=24513 8195 16318 734 15545 359 212 99 78 113 147 15432 15402 157 99 15245 734 105 95 629 43 14511 83 14428 14319 194 14125 349 13776 155
is_linear=0
shrinkage=0.1


Tree=134
num_leaves=31
num_cat=0
split_feature=0 0 9 0 10 0 9 13 13 7 2 4 0 12 5 9 8 11 7 5 4 9 4 3 4 8 13 13 7 6
split_gain=45.4812 3.78791 2.89459 3.80549 2.25173 5.97236 2.06075 1.73063 3.47095 1.4657 3.53545 1.41621 1.65034 1.35359 5.86635 3.82924 2.99541 3.30868 4.40798 5.14881 6.46919 3.29937 2.87018 3.37352 2.79561 2.78417 2.15728 3.42802 2.94705 3.47633
threshold=25.500000000000004 53.500000000000007 195.60976535541758 23.500000000000004 7.5000000000000009 29.500000000000004 169.67195407342405 1.297058823529412 0.78888888888888908 6.5000000000000009 6.5000000000000009 2.5000000000000004 36.500000000000007 11.500000000000002 1.0000000180025095e-35 253.65381720430108 0.33589743589743598 2.5000000000000004 7.5000000000000009 4.5000000000000009 16.500000000000004 184.14546783625735 21.500000000000004 11.500000000000002 19.500000000000004 0.18624359479700434 1.1791443850267382 0.89444444444444449 1.5000000000000002 9.5000000000000018
decision_type=2 2 2 2 2 2 2 2 2 2 2 2 2 2 2 2 2 2 2 2 2 2 2 2 2 2 2 2 2 2
left_child=2 4 3 -1 5 -2 9 8 -8 10 -5 12 -6 -13 -15 16 17 18 19 20 -16 -22 26 -24 -23 -21 27 28 29 -19
right_child=1 -3 -4 6 11 -7 7 -9 -10 -11 -12 13 -14 14 15 -17 -18 22 -20 25 21 24 23 -25 -26 -27 -28 -29 -30 -31
leaf_value=-0.075982540138496465 -0.075729810036024026 -0.07520883760613617 -0.074485107699620023 -0.076209314810361237 -0.094284902858784422 0.00082805230816978431 0.15159487333812485 0.18052095890656217 -0.078914550813225681 -0.079001398235722151 0.2448798634943084 0.0064157188363633162 0.019975917684486918 -0.11800091897923951 0.033008627367876867 -0.038578052605021632 -0.056007217686574018 -0.079942920374554194 0.070230128159002425 0.11008854764427199 -0.13472619682540574 0.021988499609479014 0.12844800580409818 0.023407454385152505 -0.096316327561902393 -0.005713559024636725 -0.022574589955651071 0.068187918767604022 0.055538518246119752 0.031620685471193975
leaf_weight=7.6870147085282934 12.338445092085747 5.9011138156056395 77.754532936494797 0.87049068883061431 3.0233776103705159 58.514607736840844 1.260351080447436 1.1232193578034637 1.3561048405244944 2.2517848052084446 0.56581771187484264 1912.9090450690128 2.1723717451095581 4.3851265162229529 6.4265216868370834 21.318172425031662 6.7509754095226517 6.2194123119115883 5.7279225131496778 3.4120757430791837 7.3750167153775683 3.6854817336425167 5.6056378465145809 6.7262749155052006 4.3609586246311665 5.3028132375329733 10.65817437879741 13.17981352098286 6.2981131244450799 5.0697763822972775
leaf_count=614 1022 1601 7953 46 72 558 21 24 34 50 8 11779 9 20 33 150 36 34 34 17 36 20 31 50 25 41 61 67 38 29
internal_value=0.00179367 0.00479791 -0.0667012 -0.0266589 0.00502152 -0.0125038 0.0243862 0.0766941 0.0321222 -0.0286534 0.0502802 0.00563003 -0.0465118 0.00576313 -0.00442729 -0.000210845 0.00823882 0.0130554 -0.0102744 -0.0253621 -0.0512849 -0.0864121 0.028805 0.0711551 -0.0421296 0.0396256 0.0161978 0.0296292 0.000733466 -0.0298417
internal_weight=2210.23 2117.36 92.8693 15.1148 2111.46 70.8531 7.42777 3.73968 2.61646 3.68809 1.43631 2040.61 5.19575 2035.41 122.502 118.117 96.799 90.048 36.2908 30.5629 21.848 15.4215 53.7572 12.3319 8.04644 8.71489 41.4253 30.7671 17.5873 11.2892
internal_count=24513 15763 8750 797 14162 1580 183 79 55 104 54 12582 81 12501 722 702 552 516 206 172 114 81 310 81 45 58 229 168 101 63
is_linear=0
shrinkage=0.1


Tree=135
num_leaves=31
num_cat=0
split_feature=0 0 4 0 9 7 3 7 0 12 8 1 9 9 13 6 3 1 8 1 12 9 9 9 12 4 9 0 5 13
split_gain=84.2111 8.77138 3.36972 3.8383 2.41959 1.84298 1.93051 3.60172 2.82998 2.45408 1.85086 4.95848 2.01569 1.86904 1.81043 4.50007 2.71556 8.64285 4.14796 4.88461 4.59147 3.77685 4.40133 5.76642 2.76347 3.15131 2.91884 3.06278 5.30522 3.30005
threshold=35.500000000000007 52.500000000000007 10.500000000000002 42.500000000000007 224.90895424836603 -12.499999999999998 4.5000000000000009 -9.4999999999999982 42.500000000000007 7.5000000000000009 0.19538706256627789 1.0000000180025095e-35 261.99600202429156 248.44102472089318 0.4660633484162896 13.500000000000002 6.5000000000000009 2.5000000000000004 0.20431354359925788 1.0000000180025095e-35 11.500000000000002 177.55267434988181 270.08107971014499 246.45840080971666 5.5000000000000009 16.500000000000004 253.65381720430108 42.500000000000007 3.5000000000000004 1.1791443850267382
decision_type=2 2 2 2 2 2 2 2 2 2 2 2 2 2 2 2 2 2 2 2 2 2 2 2 2 2 2 2 2 2
left_child=-1 2 3 4 -2 -4 7 9 -9 -7 11 -10 13 -12 15 -8 17 18 21 -20 24 -16 23 -23 26 -26 27 28 -21 -29
right_child=1 -3 5 -5 -6 6 14 8 10 -11 12 -13 -14 -15 16 -17 -18 -19 19 20 -22 22 -24 -25 25 -27 -28 29 -30 -31
leaf_value=-0.074361704067721163 0.070698895324795882 0.070791443023342518 0.077168886918332347 -0.00014981397960363429 -0.070140797090690696 -0.11936334641018985 -0.001915309817406349 -0.055299694817693805 0.048546176764647002 -0.0036427655060225295 0.022599824774116598 -0.086911863767391739 -0.02092024332274936 0.094195360295279085 0.1706565436794516 -0.10631826730269921 0.00618814763616044 -0.042330685960083103 -0.036269655922196511 0.25291873060798681 0.13872428727560213 0.060435569734809506 0.15627270064276813 -0.051046578716822028 -0.029668318491152697 0.056548809650388658 -0.014888634744905749 0.081046579412613173 0.051607402135250037 -0.010288444588422938
leaf_weight=144.61200508498587 1.3234375668689633 20.713184449821711 3.6516606770455828 31.836970081552863 15.577957893721758 4.8147270334884515 73.745799104683101 8.2135695032775384 4.9241564217954856 2.958790672942996 16.035898700356491 5.9890906866639853 7.7383099570870391 4.7193447314202777 2.8812137385830274 4.3733484568074337 919.09352130815387 17.634144594892859 13.023781795985995 2.063475873321301 3.754613389261066 23.639022732153538 3.5606125723570576 5.7728296071290961 14.313729396089913 6.0233774855732909 6.4233181709423652 8.6955289933830482 3.580704896710813 7.2576849870383731
leaf_count=13714 28 1918 30 266 783 43 508 234 30 27 100 35 45 25 19 34 5906 125 90 27 22 150 22 42 92 40 39 47 35 37
internal_value=-0.00213327 0.00626086 0.0051685 -0.0205968 -0.0591126 0.00623734 0.00601619 -0.0122053 -0.00190298 -0.0753173 0.00922652 -0.025792 0.0226389 0.0388793 0.00692077 -0.00776011 0.00802594 0.0222651 0.0335443 0.0185083 0.0321982 0.0608607 0.0512664 0.0385543 0.0239273 -0.00413281 0.044293 0.0618943 0.125206 0.039495
internal_weight=1388.95 1244.33 1223.62 48.7384 16.9014 1174.88 1171.23 55.3939 47.6204 7.77352 39.4068 10.9132 28.4936 20.7552 1115.84 78.1191 1037.72 118.624 100.99 65.1362 52.1124 35.8537 32.9725 29.4119 48.3578 20.3371 28.0207 21.5974 5.64418 15.9532
internal_count=24513 10799 8881 1077 811 7804 7774 539 469 70 235 65 170 125 7235 542 6693 787 662 429 339 233 214 192 317 132 185 146 62 84
is_linear=0
shrinkage=0.1


Tree=136
num_leaves=31
num_cat=0
split_feature=0 0 4 2 12 6 8 4 13 13 11 8 13 5 6 0 8 5 9 7 9 9 12 9 9 12 9 0 12 8
split_gain=93.617 3.96242 3.06284 2.22113 3.00665 3.92618 3.59921 8.13676 7.79788 4.33284 4.03888 2.99746 2.74037 4.35788 4.04896 3.64673 2.50959 2.5089 3.90147 2.3987 3.54968 5.53347 2.87691 4.30344 3.56975 3.04063 2.98587 4.43497 5.7741 2.88643
threshold=29.500000000000004 14.500000000000002 18.500000000000004 1.5000000000000002 5.5000000000000009 1.0000000180025095e-35 0.31957446808510642 4.5000000000000009 0.48529411764705882 0.62828947368421062 2.5000000000000004 0.29128787878787882 0.78888888888888908 1.5000000000000002 3.5000000000000004 23.500000000000004 0.1575187969924812 3.5000000000000004 328.81087622549029 -3.4999999999999996 272.97416666666669 363.43814102564107 7.5000000000000009 376.79206349206356 265.93608974358978 8.5000000000000018 365.33787037037041 17.500000000000004 11.500000000000002 0.16405676535356004
decision_type=2 2 2 2 2 2 2 2 2 2 2 2 2 2 2 2 2 2 2 2 2 2 2 2 2 2 2 2 2 2
left_child=1 -1 3 4 5 -3 9 8 -8 19 11 -11 13 14 16 -15 -5 18 -9 20 -6 -22 24 25 -21 -24 27 28 -27 -26
right_child=-2 2 -4 12 6 -7 7 17 -10 10 -12 -13 -14 15 -16 -17 -18 -19 -20 22 21 -23 23 -25 29 26 -28 -29 -30 -31
leaf_value=0.056752312045919177 -0.075776366261132377 0.11788785490020273 -0.076508908128641834 0.049220693368677855 -0.15210201536568205 0.016238594483801702 0.071194442722893284 0.034656856713207916 -0.11535101718327648 -0.0020559884745691408 0.029675183973772473 -0.08376549535028055 0.0038466362011396944 0.030211221170008563 -0.14786293934525538 -0.056329270528741794 -0.055149562964196021 0.0088411506723003342 0.13416502407247569 0.13203663233321328 0.0056688250160948092 -0.1012292991751538 -0.091426931747465259 0.048799747887747241 0.10603685597970376 -0.00056097887933123354 -0.13280897208786596 0.0014680278202785215 -0.33339166856485963 -0.018224306368611425
leaf_weight=15.398419986478983 157.66487258160487 3.8508692327886811 4.51580493338406 2.879056045785549 2.849009461700919 286.56635480560362 3.6419891938567179 7.3583837496116784 5.8244639495387673 40.798687401227653 51.958775789476931 5.0447526071220627 594.81244272459298 17.156371580436829 4.0138540556654325 6.7989502316340795 11.530670830048619 5.3692668108269563 8.4818328125402314 2.7062826491892329 13.341552632860841 7.6012666895985594 7.9925565570592871 6.970348769798874 2.3020088588818899 1.1594100194051926 2.2036537155508986 22.789672714658082 0.94697310309857119 9.9459954714402539
leaf_count=1160 13638 39 226 25 22 2518 36 63 70 344 469 33 4725 96 36 125 98 34 68 24 115 54 69 67 25 36 18 173 18 89
internal_value=-0.00348859 0.00636371 0.00568394 0.00601041 0.0110016 0.0175864 0.00186417 0.0335079 -0.0435822 -0.00357056 0.010587 -0.0110476 0.00209617 -0.0224727 -0.0590386 0.00564948 -0.0342964 0.0679156 0.0879397 -0.0207053 -0.0473768 -0.0331302 -0.00957591 -0.0229695 0.0280968 -0.0372249 -0.0212391 -0.0113635 -0.150193 0.00513054
internal_weight=1314.47 1156.81 1141.41 1136.9 499.704 290.417 209.287 30.6759 9.46645 178.611 97.8022 45.8434 637.191 42.3789 18.4236 23.9553 14.4097 21.2095 15.8402 80.8087 23.7918 20.9428 57.0169 42.0626 14.9543 35.0923 27.0997 24.8961 2.10638 12.248
internal_count=24513 10875 9715 9489 4384 2557 1827 271 106 1556 846 377 5105 380 159 221 123 165 131 710 191 169 519 381 138 314 245 227 54 114
is_linear=0
shrinkage=0.1


Tree=137
num_leaves=31
num_cat=0
split_feature=0 4 0 0 9 8 9 6 12 8 6 7 0 9 4 9 2 4 6 12 9 6 7 8 10 0 13 3 7 9
split_gain=40.5179 4.19618 2.10741 2.07558 1.61576 1.85445 2.07041 1.7562 3.75116 1.54006 1.64159 1.50523 7.91455 2.83967 2.55561 4.10127 3.98137 5.02692 4.32477 3.47409 3.44512 3.74882 3.25382 3.38497 4.22253 3.07442 3.0602 2.49691 4.1114 3.99414
threshold=40.500000000000007 12.500000000000002 43.500000000000007 13.500000000000002 210.12683215130025 0.18942218080149117 320.93597105508877 9.5000000000000018 8.5000000000000018 1.0000000180025095e-35 3.5000000000000004 1.0000000180025095e-35 36.500000000000007 290.8184200603319 16.500000000000004 184.86830357142858 2.5000000000000004 13.500000000000002 12.500000000000002 9.5000000000000018 158.94392883686365 8.5000000000000018 -8.4999999999999982 0.11583184257602856 5.5000000000000009 37.500000000000007 1.6515151515151518 4.5000000000000009 -1.4999999999999998 211.33875000000003
decision_type=2 2 2 2 2 2 2 2 2 2 2 2 2 2 2 2 2 2 2 2 2 2 2 2 2 2 2 2 2 2
left_child=3 2 4 -1 -2 -6 7 -7 -9 10 -5 14 -13 -14 16 20 17 27 19 -19 21 -16 -18 24 26 -22 -24 -11 -29 -30
right_child=1 -3 -4 9 5 6 -8 8 -10 11 -12 12 13 -15 15 -17 22 18 -20 -21 25 -23 23 -25 -26 -27 -28 28 29 -31
leaf_value=-0.075295943505721316 0.1198840989682306 -0.074335077761143259 -0.075925840178625012 0.026997143101452188 -0.07782392972281392 -0.055698367803480753 0.092635183189380105 -0.034023656541846928 0.18880032341400557 0.0053545103728815015 -0.14477794626446974 0.0035704101137061881 -0.055389111967591678 0.056357448381457675 -0.10127502485690648 -0.063539291482221191 -0.04801878401890694 0.051991256519569123 0.1603386203124981 -0.056108914408468206 0.059521730181229228 0.016377643277509246 0.066072185244852519 0.018635097106439041 0.12865028445437782 -0.077452537951104072 -0.080570789338295104 -0.033444756492472902 0.11230634055704276 0.001002967452649347
leaf_weight=3.2424711678177109 1.0014876499772096 72.286569855408743 5.3836785438470534 0.92263629031367544 3.2326013492420307 4.562064887955783 2.2988071665167809 2.3047231845557694 1.1239591827616093 812.78372445004061 1.4013555014971641 799.63573233550414 29.884476507082582 2.4613412730395785 4.8608743119984883 13.148378272540866 6.926513295620679 17.619160244241364 3.0926546677947035 3.5764141976833335 11.438823848962782 6.1156293042004108 3.9131166408769769 218.37725370563567 6.4289048514328897 1.9126349035650481 2.236364571377635 43.682490557432175 3.6744018658064332 26.307059354148805
leaf_count=773 15 7461 375 19 89 127 31 68 29 6801 45 5016 947 16 30 167 36 121 21 27 74 54 40 1517 43 68 16 277 25 185
internal_value=0.00169397 -0.0631393 -0.0224858 0.00464767 -0.00267644 -0.0117536 0.00900327 -0.0150563 0.0390205 0.00477597 -0.0765824 0.00486966 0.00160877 -0.0468858 0.007157 -0.0185409 0.00799545 0.00498651 0.0498697 0.0337511 0.00577914 -0.0357241 0.0195152 0.0215406 0.071984 0.0398998 0.0127429 0.00375674 -0.0138725 0.0146438
internal_weight=2115.84 92.1939 19.9073 2023.64 14.5236 13.5222 10.2896 7.99075 3.42868 2020.4 2.32399 2018.08 831.982 32.3458 1186.09 37.4763 1148.62 910.736 24.2882 21.1956 24.328 10.9765 237.882 230.956 12.5784 13.3515 6.14948 886.448 73.664 29.9815
internal_count=24513 8195 734 16318 359 344 255 224 97 15545 64 15481 5979 963 9502 393 9109 7457 169 148 226 84 1652 1616 99 142 56 7288 487 210
is_linear=0
shrinkage=0.1


Tree=138
num_leaves=31
num_cat=0
split_feature=0 0 9 0 10 0 9 13 13 12 10 8 9 9 12 5 0 7 4 8 8 8 6 8 6 13 10 4 13 8
split_gain=41.1372 3.24783 2.82898 3.43543 1.92691 5.58315 1.78179 2.08229 2.76325 1.35456 1.90561 3.42661 2.9874 5.66905 4.64141 2.39274 2.37097 1.96948 1.6474 1.62157 1.25292 1.37683 1.89087 1.44126 1.31605 3.58443 4.14022 4.46202 3.64666 3.96592
threshold=25.500000000000004 53.500000000000007 195.60976535541758 23.500000000000004 7.5000000000000009 29.500000000000004 155.44709045780476 1.297058823529412 0.78888888888888908 11.500000000000002 1.0000000180025095e-35 0.14670014347202293 318.48066603535364 312.54777105734769 2.5000000000000004 1.5000000000000002 34.500000000000007 -1.0000000180025095e-35 10.500000000000002 0.23294573643410851 0.45080645161290328 0.38956639566395673 10.500000000000002 0.38047619047619047 4.5000000000000009 1.0954545454545457 11.500000000000002 24.500000000000004 0.60769230769230786 0.30267794221282596
decision_type=2 2 2 2 2 2 2 2 2 2 2 2 2 2 2 2 2 2 2 2 2 2 2 2 2 2 2 2 2 2
left_child=2 4 3 -1 5 -2 -5 8 -8 10 12 -12 13 16 -14 -16 -7 18 19 -13 21 23 -23 24 25 26 28 -28 29 -6
right_child=1 -3 -4 6 20 9 7 -9 -10 -11 11 17 14 -15 15 -17 -18 -19 -20 -21 -22 22 -24 -25 -26 -27 27 -29 -30 -31
leaf_value=-0.075907602535717628 -0.075673767604828357 -0.075180594553207816 -0.074314124147535798 -0.048565296771169296 -0.042855858715057857 -0.028862970615790656 0.10543513833263624 0.14397345392734548 -0.078024867110987883 0.046791654147564178 0.079499433849087392 0.0077695129682228805 0.064683738373583141 0.18216669986414777 0.04915719485026477 -0.073987917359018052 0.055790221567128234 -0.085042342274202376 0.069256869864390849 -0.075428861913811332 -0.057675727026287066 0.017840712322332777 0.099865605673603697 -0.037140505186465243 0.0039347832029004073 -0.0016239930917714516 0.028187272832948713 0.12155489361730989 0.014989336327349717 0.046544593178068222
leaf_weight=7.0755197561811638 11.404133067931978 5.106957064010202 71.363055206136778 2.4547701943665743 23.742782531306151 6.1870687026530522 1.5561730656772854 1.7364396974444387 1.7378009930253027 5.7767650950700036 2.603170299902561 4.6386960353702325 4.6817758213728693 2.4421018548309794 1.8915150891989458 9.5144922211766225 7.111416295170784 6.9416567832231495 1.8395812045782811 4.7328192219138145 3.1619425639510146 18.428779844194654 3.3161192117258897 8.0639786468818766 1599.2092658593319 154.4361254950054 97.96523472154513 5.4006212721578768 114.42893762886524 6.2731311544775954
leaf_count=614 1022 1601 7953 65 120 79 29 33 56 36 24 45 35 18 25 101 32 86 9 68 16 115 20 52 10121 872 590 47 598 31
internal_value=0.00170715 0.00447005 -0.0661179 -0.0259478 0.00466337 -0.0116781 0.0212778 0.0553602 0.00864719 0.000827125 -0.00422241 -0.027796 0.0111504 0.0421229 -0.0191537 -0.0535661 0.0164057 -0.0431825 -0.0172639 -0.0342475 0.00522375 0.00532166 0.0303496 0.00505084 0.00522083 0.0103338 0.0177858 0.0330655 0.00685159 -0.0241717
internal_weight=2195.22 2109.3 85.9238 14.5607 2104.19 69.7652 7.48518 5.03041 3.29397 58.3611 52.5843 20.7559 31.8284 15.7406 16.0878 11.406 13.2985 18.1528 11.2111 9.37152 2034.43 2031.26 21.7449 2009.52 2001.46 402.247 247.811 103.366 144.445 30.0159
internal_count=24513 15763 8750 797 14162 1580 183 118 85 558 522 232 290 129 161 126 111 208 122 113 12582 12566 135 12431 12379 2258 1386 637 749 151
is_linear=0
shrinkage=0.1


Tree=139
num_leaves=31
num_cat=0
split_feature=0 0 0 4 13 2 8 8 13 7 9 9 13 4 7 6 8 4 8 11 1 1 4 13 10 1 10 4 10 6
split_gain=76.908 7.55868 3.17355 4.08541 1.94986 5.04575 4.54272 3.0763 3.03384 3.34394 3.84704 1.94388 2.40651 2.8218 1.70031 3.0353 4.58419 3.68473 3.45242 3.37848 4.73302 3.87867 4.59708 3.08709 2.74749 3.17345 2.48547 3.64053 4.65172 4.63544
threshold=35.500000000000007 52.500000000000007 38.500000000000007 13.500000000000002 1.1339285714285716 4.5000000000000009 0.23660287081339706 0.23660287081339706 1.5339366515837105 6.5000000000000009 150.01174012158057 315.80716911764711 0.88194444444444453 10.500000000000002 6.5000000000000009 5.5000000000000009 0.23145604395604394 20.500000000000004 0.23368794326241135 3.5000000000000004 2.5000000000000004 2.5000000000000004 24.500000000000004 0.71008403361344552 15.500000000000002 1.5000000000000002 13.500000000000002 24.500000000000004 10.500000000000002 3.5000000000000004
decision_type=2 2 2 2 2 2 2 2 2 2 2 2 2 2 2 2 2 2 2 2 2 2 2 2 2 2 2 2 2 2
left_child=-1 2 3 -2 -5 7 -7 -6 9 10 -8 14 -13 -14 -4 16 19 -17 -19 21 -21 23 -23 -16 25 -18 27 -27 -29 -30
right_child=1 -3 11 4 5 6 8 -9 -10 -11 -12 12 13 -15 15 17 24 18 -20 20 -22 22 -24 -25 -26 26 -28 28 29 -31
leaf_value=-0.074188938967408344 -0.076147905086807716 0.070000725082251733 0.0046350953606001319 -0.023939153992012921 0.35602835938736083 -0.07857672991069703 0.15673433487144733 0.060200749415430958 -0.084413364603459967 0.19589268335836832 -0.040985651076983459 -0.098082146249253196 -0.082766110068709459 0.067603063373266478 0.083373890731703135 0.10918197013702489 0.096526774220663414 0.055544452897034996 -0.0041318675415088525 -0.040399517101270682 0.046494502261874196 -0.10306110008085519 -0.0063269691483673479 -0.027614022307506467 0.081341997208491765 0.041639203192016028 -0.0526476599817748 0.064790358537239079 -0.14711067288067201 -0.0072293640077490716
leaf_weight=133.24565218249336 10.463400850072501 18.054523699916899 1005.4514244571328 20.152491003274918 0.68663496244698652 4.2266682712361199 1.5731412591412661 0.72025120817124844 1.3414076277986167 1.8019324094057081 2.6279907254502177 4.0169598916545493 2.132748793810606 3.0082790367305279 3.9424958769232052 6.2222284711897364 4.6951391547918311 19.772841660305858 19.019246578216553 10.155138760805132 16.378068095073104 11.426168821752073 8.6181101854890567 6.8784939162433147 7.9893275182694188 25.562223598361015 5.5321044269949189 4.4325013980269423 3.7101665530353767 6.5538053028285503
leaf_count=13714 600 1918 6279 586 22 113 21 25 23 35 73 59 64 15 22 32 25 144 141 56 95 63 46 40 63 119 35 22 23 40
internal_value=-0.00200386 0.00577077 0.00481953 -0.0216748 -0.00447087 0.0257598 0.00401777 0.20458 0.0515501 0.0819316 0.0330519 0.00580209 -0.0400899 0.0052226 0.00616243 0.0157073 0.00714637 0.0377445 0.0262859 -0.0129295 0.0132373 -0.0354237 -0.0614699 0.0128231 0.0268526 0.0182297 0.0102015 0.0188379 -0.0208214 -0.0577929
internal_weight=1370.39 1237.15 1219.09 43.5939 33.1305 12.978 11.5711 1.40689 7.34447 6.00306 4.20113 1175.5 9.15799 5.14103 1166.34 160.888 115.874 45.0143 38.7921 57.3985 26.5332 30.8653 20.0443 10.821 58.4753 50.4859 45.7908 40.2587 14.6965 10.264
internal_count=24513 10799 8881 1498 898 312 265 47 152 129 94 7383 138 79 7245 966 649 317 285 322 151 171 109 62 327 264 239 204 85 63
is_linear=0
shrinkage=0.1


Tree=140
num_leaves=31
num_cat=0
split_feature=0 0 4 3 0 12 10 10 0 13 12 0 0 9 10 13 5 12 9 9 5 10 8 9 0 10 11 2 13 1
split_gain=85.8814 3.49421 2.81436 2.02914 3.68329 3.06368 4.10511 2.53037 4.77288 2.7169 2.69196 3.35466 6.43463 3.7826 3.87388 2.64046 4.2778 3.70086 2.56592 3.14382 4.09303 4.33409 2.52965 2.46254 2.27812 2.81836 3.65021 3.83685 3.04674 2.84794
threshold=29.500000000000004 13.500000000000002 18.500000000000004 2.5000000000000004 18.500000000000004 11.500000000000002 7.5000000000000009 8.5000000000000018 25.500000000000004 1.7638888888888891 11.500000000000002 25.500000000000004 23.500000000000004 365.33787037037041 2.5000000000000004 0.78888888888888908 1.0000000180025095e-35 11.500000000000002 379.48760964912287 259.78658186150835 1.5000000000000002 1.5000000000000002 0.084039548022598873 255.71382275132285 19.500000000000004 3.5000000000000004 1.0000000180025095e-35 3.5000000000000004 1.2679425837320577 1.0000000180025095e-35
decision_type=2 2 2 2 2 2 2 2 2 2 2 2 2 2 2 2 2 2 2 2 2 2 2 2 2 2 2 2 2 2
left_child=1 -1 3 4 5 -3 -7 9 15 10 23 12 13 14 -12 16 -9 22 19 -11 -21 -22 -17 24 -5 26 -26 -28 29 -27
right_child=-2 2 -4 7 -6 6 -8 8 -10 18 11 -13 -14 -15 -16 17 -18 -19 -20 20 21 -23 -24 -25 25 28 27 -29 -30 -31
leaf_value=0.075573813532119588 -0.075717634212267987 0.054187793380337738 -0.076398181452052849 0.044169978165857604 0.0089458891193488817 0.075719946865044116 -0.21712181003638881 -0.12376915858926581 -0.059000987866491543 -0.049607781545155702 -0.030473800877347319 -0.054539080775630869 0.14559549733918098 -0.079209462971431624 0.06468239493449765 -0.077496272862795701 -0.013943365485282595 -0.068177525239518796 -0.075026953381204506 -0.035758832255377807 -0.045495666193134943 0.060854563647517873 0.011652965141659486 0.0027199016764814041 0.12114648538376004 0.062305264100624758 -0.0012852632985872626 0.11185663900816201 -0.029807878570896798 -0.00016174830854087825
leaf_weight=7.1458574999123803 145.33606190676801 27.798896302469078 4.1879211608320466 27.972696362063289 319.19956734403968 0.92096600122749694 0.99681511893868446 3.9824485834687939 16.46364816930145 12.901821282692252 5.8266283739358284 3.7116884086281052 5.3602187335491172 3.0647671194747081 16.100049873813987 3.2782497256994239 32.405598554760218 6.5648405067622653 6.4035822823643676 13.021446662954984 5.0299570998176959 16.089079689234495 109.45021176338196 420.82283720560372 4.5223652496933964 10.111724007874725 15.136313071474435 3.7373553160578004 22.18847821932286 26.232537586241961
leaf_count=773 13638 1242 226 498 2133 75 11 27 639 97 31 50 21 22 140 24 201 47 49 98 31 124 665 3164 24 57 87 21 138 160
internal_value=-0.00328508 0.00586389 0.00542826 0.00572904 0.0120808 0.0457543 -0.0764919 0.00292503 -0.00779765 0.00591072 0.00794999 0.035201 0.0461752 0.0248514 0.0393963 -0.00238278 -0.0259631 0.00480993 -0.0156392 -0.00755511 0.00833676 0.0355249 0.00906042 0.00620094 0.0195302 0.0111175 0.040454 0.021119 -0.000608564 0.0172179
internal_weight=1295.96 1150.63 1143.48 1139.29 348.916 29.7167 1.91778 790.379 172.145 618.234 564.788 34.0634 30.3517 24.9914 21.9267 155.681 36.388 119.293 53.4459 47.0423 34.1405 21.119 112.728 530.724 109.901 81.9288 23.396 18.8737 58.5327 36.3443
internal_count=24513 10875 10102 9876 3461 1328 86 6415 1603 4812 4413 264 214 193 171 964 228 736 399 350 253 155 689 4149 985 487 132 108 355 217
is_linear=0
shrinkage=0.1


Tree=141
num_leaves=31
num_cat=0
split_feature=0 4 0 0 2 4 9 12 11 1 4 13 13 7 0 9 10 5 4 13 10 6 4 8 10 8 9 10 9 9
split_gain=36.5227 4.20142 1.99162 1.80545 1.49101 5.30942 4.28314 2.34103 1.41528 2.63032 3.58454 2.94683 4.44668 4.05604 8.81063 8.18607 6.01522 3.58899 3.4579 4.56893 3.93252 3.91552 3.19327 3.31142 4.00795 3.0753 3.7686 2.85401 3.67928 5.52983
threshold=40.500000000000007 12.500000000000002 43.500000000000007 13.500000000000002 1.5000000000000002 11.500000000000002 301.53472222222229 4.5000000000000009 5.5000000000000009 4.5000000000000009 20.500000000000004 0.71008403361344552 1.1055555555555558 -3.4999999999999996 22.500000000000004 323.47114845938387 2.5000000000000004 4.5000000000000009 4.5000000000000009 0.38750000000000007 21.500000000000004 8.5000000000000018 22.500000000000004 0.12599206349206346 4.5000000000000009 0.14670014347202293 384.72971014492759 1.0000000180025095e-35 230.43450317124737 159.91745267072346
decision_type=2 2 2 2 2 2 2 2 2 2 2 2 2 2 2 2 2 2 2 2 2 2 2 2 2 2 2 2 2 2
left_child=3 2 4 -1 5 6 -2 -8 -5 11 -11 18 13 14 16 -16 -13 27 25 21 -21 -20 23 -15 -25 -10 -27 -14 29 -29
right_child=1 -3 -4 8 -6 -7 7 -9 9 10 -12 12 17 22 15 -17 -18 -19 19 20 -22 -23 -24 24 -26 26 -28 28 -30 -31
leaf_value=-0.075259630096986843 -0.077540764408099719 -0.074163243053490854 -0.075856849702190102 0.0055204796321792933 -0.035435094655353876 0.25801667941530976 -0.0093838947985076353 0.16745799889985835 0.15269156738471001 0.090436379058372957 -0.04607368998380422 0.34303981038067594 0.069818910526458708 0.030199297666772002 0.036221879642248607 -0.097531900406122723 0.057913662709406059 -0.044659854435498803 -0.0087359884846993207 0.011696017697043934 0.10286187441544528 -0.10282558262470519 0.05755753202854718 -0.0021026980180510768 -0.069302929891497542 0.078351400616803749 -0.065002315340404695 -0.027645093830270945 -0.010887537699266432 0.059970362471788941
leaf_weight=2.8459381228312841 3.5086963996291178 66.545140255242586 4.9809994755778453 1728.4444528440945 7.0558638330549002 0.88922401703894127 1.4014130830764773 1.6069308407604692 2.8733759450260541 6.5427070530131441 2.7245742883533239 1.1655850610695808 7.2205643723718813 5.0536492187529793 11.394082330167295 7.6465502977371207 2.0260047547053546 14.101191361434756 18.404698695521805 40.614979060133919 5.355495609343051 5.8219990385696283 3.0741756036877623 11.36166932992637 40.55556775117293 5.7943662302568537 2.6829660846851766 10.723084875848143 56.923853339394554 21.947884975932539
leaf_count=773 103 7461 375 13219 187 20 24 25 41 51 25 21 48 48 78 40 32 123 169 318 32 41 35 95 330 61 32 71 471 164
internal_value=0.00160969 -0.062215 -0.0213216 0.00433295 -0.00253869 0.0288013 -0.00247417 0.0850776 0.00444551 -0.00209664 0.0503025 -0.00386411 -0.0105927 -0.0282076 0.00828113 -0.0174925 0.162043 0.0024739 0.0120765 0.00379611 0.0223167 -0.031347 -0.0417179 -0.0470748 -0.0545967 0.0632857 0.0329818 0.00933894 0.00446478 0.0312137
internal_weight=2101.29 85.9883 19.4431 2015.3 14.4621 7.40626 6.51704 3.00834 2012.45 284.009 9.26728 274.742 193.194 82.2773 22.2322 19.0406 3.19159 110.917 81.5479 70.1972 45.9705 24.2267 60.0451 56.9709 51.9172 11.3507 8.47733 96.8154 89.5948 32.671
internal_count=24513 8195 734 16318 359 172 152 49 15545 2326 76 2250 1556 679 171 118 53 877 694 560 350 210 508 473 425 134 93 754 706 235
is_linear=0
shrinkage=0.1


Tree=142
num_leaves=31
num_cat=0
split_feature=0 9 0 0 10 0 9 13 7 9 12 9 10 9 12 12 13 4 5 1 2 12 0 4 0 9 7 9 3 4
split_gain=37.2454 2.8456 3.17942 2.78668 1.65106 5.19856 1.49359 1.49615 2.47125 1.33176 1.46337 1.75084 4.33412 2.86683 2.71055 2.43694 2.96564 2.15236 2.14114 2.6918 1.46737 1.67674 1.33377 1.24565 1.51819 1.32304 2.61277 2.1107 1.25866 2.89453
threshold=25.500000000000004 195.60976535541758 23.500000000000004 53.500000000000007 7.5000000000000009 29.500000000000004 155.44709045780476 1.297058823529412 7.5000000000000009 278.67845138888896 11.500000000000002 318.48066603535364 1.0000000180025095e-35 311.19600000000008 2.5000000000000004 6.5000000000000009 1.297058823529412 7.5000000000000009 2.5000000000000004 1.0000000180025095e-35 1.5000000000000002 4.5000000000000009 36.500000000000007 2.5000000000000004 36.500000000000007 371.69427497789576 -6.4999999999999991 355.72262443438916 1.5000000000000002 10.500000000000002
decision_type=2 2 2 2 2 2 2 2 2 2 2 2 2 2 2 2 2 2 2 2 2 2 2 2 2 2 2 2 2 2
left_child=1 2 -1 4 5 -2 -4 8 -8 -7 11 12 13 20 18 22 17 -17 -13 -20 -11 -22 -16 24 -6 27 -27 28 29 -25
right_child=3 -3 6 -5 23 9 7 -9 -10 10 -12 14 -14 -15 15 16 -18 -19 19 -21 21 -23 -24 25 -26 26 -28 -29 -30 -31
leaf_value=-0.075839745889682578 -0.075620931364352814 -0.074143430637907876 -0.0466915611918583 -0.075156282799700491 -0.093257725646593362 -0.047976556913284729 -0.077692911012886653 0.11884392745875527 0.095746760331603786 0.089594039642931417 0.055937980452708647 -0.019715333399364186 -0.040354235178966857 0.14760446204343311 -0.051596331211463932 0.0175074260352188 0.097690117001938637 -0.10893589897319332 0.0042883048970610779 0.15880540785658448 0.051139018637178096 -0.053307331426506677 -0.14526691243436252 0.029738392452657816 0.018206085073384216 0.14176866598522911 0.008518053257306769 -0.054015477846879739 0.0045465143995255461 -0.031326554303420004
leaf_weight=6.5229274453595263 10.52806563163176 65.822862221393734 2.3576933331787586 4.4223940391093484 2.8298873323947182 5.0975375752896062 1.6610613940283658 1.9393173158168791 1.6254123505204914 3.0356467030942458 5.1952743139117947 4.4093402493745106 6.7868346758186808 2.8290130179375401 9.5617525307461637 3.2580584287643424 2.4316020365804434 2.2942197769880295 2.355721915140748 2.1622783783823252 3.4642996769398451 2.7628108039498329 1.8074549809098233 47.175722514279187 2.1506039276719093 2.0965558746829629 4.9357539145275942 6.0844154823571435 1953.3245843625627 9.2911568186245841
leaf_count=614 1022 7953 65 1601 72 54 60 33 25 24 32 34 56 24 144 41 25 24 19 24 26 23 8 357 9 22 43 51 11974 54
internal_value=0.00159107 -0.0654086 -0.0246505 0.00414083 0.00430815 -0.0110215 0.0193799 0.049189 0.00808626 0.000816422 0.00556721 1.81107e-05 0.0236011 0.0594978 -0.0157247 -0.0367514 0.00559387 -0.0347394 0.0298579 0.0782389 0.0325884 0.00479883 -0.0664879 0.00482203 -0.045127 0.00494501 0.0482443 0.00479396 0.004972 0.0196907
internal_weight=2180.22 79.9293 14.1064 2100.29 2095.87 67.9799 7.58348 5.22579 3.28647 57.4518 52.3543 47.159 18.8786 12.0918 28.2804 19.3531 7.98388 5.55228 8.92734 4.518 9.26276 6.22711 11.3692 2027.89 4.98049 2022.91 7.03231 2015.88 2009.79 56.4669
internal_count=24513 8750 797 15763 14162 1580 183 118 85 558 504 472 153 97 319 242 90 65 77 43 73 49 152 12582 81 12501 65 12436 12385 411
is_linear=0
shrinkage=0.1


Tree=143
num_leaves=31
num_cat=0
split_feature=0 0 0 4 9 13 4 13 2 1 9 7 6 9 2 8 3 3 4 11 2 7 8 8 0 4 0 9 1 4
split_gain=70.3886 6.50101 2.74259 3.86623 1.71427 2.22304 2.49047 1.68531 3.99331 4.29298 2.36123 4.97972 2.15888 5.01874 2.38664 2.53841 2.49215 2.00345 1.94948 1.59739 3.86117 3.61067 4.64843 3.67638 4.01998 4.04477 3.70077 4.31722 3.82938 3.62154
threshold=35.500000000000007 52.500000000000007 38.500000000000007 13.500000000000002 315.80716911764711 0.88194444444444453 10.500000000000002 0.84962406015037606 4.5000000000000009 2.5000000000000004 194.96185268979391 -1.4999999999999998 10.500000000000002 168.71650326797388 7.5000000000000009 0.23660287081339706 13.500000000000002 6.5000000000000009 23.500000000000004 1.5000000000000002 8.5000000000000018 -4.4999999999999991 0.15184453227931485 0.18107302533532041 46.500000000000007 18.500000000000004 48.500000000000007 215.47618055555554 2.5000000000000004 14.500000000000002
decision_type=2 2 2 2 2 2 2 2 2 2 2 2 2 2 2 2 2 2 2 2 2 2 2 2 2 2 2 2 2 2
left_child=-1 2 3 -2 19 -6 -7 18 9 10 11 -9 14 -14 -10 -16 -17 -13 -5 21 -21 22 -4 24 25 -23 28 -28 -26 -24
right_child=1 -3 4 7 5 6 -8 8 12 -11 -12 17 13 -15 15 16 -18 -19 -20 20 -22 23 29 -25 26 -27 27 -29 -30 -31
leaf_value=-0.074013979469117031 -0.076059000885474237 0.069123259651747218 0.065504707840202736 -0.063428906122750137 -0.096429768825884665 -0.082261228284372975 0.061873329517954212 0.28871284706260009 -0.05175803254261762 0.21346759943089855 -0.077410148126773909 0.10623211390789655 0.27338625823853846 -0.076962566096006532 -0.078925997944376991 0.14603275366815491 -0.020622172246863503 -0.078789016480466795 0.066820418854126803 0.0065194601991012211 0.037526271942432035 0.030486107442411377 -0.071030762087629637 0.0099514257233008982 -0.040900664784926918 -0.026356864927016173 0.080868869325555315 -0.098055456926391268 -0.17495363093155381 -0.011717624644657317
leaf_weight=123.09733258793131 9.6694259224459511 15.753901064395903 5.0069180680438867 7.1334277219139022 3.7865106593817455 1.9788483995944259 3.0411068256944418 0.8183168340474366 11.178596016950911 1.6989876218140123 1.4637255463749168 1.0455563152208958 0.80176286026835331 0.83439919725060463 1.5069134272634972 2.1114866808056836 1.5604172628372905 1.3293152889236806 1.3697834843769667 772.02425265591592 42.364812448620796 20.638429787941277 17.622051094658673 234.96853168681264 4.426750533282755 31.81612091884017 2.9865049142390481 2.4588081166148186 4.1089242994785309 24.755415486171842
leaf_count=13714 600 1918 46 259 59 64 15 26 312 36 50 20 11 30 35 26 24 34 35 4825 277 117 176 1400 23 135 55 16 22 153
internal_value=-0.00191669 0.00529722 0.0044693 -0.0204786 0.00537447 -0.0385798 0.005056 -0.00411978 0.00926468 0.0774031 0.0277625 0.0759726 -0.014804 0.0947177 -0.0257589 0.0303607 0.0752109 0.00266802 -0.042447 0.00570725 0.00813245 4.46284e-05 -0.0256162 0.00407882 -0.0166914 -0.0039918 -0.0643383 7.6345e-05 -0.105431 -0.0363821
internal_weight=1353.36 1230.26 1214.51 42.5221 1171.98 8.80647 5.01996 32.8527 24.3495 6.3559 4.65691 3.19319 17.9936 1.63616 16.3574 5.17882 3.6719 2.37487 8.50321 1163.18 814.389 348.788 47.3844 301.404 66.4355 52.4546 13.981 5.44531 8.53567 42.3775
internal_count=24513 10799 8881 1498 7383 138 79 898 604 166 130 80 438 41 397 85 50 54 294 7245 5102 2143 375 1768 368 252 116 71 45 329
is_linear=0
shrinkage=0.1


Tree=144
num_leaves=31
num_cat=0
split_feature=0 0 4 1 3 0 12 8 11 10 8 8 9 9 12 10 9 9 8 2 0 6 4 11 9 9 0 4 5 8
split_gain=78.7594 3.04737 2.58206 1.9013 1.58206 3.22771 2.7 3.26612 2.1887 3.93533 2.71965 2.81483 2.55026 2.24594 3.25067 2.11426 3.30244 3.61591 4.87958 3.63598 3.13129 3.58454 2.68034 2.49191 2.3367 4.62874 2.28964 2.23417 2.2082 3.4293
threshold=29.500000000000004 13.500000000000002 18.500000000000004 5.5000000000000009 2.5000000000000004 18.500000000000004 11.500000000000002 0.23420877659574468 5.5000000000000009 7.5000000000000009 0.33072916666666669 0.2956145966709347 355.72262443438916 384.72971014492759 3.5000000000000004 9.5000000000000018 165.88075633773312 134.65788288288292 0.21294035577258458 5.5000000000000009 25.500000000000004 4.5000000000000009 4.5000000000000009 1.0000000180025095e-35 249.61267361111115 276.33441919191927 20.500000000000004 9.5000000000000018 1.5000000000000002 0.46291208791208799
decision_type=2 2 2 2 2 2 2 2 2 2 2 2 2 2 2 2 2 2 2 2 2 2 2 2 2 2 2 2 2 2
left_child=1 -1 3 4 5 6 -3 -8 -7 10 11 12 -10 -14 -15 16 17 -6 19 -19 21 23 -23 -17 -24 -26 -20 -25 29 -18
right_child=-2 2 -4 -5 15 8 7 -9 9 -11 -12 -13 13 14 -16 20 28 18 26 -21 -22 22 24 27 25 -27 -28 -29 -30 -31
leaf_value=0.075493883213660629 -0.075663792373400054 0.052271092536944945 -0.076308863312698538 -0.062067496652446444 -0.015690703488087501 0.0050661106746419928 0.07859003551808813 -0.17927243021618988 0.047812264555698092 0.10444650432927544 0.086771599303732586 -0.081882931172155574 -0.070506965792899917 -0.054487727674584818 0.0645488731926568 -0.11149401981517662 -0.0049175583575683142 0.076642941039444135 0.052571498226271086 0.22592879245582151 -0.06042512781043307 -0.043364369518442379 0.0027381572640941994 -0.078362020655820944 0.14778814110814192 0.02031882661754043 -0.053897867859456751 -0.0032658285059954419 0.0078956808000108982 0.10405916809097278
leaf_weight=6.1623895466327658 134.0339722589124 26.033955875784162 3.8939658226445308 4.178702416829764 7.7451496105641153 277.13355649076402 0.86282923258840982 1.1404287107288835 13.3160199970007 6.0210838923230758 4.8259346652775994 3.2567526660859576 4.6069139186292878 3.947637237608431 5.4769008662551641 3.3566844817250994 264.73723741341382 4.5970044611021903 6.6661060778424126 2.5290585290640593 11.837962077930568 5.6920006126165417 13.118954667821528 5.0444857105612781 4.2708095014095298 8.555367097258566 2.8979220120236278 18.456659015268087 419.57540003908798 2.9194491300731888
leaf_count=773 13638 1242 226 45 55 1860 53 33 94 46 31 20 30 19 33 35 2074 35 45 21 459 24 98 23 19 42 46 163 3206 25
internal_value=-0.00314295 0.00536227 0.00498207 0.0052615 0.00551079 0.0111344 0.0436629 -0.0682077 0.00827168 0.0297034 0.0170014 0.0059994 0.0164651 -0.0132837 0.0146883 0.00301813 0.00465275 0.040779 0.0669841 0.129625 -0.0135218 -0.00402976 0.0187786 -0.0308969 0.0324119 0.0627631 0.020311 -0.0193851 0.00336825 -0.0037289
internal_weight=1276.89 1142.86 1136.69 1132.8 1128.62 346.622 28.0372 2.00326 318.585 41.4512 35.4302 30.6042 27.3475 14.0315 9.42454 782 711.667 24.4352 16.6901 7.12606 70.3329 58.495 31.6371 26.8578 25.9451 12.8262 9.56403 23.5011 687.232 267.657
internal_count=24513 10875 10102 9876 9831 3461 1328 86 2133 273 227 196 176 82 52 6370 5507 202 147 56 863 404 183 221 159 61 91 186 5305 2099
is_linear=0
shrinkage=0.1


Tree=145
num_leaves=31
num_cat=0
split_feature=0 0 10 9 9 11 6 7 10 9 10 0 6 0 2 12 6 0 12 0 9 1 0 4 9 10 9 12 12 9
split_gain=33.3892 3.57652 8.18266 5.17835 3.9863 5.58729 4.13114 4.90972 2.70025 1.97381 1.92107 1.55243 1.43422 1.65704 1.22178 3.21901 2.20047 2.08728 1.84222 3.57086 5.36469 2.94462 2.3808 4.81963 4.3669 4.18992 2.9879 2.75611 3.50433 5.21493
threshold=42.500000000000007 39.500000000000007 19.500000000000004 265.93608974358978 249.61267361111115 2.5000000000000004 6.5000000000000009 -8.4999999999999982 22.500000000000004 320.93597105508877 22.500000000000004 13.500000000000002 15.500000000000002 35.500000000000007 6.5000000000000009 10.500000000000002 3.5000000000000004 19.500000000000004 7.5000000000000009 34.500000000000007 151.26527126328958 3.5000000000000004 32.500000000000007 17.500000000000004 139.16703431372551 9.5000000000000018 189.05013931104364 3.5000000000000004 1.5000000000000002 180.46468456948
decision_type=2 2 2 2 2 2 2 2 2 2 2 2 2 2 2 2 2 2 2 2 2 2 2 2 2 2 2 2 2 2
left_child=1 11 9 4 6 -6 -4 -8 -5 -3 -2 -1 14 -14 -13 17 -17 -16 22 21 -21 -20 23 25 -25 -19 -26 28 -24 -30
right_child=10 2 3 8 5 -7 7 -9 -10 -11 -12 12 13 -15 15 16 -18 18 19 20 -22 -23 27 24 26 -27 -28 -29 29 -31
leaf_value=-0.075223532094589943 -0.075644030435248977 -0.076304945918735823 0.16710797816531819 -0.052644389770982694 0.29209688123132554 0.033413332291447689 0.16833956275078518 -0.058366222171187677 0.037572986887089994 0.13053517378386914 0.11909558091038581 0.0048738853579785068 0.097080159472621816 -0.0012903811946097868 0.063236301557525854 0.0034215709148896858 -0.077472611535332872 -0.0093021469822198097 -0.038480972282185381 -0.078461822035561124 0.21834267440136831 0.050019616157537784 -0.086167852487280816 -0.018437777253293645 0.089439085162626358 -0.10669271604501165 0.011065308555071561 -0.075382845375517149 0.08376221606763895 -0.086552362580316108
leaf_weight=2.4513894265983245 56.547985927667469 19.795131823047999 1.6210398254916087 10.565137254074214 1.5937818083912136 1.7536768596619365 1.1947162905707944 4.7666224050335595 4.8362478548660865 0.47236459422856469 0.51114281546324392 1857.1712360659149 3.5810479484498492 3.2815789375454187 5.0647177547216407 5.1660659015178672 9.6325835268944484 19.695553943514827 7.3381871432065982 0.87395405955612604 2.008590399287641 7.7091961875557899 3.670208457857373 12.906491138041018 11.480572041124107 5.6946933008730403 8.4406635016202909 10.128954782150684 5.7983699701726419 2.6057358356192708
leaf_count=773 6965 1270 37 173 30 35 22 138 47 10 26 14084 27 20 18 42 71 131 36 22 38 43 47 56 48 31 30 140 72 31
internal_value=0.00154445 0.00366367 -0.0237208 0.0130434 0.0656855 0.156577 0.0255589 -0.0129319 -0.0243149 -0.0714842 -0.0738995 0.00430663 0.00440498 0.0500412 0.00424643 -0.00561093 -0.0492332 0.000631353 -0.00259257 0.0263927 0.128355 0.00686036 -0.00905484 0.00157082 0.0268749 -0.0311456 0.056232 -0.0369158 -0.00464641 0.0309553
internal_weight=2088.36 2031.3 46.5987 26.3312 10.9298 3.34746 7.58238 5.96134 15.4014 20.2675 57.0591 1984.7 1982.25 6.86263 1975.39 118.215 14.7986 103.416 98.3512 17.9299 2.88254 15.0474 80.4212 58.218 32.8277 25.3902 19.9212 22.2033 12.0743 8.40411
internal_count=24513 17522 1762 482 262 65 197 160 220 1280 6991 15760 14987 47 14940 856 113 743 725 139 60 79 586 296 134 162 78 290 150 103
is_linear=0
shrinkage=0.1


Tree=146
num_leaves=31
num_cat=0
split_feature=0 9 0 0 4 0 8 8 6 6 13 8 9 9 8 11 9 5 7 7 5 7 7 4 6 6 5 10 8 8
split_gain=33.6624 2.84749 2.92388 2.39572 1.58963 4.26353 2.73086 1.58267 2.09275 3.79258 2.21259 3.94321 3.13581 2.22915 2.07802 2.32151 1.83813 1.58477 1.51548 2.23806 2.02105 3.34827 2.97735 2.9034 2.61103 3.967 5.67534 3.85102 6.192 3.73835
threshold=25.500000000000004 195.60976535541758 23.500000000000004 53.500000000000007 5.5000000000000009 30.500000000000004 0.34118625277161868 0.30079365079365078 4.5000000000000009 5.5000000000000009 1.1791443850267382 0.26726190476190476 301.53472222222229 312.54777105734769 0.19657494145199064 3.5000000000000004 280.60027777777782 3.5000000000000004 -12.499999999999998 -11.499999999999998 7.5000000000000009 -1.0000000180025095e-35 -1.4999999999999998 20.500000000000004 13.500000000000002 12.500000000000002 3.5000000000000004 18.500000000000004 0.22474489795918368 0.19478319783197831
decision_type=2 2 2 2 2 2 2 2 2 2 2 2 2 2 2 2 2 2 2 2 2 2 2 2 2 2 2 2 2 2
left_child=1 2 -1 4 5 -2 7 8 -7 -10 11 13 16 14 15 -11 -12 -16 -6 -20 24 22 -22 -23 25 -21 -27 28 29 -26
right_child=3 -3 -4 -5 18 6 -8 -9 9 10 12 -13 -14 -15 17 -17 -18 -19 19 20 21 23 -24 -25 27 26 -28 -29 -30 -31
leaf_value=-0.075778367777729588 -0.076037379735438934 -0.073963770048010177 0.017408716456191884 -0.075135358799133301 -0.033396545355957839 0.061781954468906754 0.06651763482476937 -0.043581495748257204 -0.078457870582586686 0.049468061151122275 0.032247618574060319 0.066347366123970505 -0.0069322492631909566 0.0068556515294185549 -0.024623102970880523 -0.062447109932559412 0.12091391934899963 -0.10620568849703627 0.058587401647294125 0.0054798321889611146 -0.0063221883602717624 0.013275902675602611 0.082655853281446146 -0.09422632274051862 0.045793688869627577 -0.15887420003723135 -0.015672208114324456 -0.0011605116331701564 0.10724300984454355 -0.08892561292046941
leaf_weight=5.995394562603904 8.5688809570856375 60.57398626441136 7.6803491935133934 3.8323755655437699 10.44618184212595 4.8910193517804137 5.4436772111803284 10.143080417066811 6.4982890058308831 3.5442291386425557 5.4668276254087704 5.2684815861284724 11.781141594052313 11.470695029012857 3.632046811282633 3.8854339998215437 4.0852799955755472 6.913138659670949 7.7036417517811051 1793.3944113231264 90.899149301927537 3.6999568319879454 3.9229629784822455 7.8267319579608738 5.7218888550996798 2.9925424400717011 36.808639072813094 19.881856089923531 11.995227878913282 3.2183059826493263
leaf_count=614 579 7953 183 1601 68 41 41 73 37 22 37 35 83 87 20 21 21 37 51 11729 520 31 22 72 45 17 244 121 79 29
internal_value=0.00151087 -0.0646588 -0.0234442 0.00385721 0.00400205 -0.00888009 -0.00194875 -0.00675296 -0.00121361 -0.00613982 0.00224496 -0.0133308 0.0275902 -0.0275871 -0.0495668 -0.00905936 0.0701687 -0.0781064 0.00459244 0.00479205 0.00458278 -0.00882746 -0.00264101 -0.0597191 0.0053438 0.00478683 -0.0264392 0.0303589 0.0602921 -0.00270279
internal_weight=2168.19 74.2497 13.6757 2093.94 2090.1 91.5922 83.0233 77.5797 67.4366 62.5456 56.0473 34.714 21.3332 29.4455 17.9748 7.42966 9.55211 10.5452 1998.51 1988.07 1980.36 106.349 94.8221 11.5267 1874.01 1833.2 39.8012 40.8173 20.9354 8.94019
internal_count=24513 8750 797 15763 14162 1134 555 514 441 400 363 222 141 187 100 43 58 57 13028 12960 12909 645 542 103 12264 11990 261 274 153 74
is_linear=0
shrinkage=0.1


Tree=147
num_leaves=31
num_cat=0
split_feature=0 0 9 0 10 8 2 2 1 12 9 13 8 1 5 11 1 7 6 8 6 8 12 9 10 10 8 8 8 7
split_gain=64.3212 5.58134 2.38642 1.89382 3.08358 1.89362 2.59822 1.84187 3.69174 2.61064 2.97583 2.14755 3.7815 2.99975 2.68725 2.97637 1.76618 1.47553 2.45062 4.92753 3.42697 2.44073 3.94195 2.41586 2.50546 2.3932 3.36886 2.61736 1.81476 2.52655
threshold=35.500000000000007 52.500000000000007 315.80716911764711 38.500000000000007 13.500000000000002 0.1575187969924812 3.5000000000000004 4.5000000000000009 2.5000000000000004 1.5000000000000002 146.56632876167762 1.1339285714285716 0.23660287081339706 4.5000000000000009 2.5000000000000004 2.5000000000000004 1.5000000000000002 6.5000000000000009 4.5000000000000009 0.23420877659574468 1.5000000000000002 0.28867521367521365 4.5000000000000009 210.71807503506315 17.500000000000004 15.500000000000002 0.24467120181405894 0.25472370766488417 0.22474489795918368 9.5000000000000018
decision_type=2 2 2 2 2 2 2 2 2 2 2 2 2 2 2 2 2 2 2 2 2 2 2 2 2 2 2 2 2 2
left_child=-1 2 3 4 7 6 -6 8 9 -2 -11 -9 -13 14 -14 -16 -4 -5 19 20 -19 23 -23 24 -20 26 -21 -28 29 -22
right_child=1 -3 16 17 5 -7 -8 11 -10 10 -12 12 13 -15 15 -17 -18 18 21 25 28 22 -24 -25 -26 -27 27 -29 -30 -31
leaf_value=-0.073831827288902044 0.19139939111412285 0.068145488499894491 -0.075393964419493822 0.0038227949596603204 -0.076307637106755255 -0.062691732814071019 0.18552504283925675 -0.061954786883005458 0.18477169376355987 0.11716582253491448 -0.041671959307442955 -0.0785737177014834 0.20309126031959732 -0.042914865774763875 -0.078959064252172653 0.14673984535867846 0.010842720211637402 0.066167976446122198 0.035810668955596765 0.094662135676581494 -0.041367225485704123 0.03958078486132717 -0.060903056411969775 -0.028585263933745293 0.1121080346816552 0.089803392741778551 -0.078391723449257961 0.015856843366256927 -0.077595959641339446 0.01661912840050558
leaf_weight=113.62577420356683 0.7387020047754066 13.762082995381204 6.5122874858789128 1000.8094212533906 0.75641420669853576 14.217301860451697 0.75955412536859512 6.0485186586156479 1.4945708513259885 1.5151661802083252 5.3243135623633862 2.8935559131205064 1.7411513384431598 1.9067121390253303 1.1174313966184857 1.2246354790404437 3.738190540112555 4.0802253149449816 50.951583806425333 4.912367144599556 20.760070461779833 8.2206869516521675 7.4350402839481822 5.269804321229457 4.7010739371180525 5.3718721847981206 3.3226841762661961 26.028854329138994 6.6817344389855853 11.776594677940009
leaf_count=13714 20 1918 199 6279 43 713 25 173 33 27 169 77 30 30 25 18 54 23 332 24 118 49 38 39 47 39 15 142 33 67
internal_value=-0.00185991 0.00482095 0.00410091 0.0045113 -0.0169549 -0.0513632 0.0548799 0.00559715 0.0411333 0.0128049 -0.00648425 -0.0159948 0.0152981 0.0606447 0.109003 0.0390559 -0.0439448 0.00524646 0.0141788 0.00226838 -0.021053 0.0270777 -0.00813986 0.0361279 0.0422556 0.0277449 0.0180155 0.00518762 -0.0301273 -0.0203792
internal_weight=1337.7 1224.07 1210.31 1200.06 39.738 15.7333 1.51597 24.0048 9.07275 7.57818 6.83948 14.932 8.88349 5.98993 4.08322 2.34207 10.2505 1160.32 159.513 82.9344 43.2986 76.5782 15.6557 60.9225 55.6527 39.6358 34.2639 29.3515 39.2184 32.5367
internal_count=24513 10799 8881 8628 1383 781 68 602 249 216 196 353 180 103 73 43 253 7245 966 461 241 505 87 418 379 220 181 157 218 185
is_linear=0
shrinkage=0.1


Tree=148
num_leaves=31
num_cat=0
split_feature=0 0 4 10 0 6 10 0 7 7 12 9 9 9 2 6 0 0 1 8 8 7 13 13 11 8 7 8 1 11
split_gain=72.3405 2.65325 2.3609 1.69111 8.43389 2.18446 2.09001 4.5696 2.92131 2.42245 5.49803 1.94541 6.21979 4.34979 3.13262 2.8424 2.29762 2.03732 1.86595 1.85074 1.76244 1.69736 6.87356 1.89182 2.91699 1.67569 1.4839 2.76021 5.61823 3.19119
threshold=29.500000000000004 13.500000000000002 18.500000000000004 7.5000000000000009 19.500000000000004 10.500000000000002 22.500000000000004 23.500000000000004 -9.4999999999999982 -2.4999999999999996 3.5000000000000004 294.0160294117648 312.54777105734769 287.21704857030949 1.0000000180025095e-35 7.5000000000000009 25.500000000000004 24.500000000000004 1.0000000180025095e-35 0.27100988700564976 0.17817460317460312 8.5000000000000018 1.1791443850267382 0.21111111111111114 2.5000000000000004 0.19657494145199064 1.0000000180025095e-35 0.24807692307692308 2.5000000000000004 1.0000000180025095e-35
decision_type=2 2 2 2 2 2 2 2 2 2 2 2 2 2 2 2 2 2 2 2 2 2 2 2 2 2 2 2 2 2
left_child=1 -1 3 4 5 -3 7 26 -9 11 -11 13 20 16 17 18 25 -14 -16 -17 -13 23 -23 24 -10 -8 27 28 -5 -29
right_child=-2 2 -4 6 -6 -7 9 8 21 10 -12 12 14 -15 15 19 -18 -19 -20 -21 -22 22 -24 -25 -26 -27 -28 29 -30 -31
leaf_value=0.075425155422387022 -0.075614094900101986 0.055148018270538772 -0.076214022035758625 -0.03956440367213046 0.0050693448987393606 -0.18484184828340899 0.082673825581722982 0.054899865604196435 0.090069782176461111 -0.066695595004558211 0.1077225562065874 -0.16424662324297648 0.014981434434561781 0.15606293523896222 -0.0019457817290191798 -0.013207690247303373 -0.078974509464417003 0.1040295669468838 -0.10936381574127366 0.084386594125983108 -0.05449413584540011 -0.076712902744273337 0.26086181815086984 -0.059637285026611843 -0.065964060893536056 -0.0016395426889309662 0.0057489173019108003 -0.06340893823129265 0.095543862496300619 0.019865602109220597
leaf_weight=5.3137645898386827 123.6463508468587 38.616750233341008 3.6037108609452835 37.985752796754241 734.64277395047247 0.38304007239639659 4.0372045114636403 3.2655209018848828 2.2811785377562037 2.4302133582532388 7.0505395252257586 2.3570836558938053 5.319690980017187 2.5584515910595647 2.8559174407273522 4.8766569364815933 2.2372149201109996 4.9693322461098433 3.7281883396208286 3.2301697731018066 3.8578644152730703 1.8828748287633055 0.88747174479067314 28.95605852175504 2.5234973728656769 5.664744108915329 178.75364716723561 5.3309154324233523 3.3491293452680102 33.646332344040275
leaf_count=773 13638 2864 226 234 4152 22 18 33 28 21 56 20 26 19 21 35 56 40 26 23 35 81 33 823 22 27 903 34 16 208
internal_value=-0.00297403 0.00492823 0.0045971 0.00485535 0.00747502 0.0527909 -0.000869191 -0.00417045 -0.0357194 0.017013 0.0630137 0.00746835 -0.00659826 0.0377359 0.0156742 -0.0139618 0.0123795 0.0579894 -0.0627702 0.0256788 -0.0961189 -0.0438199 0.0314281 -0.0499946 0.00811816 0.0334452 0.000675975 -0.0106151 -0.0286174 0.00847615
internal_weight=1260.24 1136.6 1131.28 1127.68 773.643 38.9998 354.036 298.862 39.7966 55.1733 9.48075 45.6925 31.1949 14.4976 24.98 14.6909 11.9392 10.289 6.58411 8.10683 6.21495 36.5311 2.77035 33.7607 4.80468 9.70195 259.066 80.3121 41.3349 38.9772
internal_count=24513 10875 10102 9876 7038 2886 2838 2415 1020 423 77 346 226 120 171 105 101 66 47 58 55 987 114 873 50 45 1395 492 250 242
is_linear=0
shrinkage=0.1


Tree=149
num_leaves=31
num_cat=0
split_feature=0 0 10 9 8 6 11 12 7 12 1 11 4 10 13 8 6 9 7 0 9 2 4 9 13 13 9 9 12 0
split_gain=30.4974 3.17097 7.51339 4.20748 2.98443 3.04601 2.87142 2.32555 2.16191 4.23994 3.67957 2.14254 1.92518 1.90491 1.74826 1.51397 1.57597 1.84598 1.28471 4.49928 2.61785 2.43689 3.02591 5.54675 3.35145 3.15812 3.45883 2.62402 3.72227 5.97467
threshold=42.500000000000007 39.500000000000007 19.500000000000004 285.00504385964916 0.26120401337792648 7.5000000000000009 1.0000000180025095e-35 4.5000000000000009 -5.4999999999999991 9.5000000000000018 1.0000000180025095e-35 1.5000000000000002 5.5000000000000009 1.0000000180025095e-35 1.420168067226891 1.0000000180025095e-35 4.5000000000000009 210.12683215130025 1.0000000180025095e-35 36.500000000000007 304.0131313131314 2.5000000000000004 16.500000000000004 176.7741666666667 0.78888888888888908 1.1791443850267382 162.93484848484852 207.47829861111114 1.5000000000000002 26.500000000000004
decision_type=2 2 2 2 2 2 2 2 2 2 2 2 2 2 2 2 2 2 2 2 2 2 2 2 2 2 2 2 2 2
left_child=1 15 13 4 5 7 -5 -4 9 10 -7 -6 -2 -3 -12 16 -1 -18 21 -20 -21 27 24 25 -23 -24 -27 28 29 -17
right_child=12 2 3 6 11 8 -8 -9 -10 -11 14 -13 -14 -15 -16 18 17 -19 19 20 -22 22 23 -25 -26 26 -28 -29 -30 -31
leaf_value=-0.035856044860684645 0.1199832377339442 0.12483227687752839 0.054278284691811063 0.077396724288789395 0.07983277746077759 0.19985124095177409 -0.060103860748146248 0.22039269472159104 -0.040560678525960542 -0.081140230532606869 0.1068333272889006 -0.078174651893016034 -0.075598067193753324 -0.076221492978288785 -0.079755654083570424 0.074595956696536986 -0.48495731154911215 -0.076409083509440923 0.0024257169880527079 -0.047489347128629573 0.090678562539059759 0.13061116230446468 -0.023046820605547236 -0.079981484835995376 0.017107239784909644 0.011866726322642003 0.15706634005539558 0.0026259497820429107 0.039293189573411193 -0.14830862220079274
leaf_weight=1.8727754154242569 0.50819919421337445 0.48367680609226482 1.4803467849269538 1.8293158672749985 1.235309014096855 2.4621807150542718 8.9459758568555099 1.9567877277731893 2.5125201526097953 1.4072530977427957 1.0495632244274022 2.8109434144571424 52.093166096834466 18.340216180775315 0.96278157830238331 2.094826440094038 0.1865636184811591 0.27160522597841918 792.35589524148963 24.620146116241816 1.4521752391010512 2.6313197687268248 8.3259890154004115 9.1871625538915378 228.97379595297389 4.2100910041481248 2.6880657635629177 860.08199759712443 36.683295469032601 2.8228496760129929
leaf_count=71 25 9 29 18 29 39 121 27 65 24 23 89 6966 1271 18 24 2 43 5127 707 7 24 72 106 1576 29 21 7602 329 20
internal_value=0.00146443 0.00341815 -0.0226894 0.0114696 0.0442006 0.0695545 -0.0367605 0.148849 0.0370867 0.0702553 0.11787 -0.0299354 -0.0737085 -0.0710554 0.0175621 0.00401825 -0.0765264 -0.242767 0.00411326 0.00108075 -0.0397937 0.00625708 0.0148673 -0.0186195 0.0183968 0.01841 0.0684479 0.00381237 0.0283411 -0.053356
internal_weight=2076.54 2023.94 45.4769 26.653 15.8777 11.8314 10.7753 3.43713 8.3943 5.88178 4.47453 4.04625 52.6014 18.8239 2.01234 1978.46 2.33094 0.458169 1976.13 818.428 26.0723 1157.7 256.016 24.4113 231.605 15.2241 6.89816 901.683 41.601 4.91768
internal_count=24513 17522 1762 482 343 225 139 56 169 104 80 118 6991 1280 41 15760 116 45 15644 5841 714 9803 1828 228 1600 122 50 7975 373 44
is_linear=0
shrinkage=0.1


Tree=150
num_leaves=31
num_cat=0
split_feature=0 10 0 0 3 4 4 1 8 8 8 8 10 6 11 8 0 13 12 9 7 12 7 8 2 13 11 5 8 9
split_gain=30.5782 2.19191 6.34868 2.0858 1.91282 1.2878 1.35781 1.77629 2.55939 2.91981 2.04935 1.77598 1.96635 2.31538 1.53139 1.57326 1.61198 1.47678 3.20988 1.39875 1.20701 4.20377 2.90123 2.75107 3.39469 2.61663 2.57334 2.15853 2.11854 1.84917
threshold=24.500000000000004 7.5000000000000009 29.500000000000004 53.500000000000007 12.500000000000002 4.5000000000000009 8.5000000000000018 1.0000000180025095e-35 0.23294573643410851 0.27823315118397091 0.30267794221282596 0.17047223663725999 1.0000000180025095e-35 4.5000000000000009 5.5000000000000009 0.14670014347202293 36.500000000000007 1.4833333333333336 4.5000000000000009 323.47114845938387 11.500000000000002 10.500000000000002 9.5000000000000018 0.26120401337792648 8.5000000000000018 1.3508771929824563 4.5000000000000009 1.0000000180025095e-35 0.20794025157232701 156.74375000000003
decision_type=2 2 2 2 2 2 2 2 2 2 2 2 2 2 2 2 2 2 2 2 2 2 2 2 2 2 2 2 2 2
left_child=4 2 -2 20 -1 -4 7 11 17 -10 -11 -7 13 -13 15 -8 -17 18 -9 -15 22 23 -3 24 28 29 -26 -25 -22 -24
right_child=1 3 5 -5 -6 6 14 8 9 10 -12 12 -14 19 -16 16 -18 -19 -20 -21 21 -23 25 27 26 -27 -28 -29 -30 -31
leaf_value=-0.072228900340164895 -0.075574578687407162 0.0045192279688837083 -0.080438837173331196 -0.075117342892412578 0.042843664773449752 -0.091898554361269105 0.033127600344394249 0.11409216449220703 -0.082063134703956417 0.1188753086880579 -0.011259765434376538 0.12600824174461744 -0.052685411863443311 0.056963814701586304 0.050274874099324018 -0.060603715278051855 0.0092738760909597383 0.11995806105318595 -0.0081726657339028039 -0.060399519982867945 -0.001996886021995947 0.10100679836072456 0.011340184146611407 -0.020651725264147106 0.068792203605180749 -0.075618145463012487 -0.037274587781655509 0.07349021334597694 -0.082019429763805204 -0.024772967718316653
leaf_weight=57.869609797955491 13.49588747974485 1916.6121172748972 1.8919512974098314 3.3238993820268652 1.4815227920189489 2.3515668269246808 3.6655104141682449 3.6473271921277064 3.2680605351924878 1.9712821841239927 3.1339830365031958 2.0593524891883117 3.7035260256379843 1.9510484151542185 3.058330036699771 10.997182188555596 4.7174253687262526 3.3603015616536132 5.2209735102951527 2.1177317705005407 6.1760114803910273 5.6775031099095932 23.90496849315241 3.3841579966247073 6.6001242720521969 6.7966284696012726 3.5005544708110392 8.6883954787626845 7.1251384322531521 34.850013803690672
leaf_count=8098 1407 12165 60 1601 27 33 23 29 48 20 35 16 40 19 21 107 23 23 34 27 35 34 150 18 43 41 24 52 42 218
internal_value=0.00142701 0.00343015 -0.0138894 0.00403359 -0.0693565 0.000686245 0.00346558 0.0164378 0.0343375 -0.00825699 0.0389889 -0.0138307 0.00484178 0.0396082 -0.0154884 -0.0258663 -0.0396269 0.0635034 0.042112 -0.00412183 0.00416362 0.0211148 0.0038117 0.00832844 -0.0116733 -0.0168753 0.032033 0.0471005 -0.0448632 -0.01008
internal_weight=2156.6 2097.25 70.6114 2026.64 59.3511 57.1156 55.2236 32.7852 20.6019 8.37333 5.10527 12.1832 9.83166 6.12813 22.4384 19.3801 15.7146 12.2286 8.8683 4.06878 2023.32 41.1519 1982.16 35.4744 23.4018 65.5516 10.1007 12.0726 13.3011 58.755
internal_count=24513 16388 1965 14423 8125 558 498 324 189 103 55 135 102 62 174 153 130 86 63 46 12822 248 12574 214 144 409 67 70 77 368
is_linear=0
shrinkage=0.1


Tree=151
num_leaves=31
num_cat=0
split_feature=0 0 10 0 0 8 4 2 13 6 1 8 5 5 12 7 9 6 13 4 5 9 9 4 12 13 8 2 9 8
split_gain=58.8647 4.84587 2.26231 9.78976 2.50285 2.57566 2.56025 3.91485 3.71366 5.8256 3.13801 2.95465 4.43423 1.62571 1.63658 1.60296 1.55341 4.78409 4.32389 4.31255 4.0138 5.7522 4.68736 4.02292 3.56981 4.45422 3.52903 3.36839 4.90552 3.29303
threshold=35.500000000000007 53.500000000000007 19.500000000000004 41.500000000000007 49.500000000000007 0.35781671159029654 20.500000000000004 3.5000000000000004 0.94987468671679209 8.5000000000000018 4.5000000000000009 0.18808962264150944 4.5000000000000009 8.5000000000000018 4.5000000000000009 -4.4999999999999991 213.44747822504709 10.500000000000002 0.75595238095238104 18.500000000000004 4.5000000000000009 255.71382275132285 269.02765476190484 17.500000000000004 10.500000000000002 0.78888888888888908 0.19657494145199064 2.5000000000000004 233.93433035714287 0.28918128654970759
decision_type=2 2 2 2 2 2 2 2 2 2 2 2 2 2 2 2 2 2 2 2 2 2 2 2 2 2 2 2 2 2
left_child=-1 2 4 -4 16 6 7 -6 9 -9 11 12 -10 -5 -15 -8 -2 20 27 26 22 23 24 -22 -18 -26 -20 28 -19 -24
right_child=1 -3 3 13 5 -7 15 8 10 -11 -12 -13 -14 14 -16 -17 17 18 19 -21 21 -23 29 -25 25 -27 -28 -29 -30 -31
leaf_value=-0.073643464238526066 0.0024648195238792933 0.075338917567709593 -0.076357801230006364 -0.0010810062654587707 0.077414506018122428 -0.13018867451964922 -0.10161953922845531 0.015299673416703276 -0.2295798852938635 -0.26105261588431111 -0.18321937286084736 0.061755865690926941 0.077829807462980904 -0.0047119948340298987 0.081893232542726596 0.070398265660941345 0.010444932168448381 -0.071043034510617595 -0.095035482525479442 0.018252181716640128 -0.00041040811053037838 0.10321954973985631 -0.058954183863377418 0.060894677554319848 -0.014234826183973637 0.10278887509285964 -0.024866577034834553 0.09104100056303932 0.070408228692879785 0.066848795158029925
leaf_weight=104.97318353725132 729.38955603539944 9.5540268872864527 17.967598357703537 168.06108997808769 5.781013146974149 0.95360144367441435 0.56063001602888363 1.5820763092488044 0.97363566886633257 1.4730419544503091 0.76767502631992179 6.1808160487562418 0.90572667773813009 3.963242896832524 4.8547498239204288 16.062080034986138 98.378881405107677 5.1198665359988791 10.459881382063029 14.599043410271404 25.520781639032066 12.078121578320859 13.858244075439872 18.436980891041458 4.8984259944409123 9.680177688598631 22.770796475932002 6.1545686433091751 4.7045724904164672 2.4483156111091366
leaf_count=13714 4211 1601 984 1258 176 21 23 38 24 36 24 172 24 29 29 716 581 27 57 72 136 71 112 97 29 58 110 34 28 21
internal_value=-0.00179157 0.00440027 0.00383949 -0.00602907 0.00573629 0.031919 0.0364277 0.00991917 -0.022917 -0.117945 0.00997004 0.02837 -0.081429 0.00111501 0.0429686 0.0645967 0.00479333 0.0116112 -0.0120046 -0.0270507 0.0197434 0.0420969 0.0100532 0.0253025 0.0172883 0.0634688 -0.0469533 0.0330326 -0.00330708 -0.0400657
internal_weight=1323.11 1218.14 1208.59 194.847 1013.74 35.2403 34.2867 17.664 11.883 3.05512 8.82785 8.06018 1.87936 176.879 8.81799 16.6227 978.498 249.109 63.8087 47.8297 185.3 56.0359 129.264 43.9578 112.957 14.5786 33.2307 15.979 9.82444 16.3066
internal_count=24513 10799 9198 2300 6898 1254 1233 494 318 74 244 220 48 1316 58 739 5644 1433 328 239 1105 304 801 233 668 87 167 89 55 133
is_linear=0
shrinkage=0.1


Tree=152
num_leaves=31
num_cat=0
split_feature=0 0 4 1 2 12 6 7 7 8 11 9 9 9 3 9 1 7 10 8 12 10 10 9 8 12 11 12 2 9
split_gain=66.4609 2.38407 2.16416 1.65628 1.25302 2.53616 3.62855 3.30548 5.50762 5.49638 3.79502 3.73288 3.17115 5.56955 3.84902 2.91231 2.77378 3.50112 3.25328 3.05521 4.50027 2.76752 2.65277 2.46448 2.41468 2.37393 3.03444 2.35158 2.33298 2.32426
threshold=29.500000000000004 13.500000000000002 18.500000000000004 5.5000000000000009 1.5000000000000002 5.5000000000000009 1.0000000180025095e-35 -1.0000000180025095e-35 -3.4999999999999996 0.34833164812942369 2.5000000000000004 410.52061403508782 354.06578947368428 286.16530388471193 1.0000000180025095e-35 296.36007168458792 1.0000000180025095e-35 -1.4999999999999998 5.5000000000000009 0.22016949152542373 11.500000000000002 6.5000000000000009 1.5000000000000002 406.13259259259263 0.22684391080617491 8.5000000000000018 5.5000000000000009 7.5000000000000009 1.0000000180025095e-35 340.02687500000008
decision_type=2 2 2 2 2 2 2 2 2 2 2 2 2 2 2 2 2 2 2 2 2 2 2 2 2 2 2 2 2 2
left_child=1 -1 3 4 5 6 -3 8 12 11 16 -9 13 21 -14 -15 19 18 -18 -10 -21 22 -7 -16 -25 26 -12 -28 -23 -17
right_child=-2 2 -4 -5 -6 7 -8 9 10 -11 25 -13 14 15 23 29 17 -19 -20 20 -22 28 -24 24 -26 -27 27 -29 -30 -31
leaf_value=0.075379388533381608 -0.0755686137185759 0.11385026727095998 -0.076124738352060989 -0.059576499444029256 0.0017397226235904087 -0.047540031191573337 0.013309282353453401 -0.023753306763046211 -0.05315202153207136 0.1140292746505002 0.004892492720211983 -0.14467754451799072 0.032003217383087687 0.1028868798553587 -0.07252074574239134 -0.00064309768483608208 0.14018467756932451 -0.039860063860825024 -0.0053077587515105318 -0.0066228991383178101 0.13688540816627556 -0.088701165725743339 -0.17927768512587461 0.067987836546437946 -0.058945107803277469 0.069228856458537061 0.21191603333317791 0.017553454431944806 0.063714745967634642 0.065456206509123774
leaf_weight=4.7307725227437905 114.01277436362579 3.6358733037486664 3.3408521772362283 4.0220394004136315 625.55630915798247 3.7569902958348376 282.1043599951081 43.505137846339494 11.169604755006732 2.7758867908269158 16.188092715572569 2.7119325939565888 6.4853165247477618 4.0708779310807577 18.651578779332343 25.536489745602012 4.4101324640214443 3.0293793594464642 2.3589457487687469 15.85541927535087 2.5344583643600336 1.659689789637923 2.5770266996696591 2.8441869262605897 3.1680065784603357 21.973311166744679 1.362114565446972 1.1464020190760493 2.5430548060685396 6.7195771606639019
leaf_count=773 13638 42 226 45 5207 26 2657 389 103 32 148 35 56 31 135 216 41 38 24 128 26 18 38 33 29 246 27 17 34 55
internal_value=-0.00280056 0.00453871 0.004241 0.00448022 0.0047106 0.00848201 0.0145886 5.39059e-05 0.00708915 -0.0226403 0.0255206 -0.0308489 -0.0118184 0.00461889 -0.0365482 0.0231854 0.00338421 0.0494936 0.0894822 -0.0119003 0.0131551 -0.0593918 -0.101138 -0.0545738 0.00110303 0.0469429 0.0207512 0.123092 0.00352476 0.0131267
internal_weight=1244.44 1130.42 1125.69 1122.35 1118.33 492.774 285.74 207.034 158.041 48.993 80.0279 46.2171 78.0128 46.8637 31.1491 36.3269 39.3579 9.79846 6.76908 29.5595 18.3899 10.5368 6.33402 24.6638 6.01219 40.6699 18.6966 2.50852 4.20274 32.2561
internal_count=24513 10875 10102 9876 9831 4624 2699 1925 1469 456 798 424 671 418 253 302 360 103 65 257 154 116 64 197 62 438 192 44 52 271
is_linear=0
shrinkage=0.1


Tree=153
num_leaves=31
num_cat=0
split_feature=0 0 10 9 8 13 4 10 1 3 12 10 9 8 9 4 6 1 12 0 9 2 5 0 8 7 1 13 9 9
split_gain=27.8023 2.77681 6.95137 3.62045 2.99606 2.73493 2.41609 2.34236 1.94205 1.80679 2.15336 1.76318 1.72678 1.28954 2.43574 1.24979 1.20646 1.12248 2.38501 2.63319 2.61406 1.80143 2.88741 3.38686 2.16281 1.65718 1.47055 2.91114 3.71487 1.80366
threshold=42.500000000000007 39.500000000000007 19.500000000000004 265.93608974358978 0.26120401337792648 0.32051282051282054 14.500000000000002 22.500000000000004 1.5000000000000002 2.5000000000000004 5.5000000000000009 22.500000000000004 320.93597105508877 1.0000000180025095e-35 166.86956018518524 7.5000000000000009 16.500000000000004 5.5000000000000009 2.5000000000000004 31.500000000000004 159.91745267072346 6.5000000000000009 4.5000000000000009 28.500000000000004 0.24106002554278419 13.500000000000002 4.5000000000000009 1.4833333333333336 158.94392883686365 130.06276709401712
decision_type=2 2 2 2 2 2 2 2 2 2 2 2 2 2 2 2 2 2 2 2 2 2 2 2 2 2 2 2 2 2
left_child=1 13 12 4 5 -4 8 -5 9 -7 -11 -2 -3 14 -1 -6 17 21 20 -20 -19 26 25 -24 -25 -23 29 28 -28 -15
right_child=11 2 3 7 15 6 -8 -9 -10 10 -12 -13 -14 16 -16 -17 -18 18 19 -21 -22 22 23 24 -26 -27 27 -29 -30 -31
leaf_value=-0.40253380688266249 -0.075557346539254167 -0.076126280634724069 0.20788651438638223 -0.050556224203623351 0.08827725430798497 0.11100709062540766 -0.077392390283545998 0.033683295019639951 0.17726807542770384 -0.080108001019451092 0.10101370823119984 0.10408697749794299 0.10839557376159684 0.025572860138700387 -0.039145037695037688 -0.078012833469509685 0.057390993691187643 0.020053177388953035 0.035584850263553798 -0.053254480045456555 0.15708135521629246 -2.2828420831477913e-05 -0.15209237099888148 -0.075218877522155281 0.029195498604612492 -0.054969624785349058 -0.086409774067564379 -0.098636792309106491 0.03443648408808244 0.0039567833719504472
leaf_weight=0.20213960111141149 47.870590824168175 16.976778766140345 1.3832233371213094 9.9274396840482932 0.57659379765391294 2.4843272306025028 1.1667528594844041 4.9450000990182152 1.5361573984846471 1.6239499533548953 1.1017384016886351 0.55265564657747646 0.52277239877730508 39.451817882945761 2.108207055949606 2.0910211382433772 4.1941004302352658 3.0539454575628069 10.066950529813765 4.9901673393324009 2.5585145615041256 81.639897217974067 2.8482542932033521 4.1245252778753638 3.8221656661480665 5.8845106754451981 3.6103196684271124 4.1005250196903935 8.6107118213549239 1790.2326557425549
leaf_count=1 6965 1270 28 173 8 24 49 47 20 29 22 26 10 251 115 82 26 23 53 64 18 588 10 47 34 35 24 21 64 14386
internal_value=0.00137174 0.00317043 -0.0215791 0.010396 0.0513482 0.0781554 0.0554777 -0.0225471 0.0784577 0.0493237 -0.0068976 -0.0735071 -0.070614 0.00372701 -0.0709391 -0.0420699 0.00381461 0.00370026 0.026881 0.00614209 0.0825193 0.00345383 -0.00973545 -0.058532 -0.0249981 -0.00371706 0.0041563 -0.0257271 -0.00126374 0.00442287
internal_weight=2064.26 2015.84 44.3358 26.8362 11.9638 9.29615 7.91293 14.8724 6.74617 5.21002 2.72569 48.4232 17.4996 1971.5 2.31035 2.66761 1969.19 1964.99 20.6696 15.0571 5.61246 1944.33 98.3194 10.7949 7.94669 87.5244 1846.01 16.3216 12.221 1829.68
internal_count=24513 17522 1762 482 262 172 144 220 95 75 51 6991 1280 15760 116 90 15644 15618 158 117 41 15460 714 91 81 623 14746 109 88 14637
is_linear=0
shrinkage=0.1


Tree=154
num_leaves=31
num_cat=0
split_feature=0 10 0 3 0 9 9 13 7 12 12 11 4 8 4 4 8 11 7 4 0 9 13 2 13 8 9 8 8 9
split_gain=27.6893 1.85795 5.96213 1.80623 1.781 1.15459 1.33927 2.07542 1.85733 2.06138 1.44344 2.3205 2.65056 2.23667 3.67188 3.76363 2.2869 2.02222 1.56817 1.12292 3.45014 2.39911 4.78781 2.25344 2.60277 2.25745 2.87169 2.87025 3.9501 4.83797
threshold=24.500000000000004 7.5000000000000009 29.500000000000004 12.500000000000002 53.500000000000007 278.67845138888896 298.37471064814821 1.1339285714285716 2.5000000000000004 11.500000000000002 2.5000000000000004 4.5000000000000009 8.5000000000000018 0.26365441906653431 8.5000000000000018 6.5000000000000009 0.21103238866396759 4.5000000000000009 -2.4999999999999996 7.5000000000000009 30.500000000000004 327.30582908885123 0.94987468671679209 3.5000000000000004 1.1791443850267382 0.33072916666666669 312.54777105734769 0.29128787878787882 0.2561121049493143 269.02765476190484
decision_type=2 2 2 2 2 2 2 2 2 2 2 2 2 2 2 2 2 2 2 2 2 2 2 2 2 2 2 2 2 2
left_child=3 2 -2 -1 19 -4 7 -7 9 10 17 13 -13 14 15 16 -12 18 -8 20 -3 -21 -23 24 25 27 -27 28 -22 -30
right_child=1 4 5 -5 -6 6 8 -9 -10 -11 11 12 -14 -15 -16 -17 -18 -19 -20 21 23 22 -24 -25 -26 26 -28 -29 29 -31
leaf_value=-0.071887301435211534 -0.075530259797547419 -0.06482715884329221 -0.04542307666006954 0.038512843277216352 -0.075100995024398931 0.084106353642983314 0.040348336262837833 -0.020250412143972926 -0.085177503422448647 0.074216225707713329 -0.09609150982029685 -0.094206676469317158 0.022455862407914348 -0.053726945953762484 -0.043004874251019141 0.12079387077747741 0.082482963766824638 0.10598557212307765 -0.046189479985693352 0.004225669791908567 -0.016489636508777432 0.10382992590468097 -0.003859878071851312 -0.077123583770860538 0.01803640696171549 0.080559865054178115 -0.037916049989986364 -0.059720690402462945 -0.078387734361052452 0.065426911512957153
leaf_weight=53.299287072848529 12.474277723114936 8.7916813227348012 4.9269639849662772 1.5243302965536702 2.8620262225158504 4.8289378229528657 4.9398498535156241 3.1481773313134909 2.5083689317107192 3.7428207583725444 1.7166452705860193 6.1819272898137552 2.8431730773299932 4.724816493690013 4.7249931357800961 5.0319241266697645 1.2317061740905044 2.4931072499603024 3.6348597407340995 1822.6665303208865 70.110448625870049 7.2027945294976261 9.6724784625694138 3.759784720838069 58.871889067813754 5.9184739515185338 3.1266785077750683 11.419954083859919 2.8634829670190802 12.774375190958379
leaf_count=8098 1407 497 54 27 1601 38 43 24 18 24 21 85 22 79 38 34 24 19 35 11200 402 49 67 20 359 35 20 67 17 89
internal_value=0.00133544 0.00317637 -0.0129414 -0.0688177 0.00372813 0.000833769 0.00523763 0.0429218 -0.00162968 0.00344882 -0.00361004 -0.0162961 -0.0574545 0.00501533 0.0268603 0.0682264 -0.0214901 0.0267131 0.00366455 0.00383997 -0.00375264 0.00457316 0.0421049 -0.000572524 0.00117091 -0.00817728 0.0396058 -0.0126253 -0.00635313 0.0390927
internal_weight=2144.02 2089.19 69.1525 54.8236 2020.04 56.6783 51.7513 7.97712 43.7742 41.2658 37.523 26.4552 9.0251 17.4301 12.7053 7.98028 2.94835 11.0678 8.57471 2017.18 177.637 1839.54 16.8753 168.845 165.085 106.213 9.04515 97.1683 85.7483 15.6379
internal_count=24513 16388 1965 8125 14423 558 504 62 442 424 400 303 107 196 117 79 45 97 78 12822 1506 11316 116 1009 989 630 55 575 508 106
is_linear=0
shrinkage=0.1


Tree=155
num_leaves=31
num_cat=0
split_feature=0 0 0 9 5 10 9 4 9 12 12 9 0 2 6 13 3 12 11 3 9 7 8 8 9 9 4 11 4 8
split_gain=53.929 4.22262 2.45507 3.75512 2.5362 2.32995 2.99867 3.93023 6.22664 4.25019 3.07359 2.90485 3.49826 1.55635 3.42802 2.70062 1.78523 1.46968 2.63319 1.32642 1.31936 1.71843 3.6967 5.60883 3.06696 6.11124 5.90611 2.7974 2.64461 2.57185
threshold=34.500000000000007 53.500000000000007 38.500000000000007 221.55425925925928 7.5000000000000009 13.500000000000002 214.79775432900436 17.500000000000004 150.01174012158057 1.5000000000000002 5.5000000000000009 175.35273550724642 37.500000000000007 4.5000000000000009 6.5000000000000009 0.72077922077922085 11.500000000000002 2.5000000000000004 1.5000000000000002 13.500000000000002 121.71866666666666 5.5000000000000009 0.20722186076772933 0.16405676535356004 169.67195407342405 160.89314814814819 25.500000000000004 2.5000000000000004 22.500000000000004 0.14854215918045702
decision_type=2 2 2 2 2 2 2 2 2 2 2 2 2 2 2 2 2 2 2 2 2 2 2 2 2 2 2 2 2 2
left_child=-1 2 3 4 5 6 7 8 -2 -10 -9 12 -11 14 15 -12 -15 18 -7 -18 -4 -22 23 27 25 -25 28 -23 -26 -29
right_child=1 -3 20 -5 -6 17 -8 10 9 11 13 -13 -14 16 -16 -17 19 -19 -20 -21 21 22 -24 24 26 -27 -28 29 -30 -31
leaf_value=-0.07550070544211343 0.35976823095454646 0.0752915068776462 -0.034422292038878415 -0.067652472928868487 0.13377253022388669 0.15338492587397101 0.16219470563922486 -0.066149726162369304 0.30157497507333381 -0.076317462969103425 0.045435187926816258 -0.077656320505435528 0.22045375671459305 -0.079414387606429646 -0.0794374317059902 0.30698608209123612 0.082876260745736979 -0.076994621402387428 -0.07705762868678849 -0.030499496065531314 0.0027622814894016053 -0.0042160087763195324 0.022378549001911625 -0.024811232693029848 -0.0046715028664266692 -0.14943879544058233 0.11374036363132115 0.026014424861397292 -0.094332567341918014 0.10978619743399365
leaf_weight=92.02379310678225 0.67733143270016682 8.2276487257331592 8.7355192229151708 11.913654151838271 1.3176725828088809 0.86206901911645983 1.2020913548767556 8.3675416680052894 0.5220624916255473 0.67543295398354553 0.80818209983408296 2.1988911256194115 0.96422969177365303 2.2303192308172584 0.81374373380094756 0.77176185790449381 2.2752121221274137 6.3115568947978318 1.1672590714879332 1.8883588397875426 943.46548668015748 14.483674701303245 137.98260038951412 15.698689932003619 14.043265749234711 5.2505714707076541 3.6421152078546575 10.030126468278466 4.296036140061914 5.7747811861336222
leaf_count=13257 10 1601 42 855 37 25 23 296 11 39 25 95 9 61 22 16 40 297 53 41 6330 73 869 96 92 29 30 57 35 47
internal_value=-0.00168858 0.00389459 0.00340846 -0.0195186 -0.00216952 -0.00781381 0.00836474 3.25167e-05 0.0776876 0.0338723 -0.0227725 -0.00253665 0.0982036 0.0185314 0.0873123 0.173196 -0.0072182 -0.0531926 0.0208356 0.0314555 0.00429463 0.00458754 0.0127412 -0.00542058 -0.0286682 -0.056047 -0.00257507 0.0275304 -0.0256749 0.0566229
internal_weight=1308.62 1216.6 1208.37 44.9674 33.0537 31.736 23.3952 22.1931 5.03795 4.36062 17.1551 3.83855 1.63966 8.78758 2.39369 1.57994 6.39389 8.34088 2.02933 4.16357 1163.4 1154.67 211.202 73.2193 42.9307 20.9493 21.9814 30.2886 18.3393 15.8049
internal_count=24513 11256 9655 1955 1100 1063 688 665 164 154 501 143 48 205 63 41 142 375 78 81 7700 7658 1328 459 282 125 157 177 127 104
is_linear=0
shrinkage=0.1


Tree=156
num_leaves=31
num_cat=0
split_feature=0 0 4 10 0 3 8 0 4 10 0 3 2 6 9 7 12 6 3 4 12 5 3 6 5 9 4 8 11 8
split_gain=61.1164 2.14234 1.97781 1.34329 7.04513 1.83296 1.92882 1.664 1.66931 2.89361 3.04426 2.84575 2.22875 2.2312 5.57118 2.0372 4.04153 2.22816 2.18863 3.49078 2.83146 2.29122 1.86232 4.29506 3.67969 6.48407 3.66768 3.66295 3.59229 4.39826
threshold=29.500000000000004 13.500000000000002 18.500000000000004 7.5000000000000009 18.500000000000004 1.0000000180025095e-35 0.31455026455026464 28.500000000000004 2.5000000000000004 22.500000000000004 23.500000000000004 1.5000000000000002 1.0000000180025095e-35 1.5000000000000002 194.34940741921773 -2.4999999999999996 4.5000000000000009 6.5000000000000009 2.5000000000000004 4.5000000000000009 3.5000000000000004 4.5000000000000009 4.5000000000000009 1.0000000180025095e-35 1.0000000180025095e-35 189.05013931104364 10.500000000000002 0.27100988700564976 3.5000000000000004 0.17349498327759191
decision_type=2 2 2 2 2 2 2 2 2 2 2 2 2 2 2 2 2 2 2 2 2 2 2 2 2 2 2 2 2 2
left_child=1 -1 3 4 -3 6 -5 8 -7 10 22 -12 -13 14 -14 17 -17 -11 19 -19 -20 -21 23 -10 25 27 -26 -24 -25 -30
right_child=-2 2 -4 5 -6 7 -8 -9 9 15 11 12 13 -15 -16 16 -18 18 20 21 -22 -23 24 28 26 -27 -28 -29 29 -31
leaf_value=0.075338820659460723 -0.075526270638272164 0.062052651147135568 -0.076037813469583188 0.072135360390099976 0.0048035330253331952 -0.049463702673682872 -0.04325366389988021 -0.075754226489332721 0.084845498213203252 -0.034515331846758222 0.057116083876091017 0.030610935181961976 0.22205624144579753 -0.060385473077605147 -0.077880214135684356 -0.022414965191355884 0.11648896814054624 0.10185772867410406 0.053529146664522742 -0.056925019836648799 -0.039377497135206822 0.060799550042728294 0.097102961394318954 -0.035009386063585883 0.027903513076194403 -0.064678940039369845 -0.00528639954976286 -0.026589951861916386 -0.047356915960135929 0.025353138632873723
leaf_weight=4.212103887461125 105.25385809864383 22.134350485634059 3.0875576823018482 6.3251727549359185 744.97899970971048 7.094138052314519 1.87898504268378 3.0418113227933636 4.4066638909280291 7.8455001786351195 3.249394927173852 3.7966002430766848 1.0013679591938882 24.860219746828079 1.6230138624086974 3.3016454577445966 5.7299360297620296 7.2450728602707404 5.4434606526046982 3.3382380828261375 8.2548119872808439 3.2752815783023834 5.0147536043077725 47.706410765647888 73.815653182566166 17.080017369240522 60.652956560254097 4.5812223069369793 11.506828954443334 30.033475304022431
leaf_count=773 13638 2186 226 68 4852 50 17 243 25 46 26 29 35 687 50 25 35 37 39 24 64 22 27 266 336 87 343 22 66 169
internal_value=-0.00265374 0.00415496 0.0038878 0.00410829 0.0064554 -0.00100527 0.045708 -0.00211968 -0.00146256 -0.000442295 -0.0040912 -0.031955 -0.0412075 -0.0511281 0.0365645 0.0233173 0.0657103 0.0125024 0.0258884 0.0539068 -0.00245798 0.00137693 -0.000315057 -0.0115294 0.00620248 -0.0277247 0.012933 0.0380506 -0.0162881 0.00521217
internal_weight=1231.77 1126.52 1122.3 1119.22 767.113 352.103 8.20416 343.898 340.857 333.763 289.329 34.5306 31.2812 27.4846 2.62438 44.4339 9.03158 35.4024 27.5569 13.8586 13.6983 6.61352 254.798 93.6534 161.145 26.676 134.469 9.59598 89.2467 41.5403
internal_count=24513 10875 10102 9876 7038 2838 85 2753 2510 2460 2168 827 801 772 85 292 60 232 186 83 103 46 1341 526 815 136 679 49 501 235
is_linear=0
shrinkage=0.1


Tree=157
num_leaves=31
num_cat=0
split_feature=0 0 10 9 12 12 11 6 5 1 12 1 4 4 10 7 0 9 13 12 13 9 5 13 5 9 4 3 4 9
split_gain=25.4207 2.45648 6.4128 3.14343 2.51942 3.56026 2.41596 1.99453 6.23213 4.46973 3.56456 2.87539 1.75431 1.73581 1.65017 1.13453 3.90709 2.31822 2.07795 2.95832 5.91266 5.63437 4.15854 4.01867 2.9908 2.8453 3.58355 3.06172 3.254 2.49324
threshold=42.500000000000007 39.500000000000007 19.500000000000004 285.00504385964916 9.5000000000000018 8.5000000000000018 1.0000000180025095e-35 11.500000000000002 1.5000000000000002 1.5000000000000002 4.5000000000000009 1.0000000180025095e-35 5.5000000000000009 7.5000000000000009 1.0000000180025095e-35 1.0000000180025095e-35 36.500000000000007 290.8184200603319 0.71008403361344552 2.5000000000000004 0.38750000000000007 279.69597902097911 1.5000000000000002 0.4494949494949495 1.5000000000000002 344.52549206349209 5.5000000000000009 10.500000000000002 17.500000000000004 183.48472222222225
decision_type=2 2 2 2 2 2 2 2 2 2 2 2 2 2 2 2 2 2 2 2 2 2 2 2 2 2 2 2 2 2
left_child=1 15 14 4 5 7 -5 8 -4 -10 -11 -9 -2 -6 -3 -1 18 -18 19 20 22 23 -17 -22 25 27 -27 28 29 -21
right_child=12 2 3 6 13 -7 -8 11 9 10 -12 -13 -14 -15 -16 16 17 -19 -20 24 21 -23 -24 -25 -26 26 -28 -29 -30 -31
leaf_value=0.0054823610789206069 0.10377366062489564 0.10229690347525167 0.27253948028089509 0.065673274812251325 0.059427211196646901 0.2097963249054543 -0.057949979600465412 0.19090019328899538 -0.061643124654645887 0.001016552153332669 0.26587836679180293 -0.0061629746083392565 -0.075517617174508889 -0.081928278765558096 -0.076058454038518741 -0.0010571305338388599 -0.048018201394720517 0.0572071421989278 -0.00085981012368201637 -0.02811818054930227 -0.093363947395213753 -0.094400420054721601 0.15054398451902301 0.019299762373677264 0.0031617046947476826 0.066486040462148344 -0.047513007469129218 -0.017833748177742244 0.11777742881295267 0.050133108004116571
leaf_weight=1153.0266247019172 0.55257485271431406 0.53641844727099197 0.84060750296339559 1.9533303342759598 1.307253006845712 1.3676986591890461 8.2899746815673989 1.7717370549216878 5.5159526681527495 1.2371235303580763 0.86228687502443779 1.2720315218903122 44.145713613368571 2.589565462898463 15.747319943271576 3.9974306045332915 22.697984403930608 2.3064431436359873 617.48313428170513 4.5646210936829439 3.9251700401073384 9.9348402356263232 3.3057041078573093 16.369970798841678 64.581900356803089 4.1097827589837825 8.3801822898676601 7.2538565360009661 6.4814249053597441 37.710027996567078
leaf_count=9902 25 9 15 18 13 26 121 20 132 33 14 35 6966 55 1271 33 703 11 3992 36 24 74 18 94 390 49 60 38 30 306
internal_value=0.00128714 0.00294631 -0.0206165 0.00926882 0.0359366 0.0572704 -0.0343758 0.03913 0.0141438 -0.0143788 0.109803 0.108545 -0.0733012 -0.0345082 -0.0701831 0.00346513 0.000604587 -0.0383121 0.00183932 0.0116079 -0.0131872 -0.0326956 0.0675639 -0.0024899 0.0186009 0.033157 -0.010002 0.0427812 0.0517994 0.0416839
internal_weight=2054.12 2009.42 43.2913 27.0076 16.7643 12.8674 10.2433 11.4997 8.45597 7.61536 2.09941 3.04377 44.6983 3.89682 16.2837 1966.13 813.102 25.0044 788.098 170.615 37.5331 30.23 7.30313 20.2951 133.082 68.4999 12.49 56.0099 48.7561 42.2746
internal_count=24513 17522 1762 482 343 275 139 249 194 179 47 55 6991 68 1280 15760 5858 714 5144 1152 243 192 51 118 909 519 109 410 372 342
is_linear=0
shrinkage=0.1


Tree=158
num_leaves=31
num_cat=0
split_feature=0 3 10 0 11 4 3 0 8 8 8 2 6 13 12 7 7 10 0 6 10 7 3 0 4 13 12 0 12 12
split_gain=25.2432 1.7145 1.60115 5.57748 1.11003 5.42473 5.64136 5.97794 4.76065 3.84956 3.4074 3.26631 3.56303 2.70393 5.47512 5.65319 5.6278 4.70127 4.22251 3.28106 2.90716 5.5478 2.67201 7.93971 11.0293 5.88552 3.38307 3.06353 4.65278 4.50997
threshold=24.500000000000004 12.500000000000002 7.5000000000000009 29.500000000000004 4.5000000000000009 18.500000000000004 9.5000000000000018 48.500000000000007 0.25186567164179113 0.15954545454545457 0.32529069767441865 2.5000000000000004 10.500000000000002 1.0501253132832082 8.5000000000000018 2.5000000000000004 2.5000000000000004 16.500000000000004 39.500000000000007 3.5000000000000004 13.500000000000002 3.5000000000000004 9.5000000000000018 47.500000000000007 16.500000000000004 1.083916083916084 1.5000000000000002 35.500000000000007 4.5000000000000009 4.5000000000000009
decision_type=2 2 2 2 2 2 2 2 2 2 2 2 2 2 2 2 2 2 2 2 2 2 2 2 2 2 2 2 2 2
left_child=1 -1 3 -2 -4 22 8 10 9 -7 13 -10 -13 14 15 -8 -16 20 -18 -17 21 -15 26 27 -25 -26 -6 28 -24 -29
right_child=2 -3 4 -5 5 6 7 -9 11 -11 -12 12 -14 17 16 19 18 -19 -20 -21 -22 -23 23 24 25 -27 -28 29 -30 -31
leaf_value=-0.07154574203564544 -0.075490042425663734 0.034831670728496668 0.0020169967301416521 0.00084727647186947177 -0.019582131816193366 -0.070170619726530534 0.05263319392911342 -0.078434111520644834 -0.1374176986832433 0.0031885488720366597 -0.04226871134234908 -0.024764543991133689 -0.13757800716691224 -0.089309492966610102 -0.060460722560969717 0.022090177193802907 0.001020011847753506 -0.030816145222301139 0.11073470468077103 -0.042349810424647354 0.083477331606531757 0.042462986518318938 0.0083201378559398572 0.44553369606278087 0.25286849190463961 -0.080443879367205248 0.015266225815853109 0.046629722656351402 0.10029743159469712 -0.032738412129058626
leaf_weight=49.376831849920563 11.535708778072147 1.5630514500662673 1452.2291579039302 56.201070550829172 31.334102561697364 8.7161338359583151 10.647809796035288 7.9379702389705917 4.9017783165909377 39.892788609722629 11.22170479595661 15.128842326346787 3.4353177694138131 3.5615021288394919 3.8402891494333771 10.123378638178108 5.2401348017156115 10.074872318655251 10.611182332038878 35.998804952949286 13.595125339925287 31.047839879989624 11.071533223614098 1.0947093942668282 0.90025788370985571 1.2872650272911412 251.0982773473952 13.466218177229168 10.928798737004398 15.28697172924876
leaf_count=8098 1407 27 10340 558 225 56 54 554 36 287 55 107 25 19 22 55 33 58 44 188 68 166 68 17 20 27 1691 72 58 78
internal_value=0.00126802 -0.0682816 0.00296934 -0.0121531 0.00347778 0.00724954 -0.00473416 0.00607851 -0.0278223 -0.00996559 0.0106746 -0.064812 -0.0456408 0.0150839 0.00271636 -0.0130436 0.0481517 0.03131 0.0744652 -0.0282058 0.0442945 0.0289028 0.0152979 0.0356713 0.186405 0.0567282 0.0114 0.0259234 0.0540104 0.00443272
internal_weight=2133.35 50.9399 2082.41 67.7368 2014.67 562.444 225.975 153.901 72.0749 48.6089 145.963 23.4659 18.5642 134.741 76.4616 56.77 19.6916 58.2793 15.8513 46.1222 48.2045 34.6093 336.468 54.0358 3.28223 2.18752 282.432 50.7535 22.0003 28.7532
internal_count=24513 8125 16388 1965 14423 4083 1827 1316 511 343 762 168 132 707 396 297 99 311 77 243 253 185 2256 340 64 47 1916 276 126 150
is_linear=0
shrinkage=0.1


Tree=159
num_leaves=31
num_cat=0
split_feature=0 0 0 4 5 8 10 8 10 2 13 4 12 11 1 2 7 9 9 9 2 10 0 0 6 11 10 9 1 2
split_gain=49.6328 3.66059 2.16083 3.50572 1.8264 5.07529 1.44139 2.26987 3.26992 2.06075 3.25557 4.45816 3.2316 5.89769 2.27467 1.67277 3.26295 2.05989 4.20225 2.33006 1.54565 1.19979 5.79672 1.8998 2.49513 3.21384 7.38764 6.14368 2.20936 7.27364
threshold=34.500000000000007 53.500000000000007 38.500000000000007 12.500000000000002 7.5000000000000009 0.27675941080196403 13.500000000000002 0.13976744186046514 17.500000000000004 4.5000000000000009 0.78888888888888908 23.500000000000004 1.5000000000000002 1.5000000000000002 2.5000000000000004 5.5000000000000009 1.5000000000000002 186.52854609929082 198.92840654608099 130.06276709401712 8.5000000000000018 19.500000000000004 41.500000000000007 49.500000000000007 7.5000000000000009 5.5000000000000009 16.500000000000004 214.1086904761905 4.5000000000000009 7.5000000000000009
decision_type=2 2 2 2 2 2 2 2 2 2 2 2 2 2 2 2 2 2 2 2 2 2 2 2 2 2 2 2 2 2
left_child=-1 2 3 -2 6 -6 9 8 -8 10 11 -5 -12 -14 -15 -11 -17 19 -19 -18 -9 23 -23 -4 -25 28 27 -27 -26 -30
right_child=1 -3 21 4 5 -7 7 20 -10 15 12 -13 13 14 -16 16 17 18 -20 -21 -22 22 -24 24 25 26 -28 -29 29 -31
leaf_value=-0.075464036985932362 -0.075771987613020189 0.075250728501600278 0.004559334618537636 -0.07735327225339915 -0.077953422121823934 0.28636384351725702 -0.077087236703308235 -0.076617916171859438 0.24534738680969254 -0.077828983678891767 0.26414500293602183 0.19616198949735239 0.2089048678203613 -0.078666923529653307 0.096574563365596111 0.2118843666015626 0.046257561681580489 0.2259539856433026 -0.02966062736648143 -0.078695952240356665 0.09432231923383394 -0.076555134738331615 0.00087936255987000394 0.067875052012109971 0.036396716696298556 -0.043807214820448893 0.077128839537055405 -0.4364524027294765 -0.318902749123605 0.076598519449537605
leaf_weight=85.016243382939138 8.6245473977178317 7.0843599857762447 941.02493061264977 3.435074391774835 0.77318143285810836 0.75654203910380602 0.64236248191445866 7.1710257716476917 0.61627346789464355 3.8189059449359766 0.86554775293916453 0.72100886702537526 1.6643334422260521 2.2610046658664946 1.1015816768631337 0.67587959673255582 2.0860792174935323 0.97163171228021417 1.9023809861391781 5.2433907906524837 0.5710860602557658 10.228553015738724 176.24324680585414 10.991354037076233 17.072433689143516 0.82113656913861566 1.4566098782233892 0.77424042858183384 0.75586690055206318 1.2084025992080567
leaf_count=13257 728 1601 4657 145 27 15 25 371 19 150 18 15 27 79 23 14 39 23 56 173 8 473 1316 458 610 33 57 12 27 57
internal_value=-0.00160443 0.00357835 0.00315679 -0.0186206 -0.00464835 0.102224 -0.00949269 -0.0437608 0.0807884 0.00297107 0.0378718 -0.0299031 0.0856748 0.0549453 -0.0212579 -0.020889 -0.000901719 -0.0149967 0.0567563 -0.0431323 -0.0640087 0.00398058 -0.00336816 0.00538734 0.0289416 0.00956825 -0.0856964 -0.234359 0.0248412 -0.0755936
internal_weight=1296.58 1211.56 1204.48 43.9018 35.2773 1.52972 33.7476 9.00075 1.25864 24.7468 10.0486 4.15608 5.89247 5.02692 3.36259 14.6983 10.8794 10.2035 2.87401 7.32947 7.74211 1160.58 186.472 974.105 33.08 22.0887 3.05199 1.59538 19.0367 1.96427
internal_count=24513 11256 9655 1955 1227 42 1185 423 44 762 307 160 147 129 102 455 305 291 79 212 379 7700 1789 5911 1254 796 102 45 694 84
is_linear=0
shrinkage=0.1


Tree=160
num_leaves=31
num_cat=0
split_feature=0 0 4 4 0 10 12 6 1 7 5 6 5 2 8 10 9 6 12 12 8 7 5 2 2 7 13 11 3 0
split_gain=56.2603 1.92741 1.82116 1.25905 2.86838 3.11005 2.81998 3.47831 3.68395 3.40291 4.12218 2.9162 4.35928 2.91422 2.89543 4.01545 4.0266 3.01573 2.66119 3.33562 3.34602 3.6785 3.41544 8.06219 3.47794 2.37589 5.0402 3.12446 3.19285 4.34863
threshold=29.500000000000004 13.500000000000002 18.500000000000004 7.5000000000000009 25.500000000000004 5.5000000000000009 9.5000000000000018 8.5000000000000018 3.5000000000000004 1.0000000180025095e-35 3.5000000000000004 4.5000000000000009 2.5000000000000004 4.5000000000000009 0.17349498327759191 5.5000000000000009 269.02765476190484 7.5000000000000009 8.5000000000000018 2.5000000000000004 0.13976744186046514 -3.4999999999999996 1.5000000000000002 1.5000000000000002 2.5000000000000004 1.5000000000000002 0.88194444444444453 1.5000000000000002 6.5000000000000009 21.500000000000004
decision_type=2 2 2 2 2 2 2 2 2 2 2 2 2 2 2 2 2 2 2 2 2 2 2 2 2 2 2 2 2 2
left_child=1 -1 3 -3 6 18 9 8 11 10 14 12 13 -8 15 16 -5 -16 19 -6 -21 -22 24 -24 -23 -11 27 28 29 -27
right_child=-2 2 -4 4 5 -7 7 -9 -10 25 -12 -13 -14 -15 17 -17 -18 -19 -20 20 21 22 23 -25 -26 26 -28 -29 -30 -31
leaf_value=0.075303425515624967 -0.075487399253452644 0.0065209156298141422 -0.075975912928793479 -0.027442586871000027 -0.047921334507011332 -0.063127772315030597 -0.013645362970561396 -0.085578454475797927 -0.049813090830888578 0.028909267930399107 0.012456193098488397 0.061222284775781705 0.087643173485412063 0.076733521076614741 -0.04317458291652445 -0.052081759453936394 0.083698679144883992 0.047803151849876109 -0.055490970650653032 -0.082295931842315026 -0.080773261359902065 -0.080750689840416001 0.28540673610171913 0.045302906368907901 0.099978891779236578 0.071885390570748317 0.012507613615198166 -0.0090275237951829655 -0.10306219903826225 -0.09407476604823195
leaf_weight=3.7621389799751332 97.131505629396997 675.53808563575149 2.8681003632955244 5.5320891644805688 6.1314985426142874 14.274486510083078 25.496326128020886 2.9405483305454245 5.8898708876222363 37.982844480779022 38.535875998437405 22.736436858773232 6.8254046654328695 4.1481591528281561 59.851115382276475 7.8093748842366031 7.9361537946388125 3.8797128554433575 7.7437838464975348 1.9110159650444973 1.6043239701539302 2.0486134421080298 2.1563470810651779 3.979034312069416 2.2172022489830852 3.2165575013495973 117.49383726157248 34.845294965431094 8.6631354438140971 3.1010072529315948
leaf_count=773 13638 6283 226 39 85 638 174 19 39 256 231 143 43 38 364 63 46 18 99 26 22 28 21 65 36 31 761 231 64 13
internal_value=-0.00247804 0.00384735 0.00360675 0.00381156 -0.000358108 -0.025188 0.00227365 0.0208054 0.025611 -0.00156047 -0.0146738 0.0331142 0.0155908 -0.000998626 -0.0269724 0.00496789 0.0380473 -0.0376362 -0.00570134 0.0135305 0.0406056 0.0601688 0.0819083 0.12969 0.0131854 0.00633071 0.00120521 -0.0254468 -0.0636382 -0.00957696
internal_weight=1218.25 1121.12 1117.36 1114.49 438.95 42.0663 396.884 68.0367 65.0962 328.847 123.544 59.2063 36.4699 29.6445 85.0084 21.2776 13.4682 63.7308 27.7918 20.048 13.9165 12.0055 10.4012 6.13538 4.26582 205.303 167.32 49.826 14.9807 6.31756
internal_count=24513 10875 10102 9876 3593 1020 2573 456 437 2117 761 398 255 212 530 148 85 382 382 283 198 172 150 86 64 1356 1100 339 108 44
is_linear=0
shrinkage=0.1


Tree=161
num_leaves=31
num_cat=0
split_feature=0 0 10 9 8 7 12 12 6 10 8 10 9 4 6 4 1 12 8 11 0 2 9 3 7 9 11 6 13 0
split_gain=23.2367 2.16168 5.93454 2.63148 2.37251 2.23252 2.65588 2.98335 2.63362 2.0465 1.94531 1.63113 1.51918 1.22186 1.10424 1.01003 1.24285 2.39604 2.1913 1.72086 1.78347 1.27678 2.70177 3.86755 3.64579 2.42018 2.75109 3.30642 3.06961 3.5468
threshold=42.500000000000007 39.500000000000007 19.500000000000004 265.93608974358978 0.26120401337792648 -8.4999999999999982 4.5000000000000009 9.5000000000000018 6.5000000000000009 22.500000000000004 0.21913109756097562 22.500000000000004 320.93597105508877 6.5000000000000009 16.500000000000004 25.500000000000004 5.5000000000000009 2.5000000000000004 0.31726674409601241 1.5000000000000002 31.500000000000004 6.5000000000000009 146.56632876167762 12.500000000000002 5.5000000000000009 175.35273550724642 1.5000000000000002 1.5000000000000002 1.3923076923076925 29.500000000000004
decision_type=2 2 2 2 2 2 2 2 2 2 2 2 2 2 2 2 2 2 2 2 2 2 2 2 2 2 2 2 2 2
left_child=1 14 12 4 5 -4 8 10 -7 -5 -8 -2 -3 -6 15 16 21 -18 19 -19 -21 -1 23 24 -23 -24 28 -28 -27 -30
right_child=11 2 3 9 13 6 7 -9 -10 -11 -12 -13 -14 -15 -16 -17 17 18 -20 20 -22 22 25 -25 -26 26 27 -29 29 -31
leaf_value=0.0035676402126425377 -0.075483645300001984 -0.075977429431886692 0.17509451820313451 -0.0485916114445838 0.08926946394144869 0.11031553144745108 0.06617387326717325 0.00097795294191705589 -0.080037821902354714 0.030600712768050538 0.23002358908557349 0.091776998184869979 0.09062314377582098 -0.077843071207578218 0.054768575986338212 -0.052198068219397535 0.086400407318509648 -0.078873511788994988 0.083231543232796509 0.042510766276387925 -0.055136770558876183 -0.058256440302908011 0.029971325654923983 -0.074045202557860346 0.040444921641049646 0.082165034578190077 -0.12001954871788123 -0.015414432042092384 0.055713571163337694 -0.078305584965512792
leaf_weight=1836.8333920045989 40.629500154173002 14.586666229646649 1.5236902367323626 9.3471634825691563 0.55336172878742163 1.0334543716162463 1.3262231568805876 2.172422862611711 2.449720564763993 5.0134682841598979 1.597307175863534 0.5915316678583612 0.56867755111306983 2.090128424577415 4.151324898004531 3.2928155772387973 5.2095867637544897 2.9291239492595187 3.0013358369469634 5.63435000926256 2.7999355206266046 6.3593328222632435 21.908042377792299 13.090399849228559 9.0940779075026494 5.8270248947665078 3.3736974215134969 28.961701225489378 3.8242072351276875 4.0830948930233717
leaf_count=14824 6965 1270 23 173 6 15 25 26 61 47 22 26 10 84 26 86 36 18 21 32 37 41 164 91 57 38 23 214 25 27
internal_value=0.00123627 0.00276602 -0.0196103 0.00840921 0.0414807 0.0635496 0.0437387 0.0897387 -0.0235602 -0.0209446 0.155695 -0.0730834 -0.069726 -0.0428614 0.00324842 0.00313909 0.00323239 0.0283038 0.00723415 -0.0128385 0.0100946 0.00297855 -0.00823194 -0.034051 -0.000172313 0.00260944 -0.0104023 -0.0263284 0.0270933 -0.0134899
internal_weight=2043.86 2002.64 42.2623 27.1069 12.7463 10.1028 8.57913 5.09595 3.48317 14.3606 2.92353 41.221 15.1553 2.64349 1960.37 1956.22 1952.93 19.5743 14.3647 11.3634 8.43429 1933.35 96.5216 28.5438 15.4534 67.9778 46.0697 32.3354 13.7343 7.9073
internal_count=24513 17522 1762 482 262 172 149 73 76 220 47 6991 1280 90 15760 15734 15648 144 108 87 69 15504 680 189 98 491 327 237 90 52
is_linear=0
shrinkage=0.1


Tree=162
num_leaves=31
num_cat=0
split_feature=0 3 4 5 0 10 5 12 8 7 7 13 12 2 12 13 11 9 9 0 3 11 9 12 11 0 8 13 7 11
split_gain=22.8915 1.62331 1.34891 1.61763 3.0169 1.24254 1.80127 3.09773 2.71498 4.08962 2.52065 5.51993 2.48332 4.19793 4.31115 3.49067 4.73558 3.45575 3.15467 4.55354 2.36727 2.36557 2.0697 1.91333 3.205 3.04534 2.44462 2.61851 2.84078 2.37865
threshold=24.500000000000004 12.500000000000002 2.5000000000000004 2.5000000000000004 37.500000000000007 9.5000000000000018 1.5000000000000002 11.500000000000002 0.22540322580645164 -1.4999999999999998 -1.4999999999999998 0.43650793650793651 3.5000000000000004 3.5000000000000004 5.5000000000000009 0.92820512820512835 3.5000000000000004 189.83787878787882 166.86956018518524 32.500000000000007 14.500000000000002 1.0000000180025095e-35 231.27047979797985 2.5000000000000004 4.5000000000000009 30.500000000000004 0.077677224736048267 1.4494949494949496 5.5000000000000009 1.5000000000000002
decision_type=2 2 2 2 2 2 2 2 2 2 2 2 2 2 2 2 2 2 2 2 2 2 2 2 2 2 2 2 2 2
left_child=1 -1 3 -2 -5 6 10 20 9 -9 -4 21 18 -14 15 -15 -17 -16 -13 22 23 -12 -20 24 25 -8 -25 -28 29 -29
right_child=2 -3 5 4 -6 -7 7 8 -10 -11 11 12 13 14 17 16 -18 -19 19 -21 -22 -23 -24 26 -26 -27 27 28 -30 -31
leaf_value=-0.07116947401500584 -0.15945506572618448 0.031258589473706223 -0.087973294259317741 -0.077517552876824838 0.10578441253801291 0.0035492002214642321 -0.072564935763185637 -0.11306086224088086 0.14150865934381274 0.070632065464103846 0.31669322393756799 0.06675368260207043 -0.039531441823843327 0.18782233040649615 0.075233898439447514 -0.025418394357843235 0.16169408552606551 -0.032775007940412541 -0.10529798890449536 0.043521171457908743 -0.088217889531736648 0.09637442463029601 -0.014138863636717328 0.15548241417545208 0.078745148531822656 0.022049155420134459 -0.036255458370820268 0.072170042764571396 0.15002770756495309 -0.036548980757587543
leaf_weight=45.583218715852126 1.0425298456102599 1.6016273703426112 2.5567070692777625 2.8722458626143634 1.3062440901994703 1924.6378144866321 5.3729601488448706 1.8217595620080826 2.1665667863562703 3.6209467784501603 0.72117556026205365 3.3602757640182999 7.3613904323428896 3.0835313908755797 4.9340321980416757 3.1475666733458638 2.3718335330486298 7.4125730711966753 7.3878420800901932 4.6187093108892432 4.7674771510064593 1.503024310339242 3.7573006530292332 0.74601950449868937 5.1973940348252645 9.2734945565462095 49.982301269192249 2.953947654925285 1.4192724460735906 6.3137901374138892
leaf_count=8098 46 27 119 82 6 13791 206 31 37 36 10 17 221 18 26 28 23 73 47 22 25 54 120 36 92 65 918 61 8 170
internal_value=0.00118118 -0.0676927 0.00274682 -0.0480186 -0.0202152 0.00287483 -0.00602408 -0.0143229 0.0468341 0.00914715 0.00885765 0.013843 0.00662354 0.0254289 0.048255 0.1026 0.0549888 0.0103882 -0.0212154 -0.0399672 -0.0197323 0.167811 -0.074566 -0.0157143 0.0112808 -0.0126594 -0.0244366 -0.026649 0.0182796 -0.00189648
internal_weight=2122.9 47.1848 2075.71 5.22102 4.17849 2070.49 145.852 93.6359 7.60927 5.44271 52.216 49.6593 47.4351 28.3109 20.9495 8.60293 5.5194 12.3466 19.1241 15.7639 86.0267 2.2242 11.1451 81.2592 19.8438 14.6465 61.4153 60.6693 10.687 9.26774
internal_count=24513 8125 16388 134 88 16254 2463 1685 104 67 778 659 595 389 168 69 51 99 206 189 1581 64 167 1556 363 271 1193 1157 239 231
is_linear=0
shrinkage=0.1


Tree=163
num_leaves=31
num_cat=0
split_feature=0 0 10 10 0 9 2 5 12 5 9 4 4 13 10 10 10 9 10 4 9 12 4 8 13 11 10 12 8 6
split_gain=45.531 3.25055 2.02194 1.82507 8.93855 1.71957 2.89381 4.84407 4.85925 5.37536 4.43658 4.53049 4.35002 5.68918 3.67346 3.45124 4.07377 3.36278 3.27083 2.94096 2.82756 2.46198 2.43846 2.09885 2.13349 2.08009 2.07378 3.18363 3.84399 3.67455
threshold=34.500000000000007 53.500000000000007 8.5000000000000018 19.500000000000004 41.500000000000007 233.93433035714287 3.5000000000000004 4.5000000000000009 8.5000000000000018 1.5000000000000002 272.0478070175439 12.500000000000002 16.500000000000004 0.92820512820512835 16.500000000000004 16.500000000000004 15.500000000000002 259.78658186150835 11.500000000000002 20.500000000000004 232.97789855072466 4.5000000000000009 15.500000000000002 0.23420877659574468 0.62828947368421062 2.5000000000000004 10.500000000000002 5.5000000000000009 0.23145604395604394 2.5000000000000004
decision_type=2 2 2 2 2 2 2 2 2 2 2 2 2 2 2 2 2 2 2 2 2 2 2 2 2 2 2 2 2 2
left_child=-1 2 -2 5 -5 20 7 8 9 -7 11 -9 15 19 -11 16 22 21 -15 -14 26 -17 -8 24 -16 -13 27 29 -29 -4
right_child=1 -3 3 4 -6 6 12 10 -10 14 -12 25 13 18 23 17 -18 -19 -20 -21 -22 -23 -24 -25 -26 -27 -28 28 -30 -31
leaf_value=-0.075430102080474279 -0.080802868625278301 0.075220733768305695 0.073059214524014704 -0.076101451089396741 0.00075028003105804099 0.10652093207837932 -0.070197132126529019 -0.061591759437687167 0.081882310655267992 -0.094015749791757808 0.16883421031211424 0.013560599060906063 -0.073253718775386611 -0.035124147561777799 -0.089824636432776356 0.017234322799721223 -0.13718885724834251 0.064703408574659893 0.064076401615868445 0.036253670514454828 -0.074794266515545715 -0.067577246174594874 0.056405032952403095 0.053898250814777976 0.018912937837932367 0.093986198859361991 0.0028843011983293431 0.01200071095356945 0.13724576079616077 -0.041678583300952664
leaf_weight=78.367042734171264 2.8819892248138776 6.2397161980625233 4.3668459001928586 16.559226382058114 175.86613717628643 3.0473685204051497 3.531709451228382 3.0912161404267016 6.5490854210220268 6.9830472860485342 3.7022081362083545 4.5140488944016388 7.1607495825737697 3.8803212530910995 3.5645636073313636 6.6016589482314902 4.9660288407467306 5.6913132653571656 23.173371286131442 3.7299081180244684 4.6180009203962973 7.1080209389328957 2.6726930914446712 4.2344977268949151 3.6541184578090906 11.181760507170109 858.55175363412127 4.7676717010326666 5.0421450021676719 7.735733512789011
leaf_count=13257 106 1601 34 1138 1316 28 30 23 55 58 18 33 52 32 20 34 27 36 179 31 33 39 19 30 22 72 5996 55 47 92
internal_value=-0.0015696 0.00323126 0.00285675 0.00305825 -0.00586322 0.00476792 0.016052 0.0342092 0.00647469 -0.0165127 0.06878 0.0490632 0.00266333 0.0252803 -0.0368492 -0.0254082 -0.0696881 8.6697e-05 0.049848 -0.0357489 0.00325029 -0.0267377 -0.0156603 -0.00199451 -0.0347814 0.0708561 0.00365963 0.0340379 0.0763754 -0.000278956
internal_weight=1284.03 1205.67 1199.43 1196.55 192.425 1004.12 119.038 50.5219 28.0327 21.4836 22.4892 18.787 68.5158 37.9444 18.4362 30.5714 11.1704 19.401 27.0537 10.8907 885.082 13.7097 6.2044 11.4532 7.21868 15.6958 880.464 21.9124 9.80982 12.1026
internal_count=24513 11256 9655 9549 2454 7095 838 359 213 158 146 128 479 294 130 185 76 109 211 83 6257 73 49 72 42 105 6224 228 102 126
is_linear=0
shrinkage=0.1


Tree=164
num_leaves=31
num_cat=0
split_feature=0 0 4 2 12 6 8 4 13 13 11 0 7 9 6 5 9 8 4 9 2 9 0 12 9 0 8 2 5 9
split_gain=51.8454 1.73505 1.67621 1.1185 2.27202 3.14703 2.8012 6.89826 6.73074 3.36832 3.08178 2.7378 3.13615 2.73348 2.89834 2.17226 3.49044 2.03274 1.96652 4.60457 4.02959 3.43908 4.36248 7.73245 3.20008 3.1288 3.04148 7.66672 4.30147 3.87998
threshold=29.500000000000004 13.500000000000002 18.500000000000004 1.5000000000000002 5.5000000000000009 1.0000000180025095e-35 0.31957446808510642 4.5000000000000009 0.48529411764705882 0.62828947368421062 2.5000000000000004 22.500000000000004 -1.4999999999999998 305.17860195360203 2.5000000000000004 3.5000000000000004 327.30582908885123 0.21294035577258458 5.5000000000000009 332.82039072039078 3.5000000000000004 354.06578947368428 21.500000000000004 4.5000000000000009 415.70721153846165 21.500000000000004 0.29289318755256516 3.5000000000000004 1.0000000180025095e-35 236.86700680272114
decision_type=2 2 2 2 2 2 2 2 2 2 2 2 2 2 2 2 2 2 2 2 2 2 2 2 2 2 2 2 2 2
left_child=1 -1 3 4 5 -3 9 8 -8 -6 11 13 17 14 -11 16 -9 -13 19 20 -5 22 23 -21 26 -23 -20 -28 -29 -30
right_child=-2 2 -4 18 6 -7 7 15 -10 10 -12 12 -14 -15 -16 -17 -18 -19 24 21 -22 25 -24 -25 -26 -27 27 28 29 -31
leaf_value=0.075272004426856262 -0.075451395317707837 0.108120379796661 -0.075908371787965834 0.04542440329972932 -0.020891636013324166 0.01175677488397437 0.065368586785579622 0.027053071630992562 -0.11144361015802234 0.088778802774708954 0.023861403936723622 0.01680869873311688 -0.090290173118789896 0.044923747931635831 -0.083901571763431312 0.0046157903535187219 0.12335083853416313 -0.045831543232488663 0.0039169625923722558 -0.33147499543245029 -0.088198355897610839 0.053016469200950926 -0.014809914933169386 -0.03384096353134234 -0.060011180974104829 -0.0084613655904254449 -0.032248036208530492 -0.047444477360297714 -3.3410013415388416e-05 0.059970252912397159
leaf_weight=3.3627394856885067 89.745790328131989 3.430688544176518 2.6630838857963672 40.953376602847129 79.682486787904054 279.04732806188986 3.4625094770453888 6.9613947849720743 5.6926028411835432 1.2890294138342167 50.669569709803909 11.14376742765308 6.8554200008511534 12.194352593272923 3.9520066576078534 5.2753553180955342 8.1949492054991406 9.6810968900099379 380.51543067302555 1.3460574555210763 2.3884588927030554 11.795299027115105 11.189731582999228 2.483057389035821 9.2486776332370919 27.76366151869297 83.679133002180606 8.6988589707761985 21.788355360738933 21.322297207545489
leaf_count=773 13638 42 226 437 740 2657 36 64 74 20 502 60 30 175 57 36 71 60 3210 22 21 225 56 40 58 118 666 64 198 137
internal_value=-0.00232693 0.0035497 0.00333307 0.00352306 0.00711081 0.0129271 -0.000901584 0.0275618 -0.0445723 -0.00570099 0.00693591 -0.0120732 -0.0316241 0.0189657 -0.0414309 0.059884 0.0791207 -0.0123116 0.00071623 0.0137268 0.0380608 -0.00559762 -0.0463373 -0.138469 -0.00170924 0.00986949 -0.000664259 -0.0135305 0.0167008 0.0296441
internal_weight=1206.48 1116.73 1113.37 1110.7 487.533 282.478 205.055 29.5868 9.15511 175.468 95.7852 45.1157 27.6803 17.4354 5.24104 20.4317 15.1563 20.8249 623.172 97.9196 43.3418 54.5778 15.0188 3.82911 525.253 39.559 516.004 135.489 51.8095 43.1107
internal_count=24513 10875 10102 9876 4624 2699 1925 281 110 1644 904 402 150 252 77 171 135 120 5252 919 458 461 118 62 4333 343 4275 1065 399 335
is_linear=0
shrinkage=0.1


Tree=165
num_leaves=31
num_cat=0
split_feature=0 0 10 9 11 12 12 5 6 1 4 1 12 4 10 8 9 9 4 7 0 9 7 10 2 2 9 8 11 9
split_gain=21.2792 1.89508 5.51073 2.36976 2.08182 1.88315 2.0763 3.25292 2.36649 3.5392 2.34116 2.01109 1.66477 1.62042 1.42036 1.09861 1.59835 1.05871 1.04402 1.02053 3.41114 2.09726 2.76947 2.22779 2.08224 2.00709 2.90418 3.46577 2.71544 5.12321
threshold=42.500000000000007 39.500000000000007 19.500000000000004 285.00504385964916 1.0000000180025095e-35 9.5000000000000018 8.5000000000000018 1.5000000000000002 11.500000000000002 1.5000000000000002 10.500000000000002 1.0000000180025095e-35 11.500000000000002 5.5000000000000009 1.0000000180025095e-35 1.0000000180025095e-35 166.86956018518524 209.49947916666667 8.5000000000000018 1.0000000180025095e-35 36.500000000000007 223.29075362318841 1.5000000000000002 17.500000000000004 3.5000000000000004 2.5000000000000004 330.00902217741941 0.10889328063241101 1.5000000000000002 319.72978983382217
decision_type=2 2 2 2 2 2 2 2 2 2 2 2 2 2 2 2 2 2 2 2 2 2 2 2 2 2 2 2 2 2
left_child=1 15 14 5 -5 6 7 -4 9 17 -11 -10 -7 -2 -3 16 -1 -9 -18 25 -21 23 -23 -22 -24 -17 28 -28 29 -27
right_child=13 2 3 4 -6 12 -8 8 11 10 -12 -13 -14 -15 -16 19 18 -19 -20 20 21 22 24 -25 -26 26 27 -29 -30 -31
leaf_value=-0.30725710272889184 0.091288740139263136 0.082280115713328952 0.20149292387589465 0.057906351250943261 -0.055673415429052436 -0.081882840305441476 0.15053772652425124 0.046234586218342838 0.14763184715837782 0.19583948506230772 -0.0042097682748716619 -0.010574923209715112 0.057548781027687013 -0.075449625246133412 -0.075924012620317727 0.0027905417641336809 -0.086587646222614445 -0.079529528756926982 0.067723242673491765 0.0015177595056677969 -0.064838387815664617 -0.061706552430295283 0.15564608510851036 0.070034408350657398 0.002757604959328485 -0.0034919446553727754 0.14755292741620585 0.029106150851293252 0.015080521673510802 -0.13901625064527587
leaf_weight=0.24601700901985113 0.59204688505269487 0.59233341366052528 1.0382880708202762 2.0424116216599923 7.6892727236263454 2.4398746853694311 1.6955729629844434 0.78818409284576585 2.0602029906585817 1.0752289034426215 1.2831007977947591 1.3172077219933269 1.3193565192632379 37.517064251471311 13.532792198006062 892.72369642497506 1.3716403868747877 4.440141698345542 0.6444418835453688 782.12842550931964 16.235743636731065 2.8532177694141856 1.5917192623019221 1.3246050179004658 2.0229400731623173 56.055685822851956 2.6258670676033935 41.703002958325669 150.35689615970477 2.9354526815004638
leaf_count=1 25 9 15 18 121 46 26 25 20 14 33 35 22 6966 1271 7975 109 107 6 5127 597 21 19 32 45 415 20 287 1085 21
internal_value=0.00116208 0.00257526 -0.0186193 0.00770505 -0.0318362 0.0297477 0.0469536 0.0323203 0.0162998 -0.0146982 0.0869983 0.0859304 -0.0329473 -0.0728592 -0.0692898 0.00302319 -0.0666257 -0.0605703 -0.0372621 0.00310388 0.00037761 -0.0367347 0.0119454 -0.0546647 0.0700822 0.00502101 0.0128703 0.0361225 0.00794677 -0.0102358
internal_weight=2034.24 1996.13 41.314 27.1888 9.73168 17.4572 13.6979 12.0024 10.9641 7.58666 2.35833 3.37741 3.75923 38.1091 14.1251 1954.82 2.2621 5.22833 2.01608 1952.56 806.157 24.0282 6.46788 17.5603 3.61466 1146.4 253.677 44.3289 209.348 58.9911
internal_count=24513 17522 1762 482 139 343 275 249 234 179 47 55 68 6991 1280 15760 116 132 115 15644 5841 714 85 629 64 9803 1828 307 1521 436
is_linear=0
shrinkage=0.1


Tree=166
num_leaves=31
num_cat=0
split_feature=0 3 4 3 0 8 8 10 5 0 8 8 10 8 8 13 8 0 5 11 3 6 9 9 9 0 9 0 1 8
split_gain=20.8497 1.53171 1.28736 4.27639 3.66489 2.43618 1.68676 1.98462 2.17873 2.04883 1.5656 5.66314 1.80558 1.52334 1.81834 2.29083 2.23734 1.66504 1.46249 1.86929 1.393 1.38775 1.29412 2.92493 1.90818 1.69347 1.63055 5.86834 2.85176 3.0158
threshold=24.500000000000004 12.500000000000002 5.5000000000000009 4.5000000000000009 30.500000000000004 0.34118625277161868 0.30079365079365078 21.500000000000004 1.5000000000000002 36.500000000000007 0.11583184257602856 0.15450928381962861 22.500000000000004 0.20550527903469076 0.25677655677655681 1.297058823529412 0.28035087719298252 37.500000000000007 3.5000000000000004 3.5000000000000004 2.5000000000000004 8.5000000000000018 371.69427497789576 350.68837991718436 374.04469362745107 38.500000000000007 338.80157407407415 40.500000000000007 1.0000000180025095e-35 0.28035087719298252
decision_type=2 2 2 2 2 2 2 2 2 2 2 2 2 2 2 2 2 2 2 2 2 2 2 2 2 2 2 2 2 2
left_child=1 -1 3 4 -2 6 7 9 -9 -6 -10 -12 13 17 15 21 -16 -13 -14 -20 -8 -15 23 26 -24 -25 -4 28 -28 -30
right_child=2 -3 22 -5 5 -7 20 8 10 -11 11 12 18 14 16 -17 -18 -19 19 -21 -22 -23 24 25 -26 -27 27 -29 29 -31
leaf_value=-0.07078485260816661 -0.075822266937471294 0.027558501956115002 0.0029468888014910662 0.15885451189792538 -0.010228911749632924 0.059311161547986817 -0.013276450306876126 0.071655221913286632 0.059869426596952206 -0.11854938111403907 -0.11151956230430891 0.011433412006405618 0.022901243956223206 -0.0062784619276299641 0.077887262406576285 0.037122668071620936 -0.033520101824744436 0.095586936824237287 -0.011466707373667657 -0.099351786507589579 -0.08928543186062543 -0.083940506116171654 0.15432971239110624 -0.061569593088656852 0.022459496813219376 0.034412850515230721 -0.0082951691788881576 -0.13186776661845392 0.061252632295654974 0.20286626228264618
leaf_weight=42.251601760392077 8.1603944017551822 1.6454305006191123 1941.6040875994368 1.4901766390539695 4.3556286580860606 5.4112491728737941 5.1112632701406238 4.1424042992293826 3.625553634017705 2.9146257415413857 4.7968031838536254 5.1917124446481484 4.1548190377652636 4.1936994120478648 5.2464114874601355 4.6445267163217059 2.7461902908980846 4.2972286604344845 5.8706334717571718 4.1176998689770699 4.5642317375168204 5.097803546115756 1.2345431535504747 10.538121520541607 9.8708103080280107 2.2265958786010733 4.1198525466024867 1.8148025572299946 6.7753643393516523 1.9327934896573422
leaf_count=8098 734 27 14471 15 58 41 45 25 21 12 31 32 24 22 33 26 22 26 38 36 28 29 21 210 196 15 58 14 79 26
internal_value=0.00110017 -0.0670986 0.00254624 -0.00914183 -0.011966 -0.00549141 -0.0101625 -0.00439679 0.00176427 -0.0536543 -0.00359883 -0.0081683 0.0027129 0.0160696 0.00158474 -0.0202228 0.0396086 0.0495438 -0.0269577 -0.0476974 -0.0491322 -0.0488879 0.00307827 0.00288627 0.037119 -0.044827 0.00319761 0.0364424 0.0602535 0.0926841
internal_weight=2114.15 43.897 2070.25 90.1331 88.6429 80.4825 75.0712 65.3957 58.1255 7.27025 53.9831 50.3575 45.5607 31.4176 21.9286 13.936 7.9926 9.48894 14.1432 9.98833 9.6755 9.2915 1980.12 1969.01 11.1054 12.7647 1956.25 14.6428 12.828 8.70816
internal_count=24513 8125 16388 1298 1283 549 508 435 365 70 340 319 288 190 132 77 55 58 98 74 73 51 15090 14873 217 225 14648 177 163 105
is_linear=0
shrinkage=0.1


Tree=167
num_leaves=31
num_cat=0
split_feature=0 0 10 10 0 3 1 5 13 2 8 8 4 7 8 13 2 6 1 0 9 9 0 6 9 0 11 8 10 9
split_gain=41.9573 2.89757 1.88447 1.54962 8.30428 1.59695 5.63808 4.09721 3.87977 2.65074 3.99162 3.17307 5.38946 3.36114 2.80765 3.34732 2.95928 2.50063 2.4274 2.36994 2.33466 2.77565 3.45274 2.32855 3.03352 2.16939 2.45978 2.40764 4.53403 1.80588
threshold=34.500000000000007 53.500000000000007 8.5000000000000018 19.500000000000004 41.500000000000007 6.5000000000000009 2.5000000000000004 8.5000000000000018 1.4833333333333336 2.5000000000000004 0.18257575757575759 0.24509048902579897 16.500000000000004 -2.4999999999999996 0.22767145135566183 0.38750000000000007 1.5000000000000002 10.500000000000002 1.0000000180025095e-35 44.500000000000007 247.43616071428576 216.87142547928264 42.500000000000007 5.5000000000000009 215.47618055555554 40.500000000000007 5.5000000000000009 0.19098277608915903 15.500000000000002 242.41166666666666
decision_type=2 2 2 2 2 2 2 2 2 2 2 2 2 2 2 2 2 2 2 2 2 2 2 2 2 2 2 2 2 2
left_child=-1 2 -2 5 -5 6 7 8 9 14 -11 12 29 -14 25 -16 -17 -10 -18 -8 21 22 -20 -13 -25 26 -4 28 -27 -12
right_child=1 -3 3 4 -6 -7 19 -9 17 10 11 23 13 -15 15 16 18 -19 20 -21 -22 -23 -24 24 -26 27 -28 -29 -30 -31
leaf_value=-0.075398272061722685 -0.080602895997669149 0.075195512834707393 -0.079658332905804249 -0.076018128679096408 0.00073694048511972949 0.0029087923621255469 -0.076638154994941976 -0.074654118393281399 -0.049605697890489638 0.11965011559075245 -0.091977292210159253 -0.01582442769732657 0.0058169750797352412 0.14361854941353888 -0.073559388946781934 0.084662699543254269 -0.065132783132238498 0.043388009855378794 -0.086122584668994862 0.0057951422265736909 -0.059806509968634472 0.11409520506999489 0.075077918171441646 0.043269268678243801 0.15187138287911872 0.093753845578595063 0.096770836902840662 0.086864907831242552 -0.02005409211530159 0.01133450047995797
leaf_weight=72.419973327661864 2.7131219105795017 5.5302141394931814 2.7172715724445906 15.325573130976407 175.65284347906709 878.65967104956508 8.6799023170024139 4.1472943122498682 9.8796550421975535 7.6621677116490892 4.6561597902327794 2.3279959289357057 3.9458628483116627 3.2099124770611525 5.3477054373361197 4.7328186710365143 4.774645151570442 4.0881794299930325 2.5033891070634109 5.8302787328138939 2.8125439500436178 3.4940980938263237 2.8316635750234127 5.4098639767616969 4.9030401268973947 5.8296895269304541 1.1142923911102118 11.324540006928144 8.7618120056577009 2.657721889205277
leaf_count=13257 106 1601 67 1138 1316 6173 68 26 78 53 40 23 26 22 47 35 38 24 36 40 15 27 14 50 32 26 19 59 41 16
internal_value=-0.00147768 0.00297777 0.00264384 0.00283311 -0.00542248 0.00440613 0.0150469 0.0228334 0.0266845 0.0342153 0.0559194 0.0379074 0.00593096 0.0676315 0.0207969 -0.0028765 0.0149961 -0.0223878 -0.00508868 -0.043516 0.0195374 0.0448126 -0.000562869 0.07451 0.0949017 0.0418833 -0.0283493 0.0522669 0.0254152 -0.0544358
internal_weight=1273.94 1201.52 1195.99 1193.28 190.978 1002.3 123.643 109.132 104.985 91.0172 34.7727 27.1106 14.4697 7.15578 56.2445 26.4969 21.1492 13.9678 16.4163 14.5102 11.6417 8.82915 5.33505 12.6409 10.3129 29.7476 3.83156 25.916 14.5915 7.31388
internal_count=24513 11256 9655 9549 2454 7095 922 814 788 686 262 209 104 48 424 212 165 102 130 108 92 77 50 105 82 212 86 126 67 56
is_linear=0
shrinkage=0.1


Tree=168
num_leaves=31
num_cat=0
split_feature=0 3 0 9 9 9 13 8 4 13 8 0 11 9 6 7 13 3 8 4 10 0 9 8 1 12 7 13 7 11
split_gain=47.8277 1.56576 2.41914 1.77929 2.81614 2.37876 2.56641 1.96866 1.59612 2.0881 2.44232 1.52139 1.4962 1.43436 1.15619 1.08641 1.99695 0.940201 6.52798 2.8206 2.02781 1.483 1.45379 1.37328 3.03282 4.34459 2.90683 1.98843 2.80219 3.95844
threshold=29.500000000000004 8.5000000000000018 24.500000000000004 193.04488854057823 156.74375000000003 230.43450317124737 1.2792207792207795 0.16405676535356004 13.500000000000002 1.1791443850267382 0.29805897723030988 13.500000000000002 3.5000000000000004 266.96449683321617 2.5000000000000004 10.500000000000002 1.1622807017543864 1.0000000180025095e-35 0.35781671159029654 3.5000000000000004 1.5000000000000002 23.500000000000004 323.47114845938387 0.084039548022598873 1.0000000180025095e-35 2.5000000000000004 -4.4999999999999991 0.94987468671679209 -1.0000000180025095e-35 4.5000000000000009
decision_type=2 2 2 2 2 2 2 2 2 2 2 2 2 2 2 2 2 2 2 2 2 2 2 2 2 2 2 2 2 2
left_child=1 11 3 4 7 6 -5 -3 -9 10 -10 -1 14 -7 -6 -4 -17 18 19 22 -21 -22 -13 24 25 -19 -26 28 29 -27
right_child=-2 2 15 5 12 13 -8 8 9 -11 -12 17 -14 -15 -16 16 -18 23 -20 20 21 -23 -24 -25 26 27 -28 -29 -30 -31
leaf_value=0.075243470342923557 -0.075418055523253869 0.062242012177939857 -0.076344741051790829 0.087123966992195656 0.021681275292491923 -0.066853636277006079 -0.020453184088371972 -0.051069953030865881 -0.087864338097856431 0.10191329496037305 0.054914423939104555 -0.0081611937642586101 -0.10751275344494515 0.022131320300916191 -0.062803813199160827 -0.075900834288448654 0.2447736189701582 0.13351869705359759 -0.11908755797521364 -0.044256433444663706 0.067260247401160989 -0.040243126819006804 0.075498176782183429 0.0027176995561037399 -0.10234393834430465 -0.036646489129754288 0.011584770331661408 0.077042760381951 -0.11111748397069739 0.15962030718124892
leaf_weight=3.0013976262416682 82.935790036572143 4.4807840101420942 7.2162543376907688 6.8225774811580795 2.5902595743536931 3.6685349363833657 3.2855568788945675 6.2579360492527467 2.4385934649035335 2.0973546225577593 2.3550641778856516 2.4432452823966839 4.080229552462697 3.578356672078371 4.323603430762887 0.51677726628258813 0.3111018449999392 4.9397442862391463 3.0088997818529597 5.6840094346553069 4.6675017108209431 1.7697574524208901 13.863294739276169 987.62537691928446 2.5438208500854662 3.0320583530701688 18.720948695670817 3.8324966179206967 2.0352550996467462 1.5544406981207428
leaf_count=773 13638 21 473 50 19 31 27 31 31 26 20 37 39 25 40 39 15 49 35 32 78 15 166 8395 31 38 242 49 26 22
internal_value=-0.00215943 0.00330073 -0.0133053 -0.00445414 -0.0197718 0.0208095 0.052157 0.00499783 -0.0145093 0.0186925 -0.0177189 0.00414808 -0.0594915 -0.0229148 -0.0311517 -0.0638972 0.0446028 0.00394595 0.0209804 0.0358057 -0.000729069 0.037705 0.0629633 0.00342314 0.0224285 0.0562341 -0.00204407 0.0197164 -0.0134627 0.0298716
internal_weight=1195.68 1112.75 54.023 45.9789 28.6238 17.355 10.1081 17.6297 13.1489 6.89101 4.79366 1058.72 10.9941 7.24689 6.91386 8.04413 0.827879 1055.72 31.4367 28.4278 12.1213 6.43726 16.3065 1024.28 36.6588 15.394 21.2648 10.4543 6.62175 4.5865
internal_count=24513 10875 887 360 227 133 77 129 108 77 51 9988 98 56 59 527 54 9215 363 328 125 93 203 8852 457 184 273 135 86 60
is_linear=0
shrinkage=0.1


Tree=169
num_leaves=31
num_cat=0
split_feature=0 0 10 9 9 12 4 12 4 9 9 8 11 10 8 0 9 6 12 1 7 11 12 12 10 10 9 2 4 10
split_gain=19.4978 1.69148 5.07179 2.04419 2.06889 1.56419 1.67385 1.89733 1.5354 1.52086 2.69873 1.91434 2.71124 1.50417 1.49926 1.88001 1.34172 0.973551 2.38153 2.81585 2.2594 1.81883 2.89775 1.31376 1.15817 4.27509 3.40816 3.13654 3.29215 2.55732
threshold=42.500000000000007 39.500000000000007 19.500000000000004 285.00504385964916 327.30582908885123 9.5000000000000018 15.500000000000002 8.5000000000000018 7.5000000000000009 209.49947916666667 232.97789855072466 0.24357284113381675 1.5000000000000002 22.500000000000004 0.19657494145199064 40.500000000000007 320.93597105508877 14.500000000000002 8.5000000000000018 1.0000000180025095e-35 -11.499999999999998 2.5000000000000004 5.5000000000000009 3.5000000000000004 19.500000000000004 16.500000000000004 242.41166666666666 3.5000000000000004 12.500000000000002 17.500000000000004
decision_type=2 2 2 2 2 2 2 2 2 2 2 2 2 2 2 2 2 2 2 2 2 2 2 2 2 2 2 2 2 2
left_child=1 17 16 5 -5 6 7 9 -7 -4 -11 14 -13 -2 15 -12 -3 20 19 -19 21 -1 -23 -21 25 -22 29 28 -26 -27
right_child=13 2 3 4 -6 8 -8 -9 -10 10 11 12 -14 -15 -16 -17 -18 18 -20 23 24 22 -24 -25 27 26 -28 -29 -30 -31
leaf_value=-0.10296389005743252 -0.075421178000972866 -0.075855121666198455 0.13772291337815748 -0.065836888043114647 0.031364173266952615 0.053192424574617272 -0.077220929188695983 0.15128034785693917 -0.081263536843470083 -0.080301616857504199 0.11749627703080555 0.12767752189874215 -0.079739691562086421 0.080168912988959617 0.12985575044266834 -0.077321926214571512 0.075861538751131705 0.062429440600403729 0.09513558118310185 0.011402260031416317 0.0023716144419230222 0.066630743364600037 -0.080942947902750514 -0.078821541653477101 0.0031369784333562054 -0.060984650152163179 -0.11855676496347195 0.046602711927206476 0.045313595253595504 0.010780019612192477
leaf_weight=3.5639547891914827 34.617005963751581 12.555054712109264 1.3285935274325353 6.0578280282206816 3.4293842962943017 1.3467784635722631 1.0890725608915079 1.6721596578136093 2.2992556369863451 1.9928536429069925 0.97628328949212839 0.91781677771359715 2.0110286991111934 0.63270392082631488 3.1226834934204817 1.0054962858557699 0.61128083150833923 4.8554056324064714 3.9228097256273022 2.9377699047327042 1563.1520653140033 2.5392592158168554 2.7953888364136219 3.5813084561377764 298.21590290591121 9.1593579994514638 4.481973258778452 19.97882073558867 19.731553692370653 10.844654879532753
leaf_count=21 6965 1270 14 101 38 13 59 20 55 44 9 16 48 26 33 32 10 28 24 22 13281 21 20 22 1844 99 39 112 95 132
internal_value=0.0010945 0.00240027 -0.0178488 0.00677542 -0.0307012 0.0267928 0.0418746 0.0518312 -0.031598 0.0371858 0.0238633 0.0497039 -0.014741 -0.0726285 0.0866812 0.0186513 -0.0688113 0.00282 0.0279482 0.00477676 0.00262129 -0.0476516 -0.0106988 -0.0381629 0.00285362 0.00172215 -0.0397388 0.00816945 0.00575442 -0.0220793
internal_weight=2025.43 1990.18 40.4156 27.2492 9.48721 17.762 14.116 13.0269 3.64603 11.3548 10.0262 8.03331 2.92885 35.2497 5.10446 1.98178 13.1663 1949.76 15.2973 11.3745 1934.46 8.8986 5.33465 6.51908 1925.56 1587.64 24.486 337.926 317.947 20.004
internal_count=24513 17522 1762 482 139 343 275 216 68 196 182 138 64 6991 74 41 1280 15760 96 72 15664 62 41 44 15602 13551 270 2051 1939 231
is_linear=0
shrinkage=0.1


Tree=170
num_leaves=31
num_cat=0
split_feature=0 3 8 0 4 2 12 8 4 9 3 6 8 11 4 5 0 9 9 10 8 11 3 7 7 1 2 8 0 8
split_gain=18.9893 1.46392 1.21092 1.32565 2.89202 2.85928 2.20917 1.39109 2.08616 10.1213 5.93349 8.58104 1.29652 2.6955 1.07959 1.33271 2.13132 1.17281 1.046 0.975165 3.1792 2.26277 2.17894 4.5252 1.93689 2.86271 3.38783 5.06978 2.84805 2.02258
threshold=24.500000000000004 12.500000000000002 0.45080645161290328 26.500000000000004 17.500000000000004 9.5000000000000018 5.5000000000000009 0.22933743169398904 12.500000000000002 197.53988095238094 6.5000000000000009 3.5000000000000004 0.41240409207161127 2.5000000000000004 2.5000000000000004 3.5000000000000004 36.500000000000007 310.06151623321438 429.55389610389619 9.5000000000000018 0.30707196029776679 2.5000000000000004 14.500000000000002 7.5000000000000009 12.500000000000002 2.5000000000000004 3.5000000000000004 0.17817460317460312 30.500000000000004 0.28345771144278614
decision_type=2 2 2 2 2 2 2 2 2 2 2 2 2 2 2 2 2 2 2 2 2 2 2 2 2 2 2 2 2 2
left_child=1 -1 3 4 5 7 -6 8 9 -2 -11 -12 14 -14 15 17 -17 -5 19 20 24 -22 23 -23 25 26 28 -28 -16 -27
right_child=2 -3 -4 12 6 -7 -8 -9 -10 10 11 -13 13 -15 18 16 -18 -19 -20 -21 21 22 -24 -25 -26 29 27 -29 -30 -31
leaf_value=-0.070381286548893945 0.59892336036156946 0.025092647415665661 -0.056941219387859954 -0.19414549151448532 -0.019068897607007931 0.14572710922804383 0.14471229334140051 -0.07700615717960077 -0.079239765972417053 -0.07549580405522284 -0.075973849934183907 0.7117793221958697 0.085526794532266609 -0.016522995875881939 -0.052466434242239193 -0.084041848391410739 0.10292183855553427 -0.042870468742901721 0.061489272494949003 0.0031237840007838974 -0.090547683730697021 -0.044596790084044088 -0.1347298165543582 0.10598458757994303 0.0542862641503572 -0.033582969895675073 0.12418724581228911 0.010635076996738255 0.0072247674632801746 0.050359141312231175
leaf_weight=39.196885867393576 0.29243732430040958 1.6746275257319201 3.4371745660901061 0.85820692498236839 1.6717986436560743 0.77752156928181726 1.6231981813907621 8.6972969940397871 2.8735799370333552 2.7375695109367375 0.30397515930235375 0.25368111999705434 5.5491189570166153 4.8509763423353434 9.9033183059655112 1.2892847149632873 1.1567946001887319 1.2722740508615968 3.0156627702526739 1894.684695927659 6.7847342772875008 6.7713820026256126 1.3769552409648884 2.8296792022883892 6.2954901978373519 32.055408739019185 5.6885655494406846 12.732157078571616 41.44493770878762 3.1527437269687644
leaf_count=8098 4 27 32 8 37 6 24 664 69 344 25 18 36 27 578 44 5 38 30 13425 105 133 7 14 28 212 40 101 310 24
internal_value=0.00102799 -0.0664694 0.00236433 0.00246324 -0.023669 -0.0413024 0.0616138 -0.0508957 -0.0157491 0.0351046 -0.014932 0.28238 0.00270938 0.0379271 0.00252907 -0.0459853 0.00437662 -0.103808 0.00263862 0.00255092 -0.00586067 -0.0451472 -0.0170884 -0.000216593 0.00041075 -0.00282017 0.00891074 0.0457015 -0.00428762 -0.0260663
internal_weight=2105.25 40.8715 2064.38 2060.94 19.2311 15.9361 3.295 15.1585 6.46124 3.58766 3.29523 0.557656 2041.71 10.4001 2031.31 4.57656 2.44608 2.13048 2026.74 2023.72 129.035 17.7628 10.978 9.60106 111.273 104.977 69.769 18.4207 51.3483 35.2082
internal_count=24513 8125 16388 16356 1191 1130 61 1124 460 391 387 43 15165 63 15102 95 49 46 15007 14977 1552 259 154 147 1293 1265 1029 141 888 236
is_linear=0
shrinkage=0.1


Tree=171
num_leaves=31
num_cat=0
split_feature=0 0 10 4 7 0 11 8 8 13 10 0 13 6 4 9 1 4 13 9 8 9 12 1 9 13 13 8 8 11
split_gain=38.6442 2.58739 1.72505 1.41327 1.11298 1.55562 1.76083 1.35034 2.92086 1.41944 1.27189 6.17234 2.02979 3.81519 2.97164 3.09731 2.64256 4.07752 2.40595 3.04499 2.92731 2.57662 2.21365 2.14015 3.3361 2.73211 4.99723 3.85532 2.742 2.4191
threshold=34.500000000000007 53.500000000000007 8.5000000000000018 5.5000000000000009 -12.499999999999998 46.500000000000007 2.5000000000000004 0.069366479550922219 0.088562091503267909 0.89444444444444449 19.500000000000004 41.500000000000007 1.4606060606060607 11.500000000000002 6.5000000000000009 277.57591431556955 2.5000000000000004 11.500000000000002 1.1339285714285716 201.83830952380956 0.19538706256627789 256.89168123543129 5.5000000000000009 2.5000000000000004 229.30280388471181 0.51315789473684215 0.38750000000000007 0.19538706256627789 0.23956521739130437 1.5000000000000002
decision_type=2 2 2 2 2 2 2 2 2 2 2 2 2 2 2 2 2 2 2 2 2 2 2 2 2 2 2 2 2 2
left_child=-1 2 -2 -4 5 6 -5 -6 9 -9 -10 -12 14 16 -13 18 17 -14 23 -20 -21 22 -22 24 25 26 28 -27 -16 -25
right_child=1 -3 3 4 7 -7 -8 8 10 -11 11 12 13 -15 15 -17 -18 -19 19 20 21 -23 -24 29 -26 27 -28 -29 -30 -31
leaf_value=-0.075369309955084202 -0.080222739522397932 0.075173412811161799 -0.047626858993655645 0.087512507186479141 0.06981193202330456 0.11410671093997236 -0.082710203411163211 -0.02149098911354673 0.0042142806270737332 -0.1217962529315281 -0.075997698990038526 0.088098568527560567 -0.035777403660849055 0.12307797573600919 -0.051531080706247491 -0.050176014400117243 -0.061886277507760795 0.089512207070754649 0.032628849341659737 0.012977155017389991 -0.056013032360670845 0.0034100041055539578 -0.15040625044371936 0.10284666213889633 0.017265939917261813 0.056158855976696911 -0.11788037448169766 -0.025222214032231967 0.060720293831923677 0.0099534024838046319
leaf_weight=66.930708355619572 2.5208193203434339 4.9075262208934864 5.5783783076331011 1.147536197677254 2.9846261437050989 2.1456069946289062 1.2917469362728295 2.9647440230473867 990.75089324684814 2.6917052995413542 11.442485198844222 3.4304242134094229 4.63106626737863 3.6383773307315996 5.1631286540068668 14.355645255185662 3.8951331079006186 5.9156454522162676 5.9477917733602252 5.320023940876129 5.3449098584242147 3.1846265210770062 4.6422748914919794 4.5099368444643897 52.207992203533649 8.2187132770195621 6.8274556980468324 19.955312464851886 3.7615048112347722 7.4087050314992666
leaf_count=13257 106 1601 252 18 19 10 26 23 7036 26 887 29 47 24 35 147 26 35 39 32 45 25 31 28 374 55 51 147 27 55
internal_value=-0.00142358 0.00271186 0.00241351 0.00258865 0.00282529 0.0519993 -0.00263064 0.00263409 0.00246362 -0.0692227 0.00281003 -0.00492773 -9.74608e-05 0.0315584 -0.00390603 -0.00605529 0.00850166 0.0344975 -0.00127478 -0.0296094 -0.049628 -0.0749139 -0.0998892 0.00513402 0.00017862 -0.0201304 -0.053484 -0.00148235 -0.00422 0.0451036
internal_weight=1263.72 1196.78 1191.88 1189.36 1183.78 4.58489 2.43928 1179.19 1176.21 5.65645 1170.55 179.801 168.359 18.0802 150.278 146.848 14.4418 10.5467 132.492 24.4396 18.4918 13.1718 9.98718 108.053 96.1341 43.9261 15.7521 28.174 8.92463 11.9186
internal_count=24513 11256 9655 9549 9297 54 44 9243 9224 49 9175 2139 1252 132 1120 1091 108 82 944 172 133 101 76 772 689 315 113 202 62 83
is_linear=0
shrinkage=0.1


Tree=172
num_leaves=31
num_cat=0
split_feature=0 4 0 10 0 8 8 9 9 8 9 5 0 2 6 9 13 9 9 2 10 3 6 6 0 9 1 9 1 8
split_gain=44.0463 1.47685 1.39978 1.03687 5.68133 1.59238 4.72881 4.8563 3.39769 3.94364 3.62591 2.89344 3.53264 3.90042 2.77199 3.00427 2.64425 3.49454 2.93343 3.13872 2.86978 3.71052 2.76932 6.11811 2.72789 2.5144 2.51291 2.61103 3.02708 4.05326
threshold=29.500000000000004 18.500000000000004 13.500000000000002 7.5000000000000009 18.500000000000004 0.24807692307692308 0.26043478260869574 217.5747023809524 272.0478070175439 0.20948987246811704 282.8497756410257 1.0000000180025095e-35 19.500000000000004 2.5000000000000004 1.0000000180025095e-35 295.03171702404171 1.7638888888888891 258.74669312169317 165.88075633773312 2.5000000000000004 9.5000000000000018 9.5000000000000018 2.5000000000000004 3.5000000000000004 20.500000000000004 246.45840080971666 2.5000000000000004 302.66798717948723 1.0000000180025095e-35 0.11814556331006977
decision_type=2 2 2 2 2 2 2 2 2 2 2 2 2 2 2 2 2 2 2 2 2 2 2 2 2 2 2 2 2 2
left_child=1 2 -1 4 -4 8 7 -7 9 16 -10 12 13 -8 -12 -16 17 18 20 22 21 -5 -20 -24 -22 -18 27 -17 29 -29
right_child=-2 -3 3 5 -6 6 11 -9 10 -11 14 -13 -14 -15 15 26 25 -19 19 -21 24 -23 23 -25 -26 -27 -28 28 -30 -31
leaf_value=0.075218814858750122 -0.075387247495978069 -0.075835102009183863 0.059480691122013721 0.13408491591667906 0.0036788513173930896 -0.013509158380364301 0.089995478285130603 0.08789553618257516 -0.08321464477467283 -0.03258482517985007 0.070486466668992789 0.0051237178215568719 -0.073802488969561625 -0.042666467061370589 0.028358123240776509 -0.10201250568479658 0.0021984377042764849 0.086761014059650018 0.11232183788507313 -0.017731034710929374 0.079487075064024526 0.012949909673710101 -0.12264089587704488 0.049420198556711217 -0.08226086154262767 -0.10357500892173879 0.02844631121388419 0.093436032760341639 -0.051408809074003185 -0.020023027271511076
leaf_weight=2.6889782042708239 76.66154463600833 2.371942186728119 18.708100015064701 5.8817562721669656 737.68880163272843 7.4472300987690714 3.6705897767096776 12.908950183540581 8.7933139479719085 22.116426388267428 3.5795130785554639 120.37666565412655 11.066418410278855 5.5935603603720665 11.097361712716518 5.2863979940302661 6.9357368266209942 7.501926625147461 3.7505928985774544 29.263938887510449 1.7800882756710041 4.4356768298894167 2.5905480906367293 10.217373179271815 2.516979412175715 3.3247294621542096 6.9928211919032028 3.7251277193427113 26.600980232935399 20.346673014573753
leaf_count=773 13638 226 2186 35 4852 64 35 114 68 233 25 953 90 21 86 48 48 53 22 304 8 40 24 79 74 19 51 31 168 145
internal_value=-0.00207873 0.00298766 0.00315657 0.00298108 0.00505901 -0.00153799 0.00574779 0.050797 -0.00782205 0.00469793 -0.0223548 -0.000769499 -0.0356631 0.00989611 -0.015461 -0.0196156 0.0152423 0.0223885 0.014398 0.00195605 0.0534087 0.0820065 0.0367491 0.0146189 -0.0152557 -0.0320756 -0.0280726 -0.0351353 -0.0281584 -0.00246516
internal_weight=1185.92 1109.26 1106.89 1104.2 756.397 347.801 161.063 20.3562 186.738 100.316 86.4222 140.707 20.3306 9.26415 77.6289 74.0494 78.1993 67.9389 60.437 45.8225 14.6145 10.3174 16.5585 12.8079 4.29707 10.2605 62.952 55.9592 50.6728 24.0718
internal_count=24513 10875 10649 9876 7038 2838 1277 178 1561 939 622 1099 146 56 554 529 706 639 586 429 157 75 125 103 82 67 443 392 344 176
is_linear=0
shrinkage=0.1


Tree=173
num_leaves=31
num_cat=0
split_feature=0 0 10 4 4 13 9 3 4 13 11 13 2 8 12 10 4 1 12 8 11 0 2 5 0 3 13 3 3 9
split_gain=17.8716 1.48556 4.69398 1.82697 1.4689 1.4128 1.86633 1.8592 1.78248 2.34663 2.55983 2.32943 1.99627 1.77909 1.92693 1.28825 0.878897 1.02948 2.01146 1.85959 1.50746 1.63345 1.0788 2.27301 2.75734 1.99144 2.28026 1.9863 2.37075 4.66002
threshold=42.500000000000007 39.500000000000007 19.500000000000004 4.5000000000000009 5.5000000000000009 1.083916083916084 209.49947916666667 1.5000000000000002 6.5000000000000009 0.32051282051282054 3.5000000000000004 0.94987468671679209 1.5000000000000002 0.22474489795918368 4.5000000000000009 1.0000000180025095e-35 25.500000000000004 5.5000000000000009 2.5000000000000004 0.31726674409601241 1.5000000000000002 31.500000000000004 6.5000000000000009 4.5000000000000009 28.500000000000004 13.500000000000002 0.62828947368421062 12.500000000000002 11.500000000000002 195.60976535541758
decision_type=2 2 2 2 2 2 2 2 2 2 2 2 2 2 2 2 2 2 2 2 2 2 2 2 2 2 2 2 2 2
left_child=1 16 15 -4 -2 7 -7 -5 -9 10 -10 -11 -13 14 -8 -3 17 22 -19 20 -20 -22 25 -24 -25 27 -27 28 -1 -30
right_child=4 2 3 5 -6 6 13 8 9 11 -12 12 -14 -15 -16 -17 -18 18 19 -21 21 -23 23 24 -26 26 -28 -29 29 -31
leaf_value=0.0026381246393559661 0.077304986512050242 0.071695326038030235 -0.083541449561712541 -0.081916314970559401 -0.075391103383173744 0.11184012282705971 -0.079523928296807142 0.099093305995479289 0.19246260732424939 -0.055880984947396642 -0.0039881494863657106 -0.025262884800063543 0.12306057629280938 -0.080277738753442685 0.063906784476730413 -0.075811384987831631 -0.050371641783530111 0.079331826439521608 -0.073856111774042041 0.078993841893790981 0.041089880964744592 -0.054067914643803838 -0.002487320004594409 -0.13521045275242971 -0.020174927716384641 -0.027344599733105865 0.081784717353459158 -0.033612884853118384 0.055922939329530442 -0.042343278059413736
leaf_weight=1776.63036087004 0.64265169471036543 0.62378002889454265 2.0943948663771179 1.3222517184913183 31.987011371820699 0.99237946281209488 1.45017726998776 3.9709061235189429 1.4370155101641997 4.352310917340219 1.2319070212543008 1.7299274182878437 1.9084415021352468 4.0634205457754433 2.6451111524365842 11.648853286169468 3.1248910645954302 5.1347421351820257 2.9267773851752272 2.7945544216781846 5.4829517714679223 2.688433650881052 85.090572542510927 2.8797531723976117 7.5372638273984194 2.720442805439232 6.464693677611649 14.872579413466154 20.382187223061923 6.3230185434222212
leaf_count=14493 25 9 27 20 6966 17 29 25 25 131 27 25 33 85 38 1271 86 36 18 21 32 37 593 10 77 20 48 106 142 41
internal_value=0.00102269 0.00222964 -0.0169767 0.0061882 -0.0723837 0.0136743 -0.0176479 0.0316418 0.0419048 0.020601 0.101786 -0.00651515 0.0525375 -0.0333981 0.0131167 -0.0683141 0.0026194 0.00270467 0.0258509 0.00608434 -0.0122745 0.00978241 0.00247563 -0.00788507 -0.0519762 0.00301713 0.0494629 0.0027825 0.00308266 0.0326563
internal_weight=2017.15 1984.52 39.4709 27.1982 32.6297 25.1038 9.15109 15.9528 14.6305 10.6596 2.66892 7.99068 3.63837 8.15871 4.09529 12.2726 1945.05 1941.93 19.0275 13.8927 11.0982 8.17139 1922.9 95.5076 10.417 1827.39 9.18514 1818.21 1803.34 26.7052
internal_count=24513 17522 1762 482 6991 455 169 286 266 241 52 189 58 152 67 1280 15760 15674 144 108 87 69 15530 680 87 14850 68 14782 14676 183
is_linear=0
shrinkage=0.1


Tree=174
num_leaves=31
num_cat=0
split_feature=0 3 4 5 0 8 0 4 2 7 8 4 10 10 8 12 13 13 5 8 8 6 13 10 4 12 1 9 9 11
split_gain=17.3137 1.40193 1.08009 1.43954 2.49025 1.0556 1.14507 2.49475 2.4294 1.71073 1.3468 1.89275 7.2972 7.10972 1.16493 1.41921 3.63904 3.45924 1.30314 1.15303 1.10988 0.963318 2.66392 3.66702 3.54941 3.42922 2.92526 3.39828 2.97778 2.90043
threshold=24.500000000000004 12.500000000000002 2.5000000000000004 2.5000000000000004 37.500000000000007 0.45080645161290328 26.500000000000004 17.500000000000004 9.5000000000000018 7.5000000000000009 0.22933743169398904 12.500000000000002 8.5000000000000018 20.500000000000004 0.38956639566395673 5.5000000000000009 0.92820512820512835 1.1055555555555558 3.5000000000000004 0.38047619047619047 0.40967365967365971 4.5000000000000009 1.0954545454545457 11.500000000000002 24.500000000000004 11.500000000000002 3.5000000000000004 165.88075633773312 196.25948961156283 1.5000000000000002
decision_type=2 2 2 2 2 2 2 2 2 2 2 2 2 2 2 2 2 2 2 2 2 2 2 2 2 2 2 2 2 2
left_child=1 -1 3 -2 -5 6 7 8 10 -9 11 12 -4 -14 19 17 -17 18 -16 21 -18 22 23 26 25 -25 29 -28 -29 -8
right_child=2 -3 5 4 -6 -7 14 9 -10 -11 -12 -13 13 -15 15 16 20 -19 -20 -21 -22 -23 -24 24 -26 -27 27 28 -30 -31
leaf_value=-0.069956289886776657 -0.15873364587977606 0.022938536287123154 -0.075652261402468876 -0.073967990436909048 0.10172332388531731 -0.05345633150103031 -0.02656488391222649 0.12225167134730422 0.12700643287786825 -0.019386087042603715 -0.076889614486423896 -0.078928395302015647 0.39964191295191287 -0.075608744937161979 0.047688517326252233 -0.070556122292589882 0.0064863238753456471 -0.017722827220871814 0.13385791253731766 -0.035571879038847135 0.096577586749355973 0.0014483445352675033 -0.0033127829783312539 0.028570937506544037 0.10670931630430616 -0.050271361081402489 0.082394803522822024 -0.033668967373217486 0.059116266506241882 0.0070018066254570882
leaf_weight=36.39807415852556 0.90996480686589976 1.7004915801808227 2.3101211374159907 2.5536230723373596 1.1793433763086794 3.3860635603778055 36.149627209291793 1.7903404943644994 0.82512027025222856 1.6283469405025242 7.9410477976780385 2.6729732137173414 0.82420386560261227 0.50928643485531211 3.3023128909990209 4.3446158145088685 2.7048112314660102 4.6377977663651109 3.7457068562507629 7.9642377708805716 2.7656708955764771 1597.5753740475047 156.58841668721288 88.378224045969546 5.4418886334169647 5.883951859897933 9.389042461174542 8.3214130854466912 5.9192931279540053 89.414348983671516
leaf_count=8098 46 27 297 82 6 32 223 36 6 25 644 69 21 54 27 31 21 30 23 54 19 12191 1023 583 74 35 52 39 33 612
internal_value=0.00098737 -0.06581 0.00222332 -0.0459541 -0.0184624 0.0023322 0.0024243 -0.0223411 -0.0398235 0.0547885 -0.0494783 -0.0150175 0.0318678 0.218134 0.00264973 0.0258029 -0.00223056 0.0493487 0.0934837 0.00240219 0.0520331 0.00255317 0.00690609 0.0133351 0.0281829 0.0236495 0.00341243 0.0356907 0.00489815 -0.00266198
internal_weight=2097.16 38.0986 2059.06 4.64293 3.73297 2054.41 2051.03 18.5014 15.0828 3.41869 14.2576 6.31658 3.64361 1.33349 2032.53 21.5009 9.8151 11.6858 7.04802 2011.03 5.47048 2003.06 405.486 248.898 99.7041 94.2622 149.194 23.6297 14.2407 125.564
internal_count=24513 8125 16388 134 88 16254 16222 1152 1091 61 1085 441 372 75 15070 151 71 80 50 14919 40 14865 2674 1651 692 618 959 124 72 835
is_linear=0
shrinkage=0.1


Tree=175
num_leaves=31
num_cat=0
split_feature=0 0 9 3 1 5 0 4 7 5 8 13 2 4 11 12 1 4 8 13 4 12 8 13 4 4 9 11 2 9
split_gain=35.667 2.30994 1.55053 1.53156 1.27894 2.54268 1.10848 2.24071 1.72619 7.15735 1.37927 1.42011 2.66427 2.6868 11.126 4.09242 3.94729 1.5599 1.47812 2.81684 2.12163 2.36275 2.90116 1.75973 2.23896 1.42839 1.40635 1.26777 3.0708 3.00276
threshold=34.500000000000007 53.500000000000007 315.80716911764711 7.5000000000000009 1.5000000000000002 4.5000000000000009 38.500000000000007 12.500000000000002 -5.4999999999999991 7.5000000000000009 0.34118625277161868 0.84962406015037606 4.5000000000000009 15.500000000000002 4.5000000000000009 5.5000000000000009 2.5000000000000004 23.500000000000004 0.23660287081339706 1.1339285714285716 24.500000000000004 5.5000000000000009 0.2965856481481482 1.0501253132832082 21.500000000000004 19.500000000000004 132.74868154158219 1.5000000000000002 8.5000000000000018 137.05471014492755
decision_type=2 2 2 2 2 2 2 2 2 2 2 2 2 2 2 2 2 2 2 2 2 2 2 2 2 2 2 2 2 2
left_child=-1 2 6 4 -4 -6 7 -2 9 -9 11 17 13 14 -13 -15 -17 -10 23 -20 21 22 25 24 -14 -21 -23 -8 -29 -30
right_child=1 -3 3 -5 5 -7 27 8 10 -11 -12 12 18 15 -16 16 -18 -19 19 20 -22 26 -24 -25 -26 -27 -28 28 29 -31
leaf_value=-0.075342190310178025 -0.075606640997671407 0.075154035580162537 -0.088691492247039427 0.031783746151778723 -0.085951483188781819 0.14901686913480999 -0.0019546268841504513 -0.076153029255458832 -0.061640703810270404 0.48389752564251731 -0.078551847324471472 0.0095332476593058477 0.15487631081414582 -0.048217676525646028 0.60323433389091963 -0.0015391486993265261 0.26342193772922623 0.051621929994677233 -0.078156063067027548 0.2415581300091493 0.17290298234347429 0.061391546264813371 -0.077571108996734764 -0.077553189867048677 -0.078211597214154174 0.076539524859253638 -0.079667166740391093 0.0038790792265991111 -0.032659626890222768 0.043357881906044629
leaf_weight=61.899367973674089 5.1170618664473286 4.361298347124829 5.0085040265694243 2.3209077646024525 1.1614672928117213 0.76314953668043006 342.15130729367957 0.63412092626094718 6.2777644246816662 0.3564665662124753 2.597859986126422 1.1139726405963326 0.84651382919401175 3.0065611838363111 0.4404500750824808 1.1314583169296384 1.117655270267278 1.508077659178525 2.5407229852862638 0.91857152571901757 1.0878874980844555 1.0214199181646111 0.78344764793291677 5.0526171987876296 0.80304583488032222 1.2228226596489546 2.2946022269316018 756.53011667169631 6.1083332244306794 34.801651026587933
leaf_count=13257 569 1601 234 12 42 12 2229 46 310 16 103 51 29 78 19 32 14 39 88 19 11 5 31 217 28 26 62 5033 35 265
internal_value=-0.00132941 0.00251052 0.002244 -0.0385294 -0.0620672 0.00721823 0.00256391 -0.0138253 -0.00472932 0.125383 -0.00854647 -0.00271143 0.00960609 0.0622632 0.17776 0.0281037 0.130128 -0.0397023 -0.0120333 0.012578 0.0440335 0.0215694 0.087085 -0.0482752 0.0414034 0.147326 -0.0362175 0.00313735 0.00532212 0.0320076
internal_weight=1254.98 1193.08 1188.72 9.25403 6.93312 1.92462 1179.46 39.8731 34.756 0.990587 33.7655 31.1676 23.3817 6.8101 1.55442 5.25567 2.24911 7.78584 16.5717 9.86947 7.32875 6.24086 2.92484 6.70218 1.64956 2.14139 3.31602 1139.59 797.44 40.91
internal_count=24513 11256 9655 300 288 54 9355 1793 1224 62 1162 1059 710 194 70 124 46 349 516 242 154 143 76 274 57 45 67 7562 5333 300
is_linear=0
shrinkage=0.1


Tree=176
num_leaves=31
num_cat=0
split_feature=0 4 0 10 0 8 5 3 11 7 11 9 7 9 1 9 12 12 10 5 5 7 13 0 5 13 9 6 4 5
split_gain=40.6327 1.35383 1.26385 0.905239 4.42605 1.885 3.3102 3.30449 3.36437 3.64101 3.15746 3.3454 6.08266 4.671 3.33867 3.10219 2.80381 2.58167 2.42582 2.19699 2.09501 2.6134 2.60644 3.11894 1.89791 1.88774 4.68776 4.56674 2.1872 1.88698
threshold=29.500000000000004 18.500000000000004 13.500000000000002 6.5000000000000009 18.500000000000004 0.17165178571428572 2.5000000000000004 1.5000000000000002 1.5000000000000002 1.5000000000000002 1.0000000180025095e-35 298.37471064814821 -5.4999999999999991 243.40676843317974 1.5000000000000002 264.07706907787559 5.5000000000000009 1.5000000000000002 5.5000000000000009 7.5000000000000009 2.5000000000000004 1.5000000000000002 0.94987468671679209 23.500000000000004 3.5000000000000004 0.5634920634920636 344.52549206349209 3.5000000000000004 9.5000000000000018 1.0000000180025095e-35
decision_type=2 2 2 2 2 2 2 2 2 2 2 2 2 2 2 2 2 2 2 2 2 2 2 2 2 2 2 2 2 2
left_child=1 2 -1 4 -4 6 7 -6 9 16 24 12 -12 -14 17 -15 -9 -13 -10 20 22 -22 23 29 -8 26 28 -28 -25 -7
right_child=-2 -3 3 -5 5 19 10 8 18 -11 11 14 13 15 -16 -17 -18 -19 -20 -21 21 -23 -24 25 -26 -27 27 -29 -30 -31
leaf_value=0.075197001948891493 -0.075358738145549997 -0.075774615189819955 0.060997081408003528 -0.00098155263698787684 -0.023927317501625807 0.031559368711402351 -0.00095760807225236358 0.06069467389360033 0.040823883417870035 -0.066545035017371315 -0.17957151352112133 -0.071213648634625426 0.073421343193717001 -0.15016738172172933 0.066110030947355555 -0.024377675683643518 -0.030956220318525535 0.0033763650628334408 0.10815148029804465 -0.080741888216674024 0.0103941415744527 -0.058288298066011004 0.0032664183377618793 -0.0840396270222981 0.096511410619773322 -0.061896594925397078 0.087346861305049373 -0.037523882199385517 0.013722278565928404 -0.010901727122818512
leaf_weight=2.4129722891375414 70.87746548774885 2.1913606538437298 13.809984556399284 409.24844023422338 10.927941583096979 12.866887104697524 3.4399884720332903 9.2053939839825052 44.627858962863684 5.7645898340269914 2.9050086634233621 5.4869956001639357 3.8453212082386008 2.5987627552822214 7.3004309134557834 7.9832404814660549 5.2368121389299622 30.068121823016554 6.0806162673979989 3.2682864964008322 222.91701103094965 5.6812512939795843 183.30396358575672 9.7939068693667668 4.7650073934346437 18.091097634285688 5.9973398949950916 5.7240953398868442 2.9862824473530045 56.092305674217641
leaf_count=773 13638 226 1737 3693 90 87 23 68 323 36 18 33 35 18 47 60 45 194 52 25 1366 39 1204 74 28 136 30 34 25 356
internal_value=-0.00196159 0.0027479 0.00290399 0.00274541 0.00495346 0.00381017 0.0136907 0.0272599 0.0351477 0.000643429 -0.0025471 -0.0104803 -0.0475522 -0.0209695 0.00451292 -0.0552695 0.0274616 -0.00813464 0.0488974 0.000991968 0.00150229 0.00868721 -0.00406809 -0.0161203 0.055647 -0.0373964 -0.0193064 0.026367 -0.0611961 -0.00297904
internal_weight=1175.5 1104.62 1102.43 1100.02 690.769 676.959 150.236 81.8432 70.9153 20.2068 68.3929 60.1879 17.3323 14.4273 42.8555 10.582 14.4422 35.5551 50.7085 526.722 523.454 228.598 294.856 111.552 8.205 42.5927 24.5016 11.7214 12.7802 68.9592
internal_count=24513 10875 10649 9876 6183 4446 1070 614 524 149 456 405 131 113 274 78 113 227 375 3376 3351 1405 1946 742 51 299 163 64 99 443
is_linear=0
shrinkage=0.1


Tree=177
num_leaves=31
num_cat=0
split_feature=0 10 0 10 9 7 4 4 8 0 5 9 6 7 9 4 7 0 9 9 9 13 8 13 8 1 10 4 2 1
split_gain=16.3844 1.42456 1.30602 4.33623 1.66253 1.83191 2.30417 3.1371 1.77566 1.89106 4.02704 1.34134 2.40846 1.85307 1.22424 0.907576 0.903363 2.88638 2.02639 1.85738 4.7701 3.5237 3.2318 3.11267 3.68054 4.4411 2.72771 3.08987 4.26639 2.64292
threshold=42.500000000000007 22.500000000000004 39.500000000000007 19.500000000000004 265.93608974358978 -8.4999999999999982 7.5000000000000009 5.5000000000000009 0.26120401337792648 41.500000000000007 4.5000000000000009 249.61267361111115 6.5000000000000009 -8.4999999999999982 320.93597105508877 6.5000000000000009 1.0000000180025095e-35 36.500000000000007 190.52561064794503 334.09273657628927 391.2322916666667 0.60769230769230786 0.22684391080617491 1.7238095238095241 0.15047169811320757 1.5000000000000002 3.5000000000000004 8.5000000000000018 2.5000000000000004 1.0000000180025095e-35
decision_type=2 2 2 2 2 2 2 2 2 2 2 2 2 2 2 2 2 2 2 2 2 2 2 2 2 2 2 2 2 2
left_child=2 -2 16 14 8 -6 7 -7 9 11 -11 12 -5 -14 -4 -10 -1 19 -19 21 23 29 -22 24 25 -21 27 28 -26 -18
right_child=1 -3 3 4 5 6 -8 -9 15 10 -12 -13 13 -15 -16 -17 17 18 -20 20 22 -23 -24 -25 26 -27 -28 -29 -30 -31
leaf_value=0.0042293889598141923 -0.07536999512938361 0.073267164786337435 -0.075750029057511575 0.10833996342851633 -0.083979983406159572 -0.028823564910857486 -0.056072429694219522 0.11395433928969101 0.061591852396836004 0.014583690817392412 0.31914039473527578 0.078674025932235617 0.066514767613516615 -0.080764338291305277 0.066786505648227662 -0.077703770055457005 -5.3304124413094806e-05 -0.061544458284514561 -0.001955173867894104 -0.045898312178119696 0.067748877272571964 -0.00027682261188622092 -0.01257763664764186 0.043569914203967816 0.022930283506555633 -0.20879858514521721 -0.042882852286387163 0.081930897486683085 -0.097955572422973314 0.034105613000403184
leaf_weight=1140.107556372066 29.564580509962983 0.65917945560067792 10.801194157917049 1.5067250812426207 3.2960307770408681 3.1725963205099088 4.1344240144826472 2.9884444549679756 0.61476794630289022 1.0363162467256195 0.74719306593760837 3.4714592024683952 1.1923439390957331 3.0132285128347598 0.63818028103560287 1.9558255383744834 37.654575284570456 12.805619014427068 10.294293316081164 5.084701969055458 10.310980664798992 601.74055607779883 9.7401599830482137 5.5793121537426478 8.9095101738348621 2.4946846053935587 29.658535693306476 4.1795166283845893 4.3424693122506133 56.843810976599343
leaf_count=9902 6965 26 1270 16 50 34 98 38 6 27 26 34 10 59 10 84 273 489 225 46 93 3882 82 42 58 21 246 31 28 342
internal_value=0.000943421 -0.0721282 0.00205977 -0.0161616 0.00561144 -0.0190948 0.00167778 0.0404316 0.0304156 0.0479492 0.142176 0.0296501 -0.000142567 -0.0390085 -0.0677982 -0.0443907 0.00242208 -0.000154746 -0.034989 0.000881477 -0.0135194 0.00254239 0.028729 -0.02758 -0.0348412 -0.0995154 -0.0244316 0.00696211 -0.0166821 0.0204944
internal_weight=2008.54 30.2238 1978.32 38.5687 27.1294 13.5915 10.2955 6.16104 13.5379 10.9673 1.78351 9.18376 5.7123 4.20557 11.4394 2.57059 1939.75 799.639 23.0999 776.539 80.2999 696.239 20.0511 60.2487 54.6694 7.57939 47.09 17.4315 13.252 94.4984
internal_count=24513 6991 17522 1762 482 220 170 72 262 172 53 119 85 69 1280 90 15760 5858 714 5144 647 4497 175 472 430 67 363 117 86 615
is_linear=0
shrinkage=0.1


Tree=178
num_leaves=31
num_cat=0
split_feature=0 3 11 5 4 0 8 9 5 9 12 5 8 8 12 12 9 13 9 8 13 3 7 12 0 9 9 9 13 5
split_gain=15.7123 1.402 2.12413 1.0438 1.04178 3.51422 1.77173 1.6597 2.03426 2.62128 2.53825 2.45333 2.82106 1.92198 1.83802 3.71278 3.18955 3.4892 2.54187 2.07315 1.92063 1.47433 4.90805 2.43306 1.43664 1.19379 1.11533 2.45585 1.75629 5.58341
threshold=24.500000000000004 9.5000000000000018 5.5000000000000009 3.5000000000000004 5.5000000000000009 30.500000000000004 0.34118625277161868 249.61267361111115 1.5000000000000002 299.36122922776156 6.5000000000000009 2.5000000000000004 0.11583184257602856 0.24807692307692308 4.5000000000000009 5.5000000000000009 334.09273657628927 1.9285714285714286 317.10425000000004 0.27675941080196403 1.297058823529412 2.5000000000000004 -6.4999999999999991 8.5000000000000018 37.500000000000007 298.37471064814821 371.69427497789576 350.68837991718436 1.1791443850267382 1.5000000000000002
decision_type=2 2 2 2 2 2 2 2 2 2 2 2 2 2 2 2 2 2 2 2 2 2 2 2 2 2 2 2 2 2
left_child=1 -1 3 -3 5 -2 7 -7 9 -9 -11 13 -13 -10 16 -16 17 18 24 21 -18 22 23 -17 25 -14 27 -6 29 -28
right_child=4 2 -4 -5 26 6 -8 8 11 10 -12 12 14 -15 15 19 20 -19 -20 -21 -22 -23 -24 -25 -26 -27 28 -29 -30 -31
leaf_value=-0.072174801665183239 -0.075753842091227638 -0.077706789121193318 0.12379544886577117 0.072040002493998209 0.0026581331494936258 0.059942229269331106 0.052559700862101225 0.11986149477927444 -0.02942071665173341 -0.078620091334452774 0.074835141174088377 0.086611965911638458 -0.076401538696541288 -0.12465610816618411 -0.1083938835049556 0.091311390436864634 -0.0079822100066144885 0.09898380892761012 0.08476381059526826 -0.070365611568082756 -0.12725472207912292 0.03993557553484578 -0.12133388569261359 -0.026995417553203768 0.030653725477252369 0.00022170073342785585 0.14918333792202307 -0.042360691299275194 0.082844158542913604 -0.054385583367522652
leaf_weight=31.439804949972313 7.1527225375175467 2.4637175076641142 0.92317579314112652 0.57391391857527185 1943.2075377182919 3.5704473014920941 5.427678244188427 2.6437536627054206 6.0035052467137557 2.2941634273156524 2.0331101324409246 3.0133397132158271 4.6046393597498589 3.2751662228256464 5.048898650333288 3.1897622011601934 3.0178476944565764 4.8226002072915426 2.9424180174246422 4.9271892200922585 2.4430276853963733 6.671951435506343 3.282264962792401 3.8202972412109375 3.9698184244334689 3.6412080116569996 1.8617563135921935 12.193548007868229 4.4445767537690699 4.8762124618515372
leaf_count=7905 742 155 41 24 14648 19 41 9 37 29 15 18 29 26 34 22 24 34 28 34 20 39 25 33 21 19 43 225 77 97
internal_value=0.000943452 -0.0651113 -0.00904307 -0.0494144 0.00208169 -0.00857609 -0.00261769 -0.00659939 -0.00991551 0.0414093 -0.00652126 -0.0154477 -0.00747653 -0.0630367 -0.0128891 -0.0310926 0.00638677 0.0248973 0.00132642 -0.0132643 -0.0613411 0.00332047 -0.0204151 0.0268373 -0.0187714 -0.0425662 0.0025575 0.0023774 0.034049 0.00186219
internal_weight=2089.78 35.4006 3.96081 3.03763 2054.38 87.7958 80.6431 75.2154 71.645 6.97103 4.32727 64.6739 55.3953 9.27867 52.3819 26.9404 25.4416 19.9807 15.1581 21.8915 5.46088 16.9643 10.2923 7.01006 12.2157 8.24585 1966.58 1955.4 11.1825 6.73797
internal_count=24513 8125 220 179 16388 1298 556 515 496 53 44 443 380 63 362 187 175 131 97 153 44 119 80 55 69 48 15090 14873 217 140
is_linear=0
shrinkage=0.1


Tree=179
num_leaves=31
num_cat=0
split_feature=0 0 9 13 4 8 8 9 8 12 9 5 4 5 7 11 13 9 12 7 8 9 9 9 9 11 3 2 7 9
split_gain=32.8368 2.06651 1.38041 1.47092 2.22558 1.16969 2.52107 1.3259 1.184 3.45784 1.55089 2.90814 2.59744 1.41969 1.17993 4.74964 3.64846 3.55222 3.5699 4.54627 3.45673 3.95652 4.28612 3.53777 3.33753 3.15398 3.12413 3.0079 2.94301 2.77841
threshold=34.500000000000007 53.500000000000007 315.80716911764711 0.88194444444444453 10.500000000000002 0.069366479550922219 0.088562091503267909 194.34940741921773 0.10889328063241101 6.5000000000000009 182.69305010893248 5.5000000000000009 18.500000000000004 3.5000000000000004 -3.4999999999999996 3.5000000000000004 1.9285714285714286 181.13210382513662 7.5000000000000009 -7.4999999999999991 0.22684391080617491 185.68763888888893 192.47772702104101 284.01331521739138 214.1086904761905 1.5000000000000002 6.5000000000000009 1.0000000180025095e-35 -7.4999999999999991 194.96185268979391
decision_type=2 2 2 2 2 2 2 2 2 2 2 2 2 2 2 2 2 2 2 2 2 2 2 2 2 2 2 2 2 2
left_child=-1 2 5 -4 -5 -2 7 -7 9 10 -8 12 -12 -11 15 20 -16 -17 24 -20 23 -22 -23 -10 28 -25 -24 -26 -19 -30
right_child=1 -3 3 4 -6 6 8 -9 14 13 11 -13 -14 -15 16 17 -18 18 19 -21 21 22 26 25 27 -27 -28 -29 29 -31
leaf_value=-0.075317654542659998 0.065037294488384356 0.075137107364978306 -0.087865346479937129 -0.079117350185432242 0.050747626417847164 -0.017811485446479525 -0.0055467841525405365 -0.115003251223461 -0.0060165036341936788 0.011544331907393731 -0.022071447705732522 0.15326712240204859 0.10481027736786062 -0.088420392060063108 0.0039874243971650533 0.099327114574738931 -0.091599246001174736 -0.064958102058299411 0.10462347509149227 0.012548443775630908 -0.10126126793597334 0.11491206137188403 -0.012961160902964553 -0.014599947128121755 0.048402610766747151 0.1946246973377882 -0.065912998314314034 -0.033771524843639079 -0.022509714501122519 0.084995548464735921
leaf_weight=57.116267686360516 2.9701640945859245 3.8829352378379545 3.4838608345016819 2.2972801816649735 3.1009966754354537 2.9157510623335829 3.0654646856710341 2.7065550619736314 52.114970965310931 2.9106599125079802 3.4469627863727492 3.2469978961162269 3.0331469792872667 2.7753250049427152 947.3902509668842 4.5351011892780653 4.0100485468283287 2.4824530794285229 7.4052284215576973 19.440653962548822 7.7691938038915387 2.1079868013039222 33.352431458421052 1.2452258206903928 5.1592894927598527 1.709815139416605 16.731711219530553 32.605268305167556 3.3450682074762872 8.5452939388342184
leaf_count=13257 19 1601 114 169 17 22 19 27 472 22 34 21 15 18 7037 33 61 24 78 186 60 16 449 33 82 36 110 387 27 67
internal_value=-0.00125163 0.00230395 0.00206547 -0.0372092 -0.00451746 0.00236185 0.00220329 -0.0645992 0.00252473 0.0276367 0.0564765 0.076023 0.0373181 -0.0372484 0.00212121 -0.00489069 0.00358454 0.0132608 0.00831903 0.0379466 -0.0180696 -0.0346825 -0.0247717 1.89234e-05 -0.00693642 0.106459 -0.0306509 -0.0225451 0.0340754 0.0547515
internal_weight=1246.9 1189.79 1185.9 8.88214 5.39828 1177.02 1174.05 5.62231 1168.43 18.4786 12.7926 9.72711 6.48011 5.68598 1149.95 198.55 951.4 83.5184 78.9833 26.8459 115.031 59.9613 52.1921 55.07 52.1374 2.95504 50.0841 37.7646 14.3728 11.8904
internal_count=24513 11256 9655 300 186 9355 9336 49 9287 129 89 70 49 40 9158 2060 7098 884 851 264 1176 635 575 541 587 69 559 469 118 94
is_linear=0
shrinkage=0.1


Tree=180
num_leaves=31
num_cat=0
split_feature=0 4 0 1 1 11 13 13 3 8 3 8 0 4 8 8 10 0 9 9 0 9 0 8 1 12 7 3 9 9
split_gain=37.5134 1.24596 1.14204 0.865393 1.07624 5.14733 1.82348 2.04278 1.14225 1.36226 0.858348 5.73281 3.69844 1.83958 1.68352 1.9665 2.41167 1.65927 1.27271 1.2845 1.79843 1.5493 1.48501 1.0565 2.76664 3.9368 3.19592 2.5051 4.54983 3.77844
threshold=29.500000000000004 18.500000000000004 13.500000000000002 5.5000000000000009 4.5000000000000009 4.5000000000000009 1.7238095238095241 1.4833333333333336 11.500000000000002 0.13976744186046514 1.0000000180025095e-35 0.34330357142857143 21.500000000000004 3.5000000000000004 0.12262799856784816 0.15319426336375488 1.5000000000000002 23.500000000000004 323.47114845938387 421.79588235294119 23.500000000000004 359.33841503267979 23.500000000000004 0.084039548022598873 1.0000000180025095e-35 2.5000000000000004 -5.4999999999999991 2.5000000000000004 317.10425000000004 277.57591431556955
decision_type=2 2 2 2 2 2 2 2 2 2 2 2 2 2 2 2 2 2 2 2 2 2 2 2 2 2 2 2 2 2
left_child=1 2 -1 4 8 6 7 -6 10 -10 11 13 -13 18 -15 -16 -17 -18 -4 21 -21 -20 -23 24 25 -12 -26 -28 29 -29
right_child=-2 -3 3 -5 5 -7 -8 -9 9 -11 23 12 -14 14 15 16 17 -19 19 20 -22 22 -24 -25 26 -27 27 28 -30 -31
leaf_value=0.075177664009146383 -0.075332441564156832 -0.075717775751551628 -0.0086749861622294772 -0.04732285305091459 0.052385503877900225 -0.099214991405803699 -0.00024875466502601609 0.17646895356996564 0.084530779936241585 -0.08021058532461478 0.12785101315483535 0.026598179994729056 -0.17250099862579935 -0.084841367671818976 0.11655475572819181 -0.06847434332319767 0.087491679277748813 -0.036211616568707812 0.045651497971895466 0.094509953810255135 -0.023013771825360789 0.087426982777909584 0.20625528138751512 0.0014919659982410025 -0.14655225191758126 0.017141231731044919 0.080926169730775821 -0.0204139929143985 -0.10072241205907995 0.093204502231403474
leaf_weight=2.1684919537510714 65.557218436326366 2.0310231095645568 2.4045740393921795 3.4702816759236148 3.0899801552295667 2.2085505966097116 2.3228662572801113 2.3251133700832725 0.59998912457376663 3.0715890610590577 4.6904555740766218 1.5391878071241074 2.3689696113578975 1.758061728440224 1.7778273322619478 3.1068246895447373 3.1310268077068031 1.658757237717509 3.3857838022522611 2.4572396338917315 2.7698458060622215 2.581848322879523 1.7745321989059446 1011.2656082417816 1.462945720180868 10.18988723028451 3.7020030913408908 8.3068760377354938 4.1608211272396138 4.5193473217077544
leaf_count=773 13638 226 36 45 37 21 16 17 11 103 49 37 12 14 14 20 60 14 42 47 12 47 8 8799 18 135 69 98 46 49
internal_value=-0.00184454 0.00253396 0.00267867 0.00253524 0.00269359 0.0354377 0.0738699 0.105664 0.00239278 -0.0532895 0.00258225 0.0190597 -0.0940878 0.0355557 0.00517757 0.021536 0.000143699 0.0446518 0.0581459 0.0705349 0.0322338 0.0963937 0.135831 0.00209947 0.018689 0.0520382 -0.00371298 0.00638734 -0.00985698 0.0196197
internal_weight=1165.86 1100.3 1098.27 1096.1 1092.63 9.94651 7.73796 5.41509 1082.68 3.67158 1079.01 30.7145 3.90816 26.8063 11.4325 9.67444 7.89661 4.78978 15.3738 12.9692 5.22709 7.74216 4.35638 1048.3 37.0323 14.8803 22.152 20.689 16.987 12.8262
internal_count=24513 10875 10649 9876 9831 91 70 54 9740 114 9626 363 49 314 122 108 94 74 192 156 59 97 55 9263 464 184 280 262 193 147
is_linear=0
shrinkage=0.1


Tree=181
num_leaves=31
num_cat=0
split_feature=0 4 0 10 4 5 13 12 9 12 12 4 7 4 11 10 0 5 8 8 6 8 8 11 11 9 0 6 9 4
split_gain=15.0378 1.35946 1.1487 4.0067 1.58877 1.25811 1.89722 2.16827 2.10889 1.90197 2.7778 2.51848 2.65298 1.33898 1.3231 1.17309 1.15246 0.857128 2.83155 4.99201 2.52769 2.84969 4.57056 2.81033 2.67989 2.84681 2.21301 2.17585 2.17065 5.10388
threshold=42.500000000000007 5.5000000000000009 39.500000000000007 19.500000000000004 4.5000000000000009 1.5000000000000002 1.083916083916084 2.5000000000000004 209.49947916666667 9.5000000000000018 8.5000000000000018 7.5000000000000009 -1.4999999999999998 7.5000000000000009 1.5000000000000002 1.0000000180025095e-35 41.500000000000007 4.5000000000000009 0.34514106583072107 0.34248120300751878 6.5000000000000009 0.091750841750841708 0.10084745762711866 3.5000000000000004 4.5000000000000009 367.09212454212462 25.500000000000004 12.500000000000002 299.36122922776156 10.500000000000002
decision_type=2 2 2 2 2 2 2 2 2 2 2 2 2 2 2 2 2 2 2 2 2 2 2 2 2 2 2 2 2 2
left_child=2 -2 17 15 -5 -6 7 -7 -8 10 11 -9 16 -11 -10 -4 -13 27 19 20 24 23 -23 -22 25 -19 -26 -1 -24 -30
right_child=1 -3 3 4 5 6 8 9 14 13 -12 12 -14 -15 -16 -17 -18 18 -20 -21 21 22 28 -25 26 -27 -28 -29 29 -31
leaf_value=0.0029637241372954537 0.06756478715180711 -0.075341626859528069 0.062879194241338351 -0.082412754355475931 0.08169712326736403 -0.050056182247760816 0.09880041551195741 0.10920978204019156 0.014496141386091566 0.055498620202517959 0.1997212309174547 -0.079617973017303389 0.15273341136596749 -0.08151654110673405 -0.080803509684201857 -0.075712898828127095 0.064992596707095243 0.0090560603956595185 -0.034446152745989292 0.12364704186031626 0.00014995146990856914 0.13118081311842494 -0.0041355637586058423 -0.10838426972912547 -0.015634070572557033 -0.093373696652632274 -0.12453064125878628 0.062167060388333875 0.020162645955390943 -0.1056766868642478
leaf_weight=1602.9010093262186 0.68228788522538053 27.341831481899135 0.65037880837917228 1.9282696107402468 2.3343731928616789 2.9793019839562502 1.0427500242367367 3.3256603796035034 2.0427955198101699 1.2255952060222619 1.3678680378943679 2.5582327232696151 0.82022047974168932 1.7061488628387449 5.0789047721773386 10.02055575721897 0.7024096488021313 14.6867805516813 25.470229504397139 3.2447369303554288 4.9802728679496777 2.7844484909437588 171.72372480970807 4.5794955247547477 3.1454236563295117 3.3282334512332445 4.5886289682239294 6.2319256048649541 83.185461833374575 3.3529654406011096
leaf_count=13353 25 6966 9 27 33 59 16 25 34 12 16 58 17 41 111 1271 33 133 190 22 41 25 1217 34 32 25 29 38 606 15
internal_value=0.000875833 -0.0718624 0.00190952 -0.0153588 0.00507072 0.011769 0.00462508 0.0261102 -0.0340202 0.0454951 0.0687948 0.0446147 -0.00802644 -0.0242383 -0.0534677 -0.0672659 -0.0484659 0.00224685 -0.00243674 0.000284507 -0.00106616 0.00178267 0.00374646 -0.0518421 -0.0310056 -0.00986761 -0.0802426 0.00319301 0.00237253 0.015287
internal_weight=2000.01 28.0241 1971.99 37.7835 27.1125 25.1843 22.8499 14.6854 8.16445 11.7061 8.77439 7.40652 4.08086 2.93174 7.1217 10.6709 3.26064 1934.2 325.07 299.6 296.355 270.606 261.047 9.55977 25.7491 18.015 7.73405 1609.13 258.262 86.5384
internal_count=24513 6991 17522 1762 482 455 422 261 161 202 149 133 108 53 145 1280 91 15760 2369 2179 2157 1938 1863 75 219 158 61 13391 1838 621
is_linear=0
shrinkage=0.1


Tree=182
num_leaves=31
num_cat=0
split_feature=0 3 11 13 10 0 1 2 10 4 8 0 8 11 5 6 4 11 12 5 9 8 11 3 4 4 3 3 4 9
split_gain=14.2744 1.3699 1.74975 0.991112 0.920747 4.59013 1.12476 1.76044 1.69742 1.38565 1.24688 1.80951 1.58419 1.78236 2.02753 3.04387 1.14377 1.11874 0.983853 5.21169 3.2355 2.60708 2.66955 3.57839 3.63918 2.80734 2.45654 2.16224 2.24729 3.02992
threshold=24.500000000000004 9.5000000000000018 5.5000000000000009 0.78888888888888908 7.5000000000000009 29.500000000000004 2.5000000000000004 3.5000000000000004 1.0000000180025095e-35 5.5000000000000009 0.12262799856784816 31.500000000000004 0.19657494145199064 1.5000000000000002 2.5000000000000004 6.5000000000000009 7.5000000000000009 5.5000000000000009 11.500000000000002 1.0000000180025095e-35 254.67365151515153 0.33589743589743598 2.5000000000000004 14.500000000000002 20.500000000000004 21.500000000000004 11.500000000000002 9.5000000000000018 16.500000000000004 184.86830357142858
decision_type=2 2 2 2 2 2 2 2 2 2 2 2 2 2 2 2 2 2 2 2 2 2 2 2 2 2 2 2 2 2
left_child=1 -1 3 -3 5 -2 7 9 -8 -7 -11 17 16 -14 -15 -16 -13 -12 -6 -20 21 22 23 24 27 -24 -27 28 -21 -30
right_child=4 2 -4 -5 18 6 8 -9 -10 10 11 12 13 14 15 -17 -18 -19 19 20 -22 -23 25 -25 -26 26 -28 -29 29 -31
leaf_value=-0.071888611292328083 -0.075406030001789567 0.069105861199302343 0.1049863515231621 -0.077520551596495998 0.0028805388378497984 -0.051241188002625587 0.018405655555605117 0.075833123207195555 -0.10822300923666738 0.068809076891807264 -0.077257538486922267 0.02173993527250483 0.065722421100315301 0.040567857391193202 -0.089876483485318043 0.032976281197221111 -0.044426627656029651 0.056589548940808969 -0.11302407662072916 0.01453095072498552 -0.03889289727227499 -0.055278040330658168 0.011472440592668064 0.10765864321618611 -0.067346614099604837 0.11464066092917424 0.02466848146328586 0.049646661385596855 -0.12857904766389033 0.0049519460873840866
leaf_weight=29.045843486732338 9.157955469330771 0.57592321466654484 1.0043285461142661 2.3101795861730352 1865.6143674417399 4.7010694830678394 2.0074026230722657 3.2993350178003302 2.2396238790825009 2.939410973340272 4.0261747632175675 4.0198986008763296 7.1456528306007412 8.2997871898114699 4.1257891654968244 3.9453121833503246 7.4622340090572834 0.73911042977124441 4.420026787556707 9.4480373391415977 20.069385249866173 6.6205678889527908 40.57308750692755 2.3721125399461007 10.79276602109894 5.6317707205307652 6.5804906621342525 6.9451909544295622 3.3508346639573565 3.4477065478567965
leaf_count=7905 1407 23 41 156 13536 116 18 25 25 21 126 24 40 48 26 29 39 21 26 57 171 42 250 39 97 42 67 50 17 29
internal_value=0.000885338 -0.0644248 -0.00869979 -0.0482612 0.00193465 -0.00986073 0.00106288 0.0052035 -0.0483706 0.0002877 0.00596034 0.00131447 0.00918592 0.0240522 0.00586376 -0.0298236 -0.0212617 -0.0564974 0.00231544 -0.00645164 -0.00238495 0.00526618 0.0097628 -0.011089 -0.0193775 0.0241247 0.0661598 0.00294588 -0.0170181 -0.0608622
internal_weight=2082.91 32.9363 3.89043 2.8861 2049.98 64.1088 54.9508 50.7038 4.24703 47.4044 42.7034 39.764 34.9987 23.5165 16.3709 8.0711 11.4821 4.76529 1985.87 120.252 115.832 95.7626 89.142 36.3566 33.9845 52.7853 12.2123 23.1918 16.2466 6.79854
internal_count=24513 8125 220 179 16388 1965 558 515 43 490 374 353 206 143 103 55 63 147 14423 887 861 690 648 289 250 359 109 153 103 46
is_linear=0
shrinkage=0.1


Tree=183
num_leaves=31
num_cat=0
split_feature=0 0 0 4 2 0 13 2 3 11 6 11 12 2 8 6 9 7 6 8 11 4 10 8 10 12 12 8 13 8
split_gain=30.265 1.84911 1.25662 2.53093 1.35799 6.70218 1.75158 2.20695 2.08944 2.92619 3.45647 3.51989 1.72531 1.54667 1.88599 1.37563 3.09343 1.05101 2.08089 4.07763 3.90633 2.32919 5.22419 3.11314 2.40095 3.05028 3.8621 2.27116 2.26905 2.16688
threshold=34.500000000000007 53.500000000000007 38.500000000000007 12.500000000000002 1.5000000000000002 36.500000000000007 0.78888888888888908 4.5000000000000009 5.5000000000000009 5.5000000000000009 6.5000000000000009 1.5000000000000002 5.5000000000000009 7.5000000000000009 0.23660287081339706 10.500000000000002 154.17960588793923 6.5000000000000009 4.5000000000000009 0.23145604395604394 4.5000000000000009 24.500000000000004 10.500000000000002 0.25472370766488417 11.500000000000002 2.5000000000000004 7.5000000000000009 0.16405676535356004 1.083916083916084 0.22474489795918368
decision_type=2 2 2 2 2 2 2 2 2 2 2 2 2 2 2 2 2 2 2 2 2 2 2 2 2 2 2 2 2 2
left_child=-1 2 3 -2 5 -5 -6 8 -8 10 11 -10 -13 15 -15 -9 -17 -4 19 20 29 24 -23 -24 -21 -26 28 -20 -27 -19
right_child=1 -3 17 4 6 -7 7 13 9 -11 -12 12 -14 14 -16 16 -18 18 27 21 -22 22 23 -25 25 26 -28 -29 -30 -31
leaf_value=-0.075294590215308946 -0.075554287100902257 0.075122144354151904 0.0013230918401134566 0.44152954703445291 -0.059815774585004547 -0.076131857128100042 -0.078207699285996565 -0.051139751228608615 0.20660011163929248 0.18446788849666509 -0.047479936931784532 -0.077803685709706805 0.102617728085991 -0.077571021116969952 0.055789601096425979 0.21132379049242789 -0.077093566676972231 -0.033761068371986357 0.065510069376890342 -0.008743877302893794 0.021783246421866381 0.057022494162872354 -0.16864628938179893 -0.024940524809418614 -0.0096758307421156847 0.065759972120468455 0.00036152014714358583 0.015204313279408598 0.15653171976440339 -0.1146593641899477
leaf_weight=52.733990125881974 5.9640663866884998 3.4602320648264131 987.74995133397169 0.38384510739706346 5.567187867127358 0.71783265704289079 1.2876922888681317 10.906472133006902 1.6169727696105822 1.5132437529973684 3.0901560806669295 1.0801234575919809 1.0406824140809474 1.3957723327912379 4.4138672663830221 0.6681397221982468 0.83865996869280934 23.122436212375764 10.449789460282771 8.6146276071667689 12.771137653384356 5.3375175949186069 2.3422541189938784 4.2297266973182559 5.5867276522330966 5.8327441350556892 4.6961226155981413 63.570991650689393 5.2170259854756296 3.8643150799907735
leaf_count=13257 728 1601 6683 29 252 49 73 441 20 40 96 43 24 59 61 5 35 134 75 41 81 26 15 36 31 35 25 469 27 22
internal_value=-0.00116549 0.00212687 0.00191352 -0.0154006 -0.00500794 0.104231 -0.00860907 0.00162644 0.0403514 0.0586543 0.0307708 0.0954636 0.0107294 -0.0188356 0.0237496 -0.0387662 0.0507954 0.00252657 0.0101645 -0.000847389 -0.023782 0.0209372 -0.0164697 -0.0761573 0.0358132 0.0538065 0.0763303 0.0223062 0.108617 -0.0453451
internal_weight=1240.06 1187.33 1183.87 40.4847 34.5206 1.10168 33.419 27.8518 9.62887 8.34118 6.82793 3.73778 2.12081 18.2229 5.80964 12.4133 1.5068 1143.39 155.635 81.6146 39.7579 41.8567 11.9095 6.57198 29.9472 21.3326 15.7459 74.0208 11.0498 26.9868
internal_count=24513 11256 9655 1955 1227 78 1149 897 296 223 183 87 67 601 120 481 40 7700 1017 473 237 236 77 51 159 118 87 544 62 156
is_linear=0
shrinkage=0.1


Tree=184
num_leaves=31
num_cat=0
split_feature=0 3 0 6 12 0 4 8 0 6 13 7 8 0 0 9 9 2 9 5 8 9 13 9 8 9 10 13 4 6
split_gain=34.6598 1.05975 2.09643 1.66863 2.03483 2.97044 4.26629 2.41565 1.34055 2.78849 1.63671 1.16029 2.21882 1.12266 1.01593 0.733636 6.47643 3.94834 3.37039 3.41508 3.31774 3.10157 4.52598 2.70002 4.25332 2.47622 6.94271 4.49186 4.03825 2.62341
threshold=29.500000000000004 8.5000000000000018 24.500000000000004 2.5000000000000004 9.5000000000000018 21.500000000000004 11.500000000000002 0.16405676535356004 21.500000000000004 1.5000000000000002 1.1055555555555558 10.500000000000002 0.22016949152542373 19.500000000000004 13.500000000000002 272.0478070175439 282.8497756410257 3.5000000000000004 272.97416666666669 1.5000000000000002 0.25834260289210237 279.69597902097911 0.84962406015037606 286.16530388471193 0.33072916666666669 265.93608974358978 4.5000000000000009 1.1339285714285716 9.5000000000000018 3.5000000000000004
decision_type=2 2 2 2 2 2 2 2 2 2 2 2 2 2 2 2 2 2 2 2 2 2 2 2 2 2 2 2 2 2
left_child=1 14 3 8 5 6 -5 -7 13 -10 -11 -4 -13 -3 -1 25 17 18 -17 20 -20 -21 -23 24 -18 -16 27 -27 29 -28
right_child=-2 2 11 4 -6 7 -8 -9 9 10 -12 12 -14 -15 15 16 23 -19 19 21 -22 22 -24 -25 -26 26 28 -29 -30 -31
leaf_value=0.075160361177925128 -0.075308179217073279 0.036453407652410549 -0.076269273233980472 -0.050367973206535924 -0.075739593258856708 0.035425570978936664 0.056539153711143091 -0.083897863673960266 0.1471326567599795 0.079143531670194653 -0.079209326908037309 0.2762995222498576 -0.07613214652541879 -0.029860015869457912 0.0040639606234764451 -0.095768789997373704 0.022041243148073025 -0.097091230680326865 0.057542356274728937 -0.006472962819523244 -0.042352842616022256 0.011690432125131789 -0.12906990563687734 0.0028209041477873218 0.1579252857557053 -0.067389984018446425 0.16917579739579985 0.047020488760326988 -0.015130753822731702 0.072569134427374102
leaf_weight=1.9501258573727671 60.638321194681339 5.0403710007667524 6.3083511779550454 5.7224362194538214 4.9617093056440345 2.2982643172144872 10.736187616363166 6.4809430302120745 2.2872204743325701 1.2429345687851312 1.3745164237916467 0.28319020755588997 0.48385296063497663 5.1732270196080208 250.4750035777688 5.3135959692299357 17.315861362963918 7.9230815591290584 10.574541219044475 16.343332014512274 4.849384236149489 3.6038919887505454 6.2385158627294004 688.63637840817682 2.6569687826558939 7.7496801228262502 4.39709993614815 6.1586522264406085 3.4499465012922874 7.7924248052295297
leaf_count=773 13638 19 473 25 38 24 46 113 25 19 25 20 34 26 2337 53 150 55 103 181 45 29 59 5916 17 66 56 47 22 79
internal_value=-0.00171037 0.00235482 -0.0115238 -0.00361985 -0.0171966 -0.0056872 0.019369 -0.0526608 0.0235005 0.0664714 -0.00401318 -0.0621485 0.0539846 0.0028654 0.00305036 0.0029156 0.00130976 -0.0317962 -0.020771 -0.0111937 0.0261346 -0.0331808 -0.0775292 0.00387215 0.0401178 0.00729378 0.0346728 -0.0167287 0.0803846 0.107418
internal_weight=1158.46 1097.82 52.3932 45.3178 30.1995 25.2378 16.4586 8.77921 15.1183 4.90467 2.61745 7.07539 0.767043 10.2136 1045.43 1043.48 763.456 54.8463 46.9233 41.6097 15.4239 26.1857 9.84241 708.609 19.9728 280.023 29.5478 13.9083 15.6395 12.1895
internal_count=24513 10875 887 360 246 208 71 137 114 69 44 527 54 45 9988 9215 6608 525 470 417 148 269 88 6083 167 2607 270 113 157 135
is_linear=0
shrinkage=0.1


Tree=185
num_leaves=31
num_cat=0
split_feature=0 10 0 10 9 9 4 12 12 13 13 13 3 5 1 7 9 7 0 9 9 1 2 4 9 13 13 12 7 7
split_gain=13.7907 1.3455 1.01212 3.69194 1.46674 1.71491 1.26341 1.3881 1.27187 1.1259 1.99237 2.15502 2.17395 2.13159 1.76762 1.34796 1.12239 0.833838 2.4661 1.94167 1.83403 1.74004 2.0012 2.37335 4.87952 2.87214 2.68775 2.87283 2.32723 2.33054
threshold=42.500000000000007 22.500000000000004 39.500000000000007 19.500000000000004 285.00504385964916 327.30582908885123 15.500000000000002 9.5000000000000018 11.500000000000002 1.1339285714285716 0.94987468671679209 0.5634920634920636 2.5000000000000004 5.5000000000000009 1.0000000180025095e-35 -3.4999999999999996 320.93597105508877 1.0000000180025095e-35 36.500000000000007 190.52561064794503 194.96185268979391 4.5000000000000009 2.5000000000000004 16.500000000000004 176.7741666666667 0.78888888888888908 1.1791443850267382 3.5000000000000004 -8.4999999999999982 -7.4999999999999991
decision_type=2 2 2 2 2 2 2 2 2 2 2 2 2 2 2 2 2 2 2 2 2 2 2 2 2 2 2 2 2 2
left_child=2 -2 17 16 6 -6 7 9 -9 10 11 12 -5 -14 -11 -16 -4 21 -19 -20 -21 22 -1 25 26 -24 -25 -28 -27 -30
right_child=1 -3 3 4 5 -7 -8 8 -10 14 -12 -13 13 -15 15 -17 -18 18 19 20 -22 -23 23 24 -26 28 27 -29 29 -31
leaf_value=0.0017560241199492824 -0.07532733236152768 0.066545625670286351 -0.07565628635836931 -0.026205277111176845 -0.063818716917674698 0.025768697245346063 -0.077109320782159693 -0.080952566030119175 0.045717774368618597 0.096643478092839796 0.14111325855031173 -0.078259499989243322 0.040058180677540384 0.21461371488421396 -0.079441778442276192 0.04226635759338241 0.059848987270395865 0.0005256701020947194 -0.060431120847975354 0.13203747793514703 -0.014641069978397295 -0.077154380424557481 0.11858739803076719 -0.021530577278835124 -0.078249256826556299 -0.046671903955693032 0.12814150367141633 -0.0073405238087008023 0.08568996732352592 0.013964981968333567
leaf_weight=882.06381179613527 25.299801594519526 0.68661776371300121 9.2888836762867832 1.5982857868075457 5.427952819503842 3.5239162323996425 1.2244963580742467 1.9731971444562069 1.3249068330042064 1.5441696285270143 2.447425760794431 1.3292610966600475 1.5317238224670293 1.2877069115638731 2.2551423711702228 1.5255932412110271 0.65432735905051309 773.64122235687682 12.045646256301554 0.93883238174021144 9.2656168518587929 2.6486321927513918 2.6450684871524563 7.9646903919056076 8.6105120684951526 6.1942484974861136 3.4054550863802433 2.8961737137287855 4.628450993448495 213.35960563231492
leaf_count=8065 6965 26 1270 22 101 38 67 41 19 17 23 43 29 15 49 18 10 5144 489 35 190 31 24 70 100 31 23 21 30 1507
internal_value=0.000793243 -0.0715787 0.00174924 -0.0146479 0.00454 -0.0285525 0.0209595 0.0281 -0.0300668 0.0422902 0.0655534 0.0333752 0.0669654 0.119782 0.00649076 -0.0303304 -0.0667392 0.00206301 -0.000418335 -0.0332416 -0.00114631 0.00380389 0.00399335 0.0118966 -0.018802 0.0149927 0.0170777 0.0658751 0.0137704 0.0154879
internal_weight=1993.23 25.9864 1967.24 36.937 26.9938 8.95187 18.0419 16.8174 3.2981 13.5193 8.1944 5.74698 4.41772 2.81943 5.32491 3.78074 9.94321 1930.31 795.891 22.2501 10.2044 1134.42 1131.77 249.704 22.8768 226.827 14.2663 6.30163 224.182 217.988
internal_count=24513 6991 17522 1762 482 139 343 276 60 216 132 109 66 44 84 67 1280 15760 5858 714 225 9902 9871 1806 214 1592 114 44 1568 1537
is_linear=0
shrinkage=0.1


Tree=186
num_leaves=31
num_cat=0
split_feature=0 3 11 5 8 0 4 2 12 8 4 10 6 7 12 9 7 13 0 8 13 12 12 10 13 11 11 4 0 8
split_gain=13.0095 1.34002 1.45691 0.926969 0.907499 0.945797 2.10571 2.08854 1.56638 1.29158 1.74591 5.10706 4.40141 1.1145 3.30745 3.00277 2.76636 2.96615 2.70713 2.54721 3.71299 1.82365 4.60351 2.26101 2.20352 2.55837 3.23696 3.59954 2.6849 2.15286
threshold=24.500000000000004 9.5000000000000018 5.5000000000000009 3.5000000000000004 0.45080645161290328 26.500000000000004 17.500000000000004 9.5000000000000018 5.5000000000000009 0.22933743169398904 12.500000000000002 8.5000000000000018 5.5000000000000009 11.500000000000002 10.500000000000002 176.01026455026457 9.5000000000000018 1.3508771929824563 45.500000000000007 0.26120401337792648 1.1055555555555558 8.5000000000000018 4.5000000000000009 11.500000000000002 1.2344322344322347 1.0000000180025095e-35 3.5000000000000004 20.500000000000004 31.500000000000004 0.24165739710789766
decision_type=2 2 2 2 2 2 2 2 2 2 2 2 2 2 2 2 2 2 2 2 2 2 2 2 2 2 2 2 2 2
left_child=1 -1 3 -3 5 6 7 9 -8 10 11 -2 -13 16 18 -16 -7 21 19 20 -15 22 24 29 25 -18 28 -28 -27 -23
right_child=4 2 -4 -5 -6 13 8 -9 -10 -11 -12 12 -14 14 15 -17 17 -19 -20 -21 -22 23 -24 -25 -26 26 27 -29 -30 -31
leaf_value=-0.071595798088044227 -0.075588340102024462 -0.077347858702338859 0.090092810729648809 0.064638064397397887 -0.0504811453404755 0.0024228506227590247 -0.020490922856833352 0.11178286347860707 0.11297834015283126 -0.076774148680943621 -0.078790817135808267 0.2768108434335052 -0.076267993460543068 -0.035149401466865404 0.15288150433685399 0.0012095174260860356 -0.1176986656105425 -0.083428966169656393 -0.080912166208725003 0.056270130886539295 0.056482970985340421 -0.036251292943316631 0.038849360710326894 0.012960913746129231 0.050415517053830565 -0.06443352583314195 0.031978496982665167 -0.10229659017908277 0.053413508827672096 -0.13851801606613048
leaf_weight=26.93539783789311 2.0360082618426536 2.1560073737055059 1.0794709925539794 0.58445030148141075 3.3159403279423705 1922.5030723572127 1.7101271608844393 0.870975501835347 1.8098718803375957 7.2033131225034595 2.4976743906736374 1.0915528582409022 0.52185227442532767 13.300396792590623 3.2177329509868278 2.196218445780687 3.4974801647476914 6.3990847289096555 3.1636454480467355 10.452352862805126 6.6245992369949809 5.7514031231403333 17.053921357030049 4.6715958847780703 3.1332382923574178 2.7633334249258059 2.7799606919288617 7.0834411978721619 6.4358765182550997 3.2058958113193512
leaf_count=7905 311 155 41 24 32 14417 37 6 24 664 69 27 53 62 26 21 23 40 98 47 35 36 123 52 23 11 15 58 62 16
internal_value=0.000819913 -0.0637351 -0.00830702 -0.0470669 0.00179064 0.00187552 -0.021113 -0.0382528 0.0481347 -0.0480411 -0.0143709 0.0297184 0.162608 0.002077 0.018828 0.0913544 0.00174832 -0.0189094 0.00712125 0.0162895 -0.00468376 -0.011586 -0.00143056 -0.0434387 -0.0281663 -0.0390801 -0.0246557 -0.0644517 0.0180137 -0.0728534
internal_weight=2076.05 30.7553 3.81993 2.74046 2045.29 2041.97 17.7414 14.2214 3.52 13.3504 6.14709 3.64941 1.61341 2024.23 38.9549 5.41395 1985.28 62.7752 33.541 30.3773 19.925 56.3761 42.7473 13.6289 25.6933 22.5601 19.0626 9.8634 9.19921 8.9573
internal_count=24513 8125 220 179 16388 16356 1191 1130 61 1124 460 391 80 15165 289 47 14876 459 242 144 97 419 315 104 192 169 146 73 73 52
is_linear=0
shrinkage=0.1


Tree=187
num_leaves=31
num_cat=0
split_feature=0 0 9 13 4 9 9 5 7 11 3 0 4 9 7 1 10 5 1 4 8 5 13 10 4 3 1 5 13 5
split_gain=27.9774 1.65564 1.20433 1.37746 1.95938 1.02006 1.26536 1.48991 1.119 1.45324 1.37832 2.76726 1.98019 2.74112 2.47051 1.75806 1.74196 2.06291 3.71182 2.46901 1.73068 1.91317 7.67984 1.39062 2.60407 1.93394 4.69865 4.21405 4.0053 4.11237
threshold=34.500000000000007 53.500000000000007 315.80716911764711 0.88194444444444453 10.500000000000002 311.19600000000008 306.55766129032264 3.5000000000000004 -12.499999999999998 3.5000000000000004 4.5000000000000009 42.500000000000007 7.5000000000000009 274.98851851851856 -9.4999999999999982 1.0000000180025095e-35 21.500000000000004 6.5000000000000009 1.5000000000000002 10.500000000000002 0.36451048951048953 6.5000000000000009 0.48529411764705882 21.500000000000004 13.500000000000002 6.5000000000000009 2.5000000000000004 8.5000000000000018 0.38750000000000007 6.5000000000000009
decision_type=2 2 2 2 2 2 2 2 2 2 2 2 2 2 2 2 2 2 2 2 2 2 2 2 2 2 2 2 2 2
left_child=-1 2 5 -4 -5 6 8 -8 9 -2 11 20 15 14 -14 -13 17 18 19 -16 21 -10 -23 25 -25 26 27 28 -12 -30
right_child=1 -3 3 4 -6 -7 7 -9 10 -11 23 12 13 -15 16 -17 -18 -19 -20 -21 -22 22 -24 24 -26 -27 -28 -29 29 -31
leaf_value=-0.07527319630511986 0.10343905541553654 0.075109033524457636 -0.086661024946329324 -0.078929538518035136 0.046377975712258566 0.059664968401358945 -0.126049894135351 0.0087569764534791133 -0.078139864155069724 -0.010646704350575513 -0.023214919347221995 0.075070338730882591 -0.059694674594233381 -0.067423958144860435 -0.078133543537871691 -0.01295111726363634 0.075364987336794254 0.058765010748886487 -0.087574307595806394 0.016891762037678792 0.13716675491464406 0.41858083575113975 -0.076954150480834704 -0.065545741639021368 0.097224815570894185 0.0014864687432028199 -0.03625192725419147 -0.061751798899553303 0.024237025898093612 0.083998771371239345
leaf_weight=48.782716110232286 2.4684382230043402 3.0895762491272754 3.2666627797298116 2.0811248358804733 3.1165587715804577 3.068199324887245 1.6754774320870631 1.6054298058152197 10.219980208668852 2.0387011207640171 15.119096269365398 5.6379279382526857 6.2809023503214112 7.2080604992806903 3.0783436554484096 3.7975072450935841 3.4761221259832373 5.3790204152464858 4.9760788017883888 24.464604122564197 0.45568133704364377 0.40249256230890829 1.4027668111957607 6.3050598991103461 1.1643977165222166 937.53777227271348 16.386658453848213 5.9000590811483553 89.73760174238123 13.209474358242003
leaf_count=13257 25 1601 114 169 17 53 30 30 657 25 138 34 41 65 34 32 23 31 32 157 19 21 93 164 11 6713 134 35 670 88
internal_value=-0.0010556 0.00200087 0.00180969 -0.0357753 -0.00379449 0.0020809 0.00192989 -0.0600855 0.00210429 0.051835 0.00191142 -0.0110368 -0.00267262 -0.0099503 -0.00125713 0.0396441 0.00761412 0.00139981 -0.00808906 0.00627124 -0.0541271 -0.061376 0.0335281 0.00282739 -0.0401718 0.00312536 0.0140729 0.0207252 0.0248468 0.0319052
internal_weight=1233.33 1184.55 1181.46 8.46435 5.19768 1173 1169.93 3.28091 1166.65 4.50714 1162.14 76.7795 64.2986 54.8631 47.6551 9.43544 41.3742 37.898 32.519 27.5429 12.4809 12.0252 1.80526 1085.36 7.46946 1077.89 140.353 123.966 118.066 102.947
internal_count=24513 11256 9655 300 186 9355 9302 60 9242 50 9192 1239 449 383 318 66 277 254 223 191 790 771 114 7953 175 7778 1065 931 896 758
is_linear=0
shrinkage=0.1


Tree=188
num_leaves=31
num_cat=0
split_feature=0 4 7 3 8 0 4 8 4 8 10 9 0 9 0 9 11 0 9 5 8 0 1 9 12 3 7 12 9 11
split_gain=32.0428 0.941156 3.09245 0.77515 4.91708 3.11564 1.6114 1.85338 1.65386 1.86773 1.60984 1.11426 1.90503 1.08404 2.32733 1.36402 2.53961 1.16806 0.963318 3.45899 4.61603 3.27333 2.79117 2.57407 2.40096 2.54168 2.32555 1.82035 1.70944 2.38503
threshold=29.500000000000004 17.500000000000004 13.500000000000002 1.0000000180025095e-35 0.34330357142857143 21.500000000000004 3.5000000000000004 0.091750841750841708 5.5000000000000009 0.18441295546558703 2.5000000000000004 323.47114845938387 24.500000000000004 421.79588235294119 24.500000000000004 359.33841503267979 3.5000000000000004 24.500000000000004 438.77367216117221 3.5000000000000004 0.27675941080196403 21.500000000000004 1.5000000000000002 421.79588235294119 8.5000000000000018 2.5000000000000004 -1.0000000180025095e-35 4.5000000000000009 480.64579124579126 4.5000000000000009
decision_type=2 2 2 2 2 2 2 2 2 2 2 2 2 2 2 2 2 2 2 2 2 2 2 2 2 2 2 2 2 2
left_child=1 3 -3 4 6 -6 11 -8 9 -9 -11 12 -1 15 -15 16 -13 -17 23 20 21 22 24 -5 -20 -26 -25 -23 29 -22
right_child=-2 2 -4 18 5 -7 7 8 -10 10 -12 13 -14 14 -16 17 -18 -19 19 -21 28 27 -24 26 25 -27 -28 -29 -30 -31
leaf_value=0.083040671612943498 -0.075285669868840915 -0.077470941470296137 0.26924625932084445 0.0019011795073471936 0.025819674814452305 -0.15631875292970165 -0.10963932064511926 0.068597227699175159 0.08243011648891449 -0.093940404082900039 0.023586009077746051 -0.033027798995978817 -0.093183584057306562 0.068260767550983092 -0.091765813689345097 0.08861595827162623 0.14211614221914709 0.19720164167463808 0.085009517450188421 0.047617399688252383 0.077330470527701173 -0.052357265340392659 -0.1863495651446635 0.069619558155292277 0.07754831407538737 -0.21455715854428262 -0.036218668824399412 -0.12519217326976126 0.11974014586045123 -0.083648806481177382
leaf_weight=1.203629523981369 56.106193105515558 3.2079320168122645 0.27967518568038929 1015.3336896429537 1.5326659309212112 2.4253449384123087 1.2545781424269069 2.2171561077702773 2.9284226789604872 2.6683364640921354 2.0693712923675776 1.9073774063726872 1.2510381359606979 3.9084324672585353 1.1841587498784063 2.7293729928787798 1.4628476242069153 1.5550873130559919 3.3866218781331616 7.0275084855966261 2.1013284268556158 10.37612636759877 0.6062717098975553 9.921801330172455 0.55342044809367485 0.64511454326566309 2.6254044049419454 5.1269523389637461 2.0902830256382003 1.6375893788645042
leaf_count=50 13638 300 7 9545 54 12 14 32 33 17 44 32 10 81 7 69 23 7 99 68 37 39 9 114 46 17 43 25 32 9
internal_value=-0.00157821 0.0021977 -0.0496673 0.00236339 0.018135 -0.085789 0.0337514 0.00485492 0.0193888 -0.00715552 -0.0426063 0.0549226 -0.00677322 0.066803 0.0310505 0.0905889 0.0429935 0.128028 0.0019132 -0.0147614 -0.0312888 -0.0534297 0.0152982 0.00245748 0.041961 -0.0796782 0.0474737 -0.0764442 0.0473144 0.00682398
internal_weight=1151.32 1095.22 3.48761 1091.73 30.2978 3.95801 26.3398 11.1379 9.88329 6.95486 4.73771 15.2019 2.45467 12.7473 5.09259 7.65469 3.37023 4.28446 1061.43 33.5512 26.5237 20.6945 5.19143 1027.88 4.58516 1.19853 12.5472 15.5031 5.8292 3.73892
internal_count=24513 10875 307 10568 485 66 419 140 126 93 61 279 60 219 88 131 55 76 10083 381 313 235 171 9702 162 63 157 64 78 46
is_linear=0
shrinkage=0.1


Tree=189
num_leaves=31
num_cat=0
split_feature=0 4 0 10 4 11 0 5 12 5 7 9 6 11 9 10 9 9 6 8 8 7 11 5 3 5 6 8 8 8
split_gain=12.6549 1.29861 0.890207 3.4116 1.39162 1.08306 1.32114 2.87958 1.15729 2.98555 2.13383 3.3327 3.13367 2.00402 1.49499 1.07567 1.03809 1.50824 0.873322 2.20385 3.58151 2.01683 1.51312 0.870814 2.27953 1.16752 4.62606 2.6056 3.95095 2.08953
threshold=42.500000000000007 5.5000000000000009 39.500000000000007 19.500000000000004 4.5000000000000009 4.5000000000000009 41.500000000000007 4.5000000000000009 2.5000000000000004 6.5000000000000009 -6.4999999999999991 251.58103038936375 6.5000000000000009 1.5000000000000002 253.65381720430108 1.0000000180025095e-35 252.61076388888893 232.97789855072466 14.500000000000002 0.26209992193598758 0.22016949152542373 -11.499999999999998 2.5000000000000004 8.5000000000000018 3.5000000000000004 4.5000000000000009 12.500000000000002 0.34514106583072107 0.34248120300751878 0.084039548022598873
decision_type=2 2 2 2 2 2 2 2 2 2 2 2 2 2 2 2 2 2 2 2 2 2 2 2 2 2 2 2 2 2
left_child=2 -2 18 15 -5 8 16 -8 9 -6 14 12 -12 -13 -10 -4 17 -7 21 20 -20 22 -1 25 -25 26 -23 28 29 -27
right_child=1 -3 3 4 5 6 7 -9 10 -11 11 13 -14 -15 -16 -17 -18 -19 19 -21 -22 23 -24 24 -26 27 -28 -29 -30 -31
leaf_value=-0.096356882760507342 0.062645023230491759 -0.075299620305353018 0.05638884263171462 -0.081705945863576337 -0.08118578747559535 -0.080235295558164763 -0.07801368674556404 0.21103148513823863 0.052232318641454945 0.13194976191306024 0.10374262867131892 0.16768683042691659 -0.081030082008212351 0.050244929918161152 -0.058731834332967248 -0.075628256425133655 -0.082972215096405025 0.089477987496588918 0.049812338203962761 0.075605520680931418 -0.074880659751330722 0.0026081986811665745 -0.011729367353930709 0.10391703535492747 -0.0072088122471175332 -0.058317217794684566 0.11099597174123271 -0.035562360283284612 0.11716983324154016 -0.0010126516743124961
leaf_weight=3.5617771595716459 0.70294772973284381 23.400762628560187 0.66478848084807296 1.7636174978688384 2.6673118709586627 1.0118407974950963 0.70736921392381169 0.67219082312658429 1.9486003639176548 0.87210909696295846 1.5001285257749173 2.9835897572338581 2.3647489491850138 2.8322225557640195 3.2212957991287112 8.6201590176206064 3.1917538596317172 1.0853286786004899 5.3748788312077505 5.60118194669485 4.0309927873313427 1596.4757157837739 5.1933100242167711 2.98746951855719 4.8308890480548143 6.5220753487083121 3.9475071914494029 23.989080416969955 2.7918956317007533 261.09926927584456
leaf_count=21 25 6966 9 27 68 25 27 15 29 12 16 32 65 42 56 1271 53 15 37 34 25 13350 41 22 31 71 21 179 20 1908
internal_value=0.000740539 -0.0712767 0.00162506 -0.0139316 0.00415369 0.0101965 -0.0243279 0.0628236 0.0227155 -0.0286694 0.0349624 0.0626634 -0.00931169 0.110494 -0.016908 -0.066176 -0.0470605 0.00759485 0.00191664 0.0259459 -0.00362626 0.00172798 -0.0461578 0.00194833 0.0352534 0.0018109 0.00287554 -0.00397665 -0.00117459 -0.00240919
internal_weight=1986.62 24.1037 1962.51 36.1071 26.8221 25.0585 6.66848 1.37956 18.39 3.53942 14.8506 9.68069 3.86488 5.81581 5.1699 9.28495 5.28892 2.09717 1926.41 15.0071 9.40587 1911.4 8.75509 1902.64 7.81836 1894.83 1600.42 294.402 270.413 267.621
internal_count=24513 6991 17522 1762 482 455 135 42 320 80 240 155 81 74 85 1280 93 40 15760 96 62 15664 62 15602 53 15549 13371 2178 1999 1979
is_linear=0
shrinkage=0.1


Tree=190
num_leaves=31
num_cat=0
split_feature=0 3 9 0 11 5 4 5 0 8 0 12 4 5 9 13 3 4 8 6 10 4 12 3 8 8 7 6 13 10
split_gain=11.8577 1.33266 5.77996 1.15739 1.93014 1.12762 0.84234 1.30284 2.13329 0.791646 0.805829 1.98588 4.19237 1.99715 4.43618 1.23906 1.21593 1.13106 0.982428 1.23463 1.45406 2.10574 1.4398 1.55658 0.993248 0.915192 1.43004 0.873729 2.48576 2.99989
threshold=24.500000000000004 6.5000000000000009 328.81087622549029 23.500000000000004 5.5000000000000009 3.5000000000000004 2.5000000000000004 2.5000000000000004 37.500000000000007 0.45080645161290328 26.500000000000004 10.500000000000002 17.500000000000004 1.0000000180025095e-35 155.44709045780476 0.48529411764705882 9.5000000000000018 20.500000000000004 0.38956639566395673 10.500000000000002 18.500000000000004 15.500000000000002 8.5000000000000018 10.500000000000002 0.38047619047619047 0.37602459016393447 -1.0000000180025095e-35 4.5000000000000009 1.0954545454545457 11.500000000000002
decision_type=2 2 2 2 2 2 2 2 2 2 2 2 2 2 2 2 2 2 2 2 2 2 2 2 2 2 2 2 2 2
left_child=1 -1 3 -3 5 -5 7 -2 -9 10 11 13 16 14 -8 -16 -13 -15 24 20 21 -20 23 -23 25 27 -27 28 29 -12
right_child=6 2 -4 4 -6 -7 9 8 -10 -11 18 12 -14 17 15 -17 -18 -19 19 -21 -22 22 -24 -25 -26 26 -28 -29 -30 -31
leaf_value=-0.07526858419633628 -0.15735461404563292 -0.075535299940724707 0.58673158683822946 -0.077376469626074765 0.13718968859876265 0.097313662632111053 0.32434614826339048 -0.069916027518276705 0.098566145336816624 -0.047418060249601365 0.0031931400273625433 -0.076202428309423462 0.2695008574532396 -0.055304803112516468 0.12428542227060456 -0.07693417516401295 0.10568447370705257 0.08556820889064265 0.082481000521746992 0.080436121789925749 -0.053497471772908402 -0.015582760043501349 -0.053221656198619252 0.076715139168188728 -0.033482140592495498 0.090701726379867897 -0.010091225356170436 0.00075049399609394189 -0.0039390249624557255 0.025738514486882913
leaf_weight=21.718741649674488 0.80476148962043126 3.8004480585223055 0.15104861836880434 1.7828658916987485 0.8308797227218746 0.46611763909459103 0.47872538119554819 2.3519070988986646 1.104431379586458 3.2698249854147425 147.17524829198373 1.1911521563306444 0.70435178466141213 11.988496626261618 0.41682729823514808 1.1511996812187133 0.53155949153006066 0.59838767442852336 4.5292666987516048 3.2198100099340072 2.7662271184381089 4.0722355088219029 3.3482454866170883 3.3143569012754597 7.9556775624514549 2.9224910885095596 2.7156219434691584 1580.5690497568576 154.97232428181451 98.530332567752339
leaf_count=7339 46 590 30 127 22 17 6 82 6 32 956 124 5 899 16 82 9 11 38 21 28 27 17 20 54 20 20 12158 1020 691
internal_value=0.000755332 -0.0630184 -0.0251796 -0.0386134 0.00694702 -0.0411707 0.00165381 -0.0427611 -0.0160796 0.00174674 0.00182581 -0.019816 0.0639589 -0.0337105 0.0579023 -0.0234441 -0.0200794 -0.0486076 0.00200895 0.0233969 0.0132109 0.0253001 0.00117426 0.0258312 0.00178112 0.00192231 0.0421544 0.00180782 0.00597871 0.0122341
internal_weight=2069.43 28.7501 7.03136 6.88031 3.07986 2.24898 2040.68 4.2611 3.45634 2036.42 2033.15 17.0607 2.42706 14.6336 2.04675 1.56803 1.72271 12.5869 2016.09 21.2501 18.0303 15.2641 10.7348 7.38659 1994.84 1986.89 5.63811 1981.25 400.678 245.706
internal_count=24513 8125 786 756 166 144 16388 134 88 16254 16222 1152 138 1014 104 98 133 910 15070 151 130 102 64 47 14919 14865 40 14825 2667 1647
is_linear=0
shrinkage=0.1


Tree=191
num_leaves=31
num_cat=0
split_feature=0 0 4 8 8 13 5 13 7 12 8 6 0 5 4 11 13 10 12 9 9 7 4 13 10 0 8 10 13 7
split_gain=25.8439 1.4841 1.1305 0.99873 2.1318 1.57742 1.22201 3.40507 3.5086 3.81174 3.64972 2.63855 2.48452 2.48359 2.10356 2.2887 2.61409 2.08463 2.88283 2.80838 5.07203 3.20256 2.04494 2.01556 1.89686 1.62851 1.59018 4.59901 2.77807 2.49135
threshold=34.500000000000007 53.500000000000007 5.5000000000000009 0.069366479550922219 0.088562091503267909 1.083916083916084 7.5000000000000009 1.0557275541795668 -1.0000000180025095e-35 1.5000000000000002 0.31957446808510642 16.500000000000004 42.500000000000007 9.5000000000000018 20.500000000000004 2.5000000000000004 1.297058823529412 17.500000000000004 9.5000000000000018 192.47772702104101 229.30280388471181 -10.499999999999998 18.500000000000004 0.78888888888888908 18.500000000000004 45.500000000000007 0.36700680272108849 13.500000000000002 1.1791443850267382 3.5000000000000004
decision_type=2 2 2 2 2 2 2 2 2 2 2 2 2 2 2 2 2 2 2 2 2 2 2 2 2 2 2 2 2 2
left_child=-1 2 -2 -4 5 -5 26 8 9 12 11 17 -8 14 15 16 -9 18 22 -19 23 -22 -11 -21 -18 -17 -6 -28 29 -29
right_child=1 -3 3 4 6 -7 7 13 -10 10 -12 -13 -14 -15 -16 25 24 19 -20 20 21 -23 -24 -25 -26 -27 27 28 -30 -31
leaf_value=-0.075253188416397748 -0.045535061969637788 0.07509736281969559 0.059946568993417194 -0.017529264238474125 0.0016317185973348603 -0.12647070483810438 -0.0089814181723231259 0.05704551603208409 0.071454462993435927 -0.063605501163124911 0.096321987725106084 0.07657806044069955 -0.14044998630916436 -0.022714050208823985 0.095100256228587268 0.091758199675677235 -0.11472144519384933 0.091114885148800825 -0.12681104043225475 -0.017962202502773521 -0.070895119092540801 0.082789776769436274 0.025334511067222062 -0.1288220251816285 0.010686859737521032 0.017139583688841099 0.04619440857232205 -0.06625208325813875 -0.15119095133590713 0.050511223078908984
leaf_weight=45.139492367248749 5.0509596699848762 2.7592897054273626 2.9542276668362311 3.42132510151714 1064.4474054896273 2.173452565446496 2.4204720552079371 3.7139795264229232 5.5800365423783651 5.5327469948679227 3.4969397354871026 3.122029243502765 3.5395291480235755 5.6064781993627539 7.6078833187930277 7.2172049165237677 2.5127501131501049 3.0218988023698357 3.515962485689669 3.0085532404482347 1.8247540043666948 5.2774219783023009 4.8524476997554302 3.6053488086909056 2.3193845730274916 4.9177331207320094 5.7104890621267286 7.3390016546472889 2.7354220640845588 2.433200974483043
leaf_count=13257 261 1601 19 34 8517 18 26 23 55 31 28 31 24 41 53 52 16 17 19 20 23 57 31 24 28 38 46 74 31 18
internal_value=-0.000992165 0.00184447 0.00167303 0.00187615 0.00172964 -0.0598507 0.00202528 0.0137423 -0.00316972 -0.0128047 -0.000926742 -0.0109996 -0.0870581 0.03809 0.0501406 0.0336014 -0.00603941 -0.0199235 -0.0485457 0.00384765 -0.0153789 0.0433037 -0.0220486 -0.0783937 -0.0545265 0.0615187 0.00113034 -0.0281642 -0.0621134 -0.0371789
internal_weight=1226.86 1181.72 1178.96 1173.91 1170.95 5.59478 1165.36 82.6936 48.7981 43.2181 37.2581 33.7612 5.96 33.8954 28.2889 20.6811 8.54611 30.6391 13.9012 16.738 13.7161 7.10218 10.3852 6.6139 4.83213 12.1349 1082.67 18.2181 12.5076 9.7722
internal_count=24513 11256 9655 9394 9375 52 9323 637 386 331 281 253 50 251 210 157 67 222 81 141 124 80 62 44 44 90 8686 169 123 92
is_linear=0
shrinkage=0.1


Tree=192
num_leaves=31
num_cat=0
split_feature=0 3 0 9 9 9 13 8 9 8 4 13 8 9 7 13 4 12 9 10 9 9 5 7 9 11 8 8 8 11
split_gain=29.5911 0.89815 1.88204 1.48281 2.38186 1.89538 2.03556 1.42133 1.58643 1.28734 1.51896 2.97347 1.81982 1.17969 1.07139 2.10998 0.964078 0.846435 0.722254 1.92802 3.12845 2.66306 2.38958 2.37624 1.02039 2.61542 2.85198 2.42726 6.35265 2.48412
threshold=29.500000000000004 8.5000000000000018 24.500000000000004 193.04488854057823 156.74375000000003 230.43450317124737 1.2792207792207795 0.24807692307692308 175.35273550724642 0.16405676535356004 13.500000000000002 1.297058823529412 0.29805897723030988 266.96449683321617 10.500000000000002 1.1715686274509807 12.500000000000002 4.5000000000000009 165.88075633773312 9.5000000000000018 137.05471014492755 137.05471014492755 2.5000000000000004 1.0000000180025095e-35 216.18605442176872 1.5000000000000002 0.12933094384707286 0.29289318755256516 0.27100988700564976 5.5000000000000009
decision_type=2 2 2 2 2 2 2 2 2 2 2 2 2 2 2 2 2 2 2 2 2 2 2 2 2 2 2 2 2 2
left_child=1 18 3 4 9 6 17 16 -9 -3 -11 12 -12 -7 -4 -16 -6 -5 19 20 -1 -21 -23 -22 25 26 -20 28 -27 -29
right_child=-2 2 14 5 7 13 -8 8 -10 10 11 -13 -14 -15 15 -17 -18 -19 24 21 23 22 -24 -25 -26 27 -28 29 -30 -31
leaf_value=-0.032575892068265437 -0.075264891235399811 0.050048055791811909 -0.076184130879522749 0.10755283926433575 -0.12964048263212866 -0.061678332454026485 -0.018942736323898451 0.048464603860356607 -0.064782107709760769 -0.047646298975046082 -0.086332471817888584 0.13256768481698664 0.036885041706760456 0.020153472027775 -0.075945962166109271 0.25875117949830673 -0.043426546827535856 0.037298827491405916 0.056640978889843666 0.057732389860562339 -0.015918709776314027 -0.11494831675446023 0.04779954557893374 0.10731307204161587 0.0030774926782360956 0.0020258774435101016 -0.059336503838157917 -0.0078998052206446824 0.14390671520050144 -0.10499139656225985
leaf_weight=3.6042241222457987 51.929476038872963 4.6100318320095601 5.7385117688681921 3.9746512062847632 2.9849741198122484 3.4980371594429007 3.2108994033187628 2.1018443871289492 3.0063038943335414 6.095077879726885 2.1930703963153064 1.7677172888070343 2.6433619614690542 3.5490068569779396 0.51459344523027528 0.29709982872009277 2.2937445621937513 3.0164730101823807 2.4692427116679054 2.7399684283882371 2.0476212986977753 3.1212328709661961 1.2689645076170561 6.635335803963244 958.98747518495657 27.03618264338002 15.004463565768672 11.035103153320959 3.572819866007193 3.4618601771071544
leaf_count=33 13638 21 473 27 17 31 27 21 25 31 33 20 24 25 41 13 35 23 37 45 38 56 24 60 9012 313 180 111 37 42
internal_value=-0.00151024 0.00199558 -0.010896 -0.00359779 -0.017932 0.0194181 0.0469684 -0.055789 -0.0181846 0.004785 -0.0116463 0.0215788 -0.0189877 -0.0204665 -0.0609736 0.0465615 -0.0921782 0.0772402 0.0026333 0.0217389 0.045743 -0.0196264 -0.0679069 0.0782525 0.00227015 -0.0101018 -0.0429475 0.00262236 0.0185868 -0.0310852
internal_weight=1144.41 1092.48 51.4954 44.9452 27.6961 17.2491 10.202 10.3869 5.10815 17.3093 12.6992 6.60415 4.83643 7.04704 6.55021 0.811693 5.27872 6.99112 1040.98 19.4173 12.2872 7.13017 4.3902 8.68296 1021.57 62.5797 17.4737 45.106 30.609 14.497
internal_count=24513 10875 887 360 227 133 77 98 46 129 108 77 57 56 527 54 52 50 9988 256 131 125 80 98 9732 720 217 503 350 153
is_linear=0
shrinkage=0.1


Tree=193
num_leaves=31
num_cat=0
split_feature=0 10 7 0 13 5 9 12 9 0 0 0 8 10 10 12 9 10 0 13 9 0 0 1 12 11 11 10 12 7
split_gain=11.6323 1.28379 0.894169 3.92816 1.856 3.19725 2.55081 4.23081 4.20159 2.48099 2.31618 4.12502 2.38879 3.49471 3.43239 2.64016 4.91146 3.95422 2.90769 2.7746 2.61945 2.03078 2.42787 2.01024 1.98077 1.94229 2.29996 1.89759 2.71032 3.49906
threshold=42.500000000000007 22.500000000000004 1.0000000180025095e-35 37.500000000000007 0.25833333333333336 1.5000000000000002 394.49597222222229 10.500000000000002 334.09273657628927 23.500000000000004 30.500000000000004 27.500000000000004 0.2956145966709347 7.5000000000000009 4.5000000000000009 7.5000000000000009 374.04469362745107 6.5000000000000009 22.500000000000004 1.1791443850267382 352.28435592185599 21.500000000000004 19.500000000000004 1.5000000000000002 2.5000000000000004 4.5000000000000009 2.5000000000000004 11.500000000000002 1.5000000000000002 2.5000000000000004
decision_type=2 2 2 2 2 2 2 2 2 2 2 2 2 2 2 2 2 2 2 2 2 2 2 2 2 2 2 2 2 2
left_child=2 -2 -1 4 5 9 8 21 27 25 11 12 15 14 20 18 17 -17 19 -10 -14 22 -8 -20 -21 26 -4 28 29 -6
right_child=1 -3 3 -5 6 -7 7 -9 10 -11 -12 -13 13 -15 -16 16 -18 -19 23 24 -22 -23 -24 -25 -26 -27 -28 -29 -30 -31
leaf_value=0.0032888375490470684 -0.075292025387630093 0.061632526006056988 -0.071734012377320397 -0.051957407265523219 -0.0471539932660823 0.085800308893964061 0.046816602974595944 0.14879050440980543 -0.070378691782176456 0.050886869848258326 0.053723280146236264 -0.13937666738265625 0.087460706120871104 0.096678032046604259 -0.084104509874151731 0.082534550740021848 -0.10702276971031702 -0.047748830382132401 -0.058576174579366785 -0.033542574024912827 -0.031847691845032944 0.049500355449845795 -0.080227023484862617 -0.14589591715756198 0.095010611076937868 -0.097839946248733878 0.057832849652034807 -0.012895867126421349 0.0049562217598269976 -0.00017550414650546793
leaf_weight=1160.4710377434385 21.685349608393157 0.70707447826862235 2.3934719562530535 14.880704623181371 23.766540088923648 6.7638758568791664 2.5684846090152877 2.8468456553528076 6.0900149237131718 6.2078584488481274 3.2784380074590436 3.4050048459321252 3.4954117499291879 3.392002909211441 4.7822507921955548 5.9199760314077121 3.4852538304403415 3.8411721364827827 5.671754524111746 2.3754952689632773 3.8861121931113303 7.6160525027662516 3.63041902333498 4.9265149161219597 2.4192490759305656 2.9498486803495325 3.2040709720458835 93.0330152194947 523.26074137102114 47.624541745753959
leaf_count=10863 6965 26 39 1273 164 44 55 17 66 37 24 35 22 19 48 44 23 33 27 20 26 42 26 29 33 36 31 664 3479 303
internal_value=0.000697618 -0.0709684 0.00151714 -0.00106023 -9.27338e-05 0.028869 -0.000911358 0.0377853 -0.0017772 0.0027714 -0.0278752 -0.0328577 -0.0256449 0.00692159 -0.018108 -0.0402319 -0.00511916 0.0312659 -0.0618824 -0.0255801 0.024649 0.0149105 -0.0275871 -0.099166 0.0313206 -0.0321742 0.00243093 0.000384783 0.00246253 -0.0158149
internal_weight=1980.58 22.3924 1958.19 797.715 782.834 21.5191 761.315 16.6618 744.653 14.7553 56.9687 53.6902 50.2852 15.5558 12.1638 34.7294 13.2464 9.76115 21.483 10.8848 7.38152 13.815 6.1989 10.5983 4.79474 8.54739 5.59754 687.685 594.652 71.3911
internal_count=24513 6991 17522 6659 5386 187 5199 140 5059 143 449 425 390 115 96 275 100 77 175 119 48 123 81 56 53 106 70 4610 3946 467
is_linear=0
shrinkage=0.1


Tree=194
num_leaves=31
num_cat=0
split_feature=0 3 9 0 11 5 4 3 0 8 6 6 8 7 1 8 5 12 12 13 13 9 6 7 7 11 5 7 7 1
split_gain=10.8473 1.31557 4.3794 1.09853 1.53785 1.00628 0.81432 3.35784 2.76873 1.56468 1.37399 2.03016 2.4007 2.12441 2.67013 2.14585 1.59484 1.85983 3.59083 2.67351 2.96824 2.2503 1.03675 0.996202 1.6126 1.54645 1.4811 2.55642 2.69702 2.56355
threshold=24.500000000000004 6.5000000000000009 346.12369047619057 23.500000000000004 5.5000000000000009 3.5000000000000004 5.5000000000000009 4.5000000000000009 30.500000000000004 0.34118625277161868 9.5000000000000018 10.500000000000002 0.22016949152542373 -10.499999999999998 1.0000000180025095e-35 0.22767145135566183 1.5000000000000002 7.5000000000000009 4.5000000000000009 0.62828947368421062 1.297058823529412 299.36122922776156 4.5000000000000009 -12.499999999999998 -11.499999999999998 2.5000000000000004 7.5000000000000009 -1.0000000180025095e-35 -1.4999999999999998 3.5000000000000004
decision_type=2 2 2 2 2 2 2 2 2 2 2 2 2 2 2 2 2 2 2 2 2 2 2 2 2 2 2 2 2 2
left_child=1 -1 3 -3 5 -5 7 8 -2 10 16 12 -12 15 -15 -13 22 18 19 -18 -21 -22 -10 -8 25 -25 -26 28 -28 -29
right_child=6 2 -4 4 -6 -7 23 -9 9 -11 11 13 -14 14 -16 -17 17 -19 -20 20 21 -23 -24 24 26 -27 27 29 -30 -31
leaf_value=-0.075249194463682875 -0.075681551475490993 -0.075497172243721503 0.44735854879607201 -0.07720863051927751 0.11530463570701908 0.086894939714312378 -0.029580701534761136 0.13863511677699267 0.064385395383395147 0.046474165175386661 0.11242382005152013 -0.018215250963019073 0.0039197554084329086 -0.087688943411688675 0.019638822286802599 0.088258473951063551 0.041604308178082965 0.0058724609705312174 -0.094774989144943436 -0.088830509443914671 0.074312335645970548 -0.039885626117342615 -0.016890468733309748 0.099660317596168821 0.0026129141700588338 0.0071984067802711412 -0.0077803147602818193 -0.025567433343168928 0.077031858687844207 -0.13337294466107774
leaf_weight=20.083719697111523 6.083379447925835 3.5901819498976684 0.19123969366773952 1.6539428515825427 0.90655883401632298 0.48272439092397679 9.9583943209727277 1.5328755914233614 3.4095785655081263 5.3664433313533655 3.5173221603035945 4.3105739746242788 4.8520654765889049 5.4677473558112961 4.0237942170351744 3.3747499988530762 5.5161188971251311 12.011507203802465 8.6460667373612505 6.6759509043768031 2.7757648043334484 4.5605767741799355 2.9080645749345422 3.3038061652332535 1830.6123091296759 3.9976291488856077 89.49122898420319 8.0997741958708485 3.9134068302810183 3.031252807355485
leaf_count=7339 734 598 21 127 23 17 70 15 33 41 29 27 30 32 29 27 38 79 63 46 20 37 18 24 14171 28 602 96 46 53
internal_value=0.000716792 -0.0623598 -0.0244288 -0.0380303 0.00617045 -0.0401337 0.00154984 -0.00802977 -0.0107222 -0.00561771 -0.00949764 0.00913415 0.0495197 -0.0105436 -0.042189 0.0285391 -0.0197328 -0.0270755 -0.0411221 -0.0173676 -0.0405827 0.00332211 0.0269734 0.00196706 0.0021288 0.0490362 0.00195181 -0.00962533 -0.00422691 -0.0549255
internal_weight=2064.35 26.9084 6.82465 6.63341 3.04323 2.13667 2037.44 85.0326 83.4997 77.4163 72.0499 25.5463 8.36939 17.1769 9.49154 7.68532 46.5036 40.186 28.1745 19.5284 14.0123 7.33634 6.31764 1952.41 1942.45 7.30144 1935.15 104.536 93.4046 11.131
internal_count=24513 8125 786 765 167 144 16388 1298 1283 549 508 174 59 115 61 54 334 283 204 141 103 57 51 15090 15020 52 14968 797 648 149
is_linear=0
shrinkage=0.1


Tree=195
num_leaves=31
num_cat=0
split_feature=0 0 0 4 13 13 7 8 13 13 8 12 3 13 9 8 12 4 9 13 9 9 13 11 12 8 8 8 12 5
split_gain=23.8896 1.33234 1.05029 2.24012 1.26229 1.57399 1.31237 6.34198 1.41107 2.55695 1.61305 1.66631 1.9641 1.42582 1.71786 1.30121 1.55713 3.83187 1.36652 1.09491 2.47649 3.18229 1.77392 1.17117 1.07199 1.06346 1.64209 1.11375 3.01529 1.40981
threshold=34.500000000000007 53.500000000000007 38.500000000000007 12.500000000000002 1.5339366515837105 1.4833333333333336 -5.4999999999999991 0.2965856481481482 1.1339285714285716 1.1503759398496243 0.23660287081339706 4.5000000000000009 12.500000000000002 1.2679425837320577 185.68763888888893 0.24283374283374284 1.5000000000000002 17.500000000000004 115.78878119429591 0.94987468671679209 216.87142547928264 222.48050435227856 1.0501253132832082 1.5000000000000002 11.500000000000002 0.069366479550922219 0.088562091503267909 0.10889328063241101 6.5000000000000009 3.5000000000000004
decision_type=2 2 2 2 2 2 2 2 2 2 2 2 2 2 2 2 2 2 2 2 2 2 2 2 2 2 2 2 2 2
left_child=-1 2 3 -2 5 6 7 -5 15 -10 24 13 -13 -12 -15 16 17 -8 -18 20 -20 -22 23 -21 -11 -4 -27 28 29 -28
right_child=1 -3 25 4 -6 -7 8 -9 9 10 11 12 -14 14 -16 -17 18 -19 19 22 21 -23 -24 -25 -26 26 27 -29 -30 -31
leaf_value=-0.075234774275574762 -0.075498525769557831 0.075087113071817563 0.063967151916340725 -0.076831796176047171 -0.082249713617446207 0.1383080455214942 0.31073633556039559 0.42199009511373298 0.15709538761448652 -0.077228554439925073 0.0035072872615646389 -0.077745116509319548 0.071502975984781517 0.04305987498166261 0.24374204456235413 -0.054536857331787127 0.1697583192135157 -0.076669354940804277 -0.077833397861891779 0.14150300109647243 0.2537049118675464 -0.076032248289219784 -0.077337154699073443 0.0020957435400707999 0.08217795677721057 -0.054087087344971412 -0.0030158871805452264 0.0018129599528364704 -0.033958073249154071 0.074190261787532047
leaf_weight=41.786121368641034 5.2234014307614407 2.4689538159873328 2.7721580527722827 0.70652830647304543 2.000449262559413 0.79801384871825476 0.50730681838468672 0.39871491445228457 1.2232280783355225 2.7987466920167194 1.1458691181614997 2.0194262452423577 1.5651541110128162 0.8182371351867912 0.8910638028755784 8.129947485169394 0.3899408495053639 0.51400322373956442 4.9508292628452164 1.2072174060158438 0.56813008198514559 0.6036994056776166 1.1892331126146016 1.2032949835993347 0.49674949515610922 5.2045322954654685 3.1807917887344983 1112.1850492651574 5.6099014570936552 9.2233866881579143
leaf_count=13257 728 1601 13 42 73 17 19 16 26 134 28 79 13 28 20 336 8 26 197 15 9 44 50 40 7 28 26 7541 36 56
internal_value=-0.000927382 0.001704 0.00155014 -0.0145121 -0.00517738 -0.000378074 -0.00391088 0.103117 -0.00782499 0.0208238 0.00370131 0.0328203 -0.0125781 0.0898166 0.147676 -0.0241224 -0.00191332 0.115763 -0.0137982 -0.0211602 -0.0468919 0.083832 0.0226057 0.0719128 -0.0532003 0.00210545 0.00195441 0.00221248 0.0268785 0.0543924
internal_weight=1221.78 1179.99 1177.53 39.3492 34.1258 32.1253 31.3273 1.10524 30.2221 10.9585 9.73525 6.43975 3.58458 2.85517 1.7093 19.2636 11.1337 1.02131 10.1123 9.7224 6.12266 1.17183 3.59975 2.41051 3.2955 1138.18 1135.4 1130.2 18.0141 12.4042
internal_count=24513 11256 9655 1955 1227 1154 1137 58 1079 335 309 168 92 76 48 744 408 45 363 355 250 53 105 55 141 7700 7687 7659 118 82
is_linear=0
shrinkage=0.1


Tree=196
num_leaves=31
num_cat=0
split_feature=0 4 7 1 1 3 9 7 9 8 12 8 11 2 9 13 1 6 8 9 4 0 11 8 10 13 10 13 8 8
split_gain=27.3479 0.80285 2.37228 0.702077 0.882937 1.99529 1.8721 4.72642 0.942274 0.791832 2.36801 3.19216 2.93169 2.17065 4.77538 3.16873 3.14632 2.9636 4.98919 2.95552 2.88033 2.61098 2.03753 2.2542 1.65794 2.45882 1.48445 1.46866 1.40208 1.39195
threshold=29.500000000000004 17.500000000000004 13.500000000000002 5.5000000000000009 4.5000000000000009 11.500000000000002 197.53988095238094 5.5000000000000009 154.17960588793923 0.36899313501144165 3.5000000000000004 0.45080645161290328 5.5000000000000009 1.5000000000000002 369.33606934001676 1.1055555555555558 1.5000000000000002 5.5000000000000009 0.3874259381171824 328.81087622549029 5.5000000000000009 24.500000000000004 2.5000000000000004 0.43019480519480519 5.5000000000000009 0.78888888888888908 6.5000000000000009 1.1055555555555558 0.38956639566395673 0.39602987421383651
decision_type=2 2 2 2 2 2 2 2 2 2 2 2 2 2 2 2 2 2 2 2 2 2 2 2 2 2 2 2 2 2
left_child=1 3 -3 4 5 9 8 -8 -6 -1 11 12 24 14 19 16 28 18 -16 20 -12 -21 23 -17 29 -26 -24 -13 -15 -11
right_child=-2 2 -4 -5 6 -7 7 -9 -10 10 13 27 -14 15 17 22 -18 -19 -20 21 -22 -23 26 -25 25 -27 -28 -29 -30 -31
leaf_value=0.0027693533749886677 -0.075245564074764765 -0.077424473788486742 0.20239896859361273 -0.043949082425809277 0.030917873380587841 -0.08036233305928947 0.087052232573982674 -0.11903530570212939 0.1139048950494856 -0.072727752123844594 -0.058618338972095702 0.085868297220760725 0.051810801797207554 -0.042944778889763779 -0.16385154839153376 0.094100387248000406 0.043980109183555598 -0.13965858948032334 0.10692799466021696 0.064771577899533944 0.065150107847324293 0.20020403059682546 0.012546148462919324 -0.012044509117215874 -0.17467993987209027 -0.057907647383557005 -0.078586864512306079 -0.032622984427194253 -0.13872840071092857 0.0085965991765565956
leaf_weight=1004.1719833798707 48.065508599800523 2.8829653414431955 0.33854693314060558 3.3184111481532446 2.8378053698688728 2.9444815833121529 2.2174129460472614 2.2339650504291058 2.6420771386474371 4.831382990349093 2.9880793807096797 2.7974030703771851 2.3522687597433096 2.5900676725432294 1.0434316033497446 4.4515873979544249 2.0175041630864143 2.221177963539958 1.956053626257926 4.2254611070966339 5.0717099922476336 2.146697960793972 4.1733992091612881 3.6340815889416263 2.8651223707711315 4.8652371413772926 3.1262803021818399 1.6708037937059996 3.7277255525114015 3.729157350375317
leaf_count=9587 13638 300 7 42 20 93 17 25 24 46 54 32 22 23 17 45 30 17 38 61 54 8 34 30 35 76 39 26 29 44
internal_value=-0.00142536 0.00182966 -0.048018 0.00197741 0.00211807 0.00184352 0.031798 -0.0163747 0.0709293 0.0020696 -0.00849943 -0.0343535 -0.0525479 0.00527688 0.0298544 -0.0150856 -0.0647417 -0.052104 0.0127319 0.0595023 0.0192643 0.110397 0.0118165 0.0463939 -0.0676164 -0.101187 -0.026484 0.0415607 -0.0994606 -0.0373011
internal_weight=1138.14 1090.07 3.22151 1086.85 1083.53 1073.6 9.93126 4.45138 5.47988 1070.66 66.4846 23.1114 18.6432 43.3733 19.6526 23.7206 8.3353 5.22066 2.99949 14.4319 8.05979 6.37216 15.3853 8.08567 16.2909 7.73036 7.29968 4.46821 6.31779 8.56054
internal_count=24513 10875 307 10568 10526 10440 86 42 44 10347 760 281 223 479 249 230 82 72 55 177 108 69 148 75 201 111 73 58 52 90
is_linear=0
shrinkage=0.1


Tree=197
num_leaves=31
num_cat=0
split_feature=0 4 9 12 13 2 8 8 8 6 9 9 0 5 1 4 12 7 0 4 9 1 7 4 1 12 7 9 9 3
split_gain=10.6904 1.20835 0.874425 2.8863 2.59559 3.77226 2.52214 4.81676 4.51789 3.29208 3.28096 3.85016 3.213 1.88224 1.72235 1.48323 1.22129 1.14125 3.13417 2.1353 3.71692 3.5753 5.85856 2.31663 4.71607 3.14994 2.3715 7.987 6.57356 10.7085
threshold=42.500000000000007 5.5000000000000009 130.06276709401712 2.5000000000000004 1.3717105263157896 6.5000000000000009 0.31957446808510642 0.21103238866396759 0.19657494145199064 5.5000000000000009 126.47813870614037 115.78878119429591 20.500000000000004 2.5000000000000004 2.5000000000000004 20.500000000000004 1.5000000000000002 1.0000000180025095e-35 37.500000000000007 16.500000000000004 142.86127722406795 3.5000000000000004 -1.0000000180025095e-35 13.500000000000002 2.5000000000000004 8.5000000000000018 -1.0000000180025095e-35 172.97646198830412 212.73000140291811 5.5000000000000009
decision_type=2 2 2 2 2 2 2 2 2 2 2 2 2 2 2 2 2 2 2 2 2 2 2 2 2 2 2 2 2 2
left_child=2 -2 3 4 5 16 7 8 9 12 11 -9 -5 -14 -13 -8 -1 19 -19 20 -4 -21 -23 26 25 -25 27 -22 29 -28
right_child=1 -3 17 6 -6 -7 15 10 -10 -11 -12 14 13 -15 -16 -17 -18 18 -20 21 23 22 -24 24 -26 -27 28 -29 -30 -31
leaf_value=0.086882085322849703 0.055205031135847515 -0.075264067312115573 0.1075163185927218 -0.051723508302878467 0.1326996458524887 -0.066094686735507432 0.009821644311733874 -0.020466734177106861 0.1288026828184749 -0.057408511240533124 0.054413110054694985 -0.1662748514506627 0.1115049755731453 0.0057008096703176593 -0.06404739331232219 0.10512992963614405 0.011327370561027643 -0.0011244353678547612 -0.049496733615424011 -0.032233478553982273 -0.14339256140602247 -0.010237874409226671 0.27834271581956005 0.049709351641472901 -0.05130629887783951 -0.0065712965836885479 0.19349058069062453 0.0011605452753617801 0.0089554774924595106 -0.031300439648166201
leaf_weight=6.2940075211226922 0.73590488720219838 20.063040650304174 3.4423627267824477 2.9239734087605083 3.0663244675379238 3.0799581394530824 3.263916984666138 8.4219200043007749 3.4251775536686173 5.8609109199605873 2.6870628176257005 3.8047496988438061 4.562736548949033 2.6625561863183975 2.9076104371342808 3.2674814432393759 3.2411173656582832 725.70628163107904 13.646458568517117 30.87168691190891 3.8383010795805594 2.3369931457564235 1.0064528076909476 35.983430637745187 7.4206976785790166 13.742470269091426 5.0303709128056635 918.95517360477243 129.45399097306654 3.6618626243434846
leaf_count=40 25 6966 19 15 19 26 25 62 25 41 28 24 40 14 30 24 26 5039 1208 520 47 52 18 347 112 120 71 8248 1253 29
internal_value=0.000666722 -0.0706478 0.0014256 0.0133656 0.0501792 0.0301212 0.000181889 -0.00986675 0.0245642 0.0022637 -0.047416 -0.0654956 0.0367227 0.0725156 -0.121993 0.0575018 0.0612 0.00105091 -0.00201726 0.00301368 0.00376444 -0.0215954 0.0766314 0.00344501 0.0230579 0.0341554 0.00238858 0.000559286 0.014608 0.0987907
internal_weight=1975.36 20.7989 1954.57 59.4695 15.6814 12.6151 43.7881 37.2567 19.4354 16.0102 17.8213 15.1343 10.1493 7.22529 6.71236 6.5314 9.53512 1895.1 739.353 1155.74 1121.53 34.2151 3.34345 1118.09 57.1466 49.7259 1060.94 922.793 138.146 8.69223
internal_count=24513 6991 17522 439 111 92 328 279 135 110 144 116 69 54 54 49 66 17083 6247 10836 10246 590 70 10227 579 467 9648 8295 1353 100
is_linear=0
shrinkage=0.1


Tree=198
num_leaves=31
num_cat=0
split_feature=0 3 9 0 11 5 11 4 3 0 8 0 8 2 12 2 8 6 13 12 7 7 10 0 8 6 10 9 3 1
split_gain=9.91807 1.30422 4.87915 1.0617 1.26839 0.907598 0.767965 3.70331 4.88228 5.06189 3.98793 3.23786 3.23538 3.07107 2.91408 2.70011 2.67458 2.55199 2.46132 4.62346 4.95678 4.88419 3.80887 3.74008 2.6885 2.66282 2.42711 2.40227 2.38659 5.64548
threshold=24.500000000000004 6.5000000000000009 371.69427497789576 23.500000000000004 5.5000000000000009 3.5000000000000004 4.5000000000000009 18.500000000000004 9.5000000000000018 48.500000000000007 0.25186567164179113 43.500000000000007 0.18624359479700434 2.5000000000000004 2.5000000000000004 2.5000000000000004 0.32529069767441865 10.500000000000002 1.0501253132832082 8.5000000000000018 2.5000000000000004 2.5000000000000004 16.500000000000004 39.500000000000007 0.23660287081339706 3.5000000000000004 13.500000000000002 181.13210382513662 6.5000000000000009 2.5000000000000004
decision_type=2 2 2 2 2 2 2 2 2 2 2 2 2 2 2 2 2 2 2 2 2 2 2 2 2 2 2 2 2 2
left_child=1 -1 3 -3 5 -5 -2 28 10 16 11 14 -13 -14 -9 -12 18 -17 19 20 27 -21 26 -23 -24 -22 -20 -10 29 -8
right_child=6 2 -4 4 -6 -7 7 8 9 -11 15 12 13 -15 -16 17 -18 -19 22 21 25 23 24 -25 -26 -27 -28 -29 -30 -31
leaf_value=-0.075230661512130564 0.00023761481930656254 -0.075473115461560644 0.49914332505592685 -0.077043656642451996 0.10029210635035163 0.078589309482420031 -0.0011115414524250093 -0.042229777617613852 -0.0050144531158794782 -0.078312973864962929 -0.12745162636289362 -0.092264506927069556 0.089054035090243955 -0.036032209657093812 0.029910055869448254 -0.025576627063921178 -0.038714760941117227 -0.12124399162117412 0.025710077186403054 -0.059596892803336132 0.017811658226738674 -0.0029148227339906899 -0.075054836898813357 0.10205138032382809 0.030636351528436048 -0.041083946193670368 0.075779878208628706 0.090673714464175714 0.019910244114050249 0.073837025134096235
leaf_weight=18.596174371516103 1468.1949469978572 3.447464072785805 0.17390590533614148 1.5319611281156547 0.96517601888626803 0.49603124009445299 172.92268425552174 7.6385092027485397 4.7613302841782552 7.0035286376369177 4.8663566889008534 7.7619771422469084 2.5115742076886809 8.9826855249702913 20.977122131735086 14.793725540803282 10.956259310245512 3.4360132315778165 33.68404657766223 3.7301398664712933 9.8116229400038701 5.0323988981544963 5.4639678932726365 10.429916631430386 4.3014454767107964 35.280852176249027 13.586361560970543 5.8437339439988136 161.52244483772665 10.670337320654651
leaf_count=7339 11724 607 12 127 23 17 1666 36 25 554 36 67 32 95 113 107 55 25 185 22 55 33 32 44 26 188 68 29 1065 106
internal_value=0.000671406 -0.0616656 -0.0235288 -0.0376417 0.00593164 -0.038977 0.00144399 0.00457348 -0.00553833 0.00469248 -0.027146 -0.0106806 -0.0423839 -0.00870001 0.0106534 -0.0612742 0.00876109 -0.0436084 0.0127039 0.000783767 -0.0138016 0.0431114 0.0283554 0.0678889 -0.0285002 -0.0282689 0.040101 0.0477128 0.0110444 0.00324443
internal_weight=2059.37 25.2107 6.61454 6.44063 2.99317 2.02799 2034.16 565.969 220.854 149.886 70.968 47.8719 19.2562 11.4943 28.6156 23.0961 142.882 18.2297 131.926 74.89 55.6975 19.1925 57.0358 15.4623 9.76541 45.0925 47.2704 10.6051 345.115 183.593
internal_count=24513 8125 786 774 167 144 16388 4664 1827 1316 511 343 194 127 149 168 762 132 707 396 297 99 311 77 58 243 253 54 2837 1772
is_linear=0
shrinkage=0.1


Tree=199
num_leaves=31
num_cat=0
split_feature=0 0 9 8 1 7 8 13 2 8 3 10 9 7 10 7 10 9 8 13 6 4 0 4 8 0 11 11 9 13
split_gain=22.0868 1.19768 1.0049 1.29567 1.65479 0.993768 1.73449 3.58771 3.56899 3.33725 2.35648 2.23074 1.96889 1.90375 1.76149 2.52052 2.26446 5.28278 3.26875 3.18803 2.64992 2.1613 4.02491 2.41555 2.1566 1.89901 2.62437 5.8471 1.85063 1.7004
threshold=34.500000000000007 53.500000000000007 315.80716911764711 0.32583417593528818 1.5000000000000002 6.5000000000000009 0.20722186076772933 1.3508771929824563 9.5000000000000018 0.1575187969924812 11.500000000000002 11.500000000000002 160.89314814814819 9.5000000000000018 11.500000000000002 9.5000000000000018 13.500000000000002 171.5233793576185 0.24467120181405894 0.84962406015037606 3.5000000000000004 24.500000000000004 45.500000000000007 22.500000000000004 0.24807692307692308 42.500000000000007 3.5000000000000004 1.5000000000000002 171.5233793576185 1.0557275541795668
decision_type=2 2 2 2 2 2 2 2 2 2 2 2 2 2 2 2 2 2 2 2 2 2 2 2 2 2 2 2 2 2
left_child=-1 2 5 4 -4 -2 9 14 11 10 -7 -9 -12 -11 -8 16 18 19 -16 -18 -20 23 -23 -17 -21 -19 27 -27 -22 -15
right_child=1 -3 3 -5 -6 6 7 8 -10 13 12 -13 -14 29 15 21 17 25 20 24 28 22 -24 -25 -26 26 -28 -29 -30 -31
leaf_value=-0.075217476087284491 0.00048685101238230807 0.075078028002322911 -0.087925689048822697 0.09870810383729553 0.0077138714706065804 -0.032063173089676766 -0.0090974444038068921 0.043316956584671322 -0.0031566983997146866 -0.039015581428154159 0.011064882223368407 0.15643290607818058 0.086036219787383128 0.049581915795144808 0.096595283694705561 -0.031684572721214443 0.13481287962894034 -0.10233603060885654 -0.065283954673515596 -0.055854552431615481 0.011828038688783873 -0.10942419409176857 0.044243948111520777 0.064485046044145108 0.067527175263452963 0.058311924110064174 0.057849198673636526 -0.13358695610391899 0.096258312024256179 -0.030479135065371577
leaf_weight=38.702664164215093 1004.6657461882569 2.2115756840212262 4.1297215723898244 0.67533178441226471 3.2194909928366542 4.8119029649533358 32.433062665164471 2.8926952332258207 4.3300917125307024 24.735498108435422 6.914468653034417 4.3881117324344814 7.0996544663794339 5.5877621872350556 10.05301978858188 5.1842406517826038 3.8922814666293579 3.0102063999511293 2.7962912754155687 2.3590072863735259 6.8798427199944836 4.717931665480136 2.668540425831452 5.2635526619851589 3.5464047128334641 2.82427980750799 3.5125776026397943 3.6267342707142234 4.16944481106475 5.0506752845831215
leaf_count=13257 8059 1601 223 20 57 38 253 22 42 198 46 28 64 45 65 38 32 19 25 27 46 19 59 35 30 22 39 31 26 47
internal_value=-0.000885798 0.00155706 0.00141873 -0.0338478 -0.0460286 0.00166115 0.00891022 0.0162051 0.0687353 -0.00569941 0.0283145 0.111491 0.0490459 -0.0238017 0.00991312 0.0194717 0.0316914 0.00912541 0.0531931 0.0645506 0.0216795 -0.0125057 -0.0539079 0.0167653 0.0182405 -0.0327312 -0.0117021 -0.0495729 0.0436878 0.0115724
internal_weight=1216.35 1177.65 1175.44 8.02454 7.34921 1167.41 162.748 108.548 11.6109 54.2 18.826 7.28081 14.0141 35.3739 96.9374 64.5044 46.6701 22.7715 23.8986 9.79769 13.8456 17.8343 7.38647 10.4478 5.90541 12.9738 9.96359 6.45101 11.0493 10.6384
internal_count=24513 11256 9655 300 280 9355 1296 858 92 438 148 50 110 290 766 513 362 200 162 89 97 151 78 73 57 111 92 53 72 92
is_linear=0
shrinkage=0.1


Tree=200
num_leaves=31
num_cat=0
split_feature=0 4 7 3 8 0 4 5 10 12 9 0 5 7 8 9 8 11 0 9 10 0 8 8 9 9 8 9 8 12
split_gain=25.288 0.725481 1.94707 0.687644 4.12525 2.27522 1.95949 1.76215 4.32637 2.13206 1.00469 1.73271 1.085 1.91427 1.16566 1.0395 1.11874 0.86683 1.2848 0.835816 0.812047 3.5441 1.89051 4.36752 4.02026 3.80243 3.90208 6.47543 3.54095 3.28685
threshold=29.500000000000004 17.500000000000004 13.500000000000002 1.0000000180025095e-35 0.35781671159029654 21.500000000000004 3.5000000000000004 2.5000000000000004 2.5000000000000004 5.5000000000000009 323.47114845938387 24.500000000000004 1.5000000000000002 -2.4999999999999996 0.29128787878787882 421.79588235294119 0.19657494145199064 2.5000000000000004 24.500000000000004 301.53472222222229 6.5000000000000009 18.500000000000004 0.24807692307692308 0.26546556122448989 272.0478070175439 343.01957142857151 0.21644144144144142 365.33787037037041 0.063164893617021267 9.5000000000000018
decision_type=2 2 2 2 2 2 2 2 2 2 2 2 2 2 2 2 2 2 2 2 2 2 2 2 2 2 2 2 2 2
left_child=1 3 -3 4 6 19 10 8 -8 -9 11 -1 13 14 -12 17 -17 -14 -19 -6 21 -5 24 29 -22 28 -27 -28 -26 -24
right_child=-2 2 -4 20 5 -7 7 9 -10 -11 12 -13 15 -15 -16 16 -18 18 -20 -21 22 -23 23 -25 25 26 27 -29 -30 -31
leaf_value=0.082450810074366887 -0.075227697564090062 -0.077289250974084234 0.16322502817625165 0.058227017853336664 -0.086828987490659121 -0.16190083310423273 -0.11032285624356 0.082385096833777108 0.068218923590547362 -0.046529681527873366 0.036422229328546434 -0.091664218966510891 0.057753130845782569 0.10119336168160804 -0.11477008195818844 -0.02355385603950708 0.099282370681983728 0.089033106107347104 0.20753671457561984 0.081181869010482466 0.0049202119854566051 0.002574872472981157 0.022160389523603441 -0.0026157201509584781 0.073152433934625199 -0.012911568774313343 0.17397133363791012 -0.014888024616201282 -0.04108471851339035 0.10042677242516843
leaf_weight=1.1043442620430206 44.484596920810873 2.6698994548059996 0.38514385558664788 11.648527546320109 0.49688441143371098 1.8666516095399854 3.4882460436783713 3.7124566945713013 2.221563765197061 1.9603261433076111 0.94061450113076794 1.1846725898794828 2.3183267462300119 1.5673549344064657 1.1137020614696664 1.5796018779510634 1.3973155547864733 2.3505810997448866 1.4979236684739587 0.73275306727737188 108.54596000921447 648.71696108719334 31.338675486971624 144.4155575275654 2.8301126912701866 28.744060733355582 3.2569326228694981 4.1020490759983659 65.763613006449305 6.474238713621161
leaf_count=50 13638 300 7 1983 12 8 21 31 65 26 30 11 39 41 13 24 31 44 7 32 1129 4303 261 1361 37 293 35 45 581 55
internal_value=-0.001326 0.00169441 -0.046968 0.00183138 0.0168813 -0.0923267 0.0296717 -0.00163784 -0.0408561 0.0378364 0.0533447 -0.00766181 0.064284 0.0179601 -0.0455433 0.0826321 0.0341034 0.106058 0.135157 0.0132903 0.00141041 0.00355655 -0.00217325 0.00530605 -0.00856475 -0.0225455 0.00372297 0.0686972 -0.0363714 0.035561
internal_weight=1132.91 1088.43 3.05504 1085.37 29.5333 3.09629 26.437 11.3826 5.70981 5.67278 15.0544 2.28902 12.7654 3.62167 2.05432 9.14375 2.97692 6.16683 3.8485 1.22964 1055.84 660.365 395.471 182.228 213.243 104.697 36.103 7.35898 68.5937 37.8129
internal_count=24513 10875 307 10568 485 52 433 143 86 57 290 61 229 84 43 145 55 90 51 44 10083 6286 3797 1677 2120 991 373 80 618 316
is_linear=0
shrinkage=0.1


Tree=201
num_leaves=31
num_cat=0
split_feature=0 10 4 0 9 12 8 8 8 8 12 8 3 5 7 4 1 11 9 8 6 8 7 3 0 9 9 13 3 4
split_gain=9.82519 1.2009 0.817047 1.66793 0.841101 2.96729 2.43807 4.83971 2.34017 2.77633 2.25808 2.21322 2.10271 2.04845 1.8636 1.62 1.23817 1.14052 0.994653 3.2847 3.65046 3.55386 3.81253 3.30886 3.1706 3.12047 6.21584 2.48467 2.57748 2.43424
threshold=42.500000000000007 22.500000000000004 25.500000000000004 31.500000000000004 130.06276709401712 2.5000000000000004 0.31957446808510642 0.23420877659574468 0.17817460317460312 0.15450928381962861 7.5000000000000009 0.21103238866396759 10.500000000000002 1.5000000000000002 2.5000000000000004 20.500000000000004 3.5000000000000004 2.5000000000000004 156.74375000000003 0.21644144144144142 8.5000000000000018 0.22933743169398904 6.5000000000000009 6.5000000000000009 34.500000000000007 134.65788288288292 132.74868154158219 0.75595238095238104 13.500000000000002 18.500000000000004
decision_type=2 2 2 2 2 2 2 2 2 2 2 2 2 2 2 2 2 2 2 2 2 2 2 2 2 2 2 2 2 2
left_child=2 -2 4 -4 5 13 7 8 9 -7 17 12 -10 -1 -15 -8 -16 -9 19 20 23 22 -21 -6 -23 26 -25 29 -29 -27
right_child=1 -3 3 -5 18 6 15 10 11 -11 -12 -13 -14 14 16 -17 -18 -19 -20 21 -22 24 -24 25 -26 27 -28 28 -30 -31
leaf_value=-4.6891872450963141e-05 -0.075260540031440976 0.054983698443797017 0.1322190641679063 -0.078706469112361441 -0.11754470909577348 0.039040018753801906 0.0079713492789139761 0.0085909283934187362 0.025119104239608371 -0.065372290623424437 -0.1177375528572648 -0.01503030601910111 0.12321663661225563 0.01360059757857101 0.14669871419890718 0.10948039340051548 0.061166820781327791 -0.06432759290904809 0.0016592375354450026 0.017332207645459622 0.070011759633060014 0.0050643649707243499 0.15722327630394611 -0.050024175262802631 -0.06614857267884397 -0.071054888023506277 0.13377919558234649 -0.04377595112393342 -0.14068064415062045 0.058178797663878623
leaf_weight=5.0692818872630587 18.592425132141219 0.73594911117106576 0.43502128124237005 2.7128433410543948 4.5598140985239288 4.6382817234843987 3.2372469576075664 4.1194804359693062 4.3725072545930725 5.6472472820896655 4.3590582325123242 4.0839342291001222 4.3677501226775348 3.0817513999063504 3.675837118178606 3.05670769023709 3.1367376670241356 4.4752742303535342 1773.7061909217155 5.6412579067982715 3.4411528336349866 56.798461013764609 2.9759268355555832 4.2014047210104755 7.0253960746340445 2.2344818226993111 3.2733929166570306 20.127583901397887 3.1781712905503801 4.1916536577045918
leaf_count=32 6965 26 2 160 42 27 25 29 27 35 33 31 33 18 28 18 18 32 16030 31 39 306 29 28 215 13 26 150 25 40
internal_value=0.000645507 -0.0703013 0.00134807 -0.0495575 0.00143031 0.0133642 -0.000158844 -0.0101816 0.0172454 -0.0182873 -0.0591114 0.045744 0.0741412 0.051644 0.0781275 0.05727 0.107317 -0.0293776 0.00106863 -0.00783561 -0.0289871 0.00536421 0.0656433 -0.0371436 -0.00277438 -0.0272902 0.0304677 -0.0418109 -0.0569907 0.0132419
internal_weight=1971.15 19.3284 1951.82 3.14786 1948.68 57.3211 42.3575 36.0635 23.1097 10.2855 12.9538 12.8242 8.74026 14.9636 9.89433 6.29395 6.81257 8.59475 1891.35 117.649 45.2077 72.441 8.61718 41.7665 63.8239 37.2067 7.4748 29.7319 23.3058 6.42614
internal_count=24513 6991 17522 162 17360 386 290 247 153 62 94 91 60 96 64 43 46 61 16974 944 363 581 60 324 521 282 54 228 175 53
is_linear=0
shrinkage=0.1


Tree=202
num_leaves=31
num_cat=0
split_feature=0 3 9 0 5 11 9 8 9 10 8 8 8 8 7 1 8 4 11 8 10 7 13 13 3 0 11 4 13 8
split_gain=9.07435 1.28604 3.90106 0.997281 1.19524 1.75096 0.727675 2.6442 0.996161 0.853568 2.44371 1.84701 1.83282 2.24699 1.95633 2.43837 2.63055 4.97942 2.45635 2.42961 5.50789 3.04758 3.00979 2.1582 1.74569 3.27051 1.63049 2.40761 2.04293 1.50702
threshold=24.500000000000004 6.5000000000000009 381.94604166666676 23.500000000000004 1.5000000000000002 5.5000000000000009 429.55389610389619 0.27100988700564976 448.9585294117648 9.5000000000000018 0.072299651567944212 0.11215932914046121 0.31957446808510642 0.41240409207161127 12.500000000000002 2.5000000000000004 0.28345771144278614 18.500000000000004 2.5000000000000004 0.1575187969924812 1.0000000180025095e-35 -4.4999999999999991 1.1622807017543864 1.4494949494949496 9.5000000000000018 34.500000000000007 4.5000000000000009 20.500000000000004 1.297058823529412 0.24807692307692308
decision_type=2 2 2 2 2 2 2 2 2 2 2 2 2 2 2 2 2 2 2 2 2 2 2 2 2 2 2 2 2 2
left_child=1 -1 3 -3 -5 -6 9 8 -8 10 -2 -12 14 26 15 19 17 23 -19 20 21 -13 24 29 25 -22 27 -14 -28 -17
right_child=6 2 -4 4 5 -7 7 -9 -10 -11 11 12 13 -15 -16 16 -18 18 -20 -21 22 -23 -24 -25 -26 -27 28 -29 -30 -31
leaf_value=-0.075213677149770619 0.13412461877700008 -0.075453393107023342 0.40225484345057078 -0.077248370733102187 -0.016036951878849192 0.18844441966655462 0.047127230106424625 0.13737970627371388 -0.11251216731000496 0.0018118806060212966 -0.071896334080921595 0.083522857882118801 -0.08417674354601179 0.074567271135852056 0.051447223144998104 -0.098360472132334967 0.050020245281952959 -0.033413705354196244 0.059785345522148439 -0.0014473784360881348 -0.070491417619314128 -0.11095070078758647 0.22772449686926294 -0.0084190549750148124 0.11395296788716554 0.17112305298528324 -0.071988017604336971 0.06080725735162619 0.072304112674340046 -0.023308197954414564
leaf_weight=17.223112596722789 1.2274375576525915 3.2416256954893461 0.20890474598854769 1.1137258480302992 1.2279901672154663 0.63546817749738682 0.69018564792349868 1.6499767524655906 0.90138057386502624 1888.7777503093821 4.3271963899023822 1.1739166160114112 10.007303515216337 1.6512914581689973 6.7011516951024523 12.367432595230641 4.1250529191456726 5.0926524884998781 6.3590678721666336 60.567140758270398 1.7805126286111774 2.5698033142834884 1.4535468232352284 5.3093075277283779 3.4666851162910461 0.81744152307510365 1.7928734743036323 1.2934078127145756 2.1674540371168405 3.4139485997147849
leaf_count=7339 34 609 9 80 75 13 19 15 26 13871 102 24 266 37 32 117 38 24 26 1355 77 48 42 90 20 3 53 6 31 32
internal_value=0.000615922 -0.0609682 -0.0227974 -0.0370759 0.00471039 0.0536944 0.00133353 0.0486755 -0.0432842 0.0012578 -0.00634426 -0.00760797 -0.00550223 -0.0362428 -0.000989161 -0.00422783 -0.02521 -0.0347462 0.0183391 0.00648322 0.0491344 -0.0499697 0.0984838 -0.0635702 0.0675079 0.00553213 -0.0482328 -0.0675828 0.00698186 -0.0821246
internal_weight=2053.33 23.6508 6.42771 6.21881 2.97718 1.86346 2029.68 3.24154 1.59157 2026.44 137.665 136.437 132.11 16.9123 115.198 108.497 36.6675 32.5424 11.4517 71.829 11.2619 3.74372 7.51819 21.0907 6.06464 2.59795 15.261 11.3007 3.96033 15.7814
internal_count=24513 8125 786 777 168 88 16388 60 45 16328 2457 2423 2321 393 1928 1896 327 289 50 1569 214 72 142 239 100 80 356 272 84 149
is_linear=0
shrinkage=0.1


Tree=203
num_leaves=31
num_cat=0
split_feature=0 10 8 8 10 8 6 6 8 7 7 11 8 10 4 13 1 10 8 10 3 1 10 13 6 11 5 6 9 8
split_gain=20.4214 1.29596 1.18396 1.18461 2.32828 0.987247 3.85235 4.60118 2.77621 2.88454 3.53628 2.63561 2.24131 2.1253 3.19933 1.86971 2.44434 2.02464 1.63134 4.05169 2.40102 1.5647 1.4708 1.45826 1.32866 2.99055 4.21758 4.29396 4.11258 3.65358
threshold=34.500000000000007 8.5000000000000018 0.054093567251461951 0.088562091503267909 15.500000000000002 0.34248120300751878 10.500000000000002 11.500000000000002 0.42462121212121212 7.5000000000000009 4.5000000000000009 2.5000000000000004 0.37884436160298235 18.500000000000004 13.500000000000002 0.94987468671679209 3.5000000000000004 14.500000000000002 0.33589743589743598 14.500000000000002 8.5000000000000018 1.0000000180025095e-35 17.500000000000004 0.72077922077922085 8.5000000000000018 3.5000000000000004 6.5000000000000009 14.500000000000002 189.05013931104364 0.24467120181405894
decision_type=2 2 2 2 2 2 2 2 2 2 2 2 2 2 2 2 2 2 2 2 2 2 2 2 2 2 2 2 2 2
left_child=-1 -2 -3 4 -4 18 8 -8 9 10 12 -12 13 15 -15 -7 17 -17 24 -20 -21 -9 -23 -14 -5 -26 29 -28 -29 -27
right_child=1 2 3 5 -6 6 7 21 -10 -11 11 -13 23 14 -16 16 -18 -19 19 20 -22 22 -24 -25 25 26 27 28 -30 -31
leaf_value=-0.075201697221011166 -0.080008690802240032 0.088571468334019465 0.010079518268718614 0.0049496553525684456 -0.10776339939000701 0.070766777094178016 0.13725099256777309 -0.088701394230145447 0.072702848197438802 0.050880048772551173 -0.19159725440866193 -0.059774703062985671 -0.025822688966897218 0.056270489112450466 -0.1199979100994252 -0.11791888261935929 0.070147544094146072 -0.0025816170005643446 -0.044712039624965456 0.013719905906355743 0.146000245170223 -0.042709430574320507 0.090676649484845911 -0.13962811015256713 -0.008652048372337821 -0.013733800207605076 0.042084012822787696 0.090241931826878619 -0.047233052834156769 0.021061308552221401
leaf_weight=35.851155287295114 1.9514984651468683 1.5613827556371678 3.9455599701032034 625.9314742811257 2.9154771348694339 3.6429144672583922 3.3955103529151511 1.7783693652600048 2.5276907077059141 3.3980084572685874 2.5305304967332622 3.7857457651989534 1.9965882784454141 1.4699816782958794 3.4378717938670889 2.4654084281064552 2.4781787409447134 3.9772710724500939 3.2533380818786082 2.2390202151145786 3.5441906643100083 1.5691804894013333 1.7470420009922234 2.5819584886776283 283.39018392807338 94.005854012793861 50.217466577654704 2.697979266406036 11.248235750012098 44.445092744543217
leaf_count=13257 106 9 32 5779 31 39 31 21 16 31 22 27 22 32 31 26 24 37 24 33 29 16 26 37 2772 890 501 25 98 489
internal_value=-0.000855263 0.00141485 0.00155041 0.00143434 -0.0399958 0.00167859 -0.0132304 0.0470772 -0.0281614 -0.0361878 -0.0466176 -0.112588 -0.0277205 -0.0113997 -0.0672027 0.0103989 -0.0142529 -0.0467175 0.0022476 0.0445644 0.0947868 -0.013023 0.0275606 -0.0900004 0.0019037 -0.00201923 0.00725786 0.0284512 -0.0206377 -0.00256398
internal_weight=1209.98 1174.13 1172.18 1170.62 6.86104 1163.76 42.7823 8.4901 34.2921 31.7645 28.3664 6.31628 22.0502 17.4716 4.90785 12.5638 8.92086 6.44268 1120.97 9.03655 5.78321 5.09459 3.31622 4.57855 1111.94 486.005 202.615 64.1637 13.9462 138.451
internal_count=24513 11256 11150 11141 63 11078 438 94 344 328 297 49 248 189 63 126 87 63 10640 86 62 63 42 59 10554 4775 2003 624 123 1379
is_linear=0
shrinkage=0.1


Tree=204
num_leaves=31
num_cat=0
split_feature=0 3 6 0 12 8 0 12 6 8 9 9 6 13 8 8 9 9 2 5 13 4 10 9 2 13 9 8 8 9
split_gain=23.3921 0.716629 1.64508 2.21338 1.99536 2.43512 2.63925 3.80194 1.85389 1.78825 1.68864 2.5537 1.89346 3.71543 1.07863 0.981744 0.686714 5.41194 3.39014 2.96746 3.28913 3.98032 3.01104 2.62116 2.56011 2.46646 2.32853 3.71918 2.33903 2.24708
threshold=29.500000000000004 8.5000000000000018 2.5000000000000004 23.500000000000004 9.5000000000000018 0.14854215918045702 21.500000000000004 3.5000000000000004 1.0000000180025095e-35 0.10889328063241101 142.86127722406795 231.27047979797985 1.5000000000000002 1.1791443850267382 0.18942218080149117 0.22016949152542373 272.0478070175439 282.8497756410257 3.5000000000000004 2.5000000000000004 1.9285714285714286 7.5000000000000009 8.5000000000000018 276.33441919191927 4.5000000000000009 1.4833333333333336 286.16530388471193 0.33072916666666669 0.26847469967236987 279.69597902097911
decision_type=2 2 2 2 2 2 2 2 2 2 2 2 2 2 2 2 2 2 2 2 2 2 2 2 2 2 2 2 2 2
left_child=1 16 8 4 5 -4 7 -7 -3 -10 14 12 13 -12 -11 -14 -1 18 19 20 21 22 -18 -23 26 -26 27 28 -19 -21
right_child=-2 2 3 -5 -6 6 -8 -9 9 10 11 -13 15 -15 -16 -17 17 24 -20 29 -22 23 -24 -25 25 -27 -28 -29 -30 -31
leaf_value=0.0063550685439615028 -0.075211003134936921 -0.071639733298290889 0.069121824063285625 -0.077067112817114078 -0.071229645981422993 -0.052370671158326755 -0.085503636771848968 0.051980802274940022 -0.09471461297271408 0.05089707136809124 0.033341492718646636 -0.047775999118104484 -0.0048588605522312985 0.26788516021586528 -0.059311745034992085 0.081719342504082484 0.073497265510603926 0.035775028228694043 -0.090939214185802211 -0.023590752015489609 -0.10122168427630032 -0.087971128723746517 -0.068891778291030423 0.0082738545689258324 -0.035702572074448387 0.070991958612145384 0.0010985271296536524 0.15340465371315912 -0.067264398389826938 -0.094262617140437821
leaf_weight=278.45903559820727 41.215184328772011 2.1607268815860161 4.300330735743052 6.183546094223856 4.5408540125936261 6.2560413209721464 4.070149313658475 7.9009598344564438 1.1106925327330834 1.3937813304364675 1.3464645983185604 1.8463914981111873 2.10662273154594 1.3551700094249097 2.4474734829273075 3.4623213158920407 10.566791508696047 14.268001774675218 7.7832611640915266 12.229787666350605 2.7909528330201274 4.482023084536193 1.727991820545866 7.67553969938308 2.7777179568074635 9.849022487876935 670.95105981663801 2.3797191921621552 2.6053542257286599 7.1174742712173602
leaf_count=2906 13638 27 28 444 31 26 63 35 14 13 30 39 34 16 39 48 170 130 55 142 39 34 15 55 26 66 6247 19 23 61
internal_value=-0.00126428 0.00154173 -0.0100927 -0.0230872 -0.0107559 0.00143377 -0.0145359 0.00586743 0.0149855 0.0274067 0.0371242 0.0585563 0.0822948 0.150991 -0.019323 0.0489685 0.00210883 0.000547291 -0.0298476 -0.0196418 0.00162604 0.0133649 0.0534849 -0.0272079 0.00289876 0.0475206 0.00208244 0.0363708 0.0198651 -0.0495895
internal_weight=1127.36 1086.15 50.4815 33.2519 27.0683 22.5275 18.2272 14.157 17.2296 15.0689 13.9582 10.117 8.27058 2.70163 3.84125 5.56894 1035.66 757.205 54.3738 46.5906 27.2433 24.4523 12.2948 12.1576 702.831 12.6267 690.204 19.2531 16.8734 19.3473
internal_count=24513 10875 887 627 183 152 124 61 260 233 219 167 128 46 52 82 9988 7082 571 516 313 274 185 89 6511 92 6419 172 153 203
is_linear=0
shrinkage=0.1


Tree=205
num_leaves=31
num_cat=0
split_feature=0 4 4 0 9 12 8 8 13 11 8 12 8 12 3 4 8 7 0 12 13 10 8 13 13 9 8 6 9 7
split_gain=9.03976 1.15506 0.7319 1.45371 0.720918 2.54249 2.08339 4.14217 2.03486 2.96237 2.00588 2.60304 1.90877 1.906 1.82639 1.3789 1.00361 0.921248 2.56885 2.06808 2.38253 2.35545 2.56579 2.17568 2.90318 2.31188 2.12733 2.02385 2.41052 4.26672
threshold=42.500000000000007 5.5000000000000009 25.500000000000004 31.500000000000004 130.06276709401712 2.5000000000000004 0.31957446808510642 0.23420877659574468 1.3717105263157896 2.5000000000000004 0.17817460317460312 6.5000000000000009 0.21103238866396759 7.5000000000000009 10.500000000000002 20.500000000000004 0.27543103448275869 1.0000000180025095e-35 37.500000000000007 1.5000000000000002 0.38750000000000007 11.500000000000002 0.13397435897435897 1.6794871794871797 1.5419580419580421 272.97416666666669 0.45916666666666672 8.5000000000000018 210.12683215130025 2.5000000000000004
decision_type=2 2 2 2 2 2 2 2 2 2 2 2 2 2 2 2 2 2 2 2 2 2 2 2 2 2 2 2 2 2
left_child=2 -2 4 -4 5 8 7 10 9 -1 11 -7 14 16 -12 -8 -9 -6 19 20 -19 26 -23 24 -22 -25 -21 28 -24 -30
right_child=1 -3 3 -5 17 6 15 13 -10 -11 12 -13 -14 -15 -16 -17 -18 18 -20 21 23 22 27 25 -26 -27 -28 -29 29 -31
leaf_value=-0.033079824757288087 0.051286731799471547 -0.075233847226232609 0.11389453464129676 -0.078423092998851876 0.0027509481264701109 0.025566765708864181 0.0071006284520337692 -0.058953990101363866 0.12096800086420667 0.069310872161166645 0.023319396694433302 -0.07682381422990664 -0.013946830422166471 -0.10837766235258639 0.11507077362826712 0.10067265717445742 0.0096850212030496676 0.068771574279627698 -0.046769816458236968 0.0035845219611626497 -0.019834265792905634 -0.087595372029313057 -0.026740304855353808 0.087475672265788035 -0.10625570105149912 -0.023311004367661401 -0.073180990595973217 0.061976742747671759 -0.020818287709304859 0.081015858583141684
leaf_weight=4.6445670386310649 0.75307488755788909 17.249949421180645 0.46601529419422094 2.5099860799964517 1152.8159463860793 5.9789735859958473 3.2181169837713233 4.6140051321126503 3.0355881121940902 7.2152389152906835 4.3566382860299182 4.2462750861886889 4.0764565251301965 4.3759539029560974 4.3216854622587562 3.0841679780278355 3.9571949765086174 3.1865481770364559 12.475592759437857 563.63834114663769 66.789435508311726 4.6751303244382134 47.800990216434002 3.7383008156903079 4.1273545175790778 3.7965903228614479 3.6332364319823673 3.5975937992334357 11.249642366543414 6.4869133420288554
leaf_count=33 25 6966 2 160 10833 38 25 34 19 44 27 24 31 33 33 18 27 26 1126 3878 462 32 364 21 29 21 33 32 70 47
internal_value=0.00059413 -0.0699414 0.00124597 -0.0483079 0.00132178 0.0123895 -0.000140043 -0.00944288 0.0479116 0.0292124 0.0160439 -0.0169533 0.042497 -0.0546795 0.0690103 0.0528923 -0.0272644 0.000986913 -0.00177917 -0.00100254 -0.0159928 0.000906388 -0.0158978 -0.0194357 -0.024864 0.0316538 0.00309286 -0.0110494 -0.0150581 0.0164262
internal_weight=1966.12 18.003 1948.11 2.976 1945.14 57.1249 42.2295 35.9272 14.8954 11.8598 22.98 10.2252 12.7548 12.9472 8.67832 6.30228 8.5712 1888.01 735.196 722.72 81.6382 641.082 73.8103 78.4517 70.9168 7.53489 567.272 69.1351 65.5375 17.7366
internal_count=24513 6991 17522 162 17360 386 290 247 96 77 153 62 91 94 60 43 61 16974 6141 5015 559 4456 545 533 491 42 3911 513 481 117
is_linear=0
shrinkage=0.1


Tree=206
num_leaves=31
num_cat=0
split_feature=0 0 9 2 9 9 13 13 11 4 3 0 9 8 0 0 12 13 2 1 9 4 12 0 5 4 10 2 9 7
split_gain=8.30687 0.991453 2.92596 1.96485 1.03564 2.07755 2.15395 1.42242 0.747027 3.15248 4.28318 4.60749 3.72894 3.77222 3.8429 3.59946 3.975 2.73302 2.64347 2.62634 2.33469 2.2366 2.23231 3.42264 8.29383 4.53394 3.43237 4.28361 2.98852 3.88872
threshold=23.500000000000004 25.500000000000004 196.83293559516966 2.5000000000000004 178.29266072092162 155.44709045780476 1.297058823529412 0.78888888888888908 4.5000000000000009 18.500000000000004 9.5000000000000018 48.500000000000007 249.61267361111115 0.25834260289210237 43.500000000000007 47.500000000000007 9.5000000000000018 1.297058823529412 2.5000000000000004 3.5000000000000004 177.55267434988181 19.500000000000004 8.5000000000000018 50.500000000000007 1.0000000180025095e-35 18.500000000000004 15.500000000000002 3.5000000000000004 249.61267361111115 -9.4999999999999982
decision_type=2 2 2 2 2 2 2 2 2 2 2 2 2 2 2 2 2 2 2 2 2 2 2 2 2 2 2 2 2 2
left_child=-1 2 3 -2 5 -5 7 -7 22 -10 12 -12 13 14 19 -16 17 -17 -15 21 -20 -11 -3 28 -25 26 -26 -28 -24 -30
right_child=1 8 -4 4 -6 6 -8 -9 9 10 11 -13 -14 18 15 16 -18 -19 20 -21 -22 -23 23 24 25 -27 27 -29 29 -31
leaf_value=-0.06932921522131788 0.17790234332464017 0.0023509300491374105 -0.075453570165941314 -0.055985549903748946 -0.078702729481132314 0.11246951636583231 0.20138342805449252 -0.077611873035898768 0.010440297309693817 0.077501984438295937 0.0084391487498819608 -0.078102198332996697 -0.11764210413614298 -0.13256074495325229 -0.066263480812011985 -0.054889434454337763 0.21578793574837096 0.14849829136009179 -0.073063001923345264 -0.046291619912400883 0.0062586589241869972 0.011468572535400023 -0.0028012057823255348 0.59405604730322714 -0.078840527125453974 -0.076262632246004242 0.040484930121800281 0.35612816557041804 -0.082124113416441408 -0.016358219656866711
leaf_weight=16.855554446286988 0.70829643728211333 1107.1157331629656 6.241159062134102 1.86632913374342 1.2600183766335247 0.73985375929623864 0.95728160161525 0.84141204901970923 341.7575939653907 7.5386817269027295 142.03517578542233 6.4305395279370705 4.1151915679802178 3.7448111136327524 13.661239832639696 3.0621778113418254 0.96349908655975003 0.84244786057388399 8.5675910819554684 5.1434759311377993 6.5454099188209502 16.049414616078138 267.06828821497038 0.29426654550479625 0.55578687501838464 1.7627793417195787 0.81542533298488684 0.909501745889429 10.310739897191523 70.240206414600834
leaf_count=7420 20 8595 1147 62 39 8 15 39 2674 40 760 554 43 29 60 77 18 24 45 27 63 84 1466 5 20 375 33 36 72 663
internal_value=0.000583078 0.00116296 -0.0267851 0.0208752 0.00124163 0.0241098 0.0829955 0.0113247 0.00133753 0.00444074 -0.00493466 0.00469076 -0.0252816 -0.0195331 -0.00444515 -0.0399533 0.0338801 -0.0110072 -0.0573462 0.0184545 -0.038709 0.0325726 0.000145533 -0.00679176 0.0814867 0.0441843 0.137279 0.206914 -0.00789334 -0.0247764
internal_weight=2049 2032.14 12.6144 6.37319 5.66489 4.40488 2.53855 1.58127 2019.53 560.457 218.7 148.466 70.2339 66.1187 47.2609 18.5294 4.86812 3.90463 18.8578 28.7316 15.113 23.5881 1459.07 351.957 4.33776 4.04349 2.28071 1.72493 347.619 80.5509
internal_count=24513 17093 1330 183 163 124 62 47 15763 4498 1824 1314 510 467 330 179 119 101 137 151 108 124 11265 2670 469 464 89 69 2201 735
is_linear=0
shrinkage=0.1


Tree=207
num_leaves=31
num_cat=0
split_feature=0 8 8 13 9 4 12 4 8 4 5 7 8 7 9 6 12 8 10 12 8 4 7 9 9 8 9 13 8 13
split_gain=18.8784 1.00416 1.03128 2.03395 1.30682 0.89057 0.982955 2.52771 4.36213 2.68131 2.4182 2.48343 3.22571 2.69274 3.81108 3.87923 3.87258 6.68285 4.87866 3.31337 5.64839 3.54637 3.77511 3.12085 3.78064 3.36063 3.01336 3.04696 3.56971 2.91225
threshold=34.500000000000007 0.054093567251461951 0.088562091503267909 1.1791443850267382 194.96185268979391 5.5000000000000009 4.5000000000000009 6.5000000000000009 0.20948987246811704 9.5000000000000018 9.5000000000000018 5.5000000000000009 0.36899313501144165 1.0000000180025095e-35 188.44438821412507 8.5000000000000018 2.5000000000000004 0.14415584415584412 13.500000000000002 1.5000000000000002 0.31622807017543858 19.500000000000004 -5.4999999999999991 171.5233793576185 156.74375000000003 0.23145604395604394 173.64322089947092 1.420168067226891 0.19538706256627789 1.297058823529412
decision_type=2 2 2 2 2 2 2 2 2 2 2 2 2 2 2 2 2 2 2 2 2 2 2 2 2 2 2 2 2 2
left_child=-1 -2 3 4 -3 -4 7 8 -7 -9 11 12 13 14 -11 16 18 -18 -16 20 21 22 -17 24 -15 -26 -25 -28 -29 -20
right_child=1 2 5 -5 -6 6 -8 9 -10 10 -12 -13 -14 23 15 19 17 -19 29 -21 -22 -23 -24 26 25 -27 27 28 -30 -31
leaf_value=-0.075187469858695469 0.080997270425640575 0.056388306026100288 -0.041948363953446442 -0.11120870001773649 -0.052062453802950437 0.22726722463913049 0.0043400244503901666 -0.063615012084252701 -0.064322722415728936 0.026239512318881997 0.070367996543966957 0.012132043438947998 -0.077856235305705124 0.0011929496830754677 -0.080075452870791736 -0.069305881137970968 0.19254022721704986 -0.025219139718357882 0.081624909487209074 -0.0036369380678248717 -0.19064701863966904 -0.10095444119908965 0.015204245873823264 0.070723630617958735 -0.082564842972870284 -0.021543842335257059 -0.012563723776147416 -0.061216033445405361 0.063284659463450382 -0.0044978446341021388
leaf_weight=33.158462554521975 1.5798567384481419 2.2457787478342643 4.7101033201906821 2.4194552041590214 2.199080191901885 1.2489759165327989 619.81907193391817 6.9546860451810053 0.87070006201975036 55.119438381108921 4.6902848125901064 103.45792440697551 6.0158680613385505 21.26191798504442 2.6999587938189533 7.8873934976290974 1.5124256344279299 20.671786560094915 17.402005732292313 86.772007552906871 2.3470733730355269 5.6193558227969325 16.025402522063818 5.1259141876362255 17.995591577375308 18.10593441920355 119.27573712123558 2.9188495340058571 10.914591946173458 5.0704224770888677
leaf_count=13257 9 20 258 19 28 26 5827 276 46 399 51 993 61 175 21 85 12 204 146 809 19 61 131 46 140 131 1086 28 89 60
internal_value=-0.000777352 0.00132619 0.00121874 -0.0374281 0.00273263 0.00144655 0.00162278 -0.00149631 0.107491 -0.00192584 -0.0011177 -0.00175489 -0.00515345 -0.00410391 0.0034563 -0.00410839 0.0200882 -0.0103732 0.0469336 -0.0137658 -0.0413357 -0.0294692 -0.0126706 -0.0126509 -0.0322594 -0.0519611 -0.00451389 -0.00741122 0.0370151 0.0621932
internal_weight=1206.1 1172.94 1171.36 6.86431 4.44486 1164.49 1159.78 539.964 2.11968 537.845 530.89 526.2 422.742 416.726 221.127 166.008 47.3566 22.1842 25.1724 118.651 31.8792 29.5322 23.9128 195.599 57.3634 36.1015 138.235 133.109 13.8334 22.4724
internal_count=24513 11256 11247 67 48 11180 10922 5095 72 5023 4747 4696 3703 3642 1947 1548 443 216 227 1105 296 277 216 1695 446 271 1249 1203 117 206
is_linear=0
shrinkage=0.1


Tree=208
num_leaves=31
num_cat=0
split_feature=0 2 12 8 4 13 13 8 13 0 6 13 5 3 6 11 10 9 9 10 5 10 8 1 2 7 12 5 6 11
split_gain=21.6764 0.718697 1.87361 2.69035 5.18158 5.14885 2.65566 3.04097 4.40141 3.11794 2.53748 2.2253 2.962 2.20695 1.86605 4.1783 6.25253 3.58073 4.62284 3.95586 5.14347 3.90649 5.71335 3.54834 4.63034 3.43607 3.2802 3.47797 2.98943 2.82134
threshold=29.500000000000004 1.5000000000000002 5.5000000000000009 0.31957446808510642 4.5000000000000009 0.48529411764705882 0.62828947368421062 0.27543103448275869 1.9285714285714286 22.500000000000004 1.0000000180025095e-35 0.94987468671679209 2.5000000000000004 5.5000000000000009 4.5000000000000009 1.0000000180025095e-35 22.500000000000004 323.47114845938387 376.79206349206356 2.5000000000000004 2.5000000000000004 1.0000000180025095e-35 0.31957446808510642 1.0000000180025095e-35 1.0000000180025095e-35 -4.4999999999999991 1.5000000000000002 3.5000000000000004 3.5000000000000004 3.5000000000000004
decision_type=2 2 2 2 2 2 2 2 2 2 2 2 2 2 2 2 2 2 2 2 2 2 2 2 2 2 2 2 2 2
left_child=1 2 10 6 5 -5 13 -8 9 -9 -1 -6 -13 -4 28 16 -16 21 26 23 25 -17 -23 24 -20 -21 27 -19 -12 -30
right_child=-2 -3 3 4 11 -7 7 8 -10 -11 14 12 -14 -15 15 17 -18 18 19 20 -22 22 -24 -25 -26 -27 -28 -29 29 -31
leaf_value=0.10059878090801 -0.075195572333176794 -0.00080352248477844404 -0.025564437070116665 0.059882037576348905 0.030900659349095666 -0.097566866327346735 0.011985223865304338 0.064987248779385789 -0.15105770519368239 -0.043083506735897045 0.011354844545397175 0.16335514284225111 0.024995891393389598 0.046186398337317851 0.079250531154191214 -0.060675463924105548 -0.096309535004664881 -0.054253258931287074 -0.049434808446218392 -0.17801682167461053 0.08953049669725581 0.020882770628519481 -0.072283713030525304 -0.098047326593391479 0.063643937686390498 0.015259377015610563 0.061544682421749111 0.062322335899791706 -0.043090738980828464 0.0084210422710319782
leaf_weight=3.0398849890334523 38.18686347399489 611.00169964064844 73.368835634901188 3.331931169144811 13.486987761454658 5.5144001306034625 76.238313775626011 3.7501633637584737 2.755936009110882 9.2654119613580388 76.202846274827607 3.5427730903029433 2.7470150840235874 4.5528810266405335 17.516264523379508 11.759941879659889 2.2943574097007504 5.8326402632519585 9.2897453594487178 1.3667308271396903 7.8021334877703339 36.572172482614405 8.0268771351547894 5.6674372483976176 5.9344733571633688 2.8130117694381607 32.064581886865199 4.5601309163030237 25.326210969826207 18.326810353784822
leaf_count=47 13638 5690 762 50 118 100 854 79 37 50 992 43 29 40 191 76 16 50 66 29 106 408 94 34 43 32 293 40 282 224
internal_value=-0.00114676 0.00146193 0.00438865 -0.00301049 0.0253519 -0.0382644 -0.00778783 0.0037165 -0.0362539 -0.0119452 0.0097427 0.0538081 0.102928 -0.0213721 0.00872488 0.0161008 0.0589181 0.00965959 0.0239224 -0.00423039 0.0415755 -0.00940443 0.00411479 -0.0305012 -0.00535617 -0.0479399 0.0457203 -0.00310232 -0.000598409 -0.0214646
internal_weight=1122.14 1083.95 472.951 198.555 28.6231 8.84633 169.932 92.0098 15.7715 13.0156 274.396 19.7768 6.28979 77.9217 271.356 151.5 19.8106 131.69 75.3309 32.8735 11.9819 56.359 44.599 20.8917 15.2242 4.17974 42.4574 10.3928 119.856 43.653
internal_count=24513 10875 5185 2162 340 150 1822 1020 166 129 3023 190 72 802 2976 1478 207 1271 693 310 167 578 502 143 109 61 383 90 1498 506
is_linear=0
shrinkage=0.1


Tree=209
num_leaves=31
num_cat=0
split_feature=0 10 5 7 11 13 3 12 8 6 8 9 11 0 1 8 10 8 10 12 8 8 9 13 8 9 9 6 11 9
split_gain=8.32696 1.14595 0.759739 2.19947 5.25759 3.13577 2.97948 3.2759 3.60269 3.10212 3.68782 2.87042 3.60344 2.63489 3.04871 3.59167 2.61534 2.91571 4.16469 3.86387 2.579 2.52108 3.23353 2.42078 2.92057 3.23589 2.90945 2.91734 2.53106 2.47127
threshold=42.500000000000007 22.500000000000004 4.5000000000000009 -3.4999999999999996 4.5000000000000009 0.38750000000000007 3.5000000000000004 8.5000000000000018 0.28035087719298252 9.5000000000000018 0.11583184257602856 379.48760964912287 5.5000000000000009 35.500000000000007 1.0000000180025095e-35 0.19378911892152142 2.5000000000000004 0.28918128654970759 4.5000000000000009 6.5000000000000009 0.14854215918045702 0.2561121049493143 219.06805894663412 1.297058823529412 0.28918128654970759 249.61267361111115 278.67845138888896 11.500000000000002 3.5000000000000004 340.02687500000008
decision_type=2 2 2 2 2 2 2 2 2 2 2 2 2 2 2 2 2 2 2 2 2 2 2 2 2 2 2 2 2 2
left_child=2 -2 -1 6 5 -5 9 13 21 11 -11 16 -13 -8 15 -15 -4 18 -18 -19 -12 22 -9 24 25 -22 27 -27 29 -28
right_child=1 -3 3 4 -6 -7 7 8 -10 10 20 12 -14 14 -16 -17 17 19 -20 -21 23 -23 -24 -25 -26 26 28 -29 -30 -31
leaf_value=0.0020777706007879889 -0.07523416064075629 0.051011399082825405 -0.029010680244464418 -0.092690312734805602 -0.054497722664307385 0.002669649310722532 0.024015385080124806 -0.047557592815540575 -0.035916967462066816 -0.10637215804894709 0.052080441224470801 0.10150720231557012 -0.052838420328591797 -0.065213742469754907 -0.040267941655558762 0.064213825991815049 0.10252235938531051 0.12289526445293782 -0.011867587149491442 -0.015929508855819421 -0.065127957336238565 0.15743328949566843 0.08017614145560012 -0.04080101665462095 -0.04457100202018735 -0.00090083230347034809 -0.070144149809318365 0.12189861755491194 0.039387166741489538 0.034159217544780379
leaf_weight=1608.7067301467177 16.028163922266689 0.75277907866984506 18.311991395545192 3.6269506377284406 25.778665612218902 70.031407060625497 37.584636451676488 2.4709743002895292 3.6467484356835476 4.5604548803530625 5.5125034637749186 6.369005826127248 1.9837483018636701 3.0057302624918538 18.676998540060595 7.4794250051490963 3.6287419217405867 5.1508437664015201 25.897975143452641 3.2825646784622222 4.6953133763745418 2.9675952410325399 10.011369120329617 30.04196963715367 12.867633145768194 3.1402889117598551 6.2436140524223465 5.0388527829200029 9.9443277996033412 3.5706305336207151
leaf_count=14487 6965 26 148 38 312 788 240 27 42 31 41 70 17 24 241 51 44 40 220 26 31 22 78 213 92 23 49 32 71 24
internal_value=0.000569601 -0.0695709 0.00117499 -0.0031535 -0.015629 -0.00202589 0.0021011 0.0169631 0.0534845 -0.00639065 -0.0188748 0.0101485 0.0648507 0.00651406 -0.0160419 0.0271114 0.00202875 0.0170022 0.00219058 0.06886 -0.0139519 0.0745866 0.0548903 -0.0187704 -0.00422463 0.0116845 0.0245939 0.0747512 0.00383104 -0.0321964
internal_weight=1961.01 16.7809 1944.23 335.521 99.437 73.6584 236.084 85.8435 19.0967 150.24 85.6156 64.6249 8.35275 66.7468 29.1622 10.4852 56.2721 37.9601 29.5267 8.43341 81.0551 15.4499 12.4823 75.5426 45.5007 32.633 27.9377 8.17914 19.7586 9.81424
internal_count=24513 6991 17522 3035 1138 826 1897 725 169 1172 607 565 87 556 316 75 478 330 264 66 576 127 105 535 322 230 199 55 144 73
is_linear=0
shrinkage=0.1


Tree=210
num_leaves=31
num_cat=0
split_feature=0 0 9 2 8 11 7 12 9 0 8 2 8 7 8 12 12 5 11 9 1 8 0 9 1 13 13 8 13 13
split_gain=7.62105 0.890996 2.71036 1.50753 1.22193 1.00092 0.740786 2.77476 2.50684 2.24034 2.13503 2.90738 2.67464 1.9698 1.95872 1.87477 5.2381 2.34032 2.20801 3.06734 3.93956 2.46936 3.0141 2.54761 1.99622 1.71435 1.5022 1.35783 1.3547 2.0412
threshold=23.500000000000004 25.500000000000004 196.83293559516966 2.5000000000000004 0.12262799856784816 5.5000000000000009 11.500000000000002 10.500000000000002 176.01026455026457 45.500000000000007 0.26120401337792648 8.5000000000000018 0.19657494145199064 9.5000000000000018 0.20864427860696519 4.5000000000000009 8.5000000000000018 2.5000000000000004 1.0000000180025095e-35 150.01174012158057 3.5000000000000004 0.16302800189843378 33.500000000000007 181.88445767195768 3.5000000000000004 1.1180555555555558 1.0717948717948722 0.45080645161290328 0.75595238095238104 1.1791443850267382
decision_type=2 2 2 2 2 2 2 2 2 2 2 2 2 2 2 2 2 2 2 2 2 2 2 2 2 2 2 2 2 2
left_child=-1 2 3 -2 -5 -6 13 9 -9 10 11 14 -13 27 -8 18 28 24 -15 20 -20 -21 -23 26 -18 -12 -24 -3 -17 -30
right_child=1 6 -4 4 5 -7 7 8 -10 -11 25 12 -14 15 -16 16 17 -19 19 21 -22 22 23 -25 -26 -27 -28 -29 29 -31
leaf_value=-0.068877173886109533 0.14986250273537763 0.0016230069440586474 -0.075421212271050808 0.1258024200459992 -0.041345661246144333 0.067413223176273282 0.0058370047765125208 0.13957917406237025 -0.0008624347177185193 -0.080443489049527653 0.082311871820668001 -0.022808856689116992 0.090830552401947595 -0.09637858604346107 -0.076467565757766073 -0.017142777028574731 -0.097837057024224877 0.032753882777530434 -0.045357576245370582 0.032138111663727931 0.090683087086634542 -0.12620332250673433 -0.1120201460384338 0.052376853496769682 -0.013853080783280304 -0.00077501087475056064 -0.0083139991454547358 -0.06972569214990601 0.07774192852977406 -0.000122982321251903
leaf_weight=15.704321301076559 0.77639794722199251 1911.61516455331 5.7866623768350109 0.68720474699512113 3.7363131237216294 1.0939465789124367 5.2982653155922943 3.1218206256162366 2.1437365466263145 2.853832373104523 6.2126159444451314 3.8536845706403238 4.4775684960186481 4.8416457924176965 6.3653763458132744 3.8522450199234326 7.1181824570521695 3.1341952627990386 4.0531652793288249 3.1446651227888678 4.4832103475928307 5.1718466468155375 3.1936742048710567 2.631151330366265 4.6981900125392713 4.1369912289083004 2.4824518794193864 2.6710429592058054 9.2943951457273197 5.2787895521032615
leaf_count=7420 20 14971 1147 13 131 19 27 26 21 98 31 22 25 30 29 25 40 43 25 22 25 27 37 37 31 18 20 22 71 40
internal_value=0.000516969 0.00105428 -0.0260225 0.0193953 0.00103637 -0.0167142 0.00121653 0.0149613 0.082402 0.00426457 0.0122312 -0.0068526 0.0382658 0.000949204 -0.0390803 -0.0163956 -8.90621e-05 -0.0440685 -0.0345361 -0.0226356 0.0260895 -0.0476561 -0.0662719 -0.0289606 -0.064445 0.0491 -0.0666643 0.00152345 0.0355963 0.0495372
internal_weight=2043.91 2028.21 12.0805 6.29386 5.51746 4.83026 2016.13 38.4639 5.26556 33.1983 30.3445 19.9949 8.33125 1977.66 11.6636 63.3778 33.376 14.9506 30.0018 25.1602 8.53638 16.6238 13.4791 8.30728 11.8164 10.3496 5.67613 1914.29 18.4254 14.5732
internal_count=24513 17093 1330 183 163 150 15763 297 47 250 152 103 47 15466 56 473 250 114 223 193 50 143 121 94 71 49 57 14993 136 111
is_linear=0
shrinkage=0.1


Tree=211
num_leaves=31
num_cat=0
split_feature=0 0 4 13 13 8 1 2 13 2 2 8 11 4 10 0 12 6 12 11 7 8 4 9 0 1 12 2 10 6
split_gain=17.4624 0.92986 2.00149 1.1408 1.27665 1.08972 1.07619 3.12294 1.43681 2.26596 1.67875 1.6568 1.58599 3.20634 2.67074 2.34045 1.6233 1.48912 1.16621 1.0189 2.42151 4.01053 4.63252 3.65391 4.20091 3.35067 3.54274 4.06568 3.2864 4.51064
threshold=34.500000000000007 38.500000000000007 12.500000000000002 1.5339366515837105 1.4833333333333336 0.063164893617021267 1.0000000180025095e-35 1.5000000000000002 0.78888888888888908 4.5000000000000009 7.5000000000000009 0.23660287081339706 5.5000000000000009 16.500000000000004 13.500000000000002 36.500000000000007 5.5000000000000009 10.500000000000002 9.5000000000000018 1.5000000000000002 -4.4999999999999991 0.22886904761904758 13.500000000000002 216.87142547928264 40.500000000000007 2.5000000000000004 3.5000000000000004 3.5000000000000004 11.500000000000002 2.5000000000000004
decision_type=2 2 2 2 2 2 2 2 2 2 2 2 2 2 2 2 2 2 2 2 2 2 2 2 2 2 2 2 2 2
left_child=-1 2 -2 4 6 -3 -4 -8 -9 12 17 -12 14 -14 15 -10 -17 -11 -13 20 21 22 -7 28 -25 26 27 -26 -22 -30
right_child=1 5 3 -5 -6 19 7 8 9 10 11 18 13 -15 -16 16 -18 -19 -20 -21 23 -23 -24 24 25 -27 -28 -29 29 -31
leaf_value=-0.075173784261425694 -0.075446815237248138 0.087910973496249878 -0.076418076587990574 -0.081831949102266821 0.11976277542663061 -0.065915426286902112 0.21378212518581768 -0.056184263322692198 -0.076534204578536658 -0.05607565133083682 -0.077311183348160145 0.014450806978732534 0.26989646780666882 0.010239528094879033 -0.077194908972697762 0.022510796210409991 0.14959411200649503 0.053295676156591587 0.13123163021397519 0.0035810347855430922 0.030856039505509459 -0.053058319405771839 0.035275310876224923 -0.081616589260802175 0.013960872246680257 0.065568691252147759 0.035501762659145918 -0.094672022643141271 -0.11797195434900794 -0.0073228900516260423
leaf_weight=30.711114256322617 4.6695779815781853 1.4654330201446999 1.9486280959099591 1.8549793027341355 0.84979032026603718 6.3461366503033814 0.66975081246346491 4.5500712569337365 0.99655495444312858 8.9503248215187323 1.061586511787026 1.9592789160087707 0.85386494104750443 1.0734030818566678 1.9329894622787831 1.7776603149250148 2.3128747204318643 1.4459865335375059 1.5174105949699876 793.06340455554891 22.571362833259627 23.59269118483644 15.757886804058215 3.6724792490713289 9.3725937288254482 17.257746923714876 25.518042635289021 5.4475812622113144 3.7517498979577786 204.60204245208297
leaf_count=13257 728 7 127 73 17 98 29 213 60 391 49 38 23 23 94 27 22 34 7 6586 117 221 115 73 68 153 240 35 24 1564
internal_value=-0.000738052 0.00121439 -0.0140844 -0.00559574 -0.00116265 0.0017335 -0.00447215 0.000345291 -0.00468248 0.00512983 -0.0187121 0.0320326 0.0449259 0.125279 0.0228661 0.0608872 0.0943664 -0.0408636 0.0654201 0.00162184 -0.0029766 -0.0243832 0.00622312 0.000371218 0.0220813 0.0286933 0.0129171 -0.0259703 -0.00538883 -0.00931531
internal_weight=1201.55 1170.84 38.4247 33.7552 31.9002 1132.42 31.0504 29.1018 28.432 23.8819 14.9346 4.53828 8.94735 1.92727 7.02008 5.08709 4.09054 10.3963 3.47669 1130.95 337.89 45.6967 22.104 292.194 61.2684 57.596 40.3382 14.8202 230.925 208.354
internal_count=24513 11256 1955 1227 1154 9301 1137 1010 981 768 519 94 249 46 203 109 49 425 45 9294 2708 434 213 2274 569 496 343 103 1705 1588
is_linear=0
shrinkage=0.1


Tree=212
num_leaves=31
num_cat=0
split_feature=0 10 4 0 1 7 8 12 6 6 12 4 12 3 10 6 0 9 8 8 9 11 4 0 9 12 9 9 9 8
split_gain=20.0666 0.671737 2.13786 1.90738 1.59496 2.92243 2.51667 2.13783 1.74098 2.73897 1.65157 2.252 2.70766 1.77504 1.57386 1.92862 2.56109 3.29541 2.91051 4.84562 2.56697 2.37083 2.19627 2.84734 1.59235 1.54144 1.78867 1.45552 2.96279 2.58652
threshold=29.500000000000004 22.500000000000004 2.5000000000000004 21.500000000000004 1.5000000000000002 -2.4999999999999996 0.21644144144144142 5.5000000000000009 6.5000000000000009 5.5000000000000009 3.5000000000000004 4.5000000000000009 9.5000000000000018 1.5000000000000002 9.5000000000000018 4.5000000000000009 21.500000000000004 247.43616071428576 0.2956145966709347 0.25834260289210237 271.01491596638658 1.0000000180025095e-35 9.5000000000000018 23.500000000000004 121.71866666666666 7.5000000000000009 200.34294794593876 165.88075633773312 134.65788288288292 0.21294035577258458
decision_type=2 2 2 2 2 2 2 2 2 2 2 2 2 2 2 2 2 2 2 2 2 2 2 2 2 2 2 2 2 2
left_child=1 14 -3 -4 5 8 -6 -7 9 -5 -10 13 -13 -12 27 21 -17 24 19 20 -19 -16 -23 25 -18 26 -24 28 -1 -30
right_child=-2 2 3 4 6 7 -8 -9 10 -11 11 12 -14 -15 15 16 17 18 -20 -21 -22 22 23 -25 -26 -27 -28 -29 29 -31
leaf_value=-0.022922967876586473 -0.075181252062517481 -0.039153421158277718 0.089875637912559425 0.026143929376126297 -0.11498764871060591 0.011773517732949171 0.023725404130036033 0.12935030989829194 0.060128705413239926 -0.092072209906817915 0.090341976635266413 -0.07893414842072953 0.035856222745520076 -0.0056320676877022521 -0.11233446722633722 0.05238200145589525 0.091521263217256121 0.087938940440990918 -0.091810940757663911 0.15259425605313015 -0.041452448533148188 -0.087224266633911585 0.0047338498871705081 -0.077119914774061438 -0.081868727577575642 -0.041806217019886849 0.091117979006307262 0.0010903404065066859 0.094689763258542781 0.015301344628410068
leaf_weight=8.4078750527696702 35.375956258023507 7.0503672873601309 3.5967622287571421 3.9766895193606606 2.3339907955378285 2.5679514887742725 2.9752655765041709 3.8875029487535357 7.7518546427600112 3.8645080579444766 3.9156615780666497 4.980142137501387 3.4983137533999979 3.7945751110091805 3.381862795911732 7.6866353228688267 0.57424941472709434 2.1677005514502508 2.0705990639980874 2.7149400552734733 5.2384472470730543 4.4116926349233863 8.4741244837641734 4.7916621436597771 6.8199113013688475 4.1293484885245553 3.3423774577677241 947.28076347662136 7.2689563166350153 9.4254047587746737
leaf_count=91 13638 45 22 25 20 26 26 26 71 29 22 55 31 25 75 38 35 23 31 31 73 34 52 294 242 25 17 9196 74 121
internal_value=-0.00106747 0.00135483 0.0122059 0.0198868 0.014106 0.0212373 -0.0372539 0.0825788 0.00877774 -0.0321185 0.0221724 0.00399726 -0.0315702 0.0431086 0.000782889 -0.0155489 0.00346574 -0.0157319 0.0162126 0.0383124 -0.00358097 -0.0337248 -0.023154 -0.00952376 -0.0684028 0.0107886 0.0291682 0.00172015 0.0254871 0.0498682
internal_weight=1117.76 1082.38 54.1936 47.1432 43.5465 38.2372 5.30926 6.45545 31.7817 7.8412 23.9405 16.1887 8.47846 7.71024 1028.19 55.8036 27.2725 19.5858 12.1917 10.1211 7.40615 28.5311 25.1492 20.7375 7.39416 15.9459 11.8165 972.383 25.1022 16.6944
internal_count=24513 10875 423 378 356 310 46 52 258 54 204 133 86 47 10452 970 473 435 158 127 96 497 422 388 277 94 69 9482 286 195
is_linear=0
shrinkage=0.1


Tree=213
num_leaves=31
num_cat=0
split_feature=0 4 8 6 3 8 9 9 0 10 0 5 5 11 8 8 0 12 0 8 5 7 0 13 9 9 12 9 13 1
split_gain=7.65154 1.09858 0.729328 1.04352 0.688084 3.06044 1.9769 2.52448 3.61697 1.92827 1.8784 1.87056 1.92732 2.16397 1.81153 1.77286 1.22754 1.15987 2.13231 1.30576 1.0301 0.841181 2.76907 1.56331 3.94113 2.31455 3.56174 3.29994 2.23672 3.00148
threshold=42.500000000000007 5.5000000000000009 1.0000000180025095e-35 3.5000000000000004 1.0000000180025095e-35 0.3626692456479691 350.68837991718436 381.94604166666676 24.500000000000004 2.5000000000000004 21.500000000000004 3.5000000000000004 5.5000000000000009 2.5000000000000004 0.22933743169398904 0.17165178571428572 24.500000000000004 7.5000000000000009 23.500000000000004 0.099019607843137264 2.5000000000000004 1.0000000180025095e-35 37.500000000000007 0.25833333333333336 192.47772702104101 394.49597222222229 8.5000000000000018 334.09273657628927 1.7238095238095241 1.5000000000000002
decision_type=2 2 2 2 2 2 2 2 2 2 2 2 2 2 2 2 2 2 2 2 2 2 2 2 2 2 2 2 2 2
left_child=2 -2 3 -1 5 6 9 14 17 20 -7 15 13 -13 -8 -11 -17 18 19 -9 -4 -6 23 24 -23 27 -27 -25 -29 -30
right_child=1 -3 4 -5 21 10 7 8 -10 11 -12 12 -14 -15 -16 16 -18 -19 -20 -21 -22 22 -24 25 -26 26 -28 28 29 -31
leaf_value=0.032838513113501513 0.047177197374491719 -0.075207763015632409 0.087225673171038506 -0.11369685574860332 0.0031853970368492615 -0.0098811888057254854 -0.14017261490679522 0.075943214020614824 0.09047842107090634 -0.1457735753819723 0.15816624408691579 0.14296879648441602 -0.041548740725474542 -0.011599291200439087 -0.032352164434896073 -0.0870636882041083 0.0069337587982574271 -0.097070332843260998 0.11877954407904463 -0.088677133155901894 0.0056261728659223707 0.15697164205838571 -0.047224591651513805 3.3497093175762802e-05 0.012211496981871864 0.0079122451818881626 0.11314849612091629 -0.031734647772571768 -0.03941525959607229 0.10370674594936624
leaf_weight=0.78146212530555148 0.7715500780614083 14.857549687018034 3.1679422953748171 1.2852434554952195 1113.4872303342563 1.1238469050731503 3.7029352146782903 0.60376139095751469 2.4725757762789726 1.6289962969603928 1.629713352769613 1.8729936957824977 2.8613809603848495 1.753942772047594 2.6904820672352798 2.212102145946119 3.7353146150708199 3.0115236224955879 0.91841450333595265 2.3858755005057901 3.0236440455191769 2.0862611631164354 12.796265123877673 679.58692174946191 19.08891752094496 12.022317847702654 4.3906774686183772 51.104194136743899 2.8770615672692648 2.9861235371790826
leaf_count=49 25 6966 32 67 10197 44 43 9 22 39 7 21 22 27 31 67 31 50 3 88 31 18 1273 4597 167 103 37 403 23 21
internal_value=0.000523252 -0.0691661 0.00108431 -0.0582889 0.00114759 -0.0120363 -0.0197995 -0.0463297 -0.0133353 0.000875145 0.0895788 -0.0195958 0.0198123 0.0682215 -0.0947995 -0.0533443 -0.028028 -0.0504311 -0.0144912 -0.0554318 0.0473768 0.00141673 -0.00108587 -0.00032322 0.0264738 -0.00107681 0.0360642 -0.00190445 -0.025023 0.0334769
internal_weight=1956.92 15.6291 1941.29 2.06671 1939.22 38.7954 36.0419 15.7856 9.39215 20.2563 2.75356 14.0647 6.48832 3.62694 6.39342 7.57641 5.94742 6.91958 3.90805 2.98964 6.19159 1900.43 786.939 774.142 21.1752 752.967 16.413 736.554 56.9674 5.86319
internal_count=24513 6991 17522 116 17406 567 516 246 172 270 51 207 70 48 74 137 98 150 100 97 63 16839 6642 5369 185 5184 140 5044 447 44
is_linear=0
shrinkage=0.1


Tree=214
num_leaves=31
num_cat=0
split_feature=0 10 0 8 1 2 0 8 13 2 8 5 11 12 8 6 9 6 4 9 1 3 12 12 12 5 4 6 13 13
split_gain=6.9985 0.864168 4.6075 1.74937 1.93679 1.35078 1.54982 1.13645 3.54993 1.4318 1.41969 2.33618 1.91786 1.76703 1.21619 2.10283 0.915009 1.66555 1.50808 1.33503 1.36816 0.913145 0.892984 0.844 0.716778 4.09431 2.55525 2.39656 4.94935 3.17615
threshold=23.500000000000004 7.5000000000000009 29.500000000000004 0.084039548022598873 2.5000000000000004 3.5000000000000004 30.500000000000004 0.19657494145199064 1.297058823529412 1.5000000000000002 0.21103238866396759 2.5000000000000004 1.5000000000000002 4.5000000000000009 0.26726190476190476 6.5000000000000009 371.69427497789576 9.5000000000000018 6.5000000000000009 355.72262443438916 1.0000000180025095e-35 3.5000000000000004 4.5000000000000009 8.5000000000000018 11.500000000000002 1.0000000180025095e-35 12.500000000000002 8.5000000000000018 1.2899159663865549 0.78888888888888908
decision_type=2 2 2 2 2 2 2 2 2 2 2 2 2 2 2 2 2 2 2 2 2 2 2 2 2 2 2 2 2 2
left_child=-1 2 -2 -4 5 6 -5 8 21 10 -9 13 -13 -12 23 -16 19 18 22 24 -21 -8 -18 -11 -3 -26 -27 -28 29 -29
right_child=1 16 3 4 -6 -7 7 9 -10 14 11 12 -14 -15 15 -17 17 -19 -20 20 -22 -23 -24 -25 25 26 27 28 -30 -31
leaf_value=-0.068399134353806554 -0.075337944197761186 0.0018573595733300176 0.11997204323237974 -0.076814833583161962 -0.070723091970447183 0.064595175705519828 -0.083876873122253337 0.11234253022271148 0.079005728782914619 -0.05832134946072462 0.021204817074981678 0.045379921424618108 -0.069905769504405676 0.13788572563318655 -0.013698302510366534 0.10535314299785742 -0.10118518105139351 0.10894585771073731 0.069624903805460145 -0.10850355716248894 -0.0081988393483485352 -0.024437786434228854 0.012916649848061929 0.012114035287484802 -0.099876882692842561 -0.0326215646726353 -0.0065431747672587614 -0.0052383426754675907 -0.040620857802705065 0.075984839107510485
leaf_weight=14.641995695565127 9.3460287605412287 1829.924443684984 1.2029335126280774 2.5550266378559163 3.8032282041385761 3.3555024545639744 3.7390054585412136 2.2035364583134678 2.9824611693620673 4.9596770107746107 2.9333805516362172 2.5841067060828209 3.2677491111680865 2.3279222752898932 4.6825970318168402 2.1717826090753078 1.3726055992301547 2.2233447283506393 2.0237120604142547 2.2157733477652064 3.5203831694088876 8.3713943362236005 1.3709814287722109 2.589416803792119 4.4860195772489524 22.560347583494149 60.771369782218244 6.9089161125011804 7.8700064792647018 15.880526452849152
leaf_count=7420 1884 13600 7 111 42 25 39 10 24 43 35 24 41 24 45 18 19 27 19 38 33 55 23 15 28 183 414 74 50 143
internal_value=0.00048785 0.000986141 -0.010535 0.000737216 -0.00199342 0.00337143 -0.00115679 0.00335839 -0.0187216 0.0153803 0.0390166 0.0244774 -0.018997 0.0728316 -0.00647249 0.0240227 0.00135669 0.037471 0.00413691 0.0012275 -0.0469447 -0.0427892 -0.044168 -0.0341613 0.00136932 -0.00616861 -0.00248081 0.00495636 0.0277501 0.051361
internal_weight=2038.85 2024.2 63.0757 53.7297 52.5268 48.7236 45.3681 42.813 15.0929 27.7202 13.3167 11.1132 5.85186 5.2613 14.4035 6.85438 1961.13 6.99064 4.7673 1954.14 5.73616 12.1104 2.74359 7.54909 1948.4 118.477 113.991 91.4308 30.6594 22.7894
internal_count=24513 17093 2442 558 551 509 484 373 118 255 134 124 65 59 121 63 14651 88 61 14563 71 94 42 58 14492 892 864 681 267 217
is_linear=0
shrinkage=0.1


Tree=215
num_leaves=31
num_cat=0
split_feature=0 0 9 8 11 13 13 7 8 10 4 12 12 13 2 2 11 1 10 9 8 8 8 1 9 12 13 10 13 5
split_gain=16.1676 0.831844 1.89418 1.2105 2.17674 1.09268 1.39455 1.25316 4.84209 1.14545 1.89251 8.37197 2.87417 1.76157 1.68354 1.73433 1.22554 1.10143 1.01203 1.95897 0.958509 1.75397 0.92646 0.937458 4.22236 2.10334 5.62262 3.88992 3.83413 3.092
threshold=34.500000000000007 38.500000000000007 221.55425925925928 0.13397435897435897 5.5000000000000009 1.5339366515837105 1.4494949494949496 -5.4999999999999991 0.31311274509803927 13.500000000000002 15.500000000000002 1.5000000000000002 5.5000000000000009 1.3798076923076925 4.5000000000000009 7.5000000000000009 3.5000000000000004 4.5000000000000009 18.500000000000004 161.91773466371029 0.42462121212121212 0.3943381180223286 0.063164893617021267 1.5000000000000002 140.8333703703704 9.5000000000000018 0.19090909090909094 18.500000000000004 1.420168067226891 6.5000000000000009
decision_type=2 2 2 2 2 2 2 2 2 2 2 2 2 2 2 2 2 2 2 2 2 2 2 2 2 2 2 2 2 2
left_child=-1 2 5 4 -4 6 7 8 -2 10 11 -9 -12 18 16 17 -14 -16 -11 -20 21 22 -3 24 -24 -26 -27 29 -29 -28
right_child=1 20 3 -5 -6 -7 -8 9 -10 13 12 -13 14 -15 15 -17 -18 -19 19 -21 -22 -23 23 -25 25 26 27 28 -30 -31
leaf_value=-0.075161255125870199 -0.07689010717594047 0.080993105130139298 -0.075727018174263305 -0.075825215723983652 0.29087244901584802 -0.081342150088848375 0.098823689505274717 0.39654359369156789 0.3488830915776186 -0.07754504399957747 -0.046737899343514196 -0.076734820904048762 0.10852721773603194 0.14809238564480617 -0.077793546287895615 0.065418324316694809 -0.0083741295281245642 0.064425296487324354 0.25034647936784965 -0.075874858329345762 0.06235605845153535 -0.062220455575274225 0.11478835591545661 -0.00051474236413618583 0.0080709316688257048 0.1108001412233468 0.011760443148524558 -0.060219867715144093 0.07213485786480868 -0.066350666294552454
leaf_weight=28.458596244789078 0.63818711042404774 1.4721506722271431 0.42392520443536241 6.0510710140224546 0.2621072344481945 1.6835208036936808 1.4019202375784505 0.61566771194339753 0.4593571163713932 4.8891828660853198 8.8433455759659427 0.95124563900753856 3.2906842953525466 0.43562516290694464 2.7443912704475228 2.1260354956611991 1.2327366624958811 0.67935846233740438 0.29155331104993809 0.49936104076914489 2.5916225668042889 4.3072188338264814 3.5062849966343483 728.25027645326918 317.76214114768663 3.6147523593390352 37.433417076361366 23.416496587160513 2.4143786861095569 5.8612285874551153
leaf_count=13257 39 7 53 795 7 71 24 5 9 243 339 58 49 18 110 30 36 18 2 49 13 36 22 5952 2671 36 252 245 23 44
internal_value=-0.000689816 0.00112447 -0.0135244 -0.0615527 0.0643369 -0.00301278 0.00151901 -0.00340624 0.101309 -0.00772705 0.00361196 0.109225 -0.00513625 -0.0457049 0.0313862 -0.00552208 0.0766689 -0.0495737 -0.0605679 0.0443795 0.00161058 0.00147102 0.00171515 0.00161115 0.00554047 0.00455954 -0.0107798 -0.0171375 -0.0478488 0.00118576
internal_weight=1196.61 1168.15 37.5193 6.7371 0.686032 30.7822 29.0987 27.6967 1.09754 26.5992 20.4835 1.56691 18.9166 6.11572 10.0732 5.54979 4.52342 3.42375 5.6801 0.790914 1130.63 1128.04 1123.73 1122.26 394.009 390.502 72.7403 69.1255 25.8309 43.2946
internal_count=24513 11256 1955 855 60 1100 1029 1005 48 957 645 63 582 312 243 158 85 128 294 51 9301 9288 9252 9245 3293 3271 600 564 268 296
is_linear=0
shrinkage=0.1


Tree=216
num_leaves=31
num_cat=0
split_feature=0 10 0 8 8 9 9 9 8 8 8 7 4 7 5 1 9 8 11 9 9 5 13 0 6 8 12 9 9 9
split_gain=18.5688 0.672787 3.25527 1.63551 3.56476 2.87324 3.72976 3.368 3.40395 3.09628 2.98648 4.06101 2.96162 4.08825 3.30049 2.77049 3.18993 2.74535 2.72387 2.8454 2.89612 2.71937 2.84651 2.73835 2.74448 2.75146 2.63819 3.3471 3.53168 2.67558
threshold=29.500000000000004 6.5000000000000009 18.500000000000004 0.24807692307692308 0.26546556122448989 272.0478070175439 346.12369047619057 354.06578947368428 0.18942218080149117 0.063164893617021267 0.20948987246811704 2.5000000000000004 8.5000000000000018 1.5000000000000002 4.5000000000000009 1.5000000000000002 227.68449712643681 0.19189852700490997 2.5000000000000004 314.6089635854342 319.72978983382217 3.5000000000000004 1.7638888888888891 23.500000000000004 4.5000000000000009 0.14854215918045702 9.5000000000000018 217.5747023809524 315.80716911764711 363.43814102564107
decision_type=2 2 2 2 2 2 2 2 2 2 2 2 2 2 2 2 2 2 2 2 2 2 2 2 2 2 2 2 2 2
left_child=1 2 -1 5 26 10 9 8 -8 -7 12 15 13 14 17 16 -12 -3 -11 -20 -21 22 23 24 25 -14 27 -5 -29 -30
right_child=-2 3 -4 4 -6 6 7 -9 -10 18 11 -13 21 -15 -16 -17 -18 -19 19 20 -22 -23 -24 -25 -26 -27 -28 28 29 -31
leaf_value=0.057145319822561172 -0.075168014988534551 0.011665250158005324 0.0022607165471764004 -0.025271738037514615 -0.0021906594892621028 0.071455436416485538 -0.03929500889327682 -0.0063561406871402021 0.13107161067487605 -0.012489834215787778 0.0316600149718574 -0.068047792151117434 -0.026803055698040798 0.096184193915726149 0.11492564990380463 0.065378134680078415 -0.10378340173150336 -0.11466726573424657 -0.073937472808751917 0.054311784389664913 -0.044759628215164264 -0.066646443278309583 -0.076119134440982492 -0.041063702182625672 0.075554705938127506 0.034473482320269415 0.089008628792861838 0.070537266046110866 -0.083298179893787849 0.046071561583098303
leaf_weight=10.984765082714146 32.783730602517608 15.214553023572089 665.94628435000777 10.795393388019876 147.89693099947181 2.7345367826055726 1.6944551292108361 30.578312390600331 3.8092594592599198 27.150986503693275 3.8851655651815253 12.240222117397932 12.078254780732097 8.6179460944840667 2.7752869740361339 5.5854011871851981 3.1476334063336253 1.9394268163014192 25.445511667639948 3.9486336382105938 11.674816482234744 5.6607714379206291 3.856567818671464 7.7352881596889338 8.1804006807506067 18.631428661290556 6.7011493250029153 14.531169416848572 3.1988239667844018 3.1957709605339915
leaf_count=2152 13638 188 4446 100 1536 40 30 347 31 258 52 183 82 73 27 43 49 21 229 28 111 92 28 338 49 97 61 121 31 32
internal_value=-0.00102532 0.00122564 0.00315135 -0.00200978 0.00485949 -0.00791914 -0.0195714 0.00660556 0.07862 -0.032883 0.00346592 -0.0270099 0.0124113 0.0386362 0.0137509 0.0127986 -0.0289597 -0.00261789 -0.0370653 -0.0533123 -0.0197206 -0.000923443 0.00644638 0.0132757 0.0240839 0.0103731 0.0319973 0.0199535 0.0432848 -0.0186442
internal_weight=1112.62 1079.84 676.931 402.904 186.319 216.585 107.037 36.082 5.50371 70.9545 109.548 24.8584 84.6899 28.5472 19.9293 12.6182 7.0328 17.154 68.2199 41.069 15.6235 56.1427 50.4819 46.6254 38.8901 30.7097 38.4223 31.7212 20.9258 6.39459
internal_count=24513 10875 6598 4277 1881 2396 1074 408 61 666 1322 327 995 309 236 144 101 209 626 368 139 686 594 566 228 179 345 284 184 63
is_linear=0
shrinkage=0.1


Tree=217
num_leaves=31
num_cat=0
split_feature=0 10 12 11 3 7 7 8 4 9 9 9 9 6 13 8 13 13 6 5 6 6 8 0 11 3 13 0 13 11
split_gain=7.03603 1.09579 0.728656 2.82916 3.82214 4.05509 4.21203 3.95788 3.77312 5.85653 3.48695 2.93876 2.57903 3.4014 2.34069 2.24951 2.23715 2.0435 3.74212 3.79767 3.57036 5.52383 3.83991 3.47288 3.29853 9.35739 4.21928 4.07199 3.2971 4.12726
threshold=42.500000000000007 22.500000000000004 3.5000000000000004 5.5000000000000009 2.5000000000000004 -2.4999999999999996 2.5000000000000004 0.28165064102564102 5.5000000000000009 328.81087622549029 258.74669312169317 305.17860195360203 154.17960588793923 3.5000000000000004 0.88194444444444453 0.10582306830907051 0.38750000000000007 0.60769230769230786 7.5000000000000009 3.5000000000000004 8.5000000000000018 9.5000000000000018 0.32392686804451515 36.500000000000007 2.5000000000000004 4.5000000000000009 0.89444444444444449 30.500000000000004 0.5634920634920636 1.5000000000000002
decision_type=2 2 2 2 2 2 2 2 2 2 2 2 2 2 2 2 2 2 2 2 2 2 2 2 2 2 2 2 2 2
left_child=2 -2 3 -1 7 10 8 11 9 -7 -6 -5 -8 -14 -15 -10 -17 18 19 28 22 24 -19 -21 25 -22 -26 -27 -4 -30
right_child=1 -3 17 4 5 6 12 -9 15 -11 -12 -13 13 14 -16 16 -18 20 -20 23 21 -23 -24 -25 26 27 -28 -29 29 -31
leaf_value=0.0061703336672451333 -0.075211603131609975 0.047569773832655177 0.0041576598194777801 -0.094597673505404253 -0.013727285685863913 -0.091681358261419654 0.072965640386950886 -0.13730067650706415 0.038138410493823209 0.1366317993071556 0.079733972396718811 -0.0015742938529669645 0.030567759355200737 -0.1337077019314715 -0.01471674810909189 0.03481083023971665 -0.067553448408290959 -0.0079649217451538325 -0.012317377885269737 0.034222175799745305 0.065600276033252733 -0.0011406838906380396 0.011597008078101084 0.13400764358101963 0.12689418719931908 0.042006946771821943 0.03846396138385319 -0.10682036704416975 0.14123030586125435 0.020148909155309064
leaf_weight=596.39386308373651 13.808696162333941 0.76726867444813329 139.93184370559175 4.7690857309498886 6.7061665989458588 1.8586989327450272 6.1508891964331296 4.1750191994942716 2.6319446533452746 2.8404782044817694 9.862961749720851 11.796386492031159 12.560456246603282 2.4974986969027659 4.8900022867601365 2.3369816225022104 24.702634506509639 708.42944381624693 68.705659080122132 25.642498692381199 12.607985640759582 115.74013440543786 116.90439386165235 4.0369162189308545 7.2524296182673451 2.5201582768931967 21.073594265268184 6.7958251093514264 3.9912967262789598 9.5537602372933161
leaf_count=5267 6965 26 1378 70 65 29 57 41 22 23 76 126 92 23 46 17 239 6421 555 231 103 1041 1091 47 66 14 208 79 30 65
internal_value=0.000469302 -0.0687485 0.00099007 0.00358539 -0.0121812 -0.00192269 -0.0139322 -0.0502856 -0.0369304 0.0463255 0.0419066 -0.0283551 0.0163551 -0.0011006 -0.0549441 -0.0501159 -0.0587063 -0.000459109 0.00758441 0.01505 -0.0025027 0.0108793 -0.00519407 0.0477947 0.0385649 0.00944259 0.0611051 -0.0665596 0.00871779 0.0558277
internal_weight=1951.93 14.576 1937.36 694.173 97.7792 77.0387 60.4696 20.7405 34.3707 4.69918 16.5691 16.5655 26.0988 19.948 7.3875 29.6716 27.0396 1243.19 251.862 183.156 991.324 165.99 825.334 29.6794 50.25 21.924 28.326 9.31598 153.477 13.5451
internal_count=24513 6991 17522 6193 926 689 548 237 330 52 141 196 218 161 69 278 256 11329 2306 1751 9023 1511 7512 278 470 196 274 93 1473 95
is_linear=0
shrinkage=0.1


Tree=218
num_leaves=31
num_cat=0
split_feature=0 10 0 7 7 11 7 9 9 11 0 8 3 6 8 11 4 13 9 9 4 12 11 4 10 5 9 2 6 9
split_gain=6.42809 0.763856 4.29636 1.2287 0.948203 1.96091 2.5449 2.30994 1.63272 2.54284 1.6539 1.5378 2.41028 1.43537 1.39887 1.36728 1.05616 0.824514 1.14016 0.817145 1.77081 2.55601 0.813903 3.27758 3.87733 3.41369 3.41261 3.38338 4.35164 2.93673
threshold=23.500000000000004 7.5000000000000009 29.500000000000004 2.5000000000000004 -1.4999999999999998 1.5000000000000002 -4.4999999999999991 347.66613636363644 313.61791478978984 1.5000000000000002 34.500000000000007 0.17108013937282227 3.5000000000000004 7.5000000000000009 0.24357284113381675 1.0000000180025095e-35 7.5000000000000009 1.1791443850267382 330.00902217741941 379.48760964912287 6.5000000000000009 4.5000000000000009 4.5000000000000009 17.500000000000004 17.500000000000004 7.5000000000000009 291.64493055555562 7.5000000000000009 1.5000000000000002 162.93484848484852
decision_type=2 2 2 2 2 2 2 2 2 2 2 2 2 2 2 2 2 2 2 2 2 2 2 2 2 2 2 2 2 2
left_child=-1 2 -2 4 5 13 7 16 10 -10 -6 -11 -13 15 -14 -4 -7 -8 -19 22 21 -21 -3 24 26 27 29 -25 -29 -24
right_child=1 19 3 -5 8 6 17 -9 9 11 -12 12 14 -15 -16 -17 -18 18 -20 20 -22 -23 23 25 -26 -27 -28 28 -30 -31
leaf_value=-0.067894512059586312 -0.075313655143532512 -9.1105445127236194e-05 -0.0023077604134468816 -0.05430790430339049 -0.053044963957083115 0.079630432538911708 -0.079142516628704529 -0.084323512314203139 -0.032035967836127881 0.14544896391237533 0.037252618720265342 0.13200324316910236 -0.053884740293083183 -0.01727664031894819 0.061914474767875816 0.095035174744841133 0.0030784275479491577 -0.071820301459739319 0.04804879976519396 -0.096531636823483924 0.11935374871557479 0.078033218246812835 -0.022361277573486445 -0.0062800143907111835 0.001443145324218166 -0.054935465995997239 0.12917830848701406 -0.10701744518000429 0.033848733520240051 0.027718723365548082
leaf_weight=13.661552921519613 8.6632498718099651 1413.1410846943036 2.2879009670577961 3.784571634605526 4.525942552834751 3.377389170695098 6.9514567730948311 1.9306015265174208 3.1055930643342426 2.209130544215439 3.675848089158535 2.2564042843878269 2.0972754610702395 4.0846133874729276 2.0756326019763947 3.907067796215415 3.8643557503819466 1.7620259588584306 1.443628847133368 1.5544868009164923 1.8514980380423365 1.8217969676479695 13.108746681362389 205.37558324006386 157.81622190924827 12.378465851128565 3.0662707667797795 2.3295235224068156 37.420287680841284 109.69282997312257
leaf_count=7420 1884 10469 22 34 56 38 78 38 38 20 18 23 22 38 19 36 28 24 26 20 17 24 95 1627 1181 115 27 11 351 714
internal_value=0.000469639 0.000931639 -0.00999625 0.000612433 0.00480677 -0.00654651 -0.0253135 0.0128696 0.0216604 0.0455702 -0.0125757 0.0734703 0.0487382 0.0287425 0.00371457 0.0590849 0.0387806 -0.0597946 -0.0178387 0.00127741 0.0407605 -0.00233881 0.00117179 0.00446946 0.0118839 -0.00369877 0.0249747 -0.0011114 0.0255933 0.0223728
internal_weight=2035.22 2021.56 62.0027 53.3394 49.5549 29.609 19.3295 9.17235 19.9458 11.744 8.20179 8.63844 6.42931 10.2796 4.17291 6.19497 7.24174 10.1571 3.20565 1959.56 5.22778 3.37628 1954.33 541.188 283.684 257.504 125.868 245.125 39.7498 122.802
internal_count=24513 17093 2442 558 524 328 232 104 196 122 74 84 64 96 41 58 66 128 50 14651 61 44 14590 4121 2017 2104 836 1989 362 809
is_linear=0
shrinkage=0.1


Tree=219
num_leaves=31
num_cat=0
split_feature=0 9 13 4 9 9 5 7 0 1 9 3 8 8 13 0 4 8 2 4 4 8 7 1 9 2 10 9 12 6
split_gain=14.9806 0.819807 1.24668 1.55558 0.895312 0.912527 1.24418 0.932473 1.37581 1.05868 2.94948 3.35268 3.02151 3.5935 3.26233 3.51112 2.26864 2.11165 3.16312 2.73348 2.24644 2.27431 2.09909 2.0537 4.08482 2.5311 4.74991 6.32296 4.16197 4.06712
threshold=34.500000000000007 315.80716911764711 0.88194444444444453 10.500000000000002 311.19600000000008 306.55766129032264 3.5000000000000004 -12.499999999999998 46.500000000000007 1.0000000180025095e-35 172.24846547314579 10.500000000000002 0.19586530264279625 0.19478319783197831 0.88194444444444453 46.500000000000007 7.5000000000000009 0.17817460317460312 1.5000000000000002 18.500000000000004 15.500000000000002 0.16807909604519775 -3.4999999999999996 1.5000000000000002 140.8333703703704 3.5000000000000004 16.500000000000004 187.07744401378127 10.500000000000002 3.5000000000000004
decision_type=2 2 2 2 2 2 2 2 2 2 2 2 2 2 2 2 2 2 2 2 2 2 2 2 2 2 2 2 2 2
left_child=-1 4 -3 -4 5 7 -7 8 -2 10 11 -9 13 14 17 22 -14 19 -19 20 21 -12 -16 24 -11 26 27 -26 29 -27
right_child=1 2 3 -5 -6 6 -8 9 -10 23 12 -13 16 -15 15 -17 -18 18 -20 -21 -22 -23 -24 -25 25 28 -28 -29 -30 -31
leaf_value=-0.075149612500571172 -0.0049681016410932236 -0.084442204708986349 -0.079097981227876243 0.041087831524448767 0.054990408656679035 -0.11602469358511372 0.0096102476447289566 -0.086532851528522636 0.10603541266714241 0.10194298956426646 0.0045694249049445463 0.033899030164303762 0.051895997997269919 0.13810186063257671 0.02293917054345317 -0.016254592662010573 -0.016887763410661075 -0.028606980010031265 0.1081295166037837 0.038209379975938033 -0.11259561960162762 -0.12553220092462619 0.15555729219149395 -0.00045823057587454234 -0.0065313178446830614 -0.090231995970507808 0.00065229354596611853 0.057324737694627918 -0.052878774524535148 0.0091182164101400228
leaf_weight=26.368322598471423 2.3947230130434027 2.8170177985448381 1.6468731188215313 3.1118040205910802 3.0959314173087469 1.5608904252294444 1.5924130578059701 8.7654007044620794 2.0919793273787946 4.7240453532431266 6.8998525125207433 3.139526263694278 5.0989091551164156 2.4758924311026922 1.7406433841679243 3.3147682244889438 80.464891024807002 3.2951485310913986 3.4768995539052412 5.0041636541718608 3.8658846778562284 1.6685784228611735 3.7969987113028747 751.14355751039693 23.454351975233294 4.3345050003845236 87.776267262583133 45.760920175351202 14.942144917265976 83.456064913247246
leaf_count=13257 39 114 169 17 54 30 30 71 12 46 93 24 127 17 46 23 862 59 27 44 34 30 33 6854 191 48 1024 346 114 678
internal_value=-0.000612657 0.00107163 -0.0317175 -0.000505825 0.00128589 0.00114209 -0.0525793 0.001289 0.0467886 0.00111127 -0.00727792 -0.054773 -0.00260895 0.0219002 0.0131986 0.065146 -0.0127888 -0.00579568 0.0415962 -0.0241998 -0.0493162 -0.020766 0.113872 0.00220997 0.00978876 0.0081126 0.0160983 0.0356864 -0.00409084 0.00421297
internal_weight=1193.28 1166.91 7.57569 4.75868 1159.34 1156.24 3.1533 1153.09 4.4867 1148.6 133.008 11.9049 121.103 35.5388 33.0629 8.85241 85.5638 24.2105 6.77205 17.4385 12.4343 8.56843 5.53764 1015.59 264.448 259.724 156.992 69.2153 102.733 87.7906
internal_count=24513 11256 300 186 10956 10902 60 10842 51 10791 1490 95 1395 406 389 102 989 287 86 201 157 123 79 9301 2447 2401 1561 537 840 726
is_linear=0
shrinkage=0.1


Tree=220
num_leaves=31
num_cat=0
split_feature=0 1 9 1 11 8 9 3 7 8 12 8 11 9 9 8 4 13 2 1 3 2 9 10 13 12 8 12 8 13
split_gain=17.1902 0.62424 0.770299 0.7244 3.62576 1.87349 1.27932 1.06261 1.39885 0.601003 2.20563 2.63112 2.28317 1.924 2.5636 2.16223 3.05061 2.04821 2.6325 2.99684 2.76047 1.91798 1.45981 1.37154 2.2845 1.25691 1.24717 2.42756 2.01051 1.21571
threshold=29.500000000000004 5.5000000000000009 208.85678815004266 4.5000000000000009 4.5000000000000009 0.17817460317460312 188.44438821412507 11.500000000000002 13.500000000000002 0.36899313501144165 3.5000000000000004 0.45080645161290328 5.5000000000000009 226.76485042735047 249.61267361111115 0.38138528138528138 5.5000000000000009 1.5857142857142861 1.5000000000000002 1.5000000000000002 1.0000000180025095e-35 4.5000000000000009 194.34940741921773 5.5000000000000009 0.38750000000000007 9.5000000000000018 0.39602987421383651 1.5000000000000002 0.41588050314465413 0.94987468671679209
decision_type=2 2 2 2 2 2 2 2 2 2 2 2 2 2 2 2 2 2 2 2 2 2 2 2 2 2 2 2 2 2
left_child=1 3 -3 7 5 -5 -7 9 -9 -1 11 12 23 21 -15 16 -16 18 20 -20 -17 22 -12 26 -25 -22 27 -11 -28 -13
right_child=-2 2 -4 4 -6 6 -8 8 -10 10 13 29 -14 14 15 17 -18 -19 19 -21 25 -23 -24 24 -26 -27 28 -29 -30 -31
leaf_value=0.0017849763218800282 -0.075155757277531376 -0.086086277811999901 0.012620717176895294 -0.018831306868489443 -0.089572685199058741 0.1367653722975643 0.041902784339017979 -0.079772142308820793 0.10511722745963846 -0.1520317664631006 -0.16877823420765292 0.09829298616130043 0.043194764113424683 0.12090824710894184 -0.13033633761682642 -0.080061086526790962 0.004686384140750662 0.074388383841030456 -0.091143142152306886 0.022966612480407548 0.074187405991086808 0.054947415727636152 -0.043431313430137633 -0.20975669320982371 -0.06801949993584154 -0.016457944140635877 0.08008321681669868 -0.0081458934765105909 -0.067361758726252913 -0.0075266120737798306
leaf_weight=994.62569424841786 30.386036474621505 1.8071054988540702 1.4055383289232848 2.2277934018056822 2.0762033094651997 2.8445205641910434 2.8420368724036962 2.9798215294722463 0.47435448318719853 2.0298640397377401 1.2616342464461912 1.8313616379164148 2.314592372160404 2.1183251457987344 2.4876156834652638 1.7041590050794244 5.111648608231917 5.6528778149513519 4.5582411660579947 4.6487863659858704 8.2919268391560745 1.4460762562230227 3.5251661010552198 1.3873593336902548 6.3057496666442603 1.875769527745432 1.8998679351061585 2.776279749465175 1.801906621083617 2.6663364698179066
leaf_count=9750 13638 45 16 24 24 30 33 166 9 15 32 19 22 30 36 26 38 59 47 33 88 27 39 15 101 34 17 31 27 42
internal_value=-0.000980064 0.00111274 -0.0429018 0.00124443 0.0280463 0.0589017 0.0893548 0.000992717 -0.0543817 0.00117311 -0.00809052 -0.033044 -0.0497091 0.00536387 0.0141435 0.00755584 -0.0395132 0.0209366 0.006602 -0.0335272 0.0377235 -0.0459789 -0.0764684 -0.062982 -0.0935801 0.0574649 -0.0353143 -0.0689158 0.00831167 0.0355608
internal_weight=1107.36 1076.98 3.21264 1073.77 9.99055 7.91435 5.68656 1063.78 3.45418 1060.32 65.6955 23.0133 18.5156 42.6822 36.4494 34.331 7.59926 26.7318 21.0789 9.20703 11.8719 6.23288 4.7868 16.201 7.69311 10.1677 8.50792 4.80614 3.70177 4.4977
internal_count=24513 10875 61 10814 111 87 63 10703 175 10528 778 289 228 489 391 361 74 287 228 80 148 98 71 206 116 122 90 46 44 61
is_linear=0
shrinkage=0.1


Tree=221
num_leaves=31
num_cat=0
split_feature=0 4 11 13 7 12 9 8 9 13 0 9 4 4 1 3 3 9 13 6 8 9 6 5 13 12 12 8 3 9
split_gain=6.47699 1.0554 0.683811 4.58576 2.61027 2.40237 3.79374 3.78094 4.99597 4.10631 5.56962 3.41679 3.91327 3.38488 2.9899 2.66496 4.73447 2.57167 2.30215 2.30115 4.00569 4.07316 3.76053 3.88505 4.19201 4.04288 3.90976 3.15446 2.88543 2.54951
threshold=42.500000000000007 5.5000000000000009 1.0000000180025095e-35 1.083916083916084 9.5000000000000018 7.5000000000000009 178.29266072092162 0.22767145135566183 261.99600202429156 0.48529411764705882 23.500000000000004 172.97646198830412 18.500000000000004 20.500000000000004 1.5000000000000002 7.5000000000000009 6.5000000000000009 115.78878119429591 0.88194444444444453 3.5000000000000004 0.21103238866396759 168.71650326797388 12.500000000000002 6.5000000000000009 1.7238095238095241 8.5000000000000018 4.5000000000000009 0.24807692307692308 7.5000000000000009 337.0550324675325
decision_type=2 2 2 2 2 2 2 2 2 2 2 2 2 2 2 2 2 2 2 2 2 2 2 2 2 2 2 2 2 2
left_child=2 -2 3 5 19 6 11 8 14 -9 -11 12 18 -14 -7 16 -8 -15 -1 27 21 -21 23 24 26 -26 -22 -5 -23 -29
right_child=1 -3 -4 4 -6 7 15 9 -10 10 -12 -13 13 17 -16 -17 -18 -19 -20 20 22 28 -24 -25 25 -27 -28 29 -30 -31
leaf_value=0.012866978474582539 0.044488557732833903 -0.075186323041806558 0.0017000773954260623 -0.013565713788056972 0.070615422535244221 -0.084054028780578521 -0.0099640447038895075 -0.055247520584056999 0.09015828945544907 0.097682375093391158 -0.01025047528527577 0.14873431248801894 0.14591708742234363 0.10995912924546823 0.065511038761778967 -0.062034374824876386 0.098603076875819803 -0.045979277577639414 -0.095499545963404223 -0.13827617439386183 0.024820757461143868 -0.037498594163583317 -0.11137140828494459 0.13864682357979372 0.013866194662411358 0.12860778241738136 -0.049154460008517392 -0.055807548584561932 0.07419957997635436 -0.15890294613498068
leaf_weight=5.9564794659381786 0.7818437316454937 12.820666003244694 1661.4753604201251 18.478896190179512 3.1794082953128955 3.2115741849993382 73.647176671074703 8.5933377469773422 14.462189212441443 7.2674343640683245 13.973993353778495 2.4752231126185498 3.5800200954545272 1.7404551473446188 2.2893706392496824 8.8217253526672703 4.2484645470976821 2.6953949516173452 2.9221207144437358 3.7231797806452986 13.06898286030628 23.278690864390231 2.5677700964733949 2.3350856425240627 9.477461285365278 4.5426353375660247 15.760748836619312 14.336280655174052 2.5677976007573298 2.8807111703790715
leaf_count=46 25 6966 15031 161 32 56 711 57 113 66 126 32 28 11 19 108 38 35 29 28 112 204 20 17 97 34 141 107 36 27
internal_value=0.000455318 -0.0683077 0.000939063 -0.00370808 -0.018745 0.00750054 -0.00100482 0.0256199 0.0593053 0.00308028 0.0266771 0.0390075 0.0229314 0.0735831 -0.0218084 -0.00994221 -0.00404274 0.0152049 -0.0227986 -0.0212589 -0.0115637 -0.040488 0.0063469 0.0130366 0.00619152 0.0510435 -0.0156203 -0.0422599 -0.0264016 -0.0730573
internal_weight=1947.16 13.6025 1933.56 272.083 116.198 155.885 106.087 49.7979 19.9631 29.8348 21.2414 19.3697 16.8945 8.01587 5.50094 86.7174 77.8956 4.43585 8.8786 113.018 77.3224 29.5697 47.7527 45.1849 42.8498 14.0201 28.8297 35.6959 25.8465 17.217
internal_count=24513 6991 17522 2491 1016 1475 1038 437 188 249 192 181 149 74 75 857 749 46 75 984 689 268 421 401 384 131 253 295 240 134
is_linear=0
shrinkage=0.1


Tree=222
num_leaves=31
num_cat=0
split_feature=0 1 12 9 9 5 0 11 8 8 7 9 13 0 4 7 4 12 13 9 8 4 9 4 3 13 13 1 9 3
split_gain=5.87377 0.702022 1.71732 2.39112 3.17399 2.12602 1.73097 1.64647 1.61516 3.45569 4.321 3.07473 1.60153 2.12799 1.5228 1.08909 1.01316 0.883185 1.26945 0.773436 3.43071 3.3596 3.64671 4.53844 4.31053 4.38627 4.24494 3.89287 3.39828 3.29598
threshold=23.500000000000004 5.5000000000000009 3.5000000000000004 182.69305010893248 157.91116709732992 1.5000000000000002 41.500000000000007 2.5000000000000004 0.12933094384707286 0.20611577964519137 6.5000000000000009 148.51445512820516 1.1503759398496243 40.500000000000007 18.500000000000004 7.5000000000000009 30.500000000000004 7.5000000000000009 1.4606060606060607 229.30280388471181 0.41240409207161127 16.500000000000004 237.85302631578949 19.500000000000004 5.5000000000000009 0.89444444444444449 0.88194444444444453 2.5000000000000004 242.41166666666666 12.500000000000002
decision_type=2 2 2 2 2 2 2 2 2 2 2 2 2 2 2 2 2 2 2 2 2 2 2 2 2 2 2 2 2 2
left_child=-1 16 3 4 6 7 -3 -4 -7 10 -10 -11 -13 -14 -5 -6 19 18 -15 -2 21 29 23 27 -24 26 28 -23 -26 -21
right_child=1 2 5 14 15 8 -8 -9 9 11 -12 12 13 17 -16 -17 -18 -19 -20 20 -22 22 24 -25 25 -27 -28 -29 -30 -31
leaf_value=-0.067330355002192102 0.0026432894039226081 0.010106390715102028 0.095981053107189351 -0.048310737273418933 -0.077061605341109118 -0.10553569700678567 -0.085407980881090431 0.0069745787741230915 0.13940687610185951 0.044690891168415098 -0.017259576798693593 -0.14303746286211402 0.02224342999779462 0.010485822366622991 0.076934410496023786 -0.17731627129889405 -0.064479717429982333 -0.11788617820163767 -0.11080830564487754 0.00052772758100032432 0.093608410913864529 -0.049519090095701629 0.064074875955447017 0.0038021874720421248 0.059192963132642211 -0.039623572714483815 0.12164193434248163 -0.15035760213111757 -0.020855932277191947 0.12651542444652705
leaf_weight=12.706049028754931 1316.2551079362165 5.5716485679149645 3.6773128198692557 1.5634504280169483 2.1462130376603445 1.7340471530333186 2.8771547403885052 4.7796357740880921 3.1621124783996519 3.9104142173309802 3.9717120045097545 1.8547023237333622 3.3926349822431785 1.9733857124228964 2.5608850770513527 2.1884410323109478 2.3479151172505217 2.7974940002313815 1.5332531729363834 541.7635314980871 3.7650757678784421 14.031845745281322 7.7194556377362451 10.851897757063851 7.1457340813940453 34.211894600390224 3.1873962339595883 5.2648420641198745 20.568941466015531 2.0844742144690818
leaf_count=7420 9387 32 29 14 19 13 32 32 37 26 35 32 24 29 51 25 118 35 17 6068 70 101 52 146 57 334 28 35 203 12
internal_value=0.000447965 0.000874532 -0.0108639 -0.0367506 -0.058111 0.00248564 -0.0224201 0.045677 -0.0125276 -0.0053899 0.0521838 -0.0319533 -0.057899 -0.0416146 0.0294566 -0.127677 0.00117076 -0.0759804 -0.0425492 0.00124913 -0.00157147 -0.00212549 -0.0186873 -0.0479357 -0.00658023 -0.0149566 0.0123524 -0.0770315 -0.000216754 0.00101062
internal_weight=2031.6 2018.89 49.6945 16.9078 12.7835 32.7867 8.4488 8.45695 24.3298 22.5957 7.13382 15.4619 11.5515 9.69677 4.12434 4.33465 1969.2 6.30413 3.50664 1966.85 650.595 646.83 102.982 30.1486 72.8334 65.114 30.9021 19.2967 27.7147 543.848
internal_count=24513 17093 482 173 108 309 64 61 248 235 72 163 137 105 65 44 16611 81 46 16493 7106 7036 956 282 674 622 288 136 260 6080
is_linear=0
shrinkage=0.1


Tree=223
num_leaves=31
num_cat=0
split_feature=0 0 4 13 13 12 2 0 11 4 4 4 9 9 10 9 8 9 5 9 11 2 11 12 9 3 12 6 6 3
split_gain=13.8383 0.77551 1.7207 0.953931 1.06232 1.56105 1.71449 1.56415 1.51867 3.02498 1.66843 1.84556 2.06891 2.55498 2.01679 1.95177 1.66412 1.2044 1.14456 1.13801 0.891111 2.62389 2.31715 3.69032 3.03963 2.22795 4.05581 2.37843 4.71398 3.58992
threshold=34.500000000000007 38.500000000000007 12.500000000000002 1.5339366515837105 0.94987468671679209 5.5000000000000009 1.5000000000000002 37.500000000000007 5.5000000000000009 15.500000000000002 16.500000000000004 17.500000000000004 186.52854609929082 201.83830952380956 15.500000000000002 160.89314814814819 0.26209992193598758 130.06276709401712 2.5000000000000004 175.35273550724642 1.5000000000000002 8.5000000000000018 5.5000000000000009 6.5000000000000009 167.95046992481207 2.5000000000000004 10.500000000000002 13.500000000000002 11.500000000000002 13.500000000000002
decision_type=2 2 2 2 2 2 2 2 2 2 2 2 2 2 2 2 2 2 2 2 2 2 2 2 2 2 2 2 2 2
left_child=-1 2 -2 4 5 -4 -7 -8 10 -10 -6 15 14 -14 17 -12 -11 -13 -9 -17 -3 25 -23 24 -24 26 -22 28 -27 -29
right_child=1 20 3 -5 8 6 7 18 9 16 11 12 13 -15 -16 19 -18 -19 -20 -21 21 22 23 -25 -26 27 -28 29 -30 -31
leaf_value=-0.075138932151885884 -0.075385474441098457 -0.0028746570565681647 -0.06197448389340357 -0.080873079896256833 -0.077025664467677321 0.1409462507265678 -0.076438637065338905 0.094268512433726359 0.22387015371632293 -0.078635091988379396 0.18075181547347519 0.022714128469385138 0.15010323190477337 -0.026638765272415967 0.090594546660641859 0.12390876833964666 0.09043448732164576 -0.078530603274940797 -0.024173720011439543 -0.078507838838585586 0.017380085567843224 0.040067108989383315 -0.050434916898695198 -0.10341772627912532 0.11531167926942615 -0.00010954859566817252 0.15543952581356033 -0.014737736644270014 0.028230585989050816 -0.14269098024275315
leaf_weight=24.394737880676985 3.9845321967732152 337.49628586188192 5.8851296172942984 1.6088841371238221 2.3890623264014748 0.85876190662384022 2.1907325081992894 1.5712201506830754 0.96141507662832681 1.071055116131902 1.234306946396827 1.5468481429852525 1.6526376372203233 1.619365301216021 1.1312340646982191 0.45519454544410087 1.275457354262471 4.8873892743140459 1.6971393660642204 0.71250401879660785 14.24181663466152 32.121227716444992 2.0823253806447601 3.1839320667204447 2.3609415421960875 626.45824466907652 2.5016413278644896 41.308045021200087 64.760094430239405 2.3156305191223501
leaf_count=13257 728 2713 306 73 152 37 147 17 17 46 5 30 30 57 26 11 23 176 42 32 235 378 22 28 32 4880 27 345 607 34
internal_value=-0.000597814 0.0009623 -0.0133369 -0.00578741 -0.00190795 -0.0249164 0.00960343 -0.0110579 0.0129191 0.0744741 -0.000109593 0.0137699 -0.00380737 0.0626309 -0.0325414 0.0930758 0.0132634 -0.0541905 0.0327658 0.0003986 0.00142761 0.00326248 0.0283018 -0.0212467 0.037635 0.00193825 0.0380076 0.0011164 0.00254563 -0.0215297
internal_weight=1189.96 1165.56 36.7329 32.7483 31.1395 12.203 6.31785 5.45909 18.9365 3.30793 15.6285 13.2395 10.8375 3.272 7.56547 2.40201 2.34651 6.43424 3.26836 1.1677 1128.83 791.334 39.7484 7.6272 4.44327 751.585 16.7435 734.842 691.218 43.6237
internal_count=24513 11256 1955 1227 1154 549 243 206 605 86 519 367 319 87 232 48 69 206 59 43 9301 6588 460 82 54 6128 262 5866 5487 379
is_linear=0
shrinkage=0.1


Tree=224
num_leaves=31
num_cat=0
split_feature=0 2 12 6 5 8 1 6 12 8 9 8 12 0 10 4 9 5 13 7 12 9 5 0 7 6 11 1 0 1
split_gain=15.9173 0.657663 1.75738 2.6326 2.57106 2.72423 2.62408 2.77227 3.82596 2.93077 2.74588 2.5591 3.08285 4.53139 6.46437 3.83165 4.00531 3.68206 5.76067 3.46003 4.14401 2.85252 3.37661 4.08635 3.06735 2.82584 2.76295 2.49092 2.44733 2.43884
threshold=29.500000000000004 1.5000000000000002 5.5000000000000009 7.5000000000000009 1.5000000000000002 0.43875000000000003 1.5000000000000002 3.5000000000000004 8.5000000000000018 0.24807692307692308 193.04488854057823 0.27100988700564976 1.5000000000000002 23.500000000000004 3.5000000000000004 7.5000000000000009 242.41166666666666 2.5000000000000004 1.420168067226891 -1.0000000180025095e-35 3.5000000000000004 232.14383680555557 2.5000000000000004 21.500000000000004 1.5000000000000002 1.5000000000000002 5.5000000000000009 1.0000000180025095e-35 18.500000000000004 3.5000000000000004
decision_type=2 2 2 2 2 2 2 2 2 2 2 2 2 2 2 2 2 2 2 2 2 2 2 2 2 2 2 2 2 2
left_child=1 -1 11 4 6 -6 7 10 -9 -10 -4 25 13 17 -15 19 21 -13 -19 -14 -21 22 24 -24 -17 -3 27 -18 -26 -8
right_child=-2 2 3 -5 5 -7 29 8 9 -11 -12 12 15 14 -16 16 26 18 -20 20 -22 -23 23 -25 28 -27 -28 -29 -30 -31
leaf_value=0.0038245135517612407 -0.075144409354126362 0.036328821884649844 -0.10529857368365368 -0.025475298587230279 0.019859417971738499 -0.080772651561048736 0.021034536195174938 -0.1113646890535433 0.03868248106160329 -0.088828304937583688 0.0038516035317959305 0.012181435876104901 0.018931851433809266 0.18553846293948578 -0.0035310040452444357 -0.1383125616401415 -0.14895944731988706 -0.17509354817052281 0.031798661964630034 0.0028909634200533839 -0.0936292534172352 0.087380120370777928 0.083589353623648097 -0.09479578133170237 0.069246806887014276 -0.0029479504851940802 0.00022221366660052973 -0.068203382973012802 -0.052921445858622712 -0.045700662142221821
leaf_weight=469.02058320940705 28.162860999043914 20.04326946940273 2.4944237180752671 25.159242501249537 128.06737218040507 2.7478360757231703 42.628166573937051 6.836018641246481 4.8562368815764785 2.8665741290897131 30.317831499269232 15.874908908852381 25.528821550193243 3.205089163966476 4.1496276019606739 3.3389555915491718 4.8848090269602897 3.0262137799290931 2.4236599148716778 10.466011397773402 7.7361944771837434 2.4649110483005634 4.555217648507095 1.7882963755400849 2.0689282147213799 212.80025755299721 4.4788770647719494 17.514411476207897 7.9045047016115859 6.283281644107773
leaf_count=5185 13638 190 36 234 1231 21 395 58 40 26 283 108 234 26 68 28 29 26 21 94 79 21 27 53 13 1977 37 148 111 76
internal_value=-0.000930764 0.00101253 -0.00116201 0.00521693 0.0086172 0.0177456 -0.00378517 -0.0205602 -0.0568777 -0.00864732 -0.00444611 -0.00570434 -0.0174748 0.0111785 0.078863 -0.0263367 -0.0455403 -0.0121653 -0.0830847 -0.00481968 -0.0381315 -0.0140249 -0.0267414 0.0333009 -0.0553522 0.000433011 -0.0714777 -0.0858146 -0.0275784 0.0124616
internal_weight=1103.69 1075.53 606.51 252.257 227.098 130.815 96.2825 47.3711 14.5588 7.72281 32.8123 354.253 121.409 28.6795 7.35472 92.7299 48.9989 21.3248 5.44987 43.731 18.2022 22.1208 19.6559 6.34351 13.3124 232.844 26.8781 22.3992 9.97343 48.9114
internal_count=24513 10875 5690 2400 2166 1252 914 443 124 66 319 3290 1123 249 94 874 467 155 47 407 173 253 232 80 152 2167 214 177 124 471
is_linear=0
shrinkage=0.1


Tree=225
num_leaves=31
num_cat=0
split_feature=0 10 4 6 1 12 7 0 4 2 9 3 9 5 7 10 0 9 9 11 4 6 0 1 3 8 3 3 12 8
split_gain=5.95652 1.0495 0.645437 1.30061 0.667489 1.37993 2.15951 1.79532 1.32066 0.888661 1.74729 2.71006 2.46578 2.41912 2.26207 2.1595 2.31528 3.65646 3.30889 2.01693 3.32538 2.35948 2.34419 2.03208 1.90699 1.85892 1.58571 2.09443 1.43008 1.35726
threshold=42.500000000000007 22.500000000000004 25.500000000000004 8.5000000000000018 5.5000000000000009 2.5000000000000004 7.5000000000000009 33.500000000000007 17.500000000000004 6.5000000000000009 146.56632876167762 12.500000000000002 175.35273550724642 2.5000000000000004 5.5000000000000009 9.5000000000000018 32.500000000000007 172.24846547314579 152.77033096926718 2.5000000000000004 11.500000000000002 1.5000000000000002 30.500000000000004 1.5000000000000002 11.500000000000002 0.26546556122448989 14.500000000000002 12.500000000000002 4.5000000000000009 0.18107302533532041
decision_type=2 2 2 2 2 2 2 2 2 2 2 2 2 2 2 2 2 2 2 2 2 2 2 2 2 2 2 2 2 2
left_child=2 -2 4 -4 9 6 -6 8 -7 -1 11 14 15 -13 28 -12 -17 18 -18 26 -21 -22 25 -24 -16 -23 27 29 -11 -14
right_child=1 -3 3 -5 5 7 -8 -9 -10 10 12 13 19 -15 24 16 17 -19 -20 20 21 22 23 -25 -26 -27 -28 -29 -30 -31
leaf_value=0.0012673768606625746 -0.075192600124191544 0.044626261072132141 -0.079009441038465189 0.10074711029016577 -0.0026289385296333553 -0.020742472012673201 0.12889963638372012 -0.078740240821523255 0.049801904503714266 0.0070727407486380475 -0.018908202722582833 -0.026862089923521428 -0.056365131752245869 -0.11548814347878988 -0.01200464049701788 0.089324374812157437 0.10561269970913367 0.17521716153845629 -0.064278516627637797 0.059331727003573469 -0.14311313013542906 0.031023167163385015 0.035372767311447471 -0.099930887816854455 0.082394105363289061 -0.062533135870045928 -0.068965906039029842 0.085579945056896728 -0.09053406880326044 0.017036375906048937
leaf_weight=1818.3420131848543 11.912817860822539 0.77881540451198894 2.2835848694667216 0.48864158894866694 2.4352455367334214 4.6180972587317211 2.561072357930243 2.2286144495010367 6.2390844635665417 2.6896373936906484 6.6800283179618445 7.3700858335942012 3.1729676644317868 5.2908900382462889 4.5617274707183224 7.3331221193075162 1.5352221156936137 1.1227143884170798 4.5265938884112984 3.262251470237973 2.3770246575586524 5.9113717116415518 1.3376149432733644 6.5229444929864258 4.0311035257764161 3.3146947659552097 2.3448383824434123 3.7133245961740604 3.3968049772083759 12.225066050887106
leaf_count=16324 6965 26 148 14 22 35 21 79 26 26 42 56 29 51 32 32 26 19 106 22 16 44 12 115 31 18 13 30 22 111
internal_value=0.000443495 -0.06784 0.00089208 -0.047325 0.000961369 0.0200842 0.0647916 0.00301441 0.0197959 0.000780432 -0.00876909 -0.0299974 0.000108089 -0.063898 -0.000757953 0.0281453 0.049796 0.00945017 -0.0212517 -0.0133436 -0.0341041 -0.0497646 -0.0367783 -0.0769065 0.0322801 -0.00258927 0.00864544 0.0181678 -0.047401 0.00191103
internal_weight=1944.61 12.6916 1931.92 2.77223 1929.14 18.0821 4.99632 13.0858 10.8572 1911.06 92.72 27.3402 65.3798 12.661 14.6793 21.1977 14.5177 7.18453 6.06182 44.1821 22.7259 19.4637 17.0866 7.86056 8.59283 9.22607 21.4562 19.1114 6.08644 15.398
internal_count=24513 6991 17522 162 17360 183 43 140 61 17177 853 218 635 107 111 225 183 151 132 410 227 205 189 127 63 62 183 170 48 140
is_linear=0
shrinkage=0.1


Tree=226
num_leaves=31
num_cat=0
split_feature=0 10 0 7 8 4 1 5 8 0 8 9 12 11 9 8 0 7 9 6 3 9 11 11 9 4 7 13 9 11
split_gain=5.39116 0.696966 3.98388 1.09253 0.929374 0.924296 2.34383 1.70061 1.89156 1.73752 1.56914 2.38004 2.62148 2.2935 1.9156 1.77174 1.43369 0.990656 0.717293 1.41809 1.222 1.09138 1.45248 0.84751 0.695572 3.90228 2.80838 2.78444 2.30341 5.42985
threshold=23.500000000000004 7.5000000000000009 29.500000000000004 2.5000000000000004 0.33072916666666669 8.5000000000000018 1.5000000000000002 2.5000000000000004 0.23420877659574468 34.500000000000007 0.30471628592483424 327.30582908885123 6.5000000000000009 4.5000000000000009 312.54777105734769 0.25677655677655681 32.500000000000007 -2.4999999999999996 371.69427497789576 9.5000000000000018 4.5000000000000009 355.72262443438916 3.5000000000000004 4.5000000000000009 176.7741666666667 12.500000000000002 1.0000000180025095e-35 0.25833333333333336 171.5233793576185 1.5000000000000002
decision_type=2 2 2 2 2 2 2 2 2 2 2 2 2 2 2 2 2 2 2 2 2 2 2 2 2 2 2 2 2 2
left_child=-1 2 -2 4 5 6 10 9 17 -7 11 13 -13 14 -4 -14 -8 -9 21 20 23 24 -23 -20 25 -3 27 -27 -28 -30
right_child=1 18 3 -5 -6 7 16 8 -10 -11 -12 12 15 -15 -16 -17 -18 -19 19 -21 -22 22 -24 -25 -26 26 28 -29 29 -31
leaf_value=-0.06676289751017149 -0.075291591463261365 0.10102686451389482 -0.00035322734722993216 -0.051965163032523458 -0.050782866166751796 -0.0139766954989144 0.13756682765905476 -0.1107664547454041 0.018274138811263052 0.095049227030531355 0.078133861987346218 -0.073369069881021445 -0.033705895187866312 -0.055550613213676749 0.095150302412296189 0.12445411072164488 0.036116081439201808 -0.033499533361951335 -0.082074347097825046 0.098753917286522552 0.079191477891989145 -0.086395831531735773 0.016106948584633681 0.020989458704288703 0.0023814148395060238 0.068810091278392702 0.003598433571700475 -0.021330329088138585 0.027282287547302411 -0.035694978807878107
leaf_weight=11.870373512414515 8.0393078795168531 3.6677871409337959 3.8232693728059619 3.724350342527031 2.8928498388268045 3.4794289693236378 2.2450734796002498 2.9436549879610547 4.1996301654726267 2.520729772746563 2.5574234416708341 7.0205943300388736 1.5109798628836872 2.5806851368397465 4.6602001022547483 1.3332529007457194 3.670182641595602 3.80322244018316 1.6584062827751034 2.238965684780851 1.41284560598433 3.2517844997346392 2.4047203743830323 1.5376378917135296 1377.8894528826349 3.5583499222993842 400.08185813584714 92.746076987823471 19.603596571541857 45.388310699199792
leaf_count=7420 1884 31 41 34 53 40 35 21 30 14 26 105 23 30 37 17 18 34 27 27 13 40 31 21 10783 16 2657 539 131 335
internal_value=0.000431674 0.000827234 -0.00969851 0.000257458 0.00420731 0.00763954 0.0183608 -0.0109613 -0.0344146 0.0318262 0.00419124 -0.0048442 -0.0405577 0.026998 0.0521095 0.0404327 0.0746206 -0.067211 0.00115561 0.0334635 0.00174595 0.00104207 -0.0428194 -0.0324897 0.00116977 -0.00178489 -0.00245661 -0.0179997 0.000761953 -0.0166991
internal_weight=2028.32 2016.44 61.0048 52.9655 49.2412 46.3483 29.4017 16.9467 10.9465 6.00016 23.4864 20.929 9.86483 11.0642 8.48347 2.84423 5.91526 6.74688 1955.44 6.84786 4.60889 1948.59 5.6565 3.19604 1942.94 565.046 561.378 96.3044 465.074 64.9919
internal_count=24513 17093 2442 558 524 471 332 139 85 54 279 253 145 108 78 40 53 55 14651 88 61 14563 71 48 14492 3709 3678 555 3123 466
is_linear=0
shrinkage=0.1


Tree=227
num_leaves=31
num_cat=0
split_feature=0 3 0 10 0 0 4 5 8 12 8 4 10 4 3 1 0 1 8 8 8 4 13 8 8 5 7 8 8 0
split_gain=12.8047 0.791324 3.42987 1.86842 2.77542 2.46736 1.6443 1.63453 1.63365 1.59634 2.6381 1.5905 1.58744 2.47905 1.48229 4.01387 3.90096 3.61998 5.14487 3.10133 3.57632 3.33053 2.98228 3.33795 2.68431 2.45435 4.53743 2.70502 2.42886 2.24197
threshold=34.500000000000007 4.5000000000000009 42.500000000000007 21.500000000000004 45.500000000000007 43.500000000000007 7.5000000000000009 8.5000000000000018 0.36451048951048953 11.500000000000002 0.19378911892152142 9.5000000000000018 21.500000000000004 11.500000000000002 6.5000000000000009 2.5000000000000004 48.500000000000007 1.0000000180025095e-35 0.20483682983682983 0.33072916666666669 0.11583184257602856 13.500000000000002 0.38750000000000007 0.29198717948717956 0.27823315118397091 4.5000000000000009 -9.4999999999999982 0.20611577964519137 0.16172624237140362 44.500000000000007
decision_type=2 2 2 2 2 2 2 2 2 2 2 2 2 2 2 2 2 2 2 2 2 2 2 2 2 2 2 2 2 2
left_child=-1 2 7 6 5 -5 -4 8 9 -2 -11 -8 14 -14 15 16 17 18 28 20 -19 -21 -22 24 -24 27 -27 -18 -3 -17
right_child=1 12 3 4 -6 -7 11 -9 -10 10 -12 -13 13 -15 -16 29 25 19 -20 21 22 -23 23 -25 -26 26 -28 -29 -30 -31
leaf_value=-0.075128773024749171 -0.077667308282242387 -0.011924222883566473 0.060754276714834514 0.058525746576177554 0.071643292804944456 -0.082745597232354001 -0.069034000235308715 0.12370701334213591 0.11469625381191353 0.35396822270663003 -0.076004984444638213 -0.0065621448952658604 -0.081836749520349805 0.036829404693334213 0.0004493144809227635 -0.072010709853393168 -0.15135770108494306 0.14890408144101727 -0.037036515584848759 0.20041150068712932 -0.04607173859230753 0.037223737451879388 0.033043713953750185 -0.034785698079270989 0.11799813120421071 -0.1582572589909616 0.045302079875632159 -0.024226137238902629 0.08986921165359936 0.0022797779725642789
leaf_weight=22.612644720240496 11.62088289309758 3.7589359111152607 3.3245450512040398 2.1375406766310316 7.8904639835236594 2.9322387855499983 4.4412774044321841 0.49131955369375724 0.50161668355576772 0.23172149457968849 0.3714116255287081 49.461428920505568 5.3596126602496943 2.6215987456962466 929.2987430121284 8.2368105598725396 2.7418694812222366 2.4291075679939231 19.082122744526714 2.2648196681402615 5.3864249598700544 2.7929647834971547 58.914567561820149 6.9161013029515734 3.9699124530889085 1.3353068379219619 6.085622681886889 4.2958293126430362 6.2273286762647331 8.0151092800078896
leaf_count=13257 985 30 24 32 39 33 51 34 22 16 34 362 175 35 8225 84 39 13 161 21 42 26 384 54 24 10 107 80 49 65
internal_value=-0.000599382 0.00084955 -0.00853526 0.000264695 0.0345495 -0.0231822 -0.00749978 -0.0552666 -0.0621766 -0.0694346 0.0891891 -0.0117095 0.00157448 -0.0428583 0.00190537 0.011404 0.0174278 0.023752 -0.00660211 0.0344246 0.0294805 0.110297 0.0256222 0.0311547 0.0384069 -0.0314487 0.00867403 -0.0737563 0.0515531 -0.0353722
internal_weight=1185.75 1163.14 83.4044 70.1875 12.9602 5.06978 57.2273 13.217 12.7256 12.224 0.603133 53.9027 1079.73 7.98121 1071.75 142.453 126.201 111.742 29.0684 82.6739 77.6161 5.05778 75.187 69.8006 62.8845 14.4586 7.42093 7.0377 9.98626 16.2519
internal_count=24513 11256 1632 541 104 65 437 1091 1057 1035 50 413 9624 210 9414 1189 1040 804 240 564 517 47 504 462 408 236 117 119 79 149
is_linear=0
shrinkage=0.1


Tree=228
num_leaves=31
num_cat=0
split_feature=0 10 4 0 12 4 2 5 3 8 13 11 4 10 13 9 8 13 9 0 5 4 4 9 6 8 8 13 0 8
split_gain=14.75 0.613731 1.86726 1.79428 1.40605 1.95087 1.94709 2.21169 2.2022 1.85438 1.50553 1.60761 1.7382 1.31336 2.84329 2.7615 5.43361 3.41685 2.97722 2.8516 2.67169 4.26536 3.18793 2.4395 2.76844 2.72123 4.31782 2.31254 2.28882 2.24236
threshold=29.500000000000004 22.500000000000004 2.5000000000000004 21.500000000000004 11.500000000000002 7.5000000000000009 1.5000000000000002 2.5000000000000004 2.5000000000000004 0.27953488372093027 1.9285714285714286 4.5000000000000009 4.5000000000000009 8.5000000000000018 1.7032967032967035 274.06422634271104 0.18624359479700434 0.53939393939393943 299.36122922776156 20.500000000000004 1.5000000000000002 4.5000000000000009 7.5000000000000009 269.02765476190484 2.5000000000000004 0.20611577964519137 0.10889328063241101 1.2344322344322347 20.500000000000004 0.25834260289210237
decision_type=2 2 2 2 2 2 2 2 2 2 2 2 2 2 2 2 2 2 2 2 2 2 2 2 2 2 2 2 2 2
left_child=1 13 -3 -4 5 6 8 -8 10 -9 11 12 -5 -1 15 23 -17 -18 -19 -20 22 -22 -16 24 25 26 -15 28 -28 -23
right_child=-2 2 3 4 -6 -7 7 9 -10 -11 -12 -13 -14 14 20 16 17 18 19 -21 21 29 -24 -25 -26 -27 27 -29 -30 -31
leaf_value=0.0018879870473552868 -0.07513390009485918 -0.03680275023662951 0.088688320633878562 0.041768083857551049 0.070974230324773693 -0.06917840542032308 0.11751280267312313 -0.0083520513432711434 -0.056432897236172265 0.086683164369734153 -0.045768471264278049 0.091420872155610733 -0.038547442864666354 -0.081116744519629358 0.043919184932380839 -0.11040104193117878 0.060934423460903143 -0.11415257188399378 0.065268470572487081 -0.062916647081069407 -0.041366752624524918 0.034216750638570853 -0.06272055022062277 0.083179503950474187 -0.019975983967241654 -0.008811987944607292 0.1250589433226599 0.13882602657014642 -0.0089860806991911967 0.1347703036593752
leaf_weight=869.19734134222381 26.107579641742632 7.0032621710561207 3.3848120793700209 6.98997706174851 3.8265507724136105 3.0617926372215143 3.1925157927907994 6.5646460223942977 5.8218654762022188 2.9876216761767864 3.3786414833739391 3.1612107576802364 4.3850856265053153 1.9589859079569603 5.3865929845487717 8.252885640133174 4.7276426712051025 3.6687339446507377 3.2654948402196169 3.7039073533378541 3.3064726318698368 3.9019859500695002 5.8453685850836337 2.910313216270878 73.092620339943096 16.86384754255414 1.9969091191887836 4.0843119169585407 3.5178699612151831 5.1379514602012932
leaf_count=8628 13638 45 22 41 24 54 25 48 50 20 25 24 45 21 38 72 31 51 32 50 45 38 38 22 1026 222 9 34 62 33
internal_value=-0.000866068 0.000938319 0.0113525 0.0185655 0.0130927 0.00749164 0.0139263 0.0454547 -0.00300189 0.0213717 0.0143617 0.0283377 0.0108065 0.000389894 -0.00819817 -0.0140745 -0.0449539 -0.00980248 -0.0412383 -0.00285585 0.0237136 0.0558202 -0.0115786 -0.00709027 -0.00967821 0.0168046 0.0541804 0.0817919 0.0395518 0.0913675
internal_weight=1100.68 1074.58 53.758 46.7547 43.3699 39.5434 36.4816 12.7448 23.7368 9.55227 17.9149 14.5363 11.3751 1020.82 151.622 128.044 23.6187 15.3658 10.6381 6.9694 23.5784 12.3464 11.232 104.425 101.515 28.4219 11.5581 9.59909 5.51478 9.03994
internal_count=24513 10875 423 378 356 332 278 93 185 68 135 110 86 10452 1824 1632 236 164 133 82 192 116 76 1396 1374 348 126 105 71 71
is_linear=0
shrinkage=0.1


Tree=229
num_leaves=31
num_cat=0
split_feature=0 4 5 8 8 13 9 9 9 6 13 9 1 8 6 13 8 0 0 9 8 11 4 0 7 0 8 10 11 9
split_gain=5.47119 1.0211 0.646796 1.9924 3.12142 2.769 2.42967 3.55401 2.51874 2.42676 2.67893 4.4006 2.2778 2.46926 2.27339 2.49276 3.72538 3.1715 2.95085 2.66033 2.18436 3.07926 2.85711 2.17428 2.65122 2.10947 4.08776 4.51241 3.99624 2.76053
threshold=42.500000000000007 5.5000000000000009 4.5000000000000009 0.28165064102564102 0.29128787878787882 1.4833333333333336 235.88838778953831 245.46350609756101 225.86830065359479 10.500000000000002 1.4833333333333336 317.10425000000004 1.0000000180025095e-35 0.32037735849056609 6.5000000000000009 1.2264957264957268 0.088562091503267909 32.500000000000007 31.500000000000004 381.94604166666676 0.26209992193598758 1.5000000000000002 7.5000000000000009 24.500000000000004 -8.4999999999999982 21.500000000000004 0.18107302533532041 1.5000000000000002 1.5000000000000002 189.05013931104364
decision_type=2 2 2 2 2 2 2 2 2 2 2 2 2 2 2 2 2 2 2 2 2 2 2 2 2 2 2 2 2 2
left_child=2 -2 -1 14 5 -5 8 -8 -6 10 -9 -12 -11 -14 -4 25 -17 18 19 23 21 -19 -22 24 -18 26 28 -28 -16 -27
right_child=1 -3 3 4 6 -7 7 9 -10 12 11 -13 13 -15 15 16 17 20 -20 -21 22 -23 -24 -25 -26 29 27 -29 -30 -31
leaf_value=0.0016676688961133103 0.04276112521100723 -0.075168031430352292 -0.030886674355336454 -0.093933917673907505 -0.022519032243290479 0.042267018991524664 0.086519203101037584 0.027784382763006585 -0.11475140457418163 -0.0052798481755161946 -0.12918914572941295 0.024745843403323451 -0.12142614541501849 -0.0058158373340567154 0.2724252729207674 -0.12580626860406771 -0.11981229224918964 0.0089922131684851032 0.091843676200187296 0.098210068509722262 -0.040935776093821291 -0.058271391513299187 0.11154045083339109 0.021227267978597419 -0.0089776386672410155 0.042001236109779627 0.14891633207183705 -0.077580783006376344 0.057727777701156835 0.003141346756327506
leaf_weight=1596.952271367365 0.78643028158694406 11.058816643766475 19.775598823151086 8.0720984907820785 22.246525322960228 1.831301603466273 4.6050067925825706 24.511767997173592 3.4154125754721454 11.686332446988674 3.2093008778756476 4.4076811813283712 4.6321961274370542 3.0730893989093602 1.3921758742071682 2.7233570498647159 2.9818128785118461 10.069550354499372 4.5012618973851195 2.704546215129084 2.458870653063058 20.998784444760531 2.4568035514093935 12.905304270796476 7.8137927709031008 21.499259722419083 1.2820111563196404 2.8022115248022601 2.2980049893376417 122.1051549592521
leaf_count=14487 25 6966 204 93 254 18 32 185 27 77 23 25 28 29 23 24 17 98 31 25 14 209 27 122 66 289 25 43 41 986
internal_value=0.000416302 -0.0673385 0.000832269 -0.00318054 -0.0157251 -0.0687481 -0.00930471 0.00234985 -0.0347945 -0.00517339 0.0116876 -0.0401124 -0.0331094 -0.0753174 0.00159676 0.00450355 -0.011158 -0.00649029 0.0170048 0.00424726 -0.0266703 -0.0364706 0.0352703 -0.00647498 -0.0395909 0.0117058 0.0624404 -0.0064848 0.138726 0.00895913
internal_weight=1941.26 11.8452 1929.41 332.459 91.6907 9.9034 81.7873 56.1254 25.6619 51.5204 32.1288 7.61698 19.3916 7.70529 240.769 220.993 69.6141 66.8907 30.9067 26.4055 35.984 31.0683 4.91567 23.7009 10.7956 151.379 7.7744 4.08422 3.69018 143.604
internal_count=24513 6991 17522 3035 791 111 680 399 281 367 233 48 134 57 2244 2040 633 609 261 230 348 307 41 205 83 1407 132 68 64 1275
is_linear=0
shrinkage=0.1


Tree=230
num_leaves=31
num_cat=0
split_feature=0 4 5 0 8 7 6 12 4 9 7 12 4 13 9 9 9 9 9 8 8 12 11 8 4 9 3 3 9 13
split_gain=4.9462 0.675149 1.1848 1.92501 0.713857 0.710547 0.627816 1.87133 2.04286 1.20074 1.15032 5.04094 2.66698 1.94202 2.58497 3.13916 2.00239 1.85692 2.22368 2.52865 3.96165 2.21744 2.05404 1.98174 1.94171 1.90278 1.90175 1.84705 1.7593 1.49015
threshold=23.500000000000004 2.5000000000000004 2.5000000000000004 37.500000000000007 0.25760368663594474 -6.4999999999999991 16.500000000000004 1.5000000000000002 15.500000000000002 203.24102067183466 -8.4999999999999982 9.5000000000000018 17.500000000000004 1.297058823529412 297.19694548872184 305.17860195360203 208.14046121593296 285.00504385964916 238.77703656462589 0.23956521739130437 0.20948987246811704 1.5000000000000002 5.5000000000000009 0.24106002554278419 11.500000000000002 269.02765476190484 1.5000000000000002 2.5000000000000004 248.44102472089318 0.78888888888888908
decision_type=2 2 2 2 2 2 2 2 2 2 2 2 2 2 2 2 2 2 2 2 2 2 2 2 2 2 2 2 2 2
left_child=-1 2 5 4 -4 -2 10 -8 -9 -10 11 12 13 17 16 -16 -15 18 24 20 -20 -19 23 -23 -3 27 -25 -21 -13 -26
right_child=1 6 3 -5 -6 -7 7 8 9 -11 -12 28 -14 14 15 -17 -18 21 19 25 -22 22 -24 26 29 -27 -28 -29 -30 -31
leaf_value=-0.06616697098773304 -0.28412720875111208 0.088728065819849156 -0.096868118738948128 0.097142929407142878 0.03665292403353889 -0.080503445615409841 0.048461182029249032 0.0031201901584675638 -0.022000452910898648 -0.11660277304240266 0.00047264374749828318 0.012843958732068804 0.11747539370508762 -0.013467249597421564 -0.12078158389450766 0.034006229468124774 0.077711987767199175 -0.056164995901506524 -0.018573771501034869 -0.070886487763513084 -0.15032375033106607 0.08136045269126628 0.14941988067140863 0.059783643228630501 0.0462435562806452 0.069359648438810068 -0.063229981690523726 0.02724078568600586 -0.055235959853568155 -0.040680097508005608
leaf_weight=11.100090481326331 0.26851013104896992 3.8624577522277814 1.7502651794347919 1.0554682314395902 0.5191947683924808 0.47369601891841639 3.1624381497967979 5.8639557290589419 2.1545639053802006 3.5560366381541826 1901.3496406431368 5.3763810212258276 2.8933200488099819 2.8837385028600755 1.8678310385439534 4.3887201594188809 14.616599774919449 2.1063108691014341 7.7717764812987316 3.5722097021061909 3.2312092212960124 5.0426748804748023 1.9357421323657042 2.3083502370864153 3.8918527700006962 3.659687964245677 2.7586334841325879 4.1428738757967949 12.911296510545069 3.9984236133750528
leaf_count=7420 6 23 70 6 24 48 22 40 28 33 16101 34 25 12 16 51 103 26 51 24 17 55 21 20 20 20 33 23 115 26
internal_value=0.000403054 0.000770067 -0.039932 -0.0144315 -0.0663219 -0.154169 0.000852454 -0.0197118 -0.0383383 -0.0809101 0.00100439 0.0118502 0.0233382 0.0195573 0.0429641 -0.0122041 0.0626873 0.00804023 -0.00458783 -0.0230859 -0.0572643 0.038496 0.0550489 0.0369792 0.0306333 0.00997545 -0.00718904 -0.0181937 -0.0352212 0.00219471
internal_weight=2024.47 2013.37 4.06713 3.32493 2.26946 0.742206 2009.31 14.737 11.5746 5.7106 1994.57 93.2201 74.9324 72.0391 23.7569 6.25655 17.5003 48.2822 34.1305 22.3778 11.003 14.1517 12.0454 10.1097 11.7527 11.3748 5.06698 7.71508 18.2877 7.89028
internal_count=24513 17093 154 100 94 54 16939 123 101 61 16816 715 566 541 182 67 115 359 204 135 68 155 129 108 69 67 53 47 149 46
is_linear=0
shrinkage=0.1


Tree=231
num_leaves=31
num_cat=0
split_feature=0 4 3 12 12 7 0 9 4 0 10 4 2 9 4 8 2 9 3 0 7 5 4 7 7 9 2 0 7 1
split_gain=11.8594 0.760194 0.984107 0.787941 2.30357 5.20525 4.07941 3.95307 5.8047 3.8855 3.46142 3.70275 3.42324 3.7927 2.92157 2.81062 2.89874 2.6361 3.15985 2.92925 2.89404 2.50393 2.2372 2.20347 3.01636 3.1786 3.58239 5.0043 4.42854 4.75305
threshold=34.500000000000007 5.5000000000000009 1.0000000180025095e-35 4.5000000000000009 5.5000000000000009 5.5000000000000009 41.500000000000007 225.86830065359479 20.500000000000004 43.500000000000007 10.500000000000002 24.500000000000004 4.5000000000000009 184.14546783625735 23.500000000000004 0.27675941080196403 4.5000000000000009 235.88838778953831 12.500000000000002 40.500000000000007 4.5000000000000009 1.5000000000000002 16.500000000000004 5.5000000000000009 1.0000000180025095e-35 189.05013931104364 6.5000000000000009 44.500000000000007 -2.4999999999999996 3.5000000000000004
decision_type=2 2 2 2 2 2 2 2 2 2 2 2 2 2 2 2 2 2 2 2 2 2 2 2 2 2 2 2 2 2
left_child=-1 2 -2 23 5 6 7 8 12 14 11 -6 13 -5 -8 16 -7 -12 19 -19 -21 -13 -11 24 25 -3 -27 -28 -29 -30
right_child=1 3 -4 4 10 15 9 -9 -10 22 17 21 -14 -15 -16 -17 -18 18 -20 20 -22 -23 -24 -25 -26 26 27 28 29 -31
leaf_value=-0.075119432195621644 0.075491757269743165 0.022916612589589887 -0.060465363705032707 -0.0066023451440069981 -0.046073571141043039 -0.08559285625506155 -0.047076380770117283 -0.043223843425288275 -0.022566952972918705 0.0032335276706015065 -0.0045057844802356469 0.027397786374194041 0.21399023209877899 0.15980356488173592 0.051628639799495717 -0.088252569215514498 0.010390931223994974 -0.058863641353729262 -0.10849180368918426 0.017812766710142227 0.11054890157547717 0.13542267862090954 0.041863283835299338 0.011320958664994642 -0.014025993657741126 -0.00134925721047817 0.044750890845383605 0.011665079704942349 -0.10031814230776331 -0.37111599666574224
leaf_weight=20.959201718207623 0.62137352069839735 58.403890394896735 3.7182116495678201 2.3914472949691099 2.7651860507903612 3.8598862009239445 13.289938589558007 2.3681783145293585 3.0079169087111941 22.857527984131593 393.41523428732762 3.9005907867103797 3.5730925654061139 3.2056037106085569 3.8725246489047995 5.4060378461144856 17.021695795934647 4.7673509202431879 2.0414979374036184 79.336372000689153 3.514224106038454 4.7693605171516538 43.567594286054373 102.60722726688255 199.39614066644572 172.11542917118641 2.0601657843217245 1.1856128934305163 1.4516972965793686 1.1709862540010361
leaf_count=13257 20 439 242 28 109 40 87 120 36 145 3387 26 38 40 12 44 172 334 34 665 33 32 482 997 1755 1854 15 19 25 26
internal_value=-0.00056726 0.000777842 -0.040998 0.000934488 0.00336808 0.0155305 0.0261167 0.0749914 0.0979799 0.0176113 0.000307952 0.0546863 0.137521 0.0887035 -0.0248047 -0.0239886 -0.00735133 -0.000979268 0.0144947 0.0173603 0.0217463 0.0868225 0.0285704 -0.00186315 -0.00496741 0.00267363 -0.00396894 -0.0808012 -0.148721 -0.221225
internal_weight=1182.62 1161.66 4.33959 1157.32 618.931 124.421 98.1338 14.5462 12.1781 83.5876 494.51 11.4351 9.17014 5.59705 17.1625 26.2876 20.8816 483.075 89.6594 87.6179 82.8506 8.66995 66.4251 538.391 435.784 236.388 177.984 5.86846 3.8083 2.62268
internal_count=24513 11256 262 10994 5864 1244 988 262 142 726 4620 167 106 68 99 256 212 4453 1066 1032 698 58 627 5130 4133 2378 1939 85 70 51
is_linear=0
shrinkage=0.1


Tree=232
num_leaves=31
num_cat=0
split_feature=0 3 8 0 4 8 4 8 10 0 9 5 8 0 1 9 12 7 8 12 7 9 11 5 12 6 10 9 9 1
split_gain=13.6846 0.586715 2.63336 1.97429 1.27713 1.59713 1.51449 1.52889 1.25111 0.886494 0.757158 3.12917 3.94051 2.59789 2.47567 2.21697 2.05059 1.971 1.89031 1.72758 1.56017 1.53565 1.94924 1.43444 1.01833 0.964333 1.46256 1.01539 0.879968 5.17999
threshold=29.500000000000004 1.0000000180025095e-35 0.34330357142857143 21.500000000000004 3.5000000000000004 0.091750841750841708 5.5000000000000009 0.18441295546558703 2.5000000000000004 22.500000000000004 438.77367216117221 3.5000000000000004 0.27675941080196403 21.500000000000004 1.5000000000000002 421.79588235294119 8.5000000000000018 -1.0000000180025095e-35 0.15319426336375488 4.5000000000000009 -3.4999999999999996 480.64579124579126 4.5000000000000009 4.5000000000000009 3.5000000000000004 7.5000000000000009 2.5000000000000004 429.55389610389619 357.34661306042887 2.5000000000000004
decision_type=2 2 2 2 2 2 2 2 2 2 2 2 2 2 2 2 2 2 2 2 2 2 2 2 2 2 2 2 2 2
left_child=1 2 4 -4 9 -6 7 -7 -9 -1 15 12 13 14 16 28 -12 25 -18 -15 23 22 -14 -13 -19 26 -17 -28 -3 -30
right_child=-2 10 3 -5 5 6 -8 8 -10 -11 11 20 21 19 -16 17 18 24 -20 -21 -22 -23 -24 -25 -26 -27 27 -29 29 -31
leaf_value=0.081715222382179389 -0.075124201532901988 0.0019023273219744765 0.029665981186039761 -0.11851623133612105 -0.10162338983314544 0.061465536253688058 0.078860073186265867 -0.088347350100393823 0.02096125064693485 0.028514301346384843 0.084556587316561738 0.058190737465067727 0.074054047174344162 -0.048130870379476387 -0.17555892780726423 0.010408628477315232 -0.1743306207656925 -0.1038055910737288 0.07843053638621679 -0.12011887713279011 0.11162642636902394 0.1179885459350152 -0.074720686432747346 -0.055385801587974126 0.023794735534416547 0.12241030200458169 0.15287923434227255 0.036320649431065472 -0.0090831999014271483 0.078487510460626117
leaf_weight=4.90317270433298 24.205648086863221 816.20175210619345 1.4540553299011656 2.3559263236820698 1.3202349096536625 2.0140631303656829 2.6995671780314296 2.5781002463772893 1.7632410157239062 8.6712574576958996 2.991033378406434 2.6880494984798133 1.9294586145551869 10.253147645853458 0.60994006821420033 4.4474746752530319 0.71234733302844666 1.1669826856814318 0.50608310650568455 4.9396721646189681 2.3351454258663571 1.876928378944285 1.6201212786836547 1.8965927757089955 1.3477690905565394 2.1849952610209584 1.6654253014712594 1.355837136041373 177.31996857724153 7.0222883243113747
leaf_count=234 13638 8177 54 12 14 32 33 17 44 45 99 33 37 39 9 34 33 14 30 25 15 32 9 20 29 20 34 26 1626 49
internal_value=-0.000768713 0.000908926 0.0152577 -0.0619634 0.0275423 0.00112848 0.0161099 -0.0105443 -0.0439515 0.0477308 0.000527788 -0.0145303 -0.0307491 -0.0512437 0.0127276 0.00100893 0.0400098 0.0434353 -0.0693446 -0.0715365 0.0450938 0.0448325 0.00614936 0.0112059 -0.0354188 0.0639765 0.0468815 0.100572 0.000492944 -0.0057473
internal_weight=1097.04 1072.83 27.7596 3.80998 23.9496 10.3752 9.05497 6.3554 4.34134 13.5744 1045.07 32.3585 25.4387 20.0122 4.8194 1012.71 4.20946 12.1685 1.21843 15.1928 6.91979 5.42651 3.54958 4.58464 2.51475 9.65373 7.46874 3.02126 1000.54 184.342
internal_count=24513 10875 485 66 419 140 126 93 61 279 10390 381 313 235 171 10009 162 157 63 64 68 78 46 53 43 114 94 60 9852 1675
is_linear=0
shrinkage=0.1


Tree=233
num_leaves=31
num_cat=0
split_feature=0 0 10 4 6 5 12 5 13 6 9 12 7 12 1 6 9 6 9 1 8 7 11 5 6 8 8 7 9 2
split_gain=5.04123 0.764039 3.26872 1.55723 1.0248 1.31712 1.30429 3.22768 2.1935 2.15072 1.36582 1.33261 1.09512 2.23192 3.27753 2.05576 0.950902 0.734681 1.84193 1.57148 1.35636 1.28285 0.999648 0.668023 4.1073 2.60104 3.83382 1.96799 7.80572 4.64957
threshold=43.500000000000007 39.500000000000007 19.500000000000004 4.5000000000000009 4.5000000000000009 1.5000000000000002 2.5000000000000004 7.5000000000000009 1.5857142857142861 10.500000000000002 334.09273657628927 4.5000000000000009 -1.0000000180025095e-35 8.5000000000000018 1.5000000000000002 9.5000000000000018 320.93597105508877 14.500000000000002 272.97416666666669 1.0000000180025095e-35 0.25677655677655681 -11.499999999999998 2.5000000000000004 4.5000000000000009 12.500000000000002 0.34514106583072107 0.34248120300751878 -2.4999999999999996 369.33606934001676 1.5000000000000002
decision_type=2 2 2 2 2 2 2 2 2 2 2 2 2 2 2 2 2 2 2 2 2 2 2 2 2 2 2 2 2 2
left_child=1 17 16 -4 -5 -6 7 -7 9 10 12 -11 13 14 -8 -15 -3 21 20 -20 -19 22 -1 24 -23 26 27 -25 29 -29
right_child=-2 2 3 4 5 6 8 -9 -10 11 -12 -13 -14 15 -16 -17 -18 18 19 -21 -22 23 -24 25 -26 -27 -28 28 -30 -31
leaf_value=-0.078733197614586581 -0.075145691922802738 -0.075506931725729212 -0.08208403083112456 -0.081842345885511036 0.088736501186381836 -0.081235135331113331 -0.078663884203626577 0.13958350339364953 -0.079429833289589122 0.045894792097822032 0.16022705278033966 -0.057725327735401538 0.15689478034809268 0.036557066806828117 0.10172480722513487 0.18419979413603849 0.048445975173139512 0.021291378672903517 0.036536156831910478 -0.058089298995785466 0.10715787252501999 0.0015876645815932633 -0.0091141335826202298 0.0029549460343786436 0.10559989457112172 -0.034944547576381921 0.11265509299963938 -0.1325119473515354 -0.19655314540472246 -0.0041312494002848739
leaf_weight=3.5172789096832258 8.7942598057052219 8.2522986109834129 1.9794111168012047 1.1610771553823749 2.1674403236247626 3.6568049195921075 2.8529384514549836 0.80824474978726346 2.0052455335389814 1.9507497174199659 1.1575485365465272 3.4118522636126727 0.80176277284043962 2.7657046292442828 1.5568854950834063 1.4310548275243489 0.66908232006244439 4.3301430735737068 3.3270711302757263 3.7144765816628933 3.1984429899603128 1569.3915755313355 4.9865066185593605 205.67082505114377 3.8057444822043172 23.932248111697845 2.9585783937945953 2.9641809577587983 2.3364933269913299 58.430993218207732
leaf_count=21 6396 1710 33 27 28 117 110 13 55 33 7 90 33 39 30 19 13 33 23 21 19 13350 41 1475 21 184 21 26 15 510
internal_value=0.000394987 0.000739341 -0.0135657 0.0033857 0.00996158 0.0143005 0.00709766 -0.0412635 0.0191384 0.0315471 0.0577253 -0.0200315 0.0451141 0.034701 -0.0149778 0.0869018 -0.0662108 0.0010162 0.0233848 -0.0133796 0.0577709 0.000842652 -0.0379095 0.00101892 0.00183928 -0.00333684 -0.000559487 -0.00180281 -0.0171567 -0.0103295
internal_weight=1937.99 1929.19 36.6281 27.7067 25.7273 24.5662 22.3988 4.46505 17.9337 15.9285 10.5659 5.3626 9.40835 8.60658 4.40982 4.19676 8.92138 1892.56 14.5701 7.04155 7.52859 1877.99 8.50379 1869.49 1573.2 296.293 272.361 269.402 63.7317 61.3952
internal_count=24513 18117 2357 634 601 574 546 130 416 361 238 123 231 198 140 58 1723 15760 96 44 52 15664 62 15602 13371 2231 2047 2026 551 536
is_linear=0
shrinkage=0.1


Tree=234
num_leaves=31
num_cat=0
split_feature=0 4 0 9 8 7 0 7 11 7 6 12 6 6 6 5 8 8 9 12 8 12 6 12 9 13 11 4 8 4
split_gain=4.52782 0.64332 2.82036 1.56209 1.95397 1.90694 1.36821 2.66955 1.85412 3.26087 1.14636 2.74149 2.77329 2.37942 2.34861 1.28742 0.898167 0.796199 2.18465 1.98459 1.67495 4.00642 0.77863 2.51793 3.69398 1.70678 4.60365 2.38912 4.65755 2.52167
threshold=23.500000000000004 5.5000000000000009 30.500000000000004 263.01898193760263 0.20864427860696519 -10.499999999999998 34.500000000000007 -1.4999999999999998 4.5000000000000009 -5.4999999999999991 8.5000000000000018 9.5000000000000018 5.5000000000000009 9.5000000000000018 10.500000000000002 3.5000000000000004 0.22474489795918368 0.42462121212121212 222.48050435227856 4.5000000000000009 0.41240409207161127 5.5000000000000009 1.5000000000000002 10.500000000000002 269.02765476190484 0.94987468671679209 1.5000000000000002 17.500000000000004 0.26365441906653431 15.500000000000002
decision_type=2 2 2 2 2 2 2 2 2 2 2 2 2 2 2 2 2 2 2 2 2 2 2 2 2 2 2 2 2 2
left_child=-1 2 -2 4 -4 16 7 8 -7 -10 11 12 -8 -12 -15 -14 -5 20 -19 -20 22 -22 23 24 25 26 -3 29 -29 -27
right_child=1 17 3 5 -6 6 10 -9 9 -11 13 -13 15 14 -16 -17 -18 18 19 -21 21 -23 -24 -25 -26 27 -28 28 -30 -31
leaf_value=-0.065527775931371476 -0.075605747005062146 -0.088840447362905139 -0.013923524838416999 0.0031079290135807239 0.083734945245423548 -0.081421759335671834 -0.058212085821838615 0.076111257756354009 0.083288407952589225 -0.081842727376798471 -0.074902366612102242 0.075997569637660828 0.047908858088034328 0.048679404074528761 -0.035898710075670741 -0.0096262926228899842 0.075687430612459833 -0.06469877892613575 -0.038075329034087002 0.14030399351474634 0.13363562800921855 -0.043778582683041134 0.0013632342031114362 0.056922091753789462 0.089536267090004618 -0.078279354197868065 0.026781584609364056 -0.033158864233009983 -0.15602004656890378 0.06069555086622147
leaf_weight=10.377070951188214 5.7299159315880379 4.744052721536721 3.8330447766929847 3.1612612269818774 4.4013512813835405 8.8194857547059602 7.0961226373910966 1.7771772043779517 2.2573758410289884 2.5430086245760313 6.1429404914379147 4.9151111245155326 7.2795615624636403 5.7330991178750974 7.6830074153840542 8.3503528833389264 3.7013155343011022 5.6298516681417805 1.2977145609911533 1.2008786443620918 2.9804580507334313 2.2216561103705317 1869.1473443112045 4.7688678670674554 2.8704595486633471 2.0888472488150027 12.563104956934692 10.889679152693132 4.3054352239705613 3.4820202342234552
leaf_count=7420 920 28 22 20 27 148 28 23 34 40 29 21 38 29 31 37 29 37 25 16 28 18 15112 46 84 39 81 61 22 20
internal_value=0.000357765 0.00069764 -0.00789982 -0.00290654 0.0382757 -0.00778865 -0.0132748 -0.03916 -0.0542011 -0.00418998 -0.00483087 0.00827856 -0.00636748 -0.0233573 0.00024402 0.0171704 0.0422535 0.00106961 -0.0301617 0.0476577 0.00120183 0.0578677 0.00104788 -0.0118465 -0.0198563 -0.0281037 -0.00491149 -0.0474331 -0.0679708 0.00858565
internal_weight=2021.99 2011.61 83.4241 77.6942 8.2344 69.4598 62.5972 15.397 13.6199 4.80038 47.2002 27.6411 22.726 19.559 13.4161 15.6299 6.86258 1928.19 8.12844 2.49859 1920.06 5.20211 1914.86 45.7125 40.9436 38.0731 17.3072 20.766 15.1951 5.57087
internal_count=24513 17093 1476 556 49 507 458 245 222 74 213 124 103 89 60 75 49 15617 78 41 15539 46 15493 381 335 251 109 142 83 59
is_linear=0
shrinkage=0.1


Tree=235
num_leaves=31
num_cat=0
split_feature=0 8 6 6 8 7 7 11 8 6 10 0 8 10 3 13 11 1 6 4 6 9 9 13 4 11 5 6 6 9
split_gain=10.9786 0.746839 3.25001 3.50049 2.26639 2.62032 2.84645 2.04454 1.75932 1.78058 2.1447 2.06631 1.51354 3.31176 2.13436 1.36387 1.32626 1.30947 1.22072 1.17557 1.08423 2.5932 5.77351 3.5066 5.06754 2.52943 3.09301 3.28816 5.35497 4.89818
threshold=34.500000000000007 0.34248120300751878 10.500000000000002 11.500000000000002 0.42462121212121212 7.5000000000000009 4.5000000000000009 2.5000000000000004 0.37884436160298235 5.5000000000000009 18.500000000000004 44.500000000000007 0.33589743589743598 14.500000000000002 8.5000000000000018 0.72077922077922085 2.5000000000000004 1.0000000180025095e-35 13.500000000000002 18.500000000000004 8.5000000000000018 142.86127722406795 152.77033096926718 0.94987468671679209 24.500000000000004 3.5000000000000004 6.5000000000000009 11.500000000000002 9.5000000000000018 223.29075362318841
decision_type=2 2 2 2 2 2 2 2 2 2 2 2 2 2 2 2 2 2 2 2 2 2 2 2 2 2 2 2 2 2
left_child=-1 12 4 -4 5 6 8 -8 9 -3 11 16 20 -14 -15 -10 -11 -5 -19 -12 -2 23 -23 -22 -25 -24 27 28 29 -27
right_child=1 2 3 17 -6 -7 7 -9 15 10 19 -13 13 14 -16 -17 -18 18 -20 -21 21 22 25 24 -26 26 -28 -29 -30 -31
leaf_value=-0.075110867852472021 0.0036218135122007265 0.071474439337292792 0.12139348903465526 -0.084860474749032355 0.065071097606409847 0.049826715738474657 -0.1709830382506928 -0.055501661547428277 -0.021323375704569894 -0.097279267947157466 -0.034232962697811481 0.043020566921041815 -0.04018402613204769 0.011360841136624012 0.13726929048024214 -0.13418096065306132 0.0037208397522029662 0.080193575073952611 -0.042818504368511583 -0.13879932008255047 -0.098534273844072554 0.069063511416037227 -0.0094102965455484903 -0.069882821948418467 0.083764113237961735 -0.0084427995116007019 0.024169314358799803 0.026656739357060602 -0.031999971205652379 0.061994317734031627
leaf_weight=19.421618465268693 624.26140885631321 2.2309656535508244 3.413175250287166 1.5987653802148996 2.5193931339308611 3.3648790632723822 2.5807327770162365 3.7766457018442452 1.9522541874903243 2.5202165534719807 2.2689394215121856 5.4244332588859834 3.1188844852149469 2.207428133522626 3.4514343173941597 2.371658178162761 2.6855130530893803 1.8171240645460787 1.4508002298534846 2.0434261260088533 6.5490472969249813 11.359257976349907 266.67286976380274 4.8334460742771608 3.8615516915451735 30.83151398570044 61.328831915336195 29.022221195744351 56.629277533735149 14.523034208395982
leaf_count=13257 5893 31 31 21 16 31 22 27 22 26 41 41 24 33 29 38 40 27 15 14 45 92 2678 31 31 268 612 314 587 176
internal_value=-0.000547052 0.000700634 -0.0123877 0.0437526 -0.026165 -0.0335277 -0.0435969 -0.102381 -0.026213 -0.0118585 -0.0243004 -0.000170295 0.00119226 0.0425536 0.0881545 -0.0832256 -0.0451757 -0.0106996 0.0255822 -0.083782 0.000865141 -0.00267861 -0.00136307 -0.0432707 -0.00164639 -0.00310594 0.00563507 -0.00304151 -0.0114929 0.014112
internal_weight=1180.09 1160.67 42.0189 8.27986 33.7391 31.2197 27.8548 6.35738 21.4974 17.1735 14.9425 10.6302 1118.65 8.77775 5.65886 4.32391 5.20573 4.86669 3.26792 4.31237 1109.87 485.611 470.367 15.244 8.695 459.008 192.335 131.006 101.984 45.3545
internal_count=24513 11256 443 94 349 333 302 49 253 193 162 107 10813 86 62 60 66 63 42 55 10727 4834 4727 107 62 4635 1957 1345 1031 444
is_linear=0
shrinkage=0.1


Tree=236
num_leaves=31
num_cat=0
split_feature=0 1 12 9 1 11 8 9 3 7 2 7 6 4 4 13 3 8 8 13 6 9 0 9 9 2 9 9 5 11
split_gain=12.6705 0.5833 0.732198 1.07195 0.576285 2.92499 1.47193 1.02557 0.938547 1.21811 0.658933 1.08131 1.6277 1.38575 1.43276 0.967128 0.778932 2.28622 2.05397 2.46184 1.89422 1.80754 1.69454 0.695422 4.6905 3.88053 2.86625 2.70476 3.43695 2.46936
threshold=29.500000000000004 5.5000000000000009 2.5000000000000004 184.86830357142858 4.5000000000000009 4.5000000000000009 0.17817460317460312 188.44438821412507 11.500000000000002 13.500000000000002 7.5000000000000009 7.5000000000000009 1.0000000180025095e-35 13.500000000000002 12.500000000000002 0.94987468671679209 8.5000000000000018 0.14670014347202293 0.29805897723030988 1.5419580419580421 2.5000000000000004 199.54670849245323 21.500000000000004 272.0478070175439 282.8497756410257 3.5000000000000004 272.97416666666669 274.06422634271104 3.5000000000000004 2.5000000000000004
decision_type=2 2 2 2 2 2 2 2 2 2 2 2 2 2 2 2 2 2 2 2 2 2 2 2 2 2 2 2 2 2
left_child=1 4 -3 -4 8 6 -6 -8 10 -10 11 16 -13 14 -14 -15 23 21 19 20 -19 -18 -20 -1 25 26 -25 -28 -29 -30
right_child=-2 2 3 -5 5 -7 7 -9 9 -11 -12 12 13 15 -16 -17 17 18 22 -21 -22 -23 -24 24 -26 -27 27 28 29 -31
leaf_value=0.0054800778756050822 -0.075115189174259217 -0.1095596678232848 -0.085332469907032596 0.061420245695725489 -0.017338803594436219 -0.083164465038643082 0.11996062455726525 0.035806562052849912 -0.079322304416843112 0.090517139141136349 -0.046246943992389621 -0.042463084154791275 0.035973081864959622 0.059619090707715629 0.14607678770083057 -0.045102678921136875 -0.016848528647629479 0.040165925749041438 0.038091568815350516 0.07495873419574621 -0.080831220146517946 0.11820592893160618 -0.077519221889328166 -0.087790917295565929 0.0017386993837229057 -0.09689617641633276 0.081009475136507872 -0.00025823690448675813 -0.019763019123190246 -0.12790992622888589
leaf_weight=269.17022044106852 22.435620422933425 1.0683220740174868 0.9327201624400917 1.067302639596164 2.2230601892806572 2.0066790552809826 2.9308176641352475 2.8626178433187306 2.7333255489356811 0.49945113155990828 2.9584170931484541 2.2511823368258765 2.4630378219299001 1.7231544088572266 2.2721311817876995 1.8063288857229052 1.9169085724279313 1.4670493490993983 5.7828104784712187 1.3644966757856316 10.958335477160288 2.0516270818188787 1.6238174310419706 5.2549726573051876 694.19705825805431 7.2910267096012822 3.066071647568605 28.818352889502421 4.3060467338655126 4.1424384264973924
leaf_count=2874 13638 18 27 16 24 24 30 33 166 9 36 21 25 42 20 30 27 24 26 9 221 17 83 58 6504 53 41 320 44 53
internal_value=-0.000740312 0.000817409 -0.0427209 -0.00701858 0.000942478 0.0248079 0.0518354 0.0783789 0.000716409 -0.0530828 0.000881281 0.00101382 0.0329198 0.0534531 0.0888054 0.00602429 0.000691647 -0.0166879 -0.0297299 -0.0525435 -0.0665452 0.052971 0.0127452 0.00112201 -0.00044819 -0.0291578 -0.0183242 -0.00927334 -0.0167012 -0.0727893
internal_weight=1093.65 1071.21 3.06834 2.00002 1068.14 10.0232 8.0165 5.79344 1058.12 3.23278 1054.89 1051.93 10.5158 8.26465 4.73517 3.52948 1041.41 25.165 21.1965 13.7899 12.4254 3.96854 7.40663 1016.25 747.076 52.8789 45.5879 40.3329 37.2668 8.44849
internal_count=24513 10875 61 43 10814 111 87 63 10703 175 10528 10492 138 117 45 72 10354 407 363 254 245 44 109 9947 7073 569 516 458 417 97
is_linear=0
shrinkage=0.1


Tree=237
num_leaves=31
num_cat=0
split_feature=0 0 10 4 6 5 13 12 4 9 7 12 0 11 11 3 3 5 3 11 13 7 6 4 9 8 12 12 6 13
split_gain=4.66498 0.665949 3.03277 1.40201 0.928204 1.0537 1.2003 1.67956 1.63862 1.40113 1.34269 1.15435 1.30217 1.57255 1.10402 1.86199 0.900988 0.873959 0.818403 0.70712 3.73182 2.16282 2.09088 3.85282 3.91323 3.04091 3.22065 2.1797 3.55182 3.51527
threshold=43.500000000000007 39.500000000000007 19.500000000000004 4.5000000000000009 4.5000000000000009 1.5000000000000002 1.083916083916084 2.5000000000000004 6.5000000000000009 209.49947916666667 -6.4999999999999991 3.5000000000000004 40.500000000000007 5.5000000000000009 1.5000000000000002 3.5000000000000004 3.5000000000000004 6.5000000000000009 3.5000000000000004 1.0000000180025095e-35 1.083916083916084 9.5000000000000018 4.5000000000000009 4.5000000000000009 310.06151623321438 0.22933743169398904 6.5000000000000009 6.5000000000000009 9.5000000000000018 0.48529411764705882
decision_type=2 2 2 2 2 2 2 2 2 2 2 2 2 2 2 2 2 2 2 2 2 2 2 2 2 2 2 2 2 2
left_child=1 19 16 -4 -5 -6 7 17 -9 -8 18 -12 -13 -14 15 -11 -3 -7 -10 20 22 -22 23 -1 -25 26 -26 -24 29 -29
right_child=-2 2 3 4 5 6 9 8 10 14 11 12 13 -15 -16 -17 -18 -19 -20 -21 21 -23 27 24 25 -27 -28 28 -30 -31
leaf_value=0.08648831757449614 -0.075134924470815156 0.044000450336381579 -0.081486367826240302 -0.081354185085616024 0.077955993688139547 -0.082161662098767269 0.074943068808328003 0.092623657892768774 -0.080345612582805231 -0.079176414672797277 0.15004836835618857 0.066144837490128644 -0.07853930655864233 0.13242824470746759 -0.078762620855266363 0.11464657457782541 -0.075506084853249597 0.045582564315071211 0.036806595743869311 0.001712194275152405 -0.019849920013905367 0.063851933829494417 -0.015848619092548793 0.026562831264923793 -0.036671521166780872 -0.067970669365687617 0.11335297387186927 -0.020002203116526285 -0.046925938900178994 0.062640829284563992
leaf_weight=7.6645467983325934 8.1511405236888077 0.68755337083712031 1.8243971560150409 1.0830016738036672 2.282202313886958 2.028179650893438 1.1131349253701035 3.7989803925156584 1.9006237515714084 1.0418301906902341 0.83037139300721818 2.9638170376420021 1.7380473316879945 0.44347814633510996 3.8455961255822331 0.94540555984713126 7.6513569775270298 0.72772243444342155 0.8689156905747949 1625.4464569900883 110.75894615030847 3.1756069385446599 54.525541355542373 42.838931475533172 3.5699630703311405 9.3388533800607529 2.388177850516513 7.609531805792364 6.6403420325368634 15.903909798536914
leaf_count=149 6396 24 33 27 28 68 25 27 42 25 33 30 89 18 132 17 1699 13 27 13525 886 24 461 340 30 79 19 57 50 140
internal_value=0.000356612 0.000676164 -0.0128402 0.00321177 0.00924516 0.0132454 0.00660682 0.0222576 0.0377872 -0.0278677 0.013966 0.0406413 0.0229849 -0.0356521 -0.0474881 0.0130327 -0.0656526 -0.0484296 -0.0435903 0.000932027 -0.00386393 -0.017517 0.00647335 0.0198455 0.0110594 -0.0323578 0.0234622 -0.00391751 0.0176569 0.0358955
internal_weight=1933.79 1925.64 35.7746 27.4357 25.6113 24.5283 22.2461 15.3001 12.5442 6.94597 8.74525 5.97571 5.14534 2.18153 5.83283 1.98724 8.33891 2.7559 2.76954 1889.86 264.414 113.935 150.48 65.8005 58.1359 15.297 5.95814 84.6793 30.1538 23.5134
internal_count=24513 18117 2357 634 601 574 546 347 266 199 239 170 137 107 174 42 1723 81 69 15760 2235 910 1325 617 468 128 49 708 247 197
is_linear=0
shrinkage=0.1


Tree=238
num_leaves=31
num_cat=0
split_feature=0 9 9 3 7 12 10 8 13 8 8 5 10 7 12 12 10 8 8 11 9 1 8 0 9 13 8 9 8 8
split_gain=4.14385 0.63327 9.10335 22.5246 0.625421 2.173 2.24938 1.7017 2.41005 2.33158 1.83457 1.80602 1.79128 1.40063 1.30095 4.11639 1.84215 1.83552 2.11595 1.67736 2.44777 3.31606 1.87921 2.09743 1.96764 1.45126 1.40014 1.77076 1.13379 1.10827
threshold=23.500000000000004 381.94604166666676 384.72971014492759 4.5000000000000009 11.500000000000002 10.500000000000002 10.500000000000002 0.26120401337792648 1.1055555555555558 0.19264507422402158 0.16807909604519775 1.0000000180025095e-35 9.5000000000000018 9.5000000000000018 8.5000000000000018 4.5000000000000009 11.500000000000002 0.23845060412224586 0.17817460317460312 1.0000000180025095e-35 150.01174012158057 3.5000000000000004 0.16302800189843378 33.500000000000007 181.88445767195768 1.0717948717948722 0.27622890682318418 161.91773466371029 0.45080645161290328 0.43534002229654406
decision_type=2 2 2 2 2 2 2 2 2 2 2 2 2 2 2 2 2 2 2 2 2 2 2 2 2 2 2 2 2 2
left_child=1 -1 3 -3 13 7 -7 8 10 -10 -6 -9 -12 28 15 19 17 18 -16 -15 21 -21 -22 -24 25 -25 27 -18 29 -2
right_child=4 2 -4 -5 5 6 -8 11 9 -11 12 -13 -14 14 16 -17 26 -19 -20 20 22 -23 23 24 -26 -27 -28 -29 -30 -31
leaf_value=-0.075140356016968432 0.0009078206678228974 -0.075126812435029167 -0.075225953772864451 3.1622912818765041 0.041160307394111958 0.016666070645572496 0.14958081142201002 -0.027638856710179644 -0.034194716731123155 0.08115378951671498 0.0018196140780153481 0.061828872220714454 -0.079617211643144378 -0.082510379825269847 -0.091501495688141088 0.030923249340841043 0.039288478736345271 -0.119346487042378 0.026622804442567961 -0.040458043313269992 0.029026622719625934 0.083850554928187909 -0.10514041203239499 -0.10240300291199039 0.047884985538491756 -0.00047033921362425903 0.077764413858276038 -0.10976541636548408 -0.063813317895849084 0.06498472502488209
leaf_weight=8.3470058468083135 1901.2974562910968 0.070690282678696259 1.2532634574090478 0.030878804507665336 2.5627202512114335 2.9831737680360666 2.221366063284222 3.1730216015130264 2.932784755685133 4.3538426093000453 4.0862085223197919 7.8092805516498629 7.9674297600286081 4.9007897565607008 2.9552938966080529 18.495277357229497 1.6867715191328891 3.8232970796525478 3.1146853026002645 4.0905267894268054 3.1313921628170673 4.514127355068922 5.4244439778849474 3.1943330994981789 2.552148478484014 2.4820527866540942 1.8713235920295117 1.5109996902756391 2.7029442933853707 2.703082969877868
leaf_count=6190 16224 61 1164 5 15 20 29 18 26 37 21 63 79 33 18 139 15 21 22 26 23 27 35 37 37 20 11 31 39 27
internal_value=0.000349837 -0.0648473 -0.00143258 0.909106 0.000664758 0.0133566 0.0733958 0.00385457 -0.0122532 0.0347273 -0.0356742 0.0359797 -0.05201 0.000419419 -0.0141616 -0.00625019 -0.039957 -0.0650734 -0.0308884 -0.0289487 -0.0186098 0.0247561 -0.0408417 -0.0568664 -0.025043 -0.057832 0.00906228 -0.0311419 0.000906912 0.00099879
internal_weight=2018.24 9.70184 1.35483 0.101569 2008.54 38.0898 5.20454 32.8853 21.903 7.28663 14.6164 10.9823 12.0536 1970.45 63.7475 48.7851 14.9624 9.89328 6.06998 30.2898 25.389 8.60465 16.7844 13.653 8.22853 5.67639 5.06909 3.19777 1906.7 1904
internal_count=24513 7420 1230 66 17093 308 49 259 178 63 115 81 100 16785 495 377 118 61 40 238 205 53 152 129 94 57 57 46 16290 16251
is_linear=0
shrinkage=0.1


Tree=239
num_leaves=31
num_cat=0
split_feature=0 0 9 8 11 13 13 7 8 10 4 12 12 12 3 8 0 9 9 9 13 3 9 0 12 8 9 9 8 9
split_gain=10.1724 0.689176 1.48976 1.04567 1.26284 0.878756 1.02111 0.827547 2.85551 0.980934 1.47352 4.76378 2.38422 1.41109 1.76176 1.2637 1.73141 1.55187 1.36899 0.821965 1.21027 0.93023 1.83765 1.3525 1.82478 2.14974 2.25512 5.12915 1.10468 1.08805
threshold=34.500000000000007 38.500000000000007 221.55425925925928 0.13397435897435897 5.5000000000000009 1.5339366515837105 1.4494949494949496 -5.4999999999999991 0.32392686804451515 13.500000000000002 15.500000000000002 1.5000000000000002 5.5000000000000009 2.5000000000000004 9.5000000000000018 0.20948987246811704 36.500000000000007 178.29266072092162 126.47813870614037 121.71866666666666 1.0717948717948722 15.500000000000002 189.83787878787882 43.500000000000007 3.5000000000000004 0.28867521367521365 164.00866330227745 171.5233793576185 0.24807692307692308 132.74868154158219
decision_type=2 2 2 2 2 2 2 2 2 2 2 2 2 2 2 2 2 2 2 2 2 2 2 2 2 2 2 2 2 2
left_child=-1 2 5 4 -4 6 7 8 -2 10 11 -9 -12 14 -11 18 -17 -18 -14 20 -3 29 23 -23 -25 26 -26 -28 -24 -21
right_child=1 19 3 -5 -6 -7 -8 9 -10 13 12 -13 15 -15 -16 16 17 -19 -20 21 -22 22 28 24 25 -27 27 -29 -30 -31
leaf_value=-0.075102898261711459 -0.076837753615458193 -0.06518727876613134 -0.075666730524381151 -0.075821120976257567 0.19312521811476566 -0.08032385594062573 0.081072812094966792 0.26116712063920833 0.22697405164133452 -0.076701749799647098 -0.045805779478165637 -0.076570532880189543 0.11858081289008288 -0.077238161323059537 0.1247881886161766 -0.076428659299291449 0.024879405658973903 0.12242404407364681 -0.07839695524091761 0.03160000018127266 0.010722816687807751 -0.022400860416204336 0.10788985924944497 0.074477968026395683 0.06547387912221081 -0.12152388223888536 -0.19580465081737375 0.083493610392585543 0.013300314030452925 0.00054347686205241923
leaf_weight=17.996889937538072 0.61807888466865424 4.5290442635887285 0.36045255337376048 5.0111804425250739 0.33934156643226743 1.4398884719703335 1.4645455852150906 0.83330100774765969 0.61939027579501271 0.81618762668222078 8.3174235413316655 0.83723092544823885 0.43900469597428893 4.0375697629060596 0.92660637479275465 1.0136050188448278 4.1026182547211647 2.7072194153442979 1.7974433838389812 11.400403866951818 3.91659733094275 9.2427162528038078 3.303027751739136 5.0812498311279333 4.2238067667349224 1.2682767147780394 1.2810989749268631 1.3508293521008452 1.9716858678730202 1076.156153567892
leaf_count=13257 41 24 53 795 7 71 24 5 7 49 339 58 4 245 18 70 62 33 74 53 20 39 89 113 81 25 24 60 47 8726
internal_value=-0.00049773 0.000660329 -0.0130219 -0.0598308 0.0546749 -0.00410225 -0.000255429 -0.00465616 0.0752291 -0.00848359 0.00198086 0.091901 -0.00619305 -0.0447771 0.0304262 0.0265584 0.0455082 0.0636578 -0.0397311 0.00109478 -0.0299846 0.00133013 0.019419 0.00693871 0.0274743 -0.00192472 0.0202005 -0.0524557 0.0725323 0.00086903
internal_weight=1177.4 1159.41 35.6811 5.71097 0.699794 29.9701 28.5302 27.0657 1.23747 25.8282 20.0478 1.67053 18.3773 5.78036 1.74279 10.0599 7.82344 6.80984 2.23645 1123.72 8.44564 1115.28 27.7227 22.448 13.2053 8.12401 6.85574 2.63193 5.27471 1087.56
internal_count=24513 11256 1955 855 60 1100 1029 1005 48 957 645 63 582 312 67 243 165 95 78 9301 44 9257 478 342 303 190 165 84 136 8779
is_linear=0
shrinkage=0.1


end of trees

feature_importances:
current_active_census=1497
mean_time_in_system=892
high_acuity_ratio=695
arrivals_120m=681
hour_of_day=680
arrival_rate_trend=451
month=410
net_flow_60m=369
arrivals_60m=293
day_of_week=293
departures_60m=273
departures_30m=239
arrivals_15m=218
arrivals_30m=209

parameters:
[boosting: gbdt]
[objective: multiclass]
[metric: multi_logloss]
[tree_learner: serial]
[device_type: cpu]
[data_sample_strategy: bagging]
[data: ]
[valid: ]
[num_iterations: 100]
[learning_rate: 0.1]
[num_leaves: 31]
[num_threads: 10]
[seed: 0]
[deterministic: 0]
[force_col_wise: 0]
[force_row_wise: 0]
[histogram_pool_size: -1]
[max_depth: -1]
[min_data_in_leaf: 20]
[min_sum_hessian_in_leaf: 0.001]
[bagging_fraction: 1]
[pos_bagging_fraction: 1]
[neg_bagging_fraction: 1]
[bagging_freq: 0]
[bagging_seed: 3]
[bagging_by_query: 0]
[feature_fraction: 1]
[feature_fraction_bynode: 1]
[feature_fraction_seed: 2]
[extra_trees: 0]
[extra_seed: 6]
[early_stopping_round: 0]
[early_stopping_min_delta: 0]
[first_metric_only: 0]
[max_delta_step: 0]
[lambda_l1: 0]
[lambda_l2: 0]
[linear_lambda: 0]
[min_gain_to_split: 0]
[drop_rate: 0.1]
[max_drop: 50]
[skip_drop: 0.5]
[xgboost_dart_mode: 0]
[uniform_drop: 0]
[drop_seed: 4]
[top_rate: 0.2]
[other_rate: 0.1]
[min_data_per_group: 100]
[max_cat_threshold: 32]
[cat_l2: 10]
[cat_smooth: 10]
[max_cat_to_onehot: 4]
[top_k: 20]
[monotone_constraints: ]
[monotone_constraints_method: basic]
[monotone_penalty: 0]
[feature_contri: ]
[forcedsplits_filename: ]
[refit_decay_rate: 0.9]
[cegb_tradeoff: 1]
[cegb_penalty_split: 0]
[cegb_penalty_feature_lazy: ]
[cegb_penalty_feature_coupled: ]
[path_smooth: 0]
[interaction_constraints: ]
[verbosity: 1]
[saved_feature_importance_type: 0]
[use_quantized_grad: 0]
[num_grad_quant_bins: 4]
[quant_train_renew_leaf: 0]
[stochastic_rounding: 1]
[linear_tree: 0]
[max_bin: 255]
[max_bin_by_feature: ]
[min_data_in_bin: 3]
[bin_construct_sample_cnt: 200000]
[data_random_seed: 1]
[is_enable_sparse: 1]
[enable_bundle: 1]
[use_missing: 1]
[zero_as_missing: 0]
[feature_pre_filter: 1]
[pre_partition: 0]
[two_round: 0]
[header: 0]
[label_column: ]
[weight_column: ]
[group_column: ]
[ignore_column: ]
[categorical_feature: ]
[forcedbins_filename: ]
[precise_float_parser: 0]
[parser_config_file: ]
[objective_seed: 5]
[num_class: 4]
[is_unbalance: 0]
[scale_pos_weight: 1]
[sigmoid: 1]
[boost_from_average: 1]
[reg_sqrt: 0]
[alpha: 0.9]
[fair_c: 1]
[poisson_max_delta_step: 0.7]
[tweedie_variance_power: 1.5]
[lambdarank_truncation_level: 30]
[lambdarank_norm: 1]
[label_gain: ]
[lambdarank_position_bias_regularization: 0]
[eval_at: ]
[multi_error_top_k: 1]
[auc_mu_weights: ]
[num_machines: 1]
[local_listen_port: 12400]
[time_out: 120]
[machine_list_filename: ]
[machines: ]
[gpu_platform_id: -1]
[gpu_device_id: -1]
[gpu_device_id_list: ]
[gpu_use_dp: 0]
[num_gpu: 1]

end of parameters

pandas_categorical:[]
