tree
version=v4
num_class=4
num_tree_per_iteration=4
label_index=0
max_feature_idx=13
objective=multiclass num_class:4
feature_names=current_active_census arrivals_15m arrivals_30m arrivals_60m arrivals_120m departures_30m departures_60m net_flow_60m high_acuity_ratio mean_time_in_system hour_of_day day_of_week month arrival_rate_trend
feature_infos=[5:72] [0:10] [0:17] [0:25] [0:42] [0:14] [0:22] [-19:21] [0:0.625] [63.697849462365603:801.70185185185187] [0:23] [0:6] [1:12] [0:2]
tree_sizes=3306 3317 3319 3314 3359 3386 3393 3371 3371 3385 3411 3390 3390 3406 3416 3393 3387 3414 3408 3389 3403 3408 3420 3396 3407 3410 3419 3388 3394 3414 3417 3393 3396 3414 3412 3400 3405 3417 3417 3399 3388 3418 3415 3383 3401 3430 3422 3404 3399 3435 3414 3406 3410 3423 3417 3415 3406 3410 3412 3411 3399 3422 3399 3421 3402 3413 3401 3412 3419 3403 3414 3393 3403 3406 3406 3392 3389 3415 3415 3409 3411 3403 3393 3401 3388 3414 3399 3400 3419 3415 3403 3397 3403 3410 3397 3399 3398 3405 3406 3412 3409 3414 3422 3407 3398 3419 3391 3423 3424 3396 3402 3411 3416 3406 3412 3395 3414 3389 3398 3421 3394 3395 3387 3415 3412 3416 3391 3405 3411 3388 3405 3397 3408 3394 3387 3405 3383 3377 3401 3390 3408 3393 3393 3397 3412 3393 3390 3389 3409 3379 3376 3403 3398 3383 3392 3381 3395 3384 3380 3417 3425 3400 3388 3413 3408 3404 3396 3413 3411 3379 3381 3387 3392 3392 3393 3405 3401 3432 3405 3388 3407 3375 3404 3378 3404 3409 3377 3393 3395 3385 3394 3399 3400 3385 3403 3418 3409 3372 3399 3437 3396 3395 3390 3423 3416 3375 3388 3419 3421 3385 3374 3418 3403 3395 3384 3408 3398 3382 3380 3409 3382 3380 3410 3418 3398 3390 3381 3416 3418 3379 3402 3428 3383 3412 3377 3431 3381 3390 3382 3394 3386 3395 3391 3419 3399 3371 3415 3384 3417 3368 3396 3412 3390 3392 3396 3416

Tree=0
num_leaves=31
num_cat=0
split_feature=10 0 10 4 0 10 0 10 0 4 0 10 0 0 0 0 0 0 4 0 3 9 0 10 0 7 10 0 9 0
split_gain=9306.26 813.8 566.698 558.518 180.184 125.04 135.517 85.5888 81.665 38.4477 37.2238 83.5609 31.6895 30.7629 27.075 24.9817 23.7421 21.0075 19.5974 18.0172 13.6453 13.5986 12.6013 36.8297 22.6707 9.97133 8.94566 8.87534 8.41111 8.20967
threshold=7.5000000000000009 23.500000000000004 6.5000000000000009 7.5000000000000009 28.500000000000004 22.500000000000004 26.500000000000004 6.5000000000000009 19.500000000000004 9.5000000000000018 32.500000000000007 20.500000000000004 20.500000000000004 32.500000000000007 15.500000000000002 33.500000000000007 27.500000000000004 25.500000000000004 3.5000000000000004 22.500000000000004 2.5000000000000004 323.47114845938387 34.500000000000007 20.500000000000004 28.500000000000004 1.0000000180025095e-35 5.5000000000000009 24.500000000000004 324.78951612903234 12.500000000000002
decision_type=2 2 2 2 2 2 2 2 2 2 2 2 2 2 2 2 2 2 2 2 2 2 2 2 2 2 2 2 2 2
left_child=1 2 8 5 7 10 -7 17 -1 22 11 14 18 -8 20 -6 -13 25 -4 26 -2 -19 23 -5 -25 -3 -10 28 -27 -20
right_child=3 4 12 9 15 6 13 -9 19 -11 -12 16 -14 -15 -16 -17 -18 21 29 -21 -22 -23 -24 24 -26 27 -28 -29 -30 -31
leaf_value=-1.035236103098804 -1.2593417070961583 -1.1393676507437653 -1.1452115542368808 -1.3731530606457731 -1.2786422512707902 -1.0980618576031613 -1.2395638731534637 -1.3776989026539277 -1.0710145404309763 -1.3950554610151524 -1.3609888744864524 -1.1219628193951761 -1.3046853083672767 -1.3329708057106835 -1.3651285522291714 -1.3643414477266937 -1.2456460887530452 -1.2215728626963356 -1.1518190894024181 -1.1204332973661166 -1.3424936756079178 -1.1713786314381063 -1.3825058241676773 -1.1530580022459562 -1.3058089836174356 -1.1984078119255273 -1.1142806287518303 -1.2367842180604423 -1.0839709844099514 -1.2290533203758116
leaf_weight=732.28461533784866 52.571556866168976 165.41454508900642 41.420014500617981 95.053623020648956 152.13889941573143 58.678353875875473 85.495158135890961 21.50654599070549 366.14230766892433 3460.9608270227909 152.93543815612793 21.50654599070549 39.295911192893982 60.005918443202972 115.49811735749245 43.80963072180748 55.757711827754974 103.01901042461395 15.134236067533491 121.07388854026794 31.596036702394485 113.37401404976845 94.257084280252457 12.744619846343992 40.888988673686981 15.665261894464495 54.961173087358475 22.56859764456749 10.886029452085493 151.87338650226593
leaf_count=2758 198 623 156 358 573 221 322 81 1379 13035 576 81 148 226 435 165 210 388 57 456 119 427 355 48 154 59 207 85 41 572
internal_value=-1.29293 -1.12388 -1.08392 -1.37751 -1.2177 -1.29078 -1.22635 -1.18301 -1.05702 -1.39236 -1.32139 -1.29952 -1.22231 -1.27809 -1.33369 -1.2978 -1.21122 -1.17329 -1.20678 -1.08644 -1.29056 -1.19527 -1.3539 -1.33577 -1.26951 -1.15112 -1.07666 -1.19068 -1.15149 -1.22205
internal_weight=6508.52 2170.57 1522.19 4337.95 648.383 634.045 204.179 452.434 1274.46 3703.91 429.865 276.93 247.724 145.501 199.666 195.949 77.2643 430.927 208.428 542.177 84.1676 216.393 242.944 148.687 53.6336 214.534 421.103 49.1199 26.5513 167.008
internal_count=24513 8175 5733 16338 2442 2388 769 1704 4800 13950 1619 1043 933 548 752 738 291 1623 785 2042 317 815 915 560 202 808 1586 185 100 629
is_linear=0
shrinkage=1


Tree=1
num_leaves=31
num_cat=0
split_feature=4 10 0 10 0 4 0 0 10 0 10 0 0 10 0 0 0 0 0 0 0 0 10 0 0 0 4 10 0 0
split_gain=2299.62 1459.69 1018.93 378.563 268.365 198.678 189.505 186.847 131.748 128.718 266.66 114.034 87.854 75.6725 62.2388 58.8433 46.2239 36.6337 27.0021 26.1332 24.209 21.0493 20.6042 70.7085 46.1148 19.3826 17.3279 16.7338 16.523 14.6552
threshold=13.500000000000002 6.5000000000000009 23.500000000000004 19.500000000000004 46.500000000000007 11.500000000000002 28.500000000000004 28.500000000000004 19.500000000000004 30.500000000000004 19.500000000000004 24.500000000000004 19.500000000000004 10.500000000000002 44.500000000000007 26.500000000000004 44.500000000000007 41.500000000000007 24.500000000000004 33.500000000000007 49.500000000000007 25.500000000000004 7.5000000000000009 21.500000000000004 20.500000000000004 22.500000000000004 3.5000000000000004 21.500000000000004 33.500000000000007 20.500000000000004
decision_type=2 2 2 2 2 2 2 2 2 2 2 2 2 2 2 2 2 2 2 2 2 2 2 2 2 2 2 2 2 2
left_child=1 2 12 7 17 9 21 18 11 13 -11 -7 -1 22 -10 27 -12 -5 29 -9 -6 -4 24 -24 26 -14 -3 -15 -8 -2
right_child=3 5 6 4 20 8 28 19 14 10 16 -13 25 15 -16 -17 -18 -19 -20 -21 -22 -23 23 -25 -26 -27 -28 -29 -30 -31
leaf_value=-1.4880702480874091 -1.197445488975835 -1.3749547737040844 -1.3637129021996146 -1.1688210191488682 -1.386880220882357 -1.2836455975717334 -1.2327524463436341 -1.4624924443589367 -1.1918943255830523 -1.4572835617487052 -1.1895489359209974 -1.4574291691878754 -1.4435054056536134 -1.2588201494084006 -1.3720301280255236 -1.2949638254435176 -1.2966351885834217 -1.2872754606811405 -1.4144926802274924 -1.4971637495229813 -1.4684452880526893 -1.3177380985511429 -1.2310426400690386 -1.3433154249996546 -1.2109764146260236 -1.3964163429156125 -1.2999625282841258 -1.4216005133363199 -1.1596707807782549 -1.3500112770276409
leaf_weight=680.697635024786 7.1574443131685248 38.502114236354828 198.43397337198257 40.476581633090973 52.570194438099861 53.804236561059952 136.73186722397804 243.35310664772987 55.285087108612061 44.178708001971245 412.66368591785431 126.6127218157053 391.43816140294075 6.9106358885765067 29.370202526450157 110.07655736804008 44.672324851155281 73.548910528421402 116.24676798284054 2038.1439702808857 118.22123537957668 199.91482391953468 273.21692602336407 70.587209433317184 54.791470259428024 112.54464161396027 154.25526537001133 73.302102103829384 39.982964783906937 52.323386013507843
leaf_count=2758 29 156 804 164 213 218 554 986 224 179 1672 513 1586 28 119 446 181 298 471 8258 479 810 1107 286 222 456 625 297 162 212
internal_value=-1.40545 -1.34931 -1.41162 -1.47316 -1.36403 -1.27849 -1.30241 -1.48581 -1.35731 -1.26221 -1.22267 -1.4056 -1.46464 -1.28758 -1.25439 -1.34243 -1.20001 -1.24523 -1.38645 -1.49347 -1.44334 -1.34064 -1.26993 -1.25409 -1.29193 -1.43299 -1.31494 -1.40758 -1.21622 -1.33165
internal_weight=6050.01 3307.97 1759.74 2742.04 284.817 1548.23 575.064 2457.22 265.072 1283.16 501.515 180.417 1184.68 781.642 84.6553 190.289 457.336 114.025 175.728 2281.5 170.791 398.349 591.353 343.804 247.549 503.983 192.757 80.2127 176.715 59.4808
internal_count=24513 13403 7130 11110 1154 6273 2330 9956 1074 5199 2032 731 4800 3167 343 771 1853 462 712 9244 692 1614 2396 1393 1003 2042 781 325 716 241
is_linear=0
shrinkage=1


Tree=2
num_leaves=31
num_cat=0
split_feature=4 0 10 10 10 10 0 10 0 0 0 0 10 0 7 0 0 0 10 4 0 2 0 10 7 2 0 10 0 10
split_gain=3243.26 595.995 1077.07 374.894 336.059 202.167 123.677 120.782 119.74 95.4186 71.2823 60.3366 62.0293 56.7596 46.4535 37.6642 35.7098 30.8054 29.8179 22.6016 18.0821 17.7776 16.0281 15.9116 14.2815 13.2747 13.2477 28.607 25.1892 25.0898
threshold=10.500000000000002 43.500000000000007 18.500000000000004 7.5000000000000009 19.500000000000004 7.5000000000000009 35.500000000000007 21.500000000000004 47.500000000000007 21.500000000000004 39.500000000000007 18.500000000000004 19.500000000000004 57.500000000000007 5.5000000000000009 21.500000000000004 53.500000000000007 43.500000000000007 19.500000000000004 19.500000000000004 38.500000000000007 5.5000000000000009 38.500000000000007 18.500000000000004 -2.4999999999999996 6.5000000000000009 46.500000000000007 19.500000000000004 52.500000000000007 19.500000000000004
decision_type=2 2 2 2 2 2 2 2 2 2 2 2 2 2 2 2 2 2 2 2 2 2 2 2 2 2 2 2 2 2
left_child=5 3 8 -2 6 -1 9 11 19 25 -9 -7 15 26 21 -13 -10 -14 -15 -3 -6 -8 -16 -23 -20 -5 29 28 -28 -4
right_child=1 2 13 4 20 7 14 10 16 -11 -12 12 17 18 22 -17 -18 -19 24 -21 -22 23 -24 -25 -26 -27 27 -29 -30 -31
leaf_value=-1.5119737108400855 -1.5045741827677559 -1.3725336771003249 -1.2177568068004025 -1.3933413394419638 -1.4809866613883982 -1.4612108704682834 -1.2818383675701652 -1.5064649936820949 -1.4543166397699274 -1.237002984507523 -1.4004016895544225 -1.3965536183863085 -1.47199376331586 -1.4222563077706043 -1.3106991235744645 -1.2966747918469497 -1.5014407508904239 -1.3398405920991703 -1.152040017162177 -1.4225647608144645 -1.409195749379605 -1.3331026803015504 -1.3715671908962292 -1.2038470723172094 -1.3199714090141437 -1.2582444802299939 -1.2379967055595409 -1.2125696887463731 -1.3306981706012235 -1.3156061062470095
leaf_weight=1914.7971484065056 88.974829092621803 156.8702220916748 41.423543021082878 47.796395793557167 56.375236064195633 181.38119429349899 407.12724827229977 401.24461494386196 430.65778158605099 631.64775364100933 75.248684659600258 72.797587439417839 84.317744374275208 31.374044418334961 67.160063832998276 78.435111045837402 256.62987895309925 22.304984703660011 6.6179624944925335 212.75523871183395 92.896584644913673 127.21194572746754 121.57442212104797 10.294608324766157 21.569655537605286 8.5788402706384641 70.836709663271904 168.14526930451393 50.002383291721344 71.326929107308388
leaf_count=7812 363 640 169 195 230 740 1661 1637 1757 2577 307 297 344 128 274 320 1047 91 27 868 379 519 496 42 88 35 289 686 204 291
internal_value=-1.41564 -1.3463 -1.39158 -1.30488 -1.29357 -1.49349 -1.27858 -1.45485 -1.44723 -1.24813 -1.48972 -1.41702 -1.38594 -1.26409 -1.30715 -1.34475 -1.47191 -1.44435 -1.35519 -1.40133 -1.43631 -1.29234 -1.34991 -1.32343 -1.28054 -1.37278 -1.25058 -1.23924 -1.27636 -1.27966
internal_weight=6008.37 3177.85 1518.21 1659.64 1570.66 2830.53 1421.39 915.73 1056.91 688.023 476.493 439.237 257.855 461.296 733.368 151.233 687.288 106.623 59.5617 369.625 149.272 544.634 188.734 137.507 28.1876 56.3752 401.735 288.984 120.839 112.75
internal_count=24513 12965 6194 6771 6408 11548 5799 3736 4312 2807 1944 1792 1052 1882 2992 617 2804 435 243 1508 609 2222 770 561 115 230 1639 1179 493 460
is_linear=0
shrinkage=1


Tree=3
num_leaves=31
num_cat=0
split_feature=4 0 10 0 4 10 0 10 0 0 10 0 0 10 2 0 4 0 4 10 0 10 0 0 0 0 7 2 12 0
split_gain=6152.41 1133 1447.09 335.64 322.138 185.337 176.37 110.318 267.367 104.341 78.9872 69.8209 45.5665 45.2193 30.3753 24.8881 22.8738 21.8927 21.7939 21.5886 19.5425 94.5561 19.4102 19.3839 17.5565 16.4811 15.7649 14.4271 10.6867 10.6145
threshold=15.500000000000002 43.500000000000007 18.500000000000004 33.500000000000007 12.500000000000002 18.500000000000004 52.500000000000007 18.500000000000004 41.500000000000007 49.500000000000007 19.500000000000004 30.500000000000004 39.500000000000007 19.500000000000004 5.5000000000000009 28.500000000000004 10.500000000000002 59.500000000000007 23.500000000000004 13.500000000000002 37.500000000000007 18.500000000000004 53.500000000000007 46.500000000000007 57.500000000000007 47.500000000000007 5.5000000000000009 4.5000000000000009 4.5000000000000009 41.500000000000007
decision_type=2 2 2 2 2 2 2 2 2 2 2 2 2 2 2 2 2 2 2 2 2 2 2 2 2 2 2 2 2 2
left_child=4 3 9 15 16 12 13 8 11 18 24 -6 19 27 26 -2 -1 -12 25 -5 -18 29 -11 -10 -8 -3 -14 -4 -29 -22
right_child=1 2 6 5 7 -7 10 -9 23 22 17 -13 14 -15 -16 -17 20 -19 -20 -21 21 -23 -24 -25 -26 -27 -28 28 -30 -31
leaf_value=-1.534558471699272 -1.5189404811168603 -1.2470691777821481 -1.4814288629541399 -1.3481768043400728 -1.5142005103167291 -1.5196164436155273 -1.3100255259344591 -1.5193279110895868 -1.2976978829936605 -1.1749487929161142 -1.453494899729203 -1.4132940514339769 -1.3503418968326137 -1.5269957756011401 -1.2725893472109764 -1.4585310504299951 -1.5237555103671194 -1.3195783303270665 -1.1842608833739601 -1.4059266287248862 -1.382287868839829 -1.5330943443470202 -1.135086478358879 -1.1988287919034091 -1.213086020868392 -1.2006201554058649 -1.2732191325394124 -1.4477243103845452 -1.3603249745692287 -1.2641404563059968
leaf_weight=2788.4144438505173 106.00224635004997 248.22393906116486 36.702372312545776 253.53612452745438 138.11682212352753 61.331595838069916 47.809669196605682 144.63632246851921 54.570632517337799 240.73858681321144 49.741373002529144 136.18511831760406 146.56802627444267 112.03882074356079 127.97537714242935 191.23867678642273 197.27525117993355 16.178019374608994 124.83635845780373 86.926671266555786 14.970704495906832 70.748651891946793 247.98247608542442 31.148723870515823 30.665797919034958 110.34857991337776 32.356038749217987 26.078001379966736 30.182871967554092 15.453630447387694
leaf_count=11548 439 1028 152 1050 572 254 198 599 226 997 206 564 607 464 530 792 817 67 517 360 62 293 1027 129 127 457 134 108 125 64
internal_value=-1.43756 -1.31091 -1.25004 -1.39088 -1.51963 -1.35347 -1.42459 -1.44556 -1.41593 -1.18731 -1.33993 -1.4641 -1.33773 -1.48421 -1.30979 -1.48007 -1.53174 -1.42063 -1.22025 -1.36292 -1.50543 -1.4697 -1.15472 -1.26177 -1.27214 -1.23277 -1.3364 -1.43265 -1.40084 -1.32228
internal_weight=5918.98 2327.46 1321.53 1005.93 3591.52 708.694 349.397 504.658 360.021 972.13 144.395 274.302 647.362 205.002 306.899 297.241 3086.86 65.9194 483.409 340.463 298.448 101.173 488.721 85.7194 78.4755 358.573 178.924 92.9632 56.2609 30.4243
internal_count=24513 9639 5473 4166 14874 2935 1447 2090 1491 4026 598 1136 2681 849 1271 1231 12784 273 2002 1410 1236 419 2024 355 325 1485 741 385 233 126
is_linear=0
shrinkage=1


Tree=4
num_leaves=31
num_cat=0
split_feature=10 4 0 10 0 0 10 10 0 0 4 0 0 0 0 4 3 0 0 10 0 9 4 0 4 12 8 10 3 5
split_gain=7157.15 510.73 504.724 342.286 129.165 102.776 161.295 65.3043 62.068 45.3773 36.8219 24.3725 23.1415 21.0412 13.598 13.1252 12.4302 12.1005 11.6463 32.239 16.7772 10.1 8.89424 8.23808 7.89097 7.6684 8.31026 7.23051 6.49543 6.30699
threshold=7.5000000000000009 7.5000000000000009 23.500000000000004 6.5000000000000009 28.500000000000004 32.500000000000007 20.500000000000004 6.5000000000000009 26.500000000000004 19.500000000000004 9.5000000000000018 15.500000000000002 20.500000000000004 33.500000000000007 25.500000000000004 3.5000000000000004 1.5000000000000002 21.500000000000004 34.500000000000007 20.500000000000004 28.500000000000004 323.47114845938387 9.5000000000000018 30.500000000000004 4.5000000000000009 11.500000000000002 0.15954545454545457 1.0000000180025095e-35 5.5000000000000009 5.5000000000000009
decision_type=2 2 2 2 2 2 2 2 2 2 2 2 2 2 2 2 2 2 2 2 2 2 2 2 2 2 2 2 2 2
left_child=2 5 3 9 7 6 11 14 -8 -1 18 16 15 -6 25 -5 -2 -11 19 -3 -21 28 -19 29 -25 26 -4 -28 -16 -10
right_child=1 10 4 12 13 -7 8 -9 23 17 -12 -13 -14 -15 21 -17 -18 22 -20 20 -22 -23 -24 24 -26 -27 27 -29 -30 -31
leaf_value=0.20113152429053979 0.057077576942106772 -0.076077422306921633 0.15937004372105501 0.1217143516685157 0.013276127052719675 -0.055933245212937771 0.15694014049937366 -0.081498537209423835 0.079546328372894562 0.17787597949111372 -0.098179583742423471 -0.068011564765221896 -0.010165484989736242 -0.066892014672310582 0.074466067066432731 0.061098118862345369 -0.024224283206107602 0.15569325937313544 -0.085504436590208149 0.11710188641861691 -0.01091356920793576 0.1029919793825044 0.096882414457603913 0.06901595723361019 -0.0097904988919629826 0.20542148398733759 0.14587244437081104 0.09605103971493896 0.016477295248139588 0.016891054583783965
leaf_weight=835.71577739715576 28.595421701669693 90.28177484869957 33.867661207914352 44.952950119972229 152.98442807793617 204.26583082973957 81.157681286334991 20.605673998594284 76.104952126741409 334.82584667205811 3226.1374112069607 110.19791281223297 38.890200704336166 41.65297032892704 82.37989267706871 173.94650772213936 54.926586806774139 241.36157205700874 88.945682913064957 13.716708958148955 40.3609818816185 120.84329351782799 28.781982511281967 19.629643440246582 36.023052990436554 9.5183324813842756 36.008469820022583 152.48792120814323 25.232561975717545 20.365098267793655
leaf_count=2758 107 358 118 156 573 802 276 81 277 1125 13035 435 148 165 297 629 210 819 355 48 154 427 98 73 134 33 125 532 91 74
internal_value=-0.000154628 -0.0803113 0.137962 0.167042 0.0648533 0.0024054 0.0303131 0.0926696 0.0863203 0.186032 -0.0954052 -0.0371316 0.0609174 -0.00388009 0.100466 0.0735462 0.00361103 0.165173 -0.0570407 -0.039503 0.0215573 0.0831503 0.149427 0.0486445 0.0180059 0.117525 0.113763 0.105568 0.0608691 0.0663196
internal_weight=6464.76 4090.71 2374.06 1698.47 675.581 631.266 427 480.944 233.28 1440.69 3459.44 193.72 257.79 194.637 460.338 218.899 83.522 604.969 233.305 144.359 54.0777 228.456 270.144 152.123 55.6527 231.882 222.364 188.496 107.612 96.4701
internal_count=24513 16338 8175 5733 2442 2388 1586 1704 834 4800 13950 752 933 738 1623 785 317 2042 915 560 202 815 917 558 207 808 775 657 388 351
is_linear=0
shrinkage=0.1


Tree=5
num_leaves=31
num_cat=0
split_feature=4 10 10 10 0 10 0 0 0 0 0 0 0 10 0 10 10 0 0 0 0 0 0 0 0 0 0 0 9 8
split_gain=1900.07 859.798 228.177 569.114 820.625 169.653 164.269 121.889 113.36 113.042 91.2858 81.0478 81.0211 70.1657 40.8769 25.6389 24.9529 23.8549 20.6112 19.644 18.6308 18.4461 17.6876 17.3613 17.1147 16.5968 15.4491 14.0174 12.2699 12.0797
threshold=15.500000000000002 19.500000000000004 10.500000000000002 6.5000000000000009 23.500000000000004 19.500000000000004 28.500000000000004 28.500000000000004 45.500000000000007 46.500000000000007 31.500000000000004 19.500000000000004 23.500000000000004 7.5000000000000009 26.500000000000004 7.5000000000000009 18.500000000000004 21.500000000000004 24.500000000000004 31.500000000000004 26.500000000000004 15.500000000000002 43.500000000000007 21.500000000000004 52.500000000000007 40.500000000000007 25.500000000000004 51.500000000000007 323.47114845938387 0.3626692456479691
decision_type=2 2 2 2 2 2 2 2 2 2 2 2 2 2 2 2 2 2 2 2 2 2 2 2 2 2 2 2 2 2
left_child=1 2 3 4 11 10 20 26 19 22 18 -1 15 -14 -4 21 -16 -17 -2 -8 -3 -5 -7 -13 -11 -21 -6 -10 -28 -23
right_child=5 6 14 12 7 9 8 -9 27 24 -12 23 13 -15 16 17 -18 -19 -20 25 -22 29 -24 -25 -26 -27 28 -29 -30 -31
leaf_value=-0.078458219742289365 0.05938630180398239 -0.0091074396295551547 0.074131603615334066 0.049693846609626328 0.03799712509561861 0.1620269209433999 0.12281395906316253 0.1524526316186321 0.060698637475103616 -0.0089365593887309608 -0.088806941649366533 -0.041476895397799945 0.18445852824455811 -0.00031334634479812104 -0.076456347619913489 0.13948598903615603 0.0042342625343351568 0.073197991070326776 -0.03182501019576893 0.18059375191623059 0.071477668580867848 0.11602983931452451 0.06362947461514662 -0.0036839119060944388 -0.07845358427689722 0.14245571902918336 0.10168534759950931 -0.040668093129533567 0.053532023116386551 0.020522817712969099
leaf_weight=635.20348244905472 28.63516366481781 73.67034824192524 22.219529435038567 83.720435410737991 203.64271426200867 36.516004115343094 106.81735369563103 201.41211411356926 70.936175465583801 79.143116489052773 1819.6978960931301 268.12500768899918 24.726577639579773 121.73078192770481 293.00236696004868 337.04858952760696 44.091493099927902 64.7115598320961 183.75915057957172 396.89640548825264 46.987920373678207 147.88554105162621 36.557688653469086 222.35224385559559 64.097384065389633 160.14691060781479 101.41727070510387 16.890184238553047 110.64861863851547 14.545481473207472
leaf_count=2758 112 303 87 323 807 132 395 729 277 326 7894 1125 89 491 1246 1229 185 252 764 1409 178 555 138 917 273 581 388 68 427 55
internal_value=0.000149416 0.0435524 0.0173402 0.0279026 -0.00407247 -0.0726037 0.130586 0.0886043 0.147972 0.0115886 -0.0815659 -0.0548797 0.0980542 0.0308819 -0.0572426 0.113238 -0.0659021 0.128809 -0.0195278 0.162097 0.0222748 0.0878241 0.1128 -0.0243439 -0.0400441 0.169629 0.0576696 0.0412045 0.0765606 0.107477
internal_weight=6017.24 3768.83 2896.48 2537.17 1742.8 2248.41 872.345 617.121 751.687 216.314 2032.09 1125.68 794.369 146.457 359.313 647.912 337.094 401.76 212.394 663.861 120.658 246.151 73.0737 490.477 143.241 557.043 415.709 87.8264 212.066 162.431
internal_count=24513 14874 11663 10145 7151 9639 3211 2351 2730 869 8770 4800 2994 580 1518 2414 1431 1481 876 2385 481 933 270 2042 599 1990 1622 345 815 610
is_linear=0
shrinkage=0.1


Tree=6
num_leaves=31
num_cat=0
split_feature=4 0 10 10 10 10 10 0 0 0 0 0 10 0 7 0 0 4 0 0 0 2 0 9 4 0 11 0 0 0
split_gain=2647.49 411.633 783.115 277.156 230.841 190.772 105.964 104.216 77.6787 65.8427 59.6142 49.4908 47.2856 40.2746 30.8158 26.7677 25.0652 23.0273 19.0195 16.0592 13.7409 12.6802 11.6953 13.0986 11.4935 11.0289 10.9206 10.8928 10.4055 15.3137
threshold=10.500000000000002 43.500000000000007 18.500000000000004 7.5000000000000009 19.500000000000004 7.5000000000000009 21.500000000000004 49.500000000000007 35.500000000000007 39.500000000000007 21.500000000000004 18.500000000000004 19.500000000000004 61.500000000000007 5.5000000000000009 39.500000000000007 21.500000000000004 23.500000000000004 53.500000000000007 38.500000000000007 47.500000000000007 8.5000000000000018 45.500000000000007 280.60027777777782 17.500000000000004 38.500000000000007 5.5000000000000009 54.500000000000007 33.500000000000007 24.500000000000004
decision_type=2 2 2 2 2 2 2 2 2 2 2 2 2 2 2 2 2 2 2 2 2 2 2 2 2 2 2 2 2 2
left_child=5 3 7 -2 8 -1 11 17 10 -8 -5 -7 16 21 24 -14 -13 20 -9 -6 -3 -4 -11 -24 -10 -16 28 -23 29 -12
right_child=1 2 13 4 19 6 9 18 14 22 26 12 15 -15 25 -17 -18 -19 -20 -21 -22 27 23 -25 -26 -27 -28 -29 -30 -31
leaf_value=-0.092979977165813049 -0.085488909945402203 0.024931793984223648 0.13307499345481136 0.037836984547221793 -0.061938441657213621 -0.042308242259709639 -0.08741240374716723 -0.042450658225912985 0.11670041508573488 -0.0023108727022128068 0.10418635262358145 0.017865154350510094 -0.071290196734965047 -0.0070814882918707597 0.087591371241495644 0.030785470533572137 0.097647552366473461 -0.035730578395314808 -0.081865730185738783 0.0066694152525460255 -0.015563960553685774 0.106428196005797 0.22388460734564264 0.014781995580713492 0.088742632246675043 0.038469729250050155 0.1739189229105273 -0.046316046440487722 0.11212744109993218 0.15268883590707794
leaf_weight=1775.6150346398354 83.322842806577682 295.70562794804573 463.69978637993336 57.870546475052834 53.967391207814217 175.47814925014973 375.05174048244953 250.87340596318245 280.96901455521584 63.115434974431992 77.536355316638947 73.340043231844902 57.976591780781746 22.536833524703979 71.985949397087097 46.131550416350365 85.037014573812485 123.71335791051388 239.11347511410713 92.756943106651306 116.92170119285583 13.258892804384233 5.2489388734102231 6.9788481295108795 308.49097469449043 125.20802766084671 100.61974641680717 7.206464707851409 121.11491373181343 405.70505636930466
leaf_count=7812 363 1195 1715 230 230 740 1637 1061 1055 258 286 297 247 90 274 188 320 517 1047 379 492 49 21 28 1167 496 368 28 445 1478
internal_value=0.000166527 0.0598528 0.021873 0.0925712 0.101318 -0.0740516 -0.0362185 -0.0283463 0.11267 -0.0702754 0.135407 -0.00119477 0.0262906 0.123593 0.0906213 -0.0260593 0.0607025 0.00211126 -0.0616852 -0.0185656 0.013457 0.129675 0.0150308 0.104542 0.102069 0.0564017 0.143416 0.0526424 0.138338 0.144907
internal_weight=5976.55 3312.58 1533.03 1779.55 1696.22 2663.97 888.358 1026.33 1549.5 450.395 762.847 437.963 262.485 506.702 786.654 104.108 158.377 536.341 489.987 146.724 412.627 484.165 75.3432 12.2278 589.46 197.194 704.976 20.4654 604.356 483.241
internal_count=24513 12965 6194 6771 6408 11548 3736 4312 5799 1944 2807 1792 1052 1882 2992 435 617 2204 2108 609 1687 1792 307 49 2222 770 2577 77 2209 1764
is_linear=0
shrinkage=0.1


Tree=7
num_leaves=31
num_cat=0
split_feature=4 0 10 0 0 4 0 10 10 0 10 10 0 4 0 3 0 0 0 4 3 0 0 0 12 4 7 13 10 11
split_gain=4866.04 824.459 1038.15 219.775 164.395 149.208 124.866 105.866 58.9649 178.609 53.1209 44.954 27.491 26.8557 24.408 23.402 20.5978 16.7753 16.0388 14.0521 12.2076 11.0021 10.6316 10.2248 9.54394 8.55021 8.19449 8.47826 9.12629 8.17293
threshold=14.500000000000002 41.500000000000007 18.500000000000004 33.500000000000007 52.500000000000007 11.500000000000002 47.500000000000007 18.500000000000004 18.500000000000004 38.500000000000007 19.500000000000004 19.500000000000004 28.500000000000004 19.500000000000004 31.500000000000004 8.5000000000000018 44.500000000000007 53.500000000000007 59.500000000000007 22.500000000000004 11.500000000000002 36.500000000000007 42.500000000000007 43.500000000000007 4.5000000000000009 17.500000000000004 4.5000000000000009 1.297058823529412 12.500000000000002 5.5000000000000009
decision_type=2 2 2 2 2 2 2 2 2 2 2 2 2 2 2 2 2 2 2 2 2 2 2 2 2 2 2 2 2 2
left_child=5 3 6 12 11 -1 13 15 9 14 19 20 -2 22 -7 -5 -11 -8 -12 -6 -4 -17 -3 26 -24 -23 27 28 -15 -26
right_child=1 2 4 7 10 8 17 -9 -10 16 18 -13 -14 23 -16 21 -18 -19 -20 -21 -22 25 24 -25 29 -27 -28 -29 -30 -31
leaf_value=-0.092812365972670896 -0.076376326975429343 0.076440699684185973 -0.022821804483038905 0.041024690014251713 0.091769319086156778 -0.077595608249098502 0.19567029147422166 -0.087284582184517304 -0.087922157383882399 0.07287120526702201 -0.012546963193782752 -0.086606772912509747 -0.018352836470665667 0.17516337991108 -0.0046867927912498508 0.060022879098644857 0.17007048089480778 0.22585313335780707 0.098159905726303759 0.17173274509767986 0.049464573452391414 0.056114824797223288 0.10594533596557112 0.17493688283516651 0.16350390427148634 0.10474673760843645 0.16419846860932133 0.19232186301751253 0.060574088894200684 0.08328745552718661
leaf_weight=2735.3202120661736 132.86546078324318 45.93592631816864 83.928856462240219 173.23869915306568 43.08021704852581 156.63922081887722 476.5162006020546 45.428797006607056 126.51491241157055 60.359534814953804 51.724125191569328 141.58552640676498 211.85458639264107 9.0290433168411237 64.958748310804367 118.30267372727394 34.129640430212021 300.11486431956291 17.518817126750946 44.861993402242661 32.373893573880196 43.27352038025856 86.705390691757202 239.23544415831566 84.057460010051727 219.68026784062386 53.374381005764008 9.4831704497337324 30.189508080482483 14.962221801280974
leaf_count=12204 584 177 352 688 163 686 1693 199 558 237 218 625 892 35 268 468 125 1041 68 166 133 170 324 868 313 849 200 36 117 56
internal_value=-0.000151973 0.0983111 0.138672 0.0229143 0.000366363 -0.0840962 0.181208 0.0594772 -0.0302292 -0.00713742 0.080977 -0.0487665 -0.0407168 0.145795 -0.0562233 0.0715011 0.10798 0.207334 0.0154624 0.132561 -0.00270026 0.0853492 0.119516 0.163631 0.13017 0.0967435 0.137134 0.107472 0.0869553 0.151383
internal_weight=5887.24 2709.32 1764.68 944.644 415.073 3177.92 1349.6 599.924 442.602 316.087 157.185 257.888 344.72 572.973 221.598 554.495 94.4892 776.631 69.2429 87.9422 116.303 381.256 231.661 341.312 185.725 262.954 102.076 48.7017 39.2186 99.0197
internal_count=24513 10435 6585 3850 1725 14078 4860 2374 1874 1316 615 1110 1476 2126 954 2175 362 2734 286 329 485 1487 870 1256 693 1019 388 188 152 369
is_linear=0
shrinkage=0.1


Tree=8
num_leaves=31
num_cat=0
split_feature=10 4 0 10 0 0 10 10 0 4 0 0 0 0 3 0 10 0 4 0 2 8 0 12 7 0 0 2 9 9
split_gain=5661.16 470.342 345.051 233.815 94.1637 84.5286 125.4 50.1943 42.5169 35.6879 31.8194 22.0059 18.518 17.9817 11 10.7588 28.4054 12.5733 9.86913 9.29933 8.4664 8.56093 8.14853 6.7631 6.41318 6.3964 6.22145 6.77111 6.21895 7.28982
threshold=7.5000000000000009 7.5000000000000009 23.500000000000004 6.5000000000000009 28.500000000000004 32.500000000000007 20.500000000000004 6.5000000000000009 26.500000000000004 9.5000000000000018 19.500000000000004 15.500000000000002 33.500000000000007 20.500000000000004 2.5000000000000004 34.500000000000007 20.500000000000004 31.500000000000004 3.5000000000000004 25.500000000000004 1.5000000000000002 0.33072916666666669 22.500000000000004 4.5000000000000009 1.0000000180025095e-35 36.500000000000007 24.500000000000004 1.5000000000000002 330.00902217741941 287.21704857030949
decision_type=2 2 2 2 2 2 2 2 2 2 2 2 2 2 2 2 2 2 2 2 2 2 2 2 2 2 2 2 2 2
left_child=2 5 3 10 7 6 11 19 -8 15 -1 14 28 18 -2 16 -3 -18 -5 24 21 23 -12 -21 -4 -7 -26 -28 29 -6
right_child=1 9 4 13 12 25 8 -9 -10 -11 22 -13 -14 -15 -16 -17 17 -19 -20 20 -22 -23 -24 -25 26 -27 27 -29 -30 -31
leaf_value=0.16693739242202493 0.03225391357014136 -0.072353897625997421 0.10844120294666809 0.10453716232456123 -0.015101283561701977 -0.032476447920009255 0.13139461659631718 -0.07768460539635258 0.043911071184267396 -0.094885319768920021 0.14376306739188147 -0.064088907348450644 -0.063261157666257714 -0.0097773820201562806 -0.043585485833948917 -0.081839204815723224 0.065579196729408817 -0.030855160853807479 0.053194884305602146 0.11020118316984923 0.053798254553577042 0.16711601453331931 0.11662068157219208 0.058180072187968272 0.10022901036080967 -0.068726370879782769 -0.045792711108117064 0.067296506815783072 -0.0062431840381341214 0.054126770059430486
leaf_weight=894.24103125929832 52.907436043024063 85.736937701702118 189.5060712993145 47.299830585718155 21.401366770267487 91.644061908125877 86.517231971025467 19.486321195960045 155.22212105989456 2994.3683770745993 503.88593706488609 105.02505947649479 39.855621755123138 38.790810912847519 29.952152699232101 83.709046587347984 28.671015858650208 25.585437595844269 179.59370666742325 45.524832189083099 123.58365193009377 13.25772902369499 141.71480149030685 55.407532125711441 30.19304558634758 103.82165621221066 7.6233770549297359 17.3300861120224 79.00354129076004 52.585250943899155
leaf_count=2758 198 358 623 156 80 374 276 81 558 13035 1586 435 165 148 119 355 102 100 629 155 426 45 456 189 100 428 26 59 296 197
internal_value=-0.000391171 -0.0765887 0.116731 0.139775 0.0568443 0.00278738 0.0275914 0.0796643 0.075221 -0.092007 0.154723 -0.0336906 -0.00254849 0.0531412 0.00483942 -0.0534786 -0.0365205 0.0201041 0.0638981 0.08602 0.0719367 0.0915673 0.137805 0.0816438 0.0997073 -0.0517306 0.069694 0.0327473 0.0132678 0.0341019
internal_weight=6343.45 3843.16 2500.28 1805.53 694.758 625.09 429.624 501.913 241.739 3218.07 1539.84 187.885 192.846 265.684 82.8596 223.702 139.993 54.2565 226.894 482.426 237.774 114.19 645.601 100.932 244.653 195.466 55.1465 24.9535 152.99 73.9866
internal_count=24513 16338 8175 5733 2442 2388 1586 1704 834 13950 4800 752 738 933 317 915 560 202 785 1623 815 389 2042 344 808 802 185 85 573 277
is_linear=0
shrinkage=0.1


Tree=9
num_leaves=31
num_cat=0
split_feature=4 10 10 10 0 10 0 0 0 0 0 0 0 10 0 10 0 0 0 0 3 10 0 9 0 0 0 0 7 13
split_gain=1586.9 615.298 192.162 416.688 654.742 151.684 110.499 109.803 88.5887 86.9059 75.9763 57.8537 43.1168 36.1851 35.7041 23.5687 18.1926 15.8316 14.5658 13.5373 13.319 19.9992 15.5627 12.8148 12.7236 12.6702 17.385 11.5943 10.2329 10.0686
threshold=15.500000000000002 19.500000000000004 10.500000000000002 6.5000000000000009 22.500000000000004 19.500000000000004 28.500000000000004 27.500000000000004 47.500000000000007 31.500000000000004 47.500000000000007 24.500000000000004 19.500000000000004 7.5000000000000009 27.500000000000004 18.500000000000004 26.500000000000004 43.500000000000007 24.500000000000004 24.500000000000004 7.5000000000000009 7.5000000000000009 15.500000000000002 184.86830357142858 29.500000000000004 42.500000000000007 32.500000000000007 52.500000000000007 1.0000000180025095e-35 1.1791443850267382
decision_type=2 2 2 2 2 2 2 2 2 2 2 2 2 2 2 2 2 2 2 2 2 2 2 2 2 2 2 2 2 2
left_child=1 2 3 4 12 9 18 19 17 16 25 20 -1 -13 -4 -16 -2 -7 -3 -6 21 22 -5 -22 -9 26 -8 -10 -21 -20
right_child=5 6 14 11 7 8 10 24 27 -11 -12 13 -14 -15 15 -17 -18 -19 29 28 23 -23 -24 -25 -26 -27 -28 -29 -30 -31
leaf_value=-0.074499699320077745 0.029759044159255971 -0.033168092828587452 0.051778975262638173 0.043193909953759796 0.019799101189964394 0.13326226584173137 0.10825924457572161 0.090678952610986824 -0.014767741341741815 -0.08568428399817013 0.0061099036745653444 0.15164641719923477 -0.030789692428926482 -0.011507306766061515 -0.074875218338726388 0.0038786407263499017 -0.035817308932600551 0.048801102262702241 0.016878888958196239 0.041739369866562563 0.10192508234138631 0.11425343317660014 0.094730451653017758 0.031017355428023131 0.1342819471375323 0.10252322363921117 0.1465858747535059 -0.075348262689212644 0.087696916087028676 0.087906589800747545
leaf_weight=589.82744193077087 59.059351995587349 35.554262802004814 29.182775378227234 86.326327323913574 224.35347290337086 39.600424587726593 158.42249104380608 112.12034121155739 65.899291098117828 1691.499747723341 52.06114736199379 16.072273075580597 365.53392837941647 88.145566284656525 271.1162114739418 44.195241302251816 149.13526923954487 50.485874474048615 54.400072693824768 189.4609400331974 43.455788612365723 358.756566375494 182.39595973491669 61.639664679765701 166.01698702573776 129.43388894200325 467.90952837467194 60.684410884976387 65.095453947782516 31.522716641426086
leaf_count=2758 235 149 113 323 897 132 542 398 274 7894 204 53 1586 362 1220 185 641 190 210 715 156 1234 643 223 555 455 1529 273 242 122
internal_value=0.00033323 0.0387923 0.0160574 0.0255306 -0.0027318 -0.0691392 0.109585 0.0667312 0.0101323 -0.0781805 0.122957 0.0833666 -0.0577757 0.0136539 -0.0540427 -0.0638368 -0.017215 0.0859288 0.0206623 0.0377078 0.0932841 0.0988024 0.0781745 0.0603369 0.116705 0.131006 0.136892 -0.0438101 0.0534917 0.042937
internal_weight=5939.36 3823 2893.69 2549.2 1712.41 2116.36 929.304 757.047 216.67 1899.69 807.827 836.792 955.361 104.218 344.494 315.311 208.195 90.0863 121.477 478.91 732.574 627.479 268.722 105.095 278.137 755.766 626.332 126.584 254.556 85.9228
internal_count=24513 14874 11663 10145 7151 9639 3211 2807 869 8770 2730 2994 4344 415 1518 1405 876 322 481 1854 2579 2200 966 379 953 2526 2071 547 957 332
is_linear=0
shrinkage=0.1


Tree=10
num_leaves=31
num_cat=0
split_feature=4 0 10 10 10 10 0 10 0 0 0 0 10 0 0 0 7 0 4 4 0 3 1 0 10 2 0 10 10 0
split_gain=2181.33 291.112 542.733 217.943 180.664 169.371 126.466 92.6756 60.5585 40.2445 37.6408 39.4208 36.0302 31.2345 27.3454 23.0424 19.1661 17.4148 17.369 10.7673 10.569 10.0803 9.85508 9.06494 8.52302 8.35441 10.4861 20.3609 17.3019 14.9792
threshold=10.500000000000002 42.500000000000007 18.500000000000004 7.5000000000000009 7.5000000000000009 19.500000000000004 47.500000000000007 21.500000000000004 39.500000000000007 18.500000000000004 35.500000000000007 22.500000000000004 19.500000000000004 53.500000000000007 61.500000000000007 39.500000000000007 5.5000000000000009 20.500000000000004 19.500000000000004 5.5000000000000009 38.500000000000007 6.5000000000000009 1.0000000180025095e-35 15.500000000000002 14.500000000000002 8.5000000000000018 46.500000000000007 19.500000000000004 19.500000000000004 53.500000000000007
decision_type=2 2 2 2 2 2 2 2 2 2 2 2 2 2 2 2 2 2 2 2 2 2 2 2 2 2 2 2 2 2
left_child=4 3 6 -2 -1 10 18 9 -9 22 11 -5 17 24 25 -14 -12 -11 -3 -10 -7 -22 -6 -24 -8 26 27 -4 29 -28
right_child=1 2 14 5 7 20 13 8 19 12 16 -13 15 -15 -16 -17 -18 -19 -20 -21 21 -23 23 -25 -26 -27 28 -29 -30 -31
leaf_value=-0.090067373663275746 -0.082332413984453984 0.041318014969366455 0.13244408388701029 0.048351419722772758 -0.067033685218771955 -0.05852183044201742 -0.053692250914496954 -0.084289619314536518 -0.056447011912087799 0.0057120501400118647 0.090857029394794495 0.12013820614796276 -0.067635362377304664 -0.078177271241950314 -0.0067208249593516583 0.027890036263336634 0.053230754476908851 0.074992479378072505 0.0030080977578850697 0.034587545408065787 -0.023969690746980132 0.057741735256863963 -0.05232675262076824 0.0090852803163779944 -0.021892527711152587 0.045037898560530441 0.11578750117390001 0.059764145898504012 0.13536977916847845 0.049832335445999694
leaf_weight=1638.7149271667004 77.775247037410736 216.08944028615952 62.002577513456345 85.401878193020821 72.44767552614212 51.530986711382866 120.32096789777279 349.02307870984077 16.675566181540489 54.103553593158722 525.69800353050232 733.51439154148102 54.758999988436699 221.66883608698845 22.468486174941063 46.861553445458412 182.33409950137138 110.15139010548592 261.63594637811184 58.827329352498055 49.552993014454842 21.713120728731155 43.399841025471687 53.870340406894684 281.41251507401466 21.72803145647049 91.969195902347565 101.8817642480135 220.82279780507088 55.04311528801918
leaf_count=7812 363 834 209 322 318 230 527 1637 69 218 1867 2485 247 1047 90 188 686 399 1065 238 204 89 190 232 1230 79 314 376 744 204
internal_value=0.000366001 0.0524432 0.0227649 0.0812543 -0.0705871 0.0889664 -0.0183768 -0.0334729 -0.0667229 -0.00106771 0.0980528 0.112652 0.0232172 -0.0480438 0.101426 -0.0235845 0.0811674 0.0521724 0.0203368 0.0144817 -0.024021 0.000925873 -0.0391119 -0.0183154 -0.0314167 0.105817 0.1083 0.0872612 0.117674 0.0910931
internal_weight=5903.4 3404.56 1677.04 1727.52 2498.83 1649.75 1101.13 860.119 424.526 435.593 1526.95 818.916 265.875 623.402 575.916 101.621 708.032 164.255 477.725 75.5029 122.797 71.2661 169.718 97.2702 401.733 553.447 531.719 163.884 367.835 147.012
internal_count=24513 12965 6719 6246 11548 5883 4703 3736 1944 1792 5360 2807 1052 2804 2016 435 2553 617 1899 307 523 293 740 422 1757 1926 1847 585 1262 518
is_linear=0
shrinkage=0.1


Tree=11
num_leaves=31
num_cat=0
split_feature=4 0 10 0 0 10 0 4 10 10 0 10 0 4 10 4 0 9 0 3 11 4 0 4 1 11 0 12 1 4
split_gain=3958.51 664.582 781.117 181.938 143.16 106.233 81.9337 48.3971 42.1998 42.0916 30.9011 95.0019 27.4891 23.5648 20.5075 16.8138 14.2238 12.6317 11.2221 10.8778 10.1985 9.42181 9.32501 8.17436 7.82207 7.69306 7.12193 7.0425 6.89738 13.4712
threshold=13.500000000000002 41.500000000000007 18.500000000000004 33.500000000000007 52.500000000000007 18.500000000000004 47.500000000000007 10.500000000000002 19.500000000000004 19.500000000000004 31.500000000000004 18.500000000000004 28.500000000000004 17.500000000000004 9.5000000000000018 19.500000000000004 63.500000000000007 203.89068040780145 53.500000000000007 11.500000000000002 4.5000000000000009 22.500000000000004 38.500000000000007 21.500000000000004 3.5000000000000004 5.5000000000000009 45.500000000000007 8.5000000000000018 1.0000000180025095e-35 12.500000000000002
decision_type=2 2 2 2 2 2 2 2 2 2 2 2 2 2 2 2 2 2 2 2 2 2 2 2 2 2 2 2 2 2
left_child=7 3 6 12 9 13 15 -1 21 19 -9 14 -2 -5 -12 20 23 -16 -8 26 27 -6 25 -10 -24 -15 -4 -3 -19 -30
right_child=1 2 4 5 8 -7 18 10 16 -11 11 -13 -14 22 17 -17 -18 28 -20 -21 -22 -23 24 -25 -26 -27 -28 -29 29 -31
leaf_value=-0.091257661836224288 -0.07224096821387227 0.10356071367465183 -0.061865962058137318 0.030656767950601772 0.080764796760063207 -0.086603784340228057 0.15954219951499771 -0.084347849950653378 -0.035479466971351153 -0.084665184947381608 -0.095446154144406312 -0.087557577610574255 -0.017521128772264589 0.066553914241424331 -0.0002413844060649129 0.13529372148513075 0.17428142722763718 0.023296760474032452 0.18300919568642759 0.043292201788359311 0.070978871364518553 0.14411564214135197 0.075185812173721611 0.03476116334075921 0.11901204098981122 0.015371028443019489 -0.0025549515058929948 0.14695146637998507 0.15590538140827415 0.050829178329501859
leaf_weight=2389.946158349514 152.49272444844246 150.03520882129669 31.412265747785568 199.6088795363903 45.470356538891792 54.614648431539536 532.21857294440269 183.87124942243099 33.569563493132591 147.55004748702049 9.5987707823514921 123.79868191480637 230.6891126036644 191.39972802996635 26.181519150733948 370.21241840720177 4.988735318183898 15.181543797254561 330.21366775035858 33.482252910733223 74.265819430351257 48.534666627645493 131.85861310362816 32.71448241174221 58.922337532043457 34.688570275902748 56.950395345687866 49.827773094177246 23.117241427302361 25.838296800851822
leaf_count=11548 712 530 135 776 165 255 1728 867 141 698 43 591 991 723 107 1256 18 60 1043 134 263 166 484 133 212 132 242 173 89 98
internal_value=-0.000286274 0.0795944 0.114303 0.0156784 -0.00379382 0.0470687 0.148371 -0.0858259 0.0694746 -0.0487451 -0.0539762 -0.0290139 -0.0392977 0.058911 0.0435223 0.121393 0.0114435 0.0582915 0.168527 -0.00524712 0.102621 0.113473 0.0724399 -0.000812213 0.0887215 0.058701 -0.0236396 0.114378 0.0821853 0.100447
internal_weight=5793.25 2995.72 1941.45 1054.27 434.673 671.093 1506.77 2797.53 165.278 269.395 407.587 223.716 383.182 616.478 99.9174 644.341 71.2728 90.3186 862.432 121.845 274.129 94.005 416.869 66.284 190.781 226.088 88.3627 199.863 64.1371 48.9555
internal_count=24513 11110 6825 4285 1832 2582 4993 13403 623 1209 1855 988 1703 2327 397 2222 292 354 2771 511 966 331 1551 274 696 855 377 703 247 187
is_linear=0
shrinkage=0.1


Tree=12
num_leaves=31
num_cat=0
split_feature=10 4 0 10 0 10 0 10 0 0 0 0 0 4 3 0 10 0 4 0 4 8 0 10 11 13 4 0 4 8
split_gain=4554.64 434.905 253.163 172.54 87.5118 126.321 69.4052 39.6282 37.3871 25.8212 21.2092 16.1745 14.176 14.0522 11.0392 9.71119 9.70226 7.98508 7.64781 6.6908 7.11082 7.07161 6.67003 19.519 6.75678 7.38506 6.4302 6.36986 7.44997 6.19976
threshold=7.5000000000000009 8.5000000000000018 23.500000000000004 6.5000000000000009 32.500000000000007 20.500000000000004 28.500000000000004 6.5000000000000009 27.500000000000004 18.500000000000004 15.500000000000002 33.500000000000007 20.500000000000004 10.500000000000002 1.5000000000000002 21.500000000000004 5.5000000000000009 38.500000000000007 3.5000000000000004 25.500000000000004 9.5000000000000018 0.32037735849056609 36.500000000000007 19.500000000000004 1.5000000000000002 0.84962406015037606 9.5000000000000018 30.500000000000004 4.5000000000000009 0.22016949152542373
decision_type=2 2 2 2 2 2 2 2 2 2 2 2 2 2 2 2 2 2 2 2 2 2 2 2 2 2 2 2 2 2
left_child=2 4 3 9 5 10 7 19 -7 -1 14 -8 18 22 -2 16 -11 -6 -5 -4 21 29 23 -3 -25 -26 -17 -10 -29 -21
right_child=1 13 6 12 17 8 11 -9 27 15 -12 -13 -14 -15 -16 26 -18 -19 -20 20 -22 -23 -24 24 25 -27 -28 28 -30 -31
leaf_value=0.1471499070193755 0.051490153946596874 -0.079422619460352714 0.085950472758159577 0.091260192282918207 -0.040508566804315735 0.10861384046040282 0.013218006349234875 -0.074481046023653005 0.050459822375634546 0.13447944876364143 -0.061760610979968447 -0.059646241145859757 -0.0092381316901678414 -0.092743878523750906 -0.023423298785104307 0.1119251235227269 0.097410524953931266 -0.078480159666739421 0.046805565754606593 0.082463839435575226 0.023685728845920379 0.11288345631723291 -0.090221418234122996 -0.068102135510521813 -0.023415990125332818 0.072184173033293761 0.064144083913469138 0.060268744791130473 -0.012413102135174303 0.044553757555170492
leaf_weight=716.14427569508553 29.307427018880844 82.038071423768997 253.74847617745399 48.999193876981735 151.65173611044884 113.89595380425453 153.00399738550186 18.499549373984337 93.118324428796768 489.84267520904541 133.75617399811745 38.039107099175453 38.65333566069603 2673.8374099135399 59.822414398193359 266.56638264656067 82.499683976173401 87.239963844418526 184.10246998071671 80.562334090471268 39.094116777181625 32.668098032474518 66.476151376962662 9.8928702026605588 15.529552370309828 16.84585964679718 31.492743819952011 20.350506901741028 45.935728520154953 92.86443105340004
leaf_count=2152 107 368 808 156 646 356 573 81 324 1481 585 165 148 12602 239 819 250 387 629 267 133 107 303 42 64 70 98 73 172 308
internal_value=-0.000693415 -0.0732655 0.101083 0.120474 -0.00464869 0.0192924 0.0502203 0.0692384 0.0648579 0.133085 -0.0365795 -0.00129019 0.0468496 -0.090873 0.00120953 0.121514 0.129136 -0.0543753 0.0561502 0.0745673 0.0627867 0.0702037 -0.0646527 -0.0509792 0.00422631 0.0263275 0.106877 0.0335939 0.00990092 0.0621642
internal_weight=6166.48 3599.7 2566.78 1858.3 735.078 496.187 708.48 517.437 273.301 1586.55 222.886 191.043 271.755 2864.62 89.1298 870.401 572.342 238.892 233.102 498.937 245.189 206.095 190.783 124.306 42.2683 32.3754 298.059 159.405 66.2862 173.427
internal_count=24513 16338 8175 5733 2889 1856 2442 1704 925 4800 931 738 933 13449 346 2648 1731 1033 785 1623 815 682 847 544 176 134 917 569 245 575
is_linear=0
shrinkage=0.1


Tree=13
num_leaves=31
num_cat=0
split_feature=4 10 10 10 0 10 0 0 0 0 0 0 0 10 0 10 0 10 0 0 10 0 0 4 4 11 4 3 6 0
split_gain=1331.39 449.515 162.028 307.01 525.549 136.682 82.9316 78.7552 77.3051 70.4156 52.4206 42.504 41.1507 37.0041 31.1362 21.6292 18.2734 16.8405 15.3028 14.1032 12.7459 11.8932 11.641 10.6611 10.6035 11.3755 10.4371 10.1002 11.0649 9.51219
threshold=15.500000000000002 19.500000000000004 10.500000000000002 6.5000000000000009 22.500000000000004 19.500000000000004 31.500000000000004 27.500000000000004 27.500000000000004 49.500000000000007 47.500000000000007 23.500000000000004 18.500000000000004 7.5000000000000009 27.500000000000004 18.500000000000004 43.500000000000007 5.5000000000000009 26.500000000000004 30.500000000000004 7.5000000000000009 21.500000000000004 40.500000000000007 18.500000000000004 6.5000000000000009 1.0000000180025095e-35 3.5000000000000004 4.5000000000000009 8.5000000000000018 32.500000000000007
decision_type=2 2 2 2 2 2 2 2 2 2 2 2 2 2 2 2 2 2 2 2 2 2 2 2 2 2 2 2 2 2
left_child=1 2 3 4 12 6 18 -3 24 16 19 20 -1 -13 -4 -16 -7 27 -2 -9 26 -22 -21 -18 -6 -26 -5 -14 -29 -10
right_child=5 7 14 11 8 9 -8 10 29 -11 -12 13 17 -15 15 -17 23 -19 -20 22 21 -23 -24 -25 25 -27 -28 28 -30 -31
leaf_value=-0.076080553128483455 0.02742062529980176 0.0057668752485114071 0.046412527921505055 0.019158024603533629 0.01809554575332183 0.11355782901413852 -0.082855319296497434 0.075185714073809876 0.089269955060677059 -0.055374673844255352 0.0058346582981885844 0.12596733148638553 -0.048216436355378478 -0.00053730811031331763 -0.071766170419753972 0.0040418728415970908 0.068591805489011337 0.013275045576780511 -0.032726533061902083 0.122755183402742 0.099265258771757778 0.05443780311963381 0.095128512293087802 -0.0047437866209584156 -0.010217402195807348 0.055113092657233825 0.073271971419898274 -0.017942381482164968 0.13243447114900317 0.13147472699551019
leaf_weight=425.57461284101009 59.794379130005836 91.819693595170975 29.899686992168427 42.309401750564575 219.96286624670029 41.591970831155777 1567.6814449727535 105.81382459402084 221.33630326390266 94.42274409532547 52.097903192043304 28.546590775251389 333.19300170242786 121.6953696757555 255.59270477294922 44.135720327496529 39.423083275556564 66.91190442442894 144.57929329574108 497.89860984683037 379.69938373565674 70.113613396883011 219.87800770998001 39.871655628085136 30.035375729203224 236.63726800680161 226.1776662170887 66.727213397622108 5.2803428173065177 70.383503049612045
leaf_count=2152 235 374 113 159 847 132 7894 360 733 434 204 89 1550 491 1220 185 149 310 641 1551 1229 252 722 154 114 893 774 308 24 220
internal_value=0.000544057 0.0349179 0.0150717 0.0236172 -0.00138744 -0.065903 -0.0750444 0.0938757 0.058749 0.00933272 0.103114 0.0718692 -0.0535298 0.0234991 -0.0508961 -0.0606033 0.0598747 -0.033202 -0.0151291 0.109268 0.0819864 0.0922779 0.114292 0.0317166 0.0343487 0.0477549 0.0647445 -0.0408769 -0.00691519 0.0994527
internal_weight=5829.09 3841.72 2874.21 2544.58 1676.04 1987.36 1772.06 967.508 778.355 215.309 875.688 868.542 897.687 150.242 329.628 299.728 120.887 472.112 204.374 823.59 718.3 449.813 717.777 79.2947 486.636 266.673 268.487 405.201 72.0076 291.72
internal_count=24513 14874 11663 10145 7151 9639 8770 3211 2807 869 2837 2994 4344 580 1518 1405 435 2192 876 2633 2414 1481 2273 303 1854 1007 933 1882 332 953
is_linear=0
shrinkage=0.1


Tree=14
num_leaves=31
num_cat=0
split_feature=4 0 10 10 10 10 10 0 0 0 0 0 10 0 0 4 10 0 0 0 9 0 10 7 2 7 4 1 0 13
split_gain=1811.74 209.694 439.812 171.849 164.449 120.009 81.2166 79.2795 56.0605 35.0161 33.0109 29.1863 27.66 20.9709 19.9579 17.4991 17.0177 16.9605 12.547 12.5217 11.2409 11.4326 10.8269 10.3321 9.64668 9.29962 9.18164 8.98563 7.88693 7.88075
threshold=10.500000000000002 43.500000000000007 18.500000000000004 7.5000000000000009 7.5000000000000009 19.500000000000004 21.500000000000004 49.500000000000007 39.500000000000007 35.500000000000007 18.500000000000004 21.500000000000004 19.500000000000004 61.500000000000007 39.500000000000007 23.500000000000004 12.500000000000002 53.500000000000007 38.500000000000007 20.500000000000004 159.91745267072346 40.500000000000007 17.500000000000004 -2.4999999999999996 6.5000000000000009 1.5000000000000002 5.5000000000000009 1.0000000180025095e-35 15.500000000000002 0.41428571428571431
decision_type=2 2 2 2 2 2 2 2 2 2 2 2 2 2 2 2 2 2 2 2 2 2 2 2 2 2 2 2 2 2
left_child=3 4 7 -1 -2 9 10 15 -8 11 27 24 19 -4 -14 29 -11 -9 -7 -12 -18 -22 23 -23 -6 -20 -10 -5 -29 -3
right_child=1 2 13 6 5 18 8 17 26 16 12 -13 14 -15 -16 -17 20 -19 25 -21 21 22 -24 -25 -26 -27 -28 28 -30 -31
leaf_value=-0.087522710528193312 -0.079407396623421445 0.073715111562491303 0.092931987853674722 -0.063694459794906275 0.011471519036135441 -0.055158360069927109 -0.081465226705408178 -0.035148840566269803 -0.05303687476830965 0.047091432459904853 0.0057660181143284212 0.10084754919396061 -0.06413427409523112 -0.0059511873639503552 0.025720851396080213 -0.030153670385931437 0.043225524079387755 -0.074643775627761075 -0.0020283855574984217 0.064139368754436155 0.098290194283449289 0.098634220200005451 0.099479726066291685 0.040875879416729842 0.12024920347215491 0.11436042447457791 0.032262297550157894 -0.048991642922077541 0.0089534539028836273 0.010458735418652741
leaf_weight=1506.9211876988411 72.40374581515789 20.740908682346344 541.97403368353844 68.770538032054901 50.930762350559235 49.146837875247002 324.17802654206753 232.19452968239784 16.012742549180984 282.15094214677811 54.082051038742065 798.52107706665993 51.660633683204651 22.330928280949593 47.398299396038055 117.19133029878139 83.906501471996307 204.48956014215946 84.78943920135498 114.65332892537117 242.59895643591881 40.225475490093231 75.483933955430984 134.62418165802956 9.7063687443733198 7.4698374569416037 59.544219881296158 41.622779220342636 53.917601078748703 390.61850601434708
leaf_count=7812 363 84 1792 318 195 230 1637 1061 69 1006 218 2577 247 90 188 517 298 1047 349 399 819 139 254 476 35 30 238 190 232 1603
internal_value=0.000609887 0.0465492 0.0188875 -0.0673829 0.0684491 0.0742061 -0.0308985 -0.0221135 -0.0633857 0.081494 -0.000845128 0.0957685 0.0208053 0.0890189 -0.0211399 0.00393632 0.0672167 -0.0536435 -0.0143458 0.0454299 0.0770607 0.0828201 0.0678279 0.0541636 0.0288839 0.00739512 0.0141849 -0.036131 -0.0162907 0.0136481
internal_weight=5800.26 3461.5 1529.54 2338.76 1931.96 1859.55 831.84 965.235 399.735 1718.15 432.105 859.158 267.794 564.305 99.0589 528.551 858.99 436.684 141.406 168.735 576.839 492.933 250.334 174.85 60.6371 92.2593 75.557 164.311 95.5404 411.359
internal_count=24513 12965 6194 11548 6771 6408 3736 4312 1944 5799 1792 2807 1052 1882 435 2204 2992 2108 609 617 1986 1688 869 615 230 379 307 740 422 1687
is_linear=0
shrinkage=0.1


Tree=15
num_leaves=31
num_cat=0
split_feature=4 0 10 0 0 10 0 4 10 10 0 10 0 3 10 0 0 0 9 2 0 0 4 8 7 10 0 10 11 7
split_gain=3273.94 487.988 561.072 146.849 116.682 83.6465 60.1352 47.2975 38.6578 30.9947 28.658 82.1443 22.2603 18.1063 16.8719 13.9492 11.8204 10.5615 9.67414 9.37102 9.27222 8.43156 8.30233 7.69245 7.61352 7.44793 6.96871 10.1363 8.18674 6.57394
threshold=13.500000000000002 41.500000000000007 18.500000000000004 31.500000000000004 52.500000000000007 18.500000000000004 47.500000000000007 10.500000000000002 19.500000000000004 19.500000000000004 31.500000000000004 18.500000000000004 33.500000000000007 8.5000000000000018 9.5000000000000018 43.500000000000007 28.500000000000004 59.500000000000007 203.89068040780145 3.5000000000000004 52.500000000000007 47.500000000000007 25.500000000000004 0.20156250000000003 5.5000000000000009 17.500000000000004 39.500000000000007 14.500000000000002 5.5000000000000009 -2.4999999999999996
decision_type=2 2 2 2 2 2 2 2 2 2 2 2 2 2 2 2 2 2 2 2 2 2 2 2 2 2 2 2 2 2
left_child=7 3 6 16 8 12 15 -1 19 24 -9 14 -5 -14 -12 22 -2 23 -16 -4 -8 -21 29 -11 -6 -17 27 28 -15 -3
right_child=1 2 4 5 9 -7 20 10 -10 17 11 -13 13 26 18 25 -18 -19 -20 21 -22 -23 -24 -25 -26 -27 -28 -29 -30 -31
leaf_value=-0.088948429410634772 -0.069059756770983832 0.035433543763421442 -0.054190606850976569 0.00094797502450867134 0.08453589555600298 -0.084624058783728653 0.13338687782985681 -0.081655715246782626 -0.081941042299511338 -0.080804738711167945 -0.09307131739286803 -0.08501353082867677 0.028115968694092455 0.071070291526460161 -0.00057212386915802313 0.11828663363774046 -0.026985618371518874 0.074373964243998295 0.071084997407118045 -0.017981976127085901 0.15370304373368956 0.042559074497950954 0.15656402884517023 0.0091309459493332003 0.15732865057353876 0.080041905258525642 0.08344302291312887 0.012072539593053554 0.020801891603571057 0.08523394132208631
leaf_weight=2199.7269932031631 143.35729822516441 31.151285886764526 28.774251148104668 99.327323749661446 81.234078332781792 53.426052302122116 489.16628476977348 171.19831426441669 137.10556235909462 12.517021372914312 8.917462691664694 114.6282511651516 213.38933481276035 211.05652835965157 26.222553372383118 396.47387254238129 124.9914128780365 19.149068087339401 66.926012054085732 47.751605436205864 415.43147265911102 44.388178169727325 14.302104353904722 39.593868583440781 17.455981314182281 58.424110949039459 127.01430854201317 45.592753231525421 38.273344427347183 177.79284843802452
leaf_count=11548 712 109 127 428 274 266 1510 867 698 54 43 591 809 766 107 1272 552 68 247 203 1261 181 47 170 57 189 440 170 142 605
internal_value=-0.000430245 0.0694592 0.0983715 0.0144301 -0.00321426 0.0361861 0.12584 -0.0832712 -0.0455912 0.0611227 -0.0510755 -0.0269157 0.0449718 0.0518545 0.0383328 0.103327 -0.0494625 0.0108657 0.0509126 -0.00437371 0.142717 0.0111836 0.0828546 -0.0124716 0.0974112 0.113375 0.06386 0.0554262 0.0633538 0.0778092
internal_weight=5654.76 3067.14 2010.71 1056.43 427.97 788.08 1582.74 2587.62 258.02 169.95 387.893 216.694 734.654 635.326 102.066 678.144 268.349 71.26 93.1486 120.914 904.598 92.1398 223.246 52.1109 98.6901 454.898 421.937 294.923 249.33 208.944
internal_count=24513 11110 6825 4285 1832 3021 4993 13403 1209 623 1855 988 2755 2327 397 2222 1264 292 354 511 2771 384 761 224 331 1461 1518 1078 908 714
is_linear=0
shrinkage=0.1


Tree=16
num_leaves=31
num_cat=0
split_feature=10 4 0 10 0 10 0 10 0 0 0 4 0 2 0 0 8 0 8 11 0 0 10 0 4 11 12 8 11 9
split_gain=3708.37 406.903 195.106 134.932 73.1426 101.165 53.0277 33.2637 26.9447 23.3318 19.0684 14.1272 12.2146 10.104 9.93498 8.61497 8.11062 7.78267 6.73891 8.79816 7.14026 6.5198 18.1224 5.86426 6.29217 5.73584 5.61725 5.87759 5.61171 5.72109
threshold=7.5000000000000009 8.5000000000000018 23.500000000000004 6.5000000000000009 32.500000000000007 20.500000000000004 29.500000000000004 6.5000000000000009 26.500000000000004 19.500000000000004 15.500000000000002 10.500000000000002 15.500000000000002 1.5000000000000002 33.500000000000007 27.500000000000004 0.15319426336375488 38.500000000000007 0.3626692456479691 5.5000000000000009 16.500000000000004 36.500000000000007 20.500000000000004 30.500000000000004 4.5000000000000009 1.5000000000000002 7.5000000000000009 0.19189852700490997 1.0000000180025095e-35 323.47114845938387
decision_type=2 2 2 2 2 2 2 2 2 2 2 2 2 2 2 2 2 2 2 2 2 2 2 2 2 2 2 2 2 2
left_child=2 4 3 9 5 10 7 15 -7 -1 13 21 16 -2 -8 28 -5 -6 19 -14 -21 22 -3 -10 -25 -24 27 -27 -4 -30
right_child=1 11 6 12 17 8 14 -9 23 -11 -12 -13 18 -15 -16 -17 -18 -19 -20 20 -22 -23 25 24 -26 26 -28 -29 29 -31
leaf_value=0.12761160179403691 0.029932391186500547 -0.075589328678861228 0.098422554849675131 0.11669277809273876 -0.036665649634531304 0.10060566481241545 0.0052166963394525961 -0.073120497923320968 0.048800351619088529 0.10313455109001098 -0.058174870713364385 -0.090388727743019662 0.0091271646536906781 -0.039070607521003609 -0.0556580540187986 0.038199402590983166 0.052272873038309055 -0.075209849354087296 0.086737691233548145 -0.026353349662983545 0.10045851921026266 -0.087757361196568712 -0.06340754298432498 0.05712307875442655 -0.009570642690216449 0.075241103375706997 0.089015930996123996 -0.037906872577894629 0.051949275220173188 0.076292865018330491
leaf_weight=914.635248452425 52.997856467962265 78.911037981510162 55.988468647003174 26.644895136356354 145.72191429138184 96.603205054998398 104.72619473934174 18.696044310927391 114.95545476675034 678.18792423605919 127.0975603312254 2463.135702803731 134.14773565530777 35.391461327672005 36.034520179033279 115.82188981771469 73.335707783699036 81.786975607275963 16.404934734106064 5.6837817132473019 20.292191356420517 61.943761929869652 8.9980853796005231 20.610912889242172 45.098065257072449 6.7303990274667802 9.9951253682374936 14.442762017250059 186.52791517972946 200.11163452267647
leaf_count=2758 199 376 176 86 646 292 393 86 388 2042 585 12602 466 147 165 399 237 387 55 19 70 303 40 73 172 27 41 60 596 627
internal_value=-0.00103592 -0.0702565 0.0889779 0.105996 -0.00362372 0.0180295 0.0446654 0.0580873 0.0579744 0.11719 -0.0333677 -0.0884072 0.0415132 0.0023033 -0.0103671 0.06248 0.0694408 -0.0505219 0.0256958 0.019442 0.0727109 -0.0614445 -0.0477566 0.0351791 0.0113492 0.00692374 0.0272279 -0.00194006 0.0688334 0.0645487
internal_weight=5951.66 3364.42 2587.24 1869.33 720.263 492.755 717.907 577.146 277.268 1592.82 215.487 2644.16 276.509 88.3893 140.761 558.45 99.9806 227.509 176.529 160.124 25.976 181.021 119.077 180.664 65.709 40.1664 31.1683 21.1732 442.628 386.64
internal_count=24513 16338 8175 5733 2889 1856 2442 1884 925 4800 931 13449 933 346 558 1798 323 1033 610 555 89 847 544 633 245 168 128 87 1399 1223
is_linear=0
shrinkage=0.1


Tree=17
num_leaves=31
num_cat=0
split_feature=4 10 10 10 0 10 0 0 0 0 0 0 0 0 10 10 0 0 0 7 12 8 0 10 8 9 9 1 4 10
split_gain=1122.29 333.509 136.791 226.769 421.668 122.767 79.3697 58.1112 57.2823 55.4547 39.6814 38.8445 32.5128 27.1866 20.1066 19.1083 16.0785 13.2869 13.0164 11.4857 10.2727 10.286 9.79871 26.7084 9.34291 10.6305 11.1896 8.74002 8.7183 8.65274
threshold=15.500000000000002 19.500000000000004 10.500000000000002 6.5000000000000009 22.500000000000004 19.500000000000004 31.500000000000004 49.500000000000007 26.500000000000004 27.500000000000004 19.500000000000004 45.500000000000007 24.500000000000004 26.500000000000004 7.5000000000000009 18.500000000000004 31.500000000000004 43.500000000000007 26.500000000000004 -3.4999999999999996 4.5000000000000009 0.22933743169398904 43.500000000000007 18.500000000000004 0.22016949152542373 322.07002314814821 310.06151623321438 5.5000000000000009 18.500000000000004 5.5000000000000009
decision_type=2 2 2 2 2 2 2 2 2 2 2 2 2 2 2 2 2 2 2 2 2 2 2 2 2 2 2 2 2 2
left_child=1 2 3 4 10 6 18 17 -3 24 29 16 27 20 -14 -15 -10 -7 -2 -13 -4 -22 23 -8 -6 26 -26 -5 -19 -1
right_child=5 8 13 12 9 7 22 -9 11 -11 -12 19 14 15 -16 -17 -18 28 -20 -21 21 -23 -24 -25 25 -27 -28 -29 -30 -31
leaf_value=-0.074504432580673324 0.025673095282229476 -0.0047033634728785544 0.12100395949955811 0.070618384781077112 0.016250151557768336 0.098103725582640189 -0.074851777196744226 -0.052375151495375721 0.068379881115979285 0.086085951303971037 -0.022825849844114302 0.053224043389862363 0.10808253988397257 -0.067103569784020295 -0.009516749563462679 0.0044205115010431395 0.10254449376249355 0.06176825261153826 -0.029861368517293235 -0.020083160425676337 0.091941186730562605 -0.091541352180164626 -0.087085991785531225 0.030099498410813486 0.050849321576249454 0.025363370526947787 0.12693234602990264 -0.041497052338811485 -0.0041478053576847109 -0.043907987098061728
leaf_weight=382.14981986582279 60.338659316301346 71.206241875886917 11.775956779718401 779.56697097420692 219.67332430183887 42.88712003827095 566.32933656871319 90.504165843129158 174.71925067901611 300.8588433265686 338.19047389924526 60.488708004355431 17.464868605136871 246.85821697115898 86.779187634587288 44.011768445372581 651.02142977714539 40.560306757688522 140.43658176064491 33.051118820905685 5.5256261527538282 6.8342801332473755 857.99198958277702 25.332428053021431 104.83924250304699 144.75962035357952 23.70024898648262 7.015725076198577 39.710609585046768 121.91769860684872
leaf_count=2094 235 303 42 2555 834 132 3033 434 573 953 1586 221 53 1246 362 185 1990 149 641 124 20 25 4736 125 387 545 88 24 154 664
internal_value=0.000779038 0.0317351 0.0143196 0.0220657 -3.91985e-05 -0.0628639 -0.0720976 0.00846123 0.081704 0.0522534 -0.0493251 0.088397 0.0626636 -0.0478187 0.0101856 -0.0562812 0.0953156 0.0531676 -0.0131717 0.0273219 0.0541663 -0.00951355 -0.0802587 -0.0703582 0.0316055 0.0439479 0.0648776 0.0696184 0.0291591 -0.0671041
internal_weight=5696.5 3832.41 2841.92 2526.92 1636.09 1864.09 1650.43 213.662 990.487 793.831 842.258 919.281 890.827 315.006 104.244 290.87 825.741 123.158 200.775 93.5398 24.1359 12.3599 1449.65 591.662 492.972 273.299 128.539 786.583 80.2709 504.068
internal_count=24513 14874 11663 10145 7151 9639 8770 869 3211 2807 4344 2908 2994 1518 415 1431 2563 435 876 345 87 45 7894 3158 1854 1020 475 2579 303 2758
is_linear=0
shrinkage=0.1


Tree=18
num_leaves=31
num_cat=0
split_feature=4 10 4 10 0 10 10 0 10 10 0 0 3 0 0 0 10 0 10 0 0 0 0 2 0 4 0 2 3 2
split_gain=1511.38 163.919 155.668 115.083 77.1496 104.92 85.7658 83.4242 71.0868 57.0646 98.9083 51.584 27.4717 21.2142 20.9925 19.616 26.2908 18.6448 14.2234 14.125 13.9544 12.1038 11.4604 11.1828 8.81096 8.34112 8.8133 9.20325 8.24202 7.76605
threshold=10.500000000000002 7.5000000000000009 22.500000000000004 7.5000000000000009 39.500000000000007 18.500000000000004 19.500000000000004 47.500000000000007 21.500000000000004 18.500000000000004 43.500000000000007 39.500000000000007 3.5000000000000004 50.500000000000007 54.500000000000007 46.500000000000007 19.500000000000004 21.500000000000004 19.500000000000004 18.500000000000004 43.500000000000007 53.500000000000007 43.500000000000007 5.5000000000000009 33.500000000000007 7.5000000000000009 44.500000000000007 2.5000000000000004 6.5000000000000009 6.5000000000000009
decision_type=2 2 2 2 2 2 2 2 2 2 2 2 2 2 2 2 2 2 2 2 2 2 2 2 2 2 2 2 2 2
left_child=1 -1 3 -2 6 7 17 20 12 10 -4 -10 22 -12 -11 16 -7 29 -16 -14 23 -9 -3 -6 -19 -13 27 -27 -18 -5
right_child=2 8 9 4 5 15 -8 21 11 14 13 25 19 -15 18 -17 28 24 -20 -21 -22 -23 -24 -25 -26 26 -28 -29 -30 -31
leaf_value=-0.085266456823027165 -0.07674718832532465 -0.033174956449104266 0.041782064297010653 0.010672039596849189 0.064147019535528607 0.094404269509677785 -0.042940698994166464 -0.013967696151157333 -0.07880037555159472 0.097940447038350698 -0.019833427918523022 -0.01800932918328017 -0.013842303278781085 -0.067754062851205485 -0.023254764276803258 0.090440740560232033 0.010247752187212208 0.090949534740160293 0.071238357481391124 0.041674204389237059 0.022791217070850252 -0.063034234836263511 0.050082755381686599 0.025177996849730284 0.072854397967414206 -0.030059541657026768 0.12681235875699506 0.092937127861283608 0.056354727947225507 0.10642290075279454
leaf_weight=1381.2604267895222 67.418208733201027 194.29408369958401 205.72136157751083 51.157631486654282 253.89822664856911 97.387310653924942 59.464103996753693 227.19460909068584 300.08164681494236 67.685825809836388 177.96615609526634 39.756047308444977 66.176412254571915 192.09558321535587 36.250753313302994 317.36029307544231 97.213653385639191 627.54898571968079 28.416337788105011 149.05459117889404 272.01109001040459 64.561691746115685 18.070664942264557 103.72276622056961 471.09606873989105 15.837556481361391 10.259113579988478 9.8777518123388273 64.490113705396652 10.151474207639692
leaf_count=7812 363 883 710 195 854 302 284 1056 1637 215 804 166 296 1017 139 1004 369 1953 94 546 1076 359 67 369 1534 64 37 40 233 35
internal_value=0.000862734 -0.0643758 0.0416678 0.0523138 0.0555159 0.0403124 0.0741908 0.0193782 -0.0284595 -0.000196236 -0.0138064 -0.0601886 -0.000572905 -0.0447086 0.0590128 0.0737731 0.053357 0.0801954 0.0182679 0.0246047 0.0398611 -0.0248255 -0.0260903 0.0528446 0.0831904 0.0135605 0.0484489 0.0171859 0.028636 0.0265263
internal_weight=5677.48 2184.67 3492.81 2784.68 2717.26 1497.84 1219.42 921.388 803.408 708.136 575.783 375.812 427.596 370.062 132.353 576.451 259.091 1159.95 64.6671 215.231 629.632 291.756 212.365 357.621 1098.65 75.7305 35.9744 25.7153 161.704 61.3091
internal_count=24513 11548 12965 9986 9623 5622 4001 3714 3736 2979 2531 1944 1792 1821 448 1908 904 3717 233 842 2299 1415 950 1223 3487 307 141 104 602 230
is_linear=0
shrinkage=0.1


Tree=19
num_leaves=31
num_cat=0
split_feature=4 0 10 0 0 10 4 10 0 0 10 10 0 10 4 3 0 2 0 0 8 4 12 4 4 0 7 11 2 0
split_gain=2730.6 368.868 406.221 133.185 92.3214 88.454 46.4401 34.0714 33.5597 26.684 71.7731 24.3459 22.7138 14.0006 12.8024 12.0788 11.1768 9.72075 8.76695 7.88124 7.51493 7.28699 6.50799 6.50441 6.36141 6.28194 6.12643 5.66244 6.06657 4.98911
threshold=13.500000000000002 42.500000000000007 18.500000000000004 31.500000000000004 52.500000000000007 18.500000000000004 10.500000000000002 19.500000000000004 48.500000000000007 31.500000000000004 18.500000000000004 19.500000000000004 36.500000000000007 9.5000000000000018 24.500000000000004 8.5000000000000018 28.500000000000004 4.5000000000000009 57.500000000000007 37.500000000000007 0.21778656126482207 17.500000000000004 3.5000000000000004 23.500000000000004 22.500000000000004 54.500000000000007 -2.4999999999999996 3.5000000000000004 6.5000000000000009 45.500000000000007
decision_type=2 2 2 2 2 2 2 2 2 2 2 2 2 2 2 2 2 2 2 2 2 2 2 2 2 2 2 2 2 2
left_child=6 3 8 16 7 12 -1 17 23 -8 13 24 14 -11 -5 -14 -2 -4 20 -15 -13 -17 -19 29 -6 -10 -20 -24 -29 -3
right_child=1 2 4 5 11 -7 9 -9 25 10 -12 18 15 19 -16 21 -18 22 26 -21 -22 -23 27 -25 -26 -27 -28 28 -30 -31
leaf_value=-0.086924331079837991 -0.066027807861141388 0.082035873518224584 -0.037290016314776485 0.015888451807264711 0.060424195627747229 -0.077042442886830029 -0.079183471602742792 -0.078805971792630408 0.1197677876554778 -0.090884950078129023 -0.082721798434362809 -0.075552192046129701 0.034526476844244071 0.0039207779556339256 0.10489809042783232 0.035478163132713285 -0.024224362905124041 -0.021771840848169629 -0.044578453678427367 0.065220812620731747 0.012709537834165983 0.071752679384597104 0.014753110296332323 0.11470560269997086 0.11047730874946692 0.13814547423943721 0.07334924351594628 0.044987178689085083 0.16624545247687431 0.10107247993390561
leaf_weight=2018.3137044906616 134.74107594788074 275.8791843354702 46.347137108445168 277.58178745210171 48.952166572213173 65.318992078304291 159.22317069768906 119.24313761293888 503.00146540999413 8.2164556086063367 105.96275220811367 15.156370297074316 188.85399085283279 31.17354054749012 17.157865017652512 67.103296160697937 121.74774341285229 22.222885861992836 5.388311147689822 64.100578129291534 26.537033230066299 316.95735108852386 26.109699741005898 155.33614993095398 52.756814211606979 295.13429540395737 24.147527530789375 11.765076965093614 6.3543339967727652 274.80899122357368
leaf_count=11548 712 878 207 1088 165 344 867 653 1515 43 591 68 690 129 64 240 552 93 22 225 115 1065 105 474 166 886 87 48 25 848
internal_value=-0.000577969 0.0613461 0.0885799 0.0176345 -0.000318117 0.0351795 -0.0809629 -0.041537 0.112515 -0.0483272 -0.0248708 0.0549879 0.0436278 0.0343622 0.02107 0.0552328 -0.0461849 -0.00213887 0.0101528 0.0451635 -0.0193753 0.0654148 0.0223774 0.0966334 0.0863869 0.126563 0.0518353 0.0445602 0.0875115 0.0915357
internal_weight=5485.59 3098.6 1909.14 1189.46 404.98 932.973 2386.99 232.042 1504.16 368.676 209.453 172.938 867.654 103.491 294.74 572.915 256.489 112.799 71.2292 95.2741 41.6934 384.061 66.452 706.024 101.709 798.136 29.5358 44.2291 18.1194 550.688
internal_count=24513 11110 6355 4755 1754 3491 13403 1131 4601 1855 988 623 3147 397 1152 1995 1264 478 292 354 183 1305 271 2200 331 2401 109 178 73 1726
is_linear=0
shrinkage=0.1


Tree=20
num_leaves=31
num_cat=0
split_feature=10 4 0 10 0 10 0 0 10 0 0 4 0 3 0 0 0 10 0 13 11 0 13 0 2 9 11 13 3 8
split_gain=3048.47 380.726 155.776 107.348 61.7112 68.5487 40.4409 33.4778 26.925 21.7937 14.3858 14.2621 10.402 9.05034 8.84508 6.44747 6.31196 17.0622 6.19127 7.32487 5.77834 5.76335 7.38729 5.37901 5.25959 5.48618 5.22167 5.92031 5.00598 6.44261
threshold=7.5000000000000009 8.5000000000000018 23.500000000000004 6.5000000000000009 34.500000000000007 21.500000000000004 29.500000000000004 28.500000000000004 6.5000000000000009 19.500000000000004 15.500000000000002 10.500000000000002 20.500000000000004 2.5000000000000004 33.500000000000007 26.500000000000004 36.500000000000007 19.500000000000004 12.500000000000002 1.420168067226891 1.0000000180025095e-35 24.500000000000004 1.1791443850267382 21.500000000000004 2.5000000000000004 376.79206349206356 1.5000000000000002 0.84962406015037606 5.5000000000000009 0.20611577964519137
decision_type=2 2 2 2 2 2 2 2 2 2 2 2 2 2 2 2 2 2 2 2 2 2 2 2 2 2 2 2 2 2
left_child=2 4 3 9 5 10 8 21 15 -1 13 16 18 -2 -8 20 17 -3 -5 -20 -4 -7 -23 -11 -25 -26 -19 -28 -17 -30
right_child=1 11 6 12 -6 7 14 -9 -10 23 -12 -13 -14 -15 -16 28 -18 26 19 -21 -22 22 -24 24 25 -27 27 -29 29 -31
leaf_value=0.11513332116329028 0.028580492289245592 -0.073957053783818102 0.095599720160411947 0.087098231739610871 -0.056744463168642748 0.10693603582555865 0.0059478878578454637 0.013670160537973042 -0.070113208566997973 0.09940086688612311 -0.048521013401606417 -0.088358191763519389 -0.010334511256436973 -0.037419671623077515 -0.052487416711233428 0.047207803670758899 -0.085502046029604928 -0.061277080601842282 0.028908472888656785 0.073048613656859607 0.058283621365432019 0.085724759344845691 0.027755060246720972 0.08913558065695254 0.068193389190802908 -0.017808620826711554 -0.020684067315337326 0.064996729284612642 0.069484211099396107 -0.032150081579049382
leaf_weight=891.81603625416756 53.989127039909363 72.970042377710342 47.678844511508942 30.999371975660324 163.16642026603222 48.985379576683044 104.28312909603119 171.33176888525486 17.661650791764259 372.90177837014198 139.12850722670555 2263.4041828513145 38.920899271965027 33.773777946829796 34.463491156697273 171.88979530334473 57.481133162975311 8.9249169379472715 160.89699766039848 49.058159798383713 320.02017363905907 60.664690166711807 34.475572973489761 227.83761769533157 68.813033878803253 8.3135493099689466 15.090639233589171 17.320838391780853 9.3480832278728503 18.741451561450958
leaf_count=2758 200 368 146 97 791 147 393 654 86 1125 654 12602 148 146 165 566 303 42 528 160 990 189 108 685 207 25 64 70 32 64
internal_value=-0.00139169 -0.0675094 0.0792941 0.0946876 -0.0028241 0.0133979 0.039974 0.0435487 0.0514799 0.10486 -0.0285221 -0.0862499 0.0376335 0.00318166 -0.00856695 0.0552629 -0.0584713 -0.0448783 0.0453816 0.0392223 0.0631223 0.0790674 0.0647185 0.0913451 0.0814947 0.0589231 0.00645362 0.0251041 0.0408119 0.0016734
internal_weight=5714.35 3140.71 2573.64 1849.56 705.515 542.349 724.087 315.457 585.34 1569.68 226.891 2435.19 279.875 87.7629 138.747 567.678 171.788 114.306 240.955 209.955 367.699 144.126 95.1403 677.866 304.964 77.1266 41.3364 32.4115 199.979 28.0895
internal_count=24513 16338 8175 5733 2889 2098 2442 1098 1884 4800 1000 13449 933 346 558 1798 847 544 785 688 1136 444 297 2042 917 232 176 134 662 96
is_linear=0
shrinkage=0.1


Tree=21
num_leaves=31
num_cat=0
split_feature=4 10 10 10 0 10 0 0 0 0 0 0 0 0 10 10 3 9 0 0 0 10 0 3 11 6 0 11 9 0
split_gain=947.775 249.781 116.203 166.445 337.811 110.726 76.3646 47.643 42.6725 40.4721 38.7066 32.4638 24.7748 24.1725 18.5058 14.9563 12.6932 11.6312 11.302 10.1304 9.9245 24.7917 9.7867 9.66819 9.57227 9.28152 8.64287 8.52026 9.63041 8.42074
threshold=15.500000000000002 19.500000000000004 10.500000000000002 6.5000000000000009 22.500000000000004 19.500000000000004 31.500000000000004 49.500000000000007 28.500000000000004 28.500000000000004 18.500000000000004 47.500000000000007 27.500000000000004 27.500000000000004 18.500000000000004 5.5000000000000009 7.5000000000000009 184.86830357142858 24.500000000000004 43.500000000000007 43.500000000000007 18.500000000000004 25.500000000000004 4.5000000000000009 4.5000000000000009 8.5000000000000018 24.500000000000004 5.5000000000000009 152.77033096926718 40.500000000000007
decision_type=2 2 2 2 2 2 2 2 2 2 2 2 2 2 2 2 2 2 2 2 2 2 2 2 2 2 2 2 2 2
left_child=1 2 3 4 10 6 18 19 26 22 -1 -10 16 -4 -15 23 24 -18 -2 -7 21 -8 -6 -12 -5 -25 -3 28 -20 -16
right_child=5 8 13 12 9 7 20 -9 11 -11 15 -13 -14 14 29 -17 17 -19 27 -21 -22 -23 -24 25 -26 -27 -28 -29 -30 -31
leaf_value=-0.069443290552208978 0.044676752679715187 -0.026711917080814176 0.039120412268388582 0.071315908957181748 0.021100542626839094 0.086383393301179029 -0.0722706064085709 -0.049136483058520149 0.084436520102482523 0.081381945538408926 -0.040402134592686517 0.0034891751257523198 -0.024631495156064723 -0.065994538864072888 0.070323958703471023 0.019675905340088062 0.068110269056508577 0.0095507650571225022 0.020212767660419129 0.026600523151634515 -0.085097570959458524 0.028483089408800663 0.047748909832013742 -0.0093893097789228205 0.046259656969835257 0.12759419307751568 0.032882564844741065 -0.077514606880955045 -0.032987036650770039 -0.02442058789466954
leaf_weight=358.41579434275627 30.584055513143539 33.442466035485268 30.706448838114738 507.01552739739418 327.43386887013912 43.559130758047104 528.41490755975246 86.391592159867287 826.38768470287323 239.25305658578873 300.46440537273884 52.704112187027931 37.503906011581421 226.85527431964874 13.602861121296881 63.898800775408745 54.071594253182411 91.001768350601196 55.618923649191856 81.151074394583702 784.30179496109486 25.605586230754852 237.9776303768158 61.635714247822762 218.03748598694801 5.3779083043336859 89.36868143081665 23.319089323282242 87.651190996170044 30.223998934030533
leaf_count=2152 112 149 113 1627 1263 132 3033 434 2526 729 1550 204 157 1220 56 310 184 329 254 303 4736 125 815 308 697 24 332 107 403 129
internal_value=0.00102183 0.0290133 0.0136974 0.0207633 0.0013038 -0.0599643 -0.0693001 0.00794151 0.0718698 0.0469054 -0.0451565 0.0795835 0.0549484 -0.0449634 -0.0545019 -0.0249774 0.0583784 0.031377 -0.0111999 0.0474817 -0.07786 -0.067614 0.0323166 -0.0327419 0.063781 0.00160375 0.0166545 -0.0214582 -0.0123343 0.00498597
internal_weight=5551.98 3805.38 2803.48 2502.09 1594.46 1746.6 1535.5 211.102 1001.9 804.665 789.793 879.092 907.63 301.389 270.682 431.377 870.126 145.073 197.173 124.71 1338.32 554.02 565.411 367.478 725.053 67.0136 122.811 166.589 143.27 43.8269
internal_count=24513 14874 11663 10145 7151 9639 8770 869 3211 2807 4344 2730 2994 1518 1405 2192 2837 513 876 435 7894 3158 2078 1882 2324 332 481 764 657 185
is_linear=0
shrinkage=0.1


Tree=22
num_leaves=31
num_cat=0
split_feature=4 10 4 10 10 0 10 10 0 0 10 0 0 0 0 0 0 10 0 10 0 13 0 0 10 0 13 11 2 9
split_gain=1267.84 156.742 126.202 104.328 47.4544 45.6716 60.2462 44.2874 80.1803 36.2139 32.3038 99.9702 40.0567 26.9063 16.9853 16.6997 15.5718 13.8214 13.1404 11.7284 11.4086 11.3813 10.648 10.5887 14.8634 9.19138 8.51294 8.34072 8.32443 11.1617
threshold=9.5000000000000018 7.5000000000000009 22.500000000000004 7.5000000000000009 21.500000000000004 35.500000000000007 18.500000000000004 18.500000000000004 46.500000000000007 39.500000000000007 18.500000000000004 45.500000000000007 40.500000000000007 21.500000000000004 18.500000000000004 53.500000000000007 54.500000000000007 19.500000000000004 41.500000000000007 20.500000000000004 40.500000000000007 1.1055555555555558 50.500000000000007 46.500000000000007 19.500000000000004 43.500000000000007 0.51315789473684215 4.5000000000000009 4.5000000000000009 175.35273550724642
decision_type=2 2 2 2 2 2 2 2 2 2 2 2 2 2 2 2 2 2 2 2 2 2 2 2 2 2 2 2 2 2
left_child=3 -2 5 -1 14 6 13 8 18 -6 11 20 17 28 -5 -13 -9 -12 -4 -16 -7 -18 26 24 -14 -21 -10 -20 -3 -30
right_child=1 2 7 4 9 10 -8 16 22 -11 12 15 23 -15 19 -17 21 -19 27 25 -22 -23 -24 -25 -26 -27 -28 -29 29 -31
leaf_value=-0.0833521276310802 -0.077359636145937244 -0.01157695836662773 0.045519704318266838 -0.032948810147073543 -0.077010232122722927 0.061663869704144385 -0.061167036350864734 0.085425323831973696 0.11288667287160992 0.0054027797173011385 0.059474021833303838 -0.0020233830029452531 0.083605802124514142 0.07733206466536903 0.030433168977397829 -0.059271619954798363 0.043966528937450879 -0.026708586921443983 0.017809429468482605 -0.043186313692402202 0.038294074586321968 -0.048660539406177268 -0.064191668695903412 0.078725865469707973 0.033494254762105435 0.048032495101543643 -0.02977084376358792 -0.040693318756363367 -0.0064675752092847767 0.09680066646302006
leaf_weight=1205.7981789708138 119.45150506496429 44.345446661114693 156.75698271393776 145.63426314294338 268.56932261586189 415.21374952793121 35.505902141332626 69.278336569666862 4.3700706511735907 66.52685871720314 25.517585515975952 351.73179498314857 92.746833115816116 808.07744646072388 124.10956057906151 59.587056651711464 45.803016513586044 68.727884829044342 89.221359506249428 48.777265846729279 420.39077301323414 18.673251166939735 177.60793520510197 329.5149954855442 163.58764730393887 14.280054330825804 97.728712543845177 33.527344420552254 18.996202632784843 23.308882504701614
leaf_count=7471 704 173 520 697 1586 1342 172 215 21 273 78 1573 282 2476 451 359 163 329 368 244 1496 70 1017 1021 598 52 468 137 70 87
internal_value=0.00113805 0.035311 0.0391019 -0.0657903 -0.0340849 0.0483871 0.0665839 0.000817289 -0.0115465 -0.0606487 0.0396029 0.0300409 0.0571343 0.0716535 -0.00733781 -0.0103168 0.0525086 -0.00337407 0.0263328 0.0125901 0.0499066 0.0171404 -0.0493985 0.0668683 0.0516256 -0.0225288 -0.0236648 0.0018301 0.0186966 0.0504302
internal_weight=5543.37 3669.67 3550.22 1873.7 667.897 2857.25 930.234 692.967 559.212 335.096 1927.02 1246.92 680.095 894.728 332.801 411.319 133.755 94.2455 279.506 187.167 835.605 64.4763 279.707 585.849 256.334 63.0573 102.099 122.749 86.6505 42.3051
internal_count=24513 13739 13035 10774 3303 10056 2978 2979 2531 1859 7078 4770 2308 2806 1444 1932 448 407 1025 747 2838 233 1506 1901 880 296 489 505 330 157
is_linear=0
shrinkage=0.1


Tree=23
num_leaves=31
num_cat=0
split_feature=4 0 10 0 0 0 4 10 10 0 10 10 4 4 10 0 0 10 0 0 0 9 2 0 10 7 11 12 2 9
split_gain=2293.3 285.498 328.774 87.9982 86.3073 51.4432 45.6714 38.4166 32.1182 24.6992 62.6468 18.3749 13.3646 11.9695 11.8013 10.5394 10.0702 10.4175 9.28162 8.18081 7.81366 6.90817 6.83299 6.59282 7.6622 6.52954 6.35687 8.66288 6.00697 5.9011
threshold=13.500000000000002 40.500000000000007 18.500000000000004 31.500000000000004 52.500000000000007 47.500000000000007 10.500000000000002 18.500000000000004 19.500000000000004 31.500000000000004 18.500000000000004 19.500000000000004 22.500000000000004 19.500000000000004 9.5000000000000018 28.500000000000004 33.500000000000007 12.500000000000002 45.500000000000007 53.500000000000007 63.500000000000007 208.14046121593296 5.5000000000000009 42.500000000000007 17.500000000000004 3.5000000000000004 1.0000000180025095e-35 1.5000000000000002 3.5000000000000004 183.48472222222225
decision_type=2 2 2 2 2 2 2 2 2 2 2 2 2 2 2 2 2 2 2 2 2 2 2 2 2 2 2 2 2 2
left_child=6 3 5 15 8 13 -1 12 18 -8 14 -6 16 23 -11 -2 22 26 -4 -7 25 -16 -5 24 -3 -13 -18 -28 -20 -30
right_child=1 2 4 7 11 19 9 -9 -10 10 -12 20 -14 -15 21 -17 17 -19 28 -21 -22 -23 -24 -25 -26 -27 27 -29 29 -31
leaf_value=-0.085149775714645257 -0.063028546914615846 0.052534911738362 -0.044284201343708585 0.013470098890779367 0.076333779119241482 0.10290909495857428 -0.076841661848547613 -0.077002965255276751 -0.077826959831995168 -0.089173603021401246 -0.080610283229250457 -0.017392172097295207 0.0625796892384409 0.086346134436958655 0.0024791813266566345 -0.02153373726568053 0.0035333875139539335 0.01768803902477421 -0.037883746847647337 0.12244615149132565 0.12250695893856887 0.059049557559738036 -0.046289844664966093 0.071198088050521913 -0.02241248233540594 0.056659736576544245 0.11662860864676844 0.047217786425784239 -0.027185414318535724 0.044443635421912236
leaf_weight=1848.2537141591311 126.44000063836575 96.962506145238876 41.983840569853783 60.868723496794701 103.96944802999496 575.52381780743599 147.79135102033615 33.908324062824249 125.14830984175205 7.6118300110101691 97.786646649241447 49.414702028036118 118.33588176965714 462.65733528137207 32.429995626211166 118.65069344639778 27.523469775915146 246.27368000149727 17.808086216449738 341.50589096546173 5.7045463323593131 64.560525834560394 27.904857963323593 245.30494576692581 15.873981744050978 15.687307015061377 20.317168116569519 156.35795599222183 14.998309299349783 49.3316820114851
leaf_count=11548 712 330 197 263 331 1728 867 195 738 43 591 212 407 1425 128 552 97 890 83 1043 18 226 121 765 55 62 71 553 60 202
internal_value=-0.000760674 0.0546641 0.0746437 0.00854603 -0.00430234 0.0939073 -0.078876 0.0267948 -0.0420789 -0.0457628 -0.023068 0.0495757 0.0321472 0.0757214 0.0307249 -0.0429405 0.0254689 0.0315353 -0.00603531 0.110185 0.0102852 0.0401345 -0.00531469 0.0619961 0.0419912 0.000451748 0.0482358 0.0551998 0.0135151 0.0277436
internal_weight=5296.89 3098.46 2161.87 936.581 424.046 1737.83 2198.43 691.49 249.27 350.18 202.389 174.776 657.582 820.799 104.602 245.091 539.246 450.472 124.122 917.03 70.8066 96.9905 88.7736 358.141 112.836 65.102 204.199 176.675 82.1381 64.33
internal_count=24513 11110 7249 3861 1903 5346 13403 2597 1280 1855 988 623 2402 2575 397 1264 1995 1611 542 2771 292 354 384 1150 385 274 721 624 345 262
is_linear=0
shrinkage=0.1


Tree=24
num_leaves=31
num_cat=0
split_feature=10 4 0 10 0 10 0 0 10 0 4 4 0 0 10 0 8 9 13 9 8 8 11 12 0 1 7 0 3 6
split_gain=2521.51 358.045 127.142 87.1656 52.5549 56.3649 30.4385 24.4662 22.376 21.496 14.7137 13.1519 8.58943 7.87178 6.87003 21.4115 6.55525 5.85549 6.28855 5.08794 7.70023 5.56879 5.01311 5.24438 4.99804 4.94779 4.86668 6.56152 4.86486 6.59721
threshold=7.5000000000000009 8.5000000000000018 23.500000000000004 6.5000000000000009 34.500000000000007 21.500000000000004 29.500000000000004 28.500000000000004 6.5000000000000009 19.500000000000004 11.500000000000002 4.5000000000000009 15.500000000000002 33.500000000000007 20.500000000000004 35.500000000000007 0.15319426336375488 184.86830357142858 1.420168067226891 251.58103038936375 0.23420877659574468 0.10889328063241101 1.5000000000000002 6.5000000000000009 20.500000000000004 1.5000000000000002 -1.0000000180025095e-35 15.500000000000002 4.5000000000000009 8.5000000000000018
decision_type=2 2 2 2 2 2 2 2 2 2 2 2 2 2 2 2 2 2 2 2 2 2 2 2 2 2 2 2 2 2
left_child=2 4 3 9 5 11 8 -7 25 -1 14 26 16 -8 -3 22 -5 -14 19 -19 21 -21 -16 -24 -23 -4 27 -2 -11 -30
right_child=1 10 6 12 -6 7 13 -9 -10 28 -12 -13 17 -15 15 -17 -18 18 -20 20 -22 24 23 -25 -26 -27 -28 -29 29 -31
leaf_value=0.10542947507749088 0.051259138063612888 -0.07651523178636456 0.054054984235873939 0.099085082249463552 -0.053343391310915811 0.070185812702917405 0.0069398942680006992 0.014293847895498478 -0.067789805683828391 0.085908651850807205 -0.087152645286738717 -0.042038964139397325 0.11819222854995473 -0.049214199005086293 -0.055344279570814239 -0.075708212064059227 0.042162370080181699 -0.030417799126572321 0.052025886906192115 0.049118374937713469 0.044819455836863142 -0.0081481314924755511 -0.0032729374490308447 0.078262098473574501 -0.091594416587115604 0.031618294784175181 -0.030894998510426222 -0.032171189680910671 0.070525599058039123 -0.019722751456077506
leaf_weight=855.43628779053688 34.388419643044472 129.63523501157761 448.25543573498726 27.665083885192871 154.72580690681934 144.72706961631775 103.68033313751221 170.68555165827274 16.847147509455681 528.82859393954277 2000.0241661071777 153.83873796463013 6.0180032551288596 32.880665719509125 7.8520781695842734 70.197090983390808 75.287817925214767 28.224620908498764 41.088846892118454 12.344022184610365 51.713643997907639 30.601342409849167 17.313257530331615 14.491849690675734 9.3771786987781507 125.88957822322845 19.565921187400818 12.986533030867575 132.34663879871368 8.6279987692832929
leaf_count=2758 126 719 1399 86 791 444 393 654 86 1614 12144 725 20 165 39 411 237 97 138 42 176 101 74 62 36 399 86 63 402 26
internal_value=-0.00175758 -0.0649327 0.0712689 0.0854769 -0.00200145 0.012814 0.0359701 0.0399399 0.0458023 0.0949246 -0.0843478 -0.0259389 0.0344353 -0.00658069 -0.0609239 -0.0425251 0.0574584 0.0212206 0.0178541 0.00723815 0.0174541 -0.00959286 0.0162122 0.0338781 -0.0277209 0.0491354 0.0110611 0.028389 0.0815084 0.0650022
internal_weight=5465.54 2930.43 2535.11 1807.56 690.918 536.192 727.553 315.413 590.992 1525.24 2239.51 220.78 282.321 136.561 239.49 109.854 102.953 179.368 173.35 132.261 104.036 52.3225 39.6572 31.8051 39.9785 574.145 66.9409 47.375 669.803 140.975
internal_count=24513 16338 8175 5733 2889 2098 2442 1098 1884 4800 13449 1000 933 558 1305 586 323 610 590 452 355 179 175 136 137 1798 275 189 2042 428
is_linear=0
shrinkage=0.1


Tree=25
num_leaves=31
num_cat=0
split_feature=4 10 10 10 10 0 0 0 0 0 0 0 0 0 10 10 10 0 10 0 0 7 7 10 1 8 11 5 13 0
split_gain=801.761 186.923 99.4638 99.0687 121.581 273.236 73.4529 39.2002 38.4462 31.119 26.117 25.3312 21.1957 19.7963 18.5913 17.3916 17.0256 10.1203 22.9409 9.95135 9.34527 8.93428 8.5982 8.57537 8.24787 8.2227 8.41282 9.49528 8.6996 7.69625
threshold=15.500000000000002 19.500000000000004 19.500000000000004 10.500000000000002 6.5000000000000009 21.500000000000004 31.500000000000004 49.500000000000007 26.500000000000004 28.500000000000004 17.500000000000004 45.500000000000007 27.500000000000004 23.500000000000004 5.5000000000000009 7.5000000000000009 18.500000000000004 43.500000000000007 18.500000000000004 26.500000000000004 54.500000000000007 1.0000000180025095e-35 -3.4999999999999996 7.5000000000000009 5.5000000000000009 0.26209992193598758 4.5000000000000009 2.5000000000000004 1.4833333333333336 29.500000000000004
decision_type=2 2 2 2 2 2 2 2 2 2 2 2 2 2 2 2 2 2 2 2 2 2 2 2 2 2 2 2 2 2
left_child=1 3 6 4 5 10 19 21 -7 -3 -1 -11 -5 23 -12 -15 -14 18 -8 -2 22 -4 -13 -6 -25 26 27 28 -16 -10
right_child=2 9 7 12 13 8 17 -9 29 11 14 20 16 15 25 -17 -18 -19 -20 -21 -22 -23 -24 24 -26 -27 -28 -29 -30 -31
leaf_value=-0.072615941667686659 0.024187444729109973 0.016333909220615721 0.061759199417296656 0.035717114556402231 0.041402860009364259 0.020211271218760277 -0.069795254970307793 -0.046148737986434499 0.048439093869569988 0.076013759396232422 -0.040877159965847287 0.051848468063439873 -0.063281547390920553 0.084373894159701007 0.074682773479918946 -0.001269749303396107 0.0052259784033486453 -0.08332111803414248 0.026756826096255237 -0.024679871069543932 -0.097871917074170159 0.0056447846991635681 -0.013714116121700841 0.064719562114092882 -0.050993558353195606 -0.033809761400480497 -0.027278146745032025 0.15020236208538232 -0.061635779696299631 0.076664380724907513
leaf_weight=247.83584025502205 60.654476925730705 122.52344776690006 82.572692468762398 31.116855576634407 289.13223400712013 519.38275304436684 492.90345402061939 82.726985454559326 203.53812697529793 787.36702051758766 331.69966097176075 59.156406283378601 213.83845767378807 29.447181582450867 15.082953780889516 121.72101438045502 43.688082411885262 715.12792125344276 25.901785582304001 133.1548029333353 6.1386225521564475 43.226839661598206 30.222312152385712 472.72911348938942 6.2412686347961417 21.251777246594429 12.618053182959555 9.950233265757559 6.7886488437652579 183.8814939558506
leaf_count=1630 235 481 282 113 933 2052 3033 434 661 2385 1900 207 1220 89 80 491 185 4736 125 641 26 153 112 1460 21 116 68 53 36 555
internal_value=0.0012476 0.0266448 -0.0571959 0.013197 0.019672 0.00260164 -0.0666182 0.00731746 0.0379948 0.0635602 -0.0471399 0.0701141 -0.04224 0.0484922 -0.0312515 0.0154134 -0.0516596 -0.0756074 -0.0649748 -0.00938637 0.0214819 0.0424773 0.0296793 0.0550024 0.0632118 0.0173515 0.0418175 0.0692154 0.0323713 0.0618357
internal_weight=5401.62 3765.35 1636.27 2759.94 2471.3 1552.03 1427.74 208.527 906.802 1005.41 645.227 882.884 288.643 919.271 397.391 151.168 257.527 1233.93 518.805 193.809 95.5173 125.8 89.3787 768.103 478.97 65.6917 44.4399 31.8218 21.8716 387.42
internal_count=24513 14874 9639 11663 10145 7151 8770 869 3268 3211 3883 2730 1518 2994 2253 580 1405 7894 3158 876 345 435 319 2414 1481 353 237 169 116 1216
is_linear=0
shrinkage=0.1


Tree=26
num_leaves=31
num_cat=0
split_feature=4 10 10 4 10 0 10 0 0 10 10 0 0 0 0 0 0 0 10 0 7 13 10 3 11 4 10 11 7 10
split_gain=1069.49 131.31 101.456 94.5292 42.2223 35.5713 63.3072 34.6345 32.2587 47.8182 23.6171 73.6648 30.4231 20.8917 18.1679 14.2589 12.3464 10.865 10.7282 10.5407 10.1442 10.0672 9.90448 8.98401 8.53613 8.15145 7.80234 14.9912 10.1402 7.28771
threshold=9.5000000000000018 7.5000000000000009 7.5000000000000009 22.500000000000004 21.500000000000004 43.500000000000007 18.500000000000004 36.500000000000007 35.500000000000007 18.500000000000004 18.500000000000004 46.500000000000007 40.500000000000007 23.500000000000004 50.500000000000007 18.500000000000004 54.500000000000007 54.500000000000007 19.500000000000004 42.500000000000007 -1.0000000180025095e-35 0.43650793650793651 19.500000000000004 2.5000000000000004 5.5000000000000009 19.500000000000004 15.500000000000002 3.5000000000000004 5.5000000000000009 6.5000000000000009
decision_type=2 2 2 2 2 2 2 2 2 2 2 2 2 2 2 2 2 2 2 2 2 2 2 2 2 2 2 2 2 2
left_child=2 -2 29 8 15 -5 14 -6 9 13 11 19 18 -3 26 -4 24 -8 -12 -10 -17 -21 -19 -14 -13 -26 -7 28 -28 -1
right_child=1 3 4 5 7 6 17 -9 10 -11 12 16 23 -15 -16 20 -18 22 -20 21 -22 -23 -24 -25 25 -27 27 -29 -30 -31
leaf_value=-0.084708041325296995 -0.075167548575989535 0.030377620453485462 -0.030384358763685199 0.035657554345796566 -0.081040142971529491 -0.026288269591166091 0.07296328305141736 -0.010496224536528377 0.049968924781292355 -0.05817809401268767 0.05234260317527456 -0.011841435102387422 0.0075158909908064724 0.070034996557724924 -0.06064896280910468 -0.0091036811401223657 -0.062802413119934827 -0.020007234044032103 -0.023654097093126391 0.10136417333843689 0.037792050209022834 0.02265307345842113 0.058647978391161738 0.062179548848925625 0.082241079492931565 -0.0089843518018624408 0.037188566110977157 -0.036193359760320142 0.1881875769347359 -0.060702075137567785
leaf_weight=953.72925481200218 110.66158819198608 161.75479114055634 141.50830274820328 213.30262051522732 210.4180373698473 126.422164529562 67.459295243024826 103.99314936995506 614.86673444509506 33.811623260378838 25.759735256433487 251.78424867987633 31.770227536559105 743.10879343748093 163.91918076574802 104.00992073118687 42.463442131876945 35.376673892140388 66.603135913610458 17.2336345911026 82.884629279375076 284.50364251434803 29.243329495191574 560.42219804227352 20.338033065199852 18.894920706748962 14.563691809773447 21.030553966760635 6.402427375316619 145.79115182161331
leaf_count=6537 704 561 697 719 1350 602 206 509 1971 172 78 1202 111 2245 1017 448 279 139 329 62 299 1071 94 1790 95 90 70 101 31 934
internal_value=0.00141752 0.0321044 -0.0630742 0.0354474 -0.0315145 0.00185256 -0.0136738 -0.0577074 0.0433713 0.0585828 0.0359907 0.0278146 0.0509213 0.0629458 -0.0369493 -0.00643762 -0.0124308 0.0448922 -0.00245884 0.0424567 0.0116938 0.0271486 0.0155876 0.0592469 -0.00508088 0.0383061 -0.0138828 0.0234612 0.0832992 -0.081525
internal_weight=5404.03 3661.7 1742.33 3551.04 642.814 677.72 464.417 314.411 2873.32 938.675 1934.64 1250.08 684.555 904.864 332.338 328.403 333.481 132.079 92.3629 916.604 186.895 301.737 64.62 592.192 291.017 39.233 168.419 41.9967 20.9661 1099.52
internal_count=24513 13739 10774 13035 3303 2979 2260 1859 10056 2978 7078 4770 2308 2806 1821 1444 1666 439 407 3104 747 1133 233 1901 1387 185 804 202 101 7471
is_linear=0
shrinkage=0.1


Tree=27
num_leaves=31
num_cat=0
split_feature=4 0 10 0 4 10 10 0 0 10 0 0 0 0 10 10 4 7 7 12 7 9 0 6 12 12 10 0 8 9
split_gain=1937.04 222.39 247.299 120.623 44.9364 41.3107 40.7558 35.0766 22.8911 55.154 20.8968 19.212 15.521 13.3489 13.125 9.1518 6.93273 6.63126 6.30743 7.63791 7.50144 5.89183 5.56336 5.50051 8.96773 5.4542 5.36937 4.93754 4.87204 4.91049
threshold=13.500000000000002 33.500000000000007 19.500000000000004 45.500000000000007 10.500000000000002 18.500000000000004 18.500000000000004 52.500000000000007 31.500000000000004 19.500000000000004 40.500000000000007 28.500000000000004 54.500000000000007 52.500000000000007 12.500000000000002 9.5000000000000018 19.500000000000004 11.500000000000002 -4.4999999999999991 4.5000000000000009 4.5000000000000009 154.17960588793923 62.500000000000007 9.5000000000000018 5.5000000000000009 3.5000000000000004 14.500000000000002 48.500000000000007 0.12599206349206346 115.78878119429591
decision_type=2 2 2 2 2 2 2 2 2 2 2 2 2 2 2 2 2 2 2 2 2 2 2 2 2 2 2 2 2 2
left_child=4 11 3 5 27 10 13 -4 -6 15 14 -2 -8 26 -3 -10 -12 28 -9 20 -20 23 -21 24 -16 -19 -5 -1 -13 -30
right_child=1 2 7 6 8 -7 12 18 9 -11 16 17 -14 -15 21 -17 -18 25 19 22 -22 -23 -24 -25 -26 -27 -28 -29 29 -31
leaf_value=-0.083911018853493127 -0.060158680709547045 0.048306233393668636 -0.077183209742328771 0.098200844513517141 -0.074674226961004772 -0.043593223621358389 0.020673932082493456 -0.059320664882720503 -0.087658587276826211 -0.08505494062054382 0.049462665880210865 0.053662495942348322 0.079255603597117807 0.10945148279641942 -0.00496642182717596 0.030064922632360287 0.071321600387557221 0.13336472044570796 -0.051974593884861114 0.034452139954107196 0.077440894945859082 0.011090839972594255 0.13992340026621045 0.12380011732506931 0.10096674779809932 -0.0054663761865385123 0.080505513783639696 0.0030990110595598471 0.055947839041830677 -0.021143088665535131
leaf_weight=1682.9631677567959 118.82640087604523 305.02207845449448 134.40967829525471 266.77910429239273 137.33033417165279 51.549084350466728 111.44609843194485 11.103637933731077 7.0323361456394187 80.28330585360527 270.41344174742699 10.053271472454069 76.116154968738556 400.71793562173843 21.800591051578522 108.3123577684164 313.0779060125351 5.6965273171663267 18.347113803029064 29.18944039940834 5.9254304170608512 218.02761670947075 6.0351702272891989 8.475209027528761 12.615836560726164 5.6231989115476608 480.01637983322144 6.547235280275344 8.6460331231355649 186.32815633714199
leaf_count=11510 712 1041 857 807 867 262 440 51 43 530 866 45 236 1261 76 415 960 26 77 123 22 785 19 29 43 26 1452 38 40 854
internal_value=-0.000940091 0.0490368 0.0584389 0.0669789 -0.0769567 0.0439846 0.0876637 -0.0472047 -0.0433795 -0.0214107 0.0479122 -0.0278536 0.0444474 0.0947275 0.0342214 0.0228876 0.0611913 -0.0101104 0.00986833 0.0227807 -0.0203816 0.0177559 0.0525229 0.0516357 0.0338649 0.0643988 0.0868268 -0.0835738 -0.0142242 -0.0177245
internal_weight=5098.71 3076.24 2741.07 2536.06 2022.47 1200.98 1335.08 205.01 332.958 195.628 1149.43 335.174 187.562 1147.51 565.941 115.345 583.491 216.347 70.6008 59.4972 24.2725 260.919 35.2246 42.8916 34.4164 11.3197 746.795 1689.51 205.027 194.974
internal_count=24513 11110 9407 8258 13403 4062 4196 1149 1855 988 3800 1703 676 3520 1974 458 1826 991 292 241 99 933 142 148 119 52 2259 11548 939 894
is_linear=0
shrinkage=0.1


Tree=28
num_leaves=31
num_cat=0
split_feature=10 4 0 10 0 10 0 0 0 10 0 10 0 0 13 0 0 8 8 4 8 13 9 9 1 10 0 0 0 9
split_gain=2091.64 339.032 106.246 74.8848 48.3746 58.9318 26.7848 22.9557 18.4095 17.4353 14.7369 9.90948 8.922 7.48004 6.72031 7.59898 6.70477 6.21135 6.19123 5.64762 5.51442 6.11469 5.74299 7.14328 5.43541 5.32518 19.7354 5.91593 5.31651 5.2937
threshold=7.5000000000000009 9.5000000000000018 22.500000000000004 6.5000000000000009 34.500000000000007 20.500000000000004 28.500000000000004 17.500000000000004 27.500000000000004 6.5000000000000009 17.500000000000004 5.5000000000000009 33.500000000000007 10.500000000000002 1.9285714285714286 12.500000000000002 32.500000000000007 0.27100988700564976 0.32037735849056609 7.5000000000000009 0.22016949152542373 1.5857142857142861 322.07002314814821 310.06151623321438 2.5000000000000004 20.500000000000004 33.500000000000007 29.500000000000004 38.500000000000007 330.00902217741941
decision_type=2 2 2 2 2 2 2 2 2 2 2 2 2 2 2 2 2 2 2 2 2 2 2 2 2 2 2 2 2 2
left_child=2 4 3 10 5 7 9 13 -7 19 -1 -12 29 -2 15 -5 18 -13 -10 20 21 -4 23 -22 -15 -3 27 -27 -6 -8
right_child=1 25 6 14 28 8 12 -9 16 -11 11 17 -14 24 -16 -17 -18 -19 -20 -21 22 -23 -24 -25 -26 26 -28 -29 -30 -31
leaf_value=0.10379232344186765 0.068966843768681355 -0.085681110910222583 0.077008154976596577 0.07694369024208908 -0.034342948441355554 0.065931230704207547 0.031743016999609588 -0.068329021825454181 0.035083858405139903 -0.037525755139391916 0.08640929188563623 0.042385796979637937 -0.045875704442037667 -0.0048879572701210619 0.066262033305821991 0.018663437525312073 -0.011429530999820817 0.090652655250378245 -0.021433039877497336 0.036793608165316981 0.041637243360804987 0.033808435246982654 0.05611241246083426 -0.026999119949016853 -0.07562881041015164 0.14799741788042031 -0.078113731481895876 0.0053536611878874331 -0.069240224263454192 -0.0054402280600457454
leaf_weight=475.95539692044258 12.633915036916731 1836.1412053853273 154.93537321686745 25.166568458080292 88.158127814531326 120.42381393909454 74.749270290136337 95.62892147898674 148.30468687415123 24.393106460571289 710.04295808076859 92.169962495565414 31.321190297603607 110.30665728449821 48.173488020896912 201.5029951184988 58.922268226742744 37.512993544340134 22.297140628099442 256.30890285968781 53.997565656900406 41.552585750818253 153.51710158586502 21.083684533834457 12.047873392701147 4.0331454873085013 128.11058861017227 10.417259737849234 86.481887221336365 78.494936794042587
leaf_count=1630 47 12130 470 77 458 367 277 513 522 118 2301 293 165 491 152 667 271 120 78 788 165 126 465 65 60 17 831 57 496 296
internal_value=-0.00214962 -0.06248 0.064334 0.0798173 -0.00547857 0.00840249 0.0366747 -0.0308444 0.0342664 0.0455442 0.0897346 0.0817668 0.00275705 -0.0042894 0.0323429 0.0251342 0.0176528 0.0563478 0.0276973 0.048518 0.0555873 0.0678724 0.0450278 0.0223634 -0.0118536 -0.0842356 -0.0656177 0.0451659 -0.0516241 0.012697
internal_weight=5214.79 2733.91 2480.88 1590.52 755.205 580.565 890.354 230.617 349.948 705.788 1315.68 839.726 184.565 134.988 274.843 226.67 229.524 129.683 170.602 681.395 425.086 196.488 228.598 75.0813 122.355 1978.7 142.561 14.4504 174.64 153.244
internal_count=24513 16338 8175 5240 3303 2349 2935 1111 1238 2197 4344 2714 738 598 896 744 871 413 600 2079 1291 596 695 230 551 13035 905 74 954 573
is_linear=0
shrinkage=0.1


Tree=29
num_leaves=31
num_cat=0
split_feature=4 10 10 10 10 0 0 0 0 0 0 0 0 10 0 10 8 0 10 0 0 0 0 3 9 11 7 9 1 8
split_gain=679.428 140.937 90.2562 84.6038 88.5713 219.708 70.8342 32.6258 28.721 25.6442 24.2432 19.3778 19.028 17.0403 16.5458 14.8165 10.6067 10.4495 8.54634 12.183 8.26772 8.10704 7.78127 7.75852 9.41376 7.7791 7.33232 7.22135 8.32031 7.10892
threshold=15.500000000000002 19.500000000000004 19.500000000000004 10.500000000000002 6.5000000000000009 21.500000000000004 31.500000000000004 49.500000000000007 25.500000000000004 17.500000000000004 26.500000000000004 33.500000000000007 47.500000000000007 5.5000000000000009 27.500000000000004 18.500000000000004 0.12262799856784816 40.500000000000007 18.500000000000004 43.500000000000007 26.500000000000004 31.500000000000004 29.500000000000004 7.5000000000000009 219.85365103488206 4.5000000000000009 1.0000000180025095e-35 448.9585294117648 1.5000000000000002 0.27675941080196403
decision_type=2 2 2 2 2 2 2 2 2 2 2 2 2 2 2 2 2 2 2 2 2 2 2 2 2 2 2 2 2 2
left_child=1 3 6 4 5 9 20 26 16 -1 -3 -5 21 -11 23 -13 -7 -8 -19 -20 -2 -12 -10 25 -25 -6 -4 28 -18 -15
right_child=2 10 7 11 14 8 17 -9 22 13 12 15 -14 29 -16 -17 27 18 19 -21 -22 -23 -24 24 -26 -27 -28 -29 -30 -31
leaf_value=-0.069819799844461419 0.022720833379487469 -0.00060411797064674824 0.055808804759517584 0.0035211868125646101 0.05666232156094915 -0.035334058087384504 -0.05828581011547615 -0.04323900884814786 0.041542313225141014 -0.036797555012222725 0.04566732648183161 -0.069594903980478906 0.0025445770318846036 0.039466760291052949 -0.023017496450719085 -0.0022552208197286557 0.010499478598209197 -0.083778614098264939 0.022733551968886337 -0.067970810880458421 -0.021914492980549347 0.069286235417696893 0.067639782066229989 0.043491448753522094 -0.0094260474028963134 0.034316306889213895 0.0050653529960423133 0.098501005637502553 0.046798284028868584 -0.036050595813216527
leaf_weight=224.71251538395882 61.083098962903023 68.879566371440887 83.670125216245651 75.659958958625793 519.20087878406048 37.052334621548653 323.5948657989502 79.277760297060013 302.70652097463608 312.40636251866817 183.57519578933716 160.0563208013773 52.770669490098953 47.563343450427055 36.371835932135582 41.055286824703217 294.80330045521259 694.65716895461082 17.316936388611794 102.20717646181583 129.42762069404125 697.47892582416534 183.51124224066734 95.317689999938011 51.933926776051521 222.5675622522831 43.167819306254387 11.565698549151419 80.360681354999542 16.892826363444328
leaf_count=1630 235 303 282 364 1627 152 2092 434 989 1900 573 978 204 256 157 176 1203 5008 84 710 641 2131 555 324 189 697 153 47 322 97
internal_value=0.0014986 0.024612 -0.0544838 0.0127747 0.0187251 0.0038085 -0.0640376 0.00708485 0.0348064 -0.0430819 0.0566485 -0.0396185 0.0608715 -0.0271388 0.0430905 -0.0558481 0.0157771 -0.0734871 -0.0795288 -0.0548293 -0.00760315 0.064365 0.0513922 0.0457951 0.0248281 0.0499574 0.0385389 0.020674 0.0182747 0.019675
internal_weight=5250.85 3716.44 1534.4 2713.74 2436.97 1511.57 1328.29 206.116 910 601.575 1002.7 276.772 933.825 376.863 925.392 201.112 423.782 1137.78 814.181 119.524 190.511 881.054 486.218 889.02 147.252 741.768 126.838 386.73 375.164 64.4562
internal_count=24513 14874 9639 11663 10145 7151 8770 869 3268 3883 3211 1518 2908 2253 2994 1154 1724 7894 5802 794 876 2704 1544 2837 513 2324 435 1572 1525 353
is_linear=0
shrinkage=0.1


Tree=30
num_leaves=31
num_cat=0
split_feature=10 4 4 10 0 10 0 0 10 10 0 0 0 0 10 0 8 10 3 7 0 0 0 3 9 11 10 10 0 0
split_gain=915.254 207.129 67.7155 27.3404 26.5074 23.3695 38.2239 21.9127 57.1074 20.1341 65.0612 20.4004 19.8595 15.2052 15.1929 10.2595 9.45939 9.39264 9.22053 9.15412 9.323 8.48499 8.23449 8.2254 9.82412 7.88 10.4654 7.63747 12.215 7.62673
threshold=7.5000000000000009 8.5000000000000018 23.500000000000004 21.500000000000004 36.500000000000007 18.500000000000004 43.500000000000007 35.500000000000007 19.500000000000004 17.500000000000004 44.500000000000007 40.500000000000007 23.500000000000004 51.500000000000007 19.500000000000004 53.500000000000007 0.28867521367521365 6.5000000000000009 8.5000000000000018 -1.0000000180025095e-35 22.500000000000004 62.500000000000007 57.500000000000007 5.5000000000000009 173.64322089947092 1.5000000000000002 16.500000000000004 18.500000000000004 49.500000000000007 43.500000000000007
decision_type=2 2 2 2 2 2 2 2 2 2 2 2 2 2 2 2 2 2 2 2 2 2 2 2 2 2 2 2 2 2
left_child=17 3 7 19 -5 6 -4 8 12 10 18 14 23 -12 -11 25 21 -1 -9 -2 -21 27 -7 -3 -25 26 -8 28 -13 -29
right_child=1 2 5 4 -6 22 15 9 -10 11 13 16 -14 -15 -16 -17 -18 -19 -20 20 -22 -23 -24 24 -26 -27 -28 29 -30 -31
leaf_value=-0.082907370286316992 -0.029620610417346517 -0.019646466662478809 0.027304829487055721 -0.079449993219012749 -0.01238227749438256 0.061195098389317651 -0.013507045136462271 0.052805245928887669 -0.068118385208912433 0.04426823327799121 0.0010017183559027784 0.042850758283194346 0.060750619082475803 -0.045111964728718375 -0.023415508325013681 -0.067552168026757703 0.07141611236217002 -0.056040725615457546 0.030475580311590974 -0.0016869782384496272 0.086874099775482133 -0.062724549863936635 0.0017354731575660637 0.0022959551987482394 0.05312260741064237 -0.038104222380158037 0.10214549942016567 0.023832821207062524 -0.023749369120699387 0.055172660242084476
leaf_weight=953.67431259155273 136.68829500675201 33.727542147040367 139.72874969244003 182.86051145195961 86.952798187732697 64.351806059479713 38.565175652503967 323.72991673648357 40.056308582425117 58.725605338811874 332.68667310476303 90.177796259522438 792.37077128887177 91.080320805311203 76.193953707814217 80.314050629734993 142.66632933914661 150.68549634516239 431.2844316214323 102.84498266875744 13.440381601452826 7.499212995171546 36.50296077132225 59.878728330135345 104.21499644219875 115.68520319461823 9.8157965391874296 94.525690644979477 39.645705476403236 434.96087770164013
leaf_count=7153 665 130 472 1278 440 202 200 1023 241 179 1479 341 2387 568 394 581 487 1022 1443 462 44 32 137 208 358 610 51 346 233 1347
internal_value=0.00168711 0.0231653 0.0316223 -0.0356926 -0.0578361 -0.00316541 -0.0144138 0.0369723 0.0489391 0.0311656 0.0224492 0.0420452 0.0536745 -0.0089095 0.00604478 -0.0382672 0.0480455 -0.0792415 0.0400499 -0.012075 0.008549 0.0430453 0.0396745 0.0253311 0.0345757 -0.0239315 0.00995718 0.0442484 0.0225123 0.0495778
internal_weight=5265.54 4161.18 3638.39 522.787 269.813 484.964 384.109 3153.42 1030.25 2123.18 1178.78 944.395 990.192 423.767 134.92 244.38 809.476 1104.36 755.014 252.974 116.285 666.809 100.855 197.821 164.094 164.066 48.381 659.31 129.824 529.487
internal_count=24513 16338 13449 2889 1718 2253 1914 11196 3324 7872 4513 3359 3083 2047 573 1442 2786 8175 2466 1171 506 2299 339 696 566 861 251 2267 574 1693
is_linear=0
shrinkage=0.1


Tree=31
num_leaves=31
num_cat=0
split_feature=4 0 10 0 4 10 10 0 0 10 0 0 0 0 10 3 10 7 0 8 7 9 8 3 4 11 11 9 12 0
split_gain=1642.16 175.037 197.464 97.7927 44.562 33.2122 32.8648 32.5025 21.3096 49.142 17.7003 16.4873 13.6748 11.9389 11.0983 8.30862 7.85517 6.99415 5.54682 6.8075 5.51914 5.51699 5.03436 4.92014 4.90633 6.74079 5.48045 4.7875 5.71706 4.75249
threshold=13.500000000000002 33.500000000000007 19.500000000000004 45.500000000000007 10.500000000000002 18.500000000000004 18.500000000000004 52.500000000000007 31.500000000000004 19.500000000000004 28.500000000000004 39.500000000000007 53.500000000000007 51.500000000000007 12.500000000000002 14.500000000000002 9.5000000000000018 5.5000000000000009 57.500000000000007 0.21778656126482207 11.500000000000002 158.94392883686365 0.35781671159029654 11.500000000000002 20.500000000000004 1.5000000000000002 5.5000000000000009 235.88838778953831 4.5000000000000009 48.500000000000007
decision_type=2 2 2 2 2 2 2 2 2 2 2 2 2 2 2 2 2 2 2 2 2 2 2 2 2 2 2 2 2 2
left_child=4 10 3 5 29 11 12 -4 -6 16 -2 14 24 -8 22 -13 -10 -15 19 -9 -12 -16 -3 -7 26 -26 -5 28 -20 -1
right_child=1 2 7 6 8 23 13 18 9 -11 20 15 -14 17 21 -17 -18 -19 27 -21 -22 -23 -24 -25 25 -27 -28 -29 -30 -31
leaf_value=-0.082529426504317147 -0.057409161379470733 0.044463205323099622 -0.07525221770350024 0.074299075297037429 -0.07258964313966941 -0.054287034995693408 0.0085906280662713316 -0.071183990283541859 -0.086276863068473097 -0.083690853882710095 -0.012162322298973956 0.049819772866176171 0.10316358371518669 0.048469086230477562 0.03966429996316552 0.093591337576748868 0.027167197413740646 0.11145721708802836 0.0030855511131677102 0.015537570635841545 0.058614436441140276 0.0012833987687493021 -0.026198006570817618 0.032237881952115709 0.066324184803215488 0.092861560716887531 0.036474018768230275 -0.046368777673821644 0.099806216147570681 0.002712403404347653
leaf_weight=1535.9991672411561 111.90999700129032 260.76982772350311 124.48836712539196 296.38248911499977 127.58916480094194 41.774868696928024 72.842191740870476 13.888945028185843 6.4641914814710608 73.4881541877985 201.29447238147259 642.23076516389847 313.020124822855 94.234671548008919 49.714465647935867 46.505779981613159 109.44404761493206 21.685285538434982 10.396623656153684 25.990234106779099 11.655634343624113 151.83373379707336 10.488359242677687 7.7988635003566733 134.55197322368622 331.64636042714119 43.99061307311058 5.0912281125783911 14.826683595776556 6.5685454607009879
leaf_count=11510 712 882 857 905 867 227 307 68 43 530 939 2016 1043 301 172 141 415 68 37 115 52 553 36 35 415 1023 134 20 52 38
internal_value=-0.00113149 0.0441594 0.0524623 0.0599601 -0.0751491 0.039483 0.0789154 -0.0445705 -0.0409999 -0.019719 -0.0252099 0.0429041 0.0854231 0.0403164 0.0285247 0.0527754 0.0208404 0.0602524 0.00984355 -0.0146654 -0.00828842 0.0107505 0.041731 -0.0406751 0.0785382 0.0852025 0.0694105 0.0420854 0.0599396 -0.0821665
internal_weight=4898.57 3039.01 2714.15 2519.47 1859.55 1211.12 1308.35 194.682 316.986 189.396 324.86 1161.54 1119.59 188.762 472.806 688.737 115.908 115.92 70.1937 39.8792 212.95 201.548 271.258 49.5737 806.571 466.198 340.373 30.3145 25.2233 1542.57
internal_count=24513 11110 9407 8258 13403 4062 4196 1149 1855 988 1703 3800 3520 676 1643 2157 458 369 292 183 991 725 918 262 2477 1438 1039 109 89 11548
is_linear=0
shrinkage=0.1


Tree=32
num_leaves=31
num_cat=0
split_feature=10 4 0 10 0 10 0 0 10 0 0 10 3 0 0 0 10 0 0 8 10 1 3 6 0 9 4 2 8 9
split_gain=1744.74 321.461 90.3983 62.4143 40.9262 48.7874 21.3026 19.985 15.2939 14.7846 13.8626 6.56951 6.48692 6.28302 6.1663 6.12864 5.57061 18.168 5.43416 5.76179 5.5431 5.54858 5.3138 5.482 5.26217 5.09145 5.08905 4.8733 6.7516 4.50826
threshold=7.5000000000000009 9.5000000000000018 22.500000000000004 6.5000000000000009 34.500000000000007 20.500000000000004 17.500000000000004 29.500000000000004 6.5000000000000009 18.500000000000004 30.500000000000004 5.5000000000000009 1.5000000000000002 24.500000000000004 20.500000000000004 33.500000000000007 20.500000000000004 33.500000000000007 25.500000000000004 0.12933094384707286 1.0000000180025095e-35 1.5000000000000002 4.5000000000000009 8.5000000000000018 38.500000000000007 480.64579124579126 4.5000000000000009 1.5000000000000002 0.30993431855500825 349.12926470588241
decision_type=2 2 2 2 2 2 2 2 2 2 2 2 2 2 2 2 2 2 2 2 2 2 2 2 2 2 2 2 2 2
left_child=2 4 3 9 5 6 12 8 18 -1 13 22 -2 -7 25 -9 -3 -18 19 -4 -21 -22 -11 29 -6 -5 -12 28 -20 -24
right_child=1 16 7 14 24 10 -8 15 -10 11 26 -13 -14 -15 -16 -17 17 -19 27 20 21 -23 23 -25 -26 -27 -28 -29 -30 -31
leaf_value=0.094186075934193605 0.03138596389034113 -0.084386255272121555 0.081341717469785413 0.03278468621306483 -0.030918278156910672 0.078637667650416049 -0.06581948204860355 0.0088130952185023325 -0.037833967524850999 0.081081038255181398 0.038768769554872878 0.048392488236533998 -0.017101181841445566 0.037739891529342734 -0.013418959872348445 -0.042654514515244581 0.041867656775233165 -0.076150716481592606 0.035872018050608821 0.072099432002309879 0.046575163154967819 0.013817548469006714 0.071694368276336351 -0.024995608893615309 -0.06660948014617539 0.11853735169716553 -0.0068672453751989415 0.020169481929261393 0.094275662106974703 0.010193726285507061
leaf_weight=588.56020539999008 38.987205237150192 1681.3965710103512 49.72155037522316 240.01914238929749 84.513620153069496 47.883478313684464 90.336322456598282 102.52241310477257 24.854852139949799 462.61772057414055 33.099629029631615 97.245086699724197 94.404091715812683 174.29564894735813 29.086516007781029 29.879320353269577 14.666251838207243 117.91811306774616 124.75324708223343 62.959881514310837 239.97111728787422 65.909869134426117 79.705368012189865 7.7537778019905081 80.804662823677063 7.1294890940189353 93.35091806948185 165.31112217903137 23.526457607746124 14.015111953020094
leaf_count=2152 151 12130 150 763 458 149 513 393 123 1550 131 310 447 558 111 165 74 831 390 190 725 199 262 24 496 22 400 527 73 46
internal_value=-0.00253154 -0.0601957 0.058382 0.0731502 -0.00453657 0.00812229 -0.0283231 0.0330413 0.0393103 0.0826573 0.0315105 0.0723972 -0.00292951 0.0465541 0.0301328 -0.00280169 -0.0828301 -0.0630957 0.0419292 0.0493862 0.0450785 0.0395167 0.0765354 0.055812 -0.0483635 0.0352584 0.00507841 0.0319759 0.0451385 0.0624975
internal_weight=4967.2 2551.66 2415.54 1526.13 737.676 572.357 223.728 889.41 757.008 1249.9 348.63 661.337 133.391 222.179 276.235 132.402 1813.98 132.584 732.153 418.562 368.841 305.881 564.092 101.474 165.318 247.149 126.451 313.591 148.28 93.7205
internal_count=24513 16338 8175 5240 3303 2349 1111 2935 2377 4344 1238 2192 598 707 896 558 13035 905 2254 1264 1114 924 1882 332 954 785 531 990 463 308
is_linear=0
shrinkage=0.1


Tree=33
num_leaves=31
num_cat=0
split_feature=4 10 10 10 10 0 0 0 0 0 0 0 0 10 0 10 0 8 0 0 0 12 7 0 8 10 12 0 12 9
split_gain=581.221 119.907 100.47 62.8602 55.4035 175.134 48.3435 37.3222 24.728 23.8947 21.0317 21.0182 20.1417 17.4853 18.1904 14.4927 9.91075 9.26378 8.46678 7.88682 7.82279 7.59842 7.22912 6.90952 7.46148 6.81306 6.33159 6.2253 7.67467 6.19579
threshold=16.500000000000004 19.500000000000004 11.500000000000002 19.500000000000004 6.5000000000000009 21.500000000000004 31.500000000000004 28.500000000000004 17.500000000000004 46.500000000000007 25.500000000000004 49.500000000000007 30.500000000000004 18.500000000000004 34.500000000000007 5.5000000000000009 36.500000000000007 0.12262799856784816 40.500000000000007 24.500000000000004 55.500000000000007 11.500000000000002 -4.4999999999999991 23.500000000000004 0.13976744186046514 7.5000000000000009 11.500000000000002 42.500000000000007 6.5000000000000009 144.46379491214267
decision_type=2 2 2 2 2 2 2 2 2 2 2 2 2 2 2 2 2 2 2 2 2 2 2 2 2 2 2 2 2 2
left_child=1 2 4 6 5 8 -2 23 -1 -5 17 12 19 14 29 -10 -15 -7 -8 -3 -11 -9 -13 24 -6 -25 -19 -14 -29 -4
right_child=3 11 13 9 7 10 18 21 15 20 -12 22 27 16 -16 -17 -18 26 -20 -21 -22 -23 -24 25 -26 -27 -28 28 -30 -31
leaf_value=-0.066930227141393905 -0.011523092680605446 -0.020548655938249925 0.078629199853528176 0.044990153357477303 0.023414366845146809 -0.0326537539745239 -0.058052847077170379 -0.057586701936290889 -0.032627064579188715 -0.015295355115853379 0.046151144440787342 0.019583360247082002 0.06565854169278082 0.14492862167872869 -0.069113829622536399 0.019759638949370106 -0.0048521591362166994 0.023217630973076837 -0.078895580704353471 0.033822409971334295 -0.079804717786708529 0.080700401337539238 -0.068985412074573926 0.067313159024661215 0.048268236070301569 0.011047478995273663 -0.034310842622858606 0.030088204520459624 0.072659992563425244 -0.018498629776335783
leaf_weight=202.6048775985837 146.84949113428593 31.508406445384026 7.476917937397956 69.803465247154236 148.29766005277634 36.237896159291267 270.14372479915619 48.668226420879364 294.32245710492134 78.231995910406113 488.02782119810581 18.931601762771606 595.91889077425003 4.8568949103355399 193.82772559672594 64.356094926595688 48.851299330592155 367.09614986181259 699.72163747251034 174.05310563743114 24.74382720887661 4.3266132473945609 17.956626385450363 25.873465150594711 651.24579825997353 127.91957286000252 20.183274775743484 122.83336293697357 64.625925824046135 54.005195081233978
leaf_count=1630 698 149 40 222 462 153 1854 263 1900 379 1545 78 1840 19 1310 353 232 1487 5474 585 149 22 81 81 2016 511 85 391 206 298
internal_value=0.00172941 0.021352 0.010597 -0.0563093 0.0172989 0.004942 -0.064994 0.0353841 -0.0390028 -0.000178214 0.032001 0.0505837 0.0533482 -0.0431704 -0.0540805 -0.0232276 0.00869269 0.0156954 -0.0730901 0.0254884 -0.0307962 -0.0462966 -0.0235306 0.0399246 0.0436584 0.0205134 0.0202195 0.0606587 0.0447647 -0.00668679
internal_weight=5103.5 3814.01 2788.18 1289.49 2479.16 1472.83 1116.71 1006.33 561.283 172.779 911.545 1025.83 988.94 309.018 255.31 358.679 53.7082 423.517 969.865 205.562 102.976 52.9948 36.8882 953.336 799.543 153.793 387.279 783.378 187.459 61.4821
internal_count=24513 15737 12407 8776 10508 7153 8026 3355 3883 750 3270 3330 3171 1899 1648 2253 251 1725 7328 734 528 285 159 3070 2478 592 1572 2437 597 338
is_linear=0
shrinkage=0.1


Tree=34
num_leaves=31
num_cat=0
split_feature=10 4 4 10 0 0 10 10 10 0 0 0 0 0 0 10 11 12 12 11 8 10 10 0 13 0 10 0 1 3
split_gain=793.589 171.885 47.7505 23.3848 50.8385 26.761 57.5349 19.0364 18.5902 24.8931 17.672 16.4923 16.2589 11.9903 9.87258 9.74071 9.28079 9.47586 8.81945 12.6391 8.49952 8.05347 7.87271 15.5952 9.58769 7.70088 7.34892 7.01727 6.8663 6.38201
threshold=7.5000000000000009 7.5000000000000009 23.500000000000004 20.500000000000004 38.500000000000007 44.500000000000007 18.500000000000004 20.500000000000004 19.500000000000004 50.500000000000007 53.500000000000007 36.500000000000007 20.500000000000004 21.500000000000004 44.500000000000007 6.5000000000000009 4.5000000000000009 8.5000000000000018 9.5000000000000018 5.5000000000000009 0.37884436160298235 18.500000000000004 15.500000000000002 43.500000000000007 1.297058823529412 24.500000000000004 17.500000000000004 31.500000000000004 2.5000000000000004 6.5000000000000009
decision_type=2 2 2 2 2 2 2 2 2 2 2 2 2 2 2 2 2 2 2 2 2 2 2 2 2 2 2 2 2 2
left_child=15 7 3 5 -5 12 10 13 9 22 26 -9 29 28 -6 -1 20 -18 19 -19 27 -11 23 -4 -24 -17 -7 -14 -2 -3
right_child=1 2 8 4 14 6 -8 11 -10 21 -12 -13 16 -15 -16 25 17 18 -20 -21 -22 -23 24 -25 -26 -27 -28 -29 -30 -31
leaf_value=-0.081634309294253346 -0.030644051760778186 -0.02108321574962653 0.023978311099264238 -0.057577108363292377 0.009878139730551053 -0.00019552559728242764 0.051018103962659413 -0.077144783810901368 0.060321322367954212 -0.05319893273148063 -0.051433220365301971 -0.021673803226980405 0.048520400340478637 0.065704937733266924 0.051069763078014065 -0.058954807553895872 0.047046982401946179 0.030464863587513311 0.060238317194151951 0.14988985805946009 0.080935011995472983 -0.0020363557103075798 0.066386367239866587 -0.029922857204402482 -0.066522634373209086 0.043740701272824853 0.03218143404115572 0.032834713682880282 0.044203004007576124 0.027030654530270731
leaf_weight=864.8467081040144 128.51958581805229 52.500077486038208 135.94492501020432 88.806259974837303 111.70608289539814 369.98120145499706 365.57600522041321 160.57086484134197 43.909137532114983 115.6914429217577 60.843863114714622 80.45324681699276 414.27045460045338 16.853116363286972 121.44144821166992 134.17332670092583 421.38202108442783 12.52728959918022 94.522053241729736 30.286969438195229 47.128123104572296 41.912599220871925 39.57581427693367 88.701220974326134 6.2902321368455878 7.7221816778182975 86.494752064347267 915.47023712098598 13.548822835087774 58.053886219859123
leaf_count=7153 643 229 456 576 473 1710 1124 1204 137 844 466 424 1268 56 381 969 1335 39 299 95 146 157 167 466 26 53 390 2948 61 218
internal_value=0.00194706 0.021383 0.0280752 0.0323906 0.00680913 0.0352024 0.0206511 -0.0409132 -0.00164602 -0.00800162 -0.00080842 -0.0586287 0.0414812 -0.0140455 0.031334 -0.07765 0.0436116 0.0544818 0.0772935 0.114947 0.0392006 -0.039593 0.0104039 0.00269551 0.0481588 -0.053366 0.00593938 0.0377215 -0.023506 0.00418225
internal_weight=5129.7 4122.96 3723.02 3250.99 321.954 2929.04 882.896 399.946 472.025 428.116 517.32 241.024 2046.14 158.922 233.148 1006.74 1935.59 558.718 137.336 42.8143 1376.87 157.604 270.512 224.646 45.866 141.896 456.476 1329.74 142.068 110.554
internal_count=24513 16338 13950 11697 1430 10267 3690 2388 2253 2116 2566 1628 6577 760 854 8175 6130 1768 433 134 4362 1001 1115 922 193 1022 2100 4216 704 447
is_linear=0
shrinkage=0.1


Tree=35
num_leaves=31
num_cat=0
split_feature=4 0 10 0 10 4 10 0 0 10 0 0 0 3 10 0 10 11 8 2 10 8 9 7 12 7 2 0 12 9
split_gain=1396.77 139.759 142.899 66.1595 58.3546 44.2727 30.7355 23.6765 19.9335 43.9431 19.8092 13.8438 13.6735 6.99768 6.8129 6.63666 6.50305 6.98351 6.92403 6.41226 5.93299 5.71484 5.92902 5.15297 5.84777 6.23801 5.14924 5.11647 5.0478 5.77259
threshold=13.500000000000002 43.500000000000007 19.500000000000004 30.500000000000004 18.500000000000004 10.500000000000002 18.500000000000004 52.500000000000007 31.500000000000004 19.500000000000004 49.500000000000007 50.500000000000007 36.500000000000007 8.5000000000000018 9.5000000000000018 26.500000000000004 12.500000000000002 2.5000000000000004 0.38138528138528138 4.5000000000000009 17.500000000000004 0.27100988700564976 188.44438821412507 -4.4999999999999991 4.5000000000000009 4.5000000000000009 8.5000000000000018 54.500000000000007 3.5000000000000004 214.1086904761905
decision_type=2 2 2 2 2 2 2 2 2 2 2 2 2 2 2 2 2 2 2 2 2 2 2 2 2 2 2 2 2 2
left_child=5 3 6 15 12 -1 10 -4 -7 14 20 19 16 -14 -10 -2 18 -18 -5 -8 -3 22 -19 -9 25 -25 -17 -12 -21 -30
right_child=1 2 7 4 -6 8 11 23 9 -11 27 -13 13 -15 -16 26 17 21 -20 28 -22 -23 -24 24 -26 -27 -28 -29 29 -31
leaf_value=-0.080893284799312348 -0.067090421533137365 0.065956652370456545 -0.070108536643352121 0.023880095370436828 -0.067931723954369055 -0.070618942554222075 -0.033828539626038545 -0.05557126312286597 -0.08509700987977023 -0.08245707032089776 0.07939225528978662 0.052648514061517229 0.023578286976289418 0.044433838521703989 0.024792113758095351 -0.031782028073321485 -0.047169332615752409 -0.036251864424951034 -0.073028650900082787 -0.02598870045822952 0.039160595648200708 0.064127659705513304 0.057375768199941959 -0.048383755577411494 0.046032425725328729 0.069097202246655873 0.065484089480032801 0.097918821030085063 0.019320137442421198 0.11456797724288537
leaf_weight=1407.2595933675766 64.358642607927322 602.93853855133057 81.771009586751461 253.0025337189436 64.700036101043224 118.75893288850784 33.386384695768356 10.456366181373594 5.946032650768756 67.112695425748825 370.80598223209381 128.81371355056763 239.41961804032326 490.45449823141098 110.2887462079525 106.56234499812126 32.590968266129494 24.292487949132919 7.5941145569086066 14.038818746805189 95.750947773456573 14.941988378763197 9.3732811212539655 17.520029395818714 35.803929790854454 6.0910473465919486 5.7357279509305945 249.27855861186981 22.614134669303898 8.8543292284011823
leaf_count=11548 442 1851 603 1001 436 867 159 51 43 530 1203 419 814 1550 415 593 128 96 32 61 292 58 36 77 142 22 30 886 92 36
internal_value=-0.00132735 0.0398813 0.0590016 0.0154444 0.0242948 -0.0734366 0.068199 -0.0335829 -0.0387024 -0.0180292 0.0738304 0.0324443 0.0298628 0.0375926 0.0191707 -0.0414873 0.0133565 -0.0113542 0.0210561 -0.000544182 0.0622844 0.0126594 -0.0101839 0.00916338 0.0205559 -0.0180767 -0.0268141 0.0868401 0.0238749 0.0461202
internal_weight=4700.52 2991.15 1678.12 1313.03 1136.37 1709.37 1526.48 151.642 302.106 183.347 1318.77 207.707 1071.67 729.874 116.235 176.657 341.795 81.1987 260.597 78.8937 698.689 48.6078 33.6658 69.8714 59.415 23.6111 112.298 620.085 45.5073 31.4685
internal_count=24513 11110 5894 5216 4151 13403 4999 895 1855 988 4232 767 3715 2364 458 1065 1351 318 1033 348 2143 190 132 292 241 99 623 2089 189 128
is_linear=0
shrinkage=0.1


Tree=36
num_leaves=31
num_cat=0
split_feature=10 4 0 10 4 0 0 10 0 10 0 0 10 10 0 0 0 12 10 0 9 0 3 2 8 7 10 12 9 13
split_gain=1459.78 305.721 76.9749 51.6952 35.2239 18.8199 15.8571 21.0468 15.2641 13.8953 10.7033 9.92416 11.8704 8.06824 7.88143 6.76304 6.24014 6.10172 5.83508 16.9035 5.7631 5.72608 5.32086 5.06974 5.28099 5.3811 4.8874 4.7639 5.86339 4.62829
threshold=7.5000000000000009 9.5000000000000018 21.500000000000004 6.5000000000000009 5.5000000000000009 27.500000000000004 38.500000000000007 20.500000000000004 30.500000000000004 6.5000000000000009 17.500000000000004 33.500000000000007 9.5000000000000018 5.5000000000000009 32.500000000000007 17.500000000000004 15.500000000000002 7.5000000000000009 20.500000000000004 33.500000000000007 291.64493055555562 24.500000000000004 4.5000000000000009 2.5000000000000004 0.23956521739130437 -1.4999999999999998 5.5000000000000009 5.5000000000000009 448.9585294117648 1.9285714285714286
decision_type=2 2 2 2 2 2 2 2 2 2 2 2 2 2 2 2 2 2 2 2 2 2 2 2 2 2 2 2 2 2
left_child=2 4 3 10 11 9 7 15 17 23 -1 12 16 -12 26 -6 -2 -9 -3 -20 -19 -14 -16 24 27 -26 -7 28 -4 -5
right_child=1 18 5 29 6 14 -8 8 -10 -11 13 -13 21 -15 22 -17 -18 20 19 -21 -22 -23 -24 -25 25 -27 -28 -29 -30 -31
leaf_value=0.09197377748905497 0.018594260476516876 -0.083249836426595336 0.07319353816851519 0.023592811531308988 -0.020726928439288552 0.020174271562601171 -0.071350098359947586 0.055303836388369512 -0.018270835532467649 -0.020566057069016347 0.076247376695307151 -0.018338764866052914 0.078970143301856088 0.045769474100049251 -0.0066299672512519954 -0.067366424930183383 -0.035710085540527341 0.046993090918235253 0.039303807204396295 -0.074341764517354858 -0.047351958920326911 0.034262352797877343 -0.083343354592968599 0.029153449063088744 0.049412968213650266 0.020167983306278666 -0.059743183965857698 0.043314485481546372 -0.0076504277101577317 0.057991596769251724
leaf_weight=409.6994836628437 58.076932594180107 1539.059432938695 156.29782029986382 216.00414702296257 54.484116166830063 204.17284190654755 59.642739966511726 57.946078911423683 120.79096233844757 35.536084458231926 524.63662329316139 54.847223028540611 35.539833381772041 104.09080556035042 29.878985077142715 72.412706062197685 33.289565488696098 12.21627986431122 14.876705750823019 108.85053420066833 13.775990843772886 147.72627103328705 12.964611142873762 186.96045723557472 158.19569882750511 104.46410012245178 7.9503303319215766 136.23111626505852 9.5175501108169538 47.763246089220047
leaf_count=1630 224 12130 485 695 275 717 395 186 597 166 1900 309 117 353 150 435 183 39 74 831 44 499 70 575 486 320 30 421 29 148
internal_value=-0.00288358 -0.0579912 0.0531448 0.0693552 -0.00359378 0.0328899 -0.0238801 -0.0153427 0.00449105 0.0405377 0.079397 0.0204969 0.0282529 0.0712015 0.00927748 -0.0473414 -0.00119164 0.0372464 -0.0815702 -0.0606773 -0.0030101 0.0429323 -0.0298437 0.0434265 0.0481519 0.0377818 0.017179 0.0571699 0.0685532 0.0298218
internal_weight=4727.9 2383.54 2344.36 1302.19 720.749 1042.17 391.269 331.626 204.729 787.203 1038.43 329.48 274.633 628.727 254.967 126.897 91.3665 83.9383 1662.79 123.727 25.9923 183.266 42.8436 751.667 564.706 262.66 212.123 302.046 165.815 263.767
internal_count=24513 16338 8175 4726 3303 3449 1971 1576 866 2482 3883 1332 1023 2253 967 710 407 269 13035 905 83 616 220 2316 1741 806 747 935 514 843
is_linear=0
shrinkage=0.1


Tree=37
num_leaves=31
num_cat=0
split_feature=4 10 10 10 0 10 0 0 0 0 0 10 0 0 0 10 0 0 0 2 12 13 7 10 8 7 8 9 12 9
split_gain=495.93 90.8517 85.9933 58.0508 47.1439 39.4241 137.86 30.3366 23.8455 19.672 16.8856 16.0891 17.1838 15.2977 15.1793 12.494 8.6703 7.78366 7.41121 7.24495 6.61929 6.53215 6.40943 6.37291 6.30336 6.81485 7.49924 8.15105 6.26553 7.06675
threshold=16.500000000000004 19.500000000000004 11.500000000000002 19.500000000000004 31.500000000000004 6.5000000000000009 21.500000000000004 28.500000000000004 17.500000000000004 46.500000000000007 49.500000000000007 18.500000000000004 34.500000000000007 27.500000000000004 28.500000000000004 5.5000000000000009 40.500000000000007 36.500000000000007 55.500000000000007 2.5000000000000004 11.500000000000002 1.1791443850267382 -4.4999999999999991 18.500000000000004 0.23956521739130437 -1.4999999999999998 0.24807692307692308 346.12369047619057 5.5000000000000009 448.9585294117648
decision_type=2 2 2 2 2 2 2 2 2 2 2 2 2 2 2 2 2 2 2 2 2 2 2 2 2 2 2 2 2 2
left_child=1 2 5 4 -2 6 8 -7 -1 -5 14 12 -4 19 21 -10 23 -13 -11 24 -9 -3 -12 -6 28 -26 -27 -28 29 -8
right_child=3 10 11 9 16 7 13 20 15 18 22 17 -14 -15 -16 -17 -18 -19 -20 -21 -22 -23 -24 -25 25 26 27 -29 -30 -31
leaf_value=-0.064066128788357685 -0.0096286585158103389 -0.0027365196103821443 -0.0055167704913370958 0.041013680725376006 -0.058244946875358833 0.035753768648344508 -0.018375787876574508 -0.054765814532770712 -0.028494145278349071 -0.013199019526170178 0.018274214235897233 0.12565054239785478 -0.066980405576710964 0.047500560574588388 0.052631162496628837 0.020538673068664977 -0.077432155969969496 -0.0034039141049006685 -0.077937781795605274 0.038819466041886429 0.072627797099230187 0.045182262710012015 -0.066030432151069657 0.039642261313113859 0.011448532984846329 0.16550957081361567 0.063375494746470681 -0.0036939354826904056 0.020218764165672039 0.081205079294706606
leaf_weight=182.80618239194155 144.39644125103951 77.072378218173981 60.748697578907013 70.101769417524338 248.18058683723211 955.58024343848228 120.5280839651823 46.328358054161072 277.6497350782156 76.745621234178543 19.043968021869659 5.1744981408119193 181.05222307890654 309.48125652968884 856.17716231942177 63.933251157402992 638.90777213126421 48.264565020799637 22.977504059672356 154.53420183062553 4.4723859727382651 45.090485736727715 17.129833906888962 6.8341364711523047 126.31862279772758 5.1051553487777701 53.205536544322968 27.478696763515472 107.90982085466385 7.5741936415433875
leaf_count=1630 698 307 338 222 1820 3070 485 263 1900 379 78 19 1310 954 2690 353 5474 232 149 575 22 174 81 34 486 18 198 104 421 29
internal_value=0.00194317 0.0198832 0.0104122 -0.0537811 -0.0626462 0.016573 0.0059401 0.0317506 -0.0349168 0.000420132 0.0454453 -0.0405643 -0.0515386 0.0294288 0.0479261 -0.0193168 -0.0712101 0.00909241 -0.0281157 0.0201484 -0.0435504 0.0149504 -0.0216476 -0.0556217 0.0137097 0.0262203 0.0479707 0.0405336 0.00246626 -0.012488
internal_weight=4960.8 3752.66 2738.15 1208.14 1038.32 2442.91 1436.52 1006.38 524.389 169.825 1014.51 295.24 241.801 912.136 978.34 341.583 893.922 53.4391 99.7231 602.654 50.8007 122.163 36.1738 255.015 448.12 212.108 85.7894 80.6842 236.012 128.102
internal_count=24513 15737 12407 8776 8026 10508 7153 3355 3883 750 3330 1899 1648 3270 3171 2253 7328 251 528 2316 285 481 159 1854 1741 806 320 302 935 514
is_linear=0
shrinkage=0.1


Tree=38
num_leaves=31
num_cat=0
split_feature=10 4 4 4 0 10 10 0 10 0 10 0 0 10 10 0 2 0 10 11 9 8 0 0 13 0 6 4 0 7
split_gain=689.037 141.668 35.9851 18.6555 18.2667 35.3228 25.7405 21.7833 17.3821 16.3028 14.2331 21.6131 11.5957 23.5888 10.1316 9.77304 8.66715 8.42091 13.3406 8.53968 7.74228 7.66047 7.43414 7.16141 7.06742 8.31471 6.63774 6.64534 6.46164 6.41817
threshold=7.5000000000000009 7.5000000000000009 23.500000000000004 10.500000000000002 40.500000000000007 17.500000000000004 19.500000000000004 47.500000000000007 20.500000000000004 36.500000000000007 19.500000000000004 54.500000000000007 39.500000000000007 18.500000000000004 6.5000000000000009 21.500000000000004 8.5000000000000018 43.500000000000007 16.500000000000004 3.5000000000000004 179.7210300985989 0.28867521367521365 54.500000000000007 21.500000000000004 1.3717105263157896 62.500000000000007 5.5000000000000009 14.500000000000002 19.500000000000004 8.5000000000000018
decision_type=2 2 2 2 2 2 2 2 2 2 2 2 2 2 2 2 2 2 2 2 2 2 2 2 2 2 2 2 2 2
left_child=14 8 3 12 6 7 28 16 15 -10 11 17 13 20 -1 -2 29 -4 -19 -20 -3 24 -9 -16 25 -7 -26 -28 -5 -6
right_child=1 2 10 4 5 21 -8 22 9 -11 -12 -13 -14 -15 23 -17 -18 18 19 -21 -22 -23 -24 -25 26 -27 27 -29 -30 -31
leaf_value=-0.080493751153114523 -0.021365285793225691 -0.046069103633392318 0.023912321048072605 -0.0058564228975459065 0.024554184511597982 0.040170718300484215 -0.021379258117861427 -0.010280520238531522 -0.075519618698728669 -0.019056008629833181 0.053677204915383872 -0.050092912124758318 0.037210329455138663 -0.056075346190868694 -0.06194256120075399 0.058608473033893729 -0.048759159420043365 -0.026121162000416632 0.06457607484220225 -0.014575019450935407 0.02357824364901975 0.060826461923863519 -0.063438681092259391 -0.0030267817137041519 0.099440310513469132 -0.072204218263060893 -0.055032370216816166 0.015042378462745712 0.043870505889771719 -0.034648238417674997
leaf_weight=783.74908876419067 138.89403128623962 18.104782208800316 142.91350135207176 26.650395125150681 480.92852699756622 536.58513229340315 65.26699510216713 191.46097432076931 147.6480413004756 78.229244917631149 43.988408535718918 88.16921778023243 85.138289481401443 66.332856319844723 108.28594970703125 17.169263452291489 17.774957180023193 129.02893000841141 33.311925113201141 23.071806266903877 134.79377287626266 135.821896225214 30.498975872993469 25.487923622131348 7.1814895570278159 6.6660744473338118 17.591697290539742 58.656280159950256 1341.3108956664801 19.036700189113617
leaf_count=7153 704 78 476 97 1731 1841 359 1045 1204 424 137 636 321 465 843 56 67 753 144 107 484 458 260 179 24 30 60 200 4103 74
internal_value=0.00215223 0.019752 0.0257371 0.0294549 0.0318984 0.0241931 0.0399745 0.0086243 -0.0382319 -0.0559643 -0.000420403 -0.00613395 0.00588927 -0.00627423 -0.0761524 -0.012567 0.0198604 0.00567085 -0.00838942 0.032188 0.0153313 0.0392964 -0.0175849 -0.0507173 0.0346301 0.0387918 0.00753147 -0.00112505 0.0429017 0.0223
internal_weight=4999.75 4082.23 3700.28 3239.8 2935.43 1502.2 1433.23 739.7 381.941 225.877 460.484 416.495 304.37 219.231 917.523 156.063 517.74 328.326 185.413 56.3837 152.899 762.503 221.96 133.774 626.681 543.251 83.4295 76.248 1367.96 499.965
internal_count=24513 16338 13950 11697 10349 5790 4559 3177 2388 1628 2253 2116 1348 1027 8175 760 1872 1480 1004 251 562 2613 1305 1022 2155 1871 284 260 4200 1805
is_linear=0
shrinkage=0.1


Tree=39
num_leaves=31
num_cat=0
split_feature=4 0 10 0 4 10 0 0 10 10 0 0 0 3 1 10 0 11 9 12 11 9 8 0 2 7 2 12 12 11
split_gain=1192.15 111.263 128.783 71.6011 43.8979 28.0163 27.5673 18.4606 39.2141 16.4675 16.1438 14.6193 8.67561 7.19288 6.37947 5.96679 5.69198 5.34758 6.31884 7.76846 5.10942 5.05252 4.97272 4.8646 4.70104 4.52845 4.46446 6.47755 4.32279 10.984
threshold=13.500000000000002 33.500000000000007 19.500000000000004 47.500000000000007 10.500000000000002 18.500000000000004 52.500000000000007 31.500000000000004 19.500000000000004 18.500000000000004 42.500000000000007 28.500000000000004 53.500000000000007 8.5000000000000018 1.0000000180025095e-35 9.5000000000000018 54.500000000000007 1.5000000000000002 263.01898193760263 8.5000000000000018 4.5000000000000009 170.57696049528303 0.19264507422402158 48.500000000000007 3.5000000000000004 11.500000000000002 6.5000000000000009 3.5000000000000004 1.5000000000000002 3.5000000000000004
decision_type=2 2 2 2 2 2 2 2 2 2 2 2 2 2 2 2 2 2 2 2 2 2 2 2 2 2 2 2 2 2
left_child=4 11 3 5 23 10 -4 -6 15 12 13 -2 -5 17 -11 -9 -16 21 19 28 -21 -3 -8 -1 -24 -13 -7 -28 29 -19
right_child=1 2 6 9 7 26 22 8 -10 14 -12 25 -14 -15 16 -17 -18 18 -20 20 -22 -23 24 -25 -26 -27 27 -29 -30 -31
leaf_value=-0.080158314564227964 -0.052215510769326172 0.045190709965105012 -0.071639241597594383 0.068327813872828769 -0.068661965436913538 -0.036872361468820378 -0.04470752101163513 -0.084153317798589242 -0.081359470335798101 -0.039758469723640749 0.050538639366860684 -0.0093146182788411379 0.090276531300360119 0.035450374148351629 0.027450718378749208 0.022464779062608076 0.065890913183773644 0.1740927898542298 0.11336125379047531 0.016270646370141674 -0.049731825133204989 -0.020190433906268998 -0.011266608696669561 0.0083111171861857975 0.047473714788086242 0.054163990882885316 -0.069309095187411102 0.085132526323047075 0.024424869490320539 0.026752040380929994
leaf_weight=1276.9455526918173 99.920106045901775 14.730627596378325 106.93693007528782 526.16526514291763 110.4504963234067 60.283803164958954 13.70118263363838 5.509325496852397 61.310456410050392 9.2255276590585691 598.10750246047974 196.11456398665905 273.79724368453026 553.07141846418381 80.491146296262741 111.09985022246838 73.874447494745255 7.2353805899620083 7.6445263326168051 25.181132435798645 21.954668074846268 59.810559913516045 23.678923964500427 6.2456832677125922 32.086913138628006 11.921288937330244 4.2124657332897169 7.6430202126502991 114.31092345714569 16.825351282954216
leaf_count=11510 712 51 857 1728 867 321 62 43 530 34 1830 939 1043 1784 301 415 227 24 27 88 78 209 104 38 126 52 21 34 399 59
internal_value=-0.00150029 0.0360944 0.0427512 0.0486823 -0.0718048 0.0349523 -0.0397776 -0.0365493 -0.0166141 0.0699282 0.0380432 -0.020777 0.07584 0.0289375 0.0410194 0.0174275 0.045847 0.0154816 0.0242619 0.0205902 -0.0144716 -0.00726999 0.00926998 -0.0797277 0.0225318 -0.00567704 -0.0258403 0.0302567 0.0325339 0.0710594
internal_weight=4510.49 2938.92 2630.97 2454.57 1571.56 1491.01 176.404 288.37 177.92 963.554 1418.87 307.956 799.963 820.765 163.591 116.609 154.366 267.693 193.152 185.507 47.1358 74.5412 69.467 1283.19 55.7658 208.036 72.1393 11.8555 138.372 24.0607
internal_count=24513 11110 9407 8258 13403 4925 1149 1855 988 3333 4549 1703 2771 2719 562 458 528 935 675 648 166 260 292 11548 230 991 376 55 482 83
is_linear=0
shrinkage=0.1


Tree=40
num_leaves=31
num_cat=0
split_feature=4 10 10 0 0 7 10 0 0 4 0 8 10 12 0 0 8 9 11 5 1 4 13 9 4 11 8 6 0 11
split_gain=1245.79 190.107 86.7389 77.5644 51.1616 31.523 15.5547 12.6761 10.6049 8.90509 8.77331 8.64584 7.69092 6.33834 6.08564 5.11644 4.6573 4.44571 4.27679 8.9899 4.55608 4.49705 4.1302 6.11805 4.12268 4.0341 6.19337 4.65043 4.02882 4.29772
threshold=10.500000000000002 6.5000000000000009 6.5000000000000009 21.500000000000004 34.500000000000007 1.0000000180025095e-35 7.5000000000000009 28.500000000000004 17.500000000000004 5.5000000000000009 31.500000000000004 0.28345771144278614 5.5000000000000009 10.500000000000002 38.500000000000007 20.500000000000004 0.27675941080196403 343.01957142857151 4.5000000000000009 2.5000000000000004 1.0000000180025095e-35 7.5000000000000009 1.1055555555555558 280.60027777777782 3.5000000000000004 5.5000000000000009 0.15319426336375488 9.5000000000000018 34.500000000000007 5.5000000000000009
decision_type=2 2 2 2 2 2 2 2 2 2 2 2 2 2 2 2 2 2 2 2 2 2 2 2 2 2 2 2 2 2
left_child=1 3 10 8 5 9 13 -5 -1 -3 11 22 -10 15 -6 -7 18 28 19 21 -21 -14 -2 -24 -8 -11 -27 -28 29 -9
right_child=2 4 -4 7 14 6 24 17 12 25 -12 -13 16 -15 -16 -17 -18 -19 -20 20 -22 -23 23 -25 -26 26 27 -29 -30 -31
leaf_value=0.087324187340568002 0.06528452692668256 0.031819719740995935 -0.08120316055683513 0.038853370006085852 -0.029148254514765805 0.028036965030152506 0.049593041784633474 0.020532604350629844 0.070897012386388222 0.0039219441424143461 -0.080277564289538958 -0.032806054422888357 0.06071227997530472 -0.063652915374259766 -0.066270968647666698 -0.029160956852618398 0.076394250747674253 -0.012151433887078291 0.064160970033260212 0.0077917909405166635 -0.10395736927454141 -0.019191271244839329 0.048301768541067713 -0.051706331908289417 -0.053028664678965824 0.12039556843442448 0.037589235541792991 -0.05358485401644373 -0.038007748692214099 0.089561329757021815
leaf_weight=374.65483418107033 39.256858915090561 377.83214356005192 1472.2144568189979 760.30210536718369 87.890883646905422 67.556202411651611 4.0676932185888282 70.568717077374458 487.08539870381355 254.94119619578123 8.2529371678829175 18.485574692487717 25.247127741575241 11.66597083210945 88.752278186380863 20.34982718527317 25.923293352127075 65.897051021456718 21.513727217912674 6.5390853285789481 8.2531272172927839 9.7690580785274488 18.20834115147591 9.2117185145616514 104.09688259661198 7.3837367296218863 28.584287628531456 6.9556901454925528 9.9727477729320508 10.341116160154341
leaf_count=1627 127 1335 12644 2360 522 214 18 270 1872 1052 44 60 87 42 634 92 94 265 75 22 28 33 59 31 633 29 116 29 59 40
internal_value=-0.00323387 0.0351799 -0.0752741 0.0543072 0.00132935 0.0111528 -0.0229151 0.0335146 0.0741913 0.0216267 0.0181671 0.0277072 0.0657709 0.00560476 -0.0478001 0.0147959 0.0400948 0.00762432 0.0269012 0.0108076 -0.0545572 0.0384202 0.044484 0.0147042 -0.0491694 0.00869715 0.037059 0.0197451 0.0219633 0.0293552
internal_weight=4501.77 2936.14 1565.63 1876.07 1060.08 883.434 207.737 917.082 958.986 675.697 93.4154 85.1625 584.331 99.572 176.643 87.906 97.2454 156.78 71.3221 49.8084 14.7922 35.0162 66.6769 27.4201 108.165 297.865 42.9237 35.54 90.8826 80.9098
internal_count=24513 11548 12965 6832 4716 3560 999 2994 3838 2561 321 277 2211 348 1156 306 339 634 245 170 50 120 217 90 651 1226 174 145 369 310
is_linear=0
shrinkage=0.1


Tree=41
num_leaves=31
num_cat=0
split_feature=4 10 10 10 0 10 0 0 0 0 0 10 0 0 0 0 10 8 0 4 0 0 12 9 8 10 0 1 3 6
split_gain=423.232 68.629 73.3717 53.1428 45.7405 27.3411 110.087 24.7705 16.695 16.1998 16.1946 14.746 16.6807 13.6856 11.2114 8.94774 8.67948 8.16435 7.82358 7.63477 7.05959 7.01425 6.57671 8.14693 8.56592 6.39731 9.46004 6.33506 6.07631 6.00854
threshold=16.500000000000004 19.500000000000004 11.500000000000002 19.500000000000004 31.500000000000004 6.5000000000000009 20.500000000000004 28.500000000000004 24.500000000000004 17.500000000000004 46.500000000000007 18.500000000000004 39.500000000000007 54.500000000000007 25.500000000000004 40.500000000000007 5.5000000000000009 0.43019480519480519 26.500000000000004 13.500000000000002 47.500000000000007 55.500000000000007 1.5000000000000002 354.06578947368428 0.33072916666666669 18.500000000000004 47.500000000000007 1.5000000000000002 4.5000000000000009 3.5000000000000004
decision_type=2 2 2 2 2 2 2 2 2 2 2 2 2 2 2 2 2 2 2 2 2 2 2 2 2 2 2 2 2 2
left_child=1 2 5 4 -2 6 9 -7 17 -1 -5 12 18 14 -3 -6 -11 22 -4 -10 -13 28 23 24 -8 -17 -27 -18 -12 -24
right_child=3 13 11 10 15 7 8 -9 19 16 21 20 -14 -15 -16 25 27 -19 -20 -21 -22 -23 29 -25 -26 26 -28 -29 -30 -31
leaf_value=-0.061077344585946471 -0.0079733295580054347 -0.0061152685604202667 0.059732958658096171 0.037298415664842155 -0.053128197075412609 0.031972818198574296 -0.019444478263892472 -0.041079307151775081 0.034335906145564699 -0.030435154379602172 0.083153753472648639 0.027713006366483751 -0.076881808513266411 -0.092295564222574455 0.044232468115644408 -0.080488886837183193 0.00067128749498328961 0.12132276599928937 -0.030904337890889578 0.14218008953528458 -0.063204451159022235 -0.076266556044226233 -0.0078035684718805098 -0.088833329839399344 0.1291492429869425 -0.0075300635094231157 -0.07564804996884654 0.097050691287855512 -0.0199398637789166 0.020813697992001275
leaf_weight=164.50714433938265 142.29953174293041 46.391202747821808 10.445708379149435 70.240649074316025 240.31909196078777 958.09397146105766 29.830469265580177 48.779302932322025 582.78572688996792 191.46834748983383 6.2313366532325736 42.475809291005135 110.91702917218208 7.6597719788551322 948.54819686710835 494.96705128252506 45.276139348745346 6.3867513835430136 107.85688389092684 6.6392945796251288 10.689939439296721 21.420361995697021 105.04143510758877 14.828229203820227 4.4594302028417578 31.695887170732021 57.145428791642189 8.029453828930853 69.278550714254379 243.32841208577156
leaf_count=1630 698 217 37 222 1854 3070 140 285 1891 1447 31 192 882 40 3073 4739 257 28 729 21 59 149 483 70 22 222 513 46 348 1118
internal_value=0.00212653 0.0185271 0.0102091 -0.0513236 -0.0603287 0.0158611 0.00683558 0.0284337 0.0248191 -0.0368094 0.000735546 -0.0380165 -0.049022 0.0408598 0.0418849 -0.0693687 -0.0204994 0.00915724 -0.0229014 0.0355507 0.0094324 -0.0257598 0.00735499 -0.0269014 -0.00011974 -0.076054 -0.0513456 0.015189 -0.0114322 0.0121849
internal_weight=4828.04 3694.44 2691.84 1133.6 966.427 2409.45 1402.58 1006.87 993.3 409.281 167.171 282.385 229.22 1002.6 994.939 824.127 244.774 403.875 118.303 589.425 53.1657 96.9302 397.488 49.1181 34.2899 583.808 88.8413 53.3056 75.5099 348.37
internal_count=24513 15737 12407 8776 8026 10508 7153 3355 3773 3380 750 1899 1648 3330 3290 7328 1750 1861 766 1912 251 528 1833 232 162 5474 735 303 379 1601
is_linear=0
shrinkage=0.1


Tree=42
num_leaves=31
num_cat=0
split_feature=10 4 4 10 0 4 0 10 10 0 3 10 0 10 0 10 0 0 0 13 11 13 8 0 9 8 0 13 12 1
split_gain=600.159 117.172 27.0146 15.8614 16.3566 15.1114 13.3569 12.304 11.562 20.7876 10.8365 10.4717 10.0425 16.8876 9.90326 9.10718 25.7299 7.93492 7.47355 8.4715 8.49159 6.99013 6.97972 6.85781 6.71415 6.51939 6.34183 6.07827 6.04374 6.01948
threshold=7.5000000000000009 7.5000000000000009 23.500000000000004 16.500000000000004 36.500000000000007 10.500000000000002 35.500000000000007 18.500000000000004 18.500000000000004 50.500000000000007 14.500000000000002 6.5000000000000009 40.500000000000007 18.500000000000004 21.500000000000004 17.500000000000004 47.500000000000007 36.500000000000007 37.500000000000007 0.94987468671679209 4.5000000000000009 1.5857142857142861 0.29805897723030988 20.500000000000004 237.85302631578949 0.34654631083202514 54.500000000000007 1.4833333333333336 4.5000000000000009 2.5000000000000004
decision_type=2 2 2 2 2 2 2 2 2 2 2 2 2 2 2 2 2 2 2 2 2 2 2 2 2 2 2 2 2 2
left_child=11 3 5 14 -5 12 7 -7 9 -4 15 -1 13 24 29 16 -8 -17 -15 -20 -21 22 -19 -13 -3 -25 -18 -14 -29 -2
right_child=1 2 8 4 -6 6 10 -9 -10 -11 -12 23 27 18 -16 17 26 21 19 20 -22 -23 -24 25 -26 -27 -28 28 -30 -31
leaf_value=-0.079458295025742753 -0.026427164761920766 -0.0079559787906454231 0.0075455554201478139 -0.073841735813286499 -0.016253856865878585 0.041006726597888836 0.026917505380444146 -0.038763987263612139 0.030882707542030093 -0.046436700781797277 -0.022406806502054181 -0.062007332395461572 0.02423278220195877 -0.065551847905780239 0.065693621367088215 -0.047963319001289445 -0.0056638473769951994 0.03306486409819661 -0.077128020350356499 -0.022815294187445417 0.13266743349787422 -0.0028332038600236398 0.059890711857642623 -0.023958552210439951 0.033653735783215948 0.12303086579705375 -0.058823407336996071 0.17701263100608911 0.040869506722475829 0.043745695824642231
leaf_weight=710.04838455468416 122.57237558066845 73.838671088218689 251.00002492964268 137.395029053092 76.940066412091255 877.01657739281654 923.61348961293697 19.771647572517395 99.130229353904724 99.657977387309074 47.90175549685955 93.858549021184444 59.495783224701881 50.814999729394913 15.192661613225935 11.783283442258833 177.5661424100399 680.40919718891382 8.1610304266214388 7.4078074395656568 6.6800526529550552 46.921460285782814 113.11527656018734 29.462911874055862 81.673773244023323 3.3616972267627707 25.688041470944881 5.6861027032136899 7.6445005089044571 13.578385248780249
leaf_count=7153 643 281 1070 1209 427 2702 3095 113 339 844 204 785 216 387 48 56 998 2388 48 42 36 164 387 213 288 24 242 22 28 61
internal_value=0.00235249 0.0183152 0.0236869 -0.0356686 -0.0531694 0.0268887 0.0290864 0.039248 0.000728247 -0.00779635 0.0245907 -0.074733 0.00556932 -0.00473399 -0.0108837 0.0257282 0.019829 0.0335286 -0.0443892 0.00394492 0.0509101 0.0346712 0.0368888 -0.048248 0.0138971 -0.00890479 -0.0123824 0.0379078 0.0989407 -0.0194288
internal_weight=4877.39 4040.66 3674.98 365.679 214.335 3225.19 2923.79 896.788 449.788 350.658 2027 836.732 301.403 228.576 151.343 1979.1 1126.87 852.229 73.0639 22.2489 14.0879 840.446 793.524 126.683 155.512 32.8246 203.254 72.8264 13.3306 136.151
internal_count=24513 16338 13950 2388 1636 11697 10349 2815 2253 1914 7534 8175 1348 1082 752 7330 4335 2995 513 126 78 2939 2775 1022 569 237 1240 266 50 704
is_linear=0
shrinkage=0.1


Tree=43
num_leaves=31
num_cat=0
split_feature=4 10 0 0 4 0 0 10 10 0 10 10 4 3 0 4 11 11 0 11 6 3 10 11 8 9 12 12 0 9
split_gain=1021.81 89.0977 111.957 50.1929 43.5893 25.5052 23.0172 48.0308 20.3358 18.7561 14.7194 10.2918 10.5577 8.3704 8.29871 6.24698 7.99198 6.67082 6.22807 6.17071 5.85309 5.64471 5.54745 6.14143 5.73006 5.12684 5.1192 4.9368 4.83274 6.56098
threshold=13.500000000000002 19.500000000000004 43.500000000000007 30.500000000000004 9.5000000000000018 52.500000000000007 30.500000000000004 19.500000000000004 18.500000000000004 53.500000000000007 18.500000000000004 7.5000000000000009 10.500000000000002 9.5000000000000018 36.500000000000007 19.500000000000004 1.5000000000000002 4.5000000000000009 26.500000000000004 3.5000000000000004 4.5000000000000009 14.500000000000002 12.500000000000002 2.5000000000000004 0.38138528138528138 148.51445512820516 11.500000000000002 4.5000000000000009 56.500000000000007 229.30280388471181
decision_type=2 2 2 2 2 2 2 2 2 2 2 2 2 2 2 2 2 2 2 2 2 2 2 2 2 2 2 2 2 2
left_child=4 2 3 18 -1 -3 -6 11 9 15 14 -8 -13 -10 22 17 20 19 -2 26 -17 -16 24 -24 -5 -25 -4 -23 29 -15
right_child=1 5 8 10 6 -7 7 -9 13 -11 -12 12 -14 28 21 16 -18 -19 -20 -21 -22 27 23 25 -26 -27 -28 -29 -30 -31
leaf_value=-0.080273044766032586 -0.063023924069875656 -0.070007959234514486 0.039992749547124541 0.021665017505709958 -0.069833621315627328 0.0089551314997572198 -0.082929245944497645 -0.080967145346276401 0.00022532533549231805 0.085337923521472986 -0.048273739647456355 0.14593619595587229 0.018585698457823072 0.018509883690085133 0.028689275417062073 0.089589227291800078 0.068322933197735039 0.02264448593303172 -0.02199044431632298 0.080882712531745893 0.037171449982687586 0.02601842466054366 -0.044956681772936782 -0.04510896346723748 -0.069113036632753269 0.03005217714857197 0.10908817625969197 0.092001163427713112 0.072720179580079466 0.088363247859811839
leaf_weight=1084.5575399696827 56.831694640219212 99.8653175085783 178.75327599048615 255.10544985532761 151.98542030900717 69.284981176257133 9.380069747567175 77.96760755777359 73.818863794207573 253.76490519940853 28.129912793636322 6.8979600369930258 115.69456811994314 79.590156823396683 693.29041451215744 24.402719557285309 434.90944916009903 102.14702931046486 105.94368046522141 60.160396903753281 167.67092740535736 19.388915151357651 31.84976652264595 12.050963461399077 7.1482412964105597 36.75413191318512 11.406935423612593 27.312458038330078 37.3496253490448 16.179388001561165
leaf_count=10774 442 862 565 1001 1322 292 82 733 299 1043 177 47 445 295 2222 80 1445 322 623 191 550 59 128 48 32 142 36 83 116 57
internal_value=-0.001659 0.0327512 0.03714 0.0155437 -0.070245 -0.0376642 -0.0401946 -0.0187376 0.0562417 0.0611094 0.0231418 0.0180268 0.0257514 0.0272331 0.0249969 0.054832 0.06082 0.0441805 -0.0363169 0.0529686 0.0438311 0.0309561 0.0121371 -0.0107982 0.0191907 0.0114934 0.0441375 0.0646072 0.0422098 0.030311
internal_weight=4329.59 2883.11 2713.96 1273.81 1446.48 169.15 361.926 209.94 1440.15 1233.22 1111.03 131.973 122.593 206.938 1082.9 979.451 626.983 352.468 162.775 250.321 192.074 739.992 342.909 80.6549 262.254 48.8051 190.16 46.7014 133.119 95.7695
internal_count=24513 11110 9956 4957 13403 1154 2629 1307 4999 4232 3892 574 492 767 3715 3189 2075 1114 1065 792 630 2364 1351 318 1033 190 601 142 468 352
is_linear=0
shrinkage=0.1


Tree=44
num_leaves=31
num_cat=0
split_feature=4 10 0 4 10 10 0 10 0 0 0 0 10 10 9 3 11 10 7 0 6 9 12 0 9 8 7 8 12 12
split_gain=1078.72 173.831 53.5865 42.6355 40.1035 36.3198 20.4816 33.4968 15.6322 9.34276 8.31235 7.28894 6.92112 6.16792 5.14005 4.89424 5.76395 5.3235 4.8592 6.43978 4.8107 4.66655 4.5906 4.47176 5.35654 5.90857 7.50532 5.20209 4.42528 8.1735
threshold=11.500000000000002 7.5000000000000009 22.500000000000004 5.5000000000000009 6.5000000000000009 6.5000000000000009 36.500000000000007 19.500000000000004 18.500000000000004 30.500000000000004 32.500000000000007 17.500000000000004 6.5000000000000009 22.500000000000004 274.98851851851856 4.5000000000000009 3.5000000000000004 5.5000000000000009 -1.0000000180025095e-35 32.500000000000007 8.5000000000000018 315.80716911764711 8.5000000000000018 15.500000000000002 194.96185268979391 0.23420877659574468 -1.0000000180025095e-35 0.15319426336375488 8.5000000000000018 4.5000000000000009
decision_type=2 2 2 2 2 2 2 2 2 2 2 2 2 2 2 2 2 2 2 2 2 2 2 2 2 2 2 2 2 2
left_child=1 2 5 13 -2 8 7 11 -1 -9 12 -5 -4 18 -15 17 20 -10 19 28 -17 22 -16 27 -25 -26 -27 -7 29 -3
right_child=4 3 10 6 -6 23 -8 9 15 -11 -12 -13 -14 14 21 16 -18 -19 -20 -21 -22 -23 -24 24 25 26 -28 -29 -30 -31
leaf_value=0.079801976496277696 0.017394848589669911 0.01376080747048742 0.028877543237052074 -0.022145541670033773 -0.081377546929137887 0.078160652818940246 -0.064846541315934328 0.034653780853479907 0.063988714605358391 -0.0087184202075252792 -0.020684055734573579 -0.066253450813145487 -0.02829901566681018 -0.02871002883495722 0.050319918387255962 0.025643954112590229 0.064032259311040993 0.033877021010002055 -0.0273921304308333 -0.018790211939182556 -0.069572015069070736 0.025765604403139981 0.12829764162806198 0.090501096439065967 -0.0066938459389411986 0.06825236538660677 0.0046545650139053511 0.028072266569459214 -0.0066975464918501565 0.076219863575158198
leaf_weight=461.58069951832294 42.458163648843765 54.753837257623672 780.60653692483902 58.384853020310402 1291.3118904009461 28.347121030092239 116.9815995246172 89.363661751151085 398.40607690811157 111.79956688731909 37.758543223142624 104.56414870917797 21.761139735579491 11.405815809965132 36.176356285810471 59.162313118577003 43.819719091057777 68.859639346599579 33.557371526956558 42.893720403313637 5.8290687799453726 72.221522465348244 9.5407449901103956 8.989528223872183 86.3818589001894 32.135127604007721 43.913128510117531 77.21578112244606 30.13025738298893 33.938026249408722
leaf_count=2151 148 209 2475 323 12161 86 910 292 1549 577 201 760 116 41 129 214 160 236 167 254 19 259 34 29 289 103 145 237 113 126
internal_value=-0.00356254 0.0300785 0.0448959 -0.00954863 -0.0782333 0.0575025 -0.0284445 -0.0167493 0.06609 0.010549 0.0251691 -0.0504495 0.0273268 0.0184557 0.0353924 0.0551033 0.0360027 0.0595512 0.00723714 0.014423 0.017104 0.0415918 0.0665932 0.0253311 0.0153601 0.0112015 0.0315286 0.0415227 0.0264127 0.0376608
internal_weight=4294.25 2960.48 2154.77 805.711 1333.77 1314.64 481.094 364.112 1037.66 201.163 840.126 162.949 802.368 324.618 129.344 576.077 108.811 467.266 195.273 161.716 64.9914 117.939 45.7171 276.983 171.42 162.43 76.0483 105.563 118.822 88.6919
internal_count=24513 12204 8010 4194 12309 5218 2862 1952 4329 869 2792 1083 2591 1332 463 2178 393 1785 869 702 233 422 163 889 566 537 248 323 448 335
is_linear=0
shrinkage=0.1


Tree=45
num_leaves=31
num_cat=0
split_feature=4 10 10 10 0 10 0 0 0 0 10 0 0 10 0 0 9 11 10 0 4 12 0 0 10 12 1 9 11 5
split_gain=361.496 50.6729 63.0779 48.4827 44.3556 18.9545 88.5586 20.2649 17.6884 14.0627 13.3223 16.2015 12.2477 11.1617 10.574 9.1452 6.95224 6.8919 6.60779 9.11081 6.54786 6.17844 6.08891 5.9948 5.94564 5.90934 5.90566 5.78534 7.11759 7.43617
threshold=16.500000000000004 19.500000000000004 11.500000000000002 19.500000000000004 31.500000000000004 6.5000000000000009 19.500000000000004 28.500000000000004 23.500000000000004 52.500000000000007 18.500000000000004 39.500000000000007 49.500000000000007 5.5000000000000009 30.500000000000004 40.500000000000007 134.65788288288292 3.5000000000000004 18.500000000000004 47.500000000000007 13.500000000000002 2.5000000000000004 47.500000000000007 16.500000000000004 18.500000000000004 11.500000000000002 1.0000000180025095e-35 155.44709045780476 5.5000000000000009 2.5000000000000004
decision_type=2 2 2 2 2 2 2 2 2 2 2 2 2 2 2 2 2 2 2 2 2 2 2 2 2 2 2 2 2 2
left_child=1 2 5 4 27 6 13 -7 26 21 11 16 14 23 -3 24 -4 -18 -17 -20 -10 -5 -12 -1 -6 -9 -8 28 29 -2
right_child=3 12 10 9 15 7 8 25 20 -11 22 -13 -14 -15 -16 18 17 -19 19 -21 -22 -23 -24 -25 -26 -27 -28 -29 -30 -31
leaf_value=-0.075814777906415831 0.059164235938942079 0.018695079871758665 0.10337166171897137 0.052227179556831788 -0.053635033796367332 0.028825261099049562 -0.010816400375973532 -0.049965330514042304 0.028936049550720652 -0.054643120320016919 0.025696272644391668 -0.075492333420694613 -0.021011385996395779 -0.0090107364906621898 0.044225164406858072 -0.07956429933257371 -0.0036398044839609624 -0.053942736374578693 -0.0062113404921614384 -0.074356912950669957 0.1239714699914094 0.0029672421415948697 -0.060457499782266881 -0.040849036070181054 0.041655430642433121 0.071044863893691093 0.014283824098449669 -0.025829817018290197 -0.053507434927623714 -0.016857379944956709
leaf_weight=78.630223460495472 33.942258670926094 207.06484131515026 4.3360064998269072 34.867355570197105 221.05058744549751 959.3490244448185 168.13147635757923 42.479179210960865 701.48117098212242 35.704700261354446 42.94396336376667 102.72546922415495 35.633980184793472 74.877827614545822 749.27890458703041 449.11101745069027 62.075673781335354 48.529641635715961 31.243670806288719 52.731690496206284 7.3255527913570395 94.391170829534531 10.14041894674301 130.26557740569115 6.7477473914623252 4.4590900540351859 211.84784190356731 73.241632923483849 12.423127830028532 20.722468808293343
leaf_count=872 164 734 20 132 1820 3070 934 263 2330 252 192 882 159 664 2437 4739 410 336 222 513 23 366 59 1222 34 22 1108 372 62 100
internal_value=0.00227978 0.0172737 0.0100559 -0.0489326 -0.058056 0.0152613 0.00761818 0.0256863 0.0205859 0.000909832 -0.0356789 -0.0466333 0.0365526 -0.0421366 0.0386975 -0.0675834 -0.0208415 -0.0257109 -0.0747501 -0.0490028 0.0299182 0.0162551 0.00923879 -0.0540104 -0.0508124 -0.0384695 0.00317759 -0.00639713 0.0148181 0.0303457
internal_weight=4707.75 3641.58 2649.6 1066.18 901.214 2378.85 1372.56 1006.29 1088.79 164.963 270.751 217.667 991.978 283.774 956.344 760.885 114.941 110.605 533.086 83.9754 708.807 129.259 53.0844 208.896 227.798 46.9383 379.979 140.329 67.0879 54.6647
internal_count=24513 15737 12407 8776 8026 10508 7153 3355 4395 750 1899 1648 3330 2758 3171 7328 766 746 5474 735 2353 498 251 2094 1854 285 2042 698 326 264
is_linear=0
shrinkage=0.1


Tree=46
num_leaves=31
num_cat=0
split_feature=10 4 4 10 0 4 3 0 10 0 10 11 4 0 10 0 0 3 9 0 10 0 0 10 11 9 0 2 11 8
split_gain=524.74 97.2173 20.0058 14.6892 15.9939 11.9585 12.1259 19.3821 10.7514 10.6293 10.4882 10.4053 8.79675 8.29429 7.68122 14.1524 7.63437 10.3294 7.5931 6.55376 7.67711 24.4843 8.23212 10.5351 7.7578 7.01375 6.51905 6.1797 6.13934 5.87334
threshold=7.5000000000000009 7.5000000000000009 23.500000000000004 16.500000000000004 36.500000000000007 11.500000000000002 5.5000000000000009 37.500000000000007 6.5000000000000009 15.500000000000002 18.500000000000004 5.5000000000000009 29.500000000000004 21.500000000000004 19.500000000000004 52.500000000000007 37.500000000000007 14.500000000000002 287.21704857030949 33.500000000000007 17.500000000000004 48.500000000000007 41.500000000000007 19.500000000000004 3.5000000000000004 183.48472222222225 24.500000000000004 1.5000000000000002 1.0000000180025095e-35 0.30079365079365078
decision_type=2 2 2 2 2 2 2 2 2 2 2 2 2 2 2 2 2 2 2 2 2 2 2 2 2 2 2 2 2 2
left_child=8 3 5 13 -5 6 7 10 -1 -8 -3 18 14 -2 15 -4 -13 -18 19 -7 21 27 23 -22 -23 -24 -10 -21 -11 -6
right_child=1 2 12 4 29 11 9 -9 26 28 -12 16 -14 -15 -16 -17 17 -19 -20 20 22 24 25 -25 -26 -27 -28 -29 -30 -31
leaf_value=-0.078513405809696069 -0.017358781842082317 -0.0094010937456379361 0.012342594647678834 -0.072377474482497414 -0.0039611371586687058 0.033145593375374927 -0.094596089695112587 0.023421577272110555 -0.052080803490480901 0.083727709738415756 -0.067671915385147163 0.059805557801548052 -0.044850694629235459 0.060243393050581032 0.046811096777082367 -0.034538516381483308 0.035055464455522961 -0.077404674308912541 0.062198215076889024 0.059436778921687798 0.030577806590833236 -0.0055709577472407264 0.068787726974487165 -0.032008326333902382 -0.05435149220901743 0.030256883294417419 0.042555609133450495 0.019487008138962973 0.027141007365110437 -0.090172822422294741
leaf_weight=643.53255490958691 133.21410748362541 81.044882699847221 278.04309965670109 127.11094259470701 66.359932661056519 550.15870407223701 6.5942397415637961 125.17295105010271 112.76916752010584 22.233906090259552 49.911452524363995 148.45720331370831 36.883724585175514 15.361299991607664 41.69715541601181 83.799814455211163 255.69468835741282 8.4368133395910245 52.137668952345848 40.444815561175346 63.028175532817841 88.038811035454273 51.92930018901825 46.915543109178543 51.775273837149143 523.44872906804085 7.7811888903379431 908.10897946357727 139.27561462670565 8.9705198854207975
leaf_count=7153 704 301 1219 1209 374 1720 31 495 969 79 390 465 250 48 130 654 934 34 173 131 192 583 178 235 348 1810 53 3088 510 53
internal_value=0.00256213 0.0170531 0.021883 -0.0332142 -0.0507393 0.0246229 0.00898119 -0.00471546 -0.0733794 0.0298499 -0.0316099 0.0270025 0.00189608 -0.00933545 0.00616876 0.00148532 0.0416614 0.0314633 0.024457 0.0236103 0.0206526 0.015432 0.0289435 0.00387085 -0.0236351 0.0337344 -0.0459723 0.0211904 0.0349309 -0.0142274
internal_weight=4768.33 4004.25 3653.23 351.017 202.441 3212.81 424.233 256.129 764.083 168.104 130.956 2788.57 440.424 148.575 403.54 361.843 412.589 264.132 2375.99 2323.85 1773.69 1088.37 685.322 109.944 139.814 575.378 120.55 948.554 161.51 75.3305
internal_count=24513 16338 13950 2388 1636 11697 1806 1186 8175 620 691 9891 2253 752 2003 1873 1433 968 8458 8285 6565 4150 2415 427 931 1988 1022 3219 589 427
is_linear=0
shrinkage=0.1


Tree=47
num_leaves=31
num_cat=0
split_feature=4 10 0 4 0 0 0 10 0 10 10 10 4 0 10 0 0 10 11 8 8 9 9 2 8 9 11 12 8 12
split_gain=878.191 73.0368 90.4671 43.6068 41.0176 23.3818 21.5113 43.2548 17.0022 17.5254 12.4506 9.07896 7.64607 6.44346 6.38106 6.04995 5.95853 4.73764 5.41326 4.99306 4.66737 4.76927 4.66146 4.49138 4.45538 4.41776 5.71877 4.41649 6.22684 6.42625
threshold=13.500000000000002 19.500000000000004 43.500000000000007 9.5000000000000018 30.500000000000004 52.500000000000007 30.500000000000004 19.500000000000004 54.500000000000007 18.500000000000004 18.500000000000004 7.5000000000000009 10.500000000000002 48.500000000000007 18.500000000000004 36.500000000000007 26.500000000000004 12.500000000000002 2.5000000000000004 0.38138528138528138 0.27100988700564976 188.44438821412507 157.91116709732992 8.5000000000000018 0.24544852697782188 203.89068040780145 5.5000000000000009 3.5000000000000004 0.27675941080196403 2.5000000000000004
decision_type=2 2 2 2 2 2 2 2 2 2 2 2 2 2 2 2 2 2 2 2 2 2 2 2 2 2 2 2 2 2
left_child=3 2 4 -1 16 -3 -5 11 9 13 15 -8 -13 -4 -10 17 -2 19 22 -6 21 -20 -19 -18 -16 -14 27 28 29 -27
right_child=1 5 8 6 10 -7 7 -9 14 -11 -12 12 25 -15 24 -17 23 18 20 -21 -22 -23 -24 -25 -26 26 -28 -29 -30 -31
leaf_value=-0.079430120020065192 -0.060823669087499456 -0.068316796873026844 0.04345337223763835 -0.068149180291650444 0.020486395007481714 0.0084392649141606258 -0.082254962416404842 -0.080126584408595741 0.083075494499972813 0.011423477523840597 -0.04598366746548966 0.11982413140120236 -0.016112951327222402 0.059780659408844396 0.070203003841555117 0.027815915168543211 -0.024647965200802532 0.018119557266276471 -0.033940429947070645 -0.066161767804661792 0.05674397643441495 0.049230606086226036 -0.067116700664900983 0.066764057381535333 0.021306467658086706 0.083266793969557593 -0.02756546125266467 0.061203605530585042 -0.051207407257986254 -0.043584142998349971
leaf_weight=988.19768872112036 53.149436756968498 92.73660334199667 573.30125299096107 141.19940153509378 256.44734700024128 69.378283977508545 8.7126076146960241 71.399876341223717 197.47759985923767 131.03545515239239 27.007098525762558 7.7049411833286277 29.974200949072838 417.89614713191986 42.872727453708649 744.43641290068626 97.387996986508369 9.0628279894590396 23.739795506000519 6.8274624198675147 15.398124203085898 9.7164483517408353 21.970142036676407 5.688912719488143 32.96228763461113 13.192604802548891 15.042448595166205 41.755560249090195 10.484517529606817 5.7274622321128836
leaf_count=10774 442 862 1831 1322 1001 292 82 733 886 531 177 47 123 1515 134 2364 593 36 96 32 58 36 92 30 102 47 59 155 40 21
internal_value=-0.00183842 0.0297008 0.0336631 -0.0687418 0.0143606 -0.0354685 -0.0381441 -0.0173754 0.0512405 0.0457934 0.0210866 0.0164151 0.0233545 0.0503371 0.0736068 0.0227521 -0.0336265 0.011767 -0.00956335 0.0182394 0.0111834 -0.00978568 -0.0422244 -0.0196028 0.0489497 0.0169566 0.0284554 0.0402976 0.0106104 0.0448666
internal_weight=4161.88 2828.49 2666.38 1333.39 1270.83 162.115 345.194 203.994 1395.55 1122.23 1114.61 132.594 123.882 991.197 273.313 1087.6 156.226 343.162 79.8873 263.275 48.8544 33.4562 31.033 103.077 75.835 116.177 86.2026 71.1601 29.4046 18.9201
internal_count=24513 11110 9956 13403 4957 1154 2629 1307 4999 3877 3892 574 492 3346 1122 3715 1065 1351 318 1033 190 132 128 623 236 445 322 263 108 68
is_linear=0
shrinkage=0.1


Tree=48
num_leaves=31
num_cat=0
split_feature=4 10 0 10 4 10 0 10 0 10 0 0 0 0 10 8 10 0 0 12 9 8 0 0 8 6 6 6 6 6
split_gain=939.486 139.104 47.2788 38.4275 36.5237 29.8924 19.2678 27.4348 10.6022 10.1677 11.3492 8.32403 7.11669 5.70411 5.51766 5.51027 5.17576 6.3437 5.07479 4.66034 5.08994 4.50202 4.43627 4.29677 7.53721 4.66042 4.50562 5.8267 5.42603 4.13828
threshold=11.500000000000002 7.5000000000000009 20.500000000000004 6.5000000000000009 5.5000000000000009 6.5000000000000009 38.500000000000007 20.500000000000004 31.500000000000004 6.5000000000000009 24.500000000000004 17.500000000000004 19.500000000000004 33.500000000000007 5.5000000000000009 0.43019480519480519 21.500000000000004 24.500000000000004 17.500000000000004 1.5000000000000002 354.06578947368428 0.33072916666666669 24.500000000000004 36.500000000000007 0.28165064102564102 3.5000000000000004 5.5000000000000009 7.5000000000000009 10.500000000000002 1.5000000000000002
decision_type=2 2 2 2 2 2 2 2 2 2 2 2 2 2 2 2 2 2 2 2 2 2 2 2 2 2 2 2 2 2
left_child=1 2 5 -2 16 11 7 12 -9 10 15 -1 -6 -12 -13 19 18 -18 29 20 21 -4 -11 25 -25 -19 -27 -28 -29 -3
right_child=3 4 9 -5 6 -7 -8 8 -10 22 13 14 -14 -15 -16 -17 17 23 -20 -21 -22 -23 -24 24 -26 26 27 28 -30 -31
leaf_value=0.079821842529583506 0.016391178182639552 -0.039787334122658093 0.059218493569961145 -0.08057511709258626 -0.028318142066794685 0.02736833511934297 -0.07081537887706757 0.028215444337573989 -0.015564516475051055 -0.00486459895464025 0.020923512439870305 0.063833221236901189 -0.070285377815986386 -0.028986157009411151 0.034352832534098959 -0.040096387165367793 0.068006379647519336 0.1157936121754273 -0.044333737840526133 0.036981955943987448 0.10748694589977617 -0.03310924333555796 -0.088583238192419311 -0.049423885859033012 0.08620696825565409 -0.023377081782210141 0.059523613566362488 -0.0030293427650589194 0.04440513103627812 0.020952510250709846
leaf_weight=311.49320434033871 42.333409249782562 13.592888757586477 40.401517510414124 1181.9816854074597 84.686793297529221 249.98698970675468 80.741118535399437 108.11451357603073 113.26684477925301 41.399896219372749 513.41089597344398 323.74613951146603 77.280104070901871 23.968143865466118 78.974656209349632 8.6120577454566938 30.738841950893402 5.4415510445833197 21.723099961876869 462.29478785395622 19.996034190058708 6.0755253434181204 7.4719401299953452 19.048275753855709 5.2201009690761557 19.506686255335808 41.342501625418663 63.318978369235992 38.949447885155678 64.171146467328072
leaf_count=1630 148 60 139 12161 524 781 702 367 662 177 1656 1443 607 148 298 28 106 20 128 1572 70 21 47 128 35 70 148 230 144 263
internal_value=-0.00386197 0.0273787 0.0408849 -0.0772223 -0.00844529 0.0571296 -0.0264173 -0.0170661 0.00581601 0.026945 0.0289735 0.0675466 -0.0483422 0.0186974 0.058052 0.0392496 0.0173728 0.0258164 -0.00160166 0.0405419 0.0652997 0.0471493 -0.0176642 0.0190909 -0.0202498 0.024755 0.021718 0.0278433 0.0150363 0.0103354
internal_weight=4099.29 2874.97 2087.83 1224.32 787.143 964.201 464.089 383.348 221.381 1123.63 1074.76 714.214 161.967 537.379 402.721 537.38 323.054 223.566 99.4871 528.768 66.4731 46.477 48.8718 192.828 24.2684 168.559 163.118 143.611 102.268 77.764
internal_count=24513 12204 8010 12309 4194 4152 2862 2160 1029 3858 3634 3371 1131 1804 1741 1830 1332 881 451 1802 230 160 224 775 163 612 592 522 374 323
is_linear=0
shrinkage=0.1


Tree=49
num_leaves=31
num_cat=0
split_feature=4 10 0 10 0 10 10 4 10 0 9 0 0 8 0 11 4 0 4 10 4 10 0 10 8 0 7 8 10 9
split_gain=310.462 46.022 77.1811 27.4602 33.6852 20.1203 20.0628 11.7547 14.3339 27.0311 9.89986 9.17363 8.90721 7.9546 7.81736 7.28305 8.13262 7.19339 6.21997 8.89345 8.18428 9.68238 11.7592 9.71696 8.85722 7.77215 7.63272 7.42434 6.19832 6.39819
threshold=17.500000000000004 19.500000000000004 36.500000000000007 19.500000000000004 31.500000000000004 9.5000000000000018 18.500000000000004 4.5000000000000009 6.5000000000000009 19.500000000000004 152.77033096926718 54.500000000000007 55.500000000000007 0.14670014347202293 25.500000000000004 5.5000000000000009 20.500000000000004 40.500000000000007 13.500000000000002 6.5000000000000009 7.5000000000000009 7.5000000000000009 22.500000000000004 6.5000000000000009 0.22016949152542373 26.500000000000004 -1.0000000180025095e-35 0.30267794221282596 5.5000000000000009 406.13259259259263
decision_type=2 2 2 2 2 2 2 2 2 2 2 2 2 2 2 2 2 2 2 2 2 2 2 2 2 2 2 2 2 2
left_child=1 2 7 4 10 -4 -7 8 9 28 15 14 -5 -9 -3 16 -2 -6 20 -20 21 22 23 -15 -24 -21 -25 -26 -1 -30
right_child=3 11 5 12 17 6 -8 13 -10 -11 -12 -13 -14 18 -16 -17 -18 -19 19 25 -22 -23 24 26 27 -27 -28 -29 29 -31
leaf_value=-0.069401916558504126 0.07957755565398128 -0.0061868149828810445 0.072648828540462548 0.0015219466470965106 -0.051261056435219624 -0.067719525356269406 0.00042534100479029146 0.0024375055473223766 0.021681054761006655 0.0081825378244639799 -0.037664265430084019 -0.07667703246287344 -0.073301549310417699 -0.017609854258942934 0.035842508632655853 -0.056994208432629083 -0.0090688037309736447 -0.074731880456758923 0.14132610945312435 0.023198317586837085 0.029467859382912544 0.040137805250322151 -0.00034103277696619999 -0.0082352615560331768 0.049180721176550174 -0.016790420980333304 0.044064528938531029 0.01120914651543034 -0.042259148500338489 0.075083049220576542
leaf_weight=78.544447690248489 24.677887782454491 46.395384252071381 13.820850908756254 110.4955317825079 184.71870632469654 181.10833259671926 56.739409185945988 323.65658351033926 174.99836027622223 185.2162778377533 48.964307114481926 7.5586066469550124 18.58594872802496 198.53253300487995 958.93097957968712 8.9187950491905195 17.824275881052017 445.53324005752802 4.5563544929027548 83.888289675116539 718.41299550235271 124.14036710560322 109.50929436087608 53.121654152870178 133.50548832118511 115.55207992345095 58.784268409013748 83.821388632059097 17.574868395924572 6.3169113621115676
leaf_count=892 117 217 49 478 1588 1676 303 1481 547 830 263 44 146 1624 3195 49 87 5039 14 303 2738 385 387 162 446 744 179 289 182 59
internal_value=0.00240838 0.0148805 0.00810866 -0.0517716 -0.0592836 -0.0446475 -0.0514633 0.0134837 -0.00088588 -0.0146149 -0.00548251 0.0330777 -0.0092516 0.0167954 0.0339029 0.0251618 0.0424016 -0.0678529 0.0195552 0.0031855 0.0218117 0.014588 0.00961095 -0.0043271 0.0228497 2.95784e-05 0.0192379 0.0345354 -0.0558351 -0.0112342
internal_weight=4594.4 3734.69 2721.8 859.719 730.637 251.669 237.848 2470.13 462.651 287.653 100.385 1012.88 129.081 2007.48 1005.33 51.421 42.5022 630.252 1683.82 203.997 1479.83 761.415 637.275 310.438 326.836 199.44 111.906 217.327 102.436 23.8918
internal_count=24513 16746 13290 7767 7143 2028 1979 11262 2510 1963 516 3456 624 8752 3412 253 204 6627 7271 1061 6210 3472 3087 1965 1122 1047 341 735 1133 241
is_linear=0
shrinkage=0.1


Tree=50
num_leaves=31
num_cat=0
split_feature=10 4 4 10 0 10 4 0 10 8 0 10 0 3 0 11 11 9 5 12 8 0 12 0 12 8 9 3 11 12
split_gain=459.23 80.8387 15.5115 13.31 15.6796 11.1031 8.16661 9.29624 26.4131 8.42343 7.77201 12.3972 7.35434 6.92691 6.83848 6.656 8.1616 8.6133 8.16689 6.78139 7.04004 6.35383 6.28483 6.11953 15.4525 5.90171 5.72371 5.5879 6.78315 5.96075
threshold=7.5000000000000009 7.5000000000000009 26.500000000000004 16.500000000000004 36.500000000000007 6.5000000000000009 10.500000000000002 51.500000000000007 18.500000000000004 0.16405676535356004 40.500000000000007 19.500000000000004 34.500000000000007 13.500000000000002 21.500000000000004 4.5000000000000009 3.5000000000000004 286.16530388471193 3.5000000000000004 11.500000000000002 0.059714795008912656 20.500000000000004 8.5000000000000018 31.500000000000004 11.500000000000002 0.30993431855500825 179.7210300985989 5.5000000000000009 4.5000000000000009 6.5000000000000009
decision_type=2 2 2 2 2 2 2 2 2 2 2 2 2 2 2 2 2 2 2 2 2 2 2 2 2 2 2 2 2 2
left_child=5 3 6 14 -5 23 10 15 -9 -10 11 26 -13 -11 -2 16 19 18 -18 20 -8 -7 -17 -1 -25 -22 -3 28 -28 -30
right_child=1 2 -4 4 -6 21 7 8 9 13 -12 12 -14 -15 -16 22 17 -19 -20 -21 25 -23 -24 24 -26 -27 27 -29 29 -31
leaf_value=-0.079970433262133239 -0.015656718148458877 -0.04256187492336299 -0.013073138033695654 -0.070942858579366747 -0.012103006158912771 -0.058100497733124479 0.14857977647668083 -0.027428398389929543 0.088542659763993059 0.029672589215877385 0.033797778545875956 -0.079197348442047705 -0.01155173078130629 -0.036791732863491321 0.054567209956659327 0.027395773313542423 0.019404332561536546 0.08146079359999403 -0.0097839765540302034 -0.001737756406986965 0.023441034882123537 -0.0053756594127050868 0.047591742743609139 -0.05478141151006613 0.21026989762007822 0.040627080262882261 -0.025972783787804894 0.036716547250565577 0.088424513221056156 -0.021664746364107063
leaf_weight=554.91387131810188 130.92107555270195 17.331003934144974 134.54355987906456 117.58435100317001 73.659630246460438 83.098674975335598 4.7045424580574027 132.45925854146481 22.102973461151123 156.08085082471371 73.673460692167282 27.77689053863287 38.139301642775536 17.431865230202675 15.510053128004072 624.71521490812302 209.11937291920185 15.753425866365431 176.99464195966721 90.414024338126183 1308.8055500537157 31.527992069721222 204.53494389355183 26.322050660848621 2.4001490995287886 235.8159071803093 43.131844595074654 75.775720909237862 12.181444078683855 8.2486400902271253
leaf_count=6854 704 78 814 1209 427 785 15 1139 70 500 266 250 260 61 48 2169 719 53 646 316 4603 237 708 274 25 789 158 258 46 32
internal_value=0.00273044 0.0158922 0.020246 -0.0309076 -0.0482801 -0.0720524 0.0215286 0.0229996 0.00705292 0.0304016 0.00564484 -0.00367351 -0.0400574 0.0229953 -0.00821857 0.0248219 0.0217532 0.00898156 0.00602441 0.0248833 0.0264368 -0.0435986 0.0323771 -0.0776408 -0.0326326 0.0260648 0.0116345 0.0183755 -0.00348983 0.043976
internal_weight=4665.67 3967.41 3629.73 337.675 191.244 698.263 3495.19 3198.93 328.075 195.616 296.258 222.585 65.9162 173.513 146.431 2870.86 2041.61 401.867 386.114 1639.74 1549.33 114.627 829.25 583.636 28.7222 1544.62 156.669 139.338 63.5619 20.4301
internal_count=24513 16338 13950 2388 1636 8175 13136 11788 1770 631 1348 1082 510 561 752 10018 7141 1418 1365 5723 5407 1022 2877 7153 299 5392 572 494 236 78
is_linear=0
shrinkage=0.1


Tree=51
num_leaves=31
num_cat=0
split_feature=4 10 0 0 0 4 10 0 10 0 10 0 0 10 10 8 7 1 9 13 1 12 12 12 8 8 8 8 4 11
split_gain=759.266 70.6945 79.2311 48.1287 24.7422 23.8842 15.6469 15.2049 32.8225 12.2884 9.9189 8.8912 8.52013 6.74547 6.51926 6.04457 5.70471 5.4739 6.13723 5.40154 5.05549 4.92367 6.27547 5.78439 7.85121 4.743 4.707 4.54826 4.41447 5.53468
threshold=12.500000000000002 19.500000000000004 45.500000000000007 30.500000000000004 52.500000000000007 9.5000000000000018 18.500000000000004 37.500000000000007 18.500000000000004 54.500000000000007 17.500000000000004 26.500000000000004 39.500000000000007 18.500000000000004 12.500000000000002 0.35355392156862747 -7.4999999999999991 1.0000000180025095e-35 203.89068040780145 0.72077922077922085 5.5000000000000009 4.5000000000000009 7.5000000000000009 9.5000000000000018 0.13819628647214852 0.13597842835130966 0.24417344173441732 0.19264507422402158 20.500000000000004 1.5000000000000002
decision_type=2 2 2 2 2 2 2 2 2 2 2 2 2 2 2 2 2 2 2 2 2 2 2 2 2 2 2 2 2 2
left_child=5 2 3 11 -3 -1 12 -7 17 10 28 -2 14 -11 15 -5 -14 -9 -19 -20 -12 -18 25 24 -24 -23 -25 -6 -4 -30
right_child=1 4 9 6 27 7 -8 8 -10 13 20 -13 16 -15 -16 -17 21 18 19 -21 -22 22 23 26 -26 -27 -28 -29 29 -31
leaf_value=-0.07866070907148151 -0.064076168596159333 -0.068712274440820023 0.040572865878096234 0.025229588410153738 -0.043585996983782384 -0.061675886201540589 -0.034923035025742205 -0.0053045962848268097 -0.074113659257301692 0.079366007072234235 0.023917439640002758 -0.017256370153289086 -0.031419570186427423 0.043726076259830882 0.0018117468075427364 -0.031821616553736796 0.023152495665828256 -0.038434329155104668 0.0080397627431513536 0.11569319049490692 0.10702431340453507 0.00078747519553204546 0.11314076649052481 0.028976877898217453 0.0018202386393035019 0.061291813198199721 0.070775488332234127 0.021019894417582011 0.038651726442793549 0.065638664053336696
leaf_weight=900.80845198780298 64.968529261648655 100.83741698414087 256.60335464775562 387.46027547866106 13.488599345088003 150.38468033075333 48.242589391767979 12.00170451402664 39.511592224240303 181.51997981965542 229.07223181426525 107.96121942251921 14.540674984455107 75.066940784454346 243.61034633219242 19.505932658910751 336.37591451406479 4.1867082864046123 5.9965076372027424 20.924474999308586 7.5612460523843756 14.315889567136763 6.8423191010951987 78.071245342493057 85.547019332647324 136.42106103897095 41.137484699487686 56.712042234838009 107.75797364115715 257.81786575913429
leaf_count=10774 591 1025 883 1412 63 1427 295 45 423 886 839 693 46 236 886 82 1046 15 22 78 27 44 21 244 267 424 129 237 393 960
internal_value=-0.00199064 0.0253685 0.0293174 0.0149482 -0.0369777 -0.0712791 0.0210463 -0.0427415 -0.00827751 0.0497364 0.0439992 -0.0348462 0.0230261 0.0689392 0.0147502 0.0224951 0.0305748 0.0520641 0.0741976 0.091714 0.026573 0.0318649 0.0399531 0.0288455 0.0100646 0.0555456 0.0434011 0.00860629 0.0506269 0.0576839
internal_weight=4005.25 2871.44 2700.4 1585 171.038 1133.81 1412.07 233.006 82.621 1115.4 858.813 172.93 1363.83 256.587 650.577 406.966 713.252 43.1094 31.1077 26.921 236.633 698.711 362.335 211.598 92.3893 150.737 119.209 70.2006 622.179 365.576
internal_count=24513 11729 10404 6180 1325 12784 4896 2010 583 4224 3102 1284 4601 1122 2380 1494 2221 160 115 100 866 2175 1129 661 288 468 373 300 2236 1353
is_linear=0
shrinkage=0.1


Tree=52
num_leaves=31
num_cat=0
split_feature=4 10 0 10 4 10 0 10 0 10 0 0 0 8 10 12 9 7 0 0 0 0 9 8 4 2 8 6 5 13
split_gain=821.36 110.554 41.0346 37.0703 31.2868 27.6625 18.0051 24.6885 8.32719 8.15592 8.89497 7.51415 6.33995 5.23545 4.87913 4.64535 6.82292 4.61973 4.60059 4.35536 4.33881 4.13288 4.04008 4.02938 5.18671 3.98119 3.92728 3.92396 4.40589 4.85933
threshold=11.500000000000002 7.5000000000000009 20.500000000000004 6.5000000000000009 5.5000000000000009 5.5000000000000009 38.500000000000007 19.500000000000004 31.500000000000004 6.5000000000000009 25.500000000000004 19.500000000000004 16.500000000000004 0.12262799856784816 6.5000000000000009 11.500000000000002 381.94604166666676 -1.0000000180025095e-35 36.500000000000007 33.500000000000007 17.500000000000004 24.500000000000004 480.64579124579126 0.32037735849056609 8.5000000000000018 2.5000000000000004 0.12599206349206346 10.500000000000002 5.5000000000000009 0.78888888888888908
decision_type=2 2 2 2 2 2 2 2 2 2 2 2 2 2 2 2 2 2 2 2 2 2 2 2 2 2 2 2 2 2
left_child=1 2 5 -2 17 12 7 11 26 10 13 25 -1 -4 20 27 -17 19 23 -3 -7 -11 -16 -12 -25 -6 -9 28 -15 -30
right_child=3 4 9 -5 6 14 -8 8 -10 21 18 -13 -14 15 22 16 -18 -19 -20 -21 -22 -23 -24 24 -26 -27 -28 -29 29 -31
leaf_value=0.08576233667733936 0.015699957248197845 0.026235972812597787 0.062820338388306696 -0.079858264926206748 -0.0030582289101555808 0.063353326462363468 -0.069162316887807537 0.08577455308487042 -0.013168423095151805 -0.0039821993305102343 0.011974332618909494 -0.070800835528985057 0.06123097695781729 0.028899679028605674 0.022677075342341518 0.089649582702462649 -0.018593922778158922 -0.017798609647329731 -0.070157567708806587 -0.0067567132789830738 0.030195622410037655 -0.087336933738642153 0.098525909639076675 0.05401749939786369 -0.016873565881918368 -0.04708038696029114 0.019583201087268742 0.083112265944935926 0.050846296154086527 -0.057083022800369088
leaf_weight=149.76607298851013 42.177222296595573 237.48938594758511 55.66127522289753 1083.2970643639565 39.207845151424408 81.460472196340561 74.955446660518646 9.8590675443410856 113.21544997394085 41.128243088722229 354.73992276191711 69.338706165552139 355.25148130953312 517.8102515488863 243.91690698266029 27.038937881588936 7.4216333329677573 35.033732503652573 6.2739302366971961 48.118905767798424 76.54862242937088 6.9540401771664611 7.2306858897209159 50.070487841963768 13.000380977988241 43.154542103409767 98.705290034413338 12.84336034953594 6.3028905689716366 12.336259901523588
leaf_count=872 148 855 195 12161 229 458 702 34 684 177 1202 582 1743 1756 759 96 25 177 42 300 298 47 22 169 44 295 336 42 22 41
internal_value=-0.00414706 0.0248996 0.0371542 -0.0762772 -0.00737913 0.0528484 -0.0244343 -0.0154576 0.00580645 0.0242472 0.0260686 -0.0465447 0.0685059 0.0335165 0.0335225 0.0307224 0.0663376 0.0164735 0.0148389 0.0206774 0.0472898 -0.0160376 0.0248608 0.0161152 0.0394052 -0.026124 0.0255942 0.028488 0.0271803 -0.0205864
internal_weight=3920.31 2794.83 2025.76 1125.47 769.078 914.174 448.436 373.481 221.78 1111.58 1063.5 151.701 505.018 639.415 409.157 583.753 34.4606 320.642 424.085 285.608 158.009 48.0823 251.148 417.811 63.0709 82.3624 108.564 549.293 536.449 18.6392
internal_count=24513 12204 8010 12309 4194 4152 2862 2160 1054 3858 3634 1106 2615 2177 1537 1982 121 1332 1457 1155 756 224 781 1415 213 524 370 1861 1819 63
is_linear=0
shrinkage=0.1


Tree=53
num_leaves=31
num_cat=0
split_feature=4 10 0 10 0 10 10 4 10 0 9 0 0 0 8 11 4 10 12 9 0 13 6 4 4 10 0 4 10 0
split_gain=267.419 34.7881 67.2732 25.5052 32.2289 17.2309 18.9985 9.03382 10.7387 23.2089 8.62255 8.09534 7.77595 7.36134 6.58941 6.39176 6.53536 6.21816 6.16458 5.98378 5.90137 5.87107 5.54412 5.27634 5.12747 7.48522 6.44182 6.26436 6.82109 8.92566
threshold=17.500000000000004 19.500000000000004 36.500000000000007 19.500000000000004 31.500000000000004 9.5000000000000018 18.500000000000004 4.5000000000000009 6.5000000000000009 19.500000000000004 155.44709045780476 55.500000000000007 54.500000000000007 40.500000000000007 0.14670014347202293 5.5000000000000009 20.500000000000004 5.5000000000000009 2.5000000000000004 344.52549206349209 26.500000000000004 1.1791443850267382 3.5000000000000004 20.500000000000004 13.500000000000002 6.5000000000000009 26.500000000000004 7.5000000000000009 7.5000000000000009 20.500000000000004
decision_type=2 2 2 2 2 2 2 2 2 2 2 2 2 2 2 2 2 2 2 2 2 2 2 2 2 2 2 2 2 2
left_child=1 2 7 4 10 -4 -7 8 9 17 15 18 20 -6 -9 16 -2 -1 23 -19 21 -3 -18 -5 27 -26 -27 28 29 -16
right_child=3 12 5 11 13 6 -8 14 -10 -11 -12 -13 -14 -15 24 -17 22 19 -20 -21 -22 -23 -24 -25 25 26 -28 -29 -30 -31
leaf_value=-0.067399177297640736 0.068118214510802091 -0.021133880957811598 0.068111678939227427 0.076803923868915047 -0.049062894960177517 -0.066016051417418134 0.0010098719555661653 0.0027240273645515465 0.019592183141453876 0.0085370597864090157 -0.036876984665017487 -0.071872296739228986 -0.07452340976880982 -0.073570035731210945 -0.0058730280553776328 -0.055563767418851197 0.057270591798251703 -0.06229877581819198 -0.012589926824397361 0.040663698568140415 0.032672649657545773 0.039867464255502971 -0.055657426485281269 -0.01009117131281567 0.12993504768113018 0.021422580226688796 -0.015061354072126946 0.027090361066220994 0.035576235733580958 0.018868631618494516
leaf_weight=70.427362486720085 27.447587877511978 41.68309386074543 13.254518777132033 17.045533791184429 175.38739085942507 168.70056726783514 56.437352232635021 320.82719174027443 174.96478140354156 183.99237887561321 45.114277496933937 17.413879871368408 7.086494304239749 406.972064062953 229.82644108682871 8.8298934847116453 7.3591764867305782 10.548366442322733 81.391473889350891 12.141034319996832 927.31851232051849 25.386608242988586 10.622708335518835 11.842803955078123 4.572572946548461 84.470733776688576 113.31900630146265 719.62656337767839 122.97122889757156 398.85045155882835
leaf_count=892 126 193 49 68 1588 1676 303 1481 547 830 250 146 44 5039 1571 51 37 121 354 120 3109 110 52 56 14 303 744 2738 385 1516
internal_value=0.0025228 0.013951 0.0080181 -0.0495251 -0.0572077 -0.0426908 -0.0492141 0.0129592 0.000195762 -0.012051 -0.00457252 -0.00850968 0.029857 -0.0661893 0.0158522 0.0222872 0.0374187 -0.0527316 0.00149568 -0.00720385 0.0306009 0.00195579 -0.00944107 0.0411812 0.0183688 0.00344422 0.000519963 0.0204216 0.0140369 0.00982378
internal_weight=4495.83 3686.41 2684.93 809.427 681.733 238.392 225.138 2446.54 452.074 277.109 99.3736 127.694 1001.47 582.359 1994.46 54.2594 45.4295 93.1168 110.28 22.6894 994.388 67.0697 17.9819 28.8883 1673.64 202.362 197.79 1471.27 751.648 628.677
internal_count=24513 16746 13290 7767 7143 2028 1979 11262 2510 1963 516 624 3456 6627 8752 266 215 1133 478 241 3412 303 89 124 7271 1061 1047 6210 3472 3087
is_linear=0
shrinkage=0.1


Tree=54
num_leaves=31
num_cat=0
split_feature=10 4 10 0 4 10 0 4 2 0 10 0 3 0 9 3 0 1 0 11 10 0 11 0 10 13 9 8 8 0
split_gain=402.369 66.8689 12.0737 15.1973 11.7199 11.3888 7.27668 7.01638 9.82861 8.7556 14.2106 7.0572 7.71073 6.48577 6.26946 6.28299 5.97583 7.53935 5.89742 5.7329 5.79737 18.2956 9.72148 6.22927 7.29605 5.97897 5.67203 5.58558 5.3622 5.14675
threshold=7.5000000000000009 7.5000000000000009 16.500000000000004 36.500000000000007 26.500000000000004 6.5000000000000009 63.500000000000007 11.500000000000002 4.5000000000000009 38.500000000000007 19.500000000000004 33.500000000000007 14.500000000000002 35.500000000000007 237.85302631578949 7.5000000000000009 19.500000000000004 2.5000000000000004 20.500000000000004 5.5000000000000009 17.500000000000004 48.500000000000007 3.5000000000000004 41.500000000000007 19.500000000000004 1.1622807017543864 180.46468456948 0.30079365079365078 0.31726674409601241 15.500000000000002
decision_type=2 2 2 2 2 2 2 2 2 2 2 2 2 2 2 2 2 2 2 2 2 2 2 2 2 2 2 2 2 2
left_child=5 2 16 -4 6 13 7 8 9 10 14 -9 19 -1 -3 -16 17 -2 -7 20 21 -13 -23 24 -22 -25 -10 -5 -20 -19
right_child=1 4 3 27 -6 18 -8 11 26 -11 -12 12 -14 -15 15 -17 -18 29 28 -21 23 22 -24 25 -26 -27 -28 -29 -30 -31
leaf_value=-0.078111414803681625 -0.026793923589588677 -0.015983275002741573 -0.069481229540912279 -0.00043391172052945862 -0.010673911653571115 -0.056085851781219588 -0.065866457545858001 0.030808720023563066 -0.031665557253390202 0.020286285868108715 -0.055114628891277745 0.01882120843453701 -0.0073191177814671982 0.018756166381416254 0.01381375771746263 0.10285003096147555 0.028464757296775185 -0.017353785614109742 -0.025009240011586317 0.032320830870375482 0.025467139617940105 0.00051269755925349779 -0.051329311773844491 0.035208905869883962 -0.026137940858296706 0.013324561740353291 0.050652000172286327 -0.088445835226153249 0.07971883416049437 0.13232749213559272
leaf_weight=522.66576905921102 99.383332744240761 77.290936097502708 108.68018516898155 64.189736589789391 130.97035636752844 78.192887358367443 9.8877524957060796 666.04402427375317 9.5694334059953672 136.66841503977776 56.433074556291103 1042.4300473183393 105.07776426523924 7.0046500712633124 62.903912961483002 9.0681469142436963 35.63994511961937 4.0687227696180326 25.237056337296966 342.14413654059172 64.556808888912201 103.69385246187449 55.548868112266064 451.91628506779671 47.596056342124939 172.49270429462194 66.812838159501553 8.1233848854899389 6.0636174306273452 5.2760433852672577
leaf_count=7078 575 285 1209 374 814 785 63 2113 39 513 486 3580 490 75 221 29 132 21 193 1256 198 757 424 1596 243 610 233 53 44 24
internal_value=0.00283125 0.0147805 -0.0286401 -0.0458446 0.0186927 -0.0707613 0.0197978 0.0200419 0.00790364 0.000667251 -0.012368 0.0217076 0.0191665 -0.0768304 0.00379355 0.0250319 -0.00707102 -0.0187193 -0.0414023 0.0203869 0.0182803 0.0139985 -0.0175714 0.0252659 0.00356669 0.0291634 0.040339 -0.0103208 -0.00472115 0.0671561
internal_weight=4575.63 3936.47 325.361 180.993 3611.11 639.164 3480.14 3470.25 418.747 342.364 205.696 3051.5 2385.46 529.67 149.263 71.9721 144.368 108.728 109.494 2280.38 1938.23 1201.67 159.243 736.562 112.153 624.409 76.3823 72.3131 31.3007 9.34477
internal_count=24513 16338 2388 1636 13950 8175 13136 13073 1806 1534 1021 11267 9154 7153 535 250 752 620 1022 8664 7408 4761 1181 2647 441 2206 272 427 237 45
is_linear=0
shrinkage=0.1


Tree=55
num_leaves=31
num_cat=0
split_feature=4 10 0 0 4 0 10 0 10 0 10 0 0 10 8 1 9 13 3 7 12 7 11 11 9 7 7 12 12 12
split_gain=660.169 58.8089 64.5713 43.6507 24.0577 22.7227 14.2855 13.8581 28.6619 9.53191 9.16414 9.63028 8.42535 5.49295 5.02757 4.90545 4.75193 4.70814 4.60745 4.43096 5.07216 7.45798 7.03923 5.84176 7.93229 8.48019 4.31023 4.41393 4.17681 6.99108
threshold=12.500000000000002 19.500000000000004 47.500000000000007 30.500000000000004 9.5000000000000018 52.500000000000007 18.500000000000004 37.500000000000007 18.500000000000004 39.500000000000007 18.500000000000004 53.500000000000007 26.500000000000004 12.500000000000002 0.35355392156862747 1.0000000180025095e-35 211.33875000000003 0.25833333333333336 14.500000000000002 5.5000000000000009 1.5000000000000002 -2.4999999999999996 2.5000000000000004 4.5000000000000009 191.80377406281667 1.5000000000000002 -4.4999999999999991 5.5000000000000009 4.5000000000000009 5.5000000000000009
decision_type=2 2 2 2 2 2 2 2 2 2 2 2 2 2 2 2 2 2 2 2 2 2 2 2 2 2 2 2 2 2
left_child=4 2 3 12 -1 -3 9 -6 16 13 11 17 -2 14 19 -12 -9 -4 28 20 22 -22 -5 -23 -25 -26 -7 -28 -11 -30
right_child=1 5 10 6 7 26 -8 8 -10 18 15 -13 -14 -15 -16 -17 -18 -19 -20 -21 21 23 -24 24 25 -27 27 -29 29 -31
leaf_value=-0.077949513972218568 -0.06224859136420155 -0.067227459382212057 -0.04133578022553637 0.01754270806354867 -0.059621442053828383 -0.052481924776977676 -0.022303191155822289 -0.012105620969246417 -0.072885755524267667 0.02033297801675775 -0.042172836742416321 0.073586082663708349 -0.015552233160693799 0.0018681030028328161 -0.029262885911281435 0.032980577437281021 0.065809920087867069 0.048391240006107575 0.054952974502558295 0.012923642230079167 -0.060693241117273006 0.044950631567258564 0.13736055527003993 -0.030089089167047611 0.16427000336840225 0.0054555404811714933 -0.0069823355710329623 0.04736447095896254 0.058877203281697967 0.027984322611084685
leaf_weight=821.77258232608438 60.839062698185444 93.883598387241364 5.9241718351840964 9.0824937894940394 140.98737923800945 10.095010250806807 72.617051050066948 10.246475443243979 36.425547532737255 417.59009736776352 9.2009217739105207 198.51393017172813 105.88732204586267 243.44720524549484 19.095344513654709 154.96256127953529 33.155804216861725 454.47407294809818 66.062883973121643 200.49483127892017 8.8522560819983465 118.77743209153414 10.655820220708845 27.510505363345146 5.1529609039425841 9.6749309599399549 32.336983501911163 27.785082705318928 91.563372820615768 366.32056483626366
leaf_count=10774 591 1025 21 33 1427 54 411 35 423 1311 34 1043 693 886 82 533 125 1724 219 707 35 441 37 102 20 37 137 109 289 1155
internal_value=-0.00208083 0.0230504 0.0266389 0.0161938 -0.0700753 -0.0350463 0.0210735 -0.0407709 -0.00747813 0.0230492 0.0499083 0.0551751 -0.0325919 0.0137627 0.0208375 0.0287684 0.0474155 0.0472367 0.0294874 0.0232892 0.0342443 0.0286721 0.0822269 0.0335821 0.00168861 0.0606464 0.00798143 0.0181337 0.0275657 0.034162
internal_weight=3863.39 2820.8 2656.7 1833.62 1042.59 164.101 1666.9 220.815 79.8278 1594.28 823.076 658.912 166.726 652.744 409.297 164.163 43.4023 460.398 941.537 390.201 189.706 169.968 19.7383 161.116 42.3384 14.8279 70.2171 60.1221 875.474 457.884
internal_count=24513 11729 10404 7049 12784 1325 5765 2010 583 5354 3355 2788 1284 2380 1494 567 160 1745 2974 1412 705 635 70 600 159 57 300 246 2755 1444
is_linear=0
shrinkage=0.1


Tree=56
num_leaves=31
num_cat=0
split_feature=4 10 10 0 0 10 10 0 0 10 0 8 0 1 8 3 9 3 3 9 8 4 9 12 12 0 4 9 8 8
split_gain=719.981 87.8053 35.8341 34.9413 27.9828 29.8811 26.2666 19.2677 6.73388 6.71964 8.85211 7.83464 5.92039 5.80074 5.66537 6.62752 5.53408 5.35063 5.16633 5.13623 4.90107 6.45822 5.25569 7.57578 5.91177 4.57912 4.57643 5.6582 5.42204 6.89007
threshold=11.500000000000002 7.5000000000000009 6.5000000000000009 20.500000000000004 36.500000000000007 19.500000000000004 5.5000000000000009 17.500000000000004 18.500000000000004 5.5000000000000009 24.500000000000004 0.091750841750841708 33.500000000000007 2.5000000000000004 0.22684391080617491 3.5000000000000004 344.52549206349209 7.5000000000000009 4.5000000000000009 272.0478070175439 0.29128787878787882 9.5000000000000018 379.48760964912287 1.5000000000000002 3.5000000000000004 12.500000000000002 7.5000000000000009 338.80157407407415 0.28918128654970759 0.31455026455026464
decision_type=2 2 2 2 2 2 2 2 2 2 2 2 2 2 2 2 2 2 2 2 2 2 2 2 2 2 2 2 2 2
left_child=1 3 -2 6 5 7 8 13 -1 10 20 -11 18 -3 15 -13 -16 -12 -7 -17 22 -22 -5 -24 -25 -8 27 28 -6 -30
right_child=2 4 -4 9 26 12 25 -9 -10 11 17 14 -14 -15 16 19 -18 -19 -20 -21 21 -23 23 24 -26 -27 -28 -29 29 -31
leaf_value=0.075716422183970913 0.015075791517194959 0.0054294497366585417 -0.079201517987807835 0.04657028098105833 -0.056910502001082011 0.028845676756954021 0.059189668015802901 -0.058664388639081355 0.051569205818384159 0.12301089386911013 0.016861720071005365 0.011674092324706776 -0.0063954635290176783 -0.069292923166202322 -0.0048779082551450442 -0.003751092309117294 0.058375260851884103 -0.07440661186766781 -0.014386996870894984 -0.094153133986172421 0.024528600482473725 -0.057861714116158092 0.097644745189401638 -0.046188516532323379 0.025149002546247492 0.026082689535013977 -0.068265594262269441 0.060983154493339256 0.11892975184445685 -0.049066799462068066
leaf_weight=256.7191199362278 42.022968634963036 121.1361271739006 992.80834589898586 281.00387477874756 40.014162495732307 290.218714594841 47.353832811117172 102.84780108183622 209.92038069665432 4.9423931986093512 514.6791293695569 20.361958414316177 75.504966631531715 11.363823130726812 48.831716954708099 9.5371478497982043 19.298213943839073 6.5045735836029044 30.551019735634327 18.429033935070038 108.50836434960365 10.42828458547592 9.0675428956747037 18.665776088833809 30.760503932833672 354.77371487021446 65.605327941477299 6.1698938757181159 4.4041132032871229 5.4777727574110031
leaf_count=1590 148 571 12161 1017 311 1030 190 856 1025 18 1729 76 455 75 188 38 72 24 119 75 376 34 33 66 112 1347 660 46 32 39
internal_value=-0.00436906 0.0226141 -0.0753731 0.0337187 -0.00642333 0.00203586 0.0487122 -0.0261878 0.0648537 0.0218878 0.024638 -0.000304025 0.0187979 -0.000979095 -0.00553742 -0.0317252 0.0130389 0.0157227 0.0247281 -0.0633238 0.0347737 0.0173047 0.0408936 0.0136228 -0.00179153 0.0299813 -0.0503369 -0.0293576 -0.0405287 0.0258051
internal_weight=3757.91 2723.08 1034.83 1969.79 753.294 631.622 868.767 235.348 466.64 1101.02 979.618 121.4 396.275 132.5 116.458 48.3281 68.1299 521.184 320.77 27.9662 458.434 118.937 339.498 58.4938 49.4263 402.128 121.671 56.0659 49.896 9.88189
internal_count=24513 12204 12309 8010 4194 3106 4152 1502 2615 3858 3391 467 1604 646 449 189 260 1753 1149 113 1638 410 1228 211 178 1537 1088 428 382 71
is_linear=0
shrinkage=0.1


Tree=57
num_leaves=31
num_cat=0
split_feature=4 10 0 10 0 10 10 4 10 0 10 0 9 0 0 0 10 8 0 6 3 9 4 7 3 11 8 0 13 9
split_gain=230.165 25.5963 59.2657 23.6341 31.0577 14.0836 8.8953 9.20855 13.3979 39.1981 8.29741 10.9802 7.53951 7.50765 7.39171 6.6915 6.39749 6.11254 5.83315 5.79727 5.5123 11.3187 7.73984 6.6657 5.42766 5.3982 5.34928 7.26843 5.34592 5.23453
threshold=17.500000000000004 19.500000000000004 39.500000000000007 19.500000000000004 31.500000000000004 18.500000000000004 10.500000000000002 7.5000000000000009 6.5000000000000009 19.500000000000004 18.500000000000004 27.500000000000004 152.77033096926718 40.500000000000007 55.500000000000007 51.500000000000007 5.5000000000000009 0.19657494145199064 28.500000000000004 3.5000000000000004 9.5000000000000018 156.74375000000003 14.500000000000002 2.5000000000000004 5.5000000000000009 1.5000000000000002 0.24509048902579897 43.500000000000007 1.1055555555555558 234.82068914522333
decision_type=2 2 2 2 2 2 2 2 2 2 2 2 2 2 2 2 2 2 2 2 2 2 2 2 2 2 2 2 2 2
left_child=1 2 6 4 12 -4 7 8 9 16 11 -8 18 -6 24 -3 -1 -11 19 -2 21 23 -23 -9 -5 -18 27 28 -7 -29
right_child=3 15 5 14 13 26 10 20 -10 17 -12 -13 -14 -15 -16 -17 25 -19 -20 -21 -22 22 -24 -25 -26 -27 -28 29 -30 -31
leaf_value=-0.048998573728082313 0.11379590474871491 0.028036719641754367 -0.068317092427789397 0.053685832785208526 -0.046913220647539 0.024404500729353146 0.032224976314936885 0.0084571122308462286 0.021659856529767776 -0.0013502070890607097 0.065531177834196208 -0.027313200633905646 -0.032868353486921527 -0.072435457613568011 -0.070488451111943046 -0.028889040647034493 -0.061662554528377489 0.019129031724453446 -0.011728530862291559 0.018264039906139933 3.8183301230838901e-05 0.023516449900102473 -0.024606720449919045 0.10242944962055574 -0.0078849216286879468 0.0092298243702150472 -0.040844926571044993 -0.066429475040038558 0.16540916069244571 0.052015033755030485
leaf_weight=144.65272305905819 10.36107422411442 967.96617403626442 118.44687844067812 16.931100353598595 166.92155036330223 5.86157473921776 39.607649609446526 10.340060979127882 482.21741786599159 215.12790805101395 14.010186359286307 142.12748605757952 45.98237356543541 372.37787643074989 16.332867056131363 21.099435389041901 14.50474654138088 451.89669301360846 25.309638842940331 16.417752519249916 108.96174008399248 758.00293793529272 34.962883099913597 27.956414245069027 92.744984850287437 41.395523995161057 21.661379307508469 9.0892878994345647 4.9673876017332077 6.3294650167226783
leaf_count=1876 45 3347 1307 67 1588 27 143 39 1502 949 54 1095 263 5039 146 109 154 1904 135 73 443 2869 164 94 411 428 123 59 22 38
internal_value=0.00262609 0.013093 0.00797281 -0.047299 -0.0551226 -0.0498123 0.01184 0.0135889 0.00829647 0.000868828 -0.00862088 -0.0143374 -0.00335785 -0.0645359 -0.00772648 0.0268223 -0.0378957 0.0125241 0.0226933 0.0552266 0.0211868 0.023959 0.0213946 0.0770569 0.00161998 -0.00916501 -0.00406241 0.026293 0.0890852 -0.0178075
internal_weight=4404.57 3641.19 2652.12 763.379 637.37 166.356 2485.76 2290.02 1349.8 867.578 195.745 181.735 98.0708 539.299 126.009 989.066 200.553 667.025 52.0885 26.7788 940.224 831.262 792.966 38.2965 109.676 55.9003 47.9091 26.2477 10.829 15.4188
internal_count=24513 16746 13290 7767 7143 1576 11714 10422 6813 5311 1292 1238 516 6627 624 3456 2458 2853 253 118 3609 3166 3033 133 478 582 269 146 49 97
is_linear=0
shrinkage=0.1


Tree=58
num_leaves=31
num_cat=0
split_feature=10 4 10 10 0 4 0 0 12 10 0 0 3 10 0 3 8 0 2 11 4 0 10 13 1 0 8 9 4 8
split_gain=353.293 55.3614 11.5885 10.9788 14.7095 10.0258 7.81729 6.67068 12.8863 6.61053 5.74997 5.48894 5.44978 5.44629 23.1626 5.41817 5.20746 5.18798 4.80858 5.89333 6.24836 9.84964 6.17387 5.65049 5.59987 5.3029 4.97923 4.82219 7.70018 4.71136
threshold=7.5000000000000009 7.5000000000000009 6.5000000000000009 16.500000000000004 36.500000000000007 29.500000000000004 58.500000000000007 31.500000000000004 11.500000000000002 19.500000000000004 15.500000000000002 20.500000000000004 2.5000000000000004 20.500000000000004 36.500000000000007 5.5000000000000009 0.30079365079365078 38.500000000000007 8.5000000000000018 4.5000000000000009 22.500000000000004 41.500000000000007 19.500000000000004 0.82843137254901966 1.5000000000000002 54.500000000000007 0.059714795008912656 289.61327573392799 14.500000000000002 0.3626692456479691
decision_type=2 2 2 2 2 2 2 2 2 2 2 2 2 2 2 2 2 2 2 2 2 2 2 2 2 2 2 2 2 2
left_child=2 3 7 12 -5 6 10 -1 17 -8 -3 -4 -2 18 -15 -14 -6 -9 19 26 23 24 -23 25 -22 -21 -12 -28 -29 -16
right_child=1 5 11 4 16 -7 9 8 -10 -11 13 -13 15 14 29 -17 -18 -19 -20 20 21 22 -24 -25 -26 -27 27 28 -30 -31
leaf_value=-0.078868812129756591 -0.028212659705183087 -0.050751153028990185 -0.054215238481615885 -0.068059867110418004 0.0006827470692643829 -0.037797874204658972 -0.040489303330597332 -0.066197498709172617 0.1824118113729376 0.024773527953675087 0.093889849020461685 -0.00414038664501466 0.020985341103042499 -0.057857019833227587 0.020122731219987183 -0.058043689507176949 -0.087224268208941053 0.091275971967081204 0.0028095791951766587 0.046139296138545685 -0.019148306269809557 -0.02754985922084225 0.063922532273989585 0.025128627189340072 0.062751575357073749 -0.047780936703050503 0.016866086246851573 0.025624269205344375 0.10771968185015186 -0.069595619355423355
leaf_weight=455.14783720299602 61.995703667402267 11.964297711849211 73.993300572037697 100.77412291616201 63.505961716175079 32.723670795559883 41.670123547315598 20.968527086079128 2.6455789655446997 24.732206970453262 8.6108890324830991 31.086910024285316 70.438220053911209 48.001697696745396 244.40827887505293 9.8937159180641157 7.5386899411678305 2.3239776492118827 156.424770437181 234.95960431545973 11.043400615453718 63.109753653407097 8.355570048093794 504.91805649548769 34.212145358324051 6.1695207059383383 2086.5145369470119 49.058807641267776 14.893747463822363 5.9966756701469413
leaf_count=6854 368 61 785 1209 374 250 361 248 25 79 29 237 339 442 962 45 53 26 670 815 34 367 27 1769 108 35 7704 162 51 24
internal_value=0.00290145 0.0137759 -0.0694864 -0.0264782 -0.0434928 0.0173006 0.0178078 -0.0760578 -0.0267312 -0.0161815 0.0184547 -0.0394011 -0.00593814 0.0186929 0.00577596 0.0112521 -0.00864524 -0.0504858 0.0199057 0.0207906 0.0277767 0.0062615 -0.0168551 0.0311428 0.0427661 0.0437363 0.017999 0.0176951 0.0447433 0.0179742
internal_weight=4488.08 3901.91 586.166 314.146 171.819 3587.77 3555.04 481.086 25.9381 66.4023 3488.64 105.08 142.328 3476.68 298.407 80.3319 71.0447 23.2925 3178.27 3021.85 862.768 116.721 71.4653 746.047 45.2555 241.129 2159.08 2150.47 63.9526 250.405
internal_count=24513 16338 8175 2388 1636 13950 13700 7153 299 440 13260 1022 752 13199 1428 384 427 274 11771 11101 3155 536 394 2619 142 850 7946 7917 213 986
is_linear=0
shrinkage=0.1


Tree=59
num_leaves=31
num_cat=0
split_feature=4 10 0 0 4 0 0 10 10 0 0 10 10 9 0 9 7 1 9 3 10 13 10 9 8 1 8 4 11 11
split_gain=575.601 49.0142 53.147 32.7142 24.1449 20.6812 12.5846 25.0285 11.3315 11.0743 8.01239 7.18463 6.52729 5.68933 4.93445 8.38577 4.86743 4.5356 4.65386 4.48582 4.37145 4.33831 4.32384 4.76941 4.5539 4.22028 3.96134 3.91383 5.42488 4.88051
threshold=12.500000000000002 19.500000000000004 45.500000000000007 30.500000000000004 9.5000000000000018 52.500000000000007 37.500000000000007 18.500000000000004 18.500000000000004 54.500000000000007 26.500000000000004 17.500000000000004 18.500000000000004 304.0131313131314 39.500000000000007 256.89168123543129 -7.4999999999999991 1.0000000180025095e-35 203.89068040780145 11.500000000000002 7.5000000000000009 0.72077922077922085 12.500000000000002 106.83598214285716 0.38548951048951047 5.5000000000000009 0.24544852697782188 20.500000000000004 1.5000000000000002 5.5000000000000009
decision_type=2 2 2 2 2 2 2 2 2 2 2 2 2 2 2 2 2 2 2 2 2 2 2 2 2 2 2 2 2 2
left_child=4 2 3 10 -1 -3 20 17 13 11 -2 27 -11 14 15 22 -16 -8 -19 -10 -6 -20 23 -5 -25 -13 -14 29 -29 -4
right_child=1 5 9 8 6 -7 7 -9 19 12 -12 25 26 -15 16 -17 -18 18 21 -21 -22 -23 -24 24 -26 -27 -28 28 -30 -31
leaf_value=-0.077288235777778019 -0.06034468095449054 -0.065710474718044407 0.038045092375161432 0.098188757288948478 -0.080476326162115086 0.0072171613214479062 -0.0088354277160497038 -0.071704157924626644 -0.045049886605855329 0.072990342010005121 -0.013636196328224038 0.018991047416541885 0.057262876479721607 -0.064281693599194348 -0.031890888188153554 0.074054671457414664 0.026591473116370508 -0.036080997336700844 0.0030926552256682689 0.040042767981745636 -0.043196640771372884 0.099013771197602518 0.00056798198431913993 0.017577714877535171 -0.067008952901333671 0.095335531668502241 0.010519116016906789 0.02975517405316885 0.057455991882762049 -0.0039441309124617369
leaf_weight=750.46500612422824 56.887703321874142 87.369277507066727 212.1420564353466 7.2198133915662757 51.34032754227519 70.074100740253925 12.184811152517794 33.670571330934763 38.578476801514626 153.41903075575829 103.62312973290682 225.69413249194622 41.355095833539963 8.1346765756607038 14.53052109479904 21.964067324995995 691.53178033232689 4.1221337467432049 6.048011980950835 7.3804331719875327 81.206719540059566 21.39480372518301 237.96419997513294 377.14169172942638 6.4739776104688636 7.4807969331741324 32.282228708267212 100.77111624181271 236.89588317275047 31.835566610097885
leaf_count=10774 591 1025 774 24 619 300 45 423 260 886 693 839 134 31 46 85 2161 15 22 35 808 78 867 1355 32 27 102 393 960 109
internal_value=-0.00218971 0.0209348 0.0241994 0.0125875 -0.0689015 -0.0332522 -0.0389259 -0.00689256 0.017454 0.0417133 -0.0301905 0.036271 0.0612438 0.0190984 0.0195983 0.0133168 0.0253879 0.0429876 0.0629925 -0.0313851 -0.0576364 0.0778741 0.0111952 0.0176657 0.0161502 0.0214404 0.0367706 0.0422164 0.0491891 0.0325661
internal_weight=3731.18 2770.75 2613.31 1571.43 960.432 157.443 209.967 77.4203 1410.92 1041.88 160.511 814.82 227.056 1364.96 1356.83 650.764 706.062 43.7498 31.5649 45.9589 132.547 27.4428 628.8 390.835 383.616 233.175 73.6373 581.645 337.667 243.978
internal_count=24513 11729 10404 6180 12784 1325 2010 583 4896 4224 1284 3102 1122 4601 4570 2363 2207 160 115 295 1427 100 2278 1411 1387 866 236 2236 1353 883
is_linear=0
shrinkage=0.1


Tree=60
num_leaves=31
num_cat=0
split_feature=4 10 0 10 0 7 10 0 10 4 8 4 9 8 8 0 13 0 3 12 6 8 0 11 10 0 12 0 5 4
split_gain=634.115 69.5058 46.446 34.3986 30.4113 18.086 10.3211 9.11344 5.7411 5.49494 5.12839 4.49727 4.95165 4.89149 5.5779 4.19304 4.89755 4.1646 4.04739 4.42599 5.46533 4.66752 3.96872 3.93601 5.04643 6.11147 4.63021 4.67696 5.19483 3.91032
threshold=11.500000000000002 6.5000000000000009 19.500000000000004 5.5000000000000009 36.500000000000007 1.0000000180025095e-35 7.5000000000000009 23.500000000000004 5.5000000000000009 5.5000000000000009 0.12933094384707286 7.5000000000000009 338.80157407407415 0.28918128654970759 0.31455026455026464 24.500000000000004 1.1055555555555558 32.500000000000007 4.5000000000000009 3.5000000000000004 5.5000000000000009 0.30267794221282596 17.500000000000004 1.0000000180025095e-35 1.0000000180025095e-35 30.500000000000004 7.5000000000000009 27.500000000000004 1.5000000000000002 3.5000000000000004
decision_type=2 2 2 2 2 2 2 2 2 2 2 2 2 2 2 2 2 2 2 2 2 2 2 2 2 2 2 2 2 2
left_child=1 2 8 15 5 9 10 -4 -1 -3 -7 12 13 -6 -15 -2 -17 23 19 20 -19 -21 -10 26 -25 -26 -9 28 -28 -8
right_child=3 4 7 -5 11 6 29 17 22 -11 -12 -13 -14 14 -16 16 -18 18 -20 21 -22 -23 -24 24 25 -27 27 -29 -30 -31
leaf_value=0.068377888979041235 0.088362166429080111 0.021946174944492386 0.03332320438217877 -0.078238971348759595 -0.054629316777705189 0.054013704299323756 0.055684633673283204 0.056793211828718174 0.057201665857651678 0.0043868904518613366 -0.0070467337751236869 -0.066683555688208829 0.055604564399177027 0.10232703177115504 -0.047035129321598874 0.038599847239311716 -0.048046501390561221 0.11123657130495213 -0.076820922830792282 -0.060347443180532437 -0.030186915711422901 0.06742821407164766 0.019399053072495412 0.029563741324111249 0.011474242003208526 -0.043425121420025248 0.088949214105467231 -0.064097389411050532 -0.012091007399501081 -0.046035111147322401
leaf_weight=318.73486080765724 7.6297821253538123 388.97992925345898 509.21368232369423 918.06129730120301 37.781742550432682 16.346712619066238 3.9294561296701422 49.905492037534714 71.197159066796303 328.9136758223176 86.75768019258976 61.051751784980297 6.3855071812868109 4.7643286213278753 5.2614679038524628 16.586012147367004 10.752557612955568 6.318265229463579 8.7039498165249807 12.715649515390398 4.8150382190942764 3.6880083829164496 45.533214271068573 159.64296934008598 378.11464688181877 21.426397562026978 8.690093815326696 7.1040744781494132 12.27727425098419 98.846746779978275
leaf_count=2092 25 1410 2025 12184 311 54 18 160 458 1524 312 660 46 32 39 60 40 32 55 70 26 18 202 519 1179 80 27 24 38 793
internal_value=-0.00455124 0.0205487 0.033509 -0.0745311 0.000365227 0.00640796 -0.0197203 0.0232282 0.0614293 0.0139011 0.00263411 -0.0480718 -0.0271046 -0.0381518 0.0239428 0.0228143 0.00452089 0.0155945 -0.0173797 0.00140865 0.0500724 -0.0316198 0.0424559 0.0174701 0.0145351 0.00853012 0.0385175 0.00602676 0.0297859 -0.042146
internal_weight=3610.13 2657.1 1618.08 953.03 1039.02 923.774 205.881 1182.62 435.465 717.894 103.104 115.245 54.193 47.8075 10.0258 34.9684 27.3386 673.402 36.2409 27.537 11.1333 16.4037 116.73 637.161 559.184 399.541 77.9769 28.0714 20.9674 102.776
internal_count=24513 12204 7005 12309 5199 4111 1177 4253 2752 2934 366 1088 428 382 71 125 100 2228 201 146 58 88 660 2027 1778 1259 249 89 65 811
is_linear=0
shrinkage=0.1


Tree=61
num_leaves=31
num_cat=0
split_feature=4 10 0 4 10 0 10 0 0 0 0 9 0 9 0 11 3 0 7 12 10 0 0 1 0 10 7 7 8 12
split_gain=198.359 21.8885 29.7357 20.0274 22.1998 33.4402 10.9347 42.1296 7.08054 6.92827 6.73919 6.65172 7.34885 8.59278 6.61415 6.48006 8.3494 6.82541 6.94252 6.63346 6.04916 6.08251 5.93937 5.70149 5.67852 8.53376 6.10581 5.83191 5.62658 7.37637
threshold=17.500000000000004 19.500000000000004 33.500000000000007 13.500000000000002 18.500000000000004 36.500000000000007 5.5000000000000009 19.500000000000004 16.500000000000004 49.500000000000007 55.500000000000007 151.26527126328958 28.500000000000004 148.51445512820516 24.500000000000004 4.5000000000000009 7.5000000000000009 42.500000000000007 -3.4999999999999996 1.5000000000000002 6.5000000000000009 26.500000000000004 16.500000000000004 1.5000000000000002 43.500000000000007 18.500000000000004 -2.4999999999999996 1.5000000000000002 0.29805897723030988 1.5000000000000002
decision_type=2 2 2 2 2 2 2 2 2 2 2 2 2 2 2 2 2 2 2 2 2 2 2 2 2 2 2 2 2 2
left_child=3 2 11 6 5 20 7 8 -1 -6 -3 12 -2 -14 28 16 17 22 19 -19 -5 -22 -8 -21 25 -4 -27 -28 29 -9
right_child=1 10 24 4 9 -7 15 14 -10 -11 -12 -13 13 -15 -16 -17 -18 18 -20 23 21 -23 -24 -25 -26 26 27 -29 -30 -31
leaf_value=-0.071155730253036995 0.05303811089423166 0.001690402392548908 -0.057275243565212776 0.095201498688455163 0.029544553146936589 -0.064116853217415157 0.013443179697903415 -0.040753481105587928 -0.02574211975712758 -0.024728858074254585 -0.069113061277936719 -0.032139206132612855 -0.032781487601633595 0.14461610579349837 0.022214519055367594 0.010975297484139532 -0.0031894255259047911 -0.062912384519105261 -0.035387985299356932 0.040953405553409455 0.017476368992015514 -0.016388602557833771 0.031753717050585328 -0.034236978987391233 -0.074000326287793947 0.13851750868834081 -0.088015158965320472 0.067796305527545286 0.026752837940086024 0.0049818741114999853
leaf_weight=52.59531981498003 26.958450123667717 109.31909644603729 189.27637521922588 6.7363670468330374 162.28560649603605 117.62416905164719 218.85367055982351 40.353693187236786 98.867238245904446 27.507484763860703 15.327961497008799 63.746131047606468 30.707374639809132 2.9969637393951407 563.92295782268047 569.56887303292751 106.75563275814056 8.9140767306089383 33.757331006228924 60.774191193282604 96.999196141958237 117.02330755442381 929.62107936292887 12.091081418097017 270.65361773967743 3.5284035652875891 5.1409507095813733 4.5092617273330688 96.58636736869812 279.62569900602102
leaf_count=872 116 478 2090 21 609 1391 888 223 1222 168 146 444 201 19 1833 2135 400 32 143 204 346 808 3445 46 4193 21 31 28 501 1459
internal_value=0.00269762 -0.0451338 -0.0530854 0.0122914 -0.00569622 -0.0210502 0.0153838 0.00757297 -0.041512 0.0216785 -0.00701636 -0.0095825 0.0141207 -0.0170074 0.0151554 0.0199405 0.0236656 0.0259337 0.00276569 0.018515 0.00189645 -0.00104033 0.0282645 0.0284765 -0.064525 -0.0518578 0.0259493 -0.015209 0.00559927 -0.000785968
internal_weight=4322.63 722.165 597.518 3600.46 528.176 338.383 3072.29 1131.95 151.463 189.793 124.647 124.409 60.6628 33.7043 980.489 1940.34 1370.77 1264.01 115.537 81.7793 220.759 214.023 1148.47 72.8653 473.109 202.455 13.1786 9.65021 416.566 319.979
internal_count=24513 7767 7143 16746 3343 2566 13403 6110 2094 777 624 780 336 220 4016 7293 5158 4758 425 282 1175 1154 4333 250 6363 2170 80 59 2183 1682
is_linear=0
shrinkage=0.1


Tree=62
num_leaves=31
num_cat=0
split_feature=10 4 10 4 10 4 0 10 1 0 12 0 0 2 0 5 8 6 1 12 9 8 0 0 0 8 7 10 8 0
split_gain=310.618 46.7434 11.9766 11.2111 8.64747 8.24308 7.83617 15.6537 7.1023 6.75083 10.1441 6.70337 5.10464 4.87094 6.14091 4.81905 5.63296 6.67627 4.88931 4.73377 4.60863 5.79631 4.54073 4.43781 4.05022 4.4708 3.93771 3.79453 3.69415 3.61318
threshold=7.5000000000000009 5.5000000000000009 6.5000000000000009 9.5000000000000018 8.5000000000000018 29.500000000000004 39.500000000000007 20.500000000000004 1.5000000000000002 31.500000000000004 11.500000000000002 61.500000000000007 24.500000000000004 8.5000000000000018 54.500000000000007 3.5000000000000004 0.29128787878787882 10.500000000000002 1.5000000000000002 3.5000000000000004 256.89168123543129 0.24807692307692308 32.500000000000007 38.500000000000007 36.500000000000007 0.25556655121227118 1.0000000180025095e-35 19.500000000000004 0.23660287081339706 15.500000000000002
decision_type=2 2 2 2 2 2 2 2 2 2 2 2 2 2 2 2 2 2 2 2 2 2 2 2 2 2 2 2 2 2
left_child=2 4 9 6 8 11 7 -3 -2 -1 23 13 -4 29 -15 18 20 -18 19 -8 -17 -22 -9 -11 -6 28 -10 -13 -26 -5
right_child=1 3 12 5 24 -7 15 22 26 10 -12 27 -14 14 -16 16 17 -19 -20 -21 21 -23 -24 -25 25 -27 -28 -29 -30 -31
leaf_value=-0.078410781373815838 -0.025797902103333277 0.0066775385511043317 -0.043640263240014104 -0.072055600267222117 -0.072927173170130186 -0.034428413877863703 0.094358962227768406 -0.074424287111056961 0.0012287928081732217 -0.064786073710668676 0.14583491320887157 -0.066414212435309108 0.040054704251960692 0.0063273348817029637 -0.066498003189883817 -0.07583431208637173 -0.0060695753032525765 0.15811357131897233 0.1376435826265954 0.003659910956097385 0.035718844801413477 -0.057896972552384754 -0.027319145068839892 0.075527318617834099 -0.02641069976205232 -0.086785855595023303 0.13537756597985354 0.012459730894156806 0.075243490800524088 0.018629400232960766
leaf_weight=413.24006029590964 48.798314124345779 170.3960275053978 92.346674211323261 4.3996946364641181 68.240031961351633 31.143651805818081 9.0254133492708259 33.481019772589207 4.1529856920242292 19.598316509276636 3.051520347595214 14.889169849455357 7.9116182923316947 146.54390955716372 12.572296671569346 8.6491932570934278 5.1451331824064237 4.7755209505558014 5.9189701378345481 15.877749830484388 21.362747728824619 9.5796672552824003 52.634811550378799 2.5470315665006629 13.12811747193337 8.4742040783166868 4.6248492002487183 10.332040369510651 4.9126517176628104 3164.3497646376491
leaf_count=6854 297 712 969 21 815 250 37 409 21 248 25 141 53 593 111 36 22 20 23 65 88 40 519 26 86 60 21 34 32 11885
internal_value=0.00293193 0.0128269 -0.0682165 0.0150496 -0.0414673 0.0167813 -0.00234857 -0.0108841 -0.0109019 -0.0753467 -0.0250948 0.0172569 -0.0370357 0.0176462 0.000573165 0.024906 0.00558163 0.0729635 0.0559484 0.0365311 -0.0113026 0.0067357 -0.0456332 -0.048648 -0.0600398 -0.0268723 0.0719088 -0.034103 0.00127058 0.0185035
internal_weight=4412.1 3873.41 538.695 3721.08 152.331 3384.23 336.846 256.512 57.5761 438.437 25.1969 3353.09 100.258 3327.87 159.116 80.3344 49.5123 9.92065 30.8221 24.9032 39.5916 30.9424 86.1158 22.1453 94.755 26.515 8.77783 25.2212 18.0408 3168.75
internal_count=24513 16338 8175 15006 1332 13035 1971 1640 339 7153 299 12785 1022 12610 704 331 206 42 125 102 164 128 928 274 993 178 42 175 118 11906
is_linear=0
shrinkage=0.1


Tree=63
num_leaves=31
num_cat=0
split_feature=4 10 0 0 0 4 0 10 10 10 10 0 4 12 11 0 10 12 10 6 1 10 5 9 13 6 1 0 6 3
split_gain=505.108 48.8883 53.2249 30.9451 20.9666 11.4285 10.0942 9.85865 8.27153 25.2874 7.62887 9.71257 7.52194 6.79494 5.72018 5.56933 4.92808 4.63867 6.42685 4.29085 4.18853 4.00806 3.92723 5.31384 4.56317 5.70389 3.92605 3.9242 4.89015 4.34459
threshold=11.500000000000002 19.500000000000004 31.500000000000004 47.500000000000007 48.500000000000007 9.5000000000000018 26.500000000000004 18.500000000000004 10.500000000000002 18.500000000000004 18.500000000000004 53.500000000000007 21.500000000000004 9.5000000000000018 1.0000000180025095e-35 39.500000000000007 12.500000000000002 5.5000000000000009 14.500000000000002 6.5000000000000009 1.0000000180025095e-35 12.500000000000002 4.5000000000000009 227.68449712643681 0.62828947368421062 7.5000000000000009 1.0000000180025095e-35 49.500000000000007 9.5000000000000018 9.5000000000000018
decision_type=2 2 2 2 2 2 2 2 2 2 2 2 2 2 2 2 2 2 2 2 2 2 2 2 2 2 2 2 2 2
left_child=5 2 6 7 -3 -1 -2 15 -7 13 11 17 22 -10 -14 16 -4 -5 -19 -9 -18 -8 23 24 -6 -26 -12 28 -20 -29
right_child=1 4 3 10 12 8 21 19 9 -11 26 -13 14 -15 -16 -17 20 18 27 -21 -22 -23 -24 -25 25 -27 -28 29 -30 -31
leaf_value=-0.076660511312350632 -0.056854341321849147 -0.077011628869034912 0.019332526512513451 0.048180170041386167 -0.037609912593298135 -0.068370344973584199 -0.0064698596182523049 -0.068114046435267611 0.023970604806728576 -0.077164426620980373 -0.040863536314147519 0.067592164946194508 0.10962916128045089 0.13853149663140457 0.010327991536334562 0.02430215275874208 -0.035613874282695544 0.056251037117173552 -0.030141064124259032 -0.0063959172531469393 0.0057825312099180877 -0.069083928965578023 -0.058323001662216517 -0.038465443390266189 0.0055984685415887865 0.1936488494328194 0.026763252098641291 -0.00055265793103554946 0.031140075150015857 0.049384556881337652
leaf_weight=685.91370791569352 70.779880046844482 68.967869821935892 378.22064454853535 251.00091937184334 3.5048304647207278 67.799616690725088 139.42714665085077 13.980790555477141 21.717121802270416 33.139761038124561 9.0884346365928632 170.04147715866566 6.8976549655199042 6.7980977967381468 36.485702998936176 947.01405362784863 27.48674051463604 53.560443297028542 32.323634952306747 57.982749670743942 220.65298141539097 11.032190419733523 25.469015762209892 16.240008376538754 3.0798943564295769 3.3864673897624016 154.84005434811115 28.442073047161102 21.806642204523087 44.96563857793808
leaf_count=10774 796 906 1327 1020 27 861 899 85 103 439 34 1047 33 27 172 3025 105 230 120 339 794 73 201 113 22 23 534 113 82 189
internal_value=-0.00226083 0.0179308 0.021231 0.0255379 -0.0350373 -0.0715172 -0.0257114 0.0178081 -0.0442655 -0.0177583 0.0421396 0.0473465 -0.00458523 0.0512822 0.0261162 0.0194636 0.0121479 0.0393793 0.0271814 -0.0183863 0.001197 -0.0110609 -0.0303578 -0.00318441 0.0542775 0.104081 0.0230139 0.0149734 -0.00545366 0.0300362
internal_weight=3612.05 2796.68 2632.65 2411.41 164.031 815.368 221.239 1645.34 129.455 61.655 766.069 602.141 95.0636 28.5152 43.3834 1573.37 626.36 432.099 181.098 71.9635 248.14 150.459 51.6802 26.2112 9.97119 6.46636 163.928 127.538 54.1303 73.4077
internal_count=24513 12309 10812 9044 1497 12204 1768 5675 1430 569 3369 2801 591 130 205 5251 2226 1754 734 424 899 972 386 185 72 45 568 504 202 302
is_linear=0
shrinkage=0.1


Tree=64
num_leaves=31
num_cat=0
split_feature=4 10 10 0 0 10 10 0 0 0 10 8 0 8 9 3 0 9 1 8 9 13 8 12 4 8 12 0 12 9
split_gain=559.985 55.2725 33.6833 25.987 23.0443 22.659 20.54 17.1055 7.92685 7.48764 5.06789 6.52148 6.01887 5.02158 5.93579 6.34257 4.97487 4.77062 4.45776 4.42058 4.33507 4.53853 4.0695 5.42151 6.91251 8.59098 5.12846 4.45296 6.87203 5.37664
threshold=11.500000000000002 7.5000000000000009 6.5000000000000009 20.500000000000004 38.500000000000007 20.500000000000004 5.5000000000000009 17.500000000000004 33.500000000000007 16.500000000000004 5.5000000000000009 0.091750841750841708 28.500000000000004 0.22684391080617491 240.47593750000001 3.5000000000000004 8.5000000000000018 344.52549206349209 2.5000000000000004 0.32037735849056609 327.30582908885123 1.1791443850267382 0.22016949152542373 2.5000000000000004 4.5000000000000009 0.36899313501144165 5.5000000000000009 24.500000000000004 1.5000000000000002 337.0550324675325
decision_type=2 2 2 2 2 2 2 2 2 2 2 2 2 2 2 2 2 2 2 2 2 2 2 2 2 2 2 2 2 2
left_child=1 3 -2 6 5 7 9 16 19 -1 12 -12 22 14 -13 -16 -3 -15 -18 -7 -6 -22 26 24 -24 27 -5 28 -26 -30
right_child=2 4 -4 10 20 8 -8 -9 -10 -11 11 13 -14 17 15 -17 18 -19 -20 -21 21 -23 23 -25 25 -27 -28 -29 29 -31
leaf_value=0.080043941097974178 0.014116239813384338 0.10858883872618026 -0.078054091917922175 0.042400931319824392 -0.065159930357367599 0.027302527647488774 0.025341177992591148 -0.055107706973103757 -0.0088220317636682182 0.049214787567344848 0.11159210349765239 0.06867435485605998 0.0028428055139735277 -0.0057791817738033569 -0.0003062294538298643 -0.078462486062093759 0.001961664925814741 0.053079326271464417 -0.066381998965081068 -0.0084483746871365107 0.082832312725023796 -0.083013646902547686 0.051473470799382914 0.023693839954608102 0.056434923165808282 -0.1122606004892546 0.017968866385988564 -0.027980981977516257 -0.071694659435874553 0.036526174009817523
leaf_weight=108.50527912378311 41.620493739843369 4.0768833160400382 837.06326082721353 198.50776059925556 67.461111355572939 279.5295290350914 390.53499463200569 99.741789281368256 104.78771980106831 287.58270892500877 4.8759732544422141 5.2639348730444899 166.34707839041948 48.215541683137417 18.59107717871666 23.519006602466106 116.49912264198065 19.276131644845009 10.395389147102831 39.470079675316811 4.2153266891837111 2.7114874795079231 19.770507156848907 335.63575305044651 22.35760310292244 8.0736581236124021 151.4716664403677 39.668715268373489 10.783497259020807 7.9941027760505667
leaf_count=872 148 14 12161 697 740 1001 1537 904 698 1743 18 20 670 188 70 99 557 72 75 142 38 25 72 1135 83 28 518 121 38 29
internal_value=-0.00468594 0.0186709 -0.0736883 0.0277884 -0.0046826 0.00131183 0.0416148 -0.0239058 0.0150405 0.0576602 0.0177212 -0.00167793 0.0201393 -0.00648616 -0.0314425 -0.0439575 -0.000143775 0.0110313 -0.00363715 0.022879 -0.0574245 0.0179122 0.0237618 0.0174088 -0.00200687 -0.0139034 0.0318267 -0.00407586 0.018977 -0.0256223
internal_weight=3474.55 2595.86 878.684 1866.97 728.888 654.501 786.623 230.713 423.787 396.088 1080.35 119.742 960.61 114.866 47.374 42.1101 130.971 67.4917 126.895 319 74.3879 6.92681 794.263 444.284 108.648 88.8776 349.979 80.8039 41.1352 18.7776
internal_count=24513 12204 12309 8010 4194 3391 4152 1550 1841 2615 3858 467 3391 449 189 169 646 260 632 1143 803 63 2721 1506 371 299 1215 271 150 67
is_linear=0
shrinkage=0.1


Tree=65
num_leaves=31
num_cat=0
split_feature=4 10 0 4 10 0 8 4 0 0 0 10 0 10 0 9 8 8 4 11 5 12 7 10 0 12 0 0 1 10
split_gain=170.718 20.1815 28.3917 16.6491 18.618 30.4864 8.00452 6.35995 6.13165 5.93499 5.8795 5.87243 14.8217 5.83415 8.16286 5.81128 5.72388 6.00322 5.51461 6.58221 6.63331 5.26594 5.24043 5.13432 5.0692 5.04575 5.0907 4.59481 5.20852 4.96143
threshold=17.500000000000004 19.500000000000004 33.500000000000007 13.500000000000002 18.500000000000004 36.500000000000007 0.13397435897435897 4.5000000000000009 55.500000000000007 41.500000000000007 40.500000000000007 5.5000000000000009 19.500000000000004 18.500000000000004 47.500000000000007 152.77033096926718 0.16405676535356004 0.31866537717601556 21.500000000000004 5.5000000000000009 2.5000000000000004 2.5000000000000004 -9.4999999999999982 6.5000000000000009 26.500000000000004 6.5000000000000009 28.500000000000004 47.500000000000007 1.0000000180025095e-35 18.500000000000004
decision_type=2 2 2 2 2 2 2 2 2 2 2 2 2 2 2 2 2 2 2 2 2 2 2 2 2 2 2 2 2 2
left_child=3 2 15 6 5 23 -1 11 21 -6 -4 12 -8 -12 16 18 -15 -18 19 20 25 -3 -11 -5 -25 26 -2 29 -29 -9
right_child=1 8 10 4 9 -7 7 27 -10 22 13 -13 -14 14 -16 -17 17 -19 -20 -21 -22 -23 -24 24 -26 -27 -28 28 -30 -31
leaf_value=0.00060415339022191366 0.17807902652569516 0.038192120468021715 -0.044613579102011108 0.08820386251523786 0.049062936189764816 -0.062469067696453107 -0.059889264132847425 0.016157337291793413 -0.067761474710845079 0.08181161161080891 -0.076503082586407853 0.014771519455837965 0.0070273904326796036 0.13081524275472786 -0.070575574755674081 -0.030521286022894351 -0.036610686924289357 0.13864944494383444 -0.035986997235012801 -0.059672404085731816 -0.0053797821024895599 -0.011546023635941958 0.0039361011494063233 0.016143094193926278 -0.014855019113960817 0.024923496629860896 0.056953141106899356 0.032484237522582782 -0.041143002216195046 0.026849771842331973
leaf_weight=373.83846359699965 7.0880395919084567 28.99201500415802 124.84503384679556 6.7115305960178366 51.00808173418045 109.79016141965985 42.352888189256191 1532.786409676075 14.396411284804342 9.2614175081253034 259.59890607371926 297.79205077886581 151.51076143234968 3.2666445896029499 33.832908689975739 60.770514771342278 14.896439708769323 2.2495664432644835 16.757147386670113 6.7774601355195037 14.757908694446085 80.085524186491966 128.99346170574427 97.490287303924561 114.97067734599113 9.7483606413006765 6.7972242757678032 15.089909978210924 26.44841330498457 605.35185490548611
leaf_count=1819 27 124 1324 21 193 1391 719 6716 146 34 4368 1141 688 30 485 437 136 20 105 43 84 354 550 346 808 45 39 55 119 2146
internal_value=0.00270125 -0.043025 -0.0510756 0.0114895 -0.00507998 -0.0194569 0.0143093 0.0162273 -0.0064218 0.019909 -0.062969 0.00595352 -0.00759172 -0.0702706 -0.0404442 -0.00855229 0.00949701 -0.0136165 0.0130067 0.0311828 0.047222 0.00167401 0.00915283 0.00208916 -0.000631159 0.0800689 0.118785 0.0185446 -0.0143959 0.0191846
internal_weight=4248.26 684.86 561.386 3563.4 518.226 328.963 3045.17 2671.33 123.474 189.263 438.689 491.656 193.864 313.844 54.2456 122.697 20.4127 17.146 61.9261 45.169 38.3915 109.078 138.255 219.172 212.461 23.6336 13.8853 2179.68 41.5383 2138.14
internal_count=24513 7767 7143 16746 3343 2566 13403 11584 624 777 6363 2548 1407 5039 671 780 186 156 343 238 195 478 584 1175 1154 111 66 9036 174 8862
is_linear=0
shrinkage=0.1


Tree=66
num_leaves=31
num_cat=0
split_feature=10 4 10 4 10 0 12 0 0 10 1 2 0 0 8 0 8 0 5 8 6 9 8 5 8 10 5 9 0 2
split_gain=273.022 39.5885 12.2485 9.09715 8.17916 6.83864 8.20653 6.72035 6.51076 13.9339 5.96041 5.54458 5.74379 5.10317 4.62087 4.04558 4.1957 3.96546 3.86044 4.72515 5.19615 4.17972 4.25615 3.81783 4.593 3.78193 4.83504 4.66919 3.84354 3.82953
threshold=7.5000000000000009 5.5000000000000009 6.5000000000000009 9.5000000000000018 8.5000000000000018 31.500000000000004 11.500000000000002 63.500000000000007 39.500000000000007 21.500000000000004 1.5000000000000002 8.5000000000000018 54.500000000000007 20.500000000000004 0.31726674409601241 36.500000000000007 0.25556655121227118 38.500000000000007 3.5000000000000004 0.29128787878787882 10.500000000000002 247.43616071428576 0.24417344173441732 1.5000000000000002 0.18942218080149117 14.500000000000002 3.5000000000000004 211.33875000000003 43.500000000000007 9.5000000000000018
decision_type=2 2 2 2 2 2 2 2 2 2 2 2 2 2 2 2 2 2 2 2 2 2 2 2 2 2 2 2 2 2
left_child=2 4 5 8 10 -1 17 11 9 -3 -2 -5 25 -4 -15 -6 -17 -7 23 21 -21 -20 -23 -10 -25 26 28 29 -13 -27
right_child=1 3 13 7 15 6 -8 -9 18 -11 -12 12 -14 14 -16 16 -18 -19 19 20 -22 22 -24 24 -26 27 -28 -29 -30 -31
leaf_value=-0.077987512367626799 -0.023653579127625193 0.0040520026949383619 -0.050362773031043612 0.01673643131434446 -0.071715632526364786 -0.063358602167423103 0.1205790312637058 -0.052454870834047353 -0.023177006725122726 -0.049806164967459488 0.064846003894012141 0.018516624302562859 -0.058121981490221825 -0.020651804546966256 0.076482526889583013 0.0020259159229223979 -0.085679993239580476 0.066613815861371106 -0.095200026715204333 -0.0049567055319492031 0.13812090678643138 0.025707234426058059 -0.050851724357585316 0.0071388382031287298 0.096743150921503207 0.014901690522641906 -0.03876987019552923 -0.046824831332206142 -0.041553946027481414 0.077698438578630333
leaf_weight=374.74701827764511 47.564404301345348 187.80245205760002 66.357212841510773 3188.7343584597111 63.240549847483635 18.33240036666394 3.4074217900633803 14.486506242305039 5.780632138252261 64.545863911509514 9.0596711188554746 59.950101122260094 16.391409337520599 23.734978027641777 6.1708575859665862 17.903169393539432 7.8442250937223426 2.6921443939208975 5.0521327108144751 5.1010817289352399 5.0522534996271133 23.69942818582058 10.469219356775282 8.596143916249277 17.100791275501251 23.349349819123745 32.028230480849743 7.1300906166434279 12.952754639089106 16.626027926802635
leaf_count=6854 297 866 785 12117 815 248 25 115 24 774 42 195 166 193 44 118 60 26 22 22 20 97 45 35 66 104 144 30 84 80
internal_value=0.00295038 0.0119412 -0.0669242 0.0139514 -0.0392052 -0.0746455 -0.023384 0.0155092 -0.00181149 -0.00972388 -0.00949393 0.0158024 -0.00188033 -0.0349058 -0.000608823 -0.0581108 -0.0246946 -0.0467159 0.0228841 0.00543692 0.0662381 -0.0103031 0.00224969 0.0502508 0.0667687 0.00418321 -0.00638414 0.0277228 0.0078438 0.0410193
internal_weight=4345.9 3850.46 495.442 3704.85 145.612 399.179 24.432 3371.65 333.2 252.348 56.6241 3357.16 168.428 96.263 29.9058 88.9879 25.7474 21.0245 80.8517 49.3741 10.1533 39.2208 34.1686 31.4776 25.6969 152.037 104.931 47.1055 72.9029 39.9754
internal_count=24513 16338 8175 15006 1332 7153 299 13035 1971 1640 339 12920 803 1022 237 993 178 274 331 206 42 164 142 125 101 637 423 214 279 184
is_linear=0
shrinkage=0.1


Tree=67
num_leaves=31
num_cat=0
split_feature=4 10 0 0 0 4 0 10 10 10 10 0 4 8 13 12 0 0 11 7 13 12 7 11 9 12 10 4 7 10
split_gain=444.659 41.3586 43.9535 25.744 19.7113 11.6417 9.37772 8.22823 7.93192 22.8485 6.86614 9.31776 6.36122 5.82751 5.46808 5.36827 5.362 5.2034 4.58546 4.54275 4.64642 4.53318 4.56296 4.5016 4.24736 4.23555 5.77268 4.09392 4.01629 3.85648
threshold=11.500000000000002 19.500000000000004 31.500000000000004 47.500000000000007 48.500000000000007 9.5000000000000018 26.500000000000004 17.500000000000004 10.500000000000002 18.500000000000004 18.500000000000004 53.500000000000007 21.500000000000004 0.29805897723030988 1.1339285714285716 9.5000000000000018 40.500000000000007 43.500000000000007 1.0000000180025095e-35 -2.4999999999999996 0.84962406015037606 3.5000000000000004 1.5000000000000002 3.5000000000000004 212.73000140291811 5.5000000000000009 14.500000000000002 15.500000000000002 -4.4999999999999991 13.500000000000002
decision_type=2 2 2 2 2 2 2 2 2 2 2 2 2 2 2 2 2 2 2 2 2 2 2 2 2 2 2 2 2 2
left_child=5 2 6 7 -3 -1 -2 16 -7 15 11 25 -6 14 28 -10 29 23 -14 20 -18 22 -19 -16 -23 -5 -27 -25 -9 -4
right_child=1 4 3 10 12 8 -8 13 9 -11 -12 -13 18 -15 17 -17 19 21 -20 -21 -22 24 -24 27 -26 26 -28 -29 -30 -31
leaf_value=-0.076060326420208046 -0.055047111744307431 -0.076352074635144249 0.017347361302772465 0.044666766956378695 -0.028579490155259842 -0.067081915522279656 -0.0099409595230951792 0.04147410486518812 0.022895622993704366 -0.076465630652149744 0.020655006909962172 0.064648800591413605 0.096373318585834811 -0.041536778347166139 -0.037502476224001519 0.12289375258137468 -0.028448740024903874 0.060600935006882378 0.0091640925324352734 0.028141365500769445 0.019207663301612023 0.040113063894375522 -0.075615151648337597 0.089401179963375876 0.12044912000181768 0.052605670762941092 0.012740223493839398 -0.028006501375148637 -0.016280282984094448 0.00089671554303607463
leaf_weight=627.36248999461532 66.806811437010765 63.706030387431383 513.64579962939024 242.19788058102131 50.34093201905489 63.059514477849007 148.65024174749851 13.786587581038473 21.829823009669784 30.579997476190329 163.56812770664692 156.99040712416172 7.2179793864488593 32.100613333284855 16.924918085336689 7.119272217154502 29.202162802219391 5.0542486160993558 36.606955826282501 625.79642833769321 68.328486084938049 15.805142045021059 4.7895780354738235 7.346043333411215 11.276528671383856 51.152043372392654 125.29698005318642 4.9855386093258858 95.086730405688286 197.21902514994144
leaf_count=10774 796 906 1777 1020 386 861 972 64 103 439 568 1047 33 138 76 27 92 20 172 2030 216 59 21 31 40 230 504 23 388 700
internal_value=-0.00228782 0.0163024 0.0193245 0.0232391 -0.0333924 -0.0705528 -0.023927 0.0162603 -0.0423673 -0.016187 0.038735 0.0438725 -0.00432883 -0.00236947 0.0048128 0.0474875 0.0189512 0.0274812 0.0235275 0.0250128 0.00493861 0.0524399 -0.00567589 -0.00401992 0.0735642 0.0360815 0.0242971 0.0419344 -0.00896687 0.0127834
internal_weight=3503.83 2753.88 2596.01 2380.55 157.872 749.951 215.457 1641.35 122.589 59.5291 739.205 575.637 94.1659 207.156 175.055 28.9491 1434.19 66.182 43.8249 723.327 97.5306 36.9255 9.84383 29.2565 27.0817 418.647 176.449 12.3316 108.873 710.865
internal_count=24513 12309 10812 9044 1497 12204 1768 5675 1430 569 3369 2801 591 860 722 130 4815 270 205 2338 308 140 41 130 99 1754 734 54 452 2477
is_linear=0
shrinkage=0.1


Tree=68
num_leaves=31
num_cat=0
split_feature=4 0 10 0 3 4 10 10 10 0 10 0 1 0 0 12 0 8 5 5 12 10 1 8 11 0 8 6 3 11
split_gain=497.265 54.1985 28.2253 35.3436 23.13 10.4903 8.83092 7.10555 6.17279 8.02561 6.28362 5.838 5.57844 7.50768 4.9877 4.61118 4.56352 4.52111 4.49334 4.41478 4.3878 4.37536 4.00673 3.92316 4.99709 5.5419 3.78395 3.68977 5.14828 5.48018
threshold=12.500000000000002 33.500000000000007 6.5000000000000009 19.500000000000004 4.5000000000000009 7.5000000000000009 6.5000000000000009 7.5000000000000009 20.500000000000004 15.500000000000002 7.5000000000000009 16.500000000000004 1.0000000180025095e-35 10.500000000000002 23.500000000000004 3.5000000000000004 41.500000000000007 0.12034482758620692 2.5000000000000004 5.5000000000000009 10.500000000000002 5.5000000000000009 1.0000000180025095e-35 0.35160160160160164 5.5000000000000009 18.500000000000004 0.17521929824561402 3.5000000000000004 4.5000000000000009 2.5000000000000004
decision_type=2 2 2 2 2 2 2 2 2 2 2 2 2 2 2 2 2 2 2 2 2 2 2 2 2 2 2 2 2 2
left_child=1 2 3 11 8 16 -2 -6 9 12 18 -1 15 -14 27 -4 -3 -7 23 -9 -17 -13 -23 24 -11 -26 -24 -5 -29 -30
right_child=6 5 4 14 7 17 -8 19 -10 10 -12 21 13 -15 -16 20 -18 -19 -20 -21 -22 22 26 -25 25 -27 -28 28 29 -31
leaf_value=0.070607514217392961 -0.0051017213093452422 -0.0011765606581901091 0.0085377952637382942 0.040048169091590424 0.0029980535937211752 0.044140183194495225 -0.078097206403736213 -0.047625712993645014 0.024950544912201153 -0.020534665732706986 -0.031331570712475977 0.053165973873423956 0.098066087615951938 -0.011572756214860735 0.014162628340483489 0.062153916627398435 -0.061931770085904073 -0.056640919033081466 0.03582454134184488 0.022209747833080145 -0.016060769750591758 0.048552709729602551 -0.05066397399181502 0.046433977043230545 -0.013337702690589065 0.10268782085077668 0.023174939419313433 0.028005779216758831 -0.028391919625383989 0.027320154246534646
leaf_weight=147.87636443972588 16.956142961978912 94.735148854553699 37.30842037498951 157.83231419324875 51.936216734349728 4.6407152675092211 734.39801515266299 104.72040196508169 289.71901448071003 88.974228151142597 70.771304447203875 168.92932759225368 6.9630278646945944 60.62057114392519 666.10314565896988 58.064935430884361 14.218882814049719 109.05563523247838 35.583406835794449 9.9088117629289609 8.1833540797233564 27.728235855698586 11.054204121232035 13.332674764096735 9.0898859202861804 7.5244963616132727 18.648482427000999 258.22168804705143 37.857610285282135 33.087735697627068
leaf_count=1236 64 645 125 662 198 43 11665 936 1034 310 502 1222 24 222 2140 193 130 1188 119 52 29 148 54 45 28 26 97 1102 145 129
internal_value=-0.00478633 0.0159018 0.0203155 0.0284523 0.00574088 -0.0312788 -0.0764499 -0.0276864 0.0138557 0.005747 -0.00665472 0.0551546 0.0220717 -0.000276845 0.0197862 0.0366569 -0.00910533 -0.0525274 0.00464859 -0.041589 0.0524924 0.0450596 0.0212152 -0.00467983 -0.011134 0.0392092 -0.00430508 0.0274779 0.0214505 -0.00240873
internal_weight=3354.04 2602.69 2380.04 1527.34 852.701 222.65 751.354 166.565 686.135 396.416 225.276 374.237 171.14 67.5836 1153.1 103.557 108.954 113.696 154.505 114.629 66.2483 226.36 57.4309 118.921 105.589 16.6144 29.7027 486.999 329.167 70.9453
internal_count=24513 12784 10778 6935 3843 2006 11729 1186 2657 1623 1030 2757 593 246 4178 347 775 1231 528 988 222 1521 299 409 364 54 151 2038 1376 274
is_linear=0
shrinkage=0.1


Tree=69
num_leaves=31
num_cat=0
split_feature=4 10 0 4 10 0 8 0 10 3 9 0 12 0 9 11 4 5 7 7 7 12 0 9 4 8 8 8 12 8
split_gain=147.198 18.5548 26.9609 13.8828 15.6472 27.7912 6.39655 5.98998 7.5229 5.93261 5.69416 5.629 5.46211 5.42593 5.10957 6.2861 6.1507 5.91182 4.9966 5.06161 4.99445 4.95784 4.89186 4.81636 4.81214 4.65846 4.6443 4.41015 4.40196 6.33896
threshold=17.500000000000004 19.500000000000004 33.500000000000007 13.500000000000002 18.500000000000004 36.500000000000007 0.13397435897435897 43.500000000000007 18.500000000000004 5.5000000000000009 167.95046992481207 48.500000000000007 2.5000000000000004 49.500000000000007 151.26527126328958 5.5000000000000009 21.500000000000004 2.5000000000000004 -2.4999999999999996 1.5000000000000002 1.0000000180025095e-35 6.5000000000000009 28.500000000000004 165.88075633773312 4.5000000000000009 0.22933743169398904 0.18394199785177229 0.29128787878787882 7.5000000000000009 0.095695970695970675
decision_type=2 2 2 2 2 2 2 2 2 2 2 2 2 2 2 2 2 2 2 2 2 2 2 2 2 2 2 2 2 2
left_child=3 2 14 6 5 -5 28 8 23 25 -11 12 -12 20 15 16 17 21 -10 -20 -6 22 -2 -4 -8 -3 -22 -28 -1 -30
right_child=1 9 7 4 13 -7 24 -9 18 10 11 -13 -14 -15 -16 -17 -18 -19 19 -21 26 -23 -24 -25 -26 -27 27 -29 29 -31
leaf_value=-0.0061249553113082262 0.17442706333620392 -0.0057250059276495752 -0.034536678298136274 0.0022709594486117835 0.034174836400540386 -0.060830812066000772 0.006057200471183348 -0.072278795043163577 0.12160940519684592 0.096687568096020471 0.060195571099749878 -0.04425758579828977 -0.015529146689073204 -0.023160000210625708 -0.02827162239126706 -0.065056262797533612 -0.031407132437375355 -0.0036475102118744933 -0.086719112820979452 0.058971734885558326 -0.076347928317943237 0.023203709285647335 0.055635734499182826 -0.068595166900634261 0.017074067211119547 0.095703679651693296 0.037008721940906285 -0.057561802505416419 -0.010934526105015663 0.037517310497600827
leaf_weight=258.87126133590937 7.0462338030338305 8.7285229936242121 74.130538001656532 217.67955622076988 128.63802343606949 102.73510456085205 485.20830373466015 225.82579005509615 3.7875401824712744 4.3678709268569937 12.662735491991041 48.78148527443409 38.446565762162209 26.994269475340843 60.302690111100674 8.8534286096692068 13.685425363481043 14.469787932932375 4.7874155789613706 4.751317098736763 7.8923698067665091 9.8493019267916662 6.823751874268055 94.388924319297075 2168.1599170155823 9.4096518307924253 18.354368261992935 6.7425153553485861 45.794685821980238 65.800072811543941
leaf_count=1230 25 36 907 1175 476 1391 2548 4193 21 17 42 349 138 168 444 60 86 82 31 28 33 45 38 1183 9036 42 74 26 264 325
internal_value=0.00271666 -0.0409748 -0.0490972 0.0107689 -0.00450956 -0.0179615 0.0133409 -0.0614015 -0.0478934 -0.00588958 -0.0150725 -0.0199593 0.00323225 0.0183414 -0.00765249 0.0128223 0.0261138 0.046727 0.0244355 -0.0141494 0.0252728 0.0774576 0.115984 -0.0536131 0.0150595 0.0468938 -0.00943961 0.0116015 0.00103201 0.0176343
internal_weight=4183.97 651.099 528.702 3532.87 509.036 320.415 3023.83 407.672 181.846 122.397 104.259 99.8908 51.1093 188.622 121.031 60.7279 51.8745 38.1891 13.3263 9.53873 161.627 23.7193 13.87 168.519 2653.37 18.1382 32.9893 25.0969 370.466 111.595
internal_count=24513 7767 7143 16746 3343 2566 13403 6363 2170 624 546 529 180 777 780 336 276 190 80 59 609 108 63 2090 11584 78 133 100 1819 589
is_linear=0
shrinkage=0.1


Tree=70
num_leaves=31
num_cat=0
split_feature=10 4 10 10 4 0 12 0 0 10 1 0 2 0 10 12 0 8 8 0 8 12 12 0 5 11 8 7 7 12
split_gain=240.701 34.032 12.4911 7.59984 7.49444 6.90407 6.79991 5.7304 5.64907 12.0979 5.20119 4.66456 4.4998 4.92313 5.42959 4.86108 4.00229 3.95837 3.9451 3.86526 4.79784 3.64788 4.33417 3.56374 3.55125 4.57396 6.79054 3.56065 3.25382 3.5761
threshold=7.5000000000000009 5.5000000000000009 6.5000000000000009 8.5000000000000018 9.5000000000000018 31.500000000000004 11.500000000000002 63.500000000000007 39.500000000000007 21.500000000000004 2.5000000000000004 20.500000000000004 7.5000000000000009 49.500000000000007 18.500000000000004 4.5000000000000009 36.500000000000007 0.34654631083202514 0.25556655121227118 33.500000000000007 0.16172624237140362 7.5000000000000009 10.500000000000002 38.500000000000007 1.5000000000000002 5.5000000000000009 0.21103238866396759 -1.4999999999999998 10.500000000000002 11.500000000000002
decision_type=2 2 2 2 2 2 2 2 2 2 2 2 2 2 2 2 2 2 2 2 2 2 2 2 2 2 2 2 2 2
left_child=2 3 5 10 8 -1 23 12 9 -3 -2 -4 28 24 -15 -16 -5 -13 -18 -11 -21 -10 -23 -7 25 26 -14 -26 29 -6
right_child=1 4 11 16 7 6 -8 -9 21 19 -12 17 13 14 15 -17 18 -19 -20 20 -22 22 -24 -25 27 -27 -28 -29 -30 -31
leaf_value=-0.077610807003893334 -0.016915009367461008 0.0036710210160532382 -0.048297623318099392 -0.070572332723026598 0.017200797710624324 -0.061969688343370792 0.10243488843103715 -0.049927884909448945 0.034592756331537439 -0.072845935816527721 0.10491616027189919 -0.014282358812384283 -0.029948216144254622 -0.043574257966701981 0.049144885882436942 -0.024425049144813003 0.0024696793985360872 0.094419367933260126 -0.084795746442881056 0.086542920573104087 -0.036888485250475382 -0.053764055237050148 0.034615614804421845 0.059217708253060955 0.073358187424415397 0.092847105708063579 0.046295296741861884 0.0012772360173612068 -0.0080327493977700275 0.0024762812048950617
leaf_weight=340.79598764702678 52.296556740999222 187.81137648969889 62.76602303609252 58.82656342163682 2775.4144718199968 17.211957644671209 3.7139122188091269 13.801120370626448 58.711063995957375 30.403789434581995 3.7558361738920203 25.915639914572242 18.128407716751099 40.723196916282177 16.745246291160583 19.370127856731415 17.8236627727747 3.8473182767629615 7.3032512739300719 3.5654851943254497 26.969872191548347 12.000827580690386 10.320912465453146 2.8248044326901427 7.1043097078800193 10.098404213786123 32.847840644419193 193.81580997258425 55.877952769398689 175.3622276596725
leaf_count=6854 324 866 785 815 10505 248 25 115 238 437 15 213 62 427 58 68 118 24 60 38 299 50 43 26 26 37 114 736 218 669
internal_value=0.00294028 0.0111278 -0.0656493 -0.0372652 0.0129644 -0.0739778 -0.0218481 0.0143766 -0.00142098 -0.00889101 -0.00875161 -0.0328365 0.0146419 0.00371701 -0.0185409 0.00968637 -0.0563025 -0.000230995 -0.0228944 -0.0476066 -0.0224759 0.0215102 -0.0128999 -0.0448846 0.0102449 0.0313615 0.0191812 0.00382594 0.015873 0.0163257
internal_weight=4286.15 3829.08 457.076 140.006 3689.07 364.547 23.7507 3359.29 329.783 248.751 56.0524 92.529 3345.49 338.833 76.8386 36.1154 83.9535 29.763 25.1269 60.9391 30.5354 81.0328 22.3217 20.0368 261.995 61.0747 50.9762 200.92 3006.65 2950.78
internal_count=24513 16338 8175 1332 15006 7153 299 13035 1971 1640 339 1022 12920 1528 553 126 993 237 178 774 337 331 93 274 975 213 176 762 11392 11174
is_linear=0
shrinkage=0.1


Tree=71
num_leaves=31
num_cat=0
split_feature=4 10 0 0 0 4 0 10 10 10 10 0 4 0 9 9 6 13 1 9 11 4 3 9 13 11 10 0 5 9
split_gain=392.691 35.028 36.2253 21.413 18.4732 11.8259 8.67993 7.59463 20.5677 6.74381 6.54395 6.06941 5.32988 4.9035 4.81202 4.87722 4.68939 4.46663 3.95457 4.45817 4.99463 5.18382 4.72332 4.37174 3.80878 3.76228 3.71148 3.68655 3.63689 4.59702
threshold=11.500000000000002 19.500000000000004 31.500000000000004 50.500000000000007 48.500000000000007 9.5000000000000018 26.500000000000004 10.500000000000002 18.500000000000004 18.500000000000004 18.500000000000004 43.500000000000007 21.500000000000004 54.500000000000007 203.24102067183466 224.90895424836603 6.5000000000000009 0.51315789473684215 1.0000000180025095e-35 206.07898769913291 2.5000000000000004 16.500000000000004 11.500000000000002 189.83787878787882 1.1791443850267382 1.0000000180025095e-35 12.500000000000002 40.500000000000007 4.5000000000000009 227.68449712643681
decision_type=2 2 2 2 2 2 2 2 2 2 2 2 2 2 2 2 2 2 2 2 2 2 2 2 2 2 2 2 2 2
left_child=5 2 6 9 -3 -1 -2 -7 14 11 13 -4 28 -5 -9 -16 -11 -13 -18 22 24 -22 -20 -24 -21 -14 -8 -17 29 -6
right_child=1 4 3 10 12 7 26 8 -10 16 -12 17 25 -15 15 27 18 -19 19 20 21 -23 23 -25 -26 -27 -28 -29 -30 -31
leaf_value=-0.07549003681588419 -0.053216682518525932 -0.075708533786460863 0.013503635785740258 0.03895561883408416 0.052280863635580002 -0.065801127407964149 -0.0045183800389832921 -0.039458743290218028 -0.075769792121110707 -0.052134732968523882 0.021926355459194261 -0.0031015533742484065 0.085711989761158736 0.064770133384501855 0.12339277673399701 -0.0097231894608463248 -0.05868802088244162 0.02773455798696875 -0.040268581227876236 0.043648050484057475 -0.044769086320171118 0.0488565232690183 -0.012951074568099963 0.097879038275795596 0.15272318278737684 0.0078880888291216946 -0.066758896296629011 0.09191214719407885 -0.054987793410834845 -0.034763463138810589
leaf_weight=575.03564721718431 63.120092090219259 58.800875701010227 1123.4869998693466 190.40638500452042 9.9984449520707148 58.776394329965115 136.6875347495079 5.6065275669097927 28.143085308372974 19.509523019194603 126.2280081808567 50.734747067093849 7.4777133315801612 119.93061023950577 8.654157295823099 9.3110564947128278 9.5438142269849759 633.76771083474159 25.112640492618084 9.3896122872829419 10.908068567514421 12.916048556566237 9.014286592602728 5.8811167180538169 4.8575154095888129 36.696833685040474 10.302940286695955 5.7869966924190512 23.701964642852545 15.431532070040701
leaf_count=10774 796 906 3751 919 72 861 899 33 439 111 420 177 33 887 36 41 57 2318 144 49 65 60 37 23 26 172 73 20 201 113
internal_value=-0.00232448 0.0148148 0.0175831 0.0211376 -0.0318089 -0.0696086 -0.0222 -0.0405231 -0.0146847 0.0165816 0.0411234 0.0180261 -0.00414384 0.0489317 0.043871 0.0635403 -0.007796 0.025449 0.00207614 0.00950349 0.033999 0.00598927 -0.0138061 0.0308077 0.0808369 0.0210618 -0.00888098 0.029233 -0.0268063 -0.000539763
internal_weight=3405.22 2713.91 2561.8 2351.69 152.107 691.314 210.111 116.278 57.5018 1915.12 436.565 1807.99 93.3065 310.337 29.3587 23.7522 107.133 684.502 87.6231 78.0793 38.0712 23.8241 40.008 14.8954 14.2471 44.1745 146.99 15.0981 49.1319 25.43
internal_count=24513 12309 10812 9044 1497 12204 1768 1430 569 6818 2226 6246 591 1806 130 97 572 2495 461 404 200 125 204 60 75 205 972 61 386 185
is_linear=0
shrinkage=0.1


Tree=72
num_leaves=31
num_cat=0
split_feature=4 0 10 0 3 10 0 7 4 11 12 4 6 7 9 8 11 6 10 9 6 8 8 3 10 11 10 8 4 11
split_gain=443.629 45.8423 26.2618 32.5367 17.0744 8.77555 6.52748 5.62854 6.01149 5.27463 5.22562 4.72063 4.50444 4.46891 5.46098 6.5025 6.36577 5.95338 6.74694 4.25129 4.89829 4.63189 4.11655 3.95534 3.9019 4.95398 4.07499 3.69836 4.44979 3.65996
threshold=12.500000000000002 36.500000000000007 6.5000000000000009 18.500000000000004 5.5000000000000009 6.5000000000000009 22.500000000000004 1.0000000180025095e-35 3.5000000000000004 5.5000000000000009 5.5000000000000009 7.5000000000000009 1.5000000000000002 -5.4999999999999991 318.48066603535364 0.19657494145199064 1.5000000000000002 2.5000000000000004 1.5000000000000002 429.55389610389619 8.5000000000000018 0.23706512042818909 0.28165064102564102 3.5000000000000004 7.5000000000000009 4.5000000000000009 19.500000000000004 0.31455026455026464 5.5000000000000009 5.5000000000000009
decision_type=2 2 2 2 2 2 2 2 2 2 2 2 2 2 2 2 2 2 2 2 2 2 2 2 2 2 2 2 2 2
left_child=1 2 3 -1 7 -2 9 29 -9 10 12 22 -5 -14 -15 -16 -17 -18 -19 20 23 -21 -3 -12 25 -6 -26 28 -24 -4
right_child=5 11 4 6 24 -7 -8 8 -10 -11 19 -13 13 14 15 16 17 18 -20 21 -22 -23 27 -25 26 -27 -28 -29 -30 -31
leaf_value=0.057990072911842265 -0.0047269809896395955 -0.038917222078087794 0.0091844688712334876 0.067270651941681664 -0.027770266521158472 -0.077663560627894354 0.013568548852917105 0.067515326169250586 -0.015790973205737874 0.056983519175306821 0.060479151604926319 -0.06285437728704836 0.051039120814191541 0.021170858611848309 0.026954293161708165 0.012853415451800902 0.048360906581617957 0.011314733985652199 -0.098052995687688549 -0.11019019989473355 -0.027384981944915406 0.042190696832287794 0.16347895160931483 0.026885927031021547 -0.059080834639989949 0.084733923346066942 -0.00041045170228019308 -0.031948788924395115 0.00056193320147980021 0.029282152951735214
leaf_weight=256.08730029314756 16.909491665661335 38.479354731738567 590.76321576535702 15.011296987533568 14.340998694300653 674.89793329313397 813.47829231619835 9.3037818223237974 125.60604717209935 57.339191406965256 83.669046029448509 69.338410135358572 24.01569290459156 97.435892373323441 26.640355154871941 19.674646809697151 4.6249513626098624 7.3144135177135494 24.649699196219444 3.9411344677209845 9.5950318574905378 4.0392227321863174 3.1768605634570104 60.315999895334244 58.351723909378052 5.3831429779529563 14.851273559033869 5.7057952061295509 3.5498772040009499 107.02773424983025
leaf_count=2152 64 343 2445 75 62 11665 2703 34 627 289 435 928 125 469 133 99 25 38 130 21 45 21 19 285 676 20 79 45 30 431
internal_value=-0.00484762 0.0143955 0.0173738 0.0255132 0.00411491 -0.0758808 0.018869 0.00865203 -0.0100459 0.0287072 0.024451 -0.0458766 0.0143995 0.0105157 0.00511928 -0.0137459 -0.0330171 -0.0576825 -0.0730262 0.0380989 0.0417966 -0.0330633 -0.0227542 0.0464068 -0.0365413 0.00293455 -0.0471779 0.0272713 0.0775033 0.0122671
internal_weight=3245.52 2553.71 2433.46 1507.83 925.628 691.807 1251.74 832.701 134.91 438.267 380.927 120.25 219.367 204.356 180.34 82.9041 56.2637 36.5891 31.9641 161.56 153.58 7.98036 50.9119 143.985 92.9271 19.7241 73.203 12.4325 6.72674 697.791
internal_count=24513 12784 11419 7045 4374 11729 4893 3537 661 2190 1901 1365 1094 1019 894 425 292 193 168 807 765 42 437 720 837 82 755 94 49 2876
is_linear=0
shrinkage=0.1


Tree=73
num_leaves=31
num_cat=0
split_feature=4 10 0 4 10 0 0 10 0 0 8 0 8 8 9 11 0 9 6 0 10 4 10 12 6 11 4 12 8 0
split_gain=126.975 16.9736 25.4765 11.5121 13.0825 25.2683 6.16984 6.23687 7.60942 5.35814 5.28683 4.76307 4.60559 4.93795 4.4581 5.46834 5.2096 6.41401 6.02037 4.3116 4.62743 5.46898 4.19791 4.07778 4.52584 4.06531 3.93877 3.89318 5.26679 6.41088
threshold=17.500000000000004 19.500000000000004 33.500000000000007 13.500000000000002 18.500000000000004 36.500000000000007 40.500000000000007 18.500000000000004 47.500000000000007 55.500000000000007 0.13397435897435897 45.500000000000007 0.16405676535356004 0.31866537717601556 151.26527126328958 5.5000000000000009 28.500000000000004 148.51445512820516 3.5000000000000004 20.500000000000004 6.5000000000000009 14.500000000000002 11.500000000000002 2.5000000000000004 6.5000000000000009 3.5000000000000004 20.500000000000004 7.5000000000000009 0.095695970695970675 28.500000000000004
decision_type=2 2 2 2 2 2 2 2 2 2 2 2 2 2 2 2 2 2 2 2 2 2 2 2 2 2 2 2 2 2
left_child=3 2 14 10 5 19 -4 -8 12 23 27 -6 -9 -14 15 16 18 22 -2 -5 -21 -22 -18 24 -3 -26 -20 -1 29 -29
right_child=1 9 6 4 11 -7 7 8 -10 -11 -12 -13 13 -15 -16 -17 17 -19 26 20 21 -23 -24 -25 25 -27 -28 28 -30 -31
leaf_value=-0.0055753182094577282 0.12045006241798716 -0.056755026600013352 -0.040298144050084438 0.068384821630814718 0.030536601678090181 -0.059142880016016253 -0.075416264529052257 0.11616392645556642 -0.068468012065703396 -0.065742170727506169 0.013980152668041751 -0.0016837466735868387 -0.033299823070971318 0.12124421578058363 -0.026480272886353497 -0.062845648038563892 -0.0429866538124834 0.12941924856718615 0.056034439363884664 0.081451748820016157 -0.033557886142598643 0.0056916331302205997 0.055359431007168274 -0.0098926427812173305 0.019067747315305649 0.1029056271600553 -0.054531879177730662 -0.022921238200113894 0.034891059256183674 0.095929849743158338
leaf_weight=256.95209885761142 9.5015393346548098 4.6322561055421856 113.4520386531949 9.4788526296615583 108.44247976690531 96.156591020524502 217.24993044883013 3.4857303053140667 29.136812504380941 13.114696636795996 2639.527979221195 79.526844188570976 13.963162884116175 2.4268163815140715 58.828054286539555 8.3752440437674505 19.772564359009273 3.1730206757783881 9.2755765020847303 6.6562251448631278 46.044073984026909 155.0364161580801 5.5609906688332549 78.601863361895084 15.174643352627756 9.3460226356983167 4.936713531613349 40.053431261330843 65.789630625396967 5.1184640675783148
leaf_count=1230 34 19 1324 29 403 1391 4368 30 485 146 11584 374 136 20 444 60 128 18 35 21 241 884 38 354 65 40 23 246 325 18
internal_value=0.00270444 -0.039014 -0.0471561 0.0100762 -0.00395295 -0.0164639 -0.0598261 -0.0681468 -0.0359246 -0.00539067 0.0124148 0.0169047 0.0117824 -0.0104169 -0.00687116 0.012166 0.0241965 -0.00461133 0.0588266 0.00242911 -0.000580399 -0.00329585 -0.0213986 0.00195463 0.0338971 0.0510225 0.0176286 0.00118457 0.0168384 -0.00945413
internal_weight=4128.79 620.008 499.138 3508.78 501.341 313.372 379.714 266.262 49.0125 120.869 3007.44 187.969 19.8757 16.39 119.424 60.5956 52.2204 28.5066 23.7138 217.216 207.737 201.08 25.3336 107.755 29.1529 24.5207 14.2123 367.914 110.962 45.1719
internal_count=24513 7767 7143 16746 3343 2566 6363 5039 671 624 13403 777 186 156 780 336 276 184 92 1175 1146 1125 166 478 124 105 58 1819 589 264
is_linear=0
shrinkage=0.1


Tree=74
num_leaves=31
num_cat=0
split_feature=10 4 10 10 0 4 0 10 12 0 5 4 12 8 5 7 9 0 0 9 9 0 4 9 11 8 8 9 13 0
split_gain=212.241 29.3659 12.6319 7.33527 6.95687 6.33196 6.07378 13.2856 5.71936 5.56227 5.48458 5.05646 4.83718 6.17123 5.1302 4.59332 4.47084 4.36012 4.27046 4.17565 4.11858 6.48573 4.68682 3.71947 3.63965 3.53228 4.17659 3.46319 3.57992 3.79426
threshold=7.5000000000000009 5.5000000000000009 6.5000000000000009 22.500000000000004 31.500000000000004 10.500000000000002 39.500000000000007 18.500000000000004 11.500000000000002 34.500000000000007 3.5000000000000004 29.500000000000004 10.500000000000002 0.29805897723030988 2.5000000000000004 1.0000000180025095e-35 320.93597105508877 21.500000000000004 61.500000000000007 371.69427497789576 376.79206349206356 17.500000000000004 3.5000000000000004 286.16530388471193 1.0000000180025095e-35 0.18942218080149117 0.28345771144278614 287.21704857030949 0.78888888888888908 27.500000000000004
decision_type=2 2 2 2 2 2 2 2 2 2 2 2 2 2 2 2 2 2 2 2 2 2 2 2 2 2 2 2 2 2
left_child=2 3 4 15 -1 6 7 12 -6 -9 25 18 -3 14 -14 20 23 -4 27 -18 -2 22 -22 -17 -19 -8 -27 28 29 -7
right_child=1 5 17 -5 8 11 10 9 -10 -11 -12 -13 13 -15 -16 16 19 24 -20 -21 21 -23 -24 -25 -26 26 -28 -29 -30 -31
leaf_value=-0.077261714809285592 -0.042597034646804185 0.00087141789044885244 -0.04398564060038368 -0.079577187568078564 -0.043082406559408655 0.043571061167263975 0.0059548733531476789 -0.063205388493611611 0.088651775208600889 -0.013659599656981934 0.0020536100798636187 -0.028573982574735313 0.10084516894813665 -0.033964483231264067 -0.010049197115905944 0.036867640742935658 0.14374368205933921 0.094650210042867305 -0.029145215939042724 0.011790479197662901 -0.071032161154241297 0.12085149733260686 0.075804622396760793 -0.091606049308683379 -0.011411997543056324 0.085330147169967327 0.0043879412757021098 0.03625732590932234 0.011689796500970448 0.017458933198129103
leaf_weight=309.73079176433384 72.243921186774969 196.26495049893856 66.310857098549604 29.43061388283968 19.128798499703411 59.858673095703125 15.120316386222838 46.062496438622475 3.981738105416297 44.596704609692097 68.976183876395226 28.20933772996068 15.892287939786916 7.4274798631668082 5.6565670520067206 4.3884970992803591 4.2052269913256151 3.8935172557830837 22.831610072404146 5.5809520930051804 7.2108785286545736 4.1820652894675723 3.1118091195821762 4.6319835782051086 19.143670126795769 24.516955718398094 8.614912271499632 69.985401131212711 2268.9614331498742 790.91395146027207
leaf_count=6854 665 785 843 463 274 193 58 630 25 421 275 250 62 30 20 24 23 29 175 29 55 25 23 25 150 90 33 244 8694 3046
internal_value=0.00292153 0.0103782 -0.0643506 -0.0354299 -0.0733126 0.0120613 0.000705403 -0.00650837 -0.0203858 -0.038833 0.0201447 0.013579 0.00650225 0.0446415 0.0717354 -0.0231209 0.0216813 -0.0309651 0.0139492 0.0684922 -0.0328337 0.0157944 -0.0267677 -0.0291031 0.00651359 0.0460057 0.0642836 0.0142576 0.0137641 0.0192961
internal_weight=4231.06 3808.88 422.189 134.986 332.841 3673.89 433.129 315.9 23.1105 90.6592 117.228 3240.76 225.241 28.9763 21.5489 105.555 18.8067 89.348 3212.55 9.78618 86.7487 14.5048 10.3227 9.02048 23.0372 48.2522 33.1319 3189.72 3119.73 850.773
internal_count=24513 16338 8175 1332 7153 15006 2404 1948 299 1051 456 12602 897 112 82 869 101 1022 12352 52 768 103 78 49 179 181 123 12177 11933 3239
is_linear=0
shrinkage=0.1


Tree=75
num_leaves=31
num_cat=0
split_feature=4 10 0 0 0 4 0 10 10 0 10 10 0 9 0 2 13 0 1 8 6 12 8 13 0 2 3 2 6 8
split_gain=347.59 29.6762 29.8652 17.7532 17.2819 11.9608 8.03934 7.55038 11.1608 12.2384 5.83233 5.64183 5.68015 5.24536 4.86118 4.7574 5.20684 6.41035 4.53447 4.85826 4.45424 4.87004 4.84224 5.58625 6.10108 4.52499 5.29873 4.3835 4.26795 4.17023
threshold=11.500000000000002 19.500000000000004 31.500000000000004 50.500000000000007 48.500000000000007 9.5000000000000018 26.500000000000004 7.5000000000000009 18.500000000000004 29.500000000000004 18.500000000000004 17.500000000000004 41.500000000000007 203.24102067183466 54.500000000000007 3.5000000000000004 0.43650793650793651 57.500000000000007 1.0000000180025095e-35 0.23294573643410851 6.5000000000000009 10.500000000000002 0.29805897723030988 1.1622807017543864 42.500000000000007 6.5000000000000009 12.500000000000002 4.5000000000000009 8.5000000000000018 0.16302800189843378
decision_type=2 2 2 2 2 2 2 2 2 2 2 2 2 2 2 2 2 2 2 2 2 2 2 2 2 2 2 2 2 2
left_child=5 2 6 11 -3 -1 -2 -7 9 -9 14 12 -4 -11 -5 16 17 -6 -15 -20 21 -13 23 25 28 26 -22 -17 -25 -14
right_child=1 4 3 10 15 7 -8 8 -10 13 -12 20 29 18 -16 27 -18 -19 19 -21 22 -23 -24 24 -26 -27 -28 -29 -30 -31
leaf_value=-0.074937602977301621 -0.051429883527914902 -0.075074583126943997 0.011577136844654647 0.035567226155610365 -0.025334701073002775 -0.078926361126844646 -0.0078781668030261567 -0.049020434676233654 -0.075122634396590005 -0.0500287546115388 0.019839043202024981 -0.035513735713588221 0.0059887715681032714 0.0080606104176030938 0.06212707086683629 0.07555873166513899 -0.051602424442348006 0.1167759842390034 0.039053812866946973 0.15075825720997288 0.00022897350889624669 0.057039757634918489 -0.02575155645119237 0.055455544563878349 0.054342381783387642 -0.06916657051992485 0.0704340453699 0.0020214232621193983 -0.056525413093792998 0.026418868971092004
leaf_weight=527.6628901399672 59.820963568985462 54.247874893248081 823.10204052180052 182.90646466612816 9.5721867680549604 32.854411043226719 145.41574203968048 23.024762760847807 26.018959950655699 4.5056346282362965 125.81955395638943 46.166063413023949 117.10788306593895 8.3563297241926211 110.56906670331955 10.296467542648314 29.743579894304276 4.7488964349031439 7.2220201566815367 8.4478777796030027 109.95505527406931 6.4836620390415183 35.753275416791439 5.1875422596931449 51.227697879076004 8.3115082681179029 11.915679216384886 38.102359429001808 9.8968630358576757 680.43467099964619
leaf_count=10774 796 906 2810 919 78 539 972 333 439 23 420 196 406 32 887 64 240 18 30 34 456 28 152 22 191 30 45 191 49 2433
internal_value=-0.00235128 0.0134588 0.0159943 0.0192224 -0.0302664 -0.0686743 -0.0205723 -0.0387467 -0.02173 0.00521556 0.0378515 0.0151233 0.0174047 0.0489832 0.0455738 -0.00397761 -0.02775 0.0217895 0.0675508 0.0992754 0.00214551 -0.024116 0.00809892 0.0142582 0.0378828 0.00222433 0.00709314 0.0176659 -0.018015 0.023419
internal_weight=3314.88 2676.79 2530.07 2324.84 146.711 638.093 205.237 110.43 77.5756 51.5566 419.295 1905.54 1620.64 28.5319 293.476 92.4635 44.0647 14.3211 24.0262 15.6699 284.897 52.6497 232.248 196.494 66.3121 130.182 121.871 48.3988 15.0844 797.543
internal_count=24513 12309 10812 9044 1497 12204 1768 1430 891 452 2226 6818 5649 119 1806 591 336 96 96 64 1169 224 945 793 262 531 501 255 71 2839
is_linear=0
shrinkage=0.1


Tree=76
num_leaves=31
num_cat=0
split_feature=4 0 10 0 3 10 0 7 4 4 9 11 7 2 10 8 12 8 9 8 12 9 8 9 0 9 9 8 10 11
split_gain=396.69 39.0161 21.1787 29.3344 14.7566 8.99903 5.41105 4.73376 5.11609 4.52016 3.87083 4.82582 4.40563 3.9672 3.7352 3.69038 5.15552 3.65948 4.83324 4.5803 3.5946 5.48106 4.5656 4.54652 4.25163 5.03476 5.55739 5.72298 3.8072 4.5647
threshold=12.500000000000002 36.500000000000007 6.5000000000000009 18.500000000000004 5.5000000000000009 6.5000000000000009 21.500000000000004 1.0000000180025095e-35 3.5000000000000004 7.5000000000000009 448.9585294117648 4.5000000000000009 -2.4999999999999996 1.5000000000000002 5.5000000000000009 0.12599206349206346 2.5000000000000004 0.28918128654970759 343.01957142857151 0.29758481886141469 5.5000000000000009 323.47114845938387 0.15954545454545457 304.0131313131314 22.500000000000004 331.21638095238103 354.06578947368428 0.23420877659574468 3.5000000000000004 1.0000000180025095e-35
decision_type=2 2 2 2 2 2 2 2 2 2 2 2 2 2 2 2 2 2 2 2 2 2 2 2 2 2 2 2 2 2
left_child=1 2 3 14 7 -2 -5 -4 -9 17 13 -12 -13 20 -1 16 -15 18 -3 -19 21 22 23 -8 -22 -26 -27 -28 29 -23
right_child=5 9 4 6 -6 -7 10 8 -10 -11 11 12 -14 15 -16 -17 -18 19 -20 -21 24 28 -24 -25 25 26 27 -29 -30 -31
leaf_value=0.063747421999540033 -0.0029565107619562922 -0.049586269619153939 0.011307952119878194 0.028315428606023121 -0.034712069493001027 -0.077259162127473871 0.091027432101019157 0.06195728318941577 -0.014587596424419595 -0.061327449822523632 -0.077905573570847042 -0.04323667263472649 0.080243056432233367 0.10092285655175853 0.036706549489538984 0.0051219389080723121 0.017326291911324242 0.13011374184043642 0.056292998695357969 -0.011240548851334697 0.049928331447290586 0.081592636246082664 -0.00013431919590170245 -0.016532408967474051 0.024333948038758921 -0.046532944697139693 0.039736275932735328 -0.025920701613303499 0.073827218890221563 0.025621210487898269
leaf_weight=163.90052615106106 16.739585518836975 33.521929018199444 698.7632784023881 314.69815015047789 89.556442759931087 620.69413034617901 12.019740685820581 9.3905268907546979 124.48637266084552 64.94729308411479 10.37086942791939 6.0211689621210098 5.555404379963873 9.4961857944726926 74.212036609649658 433.89039488136768 33.062002718448639 3.1972541585564604 4.947731986641883 8.0991123244166356 23.267498895525932 16.829652175307274 78.865821808576584 5.8389131575822821 67.395088233053684 30.36725153028965 26.70842556655407 26.396605789661407 28.153857171535492 108.55238355696201
leaf_count=1591 64 320 2876 1730 837 11665 44 34 627 928 34 21 19 35 561 1466 112 19 36 62 100 60 270 21 225 102 89 87 98 380
internal_value=-0.0048531 0.0130215 0.0157472 0.0231769 0.00385899 -0.0753079 0.0169921 0.00800758 -0.00921851 -0.0439512 0.0131305 -0.0283633 0.0160192 0.0141414 0.0553197 0.00787826 0.0359795 -0.0212743 -0.0359687 0.0287675 0.0211728 0.0288497 0.0102043 0.0558606 0.0101398 0.00400342 -0.0124113 0.00710055 0.040596 0.0331341
internal_weight=3149.95 2512.51 2397.8 1475.6 922.197 637.434 1237.49 832.64 133.877 114.713 922.791 21.9474 11.5766 900.844 238.113 476.449 42.5582 49.766 38.4697 11.2964 424.395 250.26 96.7245 17.8587 174.135 150.867 83.4723 53.105 153.536 125.382
internal_count=24513 12784 11419 7045 4374 11729 4893 3537 661 1365 3163 74 40 3089 2152 1613 147 437 356 81 1476 873 335 65 603 503 278 176 538 440
is_linear=0
shrinkage=0.1


Tree=77
num_leaves=31
num_cat=0
split_feature=4 10 0 0 9 0 10 0 10 3 10 10 8 11 11 10 12 1 0 6 12 7 11 10 8 0 4 8 12 8
split_gain=109.52 15.5512 28.8328 10.5348 9.78261 9.51926 8.38001 33.3477 7.70918 7.23092 7.20594 6.96744 9.08423 7.51141 6.9505 7.51218 23.7364 6.52311 6.23433 8.07664 5.21905 5.03745 4.74541 5.43104 4.69154 5.02081 4.60873 4.40274 4.55184 5.59483
threshold=17.500000000000004 18.500000000000004 39.500000000000007 47.500000000000007 151.26527126328958 47.500000000000007 18.500000000000004 39.500000000000007 19.500000000000004 8.5000000000000018 20.500000000000004 14.500000000000002 0.30471628592483424 2.5000000000000004 5.5000000000000009 12.500000000000002 3.5000000000000004 1.5000000000000002 29.500000000000004 3.5000000000000004 5.5000000000000009 -1.0000000180025095e-35 4.5000000000000009 12.500000000000002 0.33072916666666669 24.500000000000004 4.5000000000000009 0.37066905615292717 1.5000000000000002 0.34654631083202514
decision_type=2 2 2 2 2 2 2 2 2 2 2 2 2 2 2 2 2 2 2 2 2 2 2 2 2 2 2 2 2 2
left_child=5 2 4 9 14 6 7 11 -7 17 -5 22 -13 -14 15 18 -17 -3 19 -2 -19 -10 27 -24 25 26 -8 28 29 -1
right_child=1 3 -4 10 -6 8 24 -9 21 -11 -12 12 13 -15 -16 16 -18 20 -20 -21 -22 -23 23 -25 -26 -27 -28 -29 -30 -31
leaf_value=-0.0042596202384376659 0.1008630648828728 0.018951174215488743 -0.072960384474957632 -0.04367170130499845 -0.039440673201960152 -0.062105583937487566 -0.068234528714696763 -0.061167327497304885 0.0067611280279739703 -0.011257729249923224 0.050450237442345239 -0.055016997458463959 -0.029650345091411529 0.14274065632282629 -0.061366512701461845 0.27813228776731586 -0.058076876383244047 0.044094606203065545 -0.023805402356911226 -0.0034255850097232761 0.17964947693402594 -0.074540498631175581 0.0041662027327499232 -0.066392861271180395 0.042553340928546936 0.017740023863020312 0.015979465624414602 -0.0054076948308651443 0.016384040343372045 0.074682025983750219
leaf_weight=177.43763776496053 12.297406092286112 22.708937175571918 215.56612623855472 83.767011187970638 117.50362860411406 30.966728076338768 13.237060517072679 69.119949467480183 65.510541372001171 44.69087440520525 9.0088785737752897 33.840306356549263 5.2758666947483999 4.8519111201167107 13.471248626708983 4.0952313765883428 4.3097949475049973 5.6896978542208654 34.680722385644913 18.746401831507683 5.6714578792452812 8.6242905110120756 673.69232838600874 11.08836793899536 74.450202688574791 822.35457164794207 12.765473887324331 121.52918270975351 1352.6593174338341 9.4563581086695176
leaf_count=852 46 90 4587 877 1193 458 69 936 267 248 50 289 39 44 128 35 48 28 326 83 28 42 3166 99 275 2978 61 584 6543 44
internal_value=0.00268448 -0.0370755 -0.0474234 -0.0116986 -0.0205839 0.0094373 0.0103584 0.00730891 -0.0202008 0.0151979 -0.0345321 0.00928941 -0.0301505 0.052937 0.00470979 0.0167176 0.105736 0.0499007 0.0053336 0.0378864 0.111763 -0.00269689 0.0100286 0.00302367 0.0184843 0.0163721 -0.0268912 0.0129164 0.0143629 -0.000265375
internal_weight=4079.07 592.207 420.671 171.537 205.104 3486.86 3381.76 2458.95 105.102 78.761 92.7759 2389.83 43.9681 10.1278 87.6008 74.1296 8.40503 34.0701 65.7245 31.0438 11.3612 74.1348 2345.86 684.781 922.807 848.357 26.0025 1661.08 1539.55 186.894
internal_count=24513 7767 6446 1321 1859 16746 15979 12596 767 394 927 11660 372 83 666 538 83 146 455 129 56 309 11288 3265 3383 3108 130 8023 7439 896
is_linear=0
shrinkage=0.1


Tree=78
num_leaves=31
num_cat=0
split_feature=10 4 10 10 0 10 0 2 9 11 8 0 0 9 0 7 12 6 12 11 9 4 0 11 7 12 13 10 12 11
split_gain=187.518 25.2121 12.7049 7.16716 7.02863 5.66759 21.9074 5.43653 5.07385 6.54434 5.53239 5.46835 4.93614 6.58465 5.15573 5.98852 5.12512 5.33167 4.64837 4.62895 7.89583 7.65459 7.99133 5.22181 6.62783 6.6975 5.30845 5.6641 5.29399 4.58249
threshold=7.5000000000000009 5.5000000000000009 6.5000000000000009 22.500000000000004 31.500000000000004 20.500000000000004 37.500000000000007 3.5000000000000004 259.78658186150835 2.5000000000000004 0.28345771144278614 45.500000000000007 19.500000000000004 287.21704857030949 57.500000000000007 -4.4999999999999991 10.500000000000002 1.5000000000000002 9.5000000000000018 4.5000000000000009 277.57591431556955 22.500000000000004 37.500000000000007 3.5000000000000004 9.5000000000000018 7.5000000000000009 0.62019230769230782 10.500000000000002 11.500000000000002 4.5000000000000009
decision_type=2 2 2 2 2 2 2 2 2 2 2 2 2 2 2 2 2 2 2 2 2 2 2 2 2 2 2 2 2 2
left_child=2 3 4 -2 -1 12 -7 -6 9 10 18 -11 -3 14 19 -16 17 -15 -8 23 21 -21 -23 28 26 -26 27 -25 -14 -10
right_child=1 5 -4 -5 7 6 8 -9 29 11 -12 -13 13 16 15 -17 -18 -19 -20 20 -22 22 -24 24 25 -27 -28 -29 -30 -31
leaf_value=-0.076941008741624503 -0.021498002245103783 -0.0068661404896950542 -0.029243918448050479 -0.079206640864760647 -0.0360777903903012 -0.045477424809896132 0.048838217765781074 0.12149741183516044 0.014720050357635808 -0.044155265316987498 -0.04059845438355239 0.0085072335101848817 0.014446361270904526 -0.058172377523950138 0.090195220557974132 -0.018809882818762523 0.08986072403559657 0.035410237239852226 -0.034808118702782768 0.02435079988242347 -0.089728631762200806 0.046482023794990064 -0.014349583262610524 -0.051193501886342835 0.01392768723910002 0.12253481931578605 -0.0078248121553595104 0.036551063491230211 -0.0095073699935490918 0.054860748172176954
leaf_weight=282.05248951166868 103.0436360090971 126.17998214066029 86.607578579336405 27.202523421496153 20.042318306863312 83.804273281246424 45.711253151297569 2.4580319486558428 95.970540016889572 42.240921072661877 11.204287156462668 36.978861957788467 1620.3360610604286 6.5715367347002021 5.3821606524288645 79.266032624989748 16.074737131595612 82.734260939061642 7.7734474986791602 710.83230074867606 6.5800938047468653 27.181147158145905 105.085981734097 8.5522491931915265 17.232588946819309 8.4682326912879926 324.68611850589514 52.631725564599037 97.835985358804464 40.417589902877808
leaf_count=6854 869 576 1022 463 269 1017 172 30 406 183 43 120 6105 22 24 629 55 279 32 2526 27 84 566 28 72 32 1263 200 371 174
internal_value=0.00288006 0.00968357 -0.0630396 -0.0335507 -0.0726503 0.0112222 -0.000617254 -0.0188636 0.0127952 -0.000302768 0.0232961 -0.019573 0.0125303 0.0133025 0.0124572 -0.011879 0.0378803 0.028524 0.0366811 0.0131486 0.019389 0.0202406 -0.00184857 0.0106589 0.000541782 0.0497129 -0.00273326 0.0242862 0.0130824 0.0266154
internal_weight=4181.14 3789.98 391.16 130.246 304.553 3659.73 364.101 22.5004 280.297 143.909 64.689 79.2198 3295.63 3169.45 3064.07 84.6482 105.381 89.3058 53.4847 2979.42 849.68 843.099 132.267 2129.74 411.571 25.7008 385.87 61.184 1718.17 136.388
internal_count=24513 16338 8175 1332 7153 15006 2147 299 1130 550 247 303 12859 12283 11927 653 356 301 204 11274 3203 3176 650 8071 1595 104 1491 228 6476 580
is_linear=0
shrinkage=0.1


Tree=79
num_leaves=31
num_cat=0
split_feature=4 10 0 0 0 4 10 10 0 10 10 0 1 10 12 1 9 9 7 8 12 4 12 10 12 4 9 10 8 10
split_gain=308.421 25.2462 24.6697 16.9678 16.1605 12.02 7.31973 10.4472 10.6537 6.33073 5.82687 5.52579 4.96704 4.91672 4.52628 5.25554 4.41792 4.33417 5.29196 4.48284 4.11374 4.0983 3.94829 3.91427 6.02961 5.20974 4.17321 3.80637 4.36778 3.73925
threshold=11.500000000000002 19.500000000000004 28.500000000000004 47.500000000000007 48.500000000000007 9.5000000000000018 7.5000000000000009 18.500000000000004 29.500000000000004 14.500000000000002 7.5000000000000009 57.500000000000007 5.5000000000000009 18.500000000000004 5.5000000000000009 1.0000000180025095e-35 203.24102067183466 228.57005797101453 -7.4999999999999991 0.34248120300751878 2.5000000000000004 21.500000000000004 5.5000000000000009 10.500000000000002 5.5000000000000009 18.500000000000004 300.38680555555561 17.500000000000004 0.28867521367521365 18.500000000000004
decision_type=2 2 2 2 2 2 2 2 2 2 2 2 2 2 2 2 2 2 2 2 2 2 2 2 2 2 2 2 2 2
left_child=5 2 -2 10 -3 -1 -7 8 -8 20 -4 12 14 17 15 29 -10 18 22 23 -5 -6 -12 24 25 -19 -25 -20 -29 -11
right_child=1 4 3 9 21 6 7 -9 16 11 13 -13 -14 -15 -16 -17 -18 19 27 -21 -22 -23 -24 26 -26 -27 -28 28 -30 -31
leaf_value=-0.074396908455602109 -0.035493460108551693 -0.074467809348358172 -0.086004452190835412 0.018150236015943122 -0.024392907643600439 -0.078592738959516378 -0.047139777555651047 -0.074495848086194028 -0.047388819698815046 0.0037415028055975495 -0.0075024573351972698 0.050207835216265019 0.067663672495181265 -0.014620449057973961 0.0065880809584670658 0.031131341707154359 0.061989128992997848 0.016569627299344195 0.012917013084005044 -0.046929232088938164 0.059557852028555271 0.017925475071402425 -0.1074159679697959 0.040603222536082319 0.04695287004035479 -0.089520508048615319 -0.035500338920146292 0.0034641340916894492 -0.047545583532589628 -0.095692928694413024
leaf_weight=485.0198342576623 94.830104805529118 50.163981538265944 6.1350725814700118 31.54267867654562 47.166091464459896 30.232108149677515 21.852502800524235 24.085003774613142 4.3500379770994213 13.858843550086023 10.60838268697262 75.950087778270245 21.843619756400585 68.551453158259392 179.7794678285718 243.82110855728388 24.442399673163891 8.8420134410262126 1348.1266599595547 7.9040219709277144 100.23479577898979 44.453151673078537 6.306306153535842 143.82234251499176 14.588710278272627 9.7140830457210523 7.5854668617248526 81.104826107621193 21.167309738695621 5.2012757807970038
leaf_count=10774 1141 906 55 175 386 539 333 439 23 67 37 488 112 424 802 1129 96 46 4754 31 576 205 21 478 65 35 25 262 69 20
internal_value=-0.00238306 0.0122083 0.014535 0.0165062 -0.0288417 -0.0677569 -0.037074 -0.0202775 0.00550692 0.0299935 0.0112789 0.0252016 0.0211129 0.0116242 0.0188158 0.0271781 0.045464 0.0127082 0.0108575 0.0268181 0.0496464 -0.00386026 -0.0447532 0.0299765 -0.00115007 -0.0389684 0.0367905 0.011506 -0.00709337 -0.0233929
internal_weight=3233.28 2643.3 2501.52 2406.69 141.783 589.982 104.962 74.7299 50.6449 672.232 1734.46 540.454 464.504 1728.32 442.661 262.881 28.7924 1659.77 1467.31 192.457 131.777 91.6192 16.9147 184.553 33.1448 18.5561 151.408 1450.4 102.272 19.0601
internal_count=24513 12309 10812 9671 1497 12204 1430 891 452 3369 6302 2618 2130 6247 2018 1216 119 5823 5143 680 751 591 58 649 146 81 503 5085 331 87
is_linear=0
shrinkage=0.1


Tree=80
num_leaves=31
num_cat=0
split_feature=4 0 10 0 3 10 0 11 11 12 8 7 3 7 4 7 0 13 9 12 9 3 7 10 9 10 10 11 10 3
split_gain=356.071 33.0458 16.6496 26.6051 12.7497 8.92232 6.33471 4.60339 4.492 8.46617 5.21027 6.47959 4.47075 5.98891 4.37542 4.33135 4.34986 3.77562 4.18964 3.74196 3.71644 3.93256 4.7145 4.57695 4.15361 3.79122 3.6398 4.13378 4.00363 3.63184
threshold=12.500000000000002 36.500000000000007 6.5000000000000009 17.500000000000004 5.5000000000000009 6.5000000000000009 21.500000000000004 5.5000000000000009 5.5000000000000009 8.5000000000000018 0.26365441906653431 -1.0000000180025095e-35 4.5000000000000009 -1.0000000180025095e-35 7.5000000000000009 1.0000000180025095e-35 10.500000000000002 0.62828947368421062 318.48066603535364 4.5000000000000009 313.61791478978984 1.5000000000000002 1.0000000180025095e-35 1.5000000000000002 357.34661306042887 4.5000000000000009 7.5000000000000009 4.5000000000000009 19.500000000000004 3.5000000000000004
decision_type=2 2 2 2 2 2 2 2 2 2 2 2 2 2 2 2 2 2 2 2 2 2 2 2 2 2 2 2 2 2
left_child=1 2 3 -1 8 -2 7 12 15 10 -10 17 19 -14 -3 16 -4 -12 -19 20 25 24 23 -23 -22 -5 27 -6 -28 -27
right_child=5 14 4 6 26 -7 -8 -9 9 -11 11 -13 13 -15 -16 -17 -18 18 -20 -21 21 22 -24 -25 -26 29 28 -29 -30 -31
leaf_value=0.059863654203650966 -0.0027747810500309143 -0.019511020477147901 0.055172149859051736 0.059542096567369578 -0.023355432970992501 -0.076876694127444689 0.011800863336266948 0.056662023072084025 0.054285024735429455 -0.022214635959703067 -0.038719975836267545 -0.072360755290631545 -0.05596952543137506 0.016769310632991356 -0.059781412640685309 -0.013632245423126861 0.0062870382407292568 0.015502332589508179 0.11506862734639477 0.039516997369366286 -0.022853851947557471 0.053003878353395234 0.054515755785297763 -0.042532347071256207 0.072370412719841667 0.026536781127520878 -0.056292691776882266 0.079273705254715068 0.0029619220884558638 -0.072058392996453141
leaf_weight=156.90029453486204 16.724430710077286 48.444717593491077 18.800284624099731 29.206491760909557 13.93435373902321 571.24079460650682 918.62771930545568 46.660221956670284 67.951795343309641 29.613952696323395 5.7607278972864213 8.0437477678060514 15.131679125130175 44.925406493246555 60.894470945000648 111.6734787337482 572.08831724524498 10.80220863223076 6.9423140585422507 144.12052874267101 7.1730521544814136 5.8591440543532363 8.162952393293379 34.791563078761101 12.674674533307551 16.312211707234386 53.164076149463654 5.4635411500930777 14.516232173889874 4.8459677472710601
leaf_count=1630 64 437 61 197 62 11665 3163 291 280 125 24 37 78 240 928 554 2384 47 25 908 45 39 47 212 83 86 676 20 79 26
internal_value=-0.00481956 0.0118079 0.0142936 0.0209843 0.00376776 -0.0747689 0.01625 0.0273002 0.00757954 0.0247229 0.0386928 0.00510936 0.0230613 -0.0015576 -0.0419389 0.00442898 0.00784241 0.0316205 0.0544564 0.02868 0.0155582 0.000424396 -0.014836 -0.0287623 0.037956 0.03619 -0.0326383 0.00555072 -0.0435836 0.00395502
internal_weight=3061.45 2473.49 2364.15 1445.39 918.755 587.965 1288.49 369.864 831.677 129.115 99.5008 31.549 323.204 60.0571 109.339 702.562 590.889 23.5053 17.7445 263.147 119.026 68.6614 48.8137 40.6507 19.8477 50.3647 87.0782 19.3979 67.6803 21.1582
internal_count=24513 12784 11419 7045 4374 11729 5415 2252 3537 538 413 133 1961 318 1365 2999 2445 96 72 1643 735 426 298 251 128 309 837 82 755 112
is_linear=0
shrinkage=0.1


Tree=81
num_leaves=31
num_cat=0
split_feature=4 10 0 0 9 4 10 0 10 11 3 10 12 0 1 10 6 0 8 11 8 13 13 0 12 8 0 8 9 12
split_gain=94.3284 14.3234 28.2209 9.04502 8.74151 7.92032 9.62217 21.0922 6.37376 6.08802 6.02078 5.71227 15.972 5.28136 5.19838 4.49816 4.21944 4.00831 4.58357 4.09196 3.9581 3.80005 5.52735 4.28328 3.50152 4.35136 5.30137 3.6896 5.55448 5.25653
threshold=17.500000000000004 18.500000000000004 39.500000000000007 47.500000000000007 151.26527126328958 13.500000000000002 18.500000000000004 36.500000000000007 20.500000000000004 5.5000000000000009 8.5000000000000018 12.500000000000002 3.5000000000000004 28.500000000000004 1.5000000000000002 19.500000000000004 3.5000000000000004 39.500000000000007 0.12262799856784816 1.5000000000000002 0.13397435897435897 0.4494949494949495 0.53939393939393943 20.500000000000004 7.5000000000000009 0.095695970695970675 28.500000000000004 0.11583184257602856 340.02687500000008 4.5000000000000009
decision_type=2 2 2 2 2 2 2 2 2 2 2 2 2 2 2 2 2 2 2 2 2 2 2 2 2 2 2 2 2 2
left_child=5 2 4 10 9 20 7 21 -5 11 14 13 -13 16 -3 -16 -2 19 -19 -8 24 -7 -23 -24 27 26 -26 -1 29 -29
right_child=1 3 -4 8 -6 6 17 -9 -10 -11 -12 12 -14 -15 15 -17 -18 18 -20 -21 -22 22 23 -25 25 -27 -28 28 -30 -31
leaf_value=0.0030256735930046059 0.093075580051880713 0.017278524619250259 -0.072270766413167153 -0.041537368137926307 -0.037369810718571574 -0.050490887971106825 -0.0038673467079720133 -0.056085540673969203 0.046149749956325217 -0.059306006986374615 -0.010450815879499177 0.21083076643355061 -0.056361555844477489 -0.01597758265942938 0.1773831452228955 0.050379589030587646 0.0072865902615058117 0.087164248998237673 0.0054167803711709789 0.081240909153624308 0.012090764383603153 0.11613815625411922 0.070596003840738789 0.00023644183570615358 -0.020757647963327731 0.032284233327942759 0.089636449673614005 -0.017472900103477882 0.015102062652287499 -0.080394013838905987
leaf_weight=168.57649303600192 9.8767789900302905 22.746021069586277 198.38669545017183 80.485803354531527 112.98555869609118 12.686791159212587 8.5973016917705554 85.537297731265426 9.2411958798766118 12.65015261992812 44.415950104594231 4.9580054208636266 4.0768695026636124 41.655350223183632 4.523561164736746 7.2714645117521286 13.665435031056402 7.1795305758714667 153.5902773886919 16.474351316690445 2612.0603060238063 4.450470231473445 9.0665746033191663 189.34725717455149 38.987241666764021 65.246290683746338 4.8963917493820182 37.033095553517342 26.735336448997259 20.697825513780117
leaf_count=825 33 90 4587 877 1193 74 36 1391 50 128 248 35 48 366 32 24 56 26 648 67 11584 25 28 1048 246 325 18 176 128 101
internal_value=0.00260344 -0.0352072 -0.0455518 -0.0107842 -0.0190308 0.00879682 -0.00302582 -0.0140699 -0.0325063 0.00481801 0.0139009 0.0157456 0.0902637 0.00541906 0.0452145 0.0990873 0.0432781 0.014867 0.00906739 0.0520565 0.0107324 0.00260326 0.00592368 0.00345154 0.000935459 0.015908 -0.00844024 -0.00552176 -0.0225806 -0.0400315
internal_weight=4028.1 566.939 398.255 168.684 199.868 3461.16 486.93 301.088 89.727 86.8826 78.957 74.2324 9.03487 65.1976 34.541 11.795 23.5422 185.841 160.77 25.0717 2974.23 215.551 202.864 198.414 362.173 109.13 43.8836 253.043 84.4663 57.7309
internal_count=24513 7767 6446 1321 1859 16746 3343 2566 927 666 394 538 83 455 146 56 89 777 674 103 13403 1175 1101 1076 1819 589 264 1230 405 277
is_linear=0
shrinkage=0.1


Tree=82
num_leaves=31
num_cat=0
split_feature=10 4 4 7 0 0 10 0 12 12 8 11 8 10 8 5 10 0 2 2 8 11 6 9 0 9 6 8 9 2
split_gain=167.675 29.0158 7.18852 7.14682 7.06012 5.68915 8.25584 5.24524 4.95399 4.82696 5.92234 7.85637 6.22428 4.6897 6.7366 4.45941 3.91969 3.8358 3.76964 3.69108 4.51569 4.23194 4.35077 3.63937 3.90237 3.56407 3.3752 5.4904 5.14288 3.33608
threshold=6.5000000000000009 5.5000000000000009 10.500000000000002 1.0000000180025095e-35 31.500000000000004 39.500000000000007 18.500000000000004 34.500000000000007 11.500000000000002 10.500000000000002 0.29805897723030988 4.5000000000000009 0.16405676535356004 8.5000000000000018 0.12262799856784816 3.5000000000000004 22.500000000000004 63.500000000000007 4.5000000000000009 1.0000000180025095e-35 0.29289318755256516 3.5000000000000004 2.5000000000000004 232.14383680555557 19.500000000000004 328.81087622549029 10.500000000000002 0.27823315118397091 245.46350609756101 8.5000000000000018
decision_type=2 2 2 2 2 2 2 2 2 2 2 2 2 2 2 2 2 2 2 2 2 2 2 2 2 2 2 2 2 2
left_child=4 3 5 16 -1 6 9 -8 -6 13 11 18 -13 -3 -15 -7 -2 29 23 -5 21 22 -21 -11 -25 -22 28 -28 -17 -4
right_child=1 2 17 19 8 15 7 -9 -10 10 -12 12 -14 14 -16 26 -18 -19 -20 20 25 -23 -24 24 -26 -27 27 -29 -30 -31
leaf_value=-0.076643526236985421 -0.034780025330713976 -0.015112078409420327 0.012719061084475869 -0.08571615570237949 -0.040511433337565558 0.040667798751665013 -0.060624547452672289 -0.010655383352516555 0.080699939706784143 -0.10924762671021021 -0.038475121603217491 0.050252576040130462 0.21320348973965114 0.10207253802786105 0.0052669450427984075 -0.09019557297731999 -0.078846669792153767 -0.043953650800539736 0.10190951151199668 -0.005967114960824701 0.026243487388256451 -0.07111873421636955 0.13829822425242172 -0.048140334552845436 0.072687510438295605 0.16316157629312222 -0.00312090290452708 0.090199389177273825 8.5804854492299611e-05 -0.0020359143346879516
leaf_weight=257.1036728285253 107.656972669065 149.88899650424719 3047.4877727329731 3.2866718098521259 17.980553407222036 48.961618289351463 41.189766779541969 42.871350187808275 4.1501066982746115 2.7632463201880517 8.3632959201931936 4.6824217289686185 4.6939734220504761 7.9226550012826911 77.577792853116989 7.8247673362493506 24.84310269728303 12.308820895850657 4.1667824089527121 7.172330420464279 4.041500959545373 5.7883740626275531 2.9503911435604095 4.7879235148429853 6.0511947572231293 3.5899504236876965 19.214439570903782 9.3833131492137891 32.587898835539818 161.34859216213226
leaf_count=6854 1126 917 11730 27 274 181 630 421 25 16 42 23 22 30 288 30 459 115 15 56 31 50 15 36 28 28 76 36 133 799
internal_value=0.00284869 0.00827098 0.0100731 -0.033512 -0.0719784 -0.00143946 -0.00776248 -0.0351402 -0.017781 0.000732955 0.0351013 0.0577696 0.131828 -0.00445156 0.0142372 0.0175855 -0.0430423 0.0117634 0.0186903 0.0135546 0.0274133 -0.00291784 0.0360808 -0.00680206 0.0193147 0.0906518 0.00120909 0.0274988 -0.0173946 0.0119771
internal_weight=4132.64 3853.41 3694.08 159.329 279.234 472.931 354.959 84.0611 22.1307 270.898 35.5088 27.1455 9.3764 235.389 85.5004 117.972 132.5 3221.15 17.7691 26.8292 23.5425 15.9111 10.1227 13.6024 10.8391 7.63145 69.0104 28.5978 40.4127 3208.84
internal_count=24513 17360 15568 1792 7153 2924 2468 1051 299 1417 182 140 45 1235 318 456 1585 12644 95 207 180 121 71 80 64 59 275 112 163 12529
is_linear=0
shrinkage=0.1


Tree=83
num_leaves=31
num_cat=0
split_feature=4 10 0 0 0 4 10 10 0 10 10 0 1 13 12 8 10 0 6 9 3 8 8 4 8 12 1 11 12 9
split_gain=274.205 21.6668 20.973 15.012 14.2986 11.9886 7.07726 9.69076 9.3131 6.83522 5.78492 4.71707 4.48824 4.06892 3.90618 3.82394 3.82303 4.21594 6.37107 3.9239 4.60627 5.11882 4.96007 4.24096 5.26401 6.2513 5.1921 5.49835 5.0828 7.17331
threshold=11.500000000000002 19.500000000000004 26.500000000000004 48.500000000000007 47.500000000000007 9.5000000000000018 7.5000000000000009 18.500000000000004 24.500000000000004 7.5000000000000009 14.500000000000002 57.500000000000007 5.5000000000000009 0.25833333333333336 2.5000000000000004 0.24544852697782188 18.500000000000004 36.500000000000007 1.0000000180025095e-35 228.57005797101453 8.5000000000000018 0.22474489795918368 0.3504385964912281 20.500000000000004 0.18808962264150944 3.5000000000000004 2.5000000000000004 5.5000000000000009 5.5000000000000009 198.92840654608099
decision_type=2 2 2 2 2 2 2 2 2 2 2 2 2 2 2 2 2 2 2 2 2 2 2 2 2 2 2 2 2 2
left_child=5 2 -2 -3 9 -1 -7 8 -8 -4 14 12 13 -12 -6 -13 17 18 -11 20 21 23 -23 24 25 -19 27 -26 29 -27
right_child=1 3 4 -5 10 6 7 -9 -10 16 11 15 -14 -15 -16 -17 -18 19 -20 -21 -22 22 -24 -25 26 28 -28 -29 -30 -31
leaf_value=-0.073854467298142698 -0.048143057943039719 -0.073862174503922004 -0.08406981976054588 -0.0039667141164272841 0.015555078018548421 -0.078308904094698706 -0.055104808050657553 -0.073867308412684768 0.036273114056091085 0.097875680926764144 -0.071933519064877452 0.065717139342536493 0.064161435692726906 0.017799196845167793 0.056607585636111041 0.018839487146724052 -0.01300353349010692 -0.048444515492863043 0.001794546971117853 0.030005084998258342 0.016698353404491224 -0.014502636919434403 0.048199983549569704 0.056033025203594794 0.028853112453428715 0.11321330594790956 0.083720992578825829 -0.063683007691145335 -0.010722987889033768 -0.0176792923806561
leaf_weight=445.83380489051342 54.447047997266054 46.385218501091003 7.7000970914959899 91.03746797144413 30.689089886844158 27.922569455578923 16.828186430037022 22.273352168500423 33.075646560639143 7.0059211403131476 5.1133458167314521 42.390456691384315 20.922234714031219 430.55284683406353 94.698772892355919 29.518537871539593 67.396795518696308 26.193256676197052 462.53239213675261 141.98004142940044 745.81940704584122 157.7720764875412 13.712332993745802 22.047606840729713 42.853930309414864 9.6187660992145556 14.054691940546034 7.5527949631214133 33.89261768758297 7.4140861332416526
leaf_count=10774 796 906 77 591 175 539 273 439 179 33 22 297 112 1996 576 191 424 85 2119 457 2445 514 46 73 139 31 45 25 110 24
internal_value=-0.00237548 0.01109 0.0132352 -0.027559 0.0146153 -0.0668327 -0.0355587 -0.0190203 0.00545935 0.00994146 0.0272494 0.022668 0.0189187 0.016746 0.0465599 0.0464739 0.0103528 0.0112829 0.00322816 0.0143755 0.0123226 0.00258397 -0.00948877 0.0152364 0.00888334 -0.00874565 0.0299739 0.0149878 0.0116733 0.0562382
internal_weight=3159.24 2613.3 2475.88 137.423 2421.43 545.934 100.1 72.1772 49.9038 1767.55 653.885 528.497 456.588 435.666 125.388 71.909 1759.85 1692.45 469.538 1222.91 1080.93 335.112 171.484 163.628 141.58 77.1187 64.4614 50.4067 50.9255 17.0329
internal_count=24513 12309 10812 1497 10016 12204 1430 891 452 6647 3369 2618 2130 2018 751 488 6570 6146 2152 3994 3537 1092 560 532 459 250 209 164 165 55
is_linear=0
shrinkage=0.1


Tree=84
num_leaves=31
num_cat=0
split_feature=4 0 10 0 1 10 4 0 0 12 11 8 0 8 0 12 11 11 4 9 8 10 10 9 11 7 7 8 8 0
split_gain=320.264 28.1468 14.2156 26.2225 12.0234 8.74253 5.67399 4.74005 4.50252 5.81651 4.6737 9.7064 4.27885 4.27292 9.04741 4.18132 6.34786 3.71959 5.10981 6.18828 3.63906 3.51716 5.36283 4.15987 4.20076 5.81034 3.57953 3.48439 3.4741 3.4615
threshold=12.500000000000002 36.500000000000007 5.5000000000000009 19.500000000000004 1.5000000000000002 6.5000000000000009 10.500000000000002 16.500000000000004 13.500000000000002 10.500000000000002 5.5000000000000009 0.47213622291021667 42.500000000000007 0.13597842835130966 20.500000000000004 4.5000000000000009 4.5000000000000009 3.5000000000000004 6.5000000000000009 335.5436212814646 0.099019607843137264 19.500000000000004 8.5000000000000018 172.97646198830412 5.5000000000000009 1.5000000000000002 -8.4999999999999982 0.23956521739130437 0.16405676535356004 16.500000000000004
decision_type=2 2 2 2 2 2 2 2 2 2 2 2 2 2 2 2 2 2 2 2 2 2 2 2 2 2 2 2 2 2
left_child=1 2 3 7 6 27 8 -1 9 15 11 -10 -3 14 -12 28 20 18 -9 -20 -17 22 23 -6 -25 -26 -23 -2 -4 -15
right_child=5 12 4 -5 21 -7 -8 17 10 -11 13 -13 -14 29 -16 16 -18 -19 19 -21 -22 26 -24 24 25 -27 -28 -29 -30 -31
leaf_value=0.074373621859040603 0.032385272745730928 -0.026627181239167082 -0.028959661465059208 0.013859937177280011 0.064100646487198362 -0.076514266409506482 -0.033961698208887774 0.04549989495506232 0.0041056763917839915 -0.043283543004064604 0.020892861498706033 0.15352363779408901 -0.070506011846488567 -0.022382152336370642 0.16209792919741733 0.10855843797137808 0.10557795457071253 0.062294286229186827 0.0096076972388584696 -0.14130453242533569 0.016054474263732028 -0.063151204311469131 -0.06072018486451828 -0.026116031812192405 -0.025085598840459324 0.10950540616496891 0.015396788587212291 -0.061803124425281998 0.032995246057206565 0.026802487345860899
leaf_weight=69.483870893716812 10.429623365402223 72.784542359411716 12.351286739110945 1029.981244340539 6.3033753521740428 526.06185189634562 28.781478453427553 54.224966943264008 638.16306534409523 9.6847704425454122 13.461150802671911 4.3774528056383124 31.99202523753047 17.383914738893509 6.8448975682258597 5.0767089352011707 18.022233434021473 54.362723402678967 21.670925073325638 3.1067317277193061 26.20207455009222 6.6485126689076415 32.510559849441051 102.52898262441158 7.2823731526732427 5.7323170825839043 45.551226016134024 6.300207093358039 33.871632464230061 80.890691109001637
leaf_count=872 40 878 51 3936 43 11665 265 510 2828 41 64 21 487 77 25 18 69 504 183 25 117 31 392 577 35 32 205 24 142 356
internal_value=-0.00477916 0.0106798 0.0129556 0.0203322 0.00470065 -0.074251 0.00971911 0.0531957 0.0111703 0.0305607 0.00848998 0.00512362 -0.040025 0.0267309 0.0684912 0.0380475 0.0583057 0.0421619 0.0283085 -0.00931434 0.0310683 -0.0170467 -0.0246351 -0.015007 -0.0193227 0.034195 0.00539238 -0.00308469 0.0164402 0.0181022
internal_weight=2982.07 2439.28 2334.5 1232.83 1101.67 542.792 895.111 202.849 866.33 105.209 761.121 642.541 104.777 118.581 20.306 95.5239 49.301 133.365 79.0026 24.7777 31.2788 206.557 154.358 121.847 115.544 13.0147 52.1997 16.7298 46.2229 98.2746
internal_count=24513 12784 11419 6030 5389 11729 4074 2094 3809 438 3371 2849 1365 522 89 397 204 1222 718 208 135 1315 1079 687 644 67 236 64 193 433
is_linear=0
shrinkage=0.1


Tree=85
num_leaves=31
num_cat=0
split_feature=4 10 0 9 0 10 10 0 0 11 10 8 5 1 11 2 11 0 5 7 9 8 12 13 9 5 12 6 0 10
split_gain=81.1238 13.4012 23.2349 7.66194 7.29244 6.65978 6.24719 6.17646 4.86403 5.35785 7.1611 10.6332 6.94163 6.74314 4.86733 4.77386 4.78587 4.68982 4.46268 4.45462 4.37262 3.8049 5.66387 4.48448 3.65689 4.72767 3.61845 3.93658 3.59166 9.67466
threshold=17.500000000000004 19.500000000000004 40.500000000000007 170.57696049528303 47.500000000000007 19.500000000000004 18.500000000000004 47.500000000000007 29.500000000000004 1.5000000000000002 12.500000000000002 0.19657494145199064 3.5000000000000004 1.0000000180025095e-35 2.5000000000000004 6.5000000000000009 4.5000000000000009 56.500000000000007 4.5000000000000009 -1.0000000180025095e-35 121.71866666666666 0.42163742690058481 2.5000000000000004 0.94987468671679209 281.73331456456464 4.5000000000000009 2.5000000000000004 6.5000000000000009 42.500000000000007 18.500000000000004
decision_type=2 2 2 2 2 2 2 2 2 2 2 2 2 2 2 2 2 2 2 2 2 2 2 2 2 2 2 2 2 2
left_child=4 2 3 8 15 -6 -4 -8 18 -10 13 12 -12 -11 -13 16 28 26 -2 24 -18 -22 -23 -24 -7 -26 27 -3 -1 -30
right_child=1 17 6 -5 5 19 7 -9 9 10 11 14 -14 -15 -16 -17 20 -19 -20 -21 21 22 23 -25 25 -27 -28 -29 29 -31
leaf_value=0.013135540876786426 0.033969552840655198 -0.053519880233284502 -0.073864323350363997 -0.041870003043704279 -0.059678395845241566 -0.0056063703538121864 0.0088671122549383238 -0.065779122595091541 -0.057192864482068874 0.14736352675040446 0.30547827079121781 0.12332110212577403 0.055645306254146876 -0.033288902559293725 -0.021142702500550392 -0.014951969421478415 0.10713697366997055 -0.069935382360245449 -0.07276905239789265 -0.071708100859391263 0.0023413237865943163 0.14070526023946381 -0.067118632313085846 0.056768549336435464 -0.007230970857326019 0.11206620262145783 -0.0085134488805383834 0.048555027940563114 -0.065641529292724474 0.007257404120956986
leaf_weight=2146.1736466474831 40.290485218167305 4.4652752503752735 167.74663409031928 84.268929664045572 28.011624213308096 52.261040754616261 20.350745387375355 24.34496283531189 24.015432059764862 2.1766280308365813 2.303170099854472 2.9242438673973075 2.1506382003426552 40.730293679982424 11.520214755088089 81.164988115429878 4.0660752505064002 9.6943111866712552 4.3388034105300894 8.239597909152506 934.9591204598546 4.8854952454566982 4.4411084391176692 8.5412688627839071 6.564027011394499 6.7255447506904602 78.019080713391304 24.552800178527832 21.046844836324453 134.83368866890669
leaf_count=10225 191 19 4368 940 458 220 186 485 264 24 22 32 21 451 138 402 14 122 21 42 4459 20 25 39 23 24 374 109 339 456
internal_value=0.00252897 -0.0333599 -0.0415655 -0.018367 0.00820014 -0.0181656 -0.0650126 -0.0317914 -0.00318444 -0.0171093 -0.00153413 0.0497556 0.18484 -0.0241246 0.00810363 0.00900372 0.00960035 -0.00333249 0.0235926 -0.00240681 0.0036565 0.00321491 0.0489263 0.0143883 0.00630425 0.0531426 0.00269971 0.0328478 0.012071 -0.00258534
internal_weight=3985.81 543.893 427.161 214.719 3441.91 101.802 212.442 44.6957 130.45 85.8206 61.8052 18.8983 4.45381 42.9069 14.4445 3340.11 3258.95 116.731 44.6293 73.7902 956.893 952.827 17.8679 12.9824 65.5506 13.2896 107.037 29.0181 2302.05 155.881
internal_count=24513 7767 7143 2104 16746 767 5039 671 1164 952 688 213 43 475 170 15979 15577 624 212 309 4557 4543 84 64 267 47 502 128 11020 795
is_linear=0
shrinkage=0.1


Tree=86
num_leaves=31
num_cat=0
split_feature=10 4 0 0 7 9 10 0 8 2 9 9 13 8 0 3 10 8 9 5 12 8 8 0 9 12 12 9 5 8
split_gain=150.172 24.9271 7.09415 6.49717 6.34136 6.0272 4.70489 17.5597 4.77734 4.40022 4.25822 5.06707 4.46779 4.23862 4.01813 4.57381 3.94739 3.81739 3.70717 3.67624 5.19485 4.06804 3.87419 3.85456 3.58557 3.97332 4.68621 3.68743 6.10295 5.80778
threshold=6.5000000000000009 5.5000000000000009 31.500000000000004 19.500000000000004 1.0000000180025095e-35 398.16666666666669 20.500000000000004 37.500000000000007 0.10582306830907051 3.5000000000000004 277.57591431556955 173.64322089947092 0.43650793650793651 0.3626692456479691 32.500000000000007 5.5000000000000009 22.500000000000004 0.1575187969924812 247.43616071428576 1.5000000000000002 2.5000000000000004 0.13270440251572327 0.3626692456479691 16.500000000000004 287.21704857030949 10.500000000000002 11.500000000000002 324.78951612903234 1.5000000000000002 0.19657494145199064
decision_type=2 2 2 2 2 2 2 2 2 2 2 2 2 2 2 2 2 2 2 2 2 2 2 2 2 2 2 2 2 2
left_child=2 4 -1 10 16 6 24 14 -9 -4 11 -3 -13 -10 -8 -16 -2 -12 -17 22 -21 -22 23 -14 -5 27 -27 -26 -29 -30
right_child=1 3 9 5 -6 -7 7 8 13 -11 17 12 19 -15 15 18 -18 -19 -20 20 21 -23 -24 -25 25 26 -28 28 29 -31
leaf_value=-0.076364776498457659 -0.032741591231668844 -0.036958714125539485 -0.033474546514454855 0.01066635088672381 0.012333476931233539 0.11604117391640954 -0.072694399640612681 -0.097605043511773182 0.014280891400759341 0.10343971722281807 0.02147761453045488 -0.062271469330529773 -0.023395625855924241 -0.069650065534705832 -0.036675929028994143 -0.039075020456080266 -0.078540839414455429 -0.055569683382550118 0.12616702514227929 0.063793558669183556 0.040013593689772746 -0.044726564505892408 0.1371453948879707 0.054720384754388042 0.035371774708127926 0.12263337820798281 0.021217414355075719 -0.058172719728015514 -0.059626324331605363 0.059424993541722974
leaf_weight=234.70222334749997 104.04506837949157 28.772799137979746 18.953570947051052 3056.8388053253293 27.008317224681377 5.3773305714130393 28.762694180011749 4.0046120584011069 269.61637468636036 2.6791488267481318 8.1230596750974637 7.3531477600336066 9.0187722928822058 6.1543424874544135 42.494803216308355 2.2824689075350753 22.974292084574699 30.864067628979683 3.3509525209665298 9.2100106962025148 7.6968106552958515 21.461236216127872 3.9083239361643782 21.084118355065584 60.983988061547279 9.0427981019020081 9.183339349925518 13.445609040558336 5.5653736665844944 15.538547232747076
leaf_count=6854 1126 141 269 12059 207 31 458 17 1085 30 64 53 64 26 500 21 459 210 34 51 37 133 26 105 234 35 38 64 21 61
internal_value=0.0027891 0.00774331 -0.0713142 0.00939287 -0.0316691 0.0102514 0.0100901 -0.000799037 0.0108331 -0.0165181 -0.0111705 -0.000985465 0.0119961 0.0124078 -0.0431238 -0.0254517 -0.0410254 -0.0395167 0.0592166 0.0195411 -0.00167772 -0.0223578 0.043478 0.031317 0.0113151 0.0287472 0.0715344 0.0205842 -0.00551765 0.0280296
internal_weight=4090.5 3834.16 256.335 3680.13 154.028 3532.64 3527.26 356.666 279.775 21.6327 147.492 108.505 79.7324 275.771 76.8909 48.1282 127.019 38.9871 5.63342 72.3793 38.3681 29.158 34.0112 30.1029 3170.6 113.76 18.2261 95.5335 34.5495 21.1039
internal_count=24513 17360 7153 15568 1792 14684 14653 2141 1128 299 884 610 469 1111 1013 555 1585 274 55 416 221 170 195 169 12512 453 73 380 146 82
is_linear=0
shrinkage=0.1


Tree=87
num_leaves=31
num_cat=0
split_feature=4 10 0 0 4 0 10 10 0 10 10 0 13 2 0 7 10 6 12 10 7 6 7 8 8 13 9 8 5 9
split_gain=244.382 18.4444 18.045 14.0865 12.0478 11.8258 6.85144 9.13169 7.60143 6.31624 4.84893 4.68461 3.93527 3.7763 5.30435 6.4383 7.5451 6.94466 4.38357 4.86775 5.50631 4.26787 4.26068 4.14799 5.35336 4.75787 3.98166 3.8804 3.73739 4.14241
threshold=11.500000000000002 19.500000000000004 26.500000000000004 48.500000000000007 9.5000000000000018 50.500000000000007 7.5000000000000009 19.500000000000004 24.500000000000004 7.5000000000000009 18.500000000000004 54.500000000000007 1.3923076923076925 3.5000000000000004 33.500000000000007 1.5000000000000002 9.5000000000000018 7.5000000000000009 1.5000000000000002 15.500000000000002 -1.4999999999999998 4.5000000000000009 1.5000000000000002 0.32037735849056609 0.26546556122448989 0.89444444444444449 160.89314814814819 0.072299651567944212 4.5000000000000009 227.68449712643681
decision_type=2 2 2 2 2 2 2 2 2 2 2 2 2 2 2 2 2 2 2 2 2 2 2 2 2 2 2 2 2 2
left_child=4 2 -2 -3 -1 9 -6 8 -8 -4 11 12 -7 18 15 17 21 -15 19 22 -21 -17 -11 24 -18 -26 -24 -20 29 -5
right_child=1 3 5 28 6 10 7 -9 -10 13 -12 -13 -14 14 -16 16 23 -19 27 20 -22 -23 26 -25 25 -27 -28 -29 -30 -31
leaf_value=-0.073318065812608774 -0.046318097633309657 -0.073264053960864939 -0.08342589473848061 0.040790311607321689 -0.078037259324063815 0.03265295207140325 -0.053478792299325034 -0.07777627917838259 0.029709554348283124 0.018749874999612899 0.013236434246187393 0.055598313965202872 -0.017402697948776368 0.11323563078480053 0.015439254639533762 0.047230225638209056 -0.030424252538064231 0.0014396282643823924 -0.097840758339379566 0.038099067598753568 -0.053346302405180436 -0.028710458378678739 0.0079386404812193303 -0.072002246105363474 0.11984849966851618 0.0037881078380800435 0.1140458296630345 0.00099736819645001576 -0.024310699515275206 -0.0205527157250169
leaf_weight=410.58914595283568 51.806893344968557 42.942527372390032 7.1664170771837226 27.586899667978287 25.750950349494815 148.12798343598843 15.898054428398607 18.592030014842749 35.538277637213469 19.665746584534645 123.5115289837122 90.875198096036911 17.568962223827839 9.2152635380625743 1298.9203804433346 28.417612664401531 70.529485702514648 13.994804531335829 4.0058623552322379 13.992333069443704 12.437959872186182 10.006382241845129 4.8114721179008511 15.458751857280729 4.2292383164167431 21.43110141903162 13.34611067175865 472.2691069021821 44.704006642103195 18.318062677979469
leaf_count=10774 796 906 77 153 539 822 273 416 202 76 420 887 97 50 4647 180 377 78 17 56 46 65 19 89 22 109 50 1832 308 130
internal_value=-0.00234077 0.0101018 0.0120731 -0.0260883 -0.0658681 0.0133336 -0.0339315 -0.0177128 0.00399752 0.0102886 0.0295157 0.0373524 0.0273455 0.0106222 0.0132469 -0.00318725 -0.0107677 0.0458268 0.00347375 0.0279917 -0.00493465 0.0274537 0.0510001 -0.0239217 -0.0161946 0.0229167 0.0859291 0.000166059 -0.00373024 0.0163118
internal_weight=3091.71 2585.34 2451.79 133.551 506.368 2399.98 95.7793 70.0284 51.4363 2019.9 380.084 256.572 165.697 2012.73 1472.2 173.283 150.073 23.2101 540.529 64.2536 26.4303 38.424 37.8233 111.649 96.1898 25.6603 18.1576 476.275 90.609 45.905
internal_count=24513 12309 10812 1497 12204 10016 1430 891 475 7790 2226 1806 919 7713 5617 970 842 128 2096 247 102 245 145 597 508 131 69 1849 591 283
is_linear=0
shrinkage=0.1


Tree=88
num_leaves=31
num_cat=0
split_feature=4 0 4 10 10 0 0 3 4 8 10 10 0 8 3 10 5 9 8 12 7 8 9 11 8 6 12 12 8 6
split_gain=288.703 24.1334 11.4398 8.61116 7.0993 18.2823 6.23015 5.79485 4.55859 5.95321 4.1196 6.09781 7.97103 5.26562 5.08243 4.71761 6.4319 4.54169 4.14395 9.03675 8.18508 4.11404 7.47135 4.41171 5.82223 4.23499 4.17373 4.02015 4.54428 5.94959
threshold=12.500000000000002 34.500000000000007 7.5000000000000009 6.5000000000000009 6.5000000000000009 19.500000000000004 42.500000000000007 8.5000000000000018 4.5000000000000009 0.11814556331006977 5.5000000000000009 19.500000000000004 26.500000000000004 0.059714795008912656 2.5000000000000004 8.5000000000000018 4.5000000000000009 285.00504385964916 0.14670014347202293 6.5000000000000009 -1.0000000180025095e-35 0.22933743169398904 224.19538824538827 1.5000000000000002 0.16405676535356004 2.5000000000000004 2.5000000000000004 2.5000000000000004 0.30330086580086579 2.5000000000000004
decision_type=2 2 2 2 2 2 2 2 2 2 2 2 2 2 2 2 2 2 2 2 2 2 2 2 2 2 2 2 2 2
left_child=1 2 4 -2 5 -1 8 10 -3 -10 13 12 15 -4 -15 16 21 -13 19 -16 -21 22 23 24 -12 26 -23 28 29 -20
right_child=3 6 7 -5 -6 -7 -8 -9 9 -11 11 17 -14 14 18 -17 -18 -19 27 20 -22 25 -24 -25 -26 -27 -28 -29 -30 -31
leaf_value=0.0462748691098962 -0.0031258440952287485 0.030669111036750255 -0.072363088416833199 -0.076169427016313518 0.0087720300441448823 0.014301176654572624 -0.069504652175955237 -0.060071290258211119 0.096232630958002136 -0.030553106895231719 0.074139239543534949 0.035911921835531969 -0.07633751264106399 0.049876293917629877 0.077874359023183126 -0.049278358898280444 -0.098869775606261756 -0.021748235022077556 0.083882829123331101 -0.088900070363350875 0.042056399382814691 0.082253169894182965 -0.032753127122420116 0.07633989079980813 -0.087765887147529462 0.038101001599666479 -0.037427598228900349 0.009968016006121877 -0.062271116992553381 -0.01570207277648222
leaf_weight=238.08064657449722 16.695549294352531 16.267291933298111 7.7324806377291671 484.83998923189938 659.3696152344346 718.60563948750496 29.915972162038088 15.188920781016348 3.8388051576912394 105.06254865601659 3.9879714399576205 46.690813858062029 19.762740343809128 30.804151587188244 23.613532491028309 25.233905557543039 6.6170281730592242 19.310076959431171 6.8469236046075812 8.3594900444149989 11.123715966939924 3.516845494508746 55.908932205289602 12.148012496531008 5.013200081884861 44.041313391178846 16.99633376672864 211.41806863248348 17.165948107838631 48.460624918341637
leaf_count=2458 64 117 38 11665 2546 2818 487 201 32 1120 23 217 163 129 100 319 32 83 29 31 48 21 284 65 27 225 96 820 62 193
internal_value=-0.0047077 0.00965145 0.0122746 -0.0737379 0.0167556 0.0222581 -0.0285068 0.000958429 -0.0187081 -0.0260839 0.00244218 -0.00720037 -0.0161641 0.00928059 0.011045 -0.00930852 -0.00250425 0.0190421 0.00738692 0.0362801 -0.014132 0.00199856 -0.0136019 0.0370253 -0.0160338 0.0206207 -0.0169091 0.00300073 -0.0173241 -0.00337373
internal_weight=2912.62 2411.08 2256 501.536 1616.06 956.686 155.085 639.941 125.169 108.901 624.752 259.227 193.226 365.525 357.792 173.464 148.23 66.0009 326.988 43.0967 19.4832 141.613 77.0581 21.1492 9.00117 64.5545 20.5132 283.892 72.4735 55.3075
internal_count=24513 12784 11028 11729 7822 5276 1756 3206 1269 1152 3005 1555 1255 1450 1412 1092 773 300 1283 179 79 741 399 115 50 342 117 1104 284 222
is_linear=0
shrinkage=0.1


Tree=89
num_leaves=31
num_cat=0
split_feature=4 0 10 0 3 0 0 10 9 9 7 6 2 7 11 9 13 9 8 12 13 5 8 4 11 0 11 8 9 0
split_gain=69.7276 12.4483 23.0762 10.141 7.91742 7.21777 6.19472 6.01581 4.43884 4.53485 4.12255 4.27148 3.97696 3.9505 3.74115 3.62125 3.4307 3.42506 3.33674 4.59042 3.90644 3.31986 5.19398 3.41252 4.67195 4.21486 3.91067 4.25329 5.56795 5.27316
threshold=17.500000000000004 31.500000000000004 18.500000000000004 40.500000000000007 5.5000000000000009 43.500000000000007 47.500000000000007 19.500000000000004 165.88075633773312 164.00866330227745 -2.4999999999999996 6.5000000000000009 6.5000000000000009 -1.0000000180025095e-35 4.5000000000000009 121.71866666666666 0.48529411764705882 176.7741666666667 0.42163742690058481 2.5000000000000004 0.94987468671679209 5.5000000000000009 0.091750841750841708 3.5000000000000004 2.5000000000000004 29.500000000000004 1.0000000180025095e-35 0.28035087719298252 166.86956018518524 20.500000000000004
decision_type=2 2 2 2 2 2 2 2 2 2 2 2 2 2 2 2 2 2 2 2 2 2 2 2 2 2 2 2 2 2
left_child=6 16 3 8 -4 10 12 -8 9 -3 -6 -12 14 -9 21 -16 -2 -18 -17 -20 -21 23 -23 24 -1 -26 27 29 -29 -25
right_child=1 2 4 -5 5 -7 7 13 -10 -11 11 -13 -14 -15 15 18 17 -19 19 20 -22 22 -24 26 25 -27 -28 28 -30 -31
leaf_value=0.0097478010035538416 0.077219591555837991 -0.020587383339066959 0.050424154220770658 -0.073346623855949963 0.088592172674175018 -0.028525837237187768 -0.057943766471772087 0.0058347247361605478 -0.053702627081565792 0.11571054294488291 0.086767128577853306 -0.019344380870043431 -0.013595780711371477 -0.069125553190168762 0.097311650414787065 0.0024183827237748839 0.0083664281009388271 -0.039515887406033186 0.12757796647043021 -0.062915441743748177 0.05369716190058537 0.11141164374009394 0.019686554767416872 0.017649761816899721 -0.012616405497830337 -0.079751758009637408 0.013271621600832876 -0.070198694190152219 0.023032141454989108 -0.015705592639707909
leaf_weight=113.40242076292634 5.7327937781810752 55.232130121439695 19.749599277973175 154.0366063285619 7.9150789976120022 114.21834016591311 26.32067121937871 65.473093397915363 58.120610281825066 2.5539738684892646 4.8851838856935528 16.977841295301914 80.435438934713602 7.8763225302100173 4.1097845137119284 930.64943339675665 64.408104434609413 19.450165316462517 4.9808239340782192 4.3257688470184794 8.55196290835738 6.3353208228945723 241.53559532016516 66.197588387876749 63.914639595896006 10.9542069286108 1512.1018926054239 6.8170637972652903 106.19332878291607 166.87223318219185
leaf_count=634 32 706 88 4368 32 1103 458 267 823 33 21 77 402 42 14 4459 345 139 20 25 39 30 1133 427 406 37 7082 31 495 745
internal_value=0.00244222 -0.0315578 -0.038568 -0.0565336 -0.00895078 -0.0170943 0.00763372 -0.0169314 -0.0341895 -0.0145634 0.0267533 0.00436571 0.00836956 -0.00221457 0.0089137 0.00364585 0.00237701 -0.00273944 0.00324 0.0460565 0.0145257 0.0111009 0.022031 0.00977708 -0.0030518 -0.0224391 0.0110769 0.00148768 0.0174082 -0.00623185
internal_weight=3950.33 523.28 433.689 269.943 163.746 143.996 3427.05 99.6701 115.907 57.7861 29.7781 21.863 3327.38 73.3494 3246.94 952.618 89.5911 83.8583 948.508 17.8586 12.8777 2294.32 247.871 2046.45 188.271 74.8688 1858.18 346.08 113.01 233.07
internal_count=24513 7767 7251 5930 1321 1233 16746 767 1562 739 130 98 15979 309 15577 4557 516 484 4543 84 64 11020 1163 9857 1077 443 8780 1698 526 1172
is_linear=0
shrinkage=0.1


Tree=90
num_leaves=31
num_cat=0
split_feature=10 4 0 10 0 9 12 9 9 8 7 0 10 9 12 10 0 9 10 0 3 3 5 9 9 5 12 5 8 8
split_gain=134.834 21.3182 7.15208 5.91411 5.51463 4.93733 4.61558 6.61615 5.95229 5.22049 9.5251 4.99072 4.54554 6.75615 4.23553 4.13393 15.2718 4.81072 5.38495 4.33431 5.3822 3.94584 3.93245 3.78296 4.60056 3.80729 4.62319 4.52922 3.96601 3.71905
threshold=6.5000000000000009 5.5000000000000009 31.500000000000004 22.500000000000004 19.500000000000004 398.16666666666669 4.5000000000000009 220.66197916666667 324.78951612903234 0.26546556122448989 -1.4999999999999998 14.500000000000002 7.5000000000000009 381.94604166666676 11.500000000000002 20.500000000000004 33.500000000000007 323.47114845938387 22.500000000000004 36.500000000000007 5.5000000000000009 2.5000000000000004 5.5000000000000009 272.0478070175439 173.64322089947092 1.5000000000000002 2.5000000000000004 2.5000000000000004 0.13270440251572327 0.10084745762711866
decision_type=2 2 2 2 2 2 2 2 2 2 2 2 2 2 2 2 2 2 2 2 2 2 2 2 2 2 2 2 2 2
left_child=2 3 -1 6 23 15 7 -2 -9 11 -11 -10 -13 -14 -4 -6 -17 18 19 20 -18 -20 -19 24 -3 -26 27 -27 -28 -21
right_child=1 4 14 -5 5 -7 -8 8 9 10 -12 12 13 -15 -16 16 17 22 21 29 -22 -23 -24 -25 25 26 28 -29 -30 -31
leaf_value=-0.076103919743576248 0.13872523923537136 -0.03464826373480303 -0.037833601997812993 -0.078289711694080277 0.010539645228382149 0.10355394426066611 -0.040785535879401924 -0.038787682631105866 -0.082248491687467326 -0.02921640947894364 0.18361677640034979 -0.056578061260487415 -0.020225464322419832 0.14945003021664058 0.07312469270234627 -0.064751423830907068 -0.058346977649445957 -0.076862051036482595 -0.056991569392343559 -0.11347408471241005 0.11356546538744811 0.067647107116156582 0.044133686317829122 -0.035693705413149417 0.035984975516660953 -0.014433879263582189 0.032016660479105792 0.12596327965162823 -0.049565061058704389 0.0092701913197728077
leaf_weight=214.82747919484973 3.1439113840460768 28.120644673705101 16.913330011069778 21.534674890339375 3163.5074303112924 5.5775230340659609 63.360368523746729 33.043043527752161 5.8182003423571649 3.7802831083536148 4.7385784871876222 4.3237554654479018 4.5483293384313566 4.8481068424880505 4.3186663687229148 33.832494407892227 17.635018948465589 11.68754633143544 2.8718565851449993 2.4923506826162329 2.0308738462626925 21.980798646807671 3.4876595027744761 41.830516487360001 36.491270910948515 4.7646170295774919 8.1479952111840266 4.4380557090044022 22.179799381643534 257.71152959764004
leaf_count=6854 30 141 274 463 12512 31 674 352 63 47 35 61 40 27 25 558 212 89 24 11 18 154 21 301 208 28 41 24 141 1054
internal_value=0.00271177 0.00724654 -0.0706318 -0.0298153 0.00875313 0.00954234 -0.0216347 -0.00274729 -0.0100267 0.023845 0.0891711 -0.00463755 0.0282742 0.0673189 -0.0152643 0.00939325 -0.000859234 0.00589803 0.00863465 0.00467326 -0.0405938 0.0532444 -0.0490541 -0.0102929 -9.03128e-05 0.0126928 -0.00880868 0.0532737 -0.027647 0.00809449
internal_weight=4053.99 3817.93 236.059 149.139 3668.79 3522.82 127.605 64.2442 61.1003 28.0573 8.51886 19.5384 13.7202 9.39644 21.232 3517.24 353.73 319.898 304.722 279.87 19.6659 24.8527 15.1752 145.973 104.142 76.0217 39.5305 9.20267 30.3278 260.204
internal_count=24513 17360 7153 1792 15568 14684 1329 655 625 273 82 191 128 67 299 14653 2141 1583 1473 1295 230 178 110 884 583 442 234 52 182 1065
is_linear=0
shrinkage=0.1


Tree=91
num_leaves=31
num_cat=0
split_feature=4 10 0 0 4 0 10 10 0 10 3 12 10 4 13 11 6 7 11 12 2 13 0 0 2 5 9 2 0 10
split_gain=218.21 15.7085 15.5784 13.3093 12.1066 9.68916 6.64089 8.59289 6.72806 5.71589 4.74469 3.73389 3.69218 3.63347 3.59198 5.21324 4.50741 4.30092 5.09659 3.45422 3.68757 5.43595 5.71854 3.64673 4.52416 3.36404 3.29135 5.88028 3.79776 4.53321
threshold=11.500000000000002 19.500000000000004 26.500000000000004 48.500000000000007 9.5000000000000018 51.500000000000007 7.5000000000000009 19.500000000000004 21.500000000000004 7.5000000000000009 10.500000000000002 11.500000000000002 18.500000000000004 29.500000000000004 1.0627450980392161 4.5000000000000009 8.5000000000000018 5.5000000000000009 1.5000000000000002 1.5000000000000002 3.5000000000000004 0.43650793650793651 57.500000000000007 63.500000000000007 4.5000000000000009 1.5000000000000002 194.34940741921773 6.5000000000000009 31.500000000000004 14.500000000000002
decision_type=2 2 2 2 2 2 2 2 2 2 2 2 2 2 2 2 2 2 2 2 2 2 2 2 2 2 2 2 2 2
left_child=4 2 11 -3 -1 9 -6 8 -8 -4 25 -2 -12 26 15 16 -14 18 -16 -5 21 22 -21 24 -22 -7 28 -28 -11 -30
right_child=1 3 5 19 6 10 7 -9 -10 13 12 -13 14 -15 17 -17 -18 -19 -20 20 23 -23 -24 -25 -26 -27 27 -29 29 -31
leaf_value=-0.072778197044212248 -0.051116032268983536 -0.072697830819314954 -0.082732042617288531 -0.060541890176994587 -0.077794107533049078 0.082634728913250355 -0.068655679368680098 -0.077554758049983727 0.022346760325077639 -0.013518412079756957 0.050194264896995244 0.070275084803817375 -0.09780815702244848 0.05892421633270422 0.091448316218504216 0.063052991914100867 -0.00032566718934391237 0.10764247779596364 -0.011386840224594739 -0.015481332844179914 0.073143760499368424 -0.046875994524924136 0.12524535686723914 0.11878983251685891 -0.0050863146548536711 0.0099714775398172875 0.010983429992446139 0.034309902356091777 0.012501248246865519 -0.001051869068111812
leaf_weight=378.65328153222799 46.757878791540861 39.944669786840677 6.6602250076830378 9.4501928165554983 23.796645190566778 6.7401433289051047 10.146163769066332 17.192280162125826 40.768605593591928 89.622268430888653 114.19100159406662 2.6790747940540305 6.6258089393377366 15.104299083352087 7.1284985393285814 8.6036500632762891 16.693942368030548 7.9743932783603659 14.878517150878904 8.2864986397325975 9.852592930197714 24.76009314879775 4.4319601804018012 3.660191446542739 29.60651333630085 116.44119799137115 745.54070898890495 126.38913129270077 725.26861403882504 374.07989403605461
leaf_count=10774 754 906 77 67 539 37 180 416 295 574 985 42 22 72 24 31 58 30 51 69 61 212 16 12 154 652 2922 501 2556 1424
internal_value=-0.00228544 0.00921324 0.011024 -0.0246554 -0.0648759 0.0121772 -0.0323178 -0.0164284 0.00421203 0.00975947 0.029002 -0.0445376 0.0395329 0.0100562 0.0198667 -0.00347735 -0.0280232 0.0447228 0.0219235 -0.00334409 0.00336242 -0.0195807 0.0335572 0.0233042 0.014447 0.0139474 0.00969805 0.0143647 0.00627579 0.00788947
internal_weight=3031.93 2561.37 2431.38 129.993 470.557 2381.94 91.9037 68.107 50.9148 2082.67 299.277 49.437 176.096 2076 61.9048 31.9234 23.3198 29.9814 22.007 90.048 80.5978 37.4786 12.7185 43.1193 39.4591 123.181 2060.9 871.93 1188.97 1099.35
internal_count=24513 12309 10812 1497 12204 10016 1430 891 475 8126 1890 796 1201 8049 216 111 80 105 75 591 524 297 85 227 215 689 7977 3423 4554 3980
is_linear=0
shrinkage=0.1


Tree=92
num_leaves=31
num_cat=0
split_feature=4 0 4 10 10 0 10 10 0 12 1 9 11 9 13 8 8 9 8 11 9 10 1 1 8 12 8 6 6 12
split_gain=260.389 20.7798 11.0499 8.47645 6.15166 17.0347 5.94967 12.1727 6.64335 4.89078 5.0081 4.39797 4.29484 4.9018 4.19082 4.00693 3.73207 6.47711 3.68611 4.41965 5.75827 6.27089 3.58569 3.55617 3.51371 5.51581 4.91578 6.12322 3.62672 3.49386
threshold=12.500000000000002 38.500000000000007 7.5000000000000009 6.5000000000000009 6.5000000000000009 18.500000000000004 7.5000000000000009 19.500000000000004 17.500000000000004 2.5000000000000004 1.0000000180025095e-35 319.72978983382217 1.5000000000000002 287.21704857030949 1.1791443850267382 0.27675941080196403 0.059714795008912656 265.93608974358978 0.088562091503267909 4.5000000000000009 307.59523809523819 1.5000000000000002 1.0000000180025095e-35 1.0000000180025095e-35 0.14854215918045702 7.5000000000000009 0.19657494145199064 1.5000000000000002 5.5000000000000009 4.5000000000000009
decision_type=2 2 2 2 2 2 2 2 2 2 2 2 2 2 2 2 2 2 2 2 2 2 2 2 2 2 2 2 2 2
left_child=1 2 4 -2 5 -1 16 8 9 -8 -11 -3 -9 -14 23 22 17 -4 19 20 -7 -22 -15 -13 25 -18 27 -26 -27 -23
right_child=3 11 6 -5 -6 18 7 12 -10 10 -12 14 13 15 -16 -17 24 -19 -20 -21 21 29 -24 -25 26 28 -28 -29 -30 -31
leaf_value=0.049230927456196054 -0.0032325883800282014 -0.057770902510608006 0.036688108545874606 -0.075835980429141303 0.0075704204617522463 0.10188987230844276 -0.084143170751035834 -0.034246784023488255 -0.061822950611185215 0.15195058525522648 0.0050381509318403331 0.012709976123380873 0.035002343488475744 0.016988032046865026 -0.081330408551339356 0.064638534446743792 0.048506426571310497 -0.1147651078653153 0.012332040644042327 0.098362998200836951 -0.10441263289657388 0.09283367172932748 -0.08418837515281305 0.17669023421662611 0.090430695976929917 0.022120242044672066 0.0085230890490641305 -0.023723086020676385 -0.053457466154797628 -0.02667601701199528
leaf_weight=163.77968659996986 16.680440589785576 55.598610777407885 4.8666200414299947 447.10626236721873 705.95125699043274 6.0911397486925187 4.5146008059382465 18.940206039696932 59.961297303438187 2.9245791509747496 11.231239121407269 4.198999769985674 52.802827969193459 5.4907604269683388 2.9127632491290569 4.0288440957665435 44.059821121394634 6.7267998680472374 747.38689924031496 10.996321208775042 5.0254753902554503 4.8874280974268896 9.6746529489755613 1.9305606558918951 4.9654059857130042 15.170554503798487 325.63562578707933 87.559068493545055 10.919393472373484 4.8975572139024734
leaf_count=1954 64 928 23 11665 2874 31 39 129 847 19 96 44 321 30 35 24 188 31 3211 52 19 23 53 21 23 69 1277 363 40 20
internal_value=-0.0046698 0.00867185 0.010231 -0.0732247 0.0146298 0.0199143 -0.000603817 -0.0167902 -0.0456035 0.00648638 0.0353901 -0.0472518 0.0081241 0.0192706 0.0174274 -0.0240071 0.00488666 -0.0511889 0.0137529 0.0470439 0.020045 -0.0136155 -0.0475566 0.064357 0.006218 0.0269286 0.00274363 -0.0175969 -0.0095112 0.033017
internal_weight=2846.92 2383.13 2318.49 463.787 1649.02 943.065 669.472 169.569 78.6317 18.6704 14.1558 64.6409 90.9373 71.9971 9.04232 19.1943 499.903 11.5934 779.285 31.8979 20.9016 14.8105 15.1654 6.12956 488.31 70.1498 418.16 92.5245 26.0899 9.78499
internal_count=24513 12784 11756 11729 8184 5310 3572 1558 1001 154 115 1028 557 428 100 107 2014 54 3356 145 93 62 83 65 1960 297 1663 386 109 43
is_linear=0
shrinkage=0.1


Tree=93
num_leaves=31
num_cat=0
split_feature=4 0 10 0 0 0 3 3 0 10 10 9 11 12 12 8 6 13 9 4 8 8 0 7 12 12 8 6 6 10
split_gain=59.8466 11.3003 21.6082 10.2727 7.50337 5.83651 5.44218 4.85902 7.93274 8.50376 8.85603 4.68687 4.42352 5.18699 4.86999 8.07442 6.14429 4.24602 4.2005 4.15151 4.45286 4.12043 5.18772 5.17128 4.15738 4.12045 3.86816 5.17378 4.07678 3.85792
threshold=17.500000000000004 31.500000000000004 18.500000000000004 40.500000000000007 52.500000000000007 54.500000000000007 5.5000000000000009 6.5000000000000009 28.500000000000004 18.500000000000004 6.5000000000000009 188.44438821412507 3.5000000000000004 2.5000000000000004 5.5000000000000009 0.1788379530916844 5.5000000000000009 0.94987468671679209 165.88075633773312 16.500000000000004 0.22684391080617491 0.18394199785177229 38.500000000000007 -6.4999999999999991 2.5000000000000004 4.5000000000000009 0.30471628592483424 8.5000000000000018 4.5000000000000009 16.500000000000004
decision_type=2 2 2 2 2 2 2 2 2 2 2 2 2 2 2 2 2 2 2 2 2 2 2 2 2 2 2 2 2 2
left_child=5 -2 3 18 6 7 17 -1 -9 10 -10 26 14 -14 15 -8 -16 -4 29 21 -21 25 -23 -24 -25 -11 -12 28 -28 -3
right_child=1 2 4 -5 -6 -7 12 8 9 19 11 -13 13 -15 16 -17 -18 -19 -20 20 -22 22 23 24 -26 -27 27 -29 -30 -31
leaf_value=0.0090977503793772969 0.0024464141437634561 -0.018082774491158495 -0.001129156467791414 -0.072831127135608714 -0.049039548133601521 -0.073368107925568457 0.089064314512884449 0.0097050901338228742 0.038759122677032361 -0.0019205588570217127 -0.024882050749606633 -0.04983849314947348 0.036178997360355333 -0.050132279250856754 0.16125210982942906 -0.029722987230947358 0.024204655872440535 0.096367431245249088 -0.051969409910134962 0.088533457725655837 0.0050289532918736599 0.077185574222476225 0.093084362520346908 -0.065182590373293922 0.0026163902159311993 -0.091575926048606926 0.09805520812820484 0.17536367821853982 -0.05859840918542536 0.12561293222049394
leaf_weight=2784.7614349909127 89.389649398624897 54.755009841173887 7.9193612784147289 141.78379175253212 35.117043528705835 8.9891239479184133 6.833145920187234 335.56213032826781 17.758335769176483 11.486712217330934 44.566692240536213 91.409785974770784 8.9085544198751432 31.877687878906727 3.8605139441788223 35.200001828372478 21.436531111598015 10.246132474392651 55.002770308405161 11.637087676674129 14.151476435363291 9.5735642313957197 5.2800834700465193 11.156158462166784 47.77645393460989 9.2574803978204709 2.7369780838489515 2.3211823105812073 4.2267592959105968 1.9343891665339459
leaf_count=13160 516 717 30 4368 543 116 39 1204 61 48 453 1160 53 221 21 227 145 42 823 53 66 40 21 50 188 35 23 22 46 22
internal_value=0.0023525 -0.0298037 -0.0367523 -0.0549633 -0.00815217 0.007104 0.00321798 0.00731653 -0.000698124 -0.0130188 -0.0279021 -0.0360515 -0.00529132 -0.0312801 0.0104518 -0.0104123 0.0451191 0.0538632 -0.0322816 0.00714654 0.0427104 -0.00255552 0.00851444 -0.00172384 -0.0102182 -0.0419309 -0.0126489 0.0460688 0.00297162 -0.0131795
internal_weight=3916.92 504.265 414.875 253.476 161.399 3412.65 126.282 3403.66 618.901 283.339 163.02 145.261 108.116 40.7862 67.3302 42.0331 25.297 18.1655 111.692 120.319 25.7886 94.5305 73.7863 64.2127 58.9326 20.7442 53.8516 9.28492 6.96374 56.6894
internal_count=24513 7767 7251 5930 1321 16746 778 16630 3470 2266 1765 1704 706 274 432 266 166 72 1562 501 119 382 299 259 238 83 544 91 69 739
is_linear=0
shrinkage=0.1


Tree=94
num_leaves=31
num_cat=0
split_feature=10 4 0 10 0 12 9 9 8 0 7 9 9 9 2 10 0 9 9 11 0 1 7 12 5 2 5 9 12 9
split_gain=121.197 18.4161 7.1478 5.73974 4.65035 4.12632 5.14424 5.20866 4.17308 5.32076 5.09299 4.07123 3.90171 4.49173 3.63993 3.52453 13.6748 4.21003 4.51157 6.55008 4.12112 4.1175 4.33839 3.59648 3.58334 3.45191 3.43887 3.33648 4.25289 5.79913
threshold=6.5000000000000009 5.5000000000000009 31.500000000000004 22.500000000000004 19.500000000000004 4.5000000000000009 220.66197916666667 324.78951612903234 0.27675941080196403 14.500000000000002 -1.4999999999999998 398.16666666666669 381.94604166666676 338.80157407407415 3.5000000000000004 20.500000000000004 33.500000000000007 323.47114845938387 258.74669312169317 2.5000000000000004 45.500000000000007 1.0000000180025095e-35 -6.4999999999999991 9.5000000000000018 5.5000000000000009 3.5000000000000004 1.5000000000000002 277.57591431556955 10.500000000000002 198.92840654608099
decision_type=2 2 2 2 2 2 2 2 2 2 2 2 2 2 2 2 2 2 2 2 2 2 2 2 2 2 2 2 2 2
left_child=2 3 -1 5 27 6 -2 -8 9 -9 -10 15 13 -11 -4 -6 -17 18 19 23 -21 -22 -23 -18 -19 -7 -14 28 -3 -30
right_child=1 4 14 -5 11 25 7 8 10 12 -12 -13 26 -15 -16 16 17 24 -20 20 21 22 -24 -25 -26 -27 -28 -29 29 -31
leaf_value=-0.075853165530378561 0.11568101078822708 -0.0066007906972051812 -0.030912653173808004 -0.078029964412139496 0.009809003577884853 -0.043102152934811816 -0.036910639817807608 -0.081759422460603026 -0.015212773086592852 0.1028334959549649 0.15305387814892454 0.092918745962695837 0.014802664115781034 -0.068301899674106201 0.090628403042738961 -0.06342721292870368 0.028148536217282444 -0.074873989460074508 0.020384301598374305 -0.041061141258724086 -0.04115427735354605 -0.024056595962229657 0.065432193022110147 -0.036193125465720948 0.040465659366807877 0.092459113729487327 0.15204811381535882 -0.035385490071965106 0.15786739653464249 -0.0029778539503406642
leaf_weight=196.75515382550657 3.4859806299209586 98.477519389241934 17.973905850201849 19.935249824076891 3156.9166532419622 59.191807493567467 31.957343421876431 5.8629786036908689 2.9920073561370373 2.142089154571293 4.5103814825415602 5.7564755305647841 3.6820545047521591 5.3997335396707058 2.8554989062249652 31.672699730843306 59.625356338918209 11.100900679826735 149.42766808718443 49.888090945780277 13.076990216970442 9.0702319741249067 13.451813444495203 10.16910710185766 3.5565741881728163 1.9399622008204449 3.6210889779031277 36.849629927426577 3.8604935817420465 5.3450751081109047
leaf_count=6854 30 558 269 463 12512 664 352 67 39 22 30 31 27 59 30 558 268 89 771 270 43 30 44 47 21 10 29 274 20 32
internal_value=0.00262975 0.0067827 -0.0699559 -0.0282044 0.00816679 -0.0202445 -0.00242394 -0.00926668 0.0220491 -0.00110119 0.0859479 0.0088899 0.0307546 -0.0196946 -0.0142506 0.00875202 -0.000753535 0.00546203 0.0079802 -0.00395629 -0.022514 0.00347787 0.0293927 0.0187739 -0.0468873 -0.0388002 0.0828525 -0.0094127 -0.00052469 0.064475
internal_weight=4020.55 3802.97 217.585 144.721 3658.25 124.785 63.6537 60.1677 28.2103 20.7079 7.50239 3513.71 14.845 7.54182 20.8294 3507.96 351.039 319.367 304.709 155.282 85.4871 35.599 22.522 69.7945 14.6575 61.1318 7.30314 144.533 107.683 9.20557
internal_count=24513 17360 7153 1792 15568 1329 655 625 273 204 69 14684 137 81 299 14653 2141 1583 1473 702 387 117 74 315 110 674 56 884 610 52
is_linear=0
shrinkage=0.1


Tree=95
num_leaves=31
num_cat=0
split_feature=4 10 0 0 4 0 10 10 0 8 10 0 4 11 1 13 8 4 8 2 13 10 0 9 8 12 9 11 4 10
split_gain=195.31 13.4126 13.5142 12.5095 12.1462 8.37833 6.44157 8.05307 6.52706 5.29058 5.23963 4.95685 4.12884 4.66708 3.36298 4.50754 4.09576 3.73934 3.58371 4.21997 3.47506 4.25634 3.60689 3.8314 6.9379 5.94688 5.93355 5.64621 8.29583 4.72571
threshold=11.500000000000002 19.500000000000004 26.500000000000004 48.500000000000007 9.5000000000000018 54.500000000000007 7.5000000000000009 19.500000000000004 48.500000000000007 0.24544852697782188 7.5000000000000009 20.500000000000004 20.500000000000004 3.5000000000000004 1.0000000180025095e-35 1.1791443850267382 0.22886904761904758 14.500000000000002 0.21244358478401035 4.5000000000000009 1.9285714285714286 15.500000000000002 41.500000000000007 226.76485042735047 0.15047169811320757 4.5000000000000009 224.90895424836603 4.5000000000000009 20.500000000000004 14.500000000000002
decision_type=2 2 2 2 2 2 2 2 2 2 2 2 2 2 2 2 2 2 2 2 2 2 2 2 2 2 2 2 2 2
left_child=4 2 -2 -3 -1 10 -6 8 11 -7 -4 -8 13 -11 15 17 -17 -12 19 -19 22 -22 -16 26 -25 27 -24 29 -29 -26
right_child=1 3 5 -5 6 9 7 -9 -10 12 14 -13 -14 -15 20 16 -18 18 -20 -21 21 -23 23 24 25 -27 -28 28 -30 -31
leaf_value=-0.072230443986038631 -0.042808224599863776 -0.072111707740532063 -0.082122309096999829 -0.0030053368966102933 -0.077582022444137214 0.050850538505977073 -0.078335403529263631 -0.077348328097040869 0.17956608128746762 -0.080988384954825549 -0.041876799125312322 0.010492363091730343 0.02624149739915815 0.036341731966798442 0.006775093381456692 0.10238112755286631 0.0013022052649960562 -0.012231521759030816 0.011827192025312626 -0.10556218481239144 0.0071583634405311585 -0.10280718265522015 0.013477626607195096 -0.037268464100134062 -0.013057391445398112 0.051445699029902869 -0.063202702439836139 -0.065349938923460235 0.069833442305582347 0.051487511581075111
leaf_weight=349.50268148817122 47.306398678570986 37.110025446861982 6.20506428182125 89.050689574331045 22.060672936961055 83.439165733754635 7.4148244448006144 15.87777880579233 2.0388329103589049 8.6360495239496213 27.791610695421696 41.125038914382458 49.288700692355633 5.5811829119920722 922.59758564829826 7.2926816418767002 8.9024729207158071 45.67605197429657 79.328059203922749 5.4194408357143393 8.6474312022328359 5.9360354244709006 910.00375288724899 14.738803952932356 16.448177352547646 91.567916266620159 10.204456344246863 16.47822550684214 6.2656765505671492 36.549586147069931
leaf_count=10774 796 906 77 591 539 656 138 416 8 45 119 329 390 32 3579 28 34 183 316 20 33 25 3716 55 56 377 41 65 29 140
internal_value=-0.00217998 0.008453 0.010114 -0.0233329 -0.0638501 0.0111717 -0.0307609 -0.0152184 0.00428561 0.0342968 0.00964103 -0.00307674 0.0125472 -0.0349287 0.00989823 -0.00342953 0.0468181 -0.00857295 -0.00147632 -0.0221306 0.011038 -0.0376019 0.0113883 0.0152496 0.0285049 0.034299 0.0126273 0.0135695 -0.0281085 0.0314556
internal_weight=2978.49 2540.47 2414.3 126.161 438.02 2367 88.5171 66.4565 50.5787 146.945 2220.05 48.5399 63.5059 14.2172 2213.85 174.41 16.1952 158.215 130.424 51.0955 2039.44 14.5835 2024.85 1102.26 182.048 167.31 920.208 75.7417 22.7439 52.9978
internal_count=24513 12309 10812 1497 12204 10016 1430 891 475 1123 8893 467 467 77 8816 700 62 638 519 203 8116 58 8058 4479 722 667 3757 290 94 196
is_linear=0
shrinkage=0.1


Tree=96
num_leaves=31
num_cat=0
split_feature=4 0 3 10 10 10 0 11 0 10 0 9 9 11 12 0 13 9 9 9 6 13 9 9 0 9 4 7 9 12
split_gain=235.674 18.0567 9.58838 9.56442 8.72088 8.45137 7.07242 4.87046 4.72035 4.47771 16.4136 4.04354 3.92977 5.76895 3.92128 5.71045 3.58113 3.55011 3.4325 3.39795 6.96584 4.93582 3.35813 5.17472 3.5869 4.66682 3.25139 3.51965 3.24131 4.88898
threshold=12.500000000000002 38.500000000000007 3.5000000000000004 7.5000000000000009 20.500000000000004 6.5000000000000009 17.500000000000004 5.5000000000000009 18.500000000000004 5.5000000000000009 19.500000000000004 319.72978983382217 287.21704857030949 1.5000000000000002 6.5000000000000009 31.500000000000004 1.1791443850267382 331.21638095238103 206.81703703703704 324.78951612903234 4.5000000000000009 1.297058823529412 406.13259259259263 359.33841503267979 15.500000000000002 429.55389610389619 6.5000000000000009 -1.4999999999999998 335.5436212814646 1.5000000000000002
decision_type=2 2 2 2 2 2 2 2 2 2 2 2 2 2 2 2 2 2 2 2 2 2 2 2 2 2 2 2 2 2
left_child=1 2 9 8 6 -2 7 -5 -4 10 -1 -3 13 -6 15 -14 -13 19 -10 -12 21 -21 23 -11 25 -24 -25 -28 -19 -30
right_child=5 11 3 4 12 -7 -8 -9 18 22 17 16 14 -15 -16 -17 -18 28 -20 20 -22 -23 24 26 -26 -27 27 -29 29 -31
leaf_value=0.053006644714492374 -0.0027992973721642053 -0.056241847766931564 0.027913354897341619 -0.020402201711744509 -0.038339384307541281 -0.07551365597628415 -0.059482528916619898 0.078442827696190237 0.05408076016414496 0.0074566918055803027 0.017656232023726768 0.056122736298177073 0.059557082752117518 0.032454616556909281 -0.055395285343772763 -0.037554500726426576 -0.080831922949987992 -0.032336936228306912 0.0023043661796922628 0.053310355993205105 0.093715266829885027 -0.072031045598919999 0.096317487910240945 0.025938427875243631 -0.030630011087615434 -0.0064285842898799657 0.033684138418950627 0.14732039181400391 0.043159448202413069 0.0042143197848420457
leaf_weight=124.3747020252049 16.62811242043972 52.501694858074188 92.037650600075722 28.900850672274828 14.775720082223414 412.66973713599145 62.838910218328238 6.0239855721592894 13.106661848723887 575.60538038611412 204.57227402180433 6.4690837077796441 10.735022425651552 52.092354208230972 19.328948557376862 13.889955338090656 2.7087077125906944 20.43706476688385 554.57740005850792 6.9668506830930728 17.83615705370903 5.7222042977809906 5.7638384401798275 83.743984498083591 41.33770240098238 18.970482394099236 6.203052930533886 4.8619701489806157 36.505385115742683 275.47641590237617
leaf_count=1598 64 928 632 214 77 11665 905 41 53 2592 829 65 38 262 91 93 35 79 2174 29 71 22 21 358 187 79 28 24 153 1106
internal_value=-0.00454782 0.00785755 0.00929149 0.00100432 -0.0176608 -0.0726972 -0.039431 -0.00335299 0.00690571 0.0143293 0.0201058 -0.0455367 0.00154418 0.0168114 -0.0216822 0.00478036 0.0157023 0.0128954 0.00349978 0.0223002 0.053423 -0.00321309 0.00890246 0.0110223 -0.012607 0.0175143 0.0326699 0.0836159 0.00624401 0.00877134
internal_weight=2787.66 2358.36 2296.68 868.307 208.586 429.298 97.7637 34.9248 659.722 1428.38 691.891 61.6795 110.822 66.8681 43.9539 24.625 9.17779 567.516 567.684 235.097 30.5252 12.6891 736.486 670.414 66.072 24.7343 94.809 11.065 332.419 311.982
internal_count=24513 12784 11756 4580 1721 11729 1160 255 2859 7176 3887 1028 561 339 222 131 100 2289 2227 951 122 51 3289 3002 287 100 410 52 1338 1259
is_linear=0
shrinkage=0.1


Tree=97
num_leaves=31
num_cat=0
split_feature=4 0 10 0 0 0 3 9 13 8 4 10 0 0 13 10 9 12 9 9 10 0 13 9 9 13 13 8 10 13
split_gain=51.3782 10.3427 20.186 10.3233 6.65847 5.21882 4.57987 6.54088 6.39557 4.34375 4.09357 6.73368 21.3701 5.01079 4.68959 4.06757 4.0463 4.01323 4.59936 3.95337 3.83078 4.32129 4.49777 3.67329 3.65885 3.62138 4.63903 4.03312 3.31793 4.1676
threshold=17.500000000000004 31.500000000000004 18.500000000000004 40.500000000000007 52.500000000000007 54.500000000000007 8.5000000000000018 230.43450317124737 0.84962406015037606 0.27823315118397091 11.500000000000002 18.500000000000004 36.500000000000007 24.500000000000004 1.7032967032967035 5.5000000000000009 247.43616071428576 2.5000000000000004 211.33875000000003 165.88075633773312 21.500000000000004 39.500000000000007 0.19090909090909094 164.00866330227745 162.93484848484852 0.82843137254901966 0.94987468671679209 0.22684391080617491 3.5000000000000004 0.94987468671679209
decision_type=2 2 2 2 2 2 2 2 2 2 2 2 2 2 2 2 2 2 2 2 2 2 2 2 2 2 2 2 2 2
left_child=5 -2 3 19 6 10 7 8 17 -10 -1 12 13 15 28 -12 -9 -4 -19 23 21 22 -13 -3 -8 -17 27 -27 29 -15
right_child=1 2 4 -5 -6 -7 24 16 9 -11 11 20 -14 14 -16 25 -18 18 -20 -21 -22 -23 -24 -25 -26 26 -28 -29 -30 -31
leaf_value=0.0086491249531629785 0.0026536685366855498 -0.0178765481231958 0.077990011162961781 -0.072309552359958215 -0.047125307798932259 -0.071973175245920534 0.072803253397475912 -0.083157070435741054 0.055911607060292572 0.15940785703153421 -0.060510941448858435 -0.036913986733949813 -0.049758559470379674 -0.025327709054692022 -0.077436847896408187 -0.0062058349998656871 0.025749629996835378 -0.05973379883234195 0.055007558223124725 -0.050297691021148797 -0.041399236855781986 0.0093572312426037953 0.055930326193771029 0.10039391099647146 -0.02027034635224435 0.14039852280755749 0.022362737030850847 0.037896950463582962 -0.0063462432098992175 0.075020719669360261
leaf_weight=2649.1628292389214 89.224642552435398 53.026502035558224 5.5003300048410919 130.69587281905115 33.356150820851326 8.4285849686712009 4.5199396535754195 7.7953052856028062 16.198302537202839 5.4094970338046542 6.2429858446121207 6.0291514545679084 93.825034487992525 6.4973474442958858 8.7218478545546514 34.022882610559464 6.0664348565042019 10.425845578312872 5.2539533227682105 52.251654259860516 12.555915281176565 219.54258984327316 38.772890761494637 2.7628758251667014 64.440678287297487 6.6751571893692008 86.141975283622742 9.0336049199104291 200.1867116689682 11.400936663150786
leaf_count=12202 516 706 22 4368 543 116 28 44 88 26 25 27 1542 21 53 113 28 47 21 823 49 862 171 33 474 22 281 29 1195 38
internal_value=0.00226297 -0.0281159 -0.035019 -0.0534029 -0.00740988 0.00661718 0.00313666 0.0242043 0.0435448 0.0818218 0.00681265 0.000235023 -0.00714576 0.00369157 -0.00553371 0.0184144 -0.0354953 0.0044949 -0.0212865 -0.0305318 0.0125696 0.015133 0.043436 -0.0120194 -0.01417 0.0220408 0.0314764 0.0814532 -0.00265809 0.0385927
internal_weight=3884.17 486.928 397.703 238.737 158.966 3397.24 125.61 56.6497 42.7879 21.6078 3388.81 739.649 462.748 368.923 226.807 142.117 13.8617 21.1801 15.6798 108.041 276.901 264.345 44.802 55.7894 68.9606 135.874 101.851 15.7088 218.085 17.8983
internal_count=24513 7767 7251 5930 1321 16746 778 276 204 114 16630 4428 3319 1777 1307 470 72 90 68 1562 1109 1060 198 739 502 445 332 51 1254 59
is_linear=0
shrinkage=0.1


Tree=98
num_leaves=31
num_cat=0
split_feature=10 4 0 10 0 12 9 9 12 8 7 0 10 8 0 0 8 2 3 11 12 9 12 11 12 9 0 8 0 12
split_gain=108.884 15.8073 7.20862 5.56586 3.96582 3.70766 4.07499 4.54287 3.59613 3.4652 5.44287 4.04952 3.62475 5.06925 3.28874 3.13024 3.05092 3.17829 2.87157 2.79858 6.7084 5.97233 5.48055 5.40992 5.93411 7.86472 8.30724 5.27787 6.50429 5.03196
threshold=6.5000000000000009 5.5000000000000009 31.500000000000004 22.500000000000004 15.500000000000002 4.5000000000000009 220.66197916666667 324.78951612903234 11.500000000000002 0.26546556122448989 -1.4999999999999998 14.500000000000002 7.5000000000000009 0.18624359479700434 38.500000000000007 36.500000000000007 0.42462121212121212 3.5000000000000004 5.5000000000000009 4.5000000000000009 8.5000000000000018 292.8406586021506 11.500000000000002 1.5000000000000002 2.5000000000000004 310.06151623321438 22.500000000000004 0.2956145966709347 34.500000000000007 10.500000000000002
decision_type=2 2 2 2 2 2 2 2 2 2 2 2 2 2 2 2 2 2 2 2 2 2 2 2 2 2 2 2 2 2
left_child=2 3 -1 5 18 6 -2 15 14 11 -11 -9 -13 -14 -4 -8 17 -7 -3 22 -21 -22 23 24 25 26 -6 28 -28 -23
right_child=1 4 8 -5 19 16 7 9 -10 10 -12 12 13 -15 -16 -17 -18 -19 -20 20 21 29 -24 -25 -26 -27 27 -29 -30 -31
leaf_value=-0.07561047853607622 0.098543349127930002 -0.0092540398465585753 -0.055719800572541549 -0.077791903880137458 0.11008347328264874 -0.045271508914773363 -0.053103247865358721 -0.081105097699290377 0.066210788127342407 -0.026268607841993297 0.13037052033193194 -0.055220881934346169 0.14672407984497599 -0.00031826026630368327 0.065113774407259739 0.020911847877484197 0.096358664342587497 0.08263045462826113 -0.077560420826094711 0.0077042930131031098 0.023007288757009345 -0.0010670573404945984 -0.012113391523342457 0.0034413850055998469 0.0085293745612765124 -0.076674917673698634 -0.0097509651571291624 -0.0073445131123763127 0.04069068965367275 0.1386323730314315
leaf_weight=180.38839907199144 3.7884288430213919 22.210190273821357 13.247612707316877 18.443135913461447 12.167568799108265 55.250509534031153 23.328199490904812 5.0245498046279016 4.4805696457624427 3.6024636849761009 5.7736558839678747 4.1260377541184416 3.8144571073353273 6.0841562077403069 2.7138737961649886 7.5675324127078047 1.6696725115180004 2.0136562883853903 8.5137611255049688 779.68709552288055 241.22924686595798 3.7419944107532492 154.65955030918121 1455.6030455194414 727.54536166414618 7.1742877624928942 30.590285874903202 40.716004256159067 155.56807395815849 8.2917279750108701
leaf_count=6854 30 186 248 463 61 646 290 63 25 47 35 61 28 39 26 62 18 10 55 3299 987 27 661 6198 3100 49 122 159 618 46
internal_value=0.00252209 0.00632616 -0.0692327 -0.0265897 0.00759388 -0.018852 -0.00200871 -0.00843028 -0.0129528 0.0204205 0.0701871 -0.0040749 0.0235224 0.0563449 -0.0351749 -0.0349742 -0.0368888 -0.0407739 -0.0281821 0.00789777 0.0122973 0.0264371 0.00613909 0.00730109 0.0130707 0.0264898 0.029586 0.0252688 0.0324019 0.0951916
internal_weight=3989.02 3788.18 200.83 140.486 3647.7 122.043 63.1095 59.3211 20.4421 28.4253 9.37612 19.0492 14.0247 9.89861 15.9615 30.8957 58.9338 57.2642 30.724 3616.97 1032.95 253.263 2584.02 2429.36 973.762 246.216 239.042 226.874 186.158 12.0337
internal_count=24513 17360 7153 1792 15568 1329 655 625 299 273 82 191 128 67 274 352 674 656 241 15327 4359 1060 10968 10307 4109 1009 960 899 740 73
is_linear=0
shrinkage=0.1


Tree=99
num_leaves=31
num_cat=0
split_feature=4 10 10 0 0 0 10 0 9 8 2 1 9 2 6 9 13 9 8 7 4 8 9 8 6 10 0 8 7 1
split_gain=175.597 22.6285 18.2336 15.2536 14.1676 6.83416 5.05799 3.58078 3.34402 3.64062 3.29033 3.24246 3.67737 6.29047 5.29586 5.05802 5.86638 5.63286 5.24289 4.99648 4.58427 4.11673 6.15051 5.39492 5.23338 4.08744 5.60443 6.54741 5.85799 8.66825
threshold=9.5000000000000018 7.5000000000000009 19.500000000000004 48.500000000000007 24.500000000000004 54.500000000000007 18.500000000000004 47.500000000000007 264.07706907787559 0.19264507422402158 8.5000000000000018 1.0000000180025095e-35 198.29369820655535 6.5000000000000009 6.5000000000000009 207.47829861111114 1.6515151515151518 258.74669312169317 0.18394199785177229 4.5000000000000009 12.500000000000002 0.282329988851728 225.86830065359479 0.31311274509803927 4.5000000000000009 15.500000000000002 33.500000000000007 0.12599206349206346 11.500000000000002 3.5000000000000004
decision_type=2 2 2 2 2 2 2 2 2 2 2 2 2 2 2 2 2 2 2 2 2 2 2 2 2 2 2 2 2 2
left_child=7 -2 4 -4 -3 11 -7 -1 9 -5 -8 -6 25 14 15 18 17 21 19 -14 -16 -17 23 -23 -25 26 27 -13 -29 -30
right_child=1 2 3 8 5 6 10 -9 -10 -11 -12 12 13 -15 20 16 -18 -19 -20 -21 -22 22 -24 24 -26 -27 -28 28 29 -31
leaf_value=-0.072555900353635239 -0.078319949813580328 -0.050221822294137623 -0.073116667577315941 -0.039760608333653538 -0.0034923102310343438 0.049295647130648962 0.0042514861817550265 0.053642224793040344 -0.070991802035971399 0.012606720149737367 0.080984571194839705 0.073038960246732273 -0.10719391312366096 0.036234866499058646 0.056766583100367432 -0.021692078526866585 -0.11743504877679625 0.033370786679258607 0.044257909214264313 0.021386532803546271 0.015640396310189368 0.12906287874431593 -0.035804425738645854 -0.041358946146715057 0.094546994478240665 -0.0029377073003244414 0.013614960340008276 -0.0174746048024093 0.14176260313808728 -0.036180596432849287
leaf_weight=320.61156178917736 31.071229603141546 39.041616808623075 48.332917088642716 16.604264710098505 185.67361875995994 76.309594988822937 59.567486464977264 2.2642718143761149 6.7693420425057402 66.222952712327242 6.166762486100196 9.6429945752024633 4.9955445379018766 125.04808844998479 29.067407473921776 118.08879105374217 4.7740710712969294 31.379104945808649 40.940949440002441 7.650325246155262 401.25671124458313 6.5388954840600553 12.025377359241245 6.7663526497781259 4.8745989724993706 313.49126890301704 803.57707870006561 139.93840375170112 5.8391707949340326 5.153915099799633
leaf_count=10736 704 719 1305 125 772 887 207 38 70 413 29 62 21 532 123 518 29 168 168 31 1568 32 64 33 22 1279 2924 874 32 28
internal_value=-0.00210691 0.00650919 0.00753249 -0.0278392 0.00953379 0.0105064 0.0317817 -0.0716709 -0.0034143 0.00210871 0.0114501 0.00916724 0.0103022 0.0156494 0.011798 -0.000170606 -0.00802773 -0.00512069 0.0268738 -0.0294071 0.0184184 -0.0132655 0.0196786 0.0563788 0.0155511 0.00698159 0.0102068 -0.00684884 -0.0119529 0.0583371
internal_weight=2929.68 2606.81 2575.74 137.929 2437.81 2398.77 142.044 322.876 89.5966 82.8272 65.7342 2256.72 2071.05 793.406 668.358 238.034 184.447 179.673 53.5868 12.6459 430.324 148.294 30.2052 18.1798 11.641 1277.64 964.152 160.574 150.931 10.9931
internal_count=24513 13739 13035 1913 11122 10403 1123 10774 608 538 236 9280 8508 3309 2777 1086 866 837 220 52 1691 669 151 87 55 5199 3920 996 934 60
is_linear=0
shrinkage=0.1


Tree=100
num_leaves=31
num_cat=0
split_feature=4 0 4 10 3 5 10 11 8 0 9 10 0 10 10 12 0 9 9 0 12 0 0 8 8 11 8 8 9 8
split_gain=213.94 15.6203 8.35356 8.26224 4.93782 5.40427 4.52097 5.4023 7.00613 4.95122 4.42243 4.21251 15.8467 4.0716 8.96245 6.90399 4.78263 4.57667 6.64081 6.19344 4.12834 7.13104 4.04438 4.00115 3.97764 3.96331 3.88388 3.80298 3.79721 3.79165
threshold=12.500000000000002 38.500000000000007 7.5000000000000009 6.5000000000000009 4.5000000000000009 6.5000000000000009 5.5000000000000009 1.5000000000000002 0.3626692456479691 17.500000000000004 203.89068040780145 5.5000000000000009 19.500000000000004 19.500000000000004 8.5000000000000018 3.5000000000000004 17.500000000000004 240.47593750000001 270.08107971014499 17.500000000000004 8.5000000000000018 23.500000000000004 19.500000000000004 0.059714795008912656 0.19657494145199064 5.5000000000000009 0.21644144144144142 0.088562091503267909 287.21704857030949 0.14670014347202293
decision_type=2 2 2 2 2 2 2 2 2 2 2 2 2 2 2 2 2 2 2 2 2 2 2 2 2 2 2 2 2 2
left_child=1 2 4 -2 11 -6 10 8 9 -8 -4 12 -1 14 15 17 -16 19 -19 -9 25 22 24 -12 -22 -17 -20 -14 -15 -25
right_child=3 -3 6 -5 5 -7 7 13 -10 -11 23 -13 27 28 16 20 -18 18 26 -21 21 -23 -24 29 -26 -27 -28 -29 -30 -31
leaf_value=0.051231999541698076 -0.0030666407207277473 -0.043742445732074128 0.082758300107260707 -0.075201156976752739 -0.0023550833685293624 -0.11809437251462894 0.02123436644528999 -0.025821050930526182 0.057567534447928725 -0.052470891391229915 -0.066373243832866621 0.0087697839436632688 0.05181166058824014 0.030785454664012786 0.022919999123955089 -0.046256281591517533 -0.079176797356874828 -0.11286074359339866 -0.026141585675764981 0.12294020461975488 0.075917134639807121 -0.085566987345314705 0.083657395846028104 0.033507810806968789 -0.042702502970845359 0.047659637503075697 0.072710776769177352 0.010942588881196202 -0.021527172435618816 0.002363570309340134
leaf_weight=128.9075408577919 16.568626314401627 58.819948298856616 7.4189335331320754 381.2570829782635 132.3033180758357 4.1612549424171439 10.658173788338898 3.8530932664871207 7.8541603200137606 62.913034677505493 7.7377103194594374 755.72968183085322 23.711028501391411 53.838351871818304 5.6424199193716076 38.624835282564163 24.557091638445854 3.7116080075502422 6.4349288456141975 10.226977318525313 4.3884289115667396 5.8062567338347426 10.636731043457983 44.781631894409657 7.944664042443037 5.0850089080631724 10.395324409008024 572.78617320209742 18.693357083946466 307.59787806868553
leaf_count=1771 64 1028 55 11665 654 20 69 25 50 464 37 3320 104 321 52 209 423 22 34 58 21 39 56 200 40 30 53 2315 107 1207
internal_value=-0.00441089 0.00713707 0.00845174 -0.0721969 0.0123177 -0.00588436 -0.00104053 -0.0103461 -0.0322091 -0.0417933 0.00633398 0.0139947 0.0194381 -0.0018625 -0.0119866 0.00157952 -0.0601012 0.0383154 0.00821435 0.0822308 -0.0159669 0.0134458 0.038474 0.00475952 -0.000494612 -0.0353305 0.0349153 0.0125672 0.0173031 0.00632149
internal_weight=2733.05 2335.22 2276.4 397.826 1617.6 136.465 658.801 291.264 81.4254 73.5712 367.536 1481.13 725.405 209.839 137.307 107.108 30.1995 34.6219 20.5419 14.0801 72.4859 28.7761 22.9698 360.117 12.3331 43.7098 16.8303 596.497 72.5317 352.38
internal_count=24513 12784 11756 11729 8184 674 3572 2073 583 533 1499 7510 4190 1490 1062 587 475 192 109 83 395 156 117 1444 61 239 87 2419 428 1407
is_linear=0
shrinkage=0.1


Tree=101
num_leaves=31
num_cat=0
split_feature=4 0 10 0 0 0 3 1 9 3 0 10 10 4 8 7 0 0 0 8 12 6 5 10 9 11 1 7 4 6
split_gain=44.3738 9.50354 16.0059 13.6383 6.23349 4.67122 4.65136 3.99192 4.0641 3.76545 5.87273 9.92911 4.02079 3.84527 4.1326 4.8484 4.61383 4.22825 3.75749 3.67493 3.61447 3.52583 3.46906 3.46218 7.19818 3.53411 3.73552 4.36892 5.62297 3.92998
threshold=17.500000000000004 29.500000000000004 18.500000000000004 40.500000000000007 56.500000000000007 54.500000000000007 5.5000000000000009 4.5000000000000009 191.80377406281667 6.5000000000000009 33.500000000000007 18.500000000000004 1.5000000000000002 16.500000000000004 0.18394199785177229 -6.4999999999999991 39.500000000000007 38.500000000000007 43.500000000000007 0.22684391080617491 2.5000000000000004 10.500000000000002 3.5000000000000004 12.500000000000002 121.71866666666666 4.5000000000000009 1.0000000180025095e-35 2.5000000000000004 20.500000000000004 7.5000000000000009
decision_type=2 2 2 2 2 2 2 2 2 2 2 2 2 2 2 2 2 2 2 2 2 2 2 2 2 2 2 2 2 2
left_child=5 -2 3 7 6 9 -4 8 23 -1 21 12 -12 14 16 -16 -13 -17 -8 -15 -19 -11 -18 25 -25 26 -3 28 -28 -29
right_child=1 2 4 -5 -6 -7 18 -9 -10 10 11 13 -14 19 15 17 22 20 -20 -21 -22 -23 -24 24 -26 -27 27 29 -30 -31
leaf_value=0.0079634762351705485 0.010957706158322894 0.11004357590839596 0.044784392715384189 -0.071780244229148138 -0.0711647233301239 -0.070615237980380038 0.023228960378429871 -0.069633672053261916 -0.053274867265569674 0.0051857672577364112 0.077386070381817842 -0.12781118606655356 -0.044044200215740646 0.079412543173221703 0.088732645060918547 0.085271046729544733 0.045696569938802813 -0.061548787206644043 -0.017560196820824239 0.0039571412358493088 0.0021268408533050009 0.089824058019576811 -0.054462341223580318 0.20335515229756887 0.0068107834141743016 -0.05885094951542974 -0.0015614244522858117 -0.035553573672087391 0.19026569399009402 0.10292023882962334
leaf_weight=2765.5279846824706 59.142205089330673 2.5921641029417506 19.501509238034487 120.61244181729853 13.720543239265679 7.8947725407779208 29.725526809692383 17.784130357205868 26.440535727888346 401.00588180869818 2.8179768919944754 5.0700714141130474 84.300169305875897 11.880133770406248 6.4584750682115546 5.0855508744716635 5.4985022768378249 10.965756773948668 94.009549129754305 14.133385702967642 47.656158305704594 4.9830051958560935 9.318637974560259 2.0198110118508366 24.059509761631489 17.942521087825298 4.9063769467174998 34.643239427357912 2.2192638143897057 2.1784136928617945
leaf_count=13160 307 29 80 4368 276 116 130 235 397 1618 12 21 1330 53 26 23 22 50 835 66 188 24 37 16 320 233 57 424 31 29
internal_value=0.00220995 -0.0265301 -0.0319068 -0.0473517 -0.00677503 0.006216 -0.000607176 -0.025492 -0.0187826 0.00639574 -0.000721458 -0.0146005 -0.0401163 0.00455127 -0.00523145 0.00617331 -0.0454696 -0.00219632 -0.0077612 0.0384169 -0.00978426 0.0062246 -0.0172943 -0.00871211 0.0220329 -0.0211467 -0.00661048 -0.0134911 0.0581827 -0.0273613
internal_weight=3854.09 471.498 412.356 255.398 156.957 3382.6 143.237 134.786 117.002 3374.7 609.174 203.185 87.1181 116.067 90.0532 70.1659 19.8872 63.7075 123.735 26.0135 58.6219 405.989 14.8171 90.5613 26.0793 64.482 46.5395 43.9473 7.12564 36.8217
internal_count=24513 7767 7460 6139 1321 16746 1045 1771 1536 16630 3470 1828 1342 486 367 287 80 261 965 119 238 1642 59 1139 336 803 570 541 88 453
is_linear=0
shrinkage=0.1


Tree=102
num_leaves=31
num_cat=0
split_feature=10 4 0 10 0 9 12 9 9 13 9 9 6 12 12 0 2 10 0 8 9 10 0 3 8 7 11 12 12 9
split_gain=98.1216 13.5832 7.17963 5.37644 3.59554 3.39885 3.30998 3.85846 3.65196 3.07091 3.42448 4.15144 3.19853 4.8422 3.03436 2.86861 2.85181 2.84534 12.1272 3.61599 3.46788 4.27474 3.7242 4.60539 4.05582 6.93082 3.68005 8.25096 6.10349 3.73665
threshold=6.5000000000000009 5.5000000000000009 31.500000000000004 22.500000000000004 19.500000000000004 394.49597222222229 4.5000000000000009 513.36481106612689 220.66197916666667 0.43650793650793651 277.57591431556955 172.97646198830412 4.5000000000000009 7.5000000000000009 11.500000000000002 38.500000000000007 1.5000000000000002 20.500000000000004 33.500000000000007 0.3626692456479691 323.47114845938387 22.500000000000004 36.500000000000007 5.5000000000000009 0.28918128654970759 -9.4999999999999982 2.5000000000000004 9.5000000000000018 2.5000000000000004 245.46350609756101
decision_type=2 2 2 2 2 2 2 2 2 2 2 2 2 2 2 2 2 2 2 2 2 2 2 2 2 2 2 2 2 2
left_child=2 3 -1 6 9 17 7 8 -2 -3 11 12 13 -11 15 -4 -8 -6 -19 20 21 22 23 -20 26 -26 27 -24 -28 -30
right_child=1 4 14 -5 5 -7 16 -9 -10 10 -12 -13 -14 -15 -16 -17 -18 18 19 -21 -22 -23 24 -25 25 -27 28 -29 29 -31
leaf_value=-0.075376343957959613 0.085275327575474125 -0.052853468479545057 -0.054165443358342218 -0.077571932954164979 0.0085256164690443639 0.074900579643814399 -0.050740594813307574 0.12988191746635233 -0.012963187095726603 -0.082220258987861033 -0.033117410913516138 0.01730676144822026 0.03347476644372023 0.029799796505557963 0.058497944961188778 0.056741684707015544 -0.0031232756318763325 -0.062104973711164746 -0.056337432731244398 -0.068893318090211195 -0.043015663253657098 0.047696368531066825 0.030915593124028529 0.097830242680580937 0.14992171789760972 0.021831263998312173 -0.052413646693161522 -0.047209708799417209 -0.022751501157487967 0.018075362300661903
leaf_weight=165.63257399108261 4.0566371008753768 14.051620319485663 12.503654517233374 17.055382752791047 3142.5327351801097 7.5147102028131476 38.076148696243763 2.1527147740125647 56.324013490229845 13.479382760822778 30.151613462716341 73.785982578992844 6.0351808555424205 5.4065452292561522 4.6785209476947776 2.8668349087238303 18.781235978007317 29.710337787866592 16.499895341694359 6.5395334586501113 13.665973916649817 25.449485816061497 78.419373899698257 2.1954979896545401 4.8352379351854315 33.430607855319977 25.424109570682049 16.334001034498215 35.934082895517349 59.598521240055561
leaf_count=6854 30 108 248 463 12506 38 485 17 608 70 229 422 30 25 25 26 189 558 211 32 107 174 313 18 20 139 103 70 142 253
internal_value=0.00243551 0.00592409 -0.068535 -0.0250523 0.00708493 0.0077201 -0.0175497 -0.00167285 -0.00636309 -0.00846238 -0.00362168 0.00538825 -0.0298999 -0.0501519 -0.0120162 -0.0334795 -0.0350116 0.00757547 -0.00100372 0.00469904 0.0062426 0.00850062 0.00484232 -0.0382327 0.00801311 0.0380167 0.00269064 0.017448 -0.00886978 0.00271855
internal_weight=3963.12 3777.44 185.682 136.446 3640.99 3498.08 119.391 62.5334 60.3807 142.91 128.859 98.7071 24.9211 18.8859 20.049 15.3705 56.8574 3490.57 348.037 318.326 311.787 298.121 272.671 18.6954 253.976 38.2658 215.71 94.7534 120.957 95.5326
internal_count=24513 17360 7153 1792 15568 14684 1329 655 638 884 776 547 125 95 299 274 674 14646 2140 1582 1550 1443 1269 229 1040 159 881 383 498 395
is_linear=0
shrinkage=0.1


Tree=103
num_leaves=31
num_cat=0
split_feature=4 10 10 0 0 10 7 0 4 2 0 4 0 8 10 0 5 3 4 13 8 11 12 0 9 9 13 8 9 12
split_gain=158.459 20.4549 16.0286 11.8594 5.8211 9.68401 3.97816 3.80264 3.69362 3.51076 3.65908 3.50626 3.47618 4.9477 3.62073 3.69483 3.45298 7.38396 3.59049 4.37732 3.44281 3.38741 3.64881 3.35934 3.2716 3.82215 4.11143 7.36358 3.93595 5.03921
threshold=9.5000000000000018 7.5000000000000009 20.500000000000004 24.500000000000004 57.500000000000007 19.500000000000004 -4.4999999999999991 48.500000000000007 19.500000000000004 8.5000000000000018 29.500000000000004 18.500000000000004 30.500000000000004 0.10582306830907051 18.500000000000004 43.500000000000007 1.0000000180025095e-35 11.500000000000002 15.500000000000002 1.4494949494949496 0.26546556122448989 1.5000000000000002 2.5000000000000004 47.500000000000007 194.34940741921773 189.05013931104364 1.3923076923076925 0.15184453227931485 156.74375000000003 2.5000000000000004
decision_type=2 2 2 2 2 2 2 2 2 2 2 2 2 2 2 2 2 2 2 2 2 2 2 2 2 2 2 2 2 2
left_child=23 -2 3 -3 5 9 -6 -7 -4 12 -11 -12 13 -5 24 21 17 -15 19 -18 -21 22 -16 -1 25 26 -14 -28 29 -29
right_child=1 2 8 4 6 7 -8 -9 -10 10 11 -13 14 16 15 -17 18 -19 -20 20 -22 -23 -24 -25 -26 -27 27 28 -30 -31
leaf_value=-0.072050088305441878 -0.078060318434635428 -0.048449154747197527 -0.065630025241937659 0.11766470385301123 -0.054492037651620466 -0.067016822706347581 0.037987279562895861 -0.014495714460210862 0.053347223466952975 0.11214258007736078 0.078472550864193732 0.016593624238071869 0.010520002213890154 -0.0051474941245670362 0.11139550187671837 0.00088849820880819831 -0.0080438675050317748 0.16902075619480686 -0.034510489322564709 0.029722693360154501 0.21175729454018102 -0.065726279398368351 -0.032178100186405559 0.047446143829755011 0.014646654810339955 -0.010885832026569528 0.066490446380732038 -0.060832231383451424 -0.035646681588144005 0.04352243053965902
leaf_weight=296.17094796709716 28.732568804174662 36.972512740641832 35.980920761823654 2.9643643908202639 4.910025641322135 19.64724962040782 88.341257829219103 46.204112749546766 2.8133189640939227 4.5333883240818968 9.8385187312960607 132.21528612077236 852.69374912977219 11.429782938212155 2.561550050973894 156.02295552194118 25.571501806378368 3.0928492695093146 60.901899479329586 2.6855332069098941 1.6945626363158224 17.075301289558411 5.7291377410292625 2.3714250065386286 825.5045103058219 115.91990274935961 10.637369990348814 6.4972761422395733 58.655635967850685 16.079067215323448
leaf_count=10736 704 719 879 27 25 545 633 358 26 39 37 602 3296 107 21 615 285 22 486 31 18 149 47 38 3270 457 38 22 220 61
internal_value=-0.00211978 0.00584408 0.00678684 0.00776947 0.00860711 0.00765003 0.0331179 -0.0301658 -0.0570019 0.00872234 0.0237017 0.0208793 0.00771311 -0.00974768 0.00862814 -0.00486621 -0.013332 0.0319447 -0.0205693 0.007778 0.100148 -0.0402627 0.0121814 -0.0711009 0.00992599 0.00625132 0.00835445 -0.0117454 -0.0219904 0.0134901
internal_weight=2884.45 2585.91 2557.17 2518.38 2481.41 2388.16 93.2513 65.8514 38.7942 2322.3 146.587 142.054 2175.72 108.34 2067.38 181.389 105.376 14.5226 90.8535 29.9516 4.3801 25.366 8.29069 298.542 1885.99 1060.48 944.563 91.8693 81.232 22.5763
internal_count=24513 13739 13035 12130 11411 10753 658 903 905 9850 678 639 9172 976 8196 832 949 129 820 334 49 217 68 10774 7364 4094 3637 341 303 83
is_linear=0
shrinkage=0.1


Tree=104
num_leaves=31
num_cat=0
split_feature=4 0 10 3 10 10 0 11 0 9 8 1 10 0 12 0 11 8 13 8 8 5 4 8 8 12 9 8 11 9
split_gain=194.206 13.4966 8.17502 7.14543 7.0581 7.29241 6.28531 4.12027 3.88913 3.88178 3.54942 3.45731 6.41112 5.02215 3.89108 3.75576 3.73282 3.71797 3.39389 3.33165 5.58303 3.033 2.98846 2.93821 2.90687 4.1038 4.1821 3.93109 5.58212 5.3536
threshold=12.500000000000002 38.500000000000007 6.5000000000000009 3.5000000000000004 7.5000000000000009 20.500000000000004 17.500000000000004 4.5000000000000009 18.500000000000004 319.72978983382217 0.27622890682318418 1.0000000180025095e-35 21.500000000000004 28.500000000000004 4.5000000000000009 30.500000000000004 1.5000000000000002 0.24165739710789766 1.3923076923076925 0.28345771144278614 0.18624359479700434 3.5000000000000004 4.5000000000000009 0.23956521739130437 0.24807692307692308 11.500000000000002 300.38680555555561 0.12599206349206346 4.5000000000000009 354.06578947368428
decision_type=2 2 2 2 2 2 2 2 2 2 2 2 2 2 2 2 2 2 2 2 2 2 2 2 2 2 2 2 2 2
left_child=1 3 23 -1 8 6 7 18 -5 22 -11 13 -13 -7 15 21 -15 -18 -6 20 -9 -14 -3 -2 25 27 -27 28 -10 -29
right_child=2 9 -4 4 5 11 -8 19 24 10 -12 12 14 16 -16 -17 17 -19 -20 -21 -22 -23 -24 -25 -26 26 -28 29 -30 -31
leaf_value=0.012050508818140009 0.029272020581799299 0.038272863891047296 -0.074890949092234108 0.024940634869567685 0.0042848711535545276 0.10262979863690697 -0.057030063239383935 0.0014486454665346648 -0.0040431474507573659 -0.012200906587829789 0.14780462304031958 0.10575771383419741 0.087396736274102396 -0.072512426168719599 -0.039617171386093233 -0.02273164202273819 0.058873770684731069 -0.03333861308388953 -0.074110428399265557 -0.034247863500472188 0.16537870515955566 0.0021402822062971888 -0.060216600622465324 -0.058109220071884515 0.010566738251057943 0.089445206269409508 0.0014394366064604278 -0.0056580116866106617 0.065846337376951378 -0.045002585626996286
leaf_weight=1403.8463945426047 10.437983654439451 3.3126294910907736 352.38593941647559 88.97267322987318 13.321679625660183 7.2420802861452129 57.226929282769561 4.3761274963617307 37.256331354379654 7.2084870617836696 1.7165340110659597 4.5353091843426219 7.6897755116224316 4.6798406392335918 37.113809805363417 20.3566809669137 12.657716993242504 6.6800150871276847 9.4322449415922147 3.7483255043625823 3.955353207886219 9.1232736706733686 44.028922652825713 6.0951642617583266 247.16496439278126 9.1312315315008181 13.213504679501055 198.11821389943361 16.484707593917847 41.897883512079716
leaf_count=7176 40 34 11665 632 101 24 905 27 158 85 15 38 25 29 179 129 67 39 76 25 26 31 894 24 940 40 52 796 68 173
internal_value=-0.00428368 0.00645683 -0.0716666 0.00766221 0.000451719 -0.0158749 -0.0366443 -0.00315348 0.0055116 -0.0419206 0.0185727 0.00149492 -0.00966588 0.029636 -0.016713 0.00615681 0.00762602 0.02702 -0.0282125 0.0440486 0.0792741 0.041134 -0.053325 -0.00294223 0.00244262 -0.00390975 0.0374032 -0.00705223 0.017395 -0.0125261
internal_weight=2683.41 2314.49 368.919 2258.23 854.379 202.139 92.0607 34.8337 652.24 56.2666 8.92502 110.079 78.8188 31.2597 74.2835 37.1697 24.0176 19.3377 22.7539 12.0798 8.33148 16.813 47.3416 16.5331 563.267 316.102 22.3447 293.757 53.741 240.016
internal_count=24513 12784 11729 11756 4580 1721 1160 255 2859 1028 100 561 402 159 364 185 135 106 177 78 53 56 928 64 2227 1287 92 1195 226 969
is_linear=0
shrinkage=0.1


Tree=105
num_leaves=31
num_cat=0
split_feature=4 0 10 0 0 0 10 1 8 4 9 8 10 12 12 3 9 0 12 11 12 8 9 13 0 12 9 9 9 0
split_gain=38.1103 8.74546 18.9262 8.26579 5.59697 4.41546 23.8141 4.91027 5.34485 4.4446 4.40481 4.06674 6.06077 9.9972 9.36258 4.01131 3.71731 3.52994 5.8397 3.52975 4.95645 6.5074 6.53376 5.49652 5.73236 4.95144 4.46011 6.00184 4.26714 4.18334
threshold=17.500000000000004 33.500000000000007 18.500000000000004 40.500000000000007 56.500000000000007 39.500000000000007 18.500000000000004 1.0000000180025095e-35 0.15831244778613199 8.5000000000000018 169.67195407342405 0.22474489795918368 12.500000000000002 4.5000000000000009 2.5000000000000004 5.5000000000000009 162.93484848484852 37.500000000000007 3.5000000000000004 5.5000000000000009 8.5000000000000018 0.26365441906653431 302.66798717948723 1.083916083916084 17.500000000000004 6.5000000000000009 367.09212454212462 320.93597105508877 264.07706907787559 15.500000000000002
decision_type=2 2 2 2 2 2 2 2 2 2 2 2 2 2 2 2 2 2 2 2 2 2 2 2 2 2 2 2 2 2
left_child=5 -2 3 10 15 19 -7 -8 9 -9 11 12 17 14 -14 -4 -17 -3 -19 29 21 -21 25 26 -25 28 27 -22 -23 -1
right_child=1 2 4 -5 -6 6 7 8 -10 -11 -12 -13 13 -15 -16 16 -18 18 -20 20 23 22 -24 24 -26 -27 -28 -29 -30 -31
leaf_value=-0.0046661582617973695 -0.00018462301811182486 -0.055110266406421082 0.040937378616106135 -0.071244273172983333 -0.070290550242721295 -0.057834586320288185 0.020300242623581634 -0.033752665629831008 -0.0074918598379544307 0.060229339172852073 -0.056022252941078703 -0.034795783288928378 0.051813945110858975 -0.045542411299177285 0.34615584558140478 0.077926331729595039 -0.011225632554664614 -0.079093334273687907 0.15249118327183356 -0.017106478165245218 -0.009007095545911184 0.027323659073426328 -0.014829628849544321 0.12062916645441671 0.02758652412808197 -0.020607678167654964 -0.071836123859075868 0.073456716265406993 0.089994587033955742 0.009970940175788005
leaf_weight=213.79068950004876 108.41364699602127 8.3222139999270457 19.711844228208065 111.5901151644066 12.670321255922316 68.208412623032928 151.1754779368639 6.5414826124906567 228.61044612526894 21.807149343192577 35.567986067384481 26.835535582154989 2.2330248504877082 2.9060318991541862 2.0940978974103928 4.8710598163306704 117.39582746848464 1.8793737888336171 2.5886590592563152 217.76681040786207 40.107647834345698 30.250544872134924 47.158715587109327 8.2066829092800599 34.285680402070284 12.65463302284479 7.8389001116156569 11.3160207811743 16.952967902645469 2252.7255755029619
leaf_count=1346 780 128 80 4368 276 1307 552 23 911 82 630 392 23 39 19 30 934 29 39 1040 192 157 219 53 150 63 53 53 75 10470
internal_value=0.00210507 -0.0249907 -0.0327039 -0.0535047 -0.00660794 0.00578078 -0.00314057 0.00600003 -0.00241315 0.0385429 -0.0294887 -0.00934854 0.0247561 0.0979156 0.19426 -0.000924838 -0.00767386 -0.0166172 0.0550806 0.00724969 -0.00114987 -0.00718362 0.0130082 0.0181088 0.0455561 0.0349401 -0.00157151 0.00913946 0.0498317 0.00870224
internal_weight=3826.48 457.08 348.666 194.017 154.649 3369.4 476.343 408.135 256.959 28.3486 82.4269 46.8589 20.0234 7.23315 4.32712 141.979 122.267 12.7902 4.46803 2893.05 426.539 324.784 107.017 101.755 42.4924 59.8581 59.2626 51.4237 47.2035 2466.52
internal_count=24513 7767 6987 5667 1320 16746 2875 1568 1016 105 1299 669 277 81 42 1044 964 196 68 13871 2055 1554 514 501 203 295 298 245 232 11816
is_linear=0
shrinkage=0.1


Tree=106
num_leaves=31
num_cat=0
split_feature=10 4 0 10 7 0 12 11 12 6 8 7 8 8 2 11 9 7 9 13 8 9 8 2 2 9 9 9 12 0
split_gain=88.433 11.5799 7.16681 5.20527 3.1746 3.11435 4.05292 5.86372 5.71679 7.34834 7.06823 6.77754 6.59707 5.60899 5.28733 5.24728 5.96729 4.61083 4.21438 3.44419 3.42871 3.41284 3.18608 3.03384 2.99162 3.00175 3.12355 3.16485 2.87575 2.84922
threshold=6.5000000000000009 5.5000000000000009 31.500000000000004 22.500000000000004 1.0000000180025095e-35 22.500000000000004 10.500000000000002 2.5000000000000004 2.5000000000000004 2.5000000000000004 0.15319426336375488 -1.0000000180025095e-35 0.34833164812942369 0.28345771144278614 3.5000000000000004 1.5000000000000002 264.07706907787559 2.5000000000000004 191.80377406281667 0.94987468671679209 0.059714795008912656 287.21704857030949 0.13976744186046514 3.5000000000000004 1.0000000180025095e-35 237.85302631578949 318.48066603535364 350.68837991718436 6.5000000000000009 36.500000000000007
decision_type=2 2 2 2 2 2 2 2 2 2 2 2 2 2 2 2 2 2 2 2 2 2 2 2 2 2 2 2 2 2
left_child=2 3 -1 4 29 6 8 21 9 -3 11 -10 -12 -9 22 16 -11 -17 -19 -14 -7 -8 -13 -4 -6 -26 -27 -28 -16 -2
right_child=1 5 23 -5 24 20 7 13 10 15 12 14 19 -15 28 17 -18 18 -20 -21 -22 -23 -24 -25 25 26 27 -29 -30 -31
leaf_value=-0.075146858799626612 -0.033281473643436248 -0.029373757399634423 -0.02751328061613317 -0.077374264078356944 -0.083922163731994251 0.085252782127158006 -0.053240646904418293 0.10184828808186758 -0.073179834149950079 0.15736854459128435 -0.035816515390608636 0.1072189019774334 -0.035572037799330485 -0.013609396587888798 0.031241472762964208 -0.007872530075105761 0.0073348656637543634 0.0045745122694597099 0.12212020863338216 0.044860050118127652 0.0073420225305129583 0.052318175242635781 0.0086630995192740461 0.082368939748087636 0.136540771253789 -0.038210456049940479 0.11273803822814538 0.0097101429728995575 -0.051192415641303862 0.012622111772173851
leaf_weight=152.18235878832638 74.646242834627628 22.061757531017065 16.688616726547483 15.773067120462654 2.7511268891394165 5.6581162177026263 9.6208788044750673 13.216729521751406 6.5071168057620516 6.9662320204079133 124.89491313323379 11.692890189588072 7.658165235072377 6.1728048622608176 11.595561169087889 20.54589220136404 4.2794436700642109 5.5245093405246717 6.8100466728210449 17.466326721012592 3335.7974682897329 4.4933339096605769 4.5590635500848284 2.9580582901835433 2.2347455807030228 7.2960490249097374 4.393480632454156 9.2777370922267419 6.6640935838222495 16.512997750192881
leaf_count=6854 982 110 269 463 26 20 43 67 50 34 639 68 41 32 42 114 27 20 22 96 14066 28 25 30 20 60 35 62 24 144
internal_value=0.00234767 0.00554945 -0.0678089 -0.0234448 -0.0161814 0.00661022 -0.00331689 0.0293983 -0.00757806 0.0177493 -0.0163531 0.0204325 -0.0264111 0.0650915 0.038083 0.0413094 0.100275 0.0211423 0.0694728 0.0203436 0.00747395 -0.0196354 0.0795716 -0.0109691 0.0146752 0.0263662 0.0146235 0.0428199 0.00115618 -0.0249663
internal_weight=3936.9 3765.07 171.829 132.885 117.112 3632.19 290.73 33.5037 257.226 66.1879 191.038 41.0187 150.019 19.3895 34.5116 44.1261 11.2457 32.8804 12.3346 25.1245 3341.46 14.1142 16.252 19.6467 25.9531 23.202 20.9673 13.6712 18.2597 91.1592
internal_count=24513 17360 7153 1792 1329 15568 1482 170 1312 327 985 209 776 99 159 217 61 156 42 137 14086 71 93 299 203 177 157 97 66 1126
is_linear=0
shrinkage=0.1


Tree=107
num_leaves=31
num_cat=0
split_feature=4 10 10 0 1 0 10 3 8 10 8 12 12 9 4 5 2 0 4 13 10 11 6 12 12 9 7 11 9 4
split_gain=143.532 18.5695 14.2406 10.3796 5.3255 4.75426 4.89753 4.8023 9.34151 4.70724 4.53051 3.43716 5.33785 4.095 3.39374 3.29096 3.69084 3.16919 3.12538 3.70325 3.26717 2.94464 6.73539 8.30778 9.32589 7.34119 11.8199 6.74979 5.87942 5.61895
threshold=9.5000000000000018 7.5000000000000009 20.500000000000004 24.500000000000004 1.0000000180025095e-35 54.500000000000007 19.500000000000004 10.500000000000002 0.27100988700564976 18.500000000000004 0.21483516483516482 5.5000000000000009 8.5000000000000018 239.62694122694128 19.500000000000004 2.5000000000000004 2.5000000000000004 47.500000000000007 10.500000000000002 1.9285714285714286 15.500000000000002 3.5000000000000004 5.5000000000000009 4.5000000000000009 6.5000000000000009 216.87142547928264 -1.4999999999999998 4.5000000000000009 199.54670849245323 23.500000000000004
decision_type=2 2 2 2 2 2 2 2 2 2 2 2 2 2 2 2 2 2 2 2 2 2 2 2 2 2 2 2 2 2
left_child=17 -2 3 -3 9 6 18 8 10 -5 11 13 -13 -7 -4 16 -11 -1 -6 21 -21 -20 -23 29 -25 26 27 -26 -29 -24
right_child=1 2 14 4 5 7 -8 -9 -10 15 -12 12 -14 -15 -16 -17 -18 -19 19 20 -22 22 23 24 25 -27 -28 28 -30 -31
leaf_value=-0.071533502429606641 -0.07780743152635855 -0.046800066322863772 -0.064533335393363089 -0.00072400082316745025 0.06481915209596753 0.051315816904657169 -0.029752410509531604 0.038776850059807855 -0.05795951778119688 -0.036322183041419535 0.056147405282096635 -0.16025073171371521 0.011345424693686025 -0.073822716047068082 0.048091614959698763 -0.054245244967600893 0.13502960470907244 0.042287123626686164 0.0054478925345037201 -0.0040514489512254405 -0.097707055989003602 0.00057574199596897933 0.00052874964297316659 0.057060991404868033 0.018171266935739495 0.051282383002009213 0.023469909568706874 -0.11684857143654542 -0.019405296900045402 0.041629330562542824
leaf_weight=273.88689120765775 26.587442817166448 35.215032633394003 33.81477933563292 174.55481779575348 9.8434794321656209 11.254920993000271 33.832536213099957 103.82367178797722 17.657234143465757 3.1644721888005725 25.299701478332281 3.142427369952201 4.2843916080892086 3.4064696952700606 2.9054111130535594 29.236039076000452 2.0854437910020351 2.4683285281062117 1171.2292615398765 9.7157270535826665 6.0406880080699912 284.77667947858572 228.86673351749778 92.907084718346596 12.919693991541861 53.371018461883068 123.46494381129742 13.142406500875952 11.708349101245402 38.919247224926949
leaf_count=10736 704 719 879 727 65 78 564 836 106 42 154 20 28 22 26 313 13 38 4806 44 27 1253 901 386 49 210 486 54 45 182
internal_value=-0.00204066 0.00533079 0.00620083 0.00710749 0.00787648 0.00928918 0.00798556 0.0254291 0.0041236 -0.00739395 0.0272564 -0.00583512 -0.0612601 0.0222408 -0.0556221 -0.0411547 0.0317445 -0.0705169 0.00860629 0.00833598 -0.0399571 0.00871058 0.0131536 0.0193798 0.0305937 0.0191355 0.00849443 -0.0404578 -0.0709385 0.00650219
internal_weight=2843.53 2567.17 2540.58 2503.86 2468.65 2259.61 2090.74 168.869 65.0451 209.041 47.3879 22.0882 7.42682 14.6614 36.7202 34.486 5.24992 276.355 2056.91 2047.06 15.7564 2031.31 860.076 575.299 307.513 214.606 161.235 37.7704 24.8508 267.786
internal_count=24513 13739 13035 12130 11411 10316 9072 1244 408 1095 302 148 48 100 905 368 55 10774 8508 8443 71 8372 3566 2313 1230 844 634 148 99 1083
is_linear=0
shrinkage=0.1


Tree=108
num_leaves=31
num_cat=0
split_feature=4 0 10 4 0 8 3 2 6 8 3 8 7 9 8 6 5 0 10 12 11 6 0 5 10 8 13 8 11 12
split_gain=176.399 12.1572 8.08602 7.26204 5.96512 4.08215 4.03793 3.97031 3.86816 3.82214 3.49189 3.75794 3.95508 4.5799 5.2445 4.11945 3.16153 3.09217 8.04878 4.97527 4.99035 3.34277 4.60805 4.54238 5.21424 5.32228 3.52258 3.90033 4.29887 4.75485
threshold=12.500000000000002 41.500000000000007 6.5000000000000009 7.5000000000000009 33.500000000000007 0.054093567251461951 4.5000000000000009 6.5000000000000009 15.500000000000002 0.12034482758620692 2.5000000000000004 0.32037735849056609 -2.4999999999999996 287.21704857030949 0.20948987246811704 9.5000000000000018 2.5000000000000004 15.500000000000002 5.5000000000000009 10.500000000000002 1.0000000180025095e-35 6.5000000000000009 23.500000000000004 2.5000000000000004 5.5000000000000009 0.21294035577258458 1.4833333333333336 0.28989813242784385 1.0000000180025095e-35 4.5000000000000009
decision_type=2 2 2 2 2 2 2 2 2 2 2 2 2 2 2 2 2 2 2 2 2 2 2 2 2 2 2 2 2 2
left_child=1 3 -2 5 7 -1 8 10 17 -6 11 12 15 14 -14 16 -5 18 -7 -20 -21 23 -23 24 -19 -26 27 28 29 -24
right_child=2 -3 -4 4 9 6 -8 -9 -10 -11 -12 -13 13 -15 -16 -17 -18 21 19 20 -22 22 26 -25 25 -27 -28 -29 -30 -31
leaf_value=0.046335864359822967 -0.0027825707658679106 -0.058152327553250942 -0.074584004471730664 0.033221203802710784 0.063925069258937664 0.071247102857646197 -0.0070356001769792294 -0.090801595722248551 0.10412164461488721 -0.038569369111091954 -0.00091468034184670726 -0.042065576022299038 -0.12739483057432452 0.042704765577822351 0.019300367585270269 -0.017428971118603472 0.1132000271050792 0.018437840035083322 0.01949256180737487 0.046303038764504312 -0.074449325258104382 0.033887800618506402 0.014836195760224056 -0.0066896022676549149 -0.019607507406635673 0.011255290585470088 -0.0066167516006703222 -0.0056239746780016933 0.017497906561621417 0.10291108347592762
leaf_weight=30.789073042571545 16.477543912827969 29.330130185931921 325.84994733240455 8.1209675073623711 3.8867796100676051 28.715436734259129 133.99133180454373 4.6899221800267687 4.4576782621443263 56.926052821800113 539.41281444951892 7.2538347877562037 4.4303165599703807 13.704020820558069 5.4168975837528706 5.227509267628192 12.628154326230286 310.16181475296617 163.42257683724165 4.8800566121935871 11.458548121154307 106.87994583696127 11.395570587366821 234.73924682661891 94.761782824993134 136.16734606027603 92.135798797011375 61.943968806415796 167.9078866019845 13.264527615159748
leaf_count=190 64 611 11665 35 30 549 672 80 19 720 2757 34 24 57 25 24 58 1783 717 19 53 677 49 1173 454 627 366 249 676 56
internal_value=-0.00415887 0.00581691 -0.0711279 0.00664389 -0.00217313 0.0102742 0.00956984 0.000847387 0.0111125 -0.0320186 0.00156834 0.0251564 0.0350017 0.00532353 -0.0466986 0.0619089 0.0818972 0.0108242 0.0220854 0.0142322 -0.0383827 0.00891445 0.0157346 0.00492758 0.00996741 -0.00140926 0.0101376 0.0162028 0.0232239 0.0622112
internal_weight=2640.43 2298.1 342.327 2268.77 661.697 1607.07 1576.28 600.884 1442.29 60.8128 596.195 56.7817 49.5279 23.5512 9.84721 25.9766 20.7491 1437.83 208.477 179.761 16.3386 1229.36 453.528 775.83 541.091 230.929 346.648 254.512 192.568 24.6601
internal_count=24513 12784 11729 12173 3844 8329 8139 3094 7467 750 3014 257 223 106 49 117 93 7448 1338 789 72 6110 2073 4037 2864 1081 1396 1030 781 105
is_linear=0
shrinkage=0.1


Tree=109
num_leaves=31
num_cat=0
split_feature=4 0 10 0 0 3 0 10 10 11 9 9 1 11 5 8 9 8 3 8 1 11 2 9 7 13 8 8 13 13
split_gain=32.7488 11.3571 10.8074 6.84638 6.23699 5.11199 5.56147 4.94978 6.19661 4.92237 4.90418 4.31103 4.12313 5.82906 6.89102 4.81762 4.65447 4.56162 4.05186 12.2035 3.91882 3.89301 6.02878 7.0627 4.0273 3.8717 4.18101 3.82467 4.10327 3.80094
threshold=18.500000000000004 33.500000000000007 18.500000000000004 41.500000000000007 48.500000000000007 7.5000000000000009 28.500000000000004 1.5000000000000002 18.500000000000004 5.5000000000000009 165.88075633773312 164.00866330227745 2.5000000000000004 4.5000000000000009 1.5000000000000002 0.27953488372093027 224.19538824538827 0.31957446808510642 8.5000000000000018 0.20483682983682983 1.0000000180025095e-35 1.5000000000000002 5.5000000000000009 130.06276709401712 5.5000000000000009 1.4833333333333336 0.19538706256627789 0.32173123486682814 1.1791443850267382 0.88194444444444453
decision_type=2 2 2 2 2 2 2 2 2 2 2 2 2 2 2 2 2 2 2 2 2 2 2 2 2 2 2 2 2 2
left_child=5 9 3 10 25 -1 12 -8 -9 21 18 -6 13 15 -15 -7 -14 -17 19 -3 -10 24 23 -23 -2 26 -4 28 -26 -16
right_child=1 2 4 -5 11 6 7 8 20 -11 -12 -13 16 14 29 17 -18 -19 -20 -21 -22 22 -24 -25 27 -27 -28 -29 -30 -31
leaf_value=0.0065661443452632784 -0.075744637397017547 0.26805228544363374 0.043533310787948531 -0.072887677606583448 0.14088964531662762 -0.011613839576292159 0.092409386310555994 -0.032433090365418943 0.05074893318706071 -0.062560074544283376 -0.059851973840712627 -0.042736960946725383 0.0048766328022151499 0.10581614953360802 -0.03201391609123682 0.093362236269925819 -0.038568404859635017 0.0085077943701829598 -0.019891258362491355 -0.047748847814312489 -0.00705829637741405 0.14537056410389884 -0.008025405458136934 0.03066825833751079 -0.0019877506154782568 0.081534003761870824 -0.016900540707718351 -0.091669421499387366 0.11273987118124584 0.057223798896373856
leaf_weight=2978.8519018795341 7.9913684576749828 2.0026262551546088 15.639254670590161 84.669531002640724 1.3095691446214903 56.566232584416866 4.1189853847026816 127.32861577160656 13.870453275740145 9.4122591800987703 32.761656126007438 53.936064369976521 90.690829835832119 14.661406666040419 9.1171957850456256 9.9855373352766055 33.869228214025497 17.331083744764328 35.185783576220274 3.1457867845892906 75.891556404531002 7.5105032846331623 21.45499299839139 18.819511786103249 11.588454429060222 6.3475303724408141 42.71390849724412 3.1560736745595923 4.2646507434546939 10.017234429717062
leaf_count=14523 63 25 91 3742 13 203 16 1883 60 87 655 755 337 55 33 34 124 62 556 47 373 33 158 155 75 32 241 20 27 35
internal_value=0.00203769 -0.0265771 -0.0363311 -0.053532 -0.0137068 0.00504613 -0.00472386 -0.0161873 -0.0182477 0.00559508 -0.0311117 -0.0383842 0.00574439 0.0191669 0.0542304 0.00504001 -0.00693654 0.0395262 -0.00776732 0.0750913 0.00187435 0.0141729 0.0313233 0.0633865 -0.0161796 0.00736437 -0.00070364 0.00886129 0.0288752 0.0147037
internal_weight=3804.21 361.91 277.712 157.765 119.946 3442.3 463.448 221.21 217.091 84.1978 73.0959 55.2456 242.239 117.679 33.7958 83.8829 124.56 27.3166 40.3342 5.14841 89.762 74.7856 47.785 26.33 27.0005 64.7007 58.3532 19.0092 15.8531 19.1344
internal_count=24513 6775 6157 5025 1132 17738 3215 2332 2316 618 1283 768 883 422 123 299 461 96 628 72 433 531 346 188 185 364 332 122 102 68
is_linear=0
shrinkage=0.1


Tree=110
num_leaves=31
num_cat=0
split_feature=10 4 0 10 12 9 10 9 0 12 12 11 9 8 12 9 8 2 9 0 8 5 0 8 7 11 12 9 10 5
split_gain=80.1262 9.90969 7.13607 4.99389 3.00165 3.16744 2.95109 3.92064 3.26552 2.94273 3.21017 3.50938 2.81047 2.69864 2.66336 2.63832 2.61867 2.70703 2.57752 2.70114 2.61352 5.85384 3.37712 3.12592 7.24131 3.0776 2.50706 2.41801 3.59435 4.84283
threshold=6.5000000000000009 5.5000000000000009 31.500000000000004 22.500000000000004 4.5000000000000009 513.36481106612689 7.5000000000000009 398.16666666666669 24.500000000000004 6.5000000000000009 7.5000000000000009 4.5000000000000009 220.66197916666667 0.47213622291021667 11.500000000000002 313.61791478978984 0.42462121212121212 1.5000000000000002 324.78951612903234 36.500000000000007 0.26546556122448989 1.5000000000000002 15.500000000000002 0.18624359479700434 -1.4999999999999998 1.5000000000000002 7.5000000000000009 327.30582908885123 21.500000000000004 1.5000000000000002
decision_type=2 2 2 2 2 2 2 2 2 2 2 2 2 2 2 2 2 2 2 2 2 2 2 2 2 2 2 2 2 2
left_child=2 3 -1 4 5 12 8 13 9 -3 -11 -12 -2 27 -4 -13 17 -6 19 -14 22 -22 -20 24 -24 -25 -10 -8 29 -29
right_child=1 6 14 -5 16 -7 7 -9 26 10 11 15 18 -15 -16 -17 -18 -19 20 -21 21 -23 23 25 -26 -27 -28 28 -30 -31
leaf_value=-0.074923833207481874 0.073275424811762691 -0.048230684036555879 -0.031399751587962023 -0.077179793867541424 -0.052608443884271876 0.11630845645624691 0.0068336599788212833 0.091289384760466594 0.090174339632535516 0.10721263209542525 -0.054812017199646762 -0.0045103448773321404 -0.049312193266579346 -0.056156566289706528 0.054590253565025948 0.1566957266763743 0.088404594653538809 -0.0046111266539963806 -0.08045080889738486 0.020126511482991036 0.11772267145850238 -0.051672732272865535 0.20163678451880929 0.056251416883977917 -0.027086488540007295 -0.086216342675587088 -0.025073366946344339 -0.047980878072633036 -0.066460866227945073 0.022113616959563626
leaf_weight=140.48289278894663 4.3298469334840766 27.493234973400831 14.667541746050121 14.539566483348606 34.362557664513588 2.2622156366705886 3509.0013531334698 5.4473936110734931 4.4881244227290145 2.6350834146141997 7.7434486821293813 2.6153403669595718 21.203968226909641 6.8853832185268393 4.7743694037199012 1.6593701429665086 1.7430296093225468 17.856862541288137 4.8981119357049527 7.6134459301829329 5.6546082422137243 3.1914153583347797 2.4484189972281456 2.5042107068002224 3.1845480687916261 3.8434688486158848 3.2575914636254311 14.939035810530184 10.661990106105803 28.972835600376129
leaf_count=6854 30 337 274 463 474 17 14643 24 28 29 100 31 290 24 25 15 18 182 69 62 38 39 27 19 27 37 22 59 142 114
internal_value=0.00225691 0.00520899 -0.0670655 -0.0219578 -0.0149819 0.000190436 0.00618031 0.0065173 -0.0179724 -0.02894 0.00725439 -0.0146623 -0.00427151 0.00638796 -0.0102831 0.0580671 -0.0321707 -0.0361954 -0.0104276 -0.0309668 0.0125808 0.0566092 -0.0104942 0.0181066 0.0723301 -0.0300117 0.041705 0.00650881 -0.0143787 -0.00173288
internal_weight=3915.36 3755.44 159.925 129.636 115.097 61.1343 3625.8 3575.91 49.8922 42.1465 14.6532 12.0182 58.872 3570.46 19.4419 4.27471 53.9624 52.2194 54.5422 28.8174 25.7248 8.84602 16.8788 11.9806 5.63297 6.34768 7.74572 3563.58 54.5739 43.9119
internal_count=24513 17360 7153 1792 1329 655 15568 15006 562 512 175 146 638 14982 299 46 674 656 608 352 256 77 179 110 54 56 50 14958 315 173
is_linear=0
shrinkage=0.1


Tree=111
num_leaves=31
num_cat=0
split_feature=4 10 10 0 1 0 8 8 13 9 8 4 13 0 0 9 10 0 4 12 9 9 9 7 13 8 9 10 3 12
split_gain=130.275 16.8787 12.5566 9.38287 4.71564 4.34071 4.1921 5.11542 4.56488 3.46324 3.34955 3.3258 3.5539 3.26161 3.19846 4.41309 3.659 5.08656 3.52446 3.41078 10.4991 8.4418 6.54647 5.88563 4.12892 5.48191 7.00588 4.03923 3.72915 3.90952
threshold=9.5000000000000018 7.5000000000000009 20.500000000000004 21.500000000000004 1.0000000180025095e-35 61.500000000000007 0.26726190476190476 0.2561121049493143 1.1791443850267382 202.50264447884419 0.29198717948717956 10.500000000000002 1.9285714285714286 41.500000000000007 31.500000000000004 317.10425000000004 17.500000000000004 52.500000000000007 29.500000000000004 9.5000000000000018 121.71866666666666 235.88838778953831 150.01174012158057 11.500000000000002 1.1622807017543864 0.15954545454545457 193.04488854057823 9.5000000000000018 6.5000000000000009 1.5000000000000002
decision_type=2 2 2 2 2 2 2 2 2 2 2 2 2 2 2 2 2 2 2 2 2 2 2 2 2 2 2 2 2 2
left_child=-1 -2 3 -3 6 11 7 8 -5 -8 -7 -6 14 -9 15 19 17 18 -16 22 -21 -22 -13 24 -24 26 -26 -23 -27 -30
right_child=1 2 -4 4 5 10 9 13 -10 -11 -12 12 -14 -15 16 -17 -18 -19 -20 20 21 27 23 -25 25 28 -28 -29 29 -31
leaf_value=-0.069924881941659259 -0.077587629059368945 -0.071395568508378526 -0.054104334963180449 -0.0095951605428100835 0.059789517209355658 0.060043072427162753 -0.005627464141812321 0.011671563935447176 0.057637869704974566 -0.054721328963583761 -0.048535929677731925 -0.051860419476379142 -0.039080212780472447 0.11249514802670701 0.0094034088320579332 0.12975766194839866 0.0010670245925400081 0.035867434168597882 0.058645060310939329 0.21333258378078634 -0.024187573636623914 0.22182450295400935 -0.024339492924550392 0.097416466551094996 0.26194275712116505 0.07955492742653085 0.0055394323031403006 0.0231551368723826 0.084714188688584727 -0.029801574783859849
leaf_weight=256.53223770018667 24.604093653149903 15.378617051988838 34.694319689646363 127.75959846004844 12.234894126653669 24.635770197957758 28.466733103618026 6.4654226340353471 10.965420659631489 29.014771999791265 3.2115314826369277 34.658893577754498 16.253523835912347 6.3694551419466734 1496.9070442542434 2.3602015934884539 461.98464784771204 79.277493514120579 14.677941441535948 2.6560443490743664 19.333174493163828 2.2925438173115245 54.268542774021626 5.7102928534150115 2.0117993764579287 5.4140861667692688 2.2659010328352451 1.8485747464001177 3.5092757232487228 19.811652164906263
leaf_count=10774 704 330 905 682 111 192 140 30 51 187 25 301 85 35 5513 29 2409 836 82 20 169 26 510 33 19 46 27 17 33 192
internal_value=-0.0019986 0.00483741 0.00564076 0.0064733 0.00695727 0.00828341 -0.00741374 0.00130736 -0.00428077 -0.0304084 0.047521 0.00779506 0.00750918 0.0617064 0.00785198 -0.00594531 0.00890142 0.0111765 0.00988156 -0.00802805 0.0248885 0.00356662 -0.0147661 -0.00094073 -0.00737566 0.0205107 0.126126 0.133139 0.00478803 -0.0125695
internal_weight=2805.57 2549.04 2524.44 2489.74 2474.37 2265.32 209.041 151.56 138.725 57.4815 27.8473 2237.48 2225.24 12.8349 2208.99 156.141 2052.85 1590.86 1511.58 153.781 26.1303 23.4743 127.65 92.9916 87.2813 33.0127 4.2777 4.14112 28.735 23.3209
internal_count=24513 13739 13035 12130 11800 10675 1125 798 733 327 217 10458 10347 65 10262 1422 8840 6431 5595 1393 232 212 1161 860 827 317 46 43 271 225
is_linear=0
shrinkage=0.1


Tree=112
num_leaves=31
num_cat=0
split_feature=4 0 2 10 10 0 9 9 0 11 11 0 10 9 12 9 4 0 10 10 10 8 9 5 13 0 8 9 12 9
split_gain=160.593 14.2178 5.93189 7.17239 6.50459 4.86859 4.46651 3.9482 3.73796 4.45338 3.61919 4.35278 9.6164 5.08677 4.09907 6.0567 4.12881 4.07568 3.53287 7.5285 6.13514 5.21713 4.53497 5.17135 7.20862 4.11304 3.61203 3.5306 3.54968 4.5824
threshold=13.500000000000002 38.500000000000007 2.5000000000000004 7.5000000000000009 19.500000000000004 18.500000000000004 259.78658186150835 319.72978983382217 15.500000000000002 2.5000000000000004 5.5000000000000009 16.500000000000004 5.5000000000000009 448.9585294117648 10.500000000000002 299.36122922776156 9.5000000000000018 20.500000000000004 5.5000000000000009 20.500000000000004 8.5000000000000018 0.2956145966709347 344.52549206349209 1.5000000000000002 0.78888888888888908 22.500000000000004 0.091750841750841708 371.69427497789576 5.5000000000000009 421.79588235294119
decision_type=2 2 2 2 2 2 2 2 2 2 2 2 2 2 2 2 2 2 2 2 2 2 2 2 2 2 2 2 2 2
left_child=1 2 10 5 8 -4 -6 -3 9 -5 11 12 -1 18 16 -16 -12 -15 -13 20 21 26 23 25 -25 -23 -20 -7 29 -29
right_child=-2 7 3 4 6 27 -8 -9 -10 -11 14 13 -14 17 15 -17 -18 -19 19 -21 -22 22 -24 24 -26 -27 -28 28 -30 -31
leaf_value=0.069083999454734993 -0.074139751863489062 -0.054372921146007107 0.034081532873988053 -0.070164649073694324 0.039889830656681315 0.0027548934018346563 -0.018603484288565758 0.017541924525427233 -0.054607696021381026 0.040434026940782158 0.02710125017053901 0.010282431401408852 0.011113799948719296 0.010348737946699382 0.04223389410888001 -0.05458461296465375 -0.035639762881018222 -0.065601778044506398 0.039405803974577554 0.009990346063895086 -0.074644884375371132 0.06377391498235499 0.059289093035508125 0.023739953791037858 -0.095721676854058205 -0.041345447328053758 -0.022183052492874323 -0.094257419205552778 0.0087762376865251311 0.011101978544608379
leaf_weight=33.503638353198767 290.19707564543933 50.442196423187852 45.939143907278776 5.7183269858360282 19.985385892912745 282.48321363702416 37.641808554530144 8.9956100694835168 58.906265780329704 10.020764306187628 218.67781999707222 700.26108442619443 196.13694975525141 11.522207748144867 10.567287785932423 16.628936409950256 11.017122363671659 18.266467280685902 10.139240957796572 302.96202780492604 15.476080993190406 13.815183840692045 17.348247781395912 9.8856365643441695 10.328901965171097 5.094871684908866 156.52729818969965 12.714211151003843 12.448353633284567 6.1127538233995429
leaf_count=678 11110 1186 329 41 120 1116 195 104 1021 64 1083 3412 888 86 56 90 82 73 44 1371 247 64 84 45 49 24 726 49 52 24
internal_value=-0.00402399 0.00478605 0.00606125 -0.00364502 -0.0235562 0.00367696 0.00168228 -0.043489 -0.0430406 0.000251314 0.00877727 0.00690045 0.0195714 0.00461223 0.0197454 -0.0169651 0.0240919 -0.0362243 0.0055918 -0.000473206 -0.0137584 -0.00953558 0.0167327 -0.00213719 -0.0373006 0.035452 -0.0184363 -0.000774749 -0.032655 -0.0600492
internal_weight=2599.76 2309.57 2250.13 491.97 132.273 359.698 57.6272 59.4378 74.6454 15.7391 1758.16 1501.27 229.641 1271.63 256.891 27.1962 229.695 29.7887 1241.84 541.577 238.615 223.139 56.4728 39.1246 20.2145 18.9101 166.667 313.759 31.2753 18.827
internal_count=24513 13403 12113 3011 1441 1570 315 1290 1126 105 9102 7791 1566 6225 1311 146 1165 159 6066 2654 1283 1036 266 182 94 88 770 1241 125 73
is_linear=0
shrinkage=0.1


Tree=113
num_leaves=31
num_cat=0
split_feature=4 0 10 0 0 0 9 9 11 3 0 10 10 8 12 12 0 11 6 13 9 12 13 9 12 8 10 11 11 5
split_gain=28.2715 10.1441 10.2068 6.87279 5.53506 4.93094 4.87836 4.62547 4.38497 4.07078 4.40088 4.67987 5.67538 3.99651 8.52613 4.51658 4.4991 3.76955 3.76813 7.93068 3.68757 4.09797 4.55162 3.78518 6.6786 6.4123 5.26904 5.07637 4.83448 4.99183
threshold=18.500000000000004 33.500000000000007 18.500000000000004 41.500000000000007 48.500000000000007 54.500000000000007 160.89314814814819 165.88075633773312 5.5000000000000009 7.5000000000000009 28.500000000000004 18.500000000000004 3.5000000000000004 0.18561584840654602 3.5000000000000004 7.5000000000000009 42.500000000000007 4.5000000000000009 5.5000000000000009 0.5634920634920636 191.80377406281667 2.5000000000000004 1.3798076923076925 162.93484848484852 3.5000000000000004 0.27100988700564976 12.500000000000002 2.5000000000000004 1.5000000000000002 2.5000000000000004
decision_type=2 2 2 2 2 2 2 2 2 2 2 2 2 2 2 2 2 2 2 2 2 2 2 2 2 2 2 2 2 2
left_child=5 8 3 7 -4 9 -6 18 -2 17 -11 12 -12 14 16 -16 -13 -1 -3 -20 21 -14 23 24 -23 26 27 -25 -27 -30
right_child=1 2 4 -5 6 -7 -8 -9 -10 10 11 13 20 -15 15 -17 -18 -19 19 -21 -22 22 -24 25 -26 28 -28 -29 29 -31
leaf_value=0.0085575478539546192 0.013113799048475162 -0.038310124264237633 0.0069861716474762959 -0.072480143606666408 0.16511056137251323 -0.070714987259086898 -0.041048990571458964 -0.058519891957562159 -0.060940208519918708 0.0053643582336729521 0.065969113595705176 0.11031650465109261 -0.064863787104233628 0.01578579082642316 -0.15506746591377857 -0.033837107007551312 -0.026135462524399206 0.0007186298349765582 0.23937825088847214 0.0051443662244667907 -0.048391916499297277 0.087708495387094354 -0.082322700852398539 0.19688949468581607 -0.059899812807264155 -0.027392184694235738 -0.04688572321060136 0.0086463786973639094 0.024117215788545015 0.22165186273020521
leaf_weight=2099.6339971274137 75.080108217895031 19.537803625687957 64.759164154529572 78.108868462964892 1.1736208535730828 8.6426374055445176 52.175228703767061 30.852511858567595 8.948997247964142 242.1481540389359 6.2914951294660559 4.4854100644588488 12.201507994905112 65.782546788454056 5.5729941427707654 6.8511993996798992 5.2384543269872665 866.65701046027243 1.5661302171647573 18.762825665995479 62.157634525559843 4.047476306557658 5.817591004073619 2.1377488858997848 12.630782414227722 1.8605507351458062 9.2345226621255261 4.3428205363452435 1.8918071836233137 3.9513104669749737
leaf_count=10243 531 318 364 3742 11 158 757 655 87 883 24 17 176 308 24 32 26 4209 24 286 1058 34 74 22 133 28 173 43 24 49
internal_value=0.00195889 -0.0250743 -0.0346129 -0.0520325 -0.0126625 0.00472371 -0.0365137 -0.0294483 0.00522714 0.00491419 -0.00387517 -0.0143058 -0.0266176 0.00341542 -0.0333262 -0.0882162 0.0368069 0.00626726 -0.00695003 0.0231896 -0.0314608 -0.0133522 0.000336611 0.0123295 -0.0240783 0.0382582 0.00162154 0.0707422 0.112995 0.157697
internal_weight=3782.54 350.965 266.936 148.828 118.108 3431.58 53.3488 70.7193 84.0291 3422.94 456.644 214.496 126.565 87.9306 22.1481 12.4242 9.72386 2966.29 39.8668 20.329 120.274 58.1161 45.9146 40.097 16.6783 23.4188 15.7151 6.48057 7.70367 5.84312
internal_count=24513 6775 6157 5025 1132 17738 768 1283 618 17580 3128 2245 1838 407 99 56 43 14452 628 310 1814 756 580 506 167 339 238 65 101 73
is_linear=0
shrinkage=0.1


Tree=114
num_leaves=31
num_cat=0
split_feature=10 4 0 10 0 9 0 3 12 2 11 12 7 9 12 7 9 8 12 11 0 3 0 9 9 1 12 12 11 12
split_gain=72.3967 8.45042 7.12451 4.78916 3.0131 3.58547 2.7462 2.72286 2.65512 2.58554 2.57957 5.60963 4.89004 5.33884 9.29936 5.54152 4.5971 5.64994 5.5371 4.60659 4.3851 4.21119 4.46187 11.2049 9.39484 5.53783 4.96552 3.99595 4.09204 6.2477
threshold=6.5000000000000009 5.5000000000000009 31.500000000000004 22.500000000000004 11.500000000000002 199.54670849245323 15.500000000000002 5.5000000000000009 1.5000000000000002 3.5000000000000004 4.5000000000000009 8.5000000000000018 4.5000000000000009 214.1086904761905 5.5000000000000009 9.5000000000000018 245.46350609756101 0.23956521739130437 8.5000000000000018 1.5000000000000002 42.500000000000007 11.500000000000002 38.500000000000007 179.04150000000001 161.91773466371029 4.5000000000000009 2.5000000000000004 11.500000000000002 1.5000000000000002 1.5000000000000002
decision_type=2 2 2 2 2 2 2 2 2 2 2 2 2 2 2 2 2 2 2 2 2 2 2 2 2 2 2 2 2 2
left_child=2 3 -1 4 -2 -6 7 8 -3 -4 12 21 27 -14 -15 16 19 18 -18 -16 -13 -12 24 -24 -23 26 -25 28 29 -8
right_child=1 6 9 -5 5 -7 10 -9 -10 -11 11 20 13 14 15 -17 17 -19 -20 -21 -22 22 23 25 -26 -27 -28 -29 -30 -31
leaf_value=-0.074701334438229863 -0.069804049518185363 0.099460599151867266 -0.025393356903875772 -0.077009897444809586 0.10950769194392879 -0.011974982933293674 0.034146692783993425 -0.075190513302586998 -0.01802064892395781 0.074740414223871385 0.009623330615493331 0.0334171164902336 0.0069222075077907995 0.05036800179568212 0.07950618907358345 -0.089520971056834805 0.0063937577380300814 0.026503818211963723 -0.13072289169903406 0.0048875771009617881 0.0061695173743522716 0.059405552332935374 -0.057237600487586707 -0.033836372565887916 -0.030542089750603553 -0.050929482196389333 0.044912782079256128 -0.017115481239255131 -0.0014043100315203174 0.0050401129162689256
leaf_weight=129.52421607077122 8.8642742447555047 2.1368636265397134 16.036301288753751 13.426908250898121 2.4890276081860057 101.58659136667848 84.138956595212221 7.8366221897304049 19.288783486932516 3.0727267377078524 623.86815671436489 157.56429802626371 622.61156195402145 82.533056868240237 12.911991430446504 6.2716323249042025 5.1033943742513674 10.936236321926115 6.9639002904295921 23.030035335570574 94.480883348733187 24.36085233092308 46.209370188415051 10.558451585471628 22.188790872693062 11.95349228940904 33.135608080774546 108.86837185546756 1004.8687773812562 597.02423257753253
leaf_count=6854 117 15 269 463 16 1196 364 55 171 30 2593 618 2579 314 53 26 19 40 26 100 442 82 248 58 75 69 174 480 4387 2580
internal_value=0.00215439 0.00487076 -0.066292 -0.0205489 -0.0138365 -0.00906966 0.00575839 -0.0247521 -0.00630378 -0.00929187 0.00600712 0.0102494 0.00431315 0.0109776 0.0280667 -0.00015575 0.00935244 -0.0255552 -0.0727347 0.0316939 0.0232032 0.00602172 -0.00911865 -0.0208405 0.0165303 0.00938348 0.0258834 0.00145281 0.00265178 0.00863543
internal_weight=3893.84 3745.21 148.633 126.367 112.94 104.076 3618.84 29.2623 21.4256 19.109 3589.58 1024.32 2565.26 770.362 147.75 65.2172 58.9456 23.0035 12.0673 35.942 252.045 772.275 148.407 101.857 46.5496 55.6476 43.6941 1794.9 1686.03 681.163
internal_count=24513 17360 7153 1792 1329 1212 15568 241 186 299 15327 4359 10968 3157 578 264 238 85 45 153 1060 3299 706 549 157 301 232 7811 7331 2944
is_linear=0
shrinkage=0.1


Tree=115
num_leaves=31
num_cat=0
split_feature=4 10 10 0 0 10 10 7 4 9 0 3 3 8 4 9 13 13 4 9 4 9 8 9 13 1 7 8 13 8
split_gain=118.223 15.4042 11.0963 8.45139 3.95086 8.88431 4.4832 4.2902 3.27363 3.2723 3.21945 3.06062 2.73055 3.58699 3.60866 3.02164 2.70923 2.50297 2.60247 2.31965 5.15356 5.73092 4.37933 7.66439 4.36539 3.00567 3.16729 2.94956 2.86912 2.80802
threshold=9.5000000000000018 7.5000000000000009 20.500000000000004 21.500000000000004 54.500000000000007 19.500000000000004 18.500000000000004 -5.4999999999999991 19.500000000000004 264.07706907787559 47.500000000000007 13.500000000000002 13.500000000000002 0.26209992193598758 20.500000000000004 178.29266072092162 0.43650793650793651 1.1503759398496243 21.500000000000004 228.57005797101453 10.500000000000002 224.19538824538827 0.34118625277161868 236.86700680272114 1.1339285714285716 1.5000000000000002 4.5000000000000009 0.20864427860696519 1.8090909090909093 0.20156250000000003
decision_type=2 2 2 2 2 2 2 2 2 2 2 2 2 2 2 2 2 2 2 2 2 2 2 2 2 2 2 2 2 2
left_child=10 -2 3 -3 5 19 12 -8 -4 16 -1 -7 13 -6 -15 -16 -9 -18 -19 20 -5 28 -21 -24 25 27 -27 -23 -22 -30
right_child=1 2 8 4 6 11 7 9 -10 -11 -12 -13 -14 14 15 -17 17 18 -20 22 21 24 23 -25 -26 26 -28 -29 29 -31
leaf_value=-0.070473138865284987 -0.077371840762700428 -0.07069873710270741 -0.062265911245921915 0.090690139373019299 0.047456425716496151 -0.04689500801267061 -0.066821007316486658 0.072173817565081455 0.04931768634083749 -0.05720796235270547 0.045986176151796926 0.049937738216074411 0.073747581780375451 -0.10748878767793724 -0.11562489141930042 0.036044395865918781 0.0025702432936461459 -0.0069527398620007706 0.061799841083567231 0.016318818878245177 0.0057735888749608708 -0.022934574131568838 0.052504831718313473 -0.10711650955051953 0.014720449056650129 0.013792500180394933 -0.081004941135678771 -0.10280390025099016 -0.097848934298569945 -0.0066042191667846917
leaf_weight=235.67392709292471 22.826982881873846 14.315251564607022 30.061968954280019 6.9626134596765032 30.822737596929073 40.684363419190049 7.0411648638546458 8.5163136348128301 2.8812239579856387 6.0999391525983802 2.3978893049061289 3.5488296858966342 19.02296419814229 3.1727409698069087 1.5360762290656556 9.0674044452607614 63.710182085633278 8.1033422499895114 17.174442611634731 310.22143699601293 1847.737518042326 7.3063614852726486 4.9817425124347192 7.5930060818791389 16.472846560180187 11.327864401042463 5.1163387708365908 12.593443501740692 5.1702247858047476 9.7013584896922094
leaf_count=10736 704 330 879 54 415 781 30 34 26 28 38 32 301 34 21 116 242 28 69 1429 7815 30 24 50 76 47 25 48 26 45
internal_value=-0.00192543 0.00440507 0.0051485 0.00591499 0.00636015 0.00525531 0.0208748 0.00871234 -0.0525068 0.0138457 -0.0693001 -0.0391261 0.0420267 0.0284967 -0.0139235 0.0140728 0.0182909 0.0131342 0.0397597 0.00612969 0.00481256 0.00450039 0.0139738 -0.0438793 -0.0279824 -0.0473374 -0.0157021 -0.0734793 0.00542148 -0.0383262
internal_weight=2771.84 2533.77 2510.94 2478 2463.69 2289.42 174.267 110.645 32.9432 103.604 238.072 44.2332 63.6219 44.599 13.7762 10.6035 97.5043 88.988 25.2778 2245.18 1922.39 1915.43 322.796 12.5747 52.8169 36.344 16.4442 19.8998 1862.61 14.8716
internal_count=24513 13739 13035 12130 11800 10482 1318 431 905 401 10774 813 887 586 171 137 373 339 97 9669 8166 8112 1503 74 226 150 72 78 7886 71
is_linear=0
shrinkage=0.1


Tree=116
num_leaves=31
num_cat=0
split_feature=4 0 4 0 2 10 10 8 6 8 11 3 10 13 3 6 10 9 12 11 8 5 12 0 6 9 12 10 0 11
split_gain=146.754 12.6423 6.03312 6.16991 3.96137 3.47669 11.2734 3.459 3.35595 3.22637 4.74041 3.18255 3.18078 3.37755 2.80417 3.88501 2.77544 4.77797 3.86557 3.55443 6.12055 2.72403 2.68632 2.59715 2.76992 2.5815 5.36805 3.99492 5.35589 4.79303
threshold=13.500000000000002 41.500000000000007 7.5000000000000009 33.500000000000007 6.5000000000000009 20.500000000000004 8.5000000000000018 0.054093567251461951 15.500000000000002 0.054093567251461951 1.5000000000000002 4.5000000000000009 21.500000000000004 0.94987468671679209 2.5000000000000004 10.500000000000002 19.500000000000004 219.06805894663412 3.5000000000000004 5.5000000000000009 0.21913109756097562 5.5000000000000009 10.500000000000002 17.500000000000004 4.5000000000000009 429.55389610389619 1.5000000000000002 7.5000000000000009 19.500000000000004 5.5000000000000009
decision_type=2 2 2 2 2 2 2 2 2 2 2 2 2 2 2 2 2 2 2 2 2 2 2 2 2 2 2 2 2 2
left_child=1 2 7 4 5 6 9 -1 11 10 -4 25 13 -7 15 -2 -5 18 -18 -19 -21 -13 -14 24 -8 -9 -27 28 -28 -30
right_child=14 -3 3 16 -6 12 23 8 -10 -11 -12 21 22 -15 -16 -17 17 19 -20 20 -22 -23 -24 -25 -26 26 27 -29 29 -31
leaf_value=0.042318231645044585 -0.076623118369160192 -0.058826952046132697 -0.13803001075004179 -0.062189730302519453 -0.088104628057989257 0.010863807370582089 -0.045231463827156843 0.010160326024212728 0.093661982624182766 0.0035051628400001584 0.0052034284343296221 -0.0035244902811623971 0.0039174922628588031 0.12208995238652241 -0.074495583117472397 0.26279214914411814 0.24186969675387371 -0.040158983929187979 -0.0046782829516106581 0.14782674181065442 -0.037995256350149526 -0.064126176849496799 0.079700245438722159 -0.070917004301149042 0.084814781539259226 0.056201767849025287 0.030663166735728706 -0.065763049204811366 -0.047129027686117833 0.041051137649431746
leaf_weight=29.810910653322935 0.78852665424346813 31.258637206628919 4.0062967762351018 20.894979540258646 5.0182380508631459 4.8914857506751996 5.2934052161872378 1331.0714476108551 4.552599608898162 506.49162623472512 5.459142904728651 124.9717978797853 38.965736337006092 6.1788741536438465 267.45974433515221 0.58923093415796757 1.2370271608233445 32.990239070728421 1.3087229486554859 2.9620861597359172 4.4137982819229364 7.8852481245994559 5.315639302134513 27.121566686779261 2.3716570325195789 11.486380390822886 24.044450286775827 13.827613629400728 30.810149110853672 7.7057379335165015
leaf_count=190 29 789 18 343 112 23 52 6924 19 2273 26 631 153 33 11059 22 19 450 24 37 55 41 22 624 21 65 236 62 128 33
internal_value=-0.00386366 0.00433382 0.00520699 -0.00271183 0.000377655 0.00111025 -0.00129081 0.00857648 0.00793018 0.00242414 -0.0554209 0.00767866 0.0250006 0.0729442 -0.0737626 0.0685359 -0.0323015 -0.0177481 0.115124 -0.0261279 0.0366291 -0.00712128 0.0130146 -0.0563911 -0.00499368 0.00906439 -0.00753616 -0.0171204 -0.00636896 -0.0294871
internal_weight=2561.18 2292.35 2261.09 674.921 611.114 606.095 550.744 1586.17 1556.36 515.957 9.46544 1551.8 55.3517 11.0704 268.838 1.37776 63.8069 42.9119 2.54575 40.3661 7.37588 132.857 44.2814 34.7866 7.66506 1418.95 87.8743 76.388 62.5603 38.5159
internal_count=24513 13403 12614 4285 3357 3245 3014 8329 8139 2317 44 8120 231 56 11110 51 928 585 43 542 92 672 175 697 73 7448 524 459 397 161
is_linear=0
shrinkage=0.1


Tree=117
num_leaves=31
num_cat=0
split_feature=4 0 10 0 1 13 8 0 10 0 8 11 1 0 6 0 11 4 12 8 9 12 13 0 9 9 10 0 5 9
split_gain=24.5137 6.8839 34.1732 5.44657 5.03158 3.75887 5.80384 5.0403 3.70153 5.22137 4.28334 3.59104 3.98857 5.86571 4.2936 3.5515 3.54947 4.91942 5.07741 5.19034 5.57071 5.06334 4.91112 4.42389 4.21968 4.15421 3.76163 4.87055 3.64032 3.52554
threshold=20.500000000000004 39.500000000000007 18.500000000000004 48.500000000000007 3.5000000000000004 1.1622807017543864 0.24165739710789766 29.500000000000004 18.500000000000004 40.500000000000007 0.18561584840654602 4.5000000000000009 1.5000000000000002 31.500000000000004 5.5000000000000009 56.500000000000007 5.5000000000000009 15.500000000000002 8.5000000000000018 0.26365441906653431 302.66798717948723 6.5000000000000009 1.083916083916084 15.500000000000002 367.09212454212462 320.93597105508877 2.5000000000000004 25.500000000000004 2.5000000000000004 341.66780303030311
decision_type=2 2 2 2 2 2 2 2 2 2 2 2 2 2 2 2 2 2 2 2 2 2 2 2 2 2 2 2 2 2
left_child=1 16 -3 4 5 6 8 -7 9 11 -10 12 13 -2 -15 29 -1 18 19 -18 21 -21 24 -24 25 -20 27 -22 -28 -4
right_child=3 2 15 -5 -6 7 -8 -9 10 -11 -12 -13 -14 14 -16 -17 17 -19 22 20 26 -23 23 -25 -26 -27 28 -29 -30 -31
leaf_value=0.0071921598182228159 0.22057472401199291 -0.059622142990803262 0.0067835116259040325 -0.057030104735073722 -0.049097336163083816 0.17609092640187199 -0.050510716592809646 0.013336407012873553 0.14891456713088072 -0.067205480451894742 0.010623463737692409 -0.048460935840497446 0.00262269495304388 -0.078845123816701737 0.13392543139103497 -0.080920912095836225 -0.01514621373395938 -0.041707278381176029 -0.0037872566400374633 0.048997076280837153 -0.048735460468821892 -0.025857846972016485 0.14357777273941097 0.035595227481628591 -0.067472882148978452 0.065091059766513013 -0.069690786064291632 0.060616728852899093 0.0016813221791325576 -0.061150037645401889
leaf_weight=2545.0813684910536 2.5611093491315904 99.083185682073236 472.11107605695724 61.375043882057071 43.965585032477975 2.1522962749004391 31.748451126739383 16.413786144927144 3.4839278012514097 10.798180932179092 6.2714744582772255 6.0653376653790465 10.153494901955126 1.9482446871697905 1.8480600193142889 4.7822386194020501 205.54416878148913 29.92536374181509 37.960507713258266 44.379187885671854 6.2309138663113144 11.346831899136303 4.2410190943628541 35.99475609883666 7.7046480420976868 11.381792018190025 14.960123751312496 11.761344373226164 13.682174310088156 7.765017293393611
leaf_count=12708 14 2708 2009 2281 850 12 552 318 22 441 37 81 115 33 22 75 972 278 177 209 39 56 30 158 53 53 76 40 64 30
internal_value=0.00191386 0.00382011 -0.00611023 -0.0322626 -0.0212 -0.00807427 -0.0180613 0.0322039 0.00582524 -0.0100134 0.0600111 0.0173415 0.0415143 0.103628 0.0247326 0.0048297 0.00576521 -0.00258139 0.000308273 -0.00598393 0.0124143 0.0337553 0.0202234 0.046977 0.00135383 0.0121009 -0.0130871 0.0227469 -0.035597 0.00568426
internal_weight=3762.72 3563.94 583.742 198.785 137.41 93.4444 74.8783 18.5661 43.1298 33.3744 9.7554 22.5762 16.5109 6.35741 3.7963 484.658 2980.19 435.113 405.187 307.905 102.361 55.726 97.2827 40.2358 57.0469 49.3423 46.6346 17.9923 28.6423 479.876
internal_count=24513 19735 4822 4778 2497 1647 1317 330 765 706 59 265 184 69 55 2114 14913 2205 1927 1456 484 265 471 188 283 230 219 79 140 2039
is_linear=0
shrinkage=0.1


Tree=118
num_leaves=31
num_cat=0
split_feature=10 4 0 10 0 9 8 0 12 9 9 12 10 6 7 0 6 8 1 9 9 8 10 9 0 8 12 0 0 8
split_gain=65.3296 7.15472 7.14101 4.59515 2.80011 3.15292 2.57755 3.48811 4.54994 2.56703 5.36505 4.51027 3.74408 4.35309 2.82653 5.45446 2.57565 2.60377 6.23447 3.7091 3.35328 3.04792 2.45729 3.31259 2.78913 3.64775 2.74705 2.56073 2.27461 4.07532
threshold=6.5000000000000009 5.5000000000000009 31.500000000000004 22.500000000000004 11.500000000000002 220.66197916666667 0.25677655677655681 38.500000000000007 11.500000000000002 376.79206349206356 384.72971014492759 5.5000000000000009 7.5000000000000009 3.5000000000000004 -2.4999999999999996 21.500000000000004 3.5000000000000004 0.13270440251572327 1.0000000180025095e-35 332.82039072039078 347.66613636363644 0.33072916666666669 7.5000000000000009 398.16666666666669 24.500000000000004 0.41588050314465413 6.5000000000000009 22.500000000000004 36.500000000000007 0.24807692307692308
decision_type=2 2 2 2 2 2 2 2 2 2 2 2 2 2 2 2 2 2 2 2 2 2 2 2 2 2 2 2 2 2
left_child=2 3 -1 4 -2 -6 7 8 -4 14 -11 12 -12 -14 28 16 17 18 -16 -19 -21 -22 24 -24 25 26 -3 -28 -7 -30
right_child=1 22 6 -5 5 9 -8 -9 -10 10 11 -13 13 -15 15 -17 -18 19 -20 20 21 -23 23 -25 -26 -27 27 -29 29 -31
leaf_value=-0.074477929704885579 -0.068587405558749578 -0.052936185256141868 -0.050565930078653835 -0.07685224726286026 0.06896524329955718 -0.061401032987673181 -0.063621612088121324 0.14875489112040893 0.082298208581678509 0.14452231264107573 -0.052016068625656879 -0.068576126305477283 0.0035832861281080647 0.14250089177697212 -0.041566938023665408 0.10166728001849959 -0.069846167398331493 -0.045325871448465123 0.18891611060986829 0.14638754541760138 -0.056668256089709282 0.093705803474817204 0.0055338118418212234 0.082995195823839782 0.03718809496138388 0.13018924754927749 -0.015660944124709388 0.10370497737730673 0.026925909875898064 -0.082940940126498386
leaf_weight=119.45449363579974 8.2904801033437234 25.234358116984367 7.3173693325370568 12.402336645871399 5.0389554165303698 21.806045383214951 5.8089431710541239 1.7289346605539311 3.9789952337741852 2.9020355530083206 3.6556036397814777 6.5732507035136214 4.8757231682538968 4.1977749429643154 2.5198347643017796 4.4798908904194823 6.9857158362865439 14.837275054305794 2.1967164129018784 2.1401967480778685 3.592124056071043 2.1574587784707546 3557.0371136981994 5.5293175950646392 7.9804497659206381 1.417522121220826 12.235059536993502 2.1066857427358618 9.8359356299042684 5.1407779008150092
leaf_count=6854 117 324 162 463 40 414 101 16 20 28 60 74 27 28 32 47 76 150 23 22 42 16 14982 24 50 18 155 15 79 54
internal_value=0.00203958 0.00453845 -0.0654548 -0.0191169 -0.012679 -0.00817613 -0.00822609 0.0164789 -0.00376629 -0.0121468 0.0177509 -0.00130867 0.0334279 0.0678523 -0.0209173 -0.00212857 -0.0156343 -0.00183482 0.0657797 -0.0158669 0.0395328 -0.000242278 0.0053482 0.00565404 -0.0168993 -0.0274287 -0.0330742 0.00187294 -0.0407923 -0.010786
internal_weight=3873.46 3735.17 138.289 123.628 111.226 102.935 18.8342 13.0253 11.2964 97.8964 22.2044 19.3024 12.7291 9.0735 75.692 38.9092 34.4293 27.4436 4.71655 22.7271 7.88978 5.74958 3611.54 3562.57 48.9741 40.9936 39.5761 14.3417 36.7828 14.9767
internal_count=24513 17360 7153 1792 1329 1212 299 198 182 1172 217 189 115 55 955 408 361 285 55 230 80 58 15568 15006 562 512 494 170 547 133
is_linear=0
shrinkage=0.1


Tree=119
num_leaves=31
num_cat=0
split_feature=4 10 10 0 1 10 0 0 8 12 2 0 8 12 0 13 5 12 0 8 13 7 3 12 12 5 12 10 8 8
split_gain=107.174 14.0457 9.8481 7.61731 3.73465 3.7421 3.45709 3.33948 3.22646 3.0278 5.40919 3.02281 2.91477 3.30607 2.55169 2.4569 3.79696 2.72805 2.62369 4.66614 4.70941 3.453 4.87656 3.98026 3.50514 4.29938 3.38949 4.39004 6.87191 3.37881
threshold=9.5000000000000018 7.5000000000000009 20.500000000000004 21.500000000000004 1.0000000180025095e-35 18.500000000000004 63.500000000000007 48.500000000000007 0.21975609756097561 5.5000000000000009 4.5000000000000009 47.500000000000007 0.2869249394673124 6.5000000000000009 55.500000000000007 0.32051282051282054 2.5000000000000004 5.5000000000000009 33.500000000000007 0.12599206349206346 0.84962406015037606 11.500000000000002 10.500000000000002 2.5000000000000004 3.5000000000000004 5.5000000000000009 6.5000000000000009 9.5000000000000018 0.24807692307692308 0.24165739710789766
decision_type=2 2 2 2 2 2 2 2 2 2 2 2 2 2 2 2 2 2 2 2 2 2 2 2 2 2 2 2 2 2
left_child=11 -2 3 -3 5 -5 15 -4 -9 -7 14 -1 13 -10 -11 16 -6 -18 19 20 -17 22 24 -23 25 29 -24 28 -28 -21
right_child=1 2 7 4 6 9 -8 8 12 10 -12 -13 -14 -15 -16 18 17 -19 -20 21 -22 23 26 -25 -26 -27 27 -29 -30 -31
leaf_value=-0.06990718702464814 -0.077187587717269177 -0.069996082030572129 -0.076530729934153607 -0.0012634325584985843 0.052776200599646418 -0.06667288477534207 0.058370680434687343 -0.082894323236275491 0.11644231274776651 -0.049659670158301014 0.15481137104168283 0.040683055545338187 -0.081134081188365903 -0.038858291857977179 0.058716540437705404 -0.061479226096510999 -0.07678221018593262 0.0060755398562928617 0.0082404044787838544 0.0013069810442237122 0.075893921594146138 0.10069849842782728 -0.049200707298369756 -0.0033352790180489937 -0.010629477009063373 -0.089869364753712766 -0.0081021143255228974 -0.032100973353624121 0.17621567583536321 0.051090532461517048
leaf_weight=218.58523688698187 21.150705997832119 13.343265807256101 19.480845438316468 174.80657791346312 4.762130772694948 17.389306856319308 12.999956406652926 3.9541187249124032 3.8925580214709044 10.726651279255746 1.8466065600514401 2.499864760786294 1.8725804369896648 2.1158864665776491 2.7242465764284125 3.0859928876161602 11.411774866282942 6.0964204203337422 1950.8505163826048 26.42132855579257 13.042624935507773 6.342938069254159 41.566317182034254 8.7518236637115461 100.49968095123768 3.3407377116382113 6.1419016383588332 18.440565343946218 3.0160497054457664 28.166505269706249
leaf_count=10736 704 330 760 757 24 197 112 55 40 152 8 38 27 23 11 24 49 29 8533 210 99 29 300 53 801 21 45 112 27 207
internal_value=-0.00190047 0.00396029 0.00464763 0.00535535 0.00576533 -0.00707058 0.00695172 -0.0510777 -0.00918158 -0.0381268 -0.00567726 -0.0686567 0.027802 0.0617529 -0.0277099 0.00665223 -0.0263963 -0.0479308 0.00698531 -0.00247507 0.0496094 -0.00593651 -0.00900842 0.0403805 0.000663296 0.020255 -0.0311624 -0.00399468 0.0526005 0.0269945
internal_weight=2739.33 2518.24 2497.09 2465.77 2452.43 207.493 2244.94 31.316 11.8351 32.6868 15.2975 221.085 7.88102 6.00844 13.4509 2231.94 22.2703 17.5082 2209.67 258.816 16.1286 242.688 227.593 15.0948 158.428 57.9286 69.1648 27.5985 9.15795 54.5878
internal_count=24513 13739 13035 12130 11800 1125 10675 905 145 368 171 10774 90 63 163 10563 102 78 10461 1928 123 1805 1723 82 1239 438 484 184 72 417
is_linear=0
shrinkage=0.1


Tree=120
num_leaves=31
num_cat=0
split_feature=4 0 4 0 2 8 10 10 6 5 6 9 9 13 9 9 0 0 6 12 9 9 8 3 3 0 0 9 0 10
split_gain=134.242 11.3102 5.05435 5.37575 3.63342 3.08157 3.03803 10.0586 2.8354 2.97581 4.15893 6.01959 3.38658 5.40283 5.98173 4.83428 3.03992 4.20855 2.851 3.55021 4.87732 5.22031 5.89701 4.93692 4.4775 5.62444 3.88432 3.73386 3.40424 7.23051
threshold=13.500000000000002 41.500000000000007 7.5000000000000009 33.500000000000007 6.5000000000000009 0.054093567251461951 20.500000000000004 8.5000000000000018 15.500000000000002 5.5000000000000009 10.500000000000002 272.0478070175439 276.33441919191927 0.78888888888888908 381.94604166666676 371.69427497789576 30.500000000000004 26.500000000000004 6.5000000000000009 3.5000000000000004 274.06422634271104 291.64493055555562 0.23706512042818909 1.5000000000000002 3.5000000000000004 30.500000000000004 35.500000000000007 235.88838778953831 15.500000000000002 5.5000000000000009
decision_type=2 2 2 2 2 2 2 2 2 2 2 2 2 2 2 2 2 2 2 2 2 2 2 2 2 2 2 2 2 2
left_child=1 2 5 4 6 -1 7 -4 9 18 12 -12 -11 15 -15 -14 17 -13 28 26 27 22 23 -22 25 -25 -20 -21 29 -7
right_child=-2 -3 3 -5 -6 8 -8 -9 -10 10 11 16 13 14 -16 -17 -18 -19 19 20 21 -23 -24 24 -26 -27 -28 -29 -30 -31
leaf_value=0.039942813121235238 -0.073380252450199399 -0.057566676175971665 0.0021266216964112442 -0.03064134221308748 -0.087677387333507315 0.072870219379154874 0.023190460763549178 -0.054924205219658989 0.085336413798727404 0.028691379791030553 -0.056853252023973691 0.046355593410610726 -0.021136273743756158 -0.039103517964090173 -0.14636399587327192 0.10009806951477201 0.059003244096841913 -0.03077415690052919 0.032749216144400226 0.035827980769534626 0.00015543803447781967 0.0073177913820068781 0.009023153605469748 0.091996544526535495 0.040095650812210955 0.2643369202885219 -0.037044051564421011 -0.045419113372048507 0.0027727407246337303 0.010768730813350157
leaf_weight=29.265824589878321 249.38275902252644 29.548229370266199 514.86895211972296 61.91486288793385 4.6596241760998955 20.951086010783911 55.824917942285538 32.877151470631361 4.6289236247539511 9.583320885896681 10.540094055235384 13.675073042511942 12.699758049100639 29.493706975132227 6.3120523840188971 4.4387089610099784 18.005317829549313 14.656443431973456 129.47536635398865 7.2605309300124636 3.9810325428843525 176.20499436557293 15.899964697659014 3.993584990501402 3.7439710311591625 3.6013701185584068 8.4975622706115228 25.602242462337017 847.92991026118398 178.33019450306892
leaf_count=190 11110 789 2317 928 112 482 231 697 19 49 52 62 62 137 29 21 101 46 599 41 18 811 70 22 18 20 75 137 4477 791
internal_value=-0.00372455 0.00389942 0.00470701 -0.00256946 0.000288118 0.00779568 0.000967219 -0.00129772 0.00718851 0.00695435 -0.00821004 0.011358 -0.0260097 -0.0359111 -0.058012 0.0102623 0.0268738 0.00645488 0.00822459 0.0156658 0.00832463 0.0139955 0.0516841 0.0959602 0.129597 0.173717 0.0284507 -0.0274688 0.00553679 0.0172977
internal_weight=2527.85 2278.46 2248.92 670.146 608.231 1578.77 603.571 547.746 1549.51 1544.88 119.404 56.8769 62.5275 52.9442 35.8058 17.1385 46.3368 28.3315 1425.47 378.261 240.288 207.425 31.2199 15.32 11.3389 7.59496 137.973 32.8628 1047.21 199.281
internal_count=24513 13403 12614 4285 3357 8329 3245 3014 8139 8120 559 261 298 249 166 83 209 108 7561 1811 1137 959 148 78 60 42 674 178 5750 1273
is_linear=0
shrinkage=0.1


Tree=121
num_leaves=31
num_cat=0
split_feature=4 3 0 10 0 1 0 13 9 9 9 3 8 9 3 12 2 1 11 1 5 0 4 12 0 9 4 8 13 13
split_gain=21.4021 6.09345 8.02635 9.93829 5.12417 4.57017 3.82388 3.62731 3.38849 6.74435 3.17832 3.1673 7.16759 3.06274 4.51344 7.26792 2.88531 8.05379 2.87867 4.76177 4.54989 4.69189 3.69278 3.04255 4.06528 3.4246 2.86984 2.78698 2.97425 3.60486
threshold=20.500000000000004 7.5000000000000009 33.500000000000007 18.500000000000004 48.500000000000007 3.5000000000000004 39.500000000000007 0.25833333333333336 230.43450317124737 220.66197916666667 121.71866666666666 8.5000000000000018 0.33072916666666669 152.77033096926718 9.5000000000000018 3.5000000000000004 4.5000000000000009 2.5000000000000004 4.5000000000000009 2.5000000000000004 2.5000000000000004 28.500000000000004 14.500000000000002 5.5000000000000009 26.500000000000004 203.24102067183466 14.500000000000002 0.19538706256627789 1.1339285714285716 0.60769230769230786
decision_type=2 2 2 2 2 2 2 2 2 2 2 2 2 2 2 2 2 2 2 2 2 2 2 2 2 2 2 2 2 2
left_child=1 10 13 6 5 8 11 -6 9 27 -1 12 16 14 15 -3 17 -4 -15 20 21 26 -22 25 -25 -21 -20 -2 29 -29
right_child=4 2 3 -5 7 -7 -8 -9 -10 -11 -12 -13 -14 18 -16 -17 -18 -19 19 23 22 -23 -24 24 -26 -27 -28 28 -30 -31
leaf_value=0.09088405333153414 0.019170509589324009 0.10999657916583937 -0.0264683207784785 -0.00094489673588193869 0.085442192439178166 -0.04720033864689923 -0.062587765897957851 -0.059908475709024259 -0.093217987254784349 0.16443789224131933 0.0052914577906358201 -0.039152702045124693 0.20553952224785471 -0.0085509087780597549 0.0024320164197433203 0.012931929034969604 -0.079924617554191793 0.20976580847701479 0.061141682520147594 -0.075086917191152541 -0.066493985227207439 -0.022506374374344044 0.05227723324463987 0.063743019250681432 -0.05049173845716784 0.0074377468920439373 0.14375917421711346 0.017079548592363963 0.023711313934015096 -0.047402307163343115
leaf_weight=4.3446688689291468 26.542285650968552 12.310933470726011 7.1122869923710805 121.53391145728528 1.7709931777790178 42.105927674099803 50.96036140806973 56.232318153604865 4.3858543001115313 2.3373627290129653 2986.6048802156001 39.88539731875062 1.7424460090696801 177.79404746368527 55.313372436910868 20.659733332693577 4.0946807377040377 1.8105405531823633 13.720619276165968 10.619968496263029 5.8806730732321721 4.9379595480859271 4.7179600819945335 9.1457906961441022 4.7245395854115477 9.5508764870464784 6.0621482506394377 11.521985705941914 12.378430709242819 35.024713633581996
leaf_count=18 463 53 99 701 27 850 1795 2254 77 37 14876 592 22 848 238 91 59 23 48 54 21 35 30 32 33 40 27 173 229 668
internal_value=0.00186148 0.00361986 -0.00592819 -0.0204435 -0.0306319 -0.0199039 -0.0428831 -0.0554705 -0.00743691 -0.00315214 0.00541579 -0.0245072 0.0150688 0.00390077 0.0198887 0.0491749 -0.0104265 0.0214662 -0.00181015 0.0154687 0.0411918 0.0646929 -0.0136232 -0.0112203 0.0248321 -0.0360116 0.0864586 -0.00773539 -0.0198549 -0.0314407
internal_weight=3745.83 3553.53 562.578 227.14 192.3 134.297 105.606 58.0033 92.1906 87.8048 2990.95 54.6454 14.76 335.439 88.284 32.9707 13.0175 8.92283 247.155 69.3605 35.3194 24.7207 10.5986 34.0412 13.8703 20.1708 19.7828 85.4674 58.9251 46.5467
internal_count=24513 19735 4841 3291 4778 2497 2590 2281 1647 1570 14894 795 203 1550 382 144 181 122 1168 320 161 110 51 159 65 94 75 1533 1070 841
is_linear=0
shrinkage=0.1


Tree=122
num_leaves=31
num_cat=0
split_feature=10 0 4 1 0 10 9 0 2 13 12 9 6 11 9 6 7 8 8 8 8 0 6 8 2 9 0 6 10 8
split_gain=59.3374 6.99155 6.39658 3.69929 3.27358 10.2345 3.55708 3.4848 3.27083 3.80522 4.84823 5.77998 3.51961 4.03236 4.46337 2.74334 3.71642 3.475 3.23266 2.562 4.94468 2.44845 2.79935 2.2842 2.90971 2.25842 4.18534 2.24955 2.35916 3.28196
threshold=6.5000000000000009 31.500000000000004 9.5000000000000018 4.5000000000000009 36.500000000000007 19.500000000000004 266.96449683321617 11.500000000000002 3.5000000000000004 1.1791443850267382 5.5000000000000009 276.33441919191927 6.5000000000000009 4.5000000000000009 308.79244791666673 8.5000000000000018 -1.4999999999999998 0.23706512042818909 0.28918128654970759 0.21595124536301008 0.20156250000000003 32.500000000000007 13.500000000000002 0.25677655677655681 3.5000000000000004 371.69427497789576 29.500000000000004 1.0000000180025095e-35 7.5000000000000009 0.31726674409601241
decision_type=2 2 2 2 2 2 2 2 2 2 2 2 2 2 2 2 2 2 2 2 2 2 2 2 2 2 2 2 2 2
left_child=1 -1 3 4 5 7 15 -2 9 10 11 -8 -11 14 -14 16 17 -6 -17 20 -12 25 -23 24 -3 -7 -27 -9 29 -29
right_child=2 23 -4 -5 6 21 8 27 -10 12 19 -13 13 -15 -16 18 -18 -19 -20 -21 -22 22 -24 -25 -26 26 -28 28 -30 -31
leaf_value=-0.074255917080803119 -0.061800122834543329 -0.0079153758342378321 0.0058205114088247505 0.087708774422119024 -0.0092306657456957802 -0.074284754229797162 0.12185958415166274 -0.045705088544007164 -0.055632612219613721 0.12049026152451608 -0.048915501939630089 0.011386134591974769 0.043677947359486817 0.093670581211538095 -0.070834210276373238 -0.065793836949946977 -0.0613052090536556 0.098912292727585116 0.0249968087417753 -0.063196889768868336 0.10229316458671887 -0.036150406234610161 0.096129994122491944 -0.062294819170060522 0.11298326718156484 -0.076832298569690996 0.25761560787114157 -0.030488241843316943 0.0046744873395110024 0.026836413470316536
leaf_weight=110.49875016650185 10.284744843840597 10.709923706948759 3259.3987573217601 4.1157438755035392 6.3993962481617945 31.731532674282789 5.7091523557901374 11.527309391647576 5.759858399629592 5.9247093759477165 5.7752146944403666 27.783964581787586 9.8136187233030814 7.5172809660434714 5.2112316302955142 15.903423935174944 5.055088482797145 5.546955443918705 5.2053538337349883 11.374186545610426 3.4572988823056221 23.595292763784531 1.7161601334810246 5.4779729247093192 2.4452108629047862 1.0074597820639599 0.59525260142981995 46.242497406899929 198.20124023407698 12.738586537539957
leaf_count=6854 140 176 13123 14 32 911 25 80 25 37 35 169 54 36 40 87 26 30 26 73 19 470 32 101 22 41 17 689 976 153
internal_value=0.00194185 -0.0647008 0.0042505 -0.0066794 -0.0075165 -0.0126561 0.00620832 -0.00467379 0.0172259 0.0223085 0.00673596 0.0302172 0.0519033 0.0338767 0.00396046 -0.0193266 0.010569 0.0409825 -0.0434052 -0.0314292 0.0077076 -0.05063 -0.0271816 -0.00803701 0.0145567 -0.068435 0.0473827 -0.0024873 -0.000550214 -0.0181074
internal_weight=3856.72 129.132 3727.59 468.193 464.077 337.64 126.437 278.994 88.3265 82.5667 54.0998 33.4931 28.4668 22.5421 15.0249 38.1102 17.0014 11.9464 21.1088 20.6067 9.23251 58.6457 25.3115 18.6331 13.1551 33.3342 1.60271 268.71 257.182 58.9811
internal_count=24513 7153 17360 4237 4223 3509 714 2038 513 488 321 194 167 130 94 201 88 62 113 127 54 1471 502 299 198 969 58 1898 1818 842
is_linear=0
shrinkage=0.1


Tree=123
num_leaves=31
num_cat=0
split_feature=4 10 10 0 10 0 0 0 3 9 9 8 8 4 13 9 2 0 4 10 10 0 9 12 7 8 8 11 9 8
split_gain=97.3673 12.854 8.74837 6.87414 3.35499 6.29853 4.90891 3.24836 3.11982 4.11039 13.3235 2.96984 5.51644 5.47696 3.16882 2.96237 2.98783 4.59057 2.93274 5.34716 11.3969 31.869 23.6194 3.11899 4.97392 2.91782 2.87449 2.79801 2.44946 4.10145
threshold=9.5000000000000018 7.5000000000000009 20.500000000000004 21.500000000000004 18.500000000000004 53.500000000000007 43.500000000000007 48.500000000000007 13.500000000000002 172.97646198830412 166.86956018518524 0.26726190476190476 0.27823315118397091 20.500000000000004 0.75595238095238104 166.86956018518524 3.5000000000000004 52.500000000000007 7.5000000000000009 7.5000000000000009 19.500000000000004 34.500000000000007 331.21638095238103 8.5000000000000018 1.5000000000000002 0.21975609756097561 0.23956521739130437 1.5000000000000002 194.34940741921773 0.21778656126482207
decision_type=2 2 2 2 2 2 2 2 2 2 2 2 2 2 2 2 2 2 2 2 2 2 2 2 2 2 2 2 2 2
left_child=18 -2 3 -3 5 28 27 -4 9 10 -7 -11 13 -13 -14 -8 17 -17 -1 -20 21 22 23 -21 -25 -9 -27 -6 29 -5
right_child=1 2 7 4 6 8 15 25 -10 11 -12 12 14 -15 -16 16 -18 -19 19 20 -22 -23 -24 24 -26 26 -28 -29 -30 -31
leaf_value=-0.074903685417800056 -0.077026846971653018 -0.069278037706271167 -0.076409910033926012 0.0096478788208812956 -0.00011796891924359802 0.079599399148647443 -0.065609693884030582 -0.082360562645382621 0.068882436047019283 0.048390074902784602 -0.2231937772412417 -0.22329951716788843 -0.053125462586110866 9.6449442946138492e-05 0.068307541554511103 -0.042881221377792211 0.0077110622195777738 0.0071488586553157792 -0.076259179653718423 -0.07661276321228043 -0.076548090929034585 0.58686214629823663 0.50896178823655147 -0.076721893886529183 0.22750980767239579 0.13638196556496576 -0.0071029911072191133 -0.062529860473719917 0.0096832257516507782 -0.0022500768689756962
leaf_weight=154.13386490708217 19.63374918885529 12.444146420806645 17.998561551794413 495.01091742143035 10.845890337601302 3.2384439557790747 6.7568892501294604 3.685420310124754 20.00773473829031 34.477473609149456 2.6361235938966274 1.9604710638523091 2.9853650256991369 2.49306595697999 7.6699575744569302 33.87732489220798 201.73147729597986 39.989284031093121 28.568407259415835 6.5370919536799192 12.411979966796933 1.052506960928439 0.8539631590247162 1.1800232362002137 0.9867748301476239 1.8010821081697921 6.2109000030905008 21.27017423696816 860.41920141130686 698.6466574575752
leaf_count=8459 704 330 760 2099 144 47 36 55 336 455 34 18 35 32 90 403 939 170 1400 243 535 23 33 42 39 20 70 331 3687 2944
internal_value=-0.00186127 0.00356837 0.00420485 0.00485707 0.00523454 0.00665831 -0.00440701 -0.0497469 0.0350311 0.022819 -0.0562745 0.0321894 -0.00477963 -0.0982437 0.0342849 -0.000193291 0.00141053 -0.0157964 -0.067996 -0.0473585 -0.0114958 0.0646023 0.00709127 -0.0421487 0.0618273 -0.00872109 0.0251522 -0.0414528 0.00561587 0.00268402
internal_weight=2711.51 2505.79 2486.16 2456.46 2444.02 2129.55 314.471 29.696 75.4686 55.4609 5.87457 49.5863 15.1089 4.45354 10.6553 282.355 275.598 73.8666 205.725 51.5907 23.0223 10.6104 9.55785 8.70389 2.1668 11.6974 8.01198 32.1161 2054.08 1193.66
internal_count=24513 13739 13035 12130 11800 9777 2023 905 1047 711 81 630 175 50 125 1548 1512 573 10774 2315 915 380 357 324 81 145 90 475 8730 5043
is_linear=0
shrinkage=0.1


Tree=124
num_leaves=31
num_cat=0
split_feature=4 0 2 10 10 0 0 4 9 4 11 12 9 7 0 8 10 10 0 0 9 9 11 11 9 8 11 9 12 11
split_gain=122.688 10.0552 4.48047 5.99894 4.60995 4.4332 4.039 3.71225 3.65234 4.47015 3.16655 3.76685 5.07501 3.73828 3.4432 3.85133 4.01186 6.09515 5.4242 5.36794 3.24146 5.11851 4.3903 3.48805 5.01348 4.20744 4.13623 3.12196 4.78614 3.53302
threshold=13.500000000000002 41.500000000000007 2.5000000000000004 7.5000000000000009 19.500000000000004 35.500000000000007 18.500000000000004 9.5000000000000018 259.78658186150835 8.5000000000000018 5.5000000000000009 10.500000000000002 307.59523809523819 -2.4999999999999996 13.500000000000002 0.46291208791208799 5.5000000000000009 20.500000000000004 16.500000000000004 24.500000000000004 274.98851851851856 338.80157407407415 4.5000000000000009 1.0000000180025095e-35 252.61076388888893 0.30707196029776679 2.5000000000000004 401.50203373015876 1.5000000000000002 3.5000000000000004
decision_type=2 2 2 2 2 2 2 2 2 2 2 2 2 2 2 2 2 2 2 2 2 2 2 2 2 2 2 2 2 2
left_child=1 2 10 6 7 8 -4 -5 9 -6 14 -12 -13 -14 20 16 18 19 -16 -18 22 -22 23 -1 25 26 -25 -20 -29 -30
right_child=-2 -3 3 4 5 -7 -8 -9 -10 -11 11 12 13 -15 15 -17 17 -19 27 -21 21 -23 -24 24 -26 -27 -28 28 29 -31
leaf_value=0.081944760875002257 -0.073001367030925954 -0.056205825043165285 0.030604674968951685 -0.022273004317267805 0.004940786709798293 -0.056780582103312542 -0.001602787693564815 -0.069901112119942002 -0.008842527690598817 0.10999425716230471 0.021069945009541787 0.028450178431139422 -0.0065996355255988973 -0.10697582747199613 0.06152371366450457 0.06594802808025893 -0.0080272955172806144 0.0075412821893087942 0.0090975329050626257 -0.054597377461555976 -0.022699086729896539 0.036997958725485024 0.12394207247507061 -0.056105978245856419 0.07898734866485338 -0.083784678136514412 0.08278216258230485 0.068334178292033629 -0.00099911642739805595 -0.048053235903708608
leaf_weight=9.4570179916918296 231.28895713482052 27.899182744324207 44.48766965046525 43.528825264424086 9.6428213492035884 12.004802994430063 312.06382720172405 26.223616857081652 31.567626092582941 6.9840561188757411 227.87493523210287 12.640403620898725 7.2788045220077038 7.5680692344903928 18.630768842995167 9.8227320648729783 322.45848150551319 317.54106409475207 633.60450512170792 26.808814393356442 27.712845701724291 29.814987547695637 6.0582927428185931 3.7887911386787909 7.0817835964262477 6.4973855204880229 4.9400127306580544 6.5863779895007601 37.329548615962267 27.870667446404696
leaf_count=65 11110 789 329 437 37 168 1249 743 138 42 1210 71 40 44 435 68 1570 1613 3115 311 173 203 32 27 39 36 30 41 206 142
internal_value=-0.00362421 0.00345779 0.00420161 -0.00428804 -0.0226815 -0.00240747 0.0024158 -0.0401789 0.0111364 0.0490681 0.0065599 0.0168517 -0.0181181 -0.0577656 0.00480313 0.00355139 0.00311072 -0.00248571 0.00826491 -0.0116019 0.0231904 0.00824014 0.0459292 0.0310504 0.00947469 -0.022856 0.0224969 0.00685824 -0.0129063 -0.021113
internal_weight=2497.06 2265.77 2237.87 486.503 129.952 60.1993 356.551 69.7524 48.1945 16.6269 1751.37 255.362 27.4873 14.8469 1496 1400.65 1390.83 666.808 724.022 349.267 95.3511 57.5278 37.8233 31.765 22.308 15.2262 8.7288 705.391 71.7866 65.2002
internal_count=24513 13403 12614 3143 1565 385 1578 1180 217 79 9471 1365 155 84 8106 7501 7433 3494 3939 1881 605 376 229 197 132 93 57 3504 389 348
is_linear=0
shrinkage=0.1


Tree=125
num_leaves=31
num_cat=0
split_feature=4 0 10 0 1 2 9 9 11 4 12 4 8 4 7 0 11 9 12 0 2 4 7 3 12 3 5 6 8 7
split_gain=18.5263 5.52824 28.9873 4.80734 4.169 3.38487 3.1326 5.20021 3.06007 4.23049 4.2197 4.47476 6.01472 4.46252 5.20625 4.28722 3.34458 4.54163 7.59985 5.77976 5.4229 4.88409 4.82565 4.80101 6.39466 7.27571 4.95921 4.61001 4.40366 6.1084
threshold=20.500000000000004 39.500000000000007 18.500000000000004 48.500000000000007 3.5000000000000004 2.5000000000000004 230.43450317124737 220.66197916666667 5.5000000000000009 15.500000000000002 8.5000000000000018 9.5000000000000018 0.33072916666666669 11.500000000000002 5.5000000000000009 13.500000000000002 1.0000000180025095e-35 156.74375000000003 3.5000000000000004 31.500000000000004 4.5000000000000009 9.5000000000000018 2.5000000000000004 9.5000000000000018 2.5000000000000004 8.5000000000000018 2.5000000000000004 2.5000000000000004 0.26953601953601958 9.5000000000000018
decision_type=2 2 2 2 2 2 2 2 2 2 2 2 2 2 2 2 2 2 2 2 2 2 2 2 2 2 2 2 2 2
left_child=1 8 -3 4 6 -5 7 -2 16 10 11 -10 13 -13 -15 -12 -1 18 23 22 -19 -22 -20 24 25 -18 -25 -24 29 -23
right_child=3 2 -4 5 -6 -7 -8 -9 9 -11 15 12 -14 14 -16 -17 17 20 19 -21 21 28 27 26 -26 -27 -28 -29 -30 -31
leaf_value=-0.0018507634052637681 -0.0070346390918277412 -0.057595978092845918 0.004122115449566947 0.0083953053850901269 -0.045343415894692547 -0.063795866074955229 -0.092227914556614943 0.13665129199788073 -0.011861076573334937 -0.039598848384430431 0.12289943847405832 0.035372177292657021 0.09552330352902047 -0.048693838771370512 0.049935176173337502 0.013947429060271539 0.0012005620179836194 0.0087364084007821429 -0.038379939832454212 -0.075726141208319428 0.023214869873239466 -0.013517338080958986 -0.018268217366659231 0.066073554819600019 0.16277772343576774 0.15085821769009386 -0.04847133589566098 0.056607240854836427 -0.041175775617928657 0.060706682000189839
leaf_weight=407.50947706215084 84.696061295457184 90.325592163484544 483.18471960164607 7.5315406760200849 40.416105683892965 47.188783874269575 4.097377727739512 2.5959973111748686 244.05447472073138 28.919561646878719 3.7570838890969744 25.981435392051935 8.659032501280306 20.125932067632679 7.2908023558557025 93.300783038139343 9.4383321106433851 1832.3555538337678 11.586747031658886 7.4613299369812003 38.992722984403372 100.48510929197073 11.57644411921501 9.6976864226162416 8.3353581689298153 4.9532562755048284 6.1938053630292407 28.385045021772385 49.190689697861671 12.462781719863413
leaf_count=2112 1533 2708 2114 142 850 2139 77 37 1169 278 26 105 44 108 30 445 49 9004 55 94 142 594 43 44 43 22 38 111 283 74
internal_value=0.00177376 0.00339037 -0.00559824 -0.0289438 -0.0185998 -0.0538597 -0.00677269 -0.00276153 0.00512567 -0.00265376 -3.67419e-06 -0.00576434 0.0182125 0.00567582 -0.0224659 0.0181649 0.00644977 0.00803699 0.0291056 0.00653456 0.00702549 -0.00856143 0.0184414 0.0635945 0.0930781 0.0527093 0.021429 0.0349166 -0.0162033 -0.00532739
internal_weight=3730.75 3544.22 573.51 186.526 131.806 54.7203 91.3894 87.2921 2970.71 432.089 403.17 306.112 62.0572 53.3982 27.4167 97.0579 2538.62 2131.11 97.628 59.0096 2033.49 201.131 51.5482 38.6184 22.7269 14.3916 15.8915 39.9615 162.139 112.948
internal_count=24513 19735 4822 4778 2497 2281 1647 1570 14913 2205 1927 1456 287 243 138 471 12708 10596 499 303 10097 1093 209 196 114 71 82 154 951 668
is_linear=0
shrinkage=0.1


Tree=126
num_leaves=31
num_cat=0
split_feature=10 0 4 10 0 12 9 9 8 0 0 10 9 2 8 8 4 11 3 0 1 7 10 0 9 9 12 11 0 8
split_gain=53.846 6.88484 5.31248 4.27632 2.41554 2.74628 3.55957 3.16604 2.56108 3.30617 2.70721 2.70001 3.3152 2.38761 2.22233 2.20756 2.57591 3.1325 5.17399 6.90183 2.37891 2.19212 2.12421 9.48127 3.82288 8.35354 3.222 3.12476 5.0109 3.98995
threshold=6.5000000000000009 31.500000000000004 5.5000000000000009 22.500000000000004 11.500000000000002 4.5000000000000009 220.66197916666667 324.78951612903234 0.26546556122448989 15.500000000000002 14.500000000000002 7.5000000000000009 381.94604166666676 3.5000000000000004 0.21913109756097562 0.13976744186046514 4.5000000000000009 3.5000000000000004 1.5000000000000002 32.500000000000007 1.0000000180025095e-35 -14.499999999999998 20.500000000000004 32.500000000000007 230.43450317124737 226.76485042735047 10.500000000000002 2.5000000000000004 45.500000000000007 0.19538706256627789
decision_type=2 2 2 2 2 2 2 2 2 2 2 2 2 2 2 2 2 2 2 2 2 2 2 2 2 2 2 2 2 2
left_child=1 -1 3 4 -2 6 -6 15 10 -10 -9 -12 14 -7 -13 20 -17 18 -18 -20 -8 -4 -23 -24 25 26 27 29 -29 -25
right_child=2 -3 21 -5 5 13 7 8 9 -11 11 12 -14 -15 -16 16 17 -19 19 -21 -22 22 23 24 -26 -27 -28 28 -30 -31
leaf_value=-0.074031424116375935 -0.06627514670450467 -0.0076761083535690612 0.071065177228947202 -0.076661599797926111 0.10504168431591453 -0.029831759444563091 -0.030600909341601274 -0.079899861997701216 0.15906088226729451 0.028519490461721333 -0.051639907903075835 0.057034548516804479 0.097521494253547947 0.082385751267290183 -0.085774215418410751 -0.072088305164799485 -0.086448400805766865 -0.063092259093566888 -0.0017222602210223694 0.25855075448039866 0.12645038536557898 0.0053684923785872942 -0.068665637258321227 -0.07024930872785283 0.0061220667246481199 -0.11285709032624086 0.063463744266618646 -0.089383680452251854 0.012290498284461522 0.040761636689912395
leaf_weight=102.22802670160308 7.3181239478290072 18.460240898653865 4.9665007479488841 10.853340119123457 3.5553061440587035 43.513650508597493 1.9796375893056422 3.1926906742155614 2.8070910833775979 6.2817368246614933 3.6502106860280028 2.0881338305771333 5.8820416331291199 1.9823956862092007 2.2789265774190426 10.349230229854584 2.0352478995919228 4.8254709076136351 2.4171007629483938 1.7612178474664686 1.8808289300650356 3255.1252334918827 20.615923762321472 4.261867709457877 267.57198780402541 8.7122539170086366 5.8538916409015647 10.822845928370954 8.7791668325662595 13.472969252616165
leaf_count=6854 117 299 23 463 21 597 28 52 22 52 61 21 27 10 19 147 21 60 32 23 19 13420 457 21 1429 39 26 64 30 59
internal_value=0.00185499 -0.0638818 0.00398837 -0.0168311 -0.0108073 -0.00676749 0.0082707 0.00158096 0.0259467 0.0688373 0.00313925 0.0222134 0.0485163 -0.0249421 -0.0174894 -0.0236843 -0.0362466 -0.00264448 0.0442994 0.107986 0.0459149 0.00467452 0.00458281 -0.00293727 0.00130422 -0.0235329 -0.00551481 -0.0163297 -0.0438468 0.0140845
internal_weight=3839.52 120.688 3718.84 118.652 107.799 100.481 54.9849 51.4296 26.1808 9.08883 17.092 13.8993 10.2491 45.496 4.36706 25.2487 21.3883 11.039 6.21357 4.17832 3.86047 3600.18 3595.22 340.091 319.475 51.903 43.1907 37.3368 19.602 17.7348
internal_count=24513 7153 17360 1792 1329 1212 605 584 254 74 180 128 67 607 40 330 283 136 76 55 47 15568 15545 2125 1668 239 200 174 94 80
is_linear=0
shrinkage=0.1


Tree=127
num_leaves=31
num_cat=0
split_feature=4 10 10 0 0 1 8 8 13 4 10 4 0 9 0 4 10 10 0 5 5 12 0 0 0 8 0 5 11 2
split_gain=88.9995 11.8264 7.78715 6.20116 3.17756 3.04739 3.43818 4.41819 3.91744 3.36941 4.13806 5.09124 3.33226 3.12774 4.12014 2.98386 5.10854 9.58191 17.9464 11.3903 6.49721 3.38182 8.21393 2.92743 2.8697 2.76556 5.27561 4.3747 4.10176 3.59276
threshold=9.5000000000000018 7.5000000000000009 20.500000000000004 21.500000000000004 48.500000000000007 1.0000000180025095e-35 0.26726190476190476 0.2561121049493143 1.1791443850267382 14.500000000000002 17.500000000000004 16.500000000000004 48.500000000000007 202.50264447884419 37.500000000000007 7.5000000000000009 7.5000000000000009 19.500000000000004 23.500000000000004 1.5000000000000002 3.5000000000000004 8.5000000000000018 20.500000000000004 63.500000000000007 41.500000000000007 0.21244358478401035 33.500000000000007 7.5000000000000009 1.5000000000000002 4.5000000000000009
decision_type=2 2 2 2 2 2 2 2 2 2 2 2 2 2 2 2 2 2 2 2 2 2 2 2 2 2 2 2 2 2
left_child=15 -2 3 -3 -4 6 7 8 25 -8 11 -11 13 14 -13 -1 -17 18 21 -20 -21 -18 -23 -7 -9 27 -27 29 -28 -5
right_child=1 2 4 5 -6 23 9 24 -10 10 -12 12 -14 -15 -16 16 17 -19 19 20 -22 22 -24 -25 -26 26 28 -29 -30 -31
leaf_value=-0.074707337648952196 -0.076890450129236135 -0.068508987291515888 -0.076300420032187746 -0.0085705084533233954 -0.0081085939205932586 0.0056501942396327328 -0.076660649179402712 0.011194352337360949 0.053179561170193096 0.075867185880721166 -0.068316613031344592 -0.054297688075144561 0.063272858769889806 -0.085957200944886944 0.052003876088693314 -0.076164409316948081 -0.076527409764068868 -0.076435376959545651 0.51605262972275801 -0.013766271738719034 0.28450327030341344 -0.076836210277630712 0.34948183595829951 0.054786838444956368 0.10658106081666457 0.10496549535877411 0.047808590661639727 -0.1132963102119335 -0.019606082875051181 -0.095267793171453091
leaf_weight=142.45450723450631 18.254452360793948 11.579279329627751 16.650840295478705 63.616109661757946 11.589395169168709 2218.1060287095606 11.30605557002127 6.4628085754811746 10.982159104198216 7.2878251969814292 11.190841568633912 8.1947791986167484 4.1971393674612036 7.5997004508972159 6.5688320696353903 26.482448893133551 5.6396510899066943 11.485412289388476 1.0066472589969637 1.5564420409500601 1.3759247902780769 1.2625547200441358 0.70391592010855664 12.191487878561018 6.1603916995227337 5.1189815886318675 12.222960274666546 4.8556294292211524 34.498975560069084 5.1682027392089358
leaf_count=8459 704 330 760 352 145 10563 90 30 51 32 84 38 32 29 22 1400 224 535 21 38 29 43 25 112 35 36 67 26 180 21
internal_value=-0.0017462 0.00330439 0.00389574 0.00449822 -0.0483155 0.00484529 -0.00680931 0.00114386 -0.00409191 -0.027853 -0.0156009 0.00182786 -0.0184875 -0.0338323 -0.00700051 -0.0673572 -0.0462099 -0.0117658 0.0525693 0.225821 0.126188 -0.0371532 0.0757682 0.00591879 0.0577451 -0.00910435 0.00858953 -0.0215605 -0.00196968 -0.0150846
internal_weight=2685.77 2493.8 2475.55 2447.31 28.2402 2435.73 205.431 149.086 136.463 56.3452 45.0391 33.8483 26.5605 22.3633 14.7636 191.968 49.513 23.0305 11.5451 3.93901 2.93237 7.60612 1.96647 2230.3 12.6232 125.481 51.8409 73.6399 46.7219 68.7843
internal_count=24513 13739 13035 12130 905 11800 1125 798 733 327 237 153 121 89 60 10774 2315 915 380 88 67 292 68 10675 65 682 283 399 247 373
is_linear=0
shrinkage=0.1


Tree=128
num_leaves=31
num_cat=0
split_feature=4 0 2 10 10 0 4 0 9 4 9 3 0 9 2 8 9 13 0 11 0 12 11 11 12 9 9 8 10 0
split_gain=112.423 9.13017 3.9672 5.47059 4.05177 4.35735 3.71036 3.51523 3.04898 3.51791 3.07916 2.98326 4.13963 2.971 3.65009 3.48767 3.40309 3.68978 2.65859 2.61323 3.38845 2.5734 4.47172 2.54108 2.97752 4.37429 3.81431 2.98823 2.69596 8.9351
threshold=13.500000000000002 42.500000000000007 2.5000000000000004 7.5000000000000009 19.500000000000004 35.500000000000007 9.5000000000000018 18.500000000000004 259.78658186150835 8.5000000000000018 320.93597105508877 2.5000000000000004 41.500000000000007 371.69427497789576 5.5000000000000009 0.17817460317460312 398.16666666666669 1.5857142857142861 8.5000000000000018 2.5000000000000004 15.500000000000002 4.5000000000000009 5.5000000000000009 5.5000000000000009 10.500000000000002 299.36122922776156 258.74669312169317 0.42163742690058481 5.5000000000000009 16.500000000000004
decision_type=2 2 2 2 2 2 2 2 2 2 2 2 2 2 2 2 2 2 2 2 2 2 2 2 2 2 2 2 2 2
left_child=1 2 18 7 6 8 19 -4 9 -6 -10 12 -2 14 -9 -15 17 -17 -1 -5 -21 22 -22 28 27 26 -26 -25 29 -20
right_child=11 -3 3 4 5 -7 -8 13 10 -11 -12 -13 -14 15 -16 16 -18 -19 23 20 21 -23 -24 24 25 -27 -28 -29 -30 -31
leaf_value=0.072248263472681387 0.28647704454863931 -0.062972621316626481 0.028608593482930891 -0.05227103478705461 0.0046520035614126109 -0.056547761475433889 -0.069341061161886805 -9.0659526898843418e-05 -0.026216997196430315 0.096473670006223575 0.046109993183070838 -0.073514631463104455 -0.076583869114282443 -0.084585469408019046 0.077375208303994136 0.00099476581723557164 0.044890092001466125 -0.10195823341738558 0.06589406794041873 0.046329157304742165 -0.045096683020693536 -0.069105437799208067 0.10302197459145031 0.020294914511698642 -0.050887942237113098 -0.048050409100334202 0.075228943742811014 -0.065087583293593959 -5.1026707776275247e-05 0.0063403311062822203
leaf_weight=6.0278759188950053 0.55096012912690528 20.709701232612133 43.882656697183847 16.34769969061017 9.6420891061425227 12.225067134946583 25.041169255971909 274.47092272341251 23.604441866278652 7.3554680906236163 7.8415743783116332 213.49375753477216 0.73037285171449184 8.7245800346136111 6.2203599140048018 9.2421808689832705 7.4963194578886023 5.5846604630351058 26.1256886087358 9.5138820335268992 5.5674084201455134 8.0652822107076627 3.2154072523117065 222.81931053847075 3.5847213491797465 16.771134860813618 7.2446367777884007 4.1758033167570821 755.02124381624162 705.75519679859281
leaf_count=33 22 636 329 180 37 195 765 1099 105 42 33 11059 29 36 25 37 32 20 669 57 71 99 33 1200 21 93 42 23 3959 3532
internal_value=-0.00347302 0.00311902 0.00373237 -0.00427902 -0.0219701 -0.00319933 -0.0387787 0.00210946 0.0102635 0.0443866 -0.00818109 -0.0726016 0.0795286 -0.00162075 0.00162605 -0.0309739 -0.0100209 -0.0377834 0.00595142 -0.0208597 -0.00138073 -0.0283218 0.00912987 0.00572195 0.0149533 -0.0160603 0.0334819 0.0187242 0.00414131 0.0084662
internal_weight=2467.05 2252.28 2231.57 484.041 128.419 60.6686 67.7508 355.622 48.4436 16.9976 31.446 214.775 1.28133 311.739 280.691 31.0477 22.3232 14.8268 1747.53 42.7097 26.362 16.8481 8.78282 1741.5 254.596 27.6005 10.8294 226.995 1486.9 731.881
internal_count=24513 13403 12767 3195 1617 412 1205 1578 217 79 138 11110 51 1249 1124 125 89 57 9572 440 260 203 104 9539 1379 156 63 1223 8160 4201
is_linear=0
shrinkage=0.1


Tree=129
num_leaves=31
num_cat=0
split_feature=4 0 10 0 2 12 9 9 12 0 13 1 10 2 12 12 9 9 2 5 6 6 7 4 1 7 6 1 5 8
split_gain=16.0377 4.87014 26.0383 4.53867 3.93284 4.95257 5.63598 6.70726 11.1794 8.09416 4.45826 3.57002 3.25973 3.22578 3.09805 4.62244 2.94389 2.80929 4.71847 4.14855 5.17336 4.89664 7.0146 6.45888 3.10619 4.08863 2.73838 2.65471 3.37268 3.85909
threshold=20.500000000000004 39.500000000000007 18.500000000000004 48.500000000000007 4.5000000000000009 7.5000000000000009 161.91773466371029 134.65788288288292 4.5000000000000009 35.500000000000007 1.1339285714285716 4.5000000000000009 17.500000000000004 2.5000000000000004 10.500000000000002 11.500000000000002 341.66780303030311 197.53988095238094 6.5000000000000009 2.5000000000000004 9.5000000000000018 7.5000000000000009 3.5000000000000004 21.500000000000004 2.5000000000000004 5.5000000000000009 4.5000000000000009 1.0000000180025095e-35 8.5000000000000018 0.15655637254901963
decision_type=2 2 2 2 2 2 2 2 2 2 2 2 2 2 2 2 2 2 2 2 2 2 2 2 2 2 2 2 2 2
left_child=1 -1 -3 4 5 6 7 26 9 -9 -6 17 -8 -5 -7 -16 27 19 -19 -12 21 24 23 -23 25 -21 -2 -4 29 -29
right_child=3 2 16 13 10 14 12 8 -10 -11 11 -13 -14 -15 15 -17 -18 18 -20 20 -22 22 -24 -25 -26 -27 -28 28 -30 -31
leaf_value=0.0048063362628141659 0.08075633261450596 -0.056164698621237588 0.015068785887804635 0.0080594880770237711 -0.050451386061612147 -0.090120687812840702 -0.047003884569845972 0.22576213361535011 0.36534581772355684 -0.04482610093103076 -0.056926745789281953 -0.048779613515897623 0.036916225927601992 -0.062620611794414596 0.11042875805052695 -0.081739154443751058 -0.057140697662062527 0.22293248476150274 0.0020911894349371174 -0.0098415947168175345 -0.061798725792200242 0.23075419048102749 0.33151893510109093 -0.080744146388839699 -0.034419470009126561 0.24277321337106997 -0.055682659996284412 0.033983679572760273 -0.050771005172801503 -0.0025000083421321717
leaf_weight=2964.9124442320317 2.6557543762028235 85.49761067610234 162.74425081908703 7.5593538824468842 46.860918592661619 6.9743619197979552 9.4891871754080075 1.916364938020706 1.7818377278745172 2.6126221977174282 7.8595057055354181 12.674983425065873 9.0362810194492322 44.284955969080329 2.4682170758023858 2.53970567882061 7.8206285387277594 1.6434914376586669 2.3520831670612097 1.4240556079894289 4.2207223707810035 1.2057271562516692 1.4515495002269743 1.4860660359263418 4.3687483258545399 1.1647479850798843 3.2974722590297461 32.534817960113287 12.890166148543356 266.29799250140786
leaf_count=14913 20 2708 636 142 1031 116 261 17 32 55 150 255 69 2139 37 44 30 33 55 30 74 14 26 32 96 19 31 148 61 1239
internal_value=0.00169275 0.00318152 -0.00530307 -0.027312 -0.0173011 0.00751346 0.0287413 0.0813249 0.153152 0.0696688 -0.0295411 -0.00495311 -0.00606966 -0.0523148 -0.0470332 0.0129732 0.00371343 0.0154872 0.0929294 0.00213902 0.0324379 0.068268 0.154332 0.0587844 0.0170153 0.103814 0.00518323 0.00471648 -0.000688243 0.00147208
internal_weight=3714.03 3532.7 567.785 181.329 129.484 42.7718 30.7895 12.2641 6.31082 4.52899 86.7126 39.8517 18.5255 51.8443 11.9823 5.00792 482.288 27.1767 3.99557 23.1811 15.3216 11.1009 4.14334 2.69179 6.95755 2.5888 5.95323 474.467 311.723 298.833
internal_count=24513 19735 4822 4778 2497 682 485 155 104 72 1815 784 330 2281 197 81 2114 529 88 441 291 217 72 46 145 49 51 2084 1448 1387
is_linear=0
shrinkage=0.1


Tree=130
num_leaves=31
num_cat=0
split_feature=10 0 4 10 7 1 8 0 11 8 12 9 0 4 6 5 4 8 0 12 11 12 9 12 7 9 12 7 5 12
split_gain=48.7501 6.80378 4.55425 4.05609 2.22735 2.59545 4.26891 3.79964 3.85147 4.10636 2.19226 2.97455 5.16218 6.02339 2.67759 2.62956 2.18936 2.05588 2.27221 3.74431 1.99727 5.06516 5.02844 4.14055 3.98608 4.36455 8.10169 4.48767 3.99394 4.7037
threshold=6.5000000000000009 31.500000000000004 5.5000000000000009 22.500000000000004 1.0000000180025095e-35 1.0000000180025095e-35 0.34118625277161868 15.500000000000002 2.5000000000000004 0.24807692307692308 5.5000000000000009 365.33787037037041 17.500000000000004 4.5000000000000009 1.5000000000000002 6.5000000000000009 4.5000000000000009 0.25677655677655681 38.500000000000007 11.500000000000002 4.5000000000000009 8.5000000000000018 292.8406586021506 10.500000000000002 4.5000000000000009 214.1086904761905 5.5000000000000009 9.5000000000000018 4.5000000000000009 10.500000000000002
decision_type=2 2 2 2 2 2 2 2 2 2 2 2 2 2 2 2 2 2 2 2 2 2 2 2 2 2 2 2 2 2
left_child=1 -1 3 4 10 6 -6 -7 -9 -10 11 14 13 -13 -2 -12 -16 18 19 -3 24 -22 -23 -24 -4 28 -27 -28 -26 -30
right_child=2 17 20 -5 5 7 -8 8 9 -11 15 12 -14 -15 16 -17 -18 -19 -20 -21 21 22 23 -25 25 26 27 -29 29 -31
leaf_value=-0.073799912169761367 0.1102624213438662 -0.049112750482523407 0.00029430608224398483 -0.076535537792336919 -0.071325367513034102 -0.03012834941994872 0.089337540812446908 0.14110529208737935 -0.059961605972197886 0.099532613893214286 -0.04800841960666094 -0.054746680530168713 0.11151764012237242 0.16041694954777852 -0.049511832879066381 0.072057918601880197 -0.00053835540080434123 -0.060868004168691363 0.11032978722106423 0.070498150606916207 0.0040661641204814769 0.017082016339163373 -0.0051726101552398412 0.11766730767596499 0.0028193706983370009 0.045417646018540259 0.0066406488883780819 -0.08260393569927578 0.020080177822067904 0.10915397782436349
leaf_weight=94.533598133828491 1.5116803385317314 6.9648496713489312 1802.4032327830791 10.034580678679047 6.253845978528263 5.3520391918718841 2.248393040150404 4.711040757596491 3.1329965628683567 3.3299569673836231 27.264385079964999 6.9069033302366716 5.2984631694853297 1.6030501294881103 18.658642437309027 1.9548473488539446 17.87192945741117 5.1499548573046914 2.0520285964012137 4.1925968527793884 772.81500672362745 239.61060949787498 3.9208593331277362 9.1415980532765371 569.71999284252524 81.526168495416641 58.710669724270701 6.2326768469065419 45.048518821597099 6.8268471471965304
leaf_count=6854 13 162 7968 463 60 50 20 27 26 20 428 91 46 14 284 32 218 101 16 20 3353 1001 29 47 2295 314 241 26 259 35
internal_value=0.00175527 -0.0629811 0.00372405 -0.0157667 -0.0100193 0.0160575 -0.0288385 0.0391555 0.0723405 0.0222158 -0.0180699 -0.00572538 0.0340299 -0.0142155 -0.0201556 -0.0399756 -0.0255524 -0.00727475 0.0136196 -0.00416696 0.00435351 0.00808475 0.0203758 0.0807954 0.00286494 0.00889739 0.0244267 -0.00192424 0.00523815 0.0318024
internal_weight=3824.98 112.893 3712.09 116.133 106.098 25.0283 8.50224 16.526 11.174 6.46295 81.0699 51.8507 13.8084 8.50995 38.0423 29.2192 36.5306 18.3594 13.2095 11.1574 3595.96 1025.49 252.673 13.0625 2570.47 768.065 146.47 64.9433 621.595 51.8754
internal_count=24513 7153 17360 1792 1329 203 80 123 73 46 1126 666 151 105 515 460 502 299 198 182 15568 4430 1077 76 11138 3170 581 267 2589 294
is_linear=0
shrinkage=0.1


Tree=131
num_leaves=31
num_cat=0
split_feature=4 10 10 0 0 12 4 10 10 0 5 2 12 3 4 9 8 8 7 5 8 1 2 9 3 12 6 8 8 13
split_gain=81.1687 10.8669 7.08664 10.5523 5.81317 3.22499 3.03927 4.91386 8.32393 12.3925 12.1108 6.70855 4.59852 5.89368 2.93773 2.65099 2.74381 3.22964 4.43658 3.253 2.95127 2.58446 2.46258 3.89216 3.71718 3.48224 3.96952 3.89861 7.21421 4.12767
threshold=9.5000000000000018 7.5000000000000009 19.500000000000004 48.500000000000007 24.500000000000004 1.5000000000000002 7.5000000000000009 7.5000000000000009 19.500000000000004 20.500000000000004 1.0000000180025095e-35 3.5000000000000004 3.5000000000000004 4.5000000000000009 30.500000000000004 264.07706907787559 0.20156250000000003 0.23956521739130437 1.0000000180025095e-35 3.5000000000000004 0.21294035577258458 5.5000000000000009 8.5000000000000018 199.54670849245323 17.500000000000004 11.500000000000002 13.500000000000002 0.18624359479700434 0.17817460317460312 1.6794871794871797
decision_type=2 2 2 2 2 2 2 2 2 2 2 2 2 2 2 2 2 2 2 2 2 2 2 2 2 2 2 2 2 2
left_child=6 -2 4 -4 21 -5 -1 -8 9 -9 -11 12 -12 -14 22 16 -7 18 20 -20 -18 -3 24 25 -6 26 27 28 -24 -29
right_child=1 2 3 5 14 15 7 8 -10 10 11 -13 13 -15 -16 -17 17 -19 19 -21 -22 -23 23 -25 -26 -27 -28 29 -30 -31
leaf_value=-0.074509616387383446 -0.076763710562695431 -0.045436293225062041 -0.070127402215758305 -0.060580662899991138 0.0044029171066601123 -0.026500898434827891 -0.076076421197046884 -0.076461924672566073 -0.07632620852946817 0.46995211119607516 0.27822310585520932 -0.077302720703226052 -0.077975827731763425 0.2152158983171277 0.051629829115657215 -0.065033233867224691 0.1769974318881925 -0.0011302279578521324 0.059430994143506957 -0.041716705899257051 0.061859717694270344 0.11548948689895421 0.0016134180056688347 0.051392084994399047 -0.082695240133358397 0.077010386672287615 -0.093911821962346542 0.013935640748151817 -0.13669911479404029 0.11782407378694555
leaf_weight=131.68248077807948 16.95497602596879 28.012198206037286 31.357631346210837 8.4966943208128196 2164.2825376987457 16.324825741350651 24.497443351428956 4.991917861625554 10.625972796231506 0.90783329121768463 1.665325380861759 1.908095823600888 1.3812553361058237 1.3613661006093023 13.613026540726421 5.127092493698 3.1311210393905657 30.66057213768363 6.2602125853300077 6.4613709300756454 7.7034373059868813 1.0348395016044367 17.587224442511801 27.767919305711985 4.9111081995069972 7.1818711385130873 3.9033113569021216 75.883935544639826 4.8003876172006121 4.0274374522268763
leaf_count=8459 704 695 1305 68 9510 136 1400 207 535 19 32 60 34 28 142 63 22 206 26 28 59 24 86 152 29 38 19 385 24 18
internal_value=-0.0016636 0.00302058 0.00356857 -0.0206127 0.00475577 -0.00216486 -0.0666973 -0.0449661 -0.0116007 0.0447012 0.128429 0.0793399 0.147147 0.0675569 0.00531146 0.00439454 0.00944068 0.0202628 0.0481079 0.00805745 0.0951338 -0.0397031 0.00503855 0.0178371 0.00420572 0.0096195 0.00506223 0.00883867 -0.0280438 0.0191715
internal_weight=2664.51 2485.48 2468.53 115.523 2353.01 84.1653 179.022 47.3392 22.8418 12.2158 7.22388 6.31604 4.40795 2.74262 2323.96 75.6686 70.5415 54.2167 23.5561 12.7216 10.8346 29.047 2310.35 141.152 2169.19 113.384 106.202 102.299 22.3876 79.9114
internal_count=24513 13739 13035 1913 11122 608 10774 2315 915 380 173 154 94 62 10403 540 477 341 135 54 81 719 10261 722 9539 570 532 513 110 403
is_linear=0
shrinkage=0.1


Tree=132
num_leaves=31
num_cat=0
split_feature=4 0 1 3 6 6 0 6 7 11 9 6 12 7 13 10 12 12 11 7 5 0 1 10 2 0 0 7 7 8
split_gain=103.07 8.22269 3.53098 4.36699 5.28822 3.75426 3.32843 4.34863 4.23422 5.66969 5.54025 4.8493 3.83235 4.03653 3.34151 3.27704 4.76228 4.44127 4.46073 4.02166 4.23073 3.93729 3.36033 3.33016 4.48151 4.10177 3.12965 2.96341 4.57077 3.88089
threshold=13.500000000000002 42.500000000000007 1.5000000000000002 7.5000000000000009 2.5000000000000004 12.500000000000002 32.500000000000007 14.500000000000002 -3.4999999999999996 5.5000000000000009 274.06422634271104 11.500000000000002 1.5000000000000002 -1.4999999999999998 1.9285714285714286 5.5000000000000009 8.5000000000000018 9.5000000000000018 1.5000000000000002 -1.0000000180025095e-35 3.5000000000000004 21.500000000000004 2.5000000000000004 19.500000000000004 4.5000000000000009 26.500000000000004 23.500000000000004 -3.4999999999999996 -1.4999999999999998 0.28345771144278614
decision_type=2 2 2 2 2 2 2 2 2 2 2 2 2 2 2 2 2 2 2 2 2 2 2 2 2 2 2 2 2 2
left_child=1 2 3 6 -5 15 7 -1 9 -8 11 -11 13 -10 -14 16 19 -18 -19 -4 22 -20 -21 25 -25 27 -24 -17 29 -29
right_child=-2 -3 5 4 -6 -7 8 -9 12 10 -12 -13 14 -15 -16 23 17 18 21 20 -22 -23 26 24 -26 -27 -28 28 -30 -31
leaf_value=0.0067136815151088713 -0.072186868809891544 -0.061902412503066398 -0.019333769086844744 0.075618899217228808 -0.082889283324239754 -0.077135917419219435 -0.0070820063674812035 0.073880875503968255 -0.028606353644627894 -0.085407301628854349 0.091665859334755864 0.10450268900363063 -0.050176812964789874 0.13902114467304233 0.052961231508392076 0.071438464104791669 0.090105524885787353 0.067877568588862236 0.067813358788836209 0.017424176728871924 0.075842901488568482 -0.024299608596267085 0.024385182292557837 0.015792904468599298 -0.096481083921946043 -0.079680285820096369 -0.049362494407100194 -0.11601106980377035 -0.012384264845672711 -0.0020916956869348152
leaf_weight=1608.5046127811074 199.5952379712835 19.466304758563638 82.291813153773546 2.6199524588882914 10.703947089612482 7.0590041782706967 94.83171559497714 9.6972465850412828 3.3206632509827614 4.1773672271519926 12.450212821364401 1.9827633425593374 40.687316687777638 2.5318265967071047 3.4040769580751649 3.7331857159733763 10.335319969803093 11.9122152402997 5.8603988103568581 58.173508010804653 9.0779889449477178 22.290913753211498 8.4871682710945624 50.214275903999805 3.8261131718754759 11.118235803209243 17.871322989463806 8.3260973729193193 110.22604868747294 4.6664820387959471
leaf_count=8270 11110 636 402 37 124 53 869 36 31 44 78 17 412 18 24 16 53 59 53 297 34 76 52 317 29 259 63 49 972 23
internal_value=-0.00332869 0.00280734 0.00337465 0.0053162 -0.0517209 -0.00481604 0.00574276 0.00711619 -0.00785994 0.00282159 0.0532868 -0.0242809 -0.0321219 0.0439104 -0.042214 -0.00359594 0.00455809 0.0316593 0.0165818 -0.00320688 0.0109701 -0.00512399 0.00400338 -0.0132011 0.00784379 -0.0214381 -0.0256165 -0.0163373 -0.0189967 -0.0750952
internal_weight=2439.44 2239.85 2220.38 1794.91 13.3239 425.47 1781.59 1618.2 163.386 113.442 18.6103 6.16013 49.9439 5.85249 44.0914 418.411 226.301 50.3988 40.0635 175.902 93.61 28.1513 84.532 192.11 54.0404 138.07 26.3585 126.952 123.219 12.9926
internal_count=24513 13403 12767 9960 161 2807 9799 8306 1493 1008 139 61 485 49 436 2754 1089 241 188 848 446 129 412 1665 346 1319 115 1060 1044 72
is_linear=0
shrinkage=0.1


Tree=133
num_leaves=31
num_cat=0
split_feature=4 0 10 4 9 1 0 9 13 0 13 8 8 10 12 11 2 9 9 10 12 10 8 8 12 6 8 3 7 4
split_gain=14.0734 4.36136 23.2636 4.27884 3.59055 4.13904 6.68273 4.40537 3.81347 3.96554 2.71176 3.01448 3.27737 2.54495 2.60842 7.10466 4.26006 2.46497 2.55708 3.19953 2.79261 2.36762 3.53663 10.0389 4.09493 6.21778 6.80139 2.54974 2.25907 2.27794
threshold=20.500000000000004 39.500000000000007 18.500000000000004 24.500000000000004 230.43450317124737 1.5000000000000002 31.500000000000004 223.29075362318841 0.59411764705882364 45.500000000000007 1.083916083916084 0.18441295546558703 0.14670014347202293 17.500000000000004 2.5000000000000004 4.5000000000000009 2.5000000000000004 341.66780303030311 312.54777105734769 22.500000000000004 5.5000000000000009 19.500000000000004 0.2956145966709347 0.29758481886141469 8.5000000000000018 4.5000000000000009 0.33072916666666669 12.500000000000002 1.0000000180025095e-35 19.500000000000004
decision_type=2 2 2 2 2 2 2 2 2 2 2 2 2 2 2 2 2 2 2 2 2 2 2 2 2 2 2 2 2 2
left_child=1 -1 -3 4 5 6 -2 10 9 -7 11 12 -8 -13 -15 16 -16 18 19 28 -21 22 -10 -24 -25 -26 -27 -23 29 -4
right_child=3 2 17 -5 -6 8 7 -9 21 -11 -12 13 -14 14 15 -17 -18 -19 -20 20 -22 27 23 24 25 26 -28 -29 -30 -31
leaf_value=0.0045260997433368821 0.10298765314808855 -0.054617681909299859 0.0057223710378197 -0.055372392966104848 -0.075148696166151718 0.12767321269818233 -0.082848889915055318 0.15578550067529612 -0.047472884134293375 -0.081829866979415078 -0.0871463299089658 -0.064878560245636221 0.10199862874419602 -0.055523933881740185 0.24264317756324291 -0.096674086114261301 0.03842214271471156 -0.051941959382554574 0.040602347762614621 -0.086790337198201326 1.9874111138787901e-06 -0.020213526386505039 0.31096232415531094 -0.045379450636428675 -0.081314306324225816 0.028512191859664488 0.43045924394768242 0.069778109439770655 -0.013186984052552884 0.048255713899852198
leaf_weight=2960.8331992793828 7.0231093987822524 81.125191416125745 363.49356937967241 38.608356669545174 10.085487757343797 3.0986185912042847 1.2232342301867998 1.5989920329302538 58.112823286093771 1.2753487303853033 4.3774248980917028 7.7073507923632887 4.4432948785834014 3.6626183120533806 1.8027315493673084 2.1582580823451281 2.3568620984442532 7.952961914241313 18.537466645240784 7.3429968804121 7.4872780293226242 10.308692459017037 1.0173984905704845 10.106675680261104 1.2406876925379031 0.91567850019782759 0.77922252845019102 4.5327874459326258 63.553386306390166 13.043486429378389
leaf_count=14913 40 2708 1481 1660 269 36 32 29 1730 40 96 256 77 30 20 25 33 30 74 25 27 76 18 218 18 25 19 31 376 101
internal_value=0.0016124 0.00299254 -0.00507913 -0.0259487 -0.0177065 -0.0131713 0.0153686 -0.0056114 -0.0245244 0.0665869 -0.0149174 -0.00137918 0.0620956 -0.0217142 0.0116193 0.0505439 0.12693 0.00326888 0.00419629 0.00271279 -0.042972 -0.0291044 -0.0365846 0.00842005 -0.0151806 0.0887883 0.213305 0.00727113 0.00425229 0.00719575
internal_weight=3699.81 3523.37 562.536 176.436 137.827 127.742 36.3539 29.3308 91.3879 4.37397 27.7318 23.3543 5.66653 17.6878 9.98047 6.31785 4.15959 481.411 473.458 454.921 14.8303 87.014 72.1725 14.0597 13.0423 2.93559 1.6949 14.8415 440.09 376.537
internal_count=24513 19735 4822 4778 3118 2849 638 598 2211 76 569 473 109 364 108 78 53 2114 2084 2010 52 2135 2028 298 280 62 44 107 1958 1582
is_linear=0
shrinkage=0.1


Tree=134
num_leaves=31
num_cat=0
split_feature=10 0 4 1 0 0 10 9 2 13 12 9 6 5 9 0 9 6 8 7 9 8 8 6 8 6 12 8 13 11
split_gain=44.205 6.63327 4.08288 3.00846 2.73072 2.28908 8.99302 2.73592 2.90421 3.04701 4.12487 4.54911 2.67809 3.01022 5.34221 3.28081 3.17476 2.6584 2.92787 2.71552 3.43606 2.35484 4.12766 2.32251 4.50969 2.26104 2.37772 4.66204 3.8362 3.73096
threshold=6.5000000000000009 31.500000000000004 9.5000000000000018 4.5000000000000009 10.500000000000002 36.500000000000007 19.500000000000004 266.96449683321617 3.5000000000000004 1.1791443850267382 5.5000000000000009 274.06422634271104 6.5000000000000009 6.5000000000000009 307.59523809523819 42.500000000000007 287.21704857030949 8.5000000000000018 0.28918128654970759 -1.4999999999999998 241.47536599099104 0.21595124536301008 0.20156250000000003 12.500000000000002 0.26365441906653431 1.0000000180025095e-35 10.500000000000002 0.29805897723030988 0.38750000000000007 1.5000000000000002
decision_type=2 2 2 2 2 2 2 2 2 2 2 2 2 2 2 2 2 2 2 2 2 2 2 2 2 2 2 2 2 2
left_child=1 -1 3 4 -2 6 25 17 9 10 11 -9 -11 14 15 16 -14 19 -19 20 -7 22 -12 -8 -25 -6 28 29 -27 -28
right_child=2 -3 -4 -5 5 7 23 8 -10 12 21 -13 13 -15 -16 -17 -18 18 -20 -21 -22 -23 -24 24 -26 26 27 -29 -30 -31
leaf_value=-0.073559623274445804 -0.080067396431338408 -0.0071374544035950494 0.0047514125254882874 0.078996461444122076 -0.045632979071735968 0.11044296881279188 -0.054527813729354828 0.1179973517360231 -0.053587996352150086 0.1041825783880074 -0.046331947152020173 0.012784100894026762 -0.045905229019493281 0.10510886624400098 -0.062494383030681958 0.11794830695596484 0.084826051800252669 -0.062804293863723201 0.02355908368263843 -0.047802573360589157 -0.00091845349751415754 -0.061074961918213558 0.090980724362550378 -0.050278478754142222 0.14415844208501949 -0.037462762220110218 -0.014374082305301843 -0.044220975786908652 0.0010161047055849181 0.071133285888255418
leaf_weight=87.374920579604805 4.9376180432736865 18.15974092297256 3248.7771969884634 4.192304015159606 11.568354399874805 4.28557848185301 47.486139878630638 4.7870497852563849 5.6580827683210364 6.3116119801998165 5.5597226992249507 29.033055938780308 4.2773890197277122 4.3761345520615569 6.2275345586240283 4.6034606695175171 3.2836186774075031 15.310426130890848 5.2789746671915045 5.22320682555437 7.8383816778659821 10.865835797041653 3.6110743656754494 3.5545049244537941 1.79536797106266 29.840378925204277 7.2231272272765663 7.4577357955276957 196.67652484588325 17.383916206657887
leaf_count=6854 84 299 13123 14 86 22 1347 19 25 37 35 175 25 22 46 17 20 87 26 26 40 73 19 86 38 281 57 49 1367 114
internal_value=0.0016879 -0.0621301 0.00350453 -0.00532765 -0.00610553 -0.00529311 -0.00975958 0.0061081 0.0157304 0.0204594 0.00637498 0.0276765 0.0465443 0.0305663 0.0128298 0.0513917 0.0108692 -0.0163632 -0.0406613 0.0124764 0.0384456 -0.0295801 0.00773601 -0.0474906 0.0149728 -0.00238015 -0.000445113 0.0250418 -0.00405294 0.0460335
internal_weight=3812.96 105.535 3707.42 458.647 454.455 449.517 322.986 126.531 88.5946 82.9365 53.8567 33.8201 29.0797 22.7681 18.392 12.1645 7.56101 37.9366 20.5894 17.3472 12.124 20.0366 9.1708 52.836 5.34987 270.15 258.582 32.0648 226.517 24.607
internal_count=24513 7153 17360 4237 4223 4139 3425 714 513 488 321 194 167 130 108 62 45 201 113 88 62 127 54 1471 124 1954 1868 220 1648 171
is_linear=0
shrinkage=0.1


Tree=135
num_leaves=31
num_cat=0
split_feature=4 10 10 0 4 10 10 0 9 0 0 10 0 8 4 8 9 3 4 6 12 11 0 12 13 2 6 11 9 9
split_gain=73.9607 9.95933 6.22559 5.24092 3.08008 4.71795 7.31309 9.56811 7.2637 6.52533 2.99919 2.68869 4.46298 4.11051 4.40592 3.10361 4.27834 4.59677 3.97042 3.50422 2.99532 3.02421 2.93946 3.42152 2.88906 3.97678 5.67561 3.05059 8.60374 5.97063
threshold=9.5000000000000018 7.5000000000000009 20.500000000000004 21.500000000000004 7.5000000000000009 7.5000000000000009 19.500000000000004 20.500000000000004 331.21638095238103 34.500000000000007 48.500000000000007 17.500000000000004 54.500000000000007 0.28281378178835115 22.500000000000004 0.29128787878787882 184.14546783625735 9.5000000000000018 21.500000000000004 13.500000000000002 7.5000000000000009 5.5000000000000009 61.500000000000007 2.5000000000000004 1.3798076923076925 9.5000000000000018 5.5000000000000009 1.0000000180025095e-35 208.14046121593296 200.34294794593876
decision_type=2 2 2 2 2 2 2 2 2 2 2 2 2 2 2 2 2 2 2 2 2 2 2 2 2 2 2 2 2 2
left_child=4 -2 3 -3 -1 -6 7 -7 9 -9 -4 12 -5 22 15 -15 18 19 -17 -18 21 -16 24 -24 27 26 -26 28 29 -13
right_child=1 2 10 11 5 6 -8 8 -10 -11 -12 13 -14 14 20 16 17 -19 -20 -21 -22 -23 23 -25 25 -27 -28 -29 -30 -31
leaf_value=-0.074309814770367244 -0.076634614958803804 -0.06725027283423049 -0.076113875483823409 0.005120224091695276 -0.075994939147006071 -0.076350254192919825 -0.076225002777026873 -0.0093479463487674084 0.32806015541520717 0.19279584391149637 -0.0075466615129427253 0.0057829130452743769 0.039635833268947561 -0.084725971271336686 0.012387657291622545 -0.033119009974157627 -0.045056268156007377 0.029735435361133208 -0.16636851933123345 0.04892093602886137 -0.04518290700104402 0.10512373901379966 -0.02828920937380925 0.067234777319268788 -0.084453397149919007 -0.071363959324290432 0.038858630019231725 -0.0068713506328829266 0.062973359381372176 -0.1065576411811473
leaf_weight=121.75970334000885 15.713558992370961 10.352558506652711 14.336839727126064 1854.4413743391633 22.657260380219668 4.622008258476856 9.8313695387914759 4.4008317254483682 1.2267697881907222 2.5064029693603516 11.49331205524504 21.862652184441689 38.234609104692936 10.082556117326019 15.475569525733595 5.4472147990018112 32.68948731943965 16.522419763728976 3.7934433482587337 4.515895737335085 6.3879319150000802 4.5505620613694182 5.1879267059266594 13.525490853935478 4.0521013736724845 4.2643412016332141 47.325828781351447 305.88037350587547 24.177930342033505 6.0373815931379786
leaf_count=8459 704 330 760 8112 1400 207 535 128 22 23 145 113 653 61 78 32 229 90 16 31 38 24 30 92 21 22 227 1766 133 32
internal_value=-0.00161964 0.00272426 0.00323105 0.00374913 -0.0660314 -0.0437529 -0.0114112 0.0385425 0.103828 0.0640032 -0.0456044 0.0040523 0.00581749 -0.00223025 -0.0205596 -0.0332153 -0.0249674 -0.0141573 -0.0878201 -0.0336496 0.0144413 0.0334602 0.00198689 0.0407526 0.000232925 0.0214312 0.0291332 -0.00306221 0.0193108 -0.0185268
internal_weight=2643.36 2476.35 2460.64 2434.81 167.004 45.2446 22.5874 12.756 8.134 6.90723 25.8302 2424.46 1892.68 531.779 99.4651 73.051 62.9685 53.7278 9.24066 37.2054 26.4141 20.0261 432.314 18.7134 413.601 55.6423 51.3779 357.958 52.078 27.9
internal_count=24513 13739 13035 12130 10774 2315 915 380 173 151 905 11800 8765 3035 599 459 398 350 48 260 140 102 2436 122 2314 270 248 2044 278 145
is_linear=0
shrinkage=0.1


Tree=136
num_leaves=31
num_cat=0
split_feature=4 0 3 0 3 9 8 9 6 9 8 7 12 4 7 8 9 12 6 4 6 3 0 10 9 10 7 12 4 4
split_gain=94.3831 7.44815 3.27164 2.9627 3.75658 5.12475 4.12022 3.51427 5.19785 4.66687 4.54521 5.13405 7.49822 3.977 7.31558 3.71549 3.82695 3.88213 4.59603 5.11278 3.06138 2.91215 3.47368 2.95151 2.59014 7.7552 2.56552 5.4486 2.55191 3.83939
threshold=13.500000000000002 43.500000000000007 8.5000000000000018 32.500000000000007 3.5000000000000004 367.09212454212462 0.11583184257602856 297.19694548872184 10.500000000000002 219.06805894663412 0.33072916666666669 -2.4999999999999996 3.5000000000000004 4.5000000000000009 -6.4999999999999991 0.27475490196078439 286.16530388471193 3.5000000000000004 8.5000000000000018 5.5000000000000009 14.500000000000002 2.5000000000000004 40.500000000000007 4.5000000000000009 311.19600000000008 22.500000000000004 -9.4999999999999982 5.5000000000000009 7.5000000000000009 9.5000000000000018
decision_type=2 2 2 2 2 2 2 2 2 2 2 2 2 2 2 2 2 2 2 2 2 2 2 2 2 2 2 2 2 2
left_child=1 2 3 20 5 7 -6 9 10 -5 11 24 -13 14 -11 16 17 28 -19 -20 -1 22 -2 -23 25 -9 27 -10 -15 -30
right_child=21 -3 -4 4 6 -7 -8 8 26 13 -12 12 -14 15 -16 -17 -18 18 19 -21 -22 23 -24 -25 -26 -27 -28 -29 29 -31
leaf_value=0.0041505592307111176 0.25149308876585469 -0.069952234429656202 -0.046223672060576995 0.12977053994934404 0.093296777408731546 -0.072041252290340987 -0.031353684927413319 -0.03818863458691471 0.11968643495367343 -0.023166763051903697 0.097837959092909418 0.19092244745264811 -0.0023104356616687415 -0.087742939278850116 0.15680481428853899 -0.070032400590536947 -0.073996486595998168 -0.030510713147209059 0.21688773059245181 0.041609367845652535 0.059393348733886048 0.021743194189307223 -0.076395193893133873 -0.074498901028939926 -0.039303488301677764 0.1624771504706673 0.15469415955909516 -0.053816130883799995 0.086571789154026149 -0.083851043185314084
leaf_weight=1990.8962482511997 0.60906877554952987 14.096978471614419 13.439021642319856 2.3446429874747983 2.7571931835263959 8.7328339144587499 69.341700702905655 6.1554259620606881 4.7151882126927376 5.9436370655894279 5.2317785695195189 3.1076849624514598 5.6757647078484297 5.7313009612262267 3.6429403647780401 13.493198193609713 7.3500506728887549 7.3906964417547014 1.9661325551569451 10.836126713082193 10.082305669784544 3.2436519339680663 0.68815472256392241 180.86255808826536 21.729453008621931 2.8029677867889404 3.6797902025282365 2.9376078210771084 2.8823570366948843 2.4417962916195393
leaf_count=10470 20 502 334 37 31 48 950 53 29 37 29 16 38 46 24 142 62 90 14 123 38 18 31 11041 146 20 26 23 34 41
internal_value=-0.00319592 0.00250533 0.00296641 0.00326664 -0.0083102 0.00192127 -0.0265868 0.00730116 0.0255888 -0.00870495 0.010254 -0.00135488 0.0660576 -0.013969 0.0452232 -0.0248623 -0.00907177 0.0061994 0.0322795 0.0685281 0.00442891 -0.0717513 0.077554 -0.0728033 -0.0206496 0.0245971 0.0860788 0.0530856 -0.0414363 0.00841141
internal_weight=2414.81 2229.4 2215.31 2201.87 200.89 128.791 72.0989 120.059 56.0357 64.0229 44.7031 39.4713 8.78345 61.6782 9.58658 52.0917 38.5985 31.2484 20.193 12.8023 2000.98 185.403 1.29722 184.106 30.6878 8.95839 11.3326 7.6528 11.0555 5.32415
internal_count=24513 13403 12901 12567 2059 1078 981 1030 380 650 302 273 54 613 61 552 410 348 227 137 10508 11110 51 11059 219 73 78 52 121 75
is_linear=0
shrinkage=0.1


Tree=137
num_leaves=31
num_cat=0
split_feature=4 0 10 0 3 0 8 9 11 0 3 9 8 11 9 8 8 11 8 8 12 8 8 0 4 1 11 13 7 3
split_gain=12.3852 6.89216 8.39847 4.9636 6.41728 4.00057 3.73026 4.3316 8.25205 4.29469 4.18752 7.01178 3.91979 3.59758 3.59364 3.17567 6.62884 7.59624 3.13727 7.56709 4.44523 3.38651 3.87928 3.21537 5.40152 3.13174 3.04816 4.28195 3.61463 3.56866
threshold=18.500000000000004 33.500000000000007 19.500000000000004 43.500000000000007 5.5000000000000009 54.500000000000007 0.21294035577258458 142.86127722406795 1.5000000000000002 38.500000000000007 8.5000000000000018 165.88075633773312 0.14415584415584412 5.5000000000000009 160.89314814814819 0.2965856481481482 0.30707196029776679 2.5000000000000004 0.29061583577712619 0.23145604395604394 2.5000000000000004 0.23956521739130437 0.27622890682318418 48.500000000000007 19.500000000000004 5.5000000000000009 1.5000000000000002 1.3923076923076925 5.5000000000000009 13.500000000000002
decision_type=2 2 2 2 2 2 2 2 2 2 2 2 2 2 2 2 2 2 2 2 2 2 2 2 2 2 2 2 2 2
left_child=5 13 3 6 -5 25 7 8 -3 -10 11 -9 -13 26 -4 -8 17 -17 19 23 -21 -22 -23 24 -16 -1 28 29 -2 -28
right_child=1 2 14 4 -6 -7 15 10 9 -11 -12 12 -14 -15 18 16 -18 -19 -20 20 21 22 -24 -25 -26 -27 27 -29 -30 -31
leaf_value=0.0036355067219390005 -0.073456118602269721 -0.07923089444798441 0.11126194582969989 0.17289840813175411 -0.064621956338575912 -0.068901737946172256 -0.05841844098619306 0.20223637250611956 0.20566714356761523 -0.0044012360885099938 -0.04004577398464116 0.11882424338057472 -0.082235679530353378 -0.057062376503401596 -0.062469567746799709 0.26666457904567675 -0.0417269574363274 -0.024522253601847704 -0.047456564751041957 0.12403957938403186 0.11023688435768041 -0.030413900123829326 0.086230776499418058 -0.054657832332528404 0.046075219568039907 -0.043060015657773759 0.053166921379737664 -0.053707380110914915 0.009799941087625396 -0.024616228029072776
leaf_weight=3356.4227865124121 7.2351557835936573 2.4512912295758715 2.8092772215604773 1.1573349530808617 66.352112541906536 7.6626962427981189 33.954479329288006 2.1096482202410725 3.4428232796490192 1.3567427843809126 19.920657182112336 1.4166481755673883 3.0729999244213104 7.8528529927134505 7.3872129470109966 1.724359987303614 10.670163283124564 1.8646901827305553 13.54580647498369 6.0078829042613533 3.6623691879212883 10.158156303688882 3.9636714048683634 16.966778932139277 12.083964198827742 14.424400173127649 34.956808481365442 5.5103360041975966 18.673999164253473 7.0956723242998114
leaf_count=17501 63 48 11 33 3807 158 801 27 40 36 461 20 62 87 27 29 235 42 84 37 26 77 22 186 46 79 247 44 122 55
internal_value=0.0015231 -0.0176939 -0.0266745 -0.0404698 -0.0605501 0.00327162 -0.0239348 0.00155216 0.070045 0.146285 -0.0171746 0.0518645 -0.0187939 0.00727166 0.000253847 -0.0417869 -0.00218344 0.115379 -0.00397318 0.00580628 0.0496714 0.0245482 0.00232557 -0.0228353 0.00489417 0.00343569 0.0141478 0.029181 -0.0134494 0.0400423
internal_weight=3685.91 307.404 226.079 149.494 67.5094 3378.51 81.9845 33.7708 7.25086 4.79957 26.52 6.5993 4.48965 81.3248 76.5851 48.2137 14.2592 3.58905 73.7758 60.23 23.7921 17.7842 14.1218 36.438 19.4712 3370.85 73.472 47.5628 25.9092 42.0525
internal_count=24513 6775 6157 5641 3840 17738 1801 694 124 76 570 109 82 618 516 1107 306 71 505 421 162 125 99 259 73 17580 531 346 185 302
is_linear=0
shrinkage=0.1


Tree=138
num_leaves=31
num_cat=0
split_feature=10 0 10 10 0 8 8 0 13 10 13 13 6 9 9 8 7 11 12 4 8 0 9 5 2 3 0 12 0 9
split_gain=40.1109 6.51252 3.48516 2.96456 13.4568 3.62679 2.91856 2.6091 2.49409 5.00206 3.91517 6.58357 3.19387 2.99964 2.44664 3.87052 2.32154 6.1534 3.54078 3.26052 3.23472 2.95427 2.68755 5.41771 3.36414 3.60384 4.19783 3.76488 3.38173 3.23332
threshold=6.5000000000000009 31.500000000000004 7.5000000000000009 20.500000000000004 32.500000000000007 0.3626692456479691 0.10582306830907051 36.500000000000007 0.5634920634920636 22.500000000000004 1.4833333333333336 1.5857142857142861 7.5000000000000009 256.89168123543129 371.69427497789576 0.22016949152542373 -3.4999999999999996 1.0000000180025095e-35 10.500000000000002 15.500000000000002 0.24807692307692308 54.500000000000007 259.78658186150835 2.5000000000000004 1.5000000000000002 5.5000000000000009 44.500000000000007 4.5000000000000009 42.500000000000007 232.97789855072466
decision_type=2 2 2 2 2 2 2 2 2 2 2 2 2 2 2 2 2 2 2 2 2 2 2 2 2 2 2 2 2 2
left_child=1 -1 -2 -4 14 6 -6 8 9 13 -10 -12 -11 -8 -5 -16 21 -18 19 -19 -20 22 23 -9 28 26 27 29 -25 -26
right_child=2 -3 3 4 5 -7 7 16 10 12 11 -13 -14 -15 15 -17 17 18 20 -21 -22 -23 -24 24 25 -27 -28 -29 -30 -31
leaf_value=-0.073315343441713351 -0.018556975338717464 -0.0069868952484501232 0.0046957852636412304 -0.074071732738588775 -0.070518217340608133 -0.069883329878358894 0.057165495929047565 0.076451578352541849 -0.063500451274389247 0.024416239851463767 0.22539173387694139 -0.019719295224909963 0.27131747058291322 -0.079543407357576645 0.25244591287985885 -0.077719042903964641 0.076601279843472536 0.0082546454274372918 0.0088160544780058799 -0.057432803558546644 0.12189232287123841 0.077270119495439826 0.0096824983790350008 -0.0035419086593441044 -0.037003232286152821 -0.05472797413693184 0.047050242811454257 -0.072247920777708294 -0.062105049080192036 0.075774372442306531
leaf_weight=80.947378109209239 71.593683376908302 18.115882249549031 3252.8974401131272 29.51713370252401 5.3924984931945792 7.0741683505475512 2.8776378035545331 6.2847834378480902 18.075861085206274 0.96769035048782859 1.3118675425648678 6.653612619265914 1.1424969304352997 3.6291613094508648 0.60381559841334709 0.86188172828406096 15.896393239498137 53.515209425240755 5.309565603733061 8.7989740967750532 4.83226503059268 4.9516515433788291 110.72373784892261 15.786408141255377 5.0672255828976649 9.856742709875105 18.405674457550049 7.9609112590551367 26.266677752137184 5.1015338972210884
leaf_count=6854 1022 299 13278 959 42 47 36 28 303 21 22 117 26 69 24 34 65 244 25 31 21 22 554 90 26 38 61 40 89 26
internal_value=0.00161138 -0.0611857 0.00329209 0.00372304 -0.00467316 0.000982372 0.00246202 0.00364236 -0.0223298 0.0243046 -0.037761 0.020649 0.158093 -0.0190838 -0.0678098 0.0582973 0.00665534 0.0202587 0.00789755 -0.00102065 0.0626934 0.000943065 -0.000896498 -0.0132616 -0.0196365 -0.00106797 0.0134088 -0.0207449 -0.0401209 0.0195758
internal_weight=3800.42 99.0633 3701.36 3629.76 376.866 345.883 338.809 333.416 34.6583 8.61699 26.0413 7.96548 2.11019 6.5068 30.9828 1.4657 298.758 88.3524 72.456 62.3142 10.1418 210.405 205.454 94.73 88.4452 46.3921 36.5353 18.1297 42.0531 10.1688
internal_count=24513 7153 17360 16338 3060 2043 1996 1954 594 152 442 139 47 105 1017 58 1360 386 321 275 46 974 952 398 370 191 153 92 179 52
is_linear=0
shrinkage=0.1


Tree=139
num_leaves=31
num_cat=0
split_feature=4 10 10 0 0 4 10 10 0 5 2 5 13 1 12 0 9 9 13 13 8 8 8 4 13 13 3 0 4 9
split_gain=67.574 9.17258 5.63157 9.44046 4.8233 3.11195 4.53096 6.5075 7.6725 5.01705 4.36628 2.91168 2.80167 3.13148 2.70788 5.81095 2.673 3.88744 4.15517 3.96376 3.37269 3.29835 2.63949 2.51115 2.43614 2.68829 2.26321 2.19379 3.28118 2.12405
threshold=9.5000000000000018 7.5000000000000009 19.500000000000004 48.500000000000007 21.500000000000004 7.5000000000000009 7.5000000000000009 19.500000000000004 20.500000000000004 1.0000000180025095e-35 3.5000000000000004 4.5000000000000009 0.94987468671679209 1.0000000180025095e-35 4.5000000000000009 58.500000000000007 227.68449712643681 210.12683215130025 0.94987468671679209 0.59411764705882364 0.23420877659574468 0.20611577964519137 0.24037037037037037 30.500000000000004 1.297058823529412 0.62828947368421062 8.5000000000000018 55.500000000000007 22.500000000000004 194.34940741921773
decision_type=2 2 2 2 2 2 2 2 2 2 2 2 2 2 2 2 2 2 2 2 2 2 2 2 2 2 2 2 2 2
left_child=5 -2 4 -4 -3 -1 -7 8 -8 -10 12 16 13 -11 27 24 17 18 22 -19 21 -18 -5 29 25 26 -16 28 -13 -6
right_child=1 2 3 11 23 6 7 -9 9 10 -12 14 -14 -15 15 -17 20 19 -20 -21 -22 -23 -24 -25 -26 -27 -28 -29 -30 -31
leaf_value=-0.074107889069002036 -0.076523596767138699 -0.066442619810736653 -0.069221557204191986 -0.077697589393902172 0.0013089209979028759 -0.075920000813633273 -0.076246942197941037 -0.076137237686637382 0.25621112821724384 -0.078915622009894229 -0.077512828368843767 -0.06435802128963275 0.18436572206143398 0.11993119811073621 -0.056604006048696365 0.073056713831476147 -0.044669852582274711 -0.011659717566478057 0.066234076820901586 0.12516108537595902 -0.060909581295521133 0.083443573391682652 0.026605931634961267 0.048549520846274764 0.050463026445450303 -0.090094083552866799 0.074231212053959356 -0.091666873706682139 0.060074954637687 0.0073878945384369833
leaf_weight=112.755067916587 14.600506091024725 9.6746463589370233 28.006994371302426 5.9365566670894676 1266.2352195940912 20.967316251713783 4.2777660274878171 9.10906457249075 1.4600225687026958 1.3300116620957854 1.896283186972141 5.8304213546216506 2.2472402658313513 1.9577565826475618 2.9350244868546742 7.4910170733928672 3.474095160141589 3.020307891070841 6.7852651774883261 7.0829088911414146 8.28647957369685 4.7671390101313591 4.1030107773840427 12.761558912694452 2.8162145297974339 7.6601956635713577 2.405926551669836 7.6536620855331412 3.3291647210717201 1052.5799826309085
leaf_count=8459 704 330 1305 30 5696 1400 207 535 19 27 60 81 36 31 33 28 41 24 32 43 69 29 24 142 26 71 16 36 25 4954
internal_value=-0.00153251 0.00250297 0.00297337 -0.018975 0.00401944 -0.065361 -0.0425549 -0.0111529 0.0337968 0.0867407 0.053445 -0.0021373 0.0983109 0.039491 -0.0215623 0.000502231 0.0157974 0.0352277 0.00578455 0.0842592 -0.0158598 0.0294373 -0.0350704 0.00431181 -0.0338592 -0.0521244 0.00233305 -0.0521507 -0.0191313 0.00406835
internal_weight=2623.44 2467.44 2452.84 111.584 2341.25 156.001 43.2455 22.2781 13.1691 8.89131 7.43129 83.5774 5.53501 3.28777 40.1216 23.3084 43.4558 26.928 16.8248 10.1032 16.5277 8.24123 10.0396 2331.58 15.8174 13.0011 5.34095 16.8132 9.15959 2318.82
internal_count=24513 13739 13035 1913 11122 10774 2315 915 380 173 154 608 94 58 316 174 292 153 86 67 139 70 54 10792 146 120 49 142 106 10650
is_linear=0
shrinkage=0.1


Tree=140
num_leaves=31
num_cat=0
split_feature=4 0 4 0 2 8 11 10 7 8 3 8 10 6 6 7 9 3 9 12 10 0 8 10 13 9 11 11 0 12
split_gain=86.4614 6.74285 3.05842 4.24967 3.02873 2.88106 3.8994 2.77529 3.51435 2.63583 2.40939 3.28967 3.24972 3.00111 3.83049 3.45496 3.08512 2.30371 2.48095 4.66452 3.14539 4.08318 3.70606 3.57604 3.25252 2.91011 3.71429 2.86976 4.07049 3.23004
threshold=13.500000000000002 43.500000000000007 7.5000000000000009 33.500000000000007 6.5000000000000009 0.054093567251461951 1.5000000000000002 4.5000000000000009 -12.499999999999998 0.054093567251461951 2.5000000000000004 0.32037735849056609 2.5000000000000004 4.5000000000000009 3.5000000000000004 -7.4999999999999991 279.69597902097911 4.5000000000000009 429.55389610389619 1.5000000000000002 7.5000000000000009 19.500000000000004 0.22933743169398904 2.5000000000000004 0.94987468671679209 460.52647907647912 3.5000000000000004 3.5000000000000004 16.500000000000004 4.5000000000000009
decision_type=2 2 2 2 2 2 2 2 2 2 2 2 2 2 2 2 2 2 2 2 2 2 2 2 2 2 2 2 2 2
left_child=1 2 9 4 5 6 -4 -2 -9 -1 11 12 -7 14 -14 -15 -17 18 -11 -20 21 22 27 24 -23 26 -26 29 -29 -21
right_child=7 -3 3 -5 -6 10 -8 8 -10 17 -12 -13 13 15 -16 16 -18 -19 19 20 -22 23 -24 -25 25 -27 -28 28 -30 -31
leaf_value=0.035430361173957176 0.019676463190338275 -0.069283036436518494 -0.12949176922720296 -0.027821846482731567 -0.089918761667031444 0.07322744209235954 0.0009115547407864957 0.28103804112520586 -0.073713178930144507 0.0067316869925606359 -0.0011193551058274851 -0.042853790024392664 0.021419858060821445 -0.022072275873820522 -0.070566592924643928 0.13651619335563575 0.028300381840055507 -0.0082761944977819621 0.050279281916100343 -0.053725454252038285 -0.063704975503977343 0.061755049593031741 0.076588239352942192 -0.063823758864032187 -0.00016033458285191236 0.034464189350545772 -0.12223477500224983 -0.16695670127699191 0.0038415879130773525 0.080211674619995676
leaf_weight=28.006955873221159 3.2851116061210623 13.124904670752583 4.0115512777119857 62.912450219504535 3.7634107433259478 12.866239655762909 5.3529524598270655 0.27971590589731832 168.71887687547132 1307.8983510509133 527.17265949584544 7.0663414075970641 12.714274156838657 4.8803752884268752 7.0300270915031424 5.0142309218645078 5.5508534461259842 129.68472209945321 10.845341375097631 2.814046651124956 13.440442148596047 5.7533940523862865 8.3405989501625282 17.192264728248119 5.2574418634176237 5.1554598510265341 4.7392213046550751 2.2319693192839622 3.7224924303591251 4.9993988890200853
leaf_count=190 18 502 19 1143 112 51 29 14 11078 7011 2940 34 62 22 35 24 29 676 65 16 62 24 105 72 21 24 20 30 38 47
internal_value=-0.00311156 0.00218092 0.00260564 -0.00310469 -0.000493076 7.57402e-05 -0.0549504 -0.0713565 -0.073126 0.00503088 0.000960674 0.0208534 0.0302212 0.014497 -0.0113322 0.0475152 0.07966 0.00447151 0.00565881 -0.0109488 -0.0199654 -0.010201 0.0239851 -0.0300394 -0.0022559 -0.0265614 -0.0580334 -0.00788193 -0.0601804 0.0319736
internal_weight=2393.83 2221.54 2208.42 658.335 595.423 591.66 9.3645 172.284 168.999 1550.08 582.295 55.1223 48.056 35.1898 19.7443 15.4455 10.5651 1522.08 1392.39 84.4921 73.6467 60.2063 22.1085 38.0978 20.9055 15.1521 9.99666 13.7679 5.95446 7.81345
internal_count=24513 13403 12901 4500 3357 3245 48 11110 11092 8401 3197 257 223 172 97 75 53 8211 7535 524 459 397 236 161 89 65 41 131 68 63
is_linear=0
shrinkage=0.1


Tree=141
num_leaves=31
num_cat=0
split_feature=4 0 1 3 0 10 8 12 0 13 13 8 0 9 6 5 9 4 12 9 0 3 8 10 5 2 1 12 13 13
split_gain=10.9018 3.94015 3.50883 3.49341 4.87848 7.09772 2.97893 6.27519 2.95371 2.92643 2.90772 4.59116 3.45116 3.10611 4.78371 3.302 6.16797 4.52242 2.65202 2.62488 2.53747 2.53694 4.20601 3.27622 2.74844 3.21736 4.89601 5.95709 2.45273 4.09478
threshold=20.500000000000004 48.500000000000007 3.5000000000000004 7.5000000000000009 33.500000000000007 18.500000000000004 0.16807909604519775 3.5000000000000004 42.500000000000007 0.25833333333333336 1.1622807017543864 0.24165739710789766 29.500000000000004 197.53988095238094 5.5000000000000009 3.5000000000000004 166.86956018518524 22.500000000000004 7.5000000000000009 121.71866666666666 16.500000000000004 8.5000000000000018 0.31622807017543858 14.500000000000002 4.5000000000000009 4.5000000000000009 2.5000000000000004 9.5000000000000018 1.083916083916084 1.1791443850267382
decision_type=2 2 2 2 2 2 2 2 2 2 2 2 2 2 2 2 2 2 2 2 2 2 2 2 2 2 2 2 2 2
left_child=3 2 10 19 20 8 7 -7 21 -3 11 -2 -12 15 -15 -14 17 -17 -9 -1 -5 22 24 -24 25 26 27 -6 -23 -30
right_child=1 9 -4 4 5 6 -8 18 -10 -11 12 -13 13 14 -16 16 -18 -19 -20 -21 -22 28 23 -25 -26 -27 -28 -29 29 -31
leaf_value=0.082712766150244754 0.0086160694815901155 0.072994794454133996 -0.040573648798176556 0.07015990727840081 -0.053492309825560927 0.025189483562804389 0.0067586263083057223 -0.13980665610493562 -0.066831336834914143 -0.053926683749481445 0.14533518565066805 -0.044332553663225749 -0.0622512210129752 0.2655525237986131 0.015940830049525886 0.1933354494191204 -0.091455350067343899 -0.018593106645173191 -0.043634681076290482 0.0038517596062045663 0.0016654628919347985 -0.058648144904113492 -0.0059427202949477106 0.20031085112577462 -0.078803878093101368 -0.079082563991195565 0.18134319781475455 0.18523764048463387 0.051800169475129533 -0.043292182347735221
leaf_weight=4.2267423812299958 40.58920352999121 1.895651708357035 35.564627063460648 5.4992436170577994 4.7068167794495839 9.7446661461144704 98.62597637064755 4.8669889066368324 25.022171960677952 43.582815586589277 2.3499363660812405 27.452041166834533 5.8748910361900908 1.1537604797631495 2.2950017312541604 2.6278193406760693 2.2870631422847509 1.6324088685214517 6.9788947477936745 2957.3202456389554 328.35778973251581 27.078423848375678 1.3662331234663718 1.765143049880862 4.8935245275497428 2.888031341135501 1.9610181078314779 1.343633785843849 6.6420375015586641 14.229844739660619
leaf_count=18 765 27 850 21 84 54 578 32 1318 2254 12 552 134 23 35 28 61 37 37 14876 1529 528 23 22 95 55 26 19 134 286
internal_value=0.00141972 -0.0235192 -0.0141428 0.00260928 -0.00474093 -0.0166001 -0.000606573 -0.0342509 -0.0375223 -0.0486363 -0.00324577 -0.0127467 0.0322329 0.0154864 0.0994468 -0.00782344 0.0410147 0.11213 -0.0831478 0.00396431 0.00279369 -0.0265559 0.00444753 0.110322 -0.0165447 0.0114076 0.0440282 -0.000477146 -0.0387919 -0.013031
internal_weight=3674.82 167.305 121.827 3507.52 545.97 212.113 120.217 21.5905 91.8969 45.4785 86.2621 68.0412 18.2209 15.8709 3.44876 12.4222 6.54729 4.26023 11.8459 2961.55 333.857 66.8747 18.9244 3.13138 15.793 10.8995 8.01147 6.05045 47.9503 20.8719
internal_count=24513 4778 2497 19735 4841 3291 701 123 2590 2281 1647 1317 330 318 58 260 126 65 69 14894 1550 1272 324 45 279 184 129 103 948 420
is_linear=0
shrinkage=0.1


Tree=142
num_leaves=31
num_cat=0
split_feature=10 0 0 10 10 0 8 8 9 9 12 11 7 8 9 9 11 7 0 7 11 12 8 8 8 4 2 8 8 3
split_gain=36.3841 6.44797 3.13447 2.63174 2.68841 12.2982 3.21996 2.58167 2.37199 8.18994 2.52032 2.99297 3.79727 3.14863 2.30146 2.25625 5.5784 4.5427 3.30555 2.9623 4.05972 3.87612 2.85805 2.67432 5.66347 5.19974 3.38432 3.9649 2.72043 4.90914
threshold=6.5000000000000009 31.500000000000004 10.500000000000002 7.5000000000000009 20.500000000000004 32.500000000000007 0.3626692456479691 0.10582306830907051 230.43450317124737 226.76485042735047 10.500000000000002 2.5000000000000004 -4.4999999999999991 0.19657494145199064 216.18605442176872 326.04157407407416 3.5000000000000004 -4.4999999999999991 37.500000000000007 -3.4999999999999996 1.0000000180025095e-35 4.5000000000000009 0.13819628647214852 0.28918128654970759 0.29289318755256516 7.5000000000000009 2.5000000000000004 0.31311274509803927 0.24467120181405894 5.5000000000000009
decision_type=2 2 2 2 2 2 2 2 2 2 2 2 2 2 2 2 2 2 2 2 2 2 2 2 2 2 2 2 2 2
left_child=1 -1 -2 -4 -5 -6 7 -7 9 10 11 13 14 -9 -13 19 -17 18 -18 23 21 -21 -22 28 -25 -26 27 -27 29 -10
right_child=2 -3 3 4 5 6 -8 8 15 -11 -12 12 -14 -15 -16 16 17 -19 -20 20 22 -23 -24 24 25 26 -28 -29 -30 -31
leaf_value=-0.073065697706985622 -0.07969066726576042 -0.006419870407882812 -0.016132782758041506 0.0045079474976226696 -0.067002722463027964 -0.067873211625746263 -0.06715951709108009 -0.050638797734307989 0.010333743511414847 -0.10806091092719231 0.063394576705997893 -0.031599262228903711 0.0088648746687906756 0.047517178487453834 -0.13102557681978624 -0.090579073185170889 -0.019850521506094201 -0.04290633910585212 0.1534772540313098 0.13030924352221368 0.10816176732344579 0.025350472148095632 0.009970614974728096 0.14841244810684373 -0.060198600196177322 -0.041636150060689492 0.11444847819892714 0.063333315421582215 -0.023644126989243508 -0.083759006140224038
leaf_weight=75.105801350902766 4.5659233015030614 17.995270568877459 68.987153708934784 3247.926402349025 28.991277740336955 5.1788372267037621 6.8310129307210437 4.4251100569963482 106.43804854899645 8.2219725400209409 5.6337395384907714 4.647308520972727 9.3265646919608134 12.498379223048685 4.6651145629584789 7.8678547358140376 1.7048108754679558 5.1885605677962285 3.1029248498380184 6.5529076587408763 3.1162630431354037 7.5983914155513048 60.796757645905018 3.5449304431676891 6.9800262069329646 6.4667058363556889 4.6880561783909789 8.1126158982515317 45.104031031951308 5.849628120660781
leaf_count=6854 84 299 985 13231 1017 42 47 22 631 38 25 23 41 55 25 99 40 42 16 35 16 39 330 18 85 35 21 41 249 28
internal_value=0.00155728 -0.0601839 0.00311294 0.00321539 0.00358396 -0.00445029 0.000813173 0.00218809 0.00327922 -0.0169359 0.00125089 -0.00859379 -0.0362371 0.0218516 -0.0814075 0.00680784 -0.0275915 0.0219846 0.0920157 0.00912459 0.0254888 0.0739527 0.0147582 0.00229995 0.0297733 0.0137501 0.0405396 0.0167738 -0.00290041 0.00543198
internal_weight=3788.11 93.1011 3695.01 3690.45 3621.46 373.532 344.541 337.71 332.531 49.4182 41.1962 35.5625 18.639 16.9235 9.31242 283.113 17.8642 9.9963 4.80774 265.248 78.0643 14.1513 63.913 187.184 29.7923 26.2474 19.2674 14.5793 157.392 112.288
internal_count=24513 7153 17360 17276 16291 3060 2043 1996 1954 229 191 166 89 77 48 1725 197 98 56 1528 420 74 346 1108 200 182 97 76 908 659
is_linear=0
shrinkage=0.1


Tree=143
num_leaves=31
num_cat=0
split_feature=4 10 10 0 4 10 10 0 9 5 2 8 9 4 8 8 7 1 8 8 13 4 4 9 0 8 6 3 0 4
split_gain=61.8341 8.44404 4.88605 4.30826 3.14617 4.37088 5.86087 6.35325 3.96186 5.83784 3.90457 3.65755 3.93219 2.94973 2.86343 2.46794 2.9165 2.37995 2.93822 3.86748 3.28736 3.03611 3.31726 3.76976 3.40695 2.68269 2.61622 2.58715 2.53326 2.40053
threshold=9.5000000000000018 7.5000000000000009 20.500000000000004 21.500000000000004 7.5000000000000009 7.5000000000000009 19.500000000000004 20.500000000000004 212.73000140291811 1.0000000180025095e-35 3.5000000000000004 0.23706512042818909 247.43616071428576 14.500000000000002 0.21975609756097561 0.28867521367521365 -3.4999999999999996 1.0000000180025095e-35 0.26726190476190476 0.2561121049493143 1.1791443850267382 14.500000000000002 16.500000000000004 202.50264447884419 37.500000000000007 0.29198717948717956 8.5000000000000018 4.5000000000000009 41.500000000000007 10.500000000000002
decision_type=2 2 2 2 2 2 2 2 2 2 2 2 2 2 2 2 2 2 2 2 2 2 2 2 2 2 2 2 2 2
left_child=4 -2 3 -3 -1 -6 7 -7 -9 -10 11 -11 -13 -4 -15 16 -16 18 19 20 -5 27 26 24 -24 -26 -23 -20 -21 -19
right_child=1 2 13 17 5 6 -8 8 9 10 -12 12 -14 14 15 -17 -18 29 21 28 -22 22 23 -25 25 -27 -28 -29 -30 -31
leaf_value=-0.073903319071768656 -0.076410655534670344 -0.065620006380043699 -0.076479404358690828 -0.0090871628257177053 -0.075850451036233821 -0.07615144739888649 -0.076047657674928784 -0.079766142764072442 0.29710770834296407 0.0086298895152448676 -0.077417527298647051 0.28563820916813931 0.057994076260391374 -0.08072877745443402 -0.0010746912309811793 -0.079703133421818173 0.13904383496658809 0.047238776052408962 -0.0073506352843700678 0.010447588964559017 0.047888712633423189 0.079753723684836603 -0.051731295013836436 -0.068663178519421941 -0.025830393612607867 0.071781108494320137 -0.024731232956821454 -0.11015479278123746 0.10077393313288903 0.0041766019658964959
leaf_weight=104.54196080844849 13.539484816137699 9.0570879653096181 12.272266329266133 124.6993670668453 19.413635115604848 3.9594579786062267 8.4323106538504344 1.4147393591701973 1.2849715165793876 2.2565217539668083 1.5053978897631166 1.585177179425955 1.4555111266672609 3.4984329370781762 3.5428094454109664 1.6643693279474971 2.5581054063513879 13.022105533629654 3.7612532665953022 6.469628766179083 11.021679602563379 5.7351824007928354 7.9983311519026783 14.40896982513368 4.6807592418044788 7.0658701304346323 4.1165394056588411 7.0107173100113869 5.9701021518558264 2197.2947263456881
leaf_count=8459 704 330 675 682 1400 207 535 26 12 43 51 15 26 94 59 44 33 111 29 30 51 33 39 87 25 31 22 61 35 10564
internal_value=-0.00140787 0.00234385 0.00277981 0.00322038 -0.0646711 -0.041306 -0.0106751 0.0302735 0.0746191 0.101625 0.0646998 0.105088 0.17667 -0.0425635 -0.00561079 0.0282315 0.0576768 0.00347874 -0.00688526 0.000431108 -0.00446025 -0.0266743 -0.0150264 -0.0297723 -0.00139144 0.0328852 0.0360947 -0.0742586 0.0537972 0.0044303
internal_weight=2605.24 2459.39 2445.85 2422.31 145.85 41.3077 21.8941 13.4618 9.50232 8.08758 6.80261 5.29721 3.04069 23.536 11.2637 7.76528 6.10091 2413.26 202.938 148.161 135.721 54.7776 44.0057 34.1539 19.745 11.7466 9.85172 10.772 12.4397 2210.32
internal_count=24513 13739 13035 12130 10774 2315 915 380 173 147 135 84 41 905 230 136 92 11800 1125 798 733 327 237 182 95 56 55 90 65 10675
is_linear=0
shrinkage=0.1


Tree=144
num_leaves=31
num_cat=0
split_feature=4 0 11 12 9 9 0 10 10 10 10 13 8 0 9 8 12 8 8 6 4 11 12 8 9 3 10 13 4 11
split_gain=79.3716 6.12126 2.91904 5.7651 6.28407 5.48191 4.4154 7.58457 4.72393 4.63817 12.2206 4.28702 4.02972 3.95548 3.85567 3.68463 3.61683 5.61273 6.41667 5.18347 4.30061 9.93521 4.22236 9.29523 4.2665 5.44017 4.13105 4.85309 3.71413 3.59673
threshold=13.500000000000002 43.500000000000007 5.5000000000000009 10.500000000000002 312.54777105734769 258.74669312169317 16.500000000000004 5.5000000000000009 2.5000000000000004 20.500000000000004 8.5000000000000018 1.297058823529412 0.072299651567944212 18.500000000000004 448.9585294117648 0.45916666666666672 8.5000000000000018 0.13680926916221034 0.22540322580645164 2.5000000000000004 7.5000000000000009 1.5000000000000002 6.5000000000000009 0.27100988700564976 268.15319794584508 2.5000000000000004 1.5000000000000002 0.94987468671679209 8.5000000000000018 2.5000000000000004
decision_type=2 2 2 2 2 2 2 2 2 2 2 2 2 2 2 2 2 2 2 2 2 2 2 2 2 2 2 2 2 2
left_child=1 2 6 -4 5 -5 7 -1 13 10 14 -6 -11 -8 15 -10 19 -18 29 20 21 -15 -21 24 -24 -26 -20 -28 -27 -19
right_child=-2 -3 3 4 11 -7 8 -9 9 12 -12 -13 -14 16 -16 -17 17 18 26 22 -22 -23 23 -25 25 28 27 -29 -30 -31
leaf_value=0.0652112054927909 -0.070947393041096138 -0.068600819013580963 0.015936550851351348 -0.0724255742508918 -0.036677440315772969 0.048106747330905766 0.068668079909003463 0.0073633605037571812 -0.0062180156026312742 -0.10442195866417298 -0.067227464371461557 -0.14329127399784247 0.0050361948425431229 0.11275081367545448 -0.04980847800953847 0.065801753271320332 -0.040252428535124701 0.027827191482201565 -0.0069150489568699696 0.0020703472368161563 0.094654546231795589 -0.034649445002659644 0.058030624773716226 0.034674613793625401 -0.011904856031395154 -0.10886438138990394 -0.015984246768573056 0.080611124354328823 -0.020405102707857583 0.084573435591880075
leaf_weight=25.22618742659688 160.24156625708565 12.235272702760993 285.33781791757792 5.2269715946167734 12.920395344495775 13.568080604076384 9.9824737235903722 223.23991129361093 629.01184675469995 3.3945959471166125 35.228203973732889 5.326487571001052 365.97214503306895 6.8532369360327783 20.175190947949886 7.1849465854465953 14.021897256374357 22.051710084080696 51.743918225169182 334.03921202942729 9.880018621683119 13.742171101272104 3.3277309834957114 17.814687065780163 15.055443078279493 19.645949669182304 8.2909682840108889 13.95688024163246 6.2585177794098845 22.633876964449883
leaf_count=732 11110 502 1664 43 69 76 174 1082 3488 13 979 29 2078 32 109 48 62 91 202 1381 38 61 14 74 65 76 38 58 26 99
internal_value=-0.00298526 0.00193505 0.00232714 0.0111183 -0.0259969 0.0145863 0.00081862 0.0132365 -0.00107397 -0.00501711 -0.00984907 -0.0677993 0.00403024 0.00627461 -0.00676951 -0.00540465 0.00516103 0.0195795 0.0266488 0.000676157 0.0404174 0.0143988 -0.00238116 -0.0263252 -0.0508623 -0.0597092 0.00857857 0.0446135 -0.0874926 0.05657
internal_weight=2373.59 2213.35 2201.11 322.38 37.0419 18.7951 1878.73 248.466 1630.27 1060.97 691.6 18.2469 369.367 569.299 656.372 636.197 559.316 132.699 118.677 426.617 30.4754 20.5954 396.142 62.1023 44.2876 40.9599 73.9918 22.2478 25.9045 44.6856
internal_count=24513 13403 12901 1881 217 119 11020 1814 9206 6715 4624 98 2091 2491 3645 3536 2317 550 488 1767 131 93 1636 255 181 167 298 96 102 190
is_linear=0
shrinkage=0.1


Tree=145
num_leaves=31
num_cat=0
split_feature=4 0 10 0 12 9 0 12 11 8 8 9 9 9 3 9 11 12 6 11 9 13 6 9 5 4 11 10 8 9
split_gain=9.69353 6.02384 19.9997 4.28182 3.80039 3.59984 3.26813 6.03454 3.81289 11.974 3.26258 3.59069 6.75239 3.09586 3.09283 5.68718 3.72615 5.44009 4.0163 4.55377 4.0116 3.45043 3.22965 2.95336 2.94812 2.72908 2.51623 3.82287 9.92872 5.83213
threshold=24.500000000000004 43.500000000000007 18.500000000000004 56.500000000000007 8.5000000000000018 289.61327573392799 53.500000000000007 10.500000000000002 2.5000000000000004 0.23845060412224586 0.18107302533532041 247.43616071428576 237.85302631578949 300.38680555555561 2.5000000000000004 266.96449683321617 2.5000000000000004 2.5000000000000004 13.500000000000002 5.5000000000000009 220.66197916666667 1.4494949494949496 5.5000000000000009 268.15319794584508 4.5000000000000009 14.500000000000002 4.5000000000000009 3.5000000000000004 0.084039548022598873 231.27047979797985
decision_type=2 2 2 2 2 2 2 2 2 2 2 2 2 2 2 2 2 2 2 2 2 2 2 2 2 2 2 2 2 2
left_child=1 26 -3 4 5 14 8 -8 9 -6 -10 12 -12 -7 15 -4 20 18 19 -18 -16 -19 -22 -24 -15 -11 -1 28 -28 -30
right_child=-2 2 3 -5 6 13 7 -9 10 25 11 -13 -14 24 16 -17 17 21 -20 -21 22 -23 23 -25 -26 -27 27 -29 29 -31
leaf_value=0.0049837113168973955 -0.052026302001204228 -0.065141622511800321 0.067264491647602828 -0.078899977071974367 -0.019994407329591402 0.080752685215054909 0.24472459944031233 -0.00093376032559155649 0.063068956648720864 0.058345772147583297 -0.02817714256096069 -0.051753126750540945 0.099099793651954649 -0.039669332043583999 -0.00045222690366186302 -0.040642214001698714 -0.0035120582600292045 -0.0081639515125987976 0.12392334716634333 0.09057201059218313 0.02852698825616419 -0.084014609760037634 -0.043190031527167549 -0.11559551148286114 0.054960455044349071 0.14562983013280026 -0.095990603167037669 -0.0048015419974603074 0.12453152238462391 0.011630416546967512
leaf_weight=2309.8637766353786 33.744265198241919 56.25522435689345 13.316078871488573 6.8191802976652971 14.790580471977593 8.5496800709515828 1.8013881929218758 2.2476110439747572 6.1684603653848162 6.3337469547986975 12.823683666065337 15.422644361853598 6.1756654866039744 7.2023182362318021 32.874633083119988 7.7135889232158652 20.227021984756 71.965581899508834 4.3499400354921809 6.8991507105529299 5.4299996085464945 6.5425142962485543 42.715991977602243 6.4892571270465842 6.0642273724079132 8.2456756439059955 8.5215637367218715 708.92921765614301 4.6726123541593543 219.95564464479685
leaf_count=12656 1660 3196 44 173 77 31 20 28 32 22 78 59 26 28 238 27 123 408 21 39 27 36 209 28 20 45 61 3994 21 1086
internal_value=0.00132332 0.00181934 -0.0101392 -0.000505088 0.00119553 -0.00490599 0.0210098 0.108359 0.0159544 0.0433992 -0.00390386 -0.0159055 0.0131937 0.0338276 -0.00877295 0.0276848 -0.0126551 -0.000402782 0.0347213 0.0204169 -0.028054 -0.014485 -0.0446622 -0.052739 0.00358658 0.107711 0.00320726 -0.0011484 0.00995958 0.0139789
internal_weight=3663.11 3629.37 377.424 321.169 314.349 240.34 74.0095 4.049 69.9605 29.37 40.5905 34.422 18.9993 21.8162 218.524 21.0297 197.494 109.984 31.4761 27.1262 87.5099 78.5081 54.6352 49.2052 13.2665 14.5794 3251.94 942.079 233.15 224.628
internal_count=24513 22853 5035 1839 1666 1279 387 48 339 144 195 163 104 79 1200 71 1129 627 183 162 502 444 264 237 48 67 17818 5162 1168 1107
is_linear=0
shrinkage=0.1


Tree=146
num_leaves=31
num_cat=0
split_feature=10 0 0 10 0 8 9 8 8 10 8 8 12 0 10 0 0 3 13 13 0 8 11 0 0 10 0 6 8 11
split_gain=32.9546 6.36818 2.81843 2.13854 11.2549 2.85238 2.39317 2.85686 2.29227 2.20561 2.53059 2.30063 5.48717 3.17962 4.12249 2.86373 5.58043 2.60298 2.51365 2.87103 2.37458 2.18738 4.22185 2.56648 2.16086 2.24384 5.19024 7.88765 3.52853 7.11354
threshold=6.5000000000000009 31.500000000000004 11.500000000000002 20.500000000000004 32.500000000000007 0.3626692456479691 371.69427497789576 0.22016949152542373 0.10582306830907051 7.5000000000000009 0.47213622291021667 0.37232102143182855 1.5000000000000002 40.500000000000007 14.500000000000002 23.500000000000004 16.500000000000004 7.5000000000000009 1.297058823529412 1.1055555555555558 46.500000000000007 0.39602987421383651 3.5000000000000004 25.500000000000004 36.500000000000007 22.500000000000004 35.500000000000007 9.5000000000000018 0.20550527903469076 3.5000000000000004
decision_type=2 2 2 2 2 2 2 2 2 2 2 2 2 2 2 2 2 2 2 2 2 2 2 2 2 2 2 2 2 2
left_child=1 -1 -2 9 6 8 -5 -8 -6 21 11 -11 17 14 15 16 -14 -13 19 -17 -15 23 -23 -4 25 -10 28 -28 29 -27
right_child=2 -3 3 4 5 -7 7 -9 24 10 -12 12 13 20 -16 18 -18 -19 -20 -21 -22 22 -24 -25 -26 26 27 -29 -30 -31
leaf_value=-0.072807103198766154 -0.055741338344690063 -0.0059168504072687903 -0.024905575480559439 -0.073238113384194267 -0.065301052994977446 -0.064335195505293097 0.20206732093264362 -0.077403587593521284 -0.037793091252665181 0.0038975327932059011 -0.05349145946186018 0.0085338795600841313 0.085443743025794994 0.097687137842633859 -0.046296679573435605 0.048663739086993216 -0.029739791208401031 -0.078408646558926598 0.094768591273464611 -0.03112652533276733 0.014447485800563939 -0.039999172280761774 0.15738926972864586 0.049002379735086213 0.005750916016312441 0.24001041793802705 -0.015367094484358435 0.32405604050372311 -0.079017616528139267 -0.081015210831788767
leaf_weight=69.694456002442166 8.172568826004861 17.885253770276904 57.507952112704515 25.677343125455085 4.9829511977732173 6.6052281698212019 0.7105131372809399 0.75387526303529739 23.67282872274518 3140.4524124376476 7.5785269737243643 6.3709938153624517 5.7177773192524937 10.419090211391447 8.2099436819553357 21.830566495656971 15.910189606249331 7.4942015670239925 8.3688027709722501 5.6836920082569113 5.106881257146596 2.2626663222908965 2.0793725177645683 5.1164762377738944 297.99938205629587 1.2550169313326462 1.545428238809109 1.2291902983561156 4.6157679846510291 1.5338644655421374
leaf_count=6854 140 299 878 959 42 47 24 34 393 12790 30 27 36 35 28 78 69 26 29 20 28 27 26 33 1360 28 28 18 101 26
internal_value=0.00147934 -0.059147 0.0029187 0.00304895 -0.00415504 0.000744122 -0.0661469 0.0581941 0.00202031 0.00385547 0.0042264 0.00436159 0.019684 0.0296063 0.0199911 0.0294539 0.000711236 -0.038459 0.0467781 0.0321813 0.0703075 -0.0141083 0.0545288 -0.0188672 0.00303118 -0.0209106 0.0183512 0.135002 -0.0253592 0.0634487
internal_weight=3776.44 87.5797 3688.86 3680.69 370.581 343.44 27.1417 1.46439 336.834 3310.11 3243.14 3235.56 95.1121 81.2469 65.721 57.511 21.628 13.8652 35.8831 27.5143 15.526 66.9665 4.34204 62.6244 331.851 33.8521 10.1793 2.77462 7.40465 2.78888
internal_count=24513 7153 17360 17220 3060 2043 1017 58 1996 14160 13196 13166 376 323 260 232 105 53 127 98 63 964 53 911 1954 594 201 46 155 54
is_linear=0
shrinkage=0.1


Tree=147
num_leaves=31
num_cat=0
split_feature=4 10 10 0 0 4 10 10 0 9 10 1 13 6 13 0 2 12 2 9 12 8 13 13 2 12 11 10 8 8
split_gain=56.5833 7.79366 4.56243 8.55224 3.96608 3.13822 4.19487 5.30274 5.36308 3.40876 4.78508 3.51157 2.75927 3.05054 3.9728 4.20234 5.80854 2.55202 2.28175 3.30294 3.52574 3.19894 3.41119 3.31024 2.74498 2.66942 3.57909 4.0995 4.27745 4.67624
threshold=9.5000000000000018 7.5000000000000009 19.500000000000004 48.500000000000007 24.500000000000004 7.5000000000000009 7.5000000000000009 19.500000000000004 20.500000000000004 291.64493055555562 15.500000000000002 1.5000000000000002 1.1791443850267382 3.5000000000000004 1.4494949494949496 20.500000000000004 5.5000000000000009 1.5000000000000002 8.5000000000000018 199.54670849245323 9.5000000000000018 0.18107302533532041 1.297058823529412 1.2111111111111115 9.5000000000000018 1.5000000000000002 4.5000000000000009 13.500000000000002 0.30079365079365078 0.22767145135566183
decision_type=2 2 2 2 2 2 2 2 2 2 2 2 2 2 2 2 2 2 2 2 2 2 2 2 2 2 2 2 2 2
left_child=5 -2 4 -4 12 -1 -7 8 -8 10 -10 -11 -3 14 15 -14 -17 -5 -6 20 25 -21 23 -23 -22 -20 27 28 29 -27
right_child=1 2 3 17 18 6 7 -9 9 11 -12 -13 13 -15 -16 16 -18 -19 19 21 24 22 -24 -25 -26 26 -28 -29 -30 -31
leaf_value=-0.073691649681875207 -0.076313785870596187 -0.063833089816144786 -0.068353950266302768 -0.055532095235106688 0.003153132062094085 -0.075788411222329155 -0.076062113580586579 -0.075967958657566684 -0.051097364162475713 0.011839836496686807 0.11445081185426863 0.23888355526077906 -0.076507365899263033 -0.057158659465613583 -0.041822783034039718 0.34399385254125853 0.050365718983874333 0.0038333526837655871 0.043129925446787704 0.11553914439859546 0.01063037512510997 0.04266633538941092 0.058922342081220248 -0.089582022690035276 0.084105890355634802 -0.017440150699719655 0.03154082729916554 -0.044929952902948267 -0.077145138056795293 0.062754005271877522
leaf_weight=96.856855841120705 12.581115360837428 14.71713305078447 25.316581652499735 8.0192597582936269 2163.1321347206831 18.013272779760882 3.6607329826802042 7.8118596272543064 3.6735152537003142 1.0733986608684065 3.3275245875120163 1.8644454907625911 0.85707794688641881 4.9577504377812147 2.8105577528476715 1.1855501588433983 1.5604725908488033 74.644005361944437 12.891168646514414 5.5041550137102631 10.381472300738098 3.7523846887052086 14.349573405459521 3.8189465962350368 9.9652749858796579 15.159107036888601 19.629766358062625 29.110494736582041 5.2359580956399432 13.97426165640354
leaf_count=8459 704 398 1305 68 9623 1400 207 535 92 22 26 33 34 142 81 27 37 540 67 30 62 23 81 22 58 66 106 177 24 64
internal_value=-0.00129286 0.00219074 0.00259537 -0.0175003 0.00352547 -0.0640102 -0.0402251 -0.0103061 0.0274112 0.065523 0.027586 0.155929 -0.0352461 0.00175174 0.0472894 0.1168 0.177135 -0.00192576 0.00396394 0.0161629 0.00880409 0.0473818 0.030268 -0.0240392 0.0466167 0.000789953 -0.00577742 -0.0173173 0.00607039 0.0210262
internal_weight=2589.84 2453.55 2440.97 107.98 2332.99 136.282 39.4247 21.4115 13.5996 9.93888 7.00104 2.93784 26.0885 11.3714 6.41366 3.6031 2.74602 82.6633 2306.9 143.773 116.348 27.4251 21.9209 7.57133 20.3467 96.0008 83.1096 63.4798 34.3693 29.1334
internal_count=24513 13739 13035 1913 11122 10774 2315 915 380 173 118 55 719 321 179 98 64 608 10403 780 624 156 126 45 120 504 437 331 154 130
is_linear=0
shrinkage=0.1


Tree=148
num_leaves=31
num_cat=0
split_feature=4 0 3 6 10 2 11 12 9 9 0 10 10 0 8 10 10 0 13 0 10 9 12 12 4 11 8 4 8 10
split_gain=72.7841 5.57667 2.9514 2.973 2.95357 2.63974 2.34253 4.96655 5.38238 4.77309 3.76825 5.56823 4.04072 4.44315 3.61539 3.94086 10.9719 3.72642 3.5905 3.50101 3.41265 8.81255 3.2536 5.05955 5.7931 4.82329 3.24833 3.25082 4.36518 3.15941
threshold=13.500000000000002 43.500000000000007 2.5000000000000004 10.500000000000002 4.5000000000000009 6.5000000000000009 5.5000000000000009 10.500000000000002 312.54777105734769 258.74669312169317 15.500000000000002 5.5000000000000009 2.5000000000000004 18.500000000000004 0.45916666666666672 20.500000000000004 7.5000000000000009 21.500000000000004 1.297058823529412 21.500000000000004 9.5000000000000018 253.65381720430108 10.500000000000002 4.5000000000000009 7.5000000000000009 1.0000000180025095e-35 0.43019480519480519 9.5000000000000018 0.12599206349206346 8.5000000000000018
decision_type=2 2 2 2 2 2 2 2 2 2 2 2 2 2 2 2 2 2 2 2 2 2 2 2 2 2 2 2 2 2
left_child=1 5 3 -2 -4 6 10 26 9 -9 11 -1 13 -12 15 16 -14 20 19 -10 -18 -22 23 -13 29 -24 27 -8 -29 -25
right_child=2 -3 4 -5 -6 -7 7 8 18 -11 12 22 14 -15 -16 -17 17 -19 -20 -21 21 -23 25 24 -26 -27 -28 28 -30 -31
leaf_value=0.070610239989360474 -0.07640199631580219 -0.067917176780972921 0.023247511896941679 0.23086337083052366 -0.073864573245658927 -0.08144931206073687 0.019075208527677075 -0.06913341245052744 0.048820513351692997 0.044402832578557982 0.069107464288364867 -0.0025353907331238392 -0.0042119149207120411 0.0049664254178802348 0.062665094662810103 0.00376265366200664 -0.031295757595323374 -0.068964757416901154 -0.13154214691786248 -0.066969955665056313 -0.078653284628307285 0.31626683103355896 0.047616230098781118 0.032351826806723161 0.13613902509404963 -0.068214254833374496 -0.080454742777963995 0.084984058541323584 -0.037100748604780409 -0.043333640869776313
leaf_weight=16.004828507080674 0.61124545149505027 11.438578120432792 3.2011569887399665 0.6494987141340971 144.65352231031284 3.7761695683002463 257.03607289493084 5.0933254510164288 3.6371701620519188 13.562917483970521 11.013244627043603 88.397630721330643 636.77729313448071 557.47982762753963 8.0370302665978652 369.70465870387852 59.776927120983601 31.411984233185649 5.3832628168165675 9.2575262021273357 1.301231745630502 0.99873301573097695 5.184587117284539 59.842531315982342 5.086320335045456 11.725287854671476 3.5502507463097563 3.420244941487911 20.379556502215564 6.075400084257125
leaf_count=521 29 502 18 22 11041 118 1362 42 33 76 226 403 3353 2315 59 2092 607 877 29 36 31 12 22 285 33 55 23 28 237 26
internal_value=-0.0028469 0.00172497 -0.0704629 0.0818922 -0.071762 0.00208807 0.00223211 0.0101193 -0.024379 0.0134064 0.000876003 0.0141341 -0.00064487 0.00620901 -0.00416144 -0.00464971 -0.00890855 -0.0408986 -0.0629465 -0.0343093 -0.0266966 0.0928362 0.00900739 0.0134319 0.0333106 -0.0327005 0.0145997 0.0158014 -0.0195561 0.0253762
internal_weight=2354.47 2205.35 149.115 1.26074 147.855 2193.91 2190.14 321.32 36.9342 18.6562 1868.82 192.317 1676.5 568.493 1108.01 1099.97 730.266 93.4889 18.278 12.8947 62.0769 2.29996 176.312 159.402 71.0043 16.9099 284.386 280.836 23.7998 65.9179
internal_count=24513 13403 11110 51 11059 12901 12783 1866 216 118 10917 1345 9572 2541 7031 6972 4880 1527 98 69 650 43 824 747 344 77 1650 1627 265 311
is_linear=0
shrinkage=0.1


Tree=149
num_leaves=31
num_cat=0
split_feature=4 0 10 0 12 9 13 11 8 5 8 11 13 8 5 9 0 9 3 9 11 12 9 6 11 13 6 9 4 5
split_gain=8.64127 5.17828 18.4159 3.94716 3.24729 3.06144 2.75274 4.042 7.47704 4.38702 3.9011 3.43146 3.29074 2.68698 2.95227 5.15691 3.43841 2.67174 2.62822 4.89956 3.23541 4.60062 3.52735 3.36552 3.68103 3.09031 2.83621 2.67004 2.55266 2.51041
threshold=24.500000000000004 43.500000000000007 18.500000000000004 56.500000000000007 8.5000000000000018 289.61327573392799 1.5419580419580421 3.5000000000000004 0.22684391080617491 4.5000000000000009 0.15831244778613199 1.5000000000000002 0.23611111111111113 0.27100988700564976 4.5000000000000009 247.43616071428576 47.500000000000007 300.38680555555561 2.5000000000000004 266.96449683321617 2.5000000000000004 2.5000000000000004 220.66197916666667 13.500000000000002 5.5000000000000009 1.4494949494949496 5.5000000000000009 268.15319794584508 15.500000000000002 4.5000000000000009
decision_type=2 2 2 2 2 2 2 2 2 2 2 2 2 2 2 2 2 2 2 2 2 2 2 2 2 2 2 2 2 2
left_child=1 -1 -3 4 5 18 7 8 10 -10 -6 -12 -9 14 16 -16 -14 -7 19 -4 22 23 -20 24 -22 -23 -24 -28 -13 -19
right_child=-2 2 3 -5 6 17 -8 12 9 -11 11 28 13 -15 15 -17 -18 29 20 -21 21 25 26 -25 -26 -27 27 -29 -30 -31
leaf_value=0.0029616454018379888 -0.050468068507650343 -0.064264002790041463 0.062479427501879362 -0.078609970528064357 0.075663604381899258 0.074872977785518935 0.082394037217664307 0.081664575056417416 0.022993357647586643 0.1150745224810038 -0.083879562317520584 -0.046126232963306112 0.086630043374507679 -0.080247620399555436 0.018636412328558803 -0.13124789764736419 -0.033541353417850722 -0.036846860269541072 -0.00033372779876301246 -0.037625813266897658 -0.0031597614591398339 -0.0074852149162363303 0.026275796809438624 0.11288638578932944 0.080288474778397997 -0.080483361080648116 -0.0405515209518768 -0.11035132885810116 0.07625332084110803 0.050669015453558591
leaf_weight=3248.5468254173175 32.0564002932515 52.691799097228795 13.233867511153223 6.3354487773030987 3.9279346652328995 8.5230114031583089 6.3362904936075202 3.1466906554996994 9.16524835675955 11.881342979148029 7.4348963107913715 3.449390634894371 5.2111841551959568 6.8651597518473855 5.2175812628120166 4.0987710505723953 4.3840385861694813 7.1876255311071855 32.825855379924178 7.7539647966623297 20.182514024898417 71.683046789839864 5.4783860333263865 4.4045946896076194 7.161889821290969 6.3098125588148823 42.089467672631145 6.3007586747407904 3.3692016825079918 6.0254538357257843
leaf_count=17818 1660 3196 44 173 18 31 27 15 47 57 45 12 20 33 33 18 34 28 238 27 123 408 27 21 39 36 209 28 28 20
internal_value=0.00122324 0.00168083 -0.0094838 -0.000463127 0.00111538 -0.00456317 0.0193477 0.013486 0.0343976 0.0749755 -0.0125749 -0.0368913 -0.0148758 -0.026661 -0.00720826 -0.0473059 0.031724 0.0312202 -0.00814046 0.0254955 -0.0117342 -0.00032744 -0.0261735 0.0317636 0.0186965 -0.0133909 -0.0419194 -0.04964 0.0143439 0.0030623
internal_weight=3653.28 3621.22 372.675 319.983 313.648 239.16 74.4877 68.1514 39.228 21.0466 18.1814 14.2535 28.9234 25.7767 18.9116 9.31635 9.59522 21.7361 217.424 20.9878 196.436 109.742 86.6945 31.749 27.3444 77.9929 53.8686 48.3902 6.81859 13.2131
internal_count=24513 22853 5035 1839 1666 1279 387 360 207 104 103 85 153 138 105 51 54 79 1200 71 1129 627 502 183 162 444 264 237 40 48
is_linear=0
shrinkage=0.1


Tree=150
num_leaves=31
num_cat=0
split_feature=10 0 0 12 9 11 8 9 2 11 8 10 10 9 6 9 13 13 11 0 2 0 6 8 0 8 6 4 8 12
split_gain=29.7165 6.30768 2.69209 2.06421 4.16843 4.61464 5.54334 6.99521 4.80649 4.51409 4.09326 5.10061 3.55421 6.02156 4.15206 5.50242 4.07439 3.31615 3.59914 5.11074 7.19371 4.2143 3.16736 2.86848 3.61097 3.59862 2.79923 3.60241 3.5795 2.68563
threshold=6.5000000000000009 31.500000000000004 10.500000000000002 11.500000000000002 224.19538824538827 3.5000000000000004 0.30707196029776679 186.52854609929082 3.5000000000000004 5.5000000000000009 0.23294573643410851 11.500000000000002 11.500000000000002 177.55267434988181 2.5000000000000004 156.74375000000003 1.2679425837320577 0.25833333333333336 4.5000000000000009 47.500000000000007 2.5000000000000004 55.500000000000007 5.5000000000000009 0.17165178571428572 28.500000000000004 0.23706512042818909 10.500000000000002 20.500000000000004 0.20794025157232701 10.500000000000002
decision_type=2 2 2 2 2 2 2 2 2 2 2 2 2 2 2 2 2 2 2 2 2 2 2 2 2 2 2 2 2 2
left_child=1 -1 -2 29 5 12 7 9 -9 10 11 -7 14 16 -5 -16 -14 -6 21 20 -20 23 -15 -19 25 -25 27 28 -24 -4
right_child=2 -3 3 4 17 6 -8 8 -10 -11 -12 -13 13 22 15 -17 -18 18 19 -21 -22 -23 26 24 -26 -27 -28 -29 -30 -31
leaf_value=-0.072531859564549578 -0.079091406659820784 -0.0052016697339244376 0.0026910575350362568 0.024294967457837702 0.042670527853885011 0.066575215112309627 -0.048077212286967236 0.019107030494067642 0.10751227806236925 -0.0598346856699465 0.092053494385773385 -0.068706869598502252 0.073692238051524764 -0.086857238698501898 -0.14584146869643233 -0.031037646981647307 -0.02937644886775502 -0.1122413771751555 -0.036854143821041484 -0.10293235441074795 0.10274893546360682 0.056374946337346681 0.035602846983725955 0.058994013395098736 -0.063940085137557903 -0.058152776679377682 -0.051875376464942405 0.066223174226733711 -0.060232024244431817 0.014078430644877606
leaf_weight=64.570673591457307 4.0166612211614838 17.735684961080551 3237.1690958645195 7.034995116293433 6.3884154679253689 5.0818260610103625 9.0659974347799999 10.007500708103182 15.954585524275897 8.474267430603506 6.5002583637833586 6.1718675065785646 14.707604344934227 6.0982106346637002 5.9288466572761562 14.111853204667566 5.1883901804685584 7.443151654675602 7.6152892345562595 3.5419141985476008 7.1631777621805668 3.6362478137016288 7.1018455661833313 5.7135798223316652 26.454120679758489 4.8466105330735445 10.360280277207492 7.7710309121757737 8.6376357711851579 221.26520007289946
leaf_count=6854 84 299 15209 28 46 18 42 39 67 35 22 27 67 27 19 55 22 49 57 17 30 21 27 30 139 40 48 45 31 1019
internal_value=0.00140365 -0.0580233 0.00273154 0.00282086 -0.00654895 0.00307701 0.0240996 0.0366374 0.0734351 0.000213142 0.028875 -0.00761759 -0.011735 0.00186267 -0.0417997 -0.0650012 0.0468144 -0.0261436 -0.0327629 0.00495494 0.030812 -0.0471307 -0.0205137 -0.0555966 -0.044206 0.00522937 -0.00856896 0.0105147 -0.0169902 0.0034196
internal_weight=3765.76 82.3064 3683.45 3679.43 221 148.197 61.2563 52.1903 25.9621 26.2282 17.754 11.2537 86.9407 59.865 27.0757 20.0407 19.896 72.8025 66.4141 18.3204 14.7785 48.0937 39.969 44.4575 37.0143 10.5602 33.8708 23.5105 15.7395 3458.43
internal_count=24513 7153 17360 17276 1048 619 250 208 106 102 67 45 369 267 102 74 89 429 383 104 87 279 178 258 209 70 151 103 58 16228
is_linear=0
shrinkage=0.1


Tree=151
num_leaves=31
num_cat=0
split_feature=4 10 10 0 4 10 10 0 4 9 5 2 8 8 0 8 9 10 0 8 3 9 11 12 12 0 8 8 8 4
split_gain=51.7019 7.18422 3.96392 3.58258 3.14959 4.02594 4.79985 4.55769 2.80683 2.72642 3.18235 3.08764 2.60097 4.19416 3.43899 2.21138 2.33259 2.13595 3.45142 3.44775 3.62041 4.94351 5.40977 4.05144 4.54487 3.74435 3.61508 4.79005 4.92441 3.8038
threshold=9.5000000000000018 7.5000000000000009 20.500000000000004 21.500000000000004 7.5000000000000009 7.5000000000000009 19.500000000000004 20.500000000000004 14.500000000000002 212.73000140291811 1.0000000180025095e-35 3.5000000000000004 0.21975609756097561 0.22886904761904758 52.500000000000007 0.23706512042818909 247.43616071428576 17.500000000000004 54.500000000000007 0.28281378178835115 10.500000000000002 184.14546783625735 4.5000000000000009 7.5000000000000009 3.5000000000000004 51.500000000000007 0.29459980713596917 0.29805897723030988 0.30471628592483424 20.500000000000004
decision_type=2 2 2 2 2 2 2 2 2 2 2 2 2 2 2 2 2 2 2 2 2 2 2 2 2 2 2 2 2 2
left_child=4 -2 3 -3 -1 -6 7 -7 -4 -9 -11 15 -10 -14 -15 -12 -17 18 -5 -19 26 22 -22 24 -23 -25 -21 -28 -29 -30
right_child=1 2 8 17 5 6 -8 9 12 10 11 -13 13 14 -16 16 -18 19 -20 20 21 23 -24 25 -26 -27 27 28 29 -31
leaf_value=-0.073473199710150469 -0.076224633770466857 -0.063973838608791855 -0.076356737515844209 0.0040156210881500285 -0.075729540972560433 -0.075982571117132525 -0.075896656864917922 -0.079369028750290491 -0.08042990859616389 0.20191754807932469 0.0054838822706777292 -0.077590368610863658 0.22362271818051421 -0.078270821981286348 0.064289585385075732 0.20370017806277449 0.042120340752279481 0.0012612947813446036 0.035704791896409592 -0.082246309624731895 -0.087782817714084138 -0.012281854075260189 0.053856097817435999 -0.098492884667980202 0.096283741660242061 0.034510031600375551 0.095078128387665356 -0.11910180354466632 -0.036489181992114324 0.036673425987009123
leaf_weight=89.735408119857311 11.669918918982146 8.0064843334257585 10.767817471176388 1844.0563200097531 16.673733183881268 3.3928553611040142 7.2364139882847658 1.2769680861383665 3.1954699316993338 1.6590247415006141 2.3253892697393894 1.5353389317169783 0.94980908185243595 3.1084703952074051 3.7137291580438614 1.97356553375721 1.6324549093842504 428.14708053320646 35.022494046017528 12.753973185084758 9.1310561001300794 5.9376436881721082 3.8266782816499463 3.8989926259964687 10.998755861073731 4.6304195076227188 3.2429320085793725 5.524627066217362 28.113288745284081 9.5101132523268443
leaf_count=8459 704 330 675 8112 1400 207 535 26 94 12 43 51 11 104 21 15 26 2436 653 84 44 34 25 22 49 25 23 41 203 49
internal_value=-0.00118575 0.00204935 0.00242455 0.00280753 -0.0632827 -0.0390306 -0.00993643 0.0246627 -0.0400895 0.0574881 0.0766386 0.048803 -0.00448242 0.0267435 -0.000666709 0.0815198 0.130553 0.00302987 0.00460625 -0.00260461 -0.0195688 0.00433039 -0.045954 0.0299165 0.0582223 -0.0262887 -0.035095 -0.022132 -0.0309413 -0.0179958
internal_weight=2573.65 2446.21 2434.54 2412.8 127.441 37.7057 21.032 13.7956 21.7353 10.4027 9.12577 7.46675 10.9675 7.77201 6.8222 5.93141 3.60602 2404.79 1879.08 525.716 97.5685 38.4235 12.9577 25.4658 16.9364 8.52941 59.1449 46.391 43.148 37.6234
internal_count=24513 13739 13035 12130 10774 2315 915 380 905 173 147 135 230 136 125 84 41 11800 8765 3035 599 199 69 130 83 47 400 316 293 252
is_linear=0
shrinkage=0.1


Tree=152
num_leaves=31
num_cat=0
split_feature=4 0 10 3 7 2 0 0 7 11 8 5 12 8 4 5 2 13 6 8 11 8 9 9 11 9 0 12 7 6
split_gain=66.8279 5.08314 2.75592 2.76037 4.12008 2.38989 2.18458 2.0944 3.02821 3.24886 3.95339 5.49569 3.25123 5.64411 11.3346 4.25468 3.90421 7.81949 3.65267 5.81548 4.62118 5.69449 4.95441 10.2944 5.60615 4.52807 3.03938 2.84556 4.78633 2.63432
threshold=13.500000000000002 44.500000000000007 4.5000000000000009 2.5000000000000004 -9.4999999999999982 6.5000000000000009 8.5000000000000018 32.500000000000007 -3.4999999999999996 5.5000000000000009 0.1575187969924812 2.5000000000000004 4.5000000000000009 0.24807692307692308 4.5000000000000009 2.5000000000000004 1.0000000180025095e-35 1.297058823529412 12.500000000000002 0.33072916666666669 4.5000000000000009 0.19378911892152142 272.0478070175439 304.0131313131314 1.5000000000000002 320.93597105508877 34.500000000000007 1.5000000000000002 -1.0000000180025095e-35 14.500000000000002
decision_type=2 2 2 2 2 2 2 2 2 2 2 2 2 2 2 2 2 2 2 2 2 2 2 2 2 2 2 2 2 2
left_child=1 5 -2 4 -4 6 -1 29 9 12 -11 -12 13 -9 -15 -16 -14 18 19 20 21 25 24 -24 -23 -18 -22 28 -10 -8
right_child=2 -3 3 -5 -6 -7 7 8 27 10 11 -13 16 14 15 -17 17 -19 -20 -21 26 22 23 -25 -26 -27 -28 -29 -30 -31
leaf_value=0.062678634335542757 0.021068002349607984 -0.076596108626257958 0.27571693031482492 -0.073639104055857274 -0.076647389857320308 -0.080072955075977101 0.0025260667571644115 -0.052825568928336279 -0.015959498214776241 0.14770507114191786 0.14563592044028381 -0.0032287331457181499 -0.034396207998196739 0.17165558730418054 0.093519063847866624 -0.042012083694103024 -0.017814513818123653 -0.023896376298216396 -0.046645346914290363 -0.086912369814361359 0.081753542378057584 -0.081008787106087152 0.35081509113151488 0.094238758190589481 0.16665605616716692 0.16656065326141645 -0.082342392710527526 -0.032876773414384906 0.14899302536353692 0.053718076469950443
leaf_weight=5.9103031717240802 3.2440864369273177 8.2954969722777587 0.56598856300115585 134.16594592435285 0.80210082419216522 3.5568088022992006 1967.3363558957353 29.549328195862472 6.7394726555794477 2.7796113677322891 2.9374753050506142 15.921259074471889 15.046235626563428 3.7868045605719116 2.7709927055984762 14.114893736317752 4.3211308764293923 19.182576017454267 2.8361684931442133 2.0539568159729233 2.2615489754825822 1.4866788694635018 2.9593837764114141 3.3158701062202454 2.3726015333086252 1.9255827888846395 2.2533805323764682 59.727051528170705 2.3803833471611124 10.103894835337995
leaf_count=34 18 383 15 11041 36 118 10618 317 75 18 24 140 133 20 28 182 51 190 50 20 12 29 28 26 41 11 35 759 23 38
internal_value=-0.0027184 0.00153479 -0.0700178 -0.072198 0.0691283 0.00183106 0.00196444 0.0017997 -0.00793312 0.00094162 0.0363687 0.0199587 -0.00601233 -0.0247857 0.0152941 -0.0197713 0.00969767 0.0244511 0.0604171 0.0736479 0.0894299 0.114118 0.160407 0.215239 0.0712502 0.0390201 -0.000145983 -0.0249326 0.0270949 0.00278764
internal_weight=2334.7 2195.93 138.778 135.534 1.36809 2187.63 2184.07 2178.16 200.722 131.875 21.6383 18.8587 110.237 50.222 20.6727 16.8859 60.0151 44.9689 25.7863 22.9501 20.8962 16.3812 10.1345 6.27525 3.85928 6.24671 4.51493 68.8469 9.11986 1977.44
internal_count=24513 13403 11110 11092 51 13020 12902 12868 2212 1355 182 164 1173 547 230 210 626 493 303 253 233 186 124 54 70 62 47 857 98 10656
is_linear=0
shrinkage=0.1


Tree=153
num_leaves=31
num_cat=0
split_feature=4 0 10 9 0 8 3 9 9 7 6 13 9 5 8 8 12 0 11 1 1 0 4 4 9 0 7 9 9 13
split_gain=7.69264 4.66292 24.4113 4.56274 3.80629 2.45004 5.63411 5.90698 3.13877 2.92364 2.83077 2.85983 6.3981 2.45361 3.25388 2.3752 4.15773 3.48678 3.11173 3.02114 2.98525 4.31905 3.81374 3.46555 3.82205 2.867 5.10309 3.08796 3.38528 2.92298
threshold=24.500000000000004 39.500000000000007 18.500000000000004 162.93484848484852 56.500000000000007 0.29061583577712619 10.500000000000002 200.34294794593876 192.47772702104101 -12.499999999999998 14.500000000000002 0.62828947368421062 222.48050435227856 8.5000000000000018 0.2869249394673124 0.17274535809018568 5.5000000000000009 51.500000000000007 5.5000000000000009 1.5000000000000002 1.0000000180025095e-35 46.500000000000007 7.5000000000000009 14.500000000000002 217.5747023809524 43.500000000000007 -1.4999999999999998 248.44102472089318 230.43450317124737 1.1339285714285716
decision_type=2 2 2 2 2 2 2 2 2 2 2 2 2 2 2 2 2 2 2 2 2 2 2 2 2 2 2 2 2 2
left_child=1 -1 -3 -4 5 9 7 8 -7 -5 13 -12 -13 14 15 17 20 18 -11 -20 21 22 -17 -23 -25 26 27 28 -18 -29
right_child=-2 2 3 4 -6 6 -8 -9 -10 10 11 12 -14 -15 -16 16 25 -19 19 -21 -22 23 -24 24 -26 -27 -28 29 -30 -31
leaf_value=0.0032104077984554469 -0.048870504496987509 -0.052062580660299465 0.12514720788921549 -0.050793997148296188 -0.078336180423196858 0.010357885618242449 -0.098837074768637387 -0.014533653718283808 0.12574209376144721 0.016773366160095556 -0.013370552348265653 -0.014054118538593825 0.13090011388697501 -0.051028632447540259 0.074021215977409224 -0.071939896562793315 0.029232021566759733 -0.06520538889836211 0.11623434747382133 0.013581712943495111 -0.018132735439853821 0.11156929750474137 0.0069246419368664148 0.092013207192829127 -0.040006532503725462 0.0041665554115508218 0.10521902713434833 0.011301312811870523 -0.084245705571145413 0.086317910048862481
leaf_weight=2997.5918848328292 30.475950237363577 98.169744040351361 3.0070889182388774 8.9381661564111692 5.8875038689002386 4.6067209374159557 6.9494668450206509 75.165317863225937 4.8288281671702862 63.209695959463716 5.6972870156168964 5.1301419101655465 7.4918022621423006 7.6047198697924605 6.9728613309562197 7.415441006422042 5.4007434248924238 4.4859792254865161 6.7789894416928274 4.968213502317667 116.68933250382543 6.3616137951612464 35.422553226351738 3.7676692418754083 5.2465629912912846 80.038855519145727 8.5876647159457189 13.652161985635759 5.1221981048583984 8.3838014751672727
leaf_count=15612 1660 4616 15 32 173 25 56 318 20 263 23 39 34 39 27 31 22 52 27 24 619 22 127 28 29 430 36 56 21 37
internal_value=0.00116007 0.00158202 -0.00634232 0.00232559 0.00160817 0.00253302 -0.0122816 -0.00517162 0.069408 0.00578265 0.00702079 0.0454387 0.071984 0.00521671 0.00633495 0.00507815 0.000958659 0.0204318 0.0255569 0.0728197 -0.00890513 0.00959156 -0.00672715 0.0550564 0.0151736 0.0151948 0.036647 0.0185605 -0.0260049 0.0398421
internal_weight=3644.05 3613.57 615.981 517.811 514.804 508.917 91.5503 84.6009 9.43555 417.366 408.428 18.3192 12.6219 390.109 382.504 375.531 296.089 79.4429 74.9569 11.7472 174.903 58.2138 42.838 15.3758 9.01423 121.185 41.1466 32.5589 10.5229 22.036
internal_count=24513 22853 7241 2625 2610 2437 419 363 45 2018 1986 96 73 1890 1851 1824 1458 366 314 51 856 237 158 79 57 602 172 136 43 93
is_linear=0
shrinkage=0.1


Tree=154
num_leaves=31
num_cat=0
split_feature=10 0 0 1 9 6 8 8 9 10 0 9 10 9 9 7 11 12 0 13 13 10 11 12 8 9 9 8 8 8
split_gain=26.8169 6.20593 2.44574 3.43999 3.31132 4.57017 6.18585 2.97904 2.35817 2.35251 10.7835 3.19 3.27282 2.74886 7.18333 2.52471 3.39716 3.27412 2.37414 4.08633 2.2488 4.37748 3.21919 3.07751 2.77315 2.18647 1.99327 1.98889 4.15204 1.913
threshold=6.5000000000000009 31.500000000000004 18.500000000000004 1.0000000180025095e-35 394.49597222222229 3.5000000000000004 0.20948987246811704 0.26043478260869574 132.74868154158219 20.500000000000004 32.500000000000007 326.04157407407416 21.500000000000004 230.43450317124737 226.76485042735047 -3.4999999999999996 1.0000000180025095e-35 4.5000000000000009 44.500000000000007 1.1339285714285716 1.1339285714285716 21.500000000000004 2.5000000000000004 3.5000000000000004 0.23660287081339706 214.1086904761905 379.48760964912287 0.21294035577258458 0.26953601953601958 0.25677655677655681
decision_type=2 2 2 2 2 2 2 2 2 2 2 2 2 2 2 2 2 2 2 2 2 2 2 2 2 2 2 2 2 2
left_child=1 -1 3 -2 9 6 -6 -7 -5 -4 -11 13 -13 14 18 -15 17 -17 27 25 -18 -22 -23 -24 -25 -20 -14 -12 -29 -3
right_child=2 29 4 8 5 7 -8 -9 -10 10 11 12 26 15 -16 16 20 -19 19 -21 21 22 23 24 -26 -27 -28 28 -30 -31
leaf_value=-0.07224394379706095 -0.03061028689666391 0.015221098271237991 0.0037800366007471973 -0.06363295687972656 -0.10767005024276061 0.14778989580718185 0.081734155346254417 0.027233719440185791 0.0043840048118946717 -0.068807992595070519 -0.057299846529613022 0.032494303639484634 -0.084197506705846942 -5.7041011534066221e-05 -0.10504311581295733 0.11735360247456801 -0.0024395740239227487 0.020765401586010392 0.034129086734006907 0.08589053406378222 -0.016529501696145716 0.14562862058034221 -0.038959545410263967 0.017558334064846425 0.14987826968162085 -0.05139860182167242 0.041109554517677928 0.046828312505970804 -0.065627049556310907 -0.059032814211117758
leaf_weight=59.856580306077376 52.279562348499894 12.895499130710961 3144.5814427249134 5.376304864883422 3.379867158830165 5.0186129584908468 3.5203122720122337 3.464884384535253 98.228387476876378 24.481857943348587 10.140660289674999 4.2512152120471027 10.752071163617073 193.93212217465043 8.1895305998623353 6.5541990939527732 41.507840554229915 7.5548190213739872 5.6339175552129763 6.7759351730346671 9.2869163714349288 4.1736765746027222 3.2361155636608583 3.3104328140616417 3.0368801988661289 6.366948589682579 1.4393938500434149 8.0913991369307023 5.5251653194427481 4.7466985639184704
leaf_count=6854 648 198 12815 25 20 45 21 28 741 986 62 22 165 1161 39 35 224 41 21 23 38 27 22 24 17 22 12 42 34 101
internal_value=0.00133363 -0.0568809 0.00255957 -0.00969802 0.00310175 0.0493953 -0.0110404 0.0985516 0.000854436 0.00289879 -0.00470924 -9.05055e-05 -0.0430577 0.00209465 -0.0192808 0.00607214 0.0211832 0.0656345 -0.00276802 0.0238069 0.0114675 0.0365175 0.0723275 0.0404042 0.080867 -0.0112468 -0.069403 -0.0237718 0.00119753 -0.00475719
internal_weight=3757.59 77.4988 3680.09 155.884 3524.21 15.3837 6.90018 8.4835 103.605 3508.82 364.241 339.759 16.4427 323.317 50.7236 272.593 78.6609 14.109 42.534 18.7768 64.5519 23.044 13.7571 9.58343 6.34731 12.0009 12.1915 23.7572 13.6166 17.6422
internal_count=24513 7153 17360 1414 15946 114 41 73 766 15832 3017 2031 199 1832 243 1589 428 76 204 66 352 128 90 63 41 43 177 138 76 299
is_linear=0
shrinkage=0.1


Tree=155
num_leaves=31
num_cat=0
split_feature=4 10 10 0 0 4 10 10 0 5 12 0 9 11 10 12 9 9 8 7 5 9 4 12 8 8 8 8 9 5
split_gain=47.1743 6.62631 3.61006 7.71188 3.35818 3.12277 3.84722 4.3571 3.932 2.48477 2.28429 4.96074 2.25734 3.51459 3.12265 2.97835 2.18741 4.3016 2.14456 2.10902 4.00216 2.06922 3.12026 3.44185 3.04586 2.58417 2.4204 2.11582 3.07003 2.11495
threshold=9.5000000000000018 7.5000000000000009 19.500000000000004 48.500000000000007 20.500000000000004 7.5000000000000009 7.5000000000000009 19.500000000000004 20.500000000000004 4.5000000000000009 4.5000000000000009 58.500000000000007 291.64493055555562 2.5000000000000004 16.500000000000004 5.5000000000000009 244.45986772486773 257.88390277777779 0.059714795008912656 -4.4999999999999991 6.5000000000000009 227.68449712643681 22.500000000000004 8.5000000000000018 0.23420877659574468 0.22016949152542373 0.24807692307692308 0.21975609756097561 214.1086904761905 2.5000000000000004
decision_type=2 2 2 2 2 2 2 2 2 2 2 2 2 2 2 2 2 2 2 2 2 2 2 2 2 2 2 2 2 2
left_child=5 -2 4 -4 -3 -1 -7 8 -8 21 19 16 13 14 -10 -14 -12 -18 -6 20 -11 22 23 27 25 29 -24 -5 -29 -23
right_child=1 2 3 9 18 6 7 -9 12 10 11 -13 15 -15 -16 -17 17 -19 -20 -21 -22 24 26 -25 -26 -27 -28 28 -30 -31
leaf_value=-0.073244488551868631 -0.076135332352008298 -0.076318554833739616 -0.06737861191816745 -0.019562268684013548 -0.070302109676444222 -0.075675573068774024 -0.075908046612908231 -0.075831341830469259 -0.0046985423082259335 0.112795627136535 -0.055380520050334114 0.067224871132069916 -0.0025005373231239943 -0.080181640662986789 0.15597345200730231 0.18986905511931193 0.12133786754362492 -0.08240071900292141 0.0033458714539345864 -0.070591400447718985 -0.082657686475288386 0.070467225438877498 -0.03319969368969293 0.15980958540835322 -0.058124232580746428 0.10470156883928075 0.049569488366519511 0.011938959005168295 0.15864149679495257 -0.061233362056887897
leaf_weight=83.102605819934979 10.841476895380763 5.3203917238861314 22.798943972215056 3.8084021918475646 3.9605782944709054 15.446987701347096 3.1418130658566978 6.6952187893912187 2.6651816247031075 2.0303140617907074 11.143242929130794 7.4542515948414794 1.2842659456655385 2.3712052749469876 2.2148032821714878 2.1558766346424818 2.296770751476287 1.8882823958992956 2314.0104343229905 11.820508787408469 2.164506834000349 1.9279429391026512 8.773117356002329 3.0808528885245314 7.8693326860666266 2.9079301618039608 5.9151762649416915 3.2462912686169147 2.5446651838719845 3.3175233565270901
leaf_count=8459 704 240 1305 26 20 1400 207 535 56 28 94 28 27 50 12 28 20 32 10862 84 30 17 35 19 69 16 26 29 18 37
internal_value=-0.00113046 0.00186997 0.00221824 -0.0159198 0.00303789 -0.0625896 -0.0379769 -0.00960975 0.0224414 -0.00164528 -0.0200332 0.00031085 0.0513429 0.0196934 0.0682232 0.118054 -0.0322299 0.0294117 0.00322003 -0.0489736 0.0119427 0.0147961 0.0315049 0.0678455 -0.0137442 0.0290895 0.000132585 0.0383303 0.0764031 -0.0128275
internal_weight=2558.2 2439.12 2428.28 104.988 2323.29 119.078 35.9754 20.5284 13.8331 82.1891 38.7979 22.7825 10.6913 7.25119 4.87998 3.44014 15.3283 4.18505 2317.97 16.0153 4.19482 43.3912 27.3685 12.6802 16.0227 8.1534 14.6883 9.59936 5.79096 5.24547
internal_count=24513 13739 13035 1913 11122 10774 2315 915 380 608 316 174 173 118 68 55 146 52 10882 142 58 292 153 92 139 70 61 73 47 54
is_linear=0
shrinkage=0.1


Tree=156
num_leaves=31
num_cat=0
split_feature=4 0 10 3 6 1 3 6 0 10 9 9 10 13 12 9 13 8 12 8 10 11 9 8 11 10 4 9 10 11
split_gain=61.3456 4.65726 2.65217 2.51242 3.93409 2.16042 3.34804 5.35688 2.19268 4.03626 3.88657 3.4457 3.7719 3.12555 2.91072 3.20077 2.33664 2.31246 2.30189 3.88305 6.35217 4.74834 5.82532 3.5034 5.86977 3.43641 3.37652 2.44308 2.17008 3.06935
threshold=13.500000000000002 44.500000000000007 4.5000000000000009 2.5000000000000004 11.500000000000002 1.5000000000000002 7.5000000000000009 1.5000000000000002 13.500000000000002 8.5000000000000018 173.64322089947092 194.96185268979391 8.5000000000000018 0.48529411764705882 10.500000000000002 259.78658186150835 0.94987468671679209 0.48074074074074075 11.500000000000002 0.13270440251572327 2.5000000000000004 1.5000000000000002 381.94604166666676 0.28345771144278614 4.5000000000000009 7.5000000000000009 6.5000000000000009 279.69597902097911 4.5000000000000009 1.0000000180025095e-35
decision_type=2 2 2 2 2 2 2 2 2 2 2 2 2 2 2 2 2 2 2 2 2 2 2 2 2 2 2 2 2 2
left_child=1 5 -2 4 -4 6 8 -8 9 13 -10 12 16 -1 -15 -16 -12 18 -13 20 -20 22 27 -23 26 -22 -25 -21 29 -7
right_child=2 -3 3 -5 -6 28 7 -9 10 -11 11 17 -14 14 15 -17 -18 -19 19 21 25 23 -24 24 -26 -27 -28 -29 -30 -31
leaf_value=-0.0063534293462540609 0.019209264421036765 -0.076480601069523507 -0.076720055544758498 -0.073405583916404352 0.25556173776057295 0.03637049799368177 0.13021859351076503 -0.071221853978378463 -0.06284076251964632 -0.040798167193820276 0.11834553644082822 0.0013704388153748378 -0.050714533368570729 0.040540421403293836 0.052334712859784562 -0.09657052511480145 0.034071669787125052 0.070324705503095289 -0.1371614715632522 0.01538532434325319 0.059687112808710988 0.025821469710504322 -0.061967338135719689 0.064788560007575685 -0.12046659080618838 -0.065181419637650853 -0.049176910889328677 0.10471976200628166 -0.011573240434535805 -0.0018485465521823775
leaf_weight=25.381524808704853 3.2807056978344908 7.6623241221532217 0.88083696737885364 124.48047233140096 0.59835800714790821 23.999394668266177 1.4941829703748215 11.333198369480668 9.021933891810475 10.747284807264803 5.9445957317948359 1522.5932429051027 3.1037155706435433 65.621498856693506 2.5245318152010432 3.3713242597877979 7.3678541518747807 5.0132158491760483 4.0301682874560347 3.8473232919350329 5.8806183673441392 42.084233769215643 3.0757970847189418 5.6417952887713891 4.8873469168320289 3.5250571332871914 4.8213341720402241 14.982902584597467 223.33234951738268 168.86185557208955
leaf_count=172 18 383 39 11041 12 113 17 153 79 37 35 8483 64 435 19 30 44 40 19 36 39 236 13 34 31 20 24 88 1976 783
internal_value=-0.00260537 0.00134526 -0.0695541 -0.071866 0.0576932 0.00161849 0.00314574 -0.0477573 0.00351812 0.0173452 0.00261375 0.00297453 0.0485587 0.023794 0.0344934 -0.0328112 0.0717037 0.00251271 0.00230226 0.0175948 -0.0321197 0.0260136 0.0656258 0.0109053 -0.0299884 0.0128889 0.0122741 0.0864673 -0.00486302 0.00290738
internal_weight=2319.39 2190.15 129.24 125.96 1.47919 2182.49 1766.29 12.8274 1753.47 107.646 1645.82 1636.8 16.4162 96.8989 71.5174 5.89586 13.3124 1620.38 1615.37 92.7766 13.4358 79.3407 21.906 57.4347 15.3505 9.40568 10.4631 18.8302 416.194 192.861
internal_count=24513 13403 11110 11092 51 13020 10148 170 9978 693 9285 9206 143 656 484 49 79 9063 9023 540 78 462 137 325 89 59 58 124 2872 896
is_linear=0
shrinkage=0.1


Tree=157
num_leaves=31
num_cat=0
split_feature=4 0 3 0 10 0 11 11 13 9 8 12 4 12 12 3 5 9 9 4 8 9 9 5 9 11 1 11 10 0
split_gain=6.86296 4.29392 3.57136 3.82972 5.94772 8.55408 4.12099 3.73693 4.18989 4.1223 7.03679 12.5084 4.10968 3.66284 6.90213 7.93011 4.57487 3.36709 4.48366 3.36199 4.00873 3.12879 3.08593 3.42569 3.86335 3.93497 2.84801 5.322 2.83375 3.81581
threshold=24.500000000000004 56.500000000000007 7.5000000000000009 29.500000000000004 18.500000000000004 39.500000000000007 4.5000000000000009 1.5000000000000002 1.3923076923076925 189.83787878787882 0.32305502846299816 6.5000000000000009 17.500000000000004 1.5000000000000002 3.5000000000000004 8.5000000000000018 2.5000000000000004 248.44102472089318 223.29075362318841 20.500000000000004 0.18107302533532041 121.71866666666666 162.93484848484852 6.5000000000000009 224.90895424836603 2.5000000000000004 2.5000000000000004 1.0000000180025095e-35 10.500000000000002 31.500000000000004
decision_type=2 2 2 2 2 2 2 2 2 2 2 2 2 2 2 2 2 2 2 2 2 2 2 2 2 2 2 2 2 2
left_child=1 2 21 -4 5 6 7 12 9 10 13 -12 17 -9 15 -15 -17 18 26 20 -11 -1 -6 -24 -25 -26 -5 -28 29 -16
right_child=-2 -3 3 4 22 -7 -8 8 -10 19 11 -13 -14 14 28 16 -18 -19 -20 -21 -22 -23 23 24 25 -27 27 -29 -30 -31
leaf_value=0.087183647663451894 -0.047314119761004955 -0.07754268620374935 0.0032704938082851092 -0.03784797923375971 0.093713083441215428 -0.05631359075765982 -0.041050740464656531 -0.063351377008081522 -0.059898976011790984 0.042218441324454868 0.036028192708539068 0.36473898179980585 -0.053678941204282682 0.2535553760981466 0.1355102044461558 0.13699657343107319 -0.016035599516712542 -0.11191464146995161 0.17533845587667457 0.10276211969085057 -0.059465330399261544 0.0029586148060603526 -0.0073910889696578016 0.0017928321134545477 0.0050779402176601585 0.12170126069377601 0.13614779858120116 -0.048727230202258096 -0.020661321360743827 -0.034876557885954527
leaf_weight=4.4171685967594376 29.075221851700917 6.8656461827922604 293.42416032403708 6.6998192295432109 3.6315871551632872 57.112917735707015 33.317077534273267 4.1613258495926848 6.9639432393014422 5.5790864415466848 3.325742006301879 1.7757491767406461 22.146520024165511 2.6061493679881114 3.1367982327938106 3.5337709300220013 4.3683673553168774 1.9418050460517395 1.8156146481633175 2.1863978318870059 12.708784773945807 2951.1627505337819 117.22534479759634 18.806614628061656 4.8665097597986442 7.1347942668944597 3.577305193990469 2.7572753243148327 14.617689430713652 2.262297173961997
leaf_count=19 1660 422 1179 70 18 3362 510 50 89 55 39 16 345 19 21 33 43 16 17 41 156 15032 802 132 34 44 35 25 190 39
internal_value=0.00107518 0.00146555 0.00161634 -0.00514591 -0.0122371 -0.0237155 -0.0103677 -0.000738567 0.0135401 0.0220268 0.0407886 0.150447 -0.0253903 0.0246606 0.0366589 0.102288 0.0523991 0.0119191 0.0281118 -0.0144334 -0.0284446 0.00308449 0.00264166 0.000407472 0.0300813 0.0744107 0.00760397 0.0556766 0.00220546 0.0641157
internal_weight=3633.2 3604.13 3597.26 641.683 348.259 196.594 139.482 106.164 67.2261 60.2622 39.7879 5.10149 38.9383 34.6864 30.5251 10.5083 7.90214 16.7918 14.85 20.4743 18.2879 2955.58 151.665 148.033 30.8079 12.0013 13.0344 6.33458 20.0168 5.3991
internal_count=24513 22853 22431 7380 6201 5171 1809 1299 791 702 450 55 508 395 345 95 76 163 147 252 211 15051 1030 1012 210 78 130 60 250 60
is_linear=0
shrinkage=0.1


Tree=158
num_leaves=31
num_cat=0
split_feature=10 0 0 2 9 13 2 12 0 12 8 11 6 9 9 2 0 13 8 5 13 7 0 9 6 10 11 9 4 8
split_gain=24.3372 6.03782 2.19617 1.78337 2.72474 3.01621 1.81986 2.71692 2.60577 1.67386 3.52274 3.82047 6.34272 5.20873 6.94773 4.87103 3.58161 3.52811 3.84859 3.64734 4.04615 3.46721 3.35821 3.12164 2.97102 3.12392 2.82783 3.30148 2.32746 3.45662
threshold=6.5000000000000009 31.500000000000004 11.500000000000002 2.5000000000000004 319.72978983382217 1.297058823529412 1.5000000000000002 11.500000000000002 38.500000000000007 11.500000000000002 0.27953488372093027 3.5000000000000004 12.500000000000002 223.29075362318841 187.07744401378127 3.5000000000000004 28.500000000000004 1.2344322344322347 0.24283374283374284 1.5000000000000002 1.1180555555555558 6.5000000000000009 24.500000000000004 181.13210382513662 10.500000000000002 11.500000000000002 5.5000000000000009 166.86956018518524 17.500000000000004 0.19538706256627789
decision_type=2 2 2 2 2 2 2 2 2 2 2 2 2 2 2 2 2 2 2 2 2 2 2 2 2 2 2 2 2 2
left_child=1 -1 -2 6 5 -5 7 8 -3 -4 11 17 13 14 26 -16 -15 19 -19 23 24 22 -12 -11 25 -21 27 -13 29 -27
right_child=2 3 9 4 -6 -7 -8 -9 -10 10 21 12 -14 16 15 -17 -18 18 -20 20 -22 -23 -24 -25 -26 28 -28 -29 -30 -31
leaf_value=-0.071948010755394906 -0.052352960047268186 -0.077054902827293076 0.0030746141722811345 0.086990332282823629 0.12037402522169882 -0.089584824470001281 -0.081764915590234688 0.096623310499600268 0.097323148508458024 0.0057793498433836195 -0.10911959137194825 0.05389672846923043 0.11357031381985297 0.023811542220318616 0.010776261571815765 0.10872298970488932 -0.05420151695031368 -0.059366730274630075 0.045154326599589997 -0.036979422739442498 0.088981265752631003 0.040242811012216981 -0.028437472547154837 -0.092584167358660971 -0.045301183035462704 0.06505012489265731 -0.061869261764507223 -0.040916024612693641 0.053715094166638833 -0.043208419327674746
leaf_weight=55.625764153432101 7.3042401131242505 3.8782194461673516 3447.4577199798077 1.6921728402376168 2.4442311115562916 2.258609376847744 4.1083604004234076 2.1214161664247513 1.1000064909458158 5.8932923227548581 6.0082017816603175 8.9505274537950772 6.3136438187211743 9.0833677006885427 8.3046483695507067 13.065611630678175 16.713091837242246 22.728568023070697 4.1690383907407513 9.1278451792895776 5.9049417432397595 6.1937026474624863 36.493025270290673 7.1295841261744499 10.682914234697817 4.7058145264163631 6.9913608506321898 6.2281932048499575 17.266807032749057 7.901764078065753
leaf_count=6854 140 114 16174 19 41 29 76 11 9 23 35 34 25 56 31 51 77 121 22 38 30 31 172 37 56 27 28 25 87 40
internal_value=0.00128842 -0.055795 0.00242599 -0.0047511 0.0373866 -0.0139553 -0.0287938 0.00185904 -0.0385237 0.0025351 -0.00592482 0.000826838 0.0176139 0.00887639 0.0299733 0.0706601 -0.0267318 -0.0124696 -0.0431663 -0.000435922 0.0107234 -0.0296567 -0.0398431 -0.0480713 0.00142272 0.0142206 -0.00924575 0.0149928 0.0298644 -0.00280061
internal_weight=3747.85 73.2288 3674.62 17.603 6.39501 3.95078 11.208 7.09964 4.97823 3667.31 219.856 171.161 75.6504 69.3368 43.5403 21.3703 25.7965 95.5106 26.8976 68.613 55.5901 48.6949 42.5012 13.0229 49.6851 39.0022 22.1701 15.1787 29.8744 12.6076
internal_count=24513 7153 17360 299 89 48 210 134 123 17220 1046 808 327 302 169 82 133 481 143 338 278 238 207 60 248 192 87 59 154 67
is_linear=0
shrinkage=0.1


Tree=159
num_leaves=31
num_cat=0
split_feature=4 10 10 4 10 10 0 0 4 8 8 1 1 8 8 11 6 4 10 4 3 13 8 13 9 9 12 9 5 9
split_gain=43.1376 6.10866 3.30517 3.10493 3.68533 3.97675 3.42877 3.05589 2.52801 2.20533 3.52506 3.08988 1.88428 2.48642 3.35996 3.03189 3.63586 2.75986 3.08441 3.81685 2.46147 2.43465 2.76292 3.13486 5.59993 7.30841 4.69809 4.36679 4.07129 3.16427
threshold=9.5000000000000018 7.5000000000000009 20.500000000000004 7.5000000000000009 7.5000000000000009 19.500000000000004 20.500000000000004 20.500000000000004 14.500000000000002 0.21975609756097561 0.22684391080617491 1.0000000180025095e-35 1.0000000180025095e-35 0.26726190476190476 0.2561121049493143 5.5000000000000009 10.500000000000002 14.500000000000002 17.500000000000004 16.500000000000004 4.5000000000000009 1.1791443850267382 0.24165739710789766 0.32051282051282054 216.87142547928264 223.29075362318841 7.5000000000000009 200.34294794593876 4.5000000000000009 241.47536599099104
decision_type=2 2 2 2 2 2 2 2 2 2 2 2 2 2 2 2 2 2 2 2 2 2 2 2 2 2 2 2 2 2
left_child=3 -2 7 -1 -5 6 -6 -3 -4 -10 -11 -12 13 14 15 16 21 20 19 -19 -15 22 23 28 27 -26 29 -25 -9 -27
right_child=1 2 8 4 5 -7 -8 12 9 10 11 -13 -14 17 -16 -17 -18 18 -20 -21 -22 -23 -24 24 25 26 -28 -29 -30 -31
leaf_value=-0.073012210659162927 -0.076051459365075111 -0.076220182003836956 -0.076209538259854978 -0.075625251075710984 -0.075839266176493059 -0.075767727550815178 0.046312752454774661 0.00052874906816839477 -0.079973956180314498 0.19590348634623495 0.098384578431561009 -0.047945935935683207 0.0033991348351206704 -0.0062213177948446724 0.050085183924087673 -0.041046180688501091 -0.03321507502222959 0.064093138052951401 -0.061781640387208209 -0.017420146398303395 -0.1079181692749227 0.060976806421899322 0.058223306529073496 -0.010194296743591196 0.17275322408004914 0.11151563067376478 -0.060405030655835572 -0.081285970396876739 0.11621999521169774 -0.0021103320328808785
leaf_weight=77.15859235310927 10.05547617911361 4.9349987423047414 9.3880639076232928 14.310840622987596 2.9097372340038445 6.1956203714944413 10.928890919312833 8.1685803197324258 2.8812156645581108 1.0181408841162918 2.0713375825434923 4.7570910695940256 2197.1723876195028 3.7068308172747475 12.277649868279694 19.481316859833896 23.795405852608383 7.4041485302150241 10.318684088997541 25.626711953431368 6.6492167897522449 8.7029965072870237 8.8365146908909065 29.292088716290891 3.1715885214507606 4.5199008909985441 6.340334763750433 12.255051676183937 4.8465472478419533 5.3540036380290985
leaf_count=8459 704 240 675 1400 207 535 173 57 94 7 37 92 10757 30 65 109 146 32 84 121 64 41 51 133 16 27 38 64 27 28
internal_value=-0.00105807 0.00172931 0.0020521 -0.061879 -0.0368674 -0.00918195 0.0206288 0.00239003 -0.0383141 -0.00515114 0.0223234 -0.00355799 0.00255181 -0.00672207 3.83741e-06 -0.0045588 0.00160708 -0.0251371 -0.0140572 0.00085175 -0.0715169 0.0106641 0.00537485 -0.000940339 -0.0104561 0.0339245 0.00676891 -0.031164 0.0436096 0.0499033
internal_weight=2544.53 2433.03 2422.97 111.504 34.3451 20.0342 13.8386 2402.85 20.1158 10.7278 7.84657 6.82843 2397.92 200.748 147.042 134.764 115.283 53.7056 43.3495 33.0309 10.356 91.4876 82.7846 73.9481 60.933 19.3858 16.2142 41.5471 13.0151 9.8739
internal_count=24513 13739 13035 10774 2315 915 380 12130 905 230 136 129 11890 1133 802 737 628 331 237 153 94 482 441 390 306 109 93 197 84 55
is_linear=0
shrinkage=0.1


Tree=160
num_leaves=31
num_cat=0
split_feature=4 0 7 10 13 6 2 11 12 8 6 9 0 9 9 12 12 5 0 10 10 10 10 9 0 12 12 9 8 11
split_gain=56.415 4.29426 3.81807 2.59628 2.1655 6.84094 2.13408 2.01967 4.35803 4.93907 5.42929 6.17687 5.90711 4.22689 3.84479 3.85935 3.33581 2.96993 2.9272 6.34268 3.34699 3.86852 9.98065 3.3415 3.2144 3.19243 6.09349 5.86643 5.03065 4.22022
threshold=13.500000000000002 44.500000000000007 -13.499999999999998 4.5000000000000009 1.0000000180025095e-35 11.500000000000002 6.5000000000000009 5.5000000000000009 8.5000000000000018 0.26365441906653431 3.5000000000000004 357.34661306042887 20.500000000000004 219.85365103488206 302.66798717948723 6.5000000000000009 6.5000000000000009 5.5000000000000009 16.500000000000004 5.5000000000000009 2.5000000000000004 20.500000000000004 8.5000000000000018 448.9585294117648 18.500000000000004 4.5000000000000009 9.5000000000000018 297.19694548872184 0.10889328063241101 2.5000000000000004
decision_type=2 2 2 2 2 2 2 2 2 2 2 2 2 2 2 2 2 2 2 2 2 2 2 2 2 2 2 2 2 2
left_child=1 6 -2 -4 5 -5 7 18 9 10 16 -12 -13 -10 15 -11 -9 -15 19 -1 24 22 23 -22 -20 -21 27 29 -28 -27
right_child=2 -3 3 4 -6 -7 -8 8 13 14 11 12 -14 17 -16 -17 -18 -19 20 25 21 -23 -24 -25 -26 26 28 -29 -30 -31
leaf_value=0.062689989118551073 0.32224713065157295 -0.076372283645670655 0.017316618745299255 -0.075868326970433497 -0.074040568288284647 0.38104302063087814 -0.078596052632696423 0.046544035000118479 -0.12105757468268348 -0.047352923700056428 0.027982682236122908 0.037785059014655002 -0.054049043980529926 -0.0021660238550953218 0.014738910023208446 0.030959136736413446 0.14006644207540841 -0.093738763662482724 0.066238615091135419 -0.0065213354815640938 -0.0051230742862531375 0.0036885087840987543 -0.065030974726056998 -0.046520180824478709 0.0040724368068011879 0.018392050413833936 0.067734128118939821 0.0018658306666636685 -0.030211065970802278 0.084204648933403431
leaf_weight=21.29559363424778 0.248814532533287 7.1097866231575599 3.3199743628501883 1.3148688510991622 115.14924688707106 0.4364506285637616 3.3237996445968738 39.495630763471127 3.3962955670431247 27.438306143507361 88.286823039874434 10.487129559740426 21.090954966843128 68.456592185422778 44.311718897894025 8.1658245027065259 4.2215614905580869 3.734944310039281 8.4440573006868345 110.14885564520955 628.91117098554969 369.08582982979715 30.400573556311429 20.122396551072598 554.86627953127027 15.688143979758022 6.2480355501174918 31.238961763679981 32.630904458463192 25.713829413056374
leaf_count=732 7 383 18 103 10958 24 118 234 48 202 523 75 89 380 222 52 32 25 174 531 3486 2156 967 109 2316 88 28 153 155 125
internal_value=-0.0024561 0.00121811 -0.0690756 -0.0698855 -0.0723621 0.0379997 0.00147148 0.0015939 0.00894271 0.015454 0.0254086 0.0144063 -0.0235508 -0.0120328 -0.00492231 -0.029392 0.055575 -0.00690369 0.000329666 0.0105618 -0.00121271 -0.00455276 -0.00902962 -0.00640653 0.00500431 0.00555388 0.0174806 0.0345817 -0.0144708 0.0592668
internal_weight=2304.78 2184.31 120.469 120.221 116.901 1.75132 2177.2 2173.88 319.086 243.498 163.582 119.865 31.5781 75.5878 79.9158 35.6041 43.7172 72.1915 1854.79 242.964 1611.83 1048.52 679.434 649.034 563.31 221.669 111.52 72.6409 38.8789 41.402
internal_count=24513 13403 11110 11103 11085 127 13020 12902 1882 1429 953 687 164 453 476 254 266 405 11020 1812 9208 6718 4562 3595 2490 1080 549 366 183 213
is_linear=0
shrinkage=0.1


Tree=161
num_leaves=31
num_cat=0
split_feature=4 0 3 0 10 0 11 13 10 11 8 8 9 9 1 3 3 12 11 9 9 10 11 13 9 11 7 6 8 12
split_gain=6.10817 3.96493 3.13965 3.91955 8.21663 7.38045 5.92484 3.87297 4.38178 7.90808 4.25902 5.94584 4.56701 4.33222 3.89896 3.60427 6.25382 3.54166 7.52542 3.47532 3.21168 4.30496 3.15588 2.87233 3.42015 2.81592 2.53835 2.44509 2.43318 11.0886
threshold=24.500000000000004 56.500000000000007 6.5000000000000009 29.500000000000004 18.500000000000004 39.500000000000007 5.5000000000000009 1.2679425837320577 12.500000000000002 1.5000000000000002 0.13819628647214852 0.19657494145199064 146.56632876167762 201.83830952380956 1.0000000180025095e-35 11.500000000000002 9.5000000000000018 10.500000000000002 2.5000000000000004 162.93484848484852 207.47829861111114 9.5000000000000018 3.5000000000000004 1.1791443850267382 165.04702614379087 5.5000000000000009 4.5000000000000009 3.5000000000000004 0.15319426336375488 8.5000000000000018
decision_type=2 2 2 2 2 2 2 2 2 2 2 2 2 2 2 2 2 2 2 2 2 2 2 2 2 2 2 2 2 2
left_child=1 2 -1 17 5 6 7 8 23 -10 -11 12 -12 -14 -13 16 22 28 20 -6 21 -19 -16 -5 -25 -20 -26 -21 29 -4
right_child=-2 -3 3 4 19 -7 -8 -9 9 10 11 14 13 -15 15 -17 -18 18 25 27 -22 -23 -24 24 26 -27 -28 -29 -30 -31
leaf_value=0.0031446859838372095 -0.04573357376478774 -0.077381004173074086 -0.028194131842056463 -0.016692385498850371 0.096677179118049239 -0.051187999309096226 -0.064029261146784547 -0.036188572971663099 -0.043649691040675925 -0.081136035460093014 0.24482804857939544 -0.08264549383779389 -0.0011473421720571636 0.22358404327164152 0.10507945141442963 0.15965476494096451 -0.080410149480920318 0.11608597644521823 -0.082838025521537517 0.085184114643632347 -0.022386945238510987 -0.006559814196294352 -0.0056142040997782293 -0.044424468731318098 0.17924164777852655 -0.0044285406807278186 0.036825936211636413 0.00095252956980171929 0.01030720777043951 0.10202180039964014
leaf_weight=2731.1330041121691 27.770510530099273 6.3857919136062256 52.019062981009483 74.164451282471418 3.9812873899936667 66.449441739823669 19.455783458426595 32.455452531576157 10.763998828828333 2.0887725576758411 2.8565332256257561 2.2824958786368397 2.458887275308371 1.3173600621521471 8.4006522558629531 2.833978757262229 3.5122178569436064 5.8387763202190417 17.304963704198602 3.5049215219914904 9.6293108537793142 5.6134907007217407 3.7143749445676795 2.7097201421856871 2.0937229953706264 6.2287760451436034 3.1112539917230606 205.80799827538431 300.9474161490798 7.4798780530691138
leaf_count=13575 1660 422 201 858 19 3803 312 404 147 27 14 24 29 19 79 36 50 20 68 22 39 23 45 36 24 26 33 1276 1192 30
internal_value=0.000985418 0.00134616 0.00148619 -0.00378675 -0.0101674 -0.0228327 -0.0120177 -0.00547915 0.00266982 0.0297058 0.0565034 0.0670051 0.149421 0.0772512 0.0406525 0.0558968 0.0370804 0.00336422 -0.0232137 0.00412342 0.020179 0.0559694 0.0711416 -0.0105813 0.0466827 -0.0620851 0.0941132 0.00236298 0.00665399 -0.0118241
internal_weight=3624.31 3596.54 3590.16 859.025 453.963 240.669 174.22 154.764 122.308 40.2293 29.4653 27.3765 6.63278 3.77625 20.7437 18.4612 15.6272 405.062 44.6153 213.294 21.0816 11.4523 12.115 82.0791 7.9147 23.5337 5.20498 209.313 360.446 59.4989
internal_count=24513 22853 22431 8856 7257 5940 2137 1825 1421 470 323 296 62 48 234 210 174 1599 176 1317 82 43 124 951 93 94 57 1298 1423 231
is_linear=0
shrinkage=0.1


Tree=162
num_leaves=31
num_cat=0
split_feature=10 0 2 3 3 10 0 12 8 0 8 9 9 4 3 1 8 4 6 9 12 4 7 0 11 8 8 12 7 7
split_gain=22.0121 5.91801 3.09402 4.31543 4.26141 1.98849 1.94912 2.13018 2.02017 5.51245 2.27938 2.77004 4.96415 3.51496 1.98603 2.82438 2.72572 2.28684 2.21053 1.72789 6.37188 2.09856 3.36863 3.06852 2.3993 2.36927 2.81462 1.9454 1.86549 1.61978
threshold=6.5000000000000009 29.500000000000004 3.5000000000000004 5.5000000000000009 1.0000000180025095e-35 7.5000000000000009 24.500000000000004 7.5000000000000009 0.41588050314465413 18.500000000000004 0.13976744186046514 354.06578947368428 318.48066603535364 8.5000000000000018 3.5000000000000004 1.0000000180025095e-35 0.31726674409601241 6.5000000000000009 1.5000000000000002 429.55389610389619 2.5000000000000004 4.5000000000000009 -1.0000000180025095e-35 36.500000000000007 1.5000000000000002 0.25556655121227118 0.21595124536301008 5.5000000000000009 -14.499999999999998 10.500000000000002
decision_type=2 2 2 2 2 2 2 2 2 2 2 2 2 2 2 2 2 2 2 2 2 2 2 2 2 2 2 2 2 2
left_child=1 -1 4 -4 -3 6 8 -8 10 -10 11 12 13 -2 15 -12 17 -17 -16 21 -21 22 23 -7 -24 26 -25 -26 -23 -30
right_child=5 2 3 -5 -6 19 7 -9 9 -11 14 -13 -14 -15 18 16 -18 -19 -20 20 -22 28 24 25 27 -27 -28 -29 29 -31
leaf_value=-0.073455840920188975 -0.037694590705951818 0.22544628460144622 0.22126698101726144 -0.0068289724270556868 -0.037535355042172529 -0.057195875460884532 0.072840758081408538 -0.029182317353141043 -0.078504682370757528 0.20417485634605406 -0.046093049964273269 -0.0787512724625032 0.18756814581375167 0.14629404161061038 0.019368575288120908 -0.045117123038935746 0.095557865557583319 0.066109568990329867 -0.07459969337739826 0.11335398613712089 -0.033788425212250055 0.063994237406108309 -0.041850297388285773 -0.020016503023248717 0.020210803976118189 -0.080640340777451372 0.11642771680269388 0.12717793500846974 0.0030390245550746334 -0.0092289525087653913
leaf_weight=48.943320417311043 4.8505201451480371 0.64092604815960541 1.2914860397577279 2.3184694582596421 15.954422752372919 21.570780230686072 4.9096954762935621 3.50936508923769 1.3836557585746043 1.3757768794894216 15.212953655049207 2.3352000676095477 1.8727850597351787 1.3211524486541746 2.9736912325024631 5.990042591467498 3.3385649640113106 2.6735346205532551 15.830143090337513 5.9729986824095231 5.8015443161129951 4.9650196284055701 3.3477976350113732 3.1160611025989047 4.5112400464713573 1.9468229785561559 2.9366705939173698 2.7286206455901265 3436.8755340892822 111.10366962850094
leaf_count=6598 92 16 18 38 483 595 28 25 28 12 301 45 31 17 37 119 40 35 212 32 50 24 25 29 37 28 26 20 14972 500
internal_value=0.00123789 -0.0546591 -0.0091278 0.0747739 -0.0273788 0.00229038 -0.0147049 0.0303139 -0.0211118 0.0624315 -0.0251993 0.0171309 0.0449643 0.00169133 -0.034747 -0.017479 0.0187899 -0.0107931 -0.0597393 0.00260897 0.0408541 0.00248364 -0.0202482 -0.0375787 0.0281545 0.0153189 0.0461836 0.0605255 0.00274058 0.00265486
internal_weight=3741.6 69.1486 20.2053 3.60996 16.5953 3672.45 67.5771 8.41906 59.158 2.75943 56.3986 10.3797 8.04446 6.17167 46.0189 27.2151 12.0021 8.66358 18.8038 3604.88 11.7745 3593.1 40.158 29.5703 10.5877 7.99955 6.05273 7.23986 3552.94 3547.98
internal_count=24513 7153 555 56 499 17360 1022 53 969 40 929 185 140 109 744 495 194 154 249 16338 82 16256 760 678 82 83 55 57 15496 15472
is_linear=0
shrinkage=0.1


Tree=163
num_leaves=31
num_cat=0
split_feature=4 10 4 10 10 0 10 0 4 8 8 0 13 8 2 13 9 9 4 8 4 13 9 13 4 1 5 10 0 11
split_gain=39.3057 5.63045 3.12932 3.55624 3.64827 2.99785 2.95716 2.80511 2.41577 1.98825 2.68291 2.84303 1.86056 4.0645 3.29422 2.38954 2.76141 7.46981 2.41982 2.27089 3.60893 4.30832 4.02204 2.61904 2.2017 1.92399 2.31116 3.81964 3.89352 4.24968
threshold=9.5000000000000018 7.5000000000000009 7.5000000000000009 7.5000000000000009 19.500000000000004 20.500000000000004 20.500000000000004 20.500000000000004 14.500000000000002 0.21975609756097561 0.22684391080617491 52.500000000000007 1.8090909090909093 0.20156250000000003 5.5000000000000009 1.6306818181818186 189.05013931104364 179.04150000000001 16.500000000000004 0.19189852700490997 18.500000000000004 1.7032967032967035 210.71807503506315 1.7238095238095241 19.500000000000004 1.0000000180025095e-35 6.5000000000000009 14.500000000000002 51.500000000000007 1.5000000000000002
decision_type=2 2 2 2 2 2 2 2 2 2 2 2 2 2 2 2 2 2 2 2 2 2 2 2 2 2 2 2 2 2
left_child=2 -2 -1 -4 5 -5 7 -3 -8 -10 -11 -12 15 -14 -15 25 17 18 -17 23 21 -21 -23 -18 -20 26 -9 -28 29 -29
right_child=1 6 3 4 -6 -7 8 12 9 10 11 -13 13 14 -16 16 19 -19 24 20 -22 22 -24 -25 -26 -27 27 28 -30 -31
leaf_value=-0.072767663232364332 -0.075965294575946987 -0.076126055227871969 -0.075579123284949035 -0.075776835550650776 -0.075712216280481859 0.041597327791533696 -0.076126099372747127 -0.0031405911150361766 -0.079612745297246906 0.16287817488424697 -0.078225493382864997 0.052383653168719173 -0.090191425241089196 -0.043798500599722123 0.05909553546643969 0.089278751585343208 0.042241109746831512 -0.097533598211042905 -0.035593385023167466 0.10729761424109426 -0.041165390298582329 0.078764977492088342 -0.065312990123930256 0.14798626160652714 0.041272699080003201 0.0029742793648427687 -0.12647078659248029 0.091726280573978011 -0.090583093636089532 -0.024492596712248568
leaf_weight=71.60545988380909 9.3270287003833783 4.5642959447577587 13.264109923737122 2.6960642188787487 5.7433118340559295 11.281366177834569 8.7071700426749903 170.81084846891463 2.6746580852195603 1.1286303829401729 2.9167659543454647 3.888423353433609 6.8873088080436018 6.4910099310800415 5.9763194788247347 4.9325761757791105 6.1587430350482482 6.1441568285226813 6.4652970135211936 7.0743161085993069 5.9902559630572787 3.5270563196390867 4.2993124295026064 3.7795623913407326 8.7962844558060151 2121.8095917562023 3.894955117255452 4.2486046124249759 5.6549997478723517 12.127090420573948
leaf_count=8459 704 240 1400 207 535 173 675 963 94 7 108 21 44 39 32 28 33 29 25 37 30 17 32 18 36 10370 16 30 37 74
internal_value=-0.00100376 0.00158158 -0.0610278 -0.0355422 -0.00861344 0.0189574 0.00188059 0.00219428 -0.0370905 -0.00505098 0.0200854 -0.00359661 0.00234354 -0.0285357 0.00552462 0.00259511 0.0227924 -0.000985746 0.0283893 0.0431068 0.0243873 0.0507403 -0.000382353 0.0824563 0.00870975 0.00209711 -0.00736319 -0.0351837 -0.0190445 0.0056599
internal_weight=2532.87 2428.28 104.59 32.9849 19.7207 13.9774 2418.95 2399.63 19.3156 10.6085 7.93382 6.80519 2395.07 19.3546 12.4673 2375.71 57.1676 26.3383 20.1942 30.8292 20.8909 14.9007 7.82637 9.93831 15.2616 2318.55 196.736 25.9256 22.0307 16.3757
internal_count=24513 13739 10774 2315 915 380 13035 12130 905 230 136 129 11890 115 71 11775 285 118 89 167 116 86 49 51 61 11490 1120 157 141 104
is_linear=0
shrinkage=0.1


Tree=164
num_leaves=31
num_cat=0
split_feature=4 0 7 10 13 0 3 0 11 12 9 9 3 8 4 8 8 6 8 0 10 12 10 6 8 9 8 9 11 10
split_gain=51.898 3.95798 2.84945 2.4875 2.03091 4.4201 1.97122 1.76813 1.76238 3.73145 4.99321 5.03843 3.62254 2.76934 2.66762 3.78074 2.50236 2.48832 2.20187 3.99995 2.41455 2.17355 5.57178 3.8331 11.5355 4.57998 3.72426 3.66474 3.44877 3.3027
threshold=13.500000000000002 44.500000000000007 -13.499999999999998 4.5000000000000009 1.0000000180025095e-35 38.500000000000007 9.5000000000000018 8.5000000000000018 5.5000000000000009 10.500000000000002 299.36122922776156 258.74669312169317 4.5000000000000009 0.43019480519480519 9.5000000000000018 0.14670014347202293 0.31311274509803927 6.5000000000000009 0.22016949152542373 17.500000000000004 3.5000000000000004 8.5000000000000018 3.5000000000000004 1.5000000000000002 0.14854215918045702 224.19538824538827 0.45916666666666672 198.29369820655535 1.5000000000000002 7.5000000000000009
decision_type=2 2 2 2 2 2 2 2 2 2 2 2 2 2 2 2 2 2 2 2 2 2 2 2 2 2 2 2 2 2
left_child=1 6 -2 -4 5 -5 7 -1 21 13 11 -11 18 14 -10 -16 -17 -13 19 -12 -20 26 -23 24 -24 27 -9 29 -28 -25
right_child=2 -3 3 4 -6 -7 -8 8 9 10 12 17 -14 -15 15 16 -18 -19 20 -21 -22 22 23 25 -26 -27 28 -29 -30 -31
leaf_value=0.056606147252320993 0.22773961042662758 -0.076273560487942094 0.015345093465778462 0.25366784161518779 -0.073851987830287541 -0.076332796639297554 -0.073237124733412776 -0.0022018701335163051 0.016155075542604886 -0.061946171015388574 -0.081003255295446552 0.11335094821043422 -0.12975648927013783 -0.076176726771983116 0.069981994009498949 -0.021034265207006166 -0.11662519307625795 0.014049828518641151 -0.10368416288584364 0.083349607069657203 -0.0067210042093586476 0.020884993630675964 0.13239851800299848 0.047639709277307783 -0.070323140838124673 0.0054686925536551068 0.1316155404583173 -0.081993770085488527 0.01282794082527421 -0.066091966235490449
leaf_weight=5.7981461677700272 0.32357361726462741 6.5910618379712096 3.3566907718777648 0.60457399487495322 106.86508172005415 1.2350330078043041 3.5388123048469415 1406.0975316814147 254.70746739022434 4.8071559695526949 2.4953265935182634 4.9210219196975213 4.7849713526666156 3.5117455199360839 3.9586614659056094 16.172422442585233 3.2967724036425343 5.1794843636453152 5.5831883102655393 3.6422509662806988 4.7556854616850615 163.44606953114271 3.2710633724927929 6.0986666046082991 19.78430035803467 219.19404427427799 3.9398269113153201 11.333314088173209 6.4380224496126175 4.3922120630741119
leaf_count=34 7 383 18 38 10958 89 167 8269 1368 44 29 25 20 23 36 190 43 34 24 21 21 825 26 38 112 1390 26 127 50 78
internal_value=-0.00231834 0.00110143 -0.0685849 -0.0694405 -0.0720586 0.0321196 0.00133633 0.00145807 0.00131016 0.00818771 -0.022049 0.0223233 -0.0531611 0.0120707 0.0131849 -0.0191066 -0.0372209 0.0624299 -0.0309169 0.0165294 -0.059083 0.000124804 0.0063741 -0.00260729 -0.0415613 0.00111897 -0.00176135 -0.042568 0.0579242 2.37132e-05
internal_weight=2290.12 2177.74 112.385 112.061 108.705 1.83961 2171.15 2167.61 2161.81 317.816 36.1691 14.9077 21.2614 281.647 278.135 23.4279 19.4692 10.1005 16.4765 6.13758 10.3389 1844 427.52 264.074 23.0554 241.018 1416.48 21.8242 10.3778 10.4909
internal_count=24513 13403 11110 11103 11085 127 13020 12853 12819 1878 218 103 115 1660 1637 269 233 59 95 50 45 10941 2596 1771 138 1633 8345 243 76 116
is_linear=0
shrinkage=0.1


Tree=165
num_leaves=31
num_cat=0
split_feature=4 0 3 9 13 11 2 3 11 1 0 10 9 9 0 7 0 9 12 10 10 0 10 6 8 12 4 6 12 6
split_gain=5.45104 3.65877 2.70926 3.26392 3.97946 4.2811 6.94434 5.23445 5.20257 4.78024 4.73669 3.97004 3.81222 3.56314 3.15736 3.00139 2.95305 3.0571 4.47224 2.86754 2.90652 5.69917 5.00541 4.34677 4.99345 3.28002 3.53267 4.16601 3.21698 6.22593
threshold=24.500000000000004 56.500000000000007 7.5000000000000009 165.88075633773312 1.3923076923076925 1.5000000000000002 7.5000000000000009 9.5000000000000018 2.5000000000000004 2.5000000000000004 31.500000000000004 10.500000000000002 169.67195407342405 164.00866330227745 16.500000000000004 8.5000000000000018 21.500000000000004 160.89314814814819 3.5000000000000004 1.5000000000000002 19.500000000000004 36.500000000000007 18.500000000000004 8.5000000000000018 0.29289318755256516 2.5000000000000004 12.500000000000002 1.5000000000000002 3.5000000000000004 3.5000000000000004
decision_type=2 2 2 2 2 2 2 2 2 2 2 2 2 2 2 2 2 2 2 2 2 2 2 2 2 2 2 2 2 2
left_child=1 2 -1 4 5 6 11 8 -7 16 -11 -4 15 -13 -14 -5 -10 18 -18 -16 21 23 -23 25 -25 26 -21 -28 29 -27
right_child=-2 -3 3 12 -6 7 -8 -9 9 10 -12 13 14 -15 19 -17 17 -19 -20 20 -22 22 -24 24 -26 28 27 -29 -30 -31
leaf_value=0.0026847539463600969 -0.044168247904478777 -0.077209847187098612 -0.0017703811595642192 -0.073137943890519752 -0.031238809691881361 0.12522852030573459 0.092255763365415577 0.0073141480449399193 0.084726740509583454 0.13051469326476769 -0.0068323960732330881 -0.078658893046159931 0.11133824532320674 0.084696227025607335 0.062182533477483121 0.0562454090112686 0.031309361330449384 0.093919631395837699 -0.08492344789908772 -0.066805105710735155 0.0062795401546254575 -0.052477627024891393 -0.0079124796516812611 0.017697150908921953 0.18262009821212527 0.078153560556914622 0.089963783115151047 -0.024245479709548295 -0.006982315515154592 -0.017542453686050591
leaf_weight=2950.4652304467745 26.583805303089321 5.9288622366730115 26.559315826743841 14.136916840914639 23.880271799862385 7.9531075749546281 5.642715555150061 70.10855258256197 3.6766786128282609 7.7004906311631185 3.725846269633621 15.070690331514927 2.231378659605979 1.4650694867596019 5.7572013437747946 2.053363640792667 5.9924050802364928 2.2153335697948924 7.3959541898220778 17.307230539619923 97.704167457297444 57.507911226013675 44.864811385050416 6.7554788738489133 2.5209439545869827 13.653937660157682 3.668182626366618 24.700632745400071 144.69247832894325 13.540766954421995
leaf_count=15051 1660 422 121 220 214 54 62 777 13 32 63 261 8 18 23 27 42 29 69 59 461 3056 512 59 14 69 26 179 829 83
internal_value=0.000947524 0.00128171 0.00141159 -0.00452758 0.00680106 0.0125685 -0.0120606 0.0236044 0.0531464 0.034477 0.0857292 -0.0257194 -0.00908285 -0.0641856 -0.00730913 -0.0567286 0.00410286 -0.0148944 -0.0328996 -0.00792102 -0.00886641 -0.0133614 -0.032947 -0.0045225 0.0625163 -0.00738089 -0.0311999 -0.00947784 -0.0010514 0.0305047
internal_weight=3615.46 3588.88 3582.95 632.482 181.386 157.506 48.7378 108.768 38.6598 30.7067 11.4263 43.0951 451.095 16.5358 434.905 16.1903 19.2804 15.6037 13.3884 432.674 426.917 329.212 102.373 226.84 9.27642 217.563 45.676 28.3688 171.887 27.1947
internal_count=24513 22853 22431 7380 1755 1541 462 1079 302 248 95 400 5625 279 5378 247 153 140 111 5370 5347 4886 3568 1318 73 1245 264 205 981 152
is_linear=0
shrinkage=0.1


Tree=166
num_leaves=31
num_cat=0
split_feature=10 0 3 2 8 0 13 8 8 12 13 8 8 8 10 6 10 11 9 9 9 8 9 12 9 2 8 9 6 4
split_gain=19.8964 5.77962 2.68197 3.07303 3.3268 1.80776 1.69943 1.58803 1.64155 4.68025 5.62383 2.40259 2.25352 2.01836 2.46678 3.24179 1.93573 2.63523 3.96024 4.2564 2.06524 3.90623 7.94444 5.17934 3.02516 3.05592 4.30715 1.99136 5.02369 2.74538
threshold=6.5000000000000009 29.500000000000004 1.0000000180025095e-35 3.5000000000000004 0.20550527903469076 11.500000000000002 1.9285714285714286 0.47722567287784684 0.3943381180223286 1.5000000000000002 0.5634920634920636 0.3874259381171824 0.40682870370370378 0.37884436160298235 16.500000000000004 4.5000000000000009 7.5000000000000009 1.0000000180025095e-35 318.48066603535364 248.44102472089318 318.48066603535364 0.18624359479700434 340.02687500000008 10.500000000000002 212.73000140291811 2.5000000000000004 0.22016949152542373 376.79206349206356 1.5000000000000002 6.5000000000000009
decision_type=2 2 2 2 2 2 2 2 2 2 2 2 2 2 2 2 2 2 2 2 2 2 2 2 2 2 2 2 2 2
left_child=1 -1 -3 -4 -5 6 -2 8 11 -10 -11 13 -12 16 15 -15 17 18 19 -7 24 22 -22 -24 25 26 -19 29 -29 -18
right_child=5 2 3 4 -6 7 -8 -9 9 10 12 -13 -14 14 -16 -17 27 20 -20 -21 21 -23 23 -25 -26 -27 -28 28 -30 -31
leaf_value=-0.073260031284903757 -0.079270037917496539 0.17630406088836001 -0.035894038996268314 0.15215725186175111 -0.034464194980025231 -0.0040988465743464911 0.035771720142417286 -0.048256523655715144 -0.05169074236151347 -0.059870039308110801 0.078948599348468901 -0.047791561735178088 0.028631638667292375 0.0037604984771716257 -0.022821113560099724 0.097757923024961654 -0.013804937458116723 -0.016851209210418713 -0.080461189014684908 0.14951504063035567 0.26827293983515638 -0.03255784480906114 -0.054443895773439589 0.15578277065195301 -0.058597908550734601 -0.079183249565909011 0.22866305468319881 -0.063847630701546296 0.046330369666412831 0.0025830649688827001
leaf_weight=45.365194538375363 4.9915161170065394 0.75359444972127931 15.440973042510452 2.0253593456000085 1.8078618636354802 3.8141040578484517 1.7288300730288026 6.2179078031331292 8.0999544039368612 6.1022818200290194 12.282539177685974 9.6447318727150542 32.328619129955769 6.7349170669913319 5.6269355276599518 8.059912405908106 105.41772763710469 1.6028351634740858 2.3669847548007965 3.4222089350223541 1.4353840723633791 14.295141661539672 4.1219430342316628 1.6374768353998659 22.747056258842349 1.613154701888561 1.2893675155937669 4.9632609784603146 24.901180998422205 3373.4968513008207
leaf_count=6598 108 16 483 25 31 44 32 30 34 41 59 51 154 30 28 34 1504 27 41 37 21 224 82 15 354 27 17 32 179 14155
internal_value=0.00116777 -0.0535068 -0.00876335 -0.0159992 0.064141 0.00214226 -0.0496752 0.00223735 0.00232322 0.0188949 0.0301689 0.00205228 0.0424851 0.00218628 0.0335345 0.0549683 0.00200681 -0.0160582 0.0318211 0.0685485 -0.0254914 -0.00231123 0.0577849 0.00532624 -0.0437702 0.0310932 0.092601 0.0023072 0.0280196 0.00208648
internal_weight=3734.34 65.393 20.0278 19.2742 3.83322 3668.94 6.72035 3662.22 3656 58.8134 50.7134 3597.19 44.6112 3587.55 20.4218 14.7948 3567.12 58.3457 9.6033 7.23631 48.7424 21.4899 7.1948 5.75942 27.2524 4.50536 2.8922 3508.78 29.8644 3478.91
internal_count=24513 7153 555 539 56 17360 140 17220 17190 288 254 16902 213 16851 92 64 16759 889 122 81 767 342 118 97 425 71 44 15870 211 15659
is_linear=0
shrinkage=0.1


Tree=167
num_leaves=31
num_cat=0
split_feature=10 10 0 4 9 6 9 4 11 4 9 3 2 8 0 8 8 12 10 7 11 4 7 13 11 9 9 8 6 11
split_gain=36.1089 13.4547 7.04867 3.85018 3.24199 6.61857 4.95405 3.43873 2.7133 2.65486 1.89328 5.64574 4.77303 3.5078 7.21323 6.52779 5.5205 5.77338 7.48827 6.21115 11.5095 5.95385 5.2347 5.84356 5.43572 4.66222 7.96033 7.29887 7.73301 5.647
threshold=7.5000000000000009 20.500000000000004 20.500000000000004 14.500000000000002 327.30582908885123 2.5000000000000004 304.0131313131314 14.500000000000002 3.5000000000000004 14.500000000000002 194.34940741921773 17.500000000000004 6.5000000000000009 0.21778656126482207 29.500000000000004 0.26546556122448989 0.20483682983682983 3.5000000000000004 13.500000000000002 3.5000000000000004 1.5000000000000002 24.500000000000004 7.5000000000000009 1.3923076923076925 2.5000000000000004 186.52854609929082 175.35273550724642 0.14415584415584412 8.5000000000000018 4.5000000000000009
decision_type=2 2 2 2 2 2 2 2 2 2 2 2 2 2 2 2 2 2 2 2 2 2 2 2 2 2 2 2 2 2
left_child=-1 2 -2 -3 6 -6 10 -8 -7 -10 13 12 -12 16 -15 22 17 18 -4 -20 -21 -19 23 -16 -24 26 27 -23 29 -29
right_child=1 3 4 -5 5 8 7 -9 9 -11 11 -13 -14 14 15 -17 -18 21 19 20 -22 25 24 -25 -26 -27 -28 28 -30 -31
leaf_value=-0.075541689236498677 -0.068668617766814488 -0.075731673745337846 0.0055748865940355823 -0.0048238177335795055 0.20659656692540135 -0.082196945781036077 -0.0094214093313012351 -0.12681442085924038 0.10509132829953255 -0.027827073437323033 0.0030175761511327375 -0.11535576962214517 0.02137764233921071 -0.05119257547368547 -0.012893350739919492 0.0066792485592721239 0.026589429317205638 0.016325765676307048 -0.019549056498676595 -0.2066607574185495 -0.038737227776077077 0.090358908795616311 0.042357362825633939 -0.055569137979740862 -0.013183684800115544 -0.1105608094553706 0.074584336721291736 -0.11996609830668298 0.0329382829501393 0.0012932402451005217
leaf_weight=63.323581564705819 14.078808005899189 29.013022860046476 84.951898138970137 10.403423915617166 2.3238717238418749 2.1125548020936531 4.9789725672453624 5.0020694974809885 3.5688030831515789 2.5956154782325029 931.21557405171916 3.8591347206383935 166.98485062271357 31.901743693742901 242.3160054050386 369.23567509837449 104.21774806454778 226.18804091401398 50.207003305666149 5.6288943681865957 14.848622070625423 4.0309410020709064 32.062945485115051 36.982939587906003 39.120590860024095 5.4189511239528647 8.4180951882153732 14.167942745611077 7.4143859259784213 5.2686785627156487
leaf_count=8175 1119 2830 390 230 28 36 77 22 35 13 4976 25 899 407 1061 1577 481 1032 229 33 92 19 155 155 171 33 56 78 48 31
internal_value=-0.000982344 0.000938067 0.00188237 -0.0570165 0.00229537 0.0574747 0.00205107 -0.0682537 0.0156067 0.0491242 0.00234536 0.00538499 0.00580928 -0.00026685 -0.00466185 -0.00259937 0.00595699 0.000915847 -0.0144334 -0.0384804 -0.0848963 0.00973403 -0.0123744 -0.0185442 0.0118335 -0.0236069 -0.0116171 -0.0351147 -0.0539511 -0.0870964
internal_weight=2521.84 2458.52 2419.1 39.4164 2405.02 10.6008 2394.42 9.98104 8.27697 6.16442 2384.44 1102.06 1098.2 1282.38 751.62 719.718 530.761 426.543 155.636 70.6845 20.4775 270.907 350.482 279.299 71.1835 44.719 39.3 30.8819 26.851 19.4366
internal_count=24513 16338 13278 3060 12159 112 12047 99 84 48 11948 5900 5875 6048 3526 3119 2522 2041 744 354 125 1297 1542 1216 326 265 232 176 157 109
is_linear=0
shrinkage=0.1


Tree=168
num_leaves=31
num_cat=0
split_feature=4 0 10 7 13 6 0 9 1 3 6 6 0 0 0 13 0 7 8 9 6 6 5 9 12 4 4 4 8 8
split_gain=47.6654 3.65166 2.39444 2.33576 1.93176 4.20726 1.86567 2.59637 1.68786 2.79926 4.53264 2.14491 2.83445 1.95285 4.36377 2.12712 1.78399 3.24141 3.2362 9.69641 3.29657 5.28035 3.56435 3.43396 3.61743 3.14523 3.01954 3.76934 4.46094 2.92945
threshold=13.500000000000002 44.500000000000007 4.5000000000000009 -13.499999999999998 1.0000000180025095e-35 11.500000000000002 21.500000000000004 157.91116709732992 1.5000000000000002 7.5000000000000009 1.5000000000000002 12.500000000000002 38.500000000000007 13.500000000000002 11.500000000000002 1.6515151515151518 32.500000000000007 -3.4999999999999996 0.32305502846299816 294.0160294117648 12.500000000000002 10.500000000000002 5.5000000000000009 311.19600000000008 11.500000000000002 4.5000000000000009 8.5000000000000018 9.5000000000000018 0.24165739710789766 0.11814556331006977
decision_type=2 2 2 2 2 2 2 2 2 2 2 2 2 2 2 2 2 2 2 2 2 2 2 2 2 2 2 2 2 2
left_child=1 8 -2 -4 5 -5 7 -6 9 16 -11 12 13 14 -10 -16 -1 18 20 -20 21 22 23 24 25 -18 -27 -28 -29 -19
right_child=2 -3 3 4 6 -7 -8 -9 11 10 -12 -13 -14 -15 15 -17 17 29 19 -21 -22 -23 -24 -25 -26 26 27 28 -30 -31
leaf_value=0.0039235525996726148 0.015040973666160147 -0.076182303728754758 0.17329832294642908 -0.075892244835233658 -0.075599547245337989 0.24010404123827681 -0.074662017111246579 0.37357893798370079 0.060894452800405265 0.11514118828363964 -0.067921840495054592 -0.059884072107617016 -0.07722303570620366 -0.0014364547247366563 -0.030489238898720385 -0.12828843280708593 0.069988085570949557 0.10722942095930195 -0.037557481920594507 0.13507731717099022 -0.049978346015993429 0.047904198443458508 -0.060489776964770092 -0.034046062630420947 0.12697486898408233 -0.025343827038981366 0.14885326465358834 -0.079544799100641744 0.11424295440450874 -0.033667062749449687
leaf_weight=1578.6480349358171 3.3571981638669959 6.1146048968657842 0.3905120175331821 1.2833162071183313 0.30505884485319157 0.62730005383491505 98.651366524863988 0.22257561143487692 3.0433241594582787 1.5467193480581034 10.773584522306917 6.8886312497779718 5.1642837757244697 388.30686953710392 4.596172381192444 4.3088219407945871 6.7925880439579478 1.5248246239498247 6.4944457532837969 6.5197044648230076 13.540837676264344 20.228530196473002 11.70122828055173 19.478140650317073 2.8014667816460124 20.817947495728735 2.5026131728664032 2.959592686034739 1.9843259090557692 45.76305718999356
leaf_count=8306 18 383 7 103 30 24 10909 19 18 17 153 60 194 2539 34 27 41 13 81 35 160 204 133 132 29 178 29 71 44 522
internal_value=-0.00219033 0.000987757 -0.0680486 -0.0707973 -0.0717403 0.0278567 -0.073659 0.11388 0.00120557 0.00255885 -0.0449397 -0.00455167 -0.0036115 -0.00266173 -0.0424816 -0.0778109 0.00289483 -0.00706165 0.00194593 0.0489274 -0.00400136 0.00297289 -0.0101923 7.24291e-05 0.0176263 0.00888811 -0.00579559 0.0488546 -0.00176478 -0.0291238
internal_weight=2277.34 2172.5 104.837 101.48 101.09 1.91062 99.179 0.527634 2166.39 1754.08 12.3203 412.308 405.419 400.255 11.9483 8.90499 1741.76 163.109 115.821 13.0142 102.807 89.2664 69.0379 57.3367 37.8585 35.0571 28.2645 7.44653 4.94392 47.2879
internal_count=24513 13403 11110 11092 11085 127 10958 49 13020 10148 170 2872 2812 2618 79 61 9978 1672 1137 116 1021 861 657 524 392 363 322 144 115 535
is_linear=0
shrinkage=0.1


Tree=169
num_leaves=31
num_cat=0
split_feature=0 10 12 3 12 5 9 3 1 9 12 12 9 2 0 5 8 3 0 10 7 7 8 2 7 11 12 6 12 9
split_gain=4.95408 9.15515 3.87486 4.31004 3.6859 3.43088 3.15455 3.39225 4.96867 11.5324 3.61343 9.05889 3.0923 3.08097 3.75435 3.77259 4.90422 3.55605 3.30427 3.14306 3.53758 3.02349 5.79792 3.95815 3.01412 2.93931 2.66346 2.62061 2.48958 2.427
threshold=47.500000000000007 19.500000000000004 4.5000000000000009 12.500000000000002 7.5000000000000009 2.5000000000000004 232.97789855072466 8.5000000000000018 1.5000000000000002 242.41166666666666 8.5000000000000018 10.500000000000002 187.07744401378127 6.5000000000000009 39.500000000000007 3.5000000000000004 0.2965856481481482 11.500000000000002 29.500000000000004 8.5000000000000018 6.5000000000000009 9.5000000000000018 0.26847469967236987 7.5000000000000009 -1.4999999999999998 3.5000000000000004 2.5000000000000004 5.5000000000000009 10.500000000000002 187.73066411238827
decision_type=2 2 2 2 2 2 2 2 2 2 2 2 2 2 2 2 2 2 2 2 2 2 2 2 2 2 2 2 2 2
left_child=13 6 3 5 27 -3 -2 -8 9 -9 -10 -12 -5 -1 15 18 -17 -18 19 20 -15 23 -23 26 25 28 -21 -4 -6 -25
right_child=1 2 4 12 24 -7 7 8 10 -11 11 -13 -14 14 -16 16 17 -19 -20 21 -22 22 -24 29 -26 -27 -28 -29 -30 -31
leaf_value=0.0022913686902400949 -0.068363467761829708 -0.060709628118264337 0.040533717816410721 0.23304211140801714 0.085903545611096907 0.021068054563496436 -0.051187692714141808 0.67296923494423833 -0.077274365071359472 0.028669431479194124 0.62384121175365226 -0.077049372519287632 0.03726609251347731 0.0030503366610958845 -0.050076825077197754 0.0049738499438484402 0.041352873235340294 0.20860438225278077 -0.046805261840080839 -0.091946998455510076 -0.084287431188284981 0.089540843565480976 -0.038878955107264794 -0.00094208849678943803 -0.041340552130889399 -0.017243141406793304 -0.011939907656169584 -0.053281453864139933 -0.0005302065723096081 0.088579935293954012
leaf_weight=3307.4585897224024 35.280743897194043 5.8095205817371598 3.3444192577153471 1.5425649043172591 8.8133334126323479 43.87491718865931 6.7325407089665514 0.3992813001386819 2.1386375394649808 0.91315189795568585 0.28550907666794945 0.52074951445683837 1.6914633736014364 9.7938078790903109 22.83098659850657 15.392264930531384 2.7759656533598891 2.345227912068367 23.28280389495194 5.5642429590225246 8.8090958446264249 10.407621704041956 5.309065803885459 6.8337929770350438 10.035911276005207 10.166071182116864 16.498302802443504 27.142488269135356 5.3585296981036654 5.4384018182754517
leaf_count=18744 2920 33 22 15 42 261 187 22 153 42 22 35 27 34 779 163 21 23 374 25 31 43 23 29 103 48 70 175 25 22
internal_value=0.000877341 -0.0161006 -0.00129375 0.0187871 -0.0176772 0.0115059 -0.0537907 -0.0070076 0.0628588 0.224685 -0.00926109 0.171147 0.130647 0.00168636 -0.0131054 -0.00559903 0.0331771 0.117945 -0.0142509 -0.00321078 -0.038307 0.00983364 0.0461609 -0.00679511 0.00477312 0.0237884 -0.0321179 -0.0429899 0.053222 0.0387294
internal_weight=3606.79 164.05 117.779 52.9185 64.8608 49.6844 46.2706 10.9899 4.25733 1.31243 2.9449 0.806259 3.23403 3442.74 135.282 112.451 20.5135 5.12119 91.9371 68.6543 18.6029 50.0514 15.7167 34.3347 34.3738 24.3379 22.0625 30.4869 14.1719 12.2722
internal_count=24513 4132 751 336 415 294 3381 461 274 64 210 57 42 20381 1637 858 207 44 651 277 65 212 66 146 218 115 95 197 67 51
is_linear=0
shrinkage=0.1


Tree=170
num_leaves=31
num_cat=0
split_feature=10 0 2 3 3 0 13 12 9 8 0 11 8 8 0 0 7 2 7 0 8 2 10 13 8 4 9 0 9 8
split_gain=17.9264 5.69767 2.16126 2.69671 2.56235 1.61224 1.58601 1.51111 3.53158 3.70889 4.48413 3.50183 8.07559 4.27115 6.80731 3.80756 4.29823 3.31557 3.02408 2.9956 5.14477 2.79991 2.94808 3.05524 4.24401 4.2894 2.65115 3.25609 3.60313 2.64425
threshold=6.5000000000000009 29.500000000000004 3.5000000000000004 5.5000000000000009 1.0000000180025095e-35 11.500000000000002 1.9285714285714286 11.500000000000002 115.78878119429591 0.20156250000000003 18.500000000000004 1.5000000000000002 0.17817460317460312 0.16405676535356004 43.500000000000007 42.500000000000007 1.0000000180025095e-35 3.5000000000000004 1.5000000000000002 20.500000000000004 0.29805897723030988 2.5000000000000004 11.500000000000002 0.91287878787878796 0.22933743169398904 14.500000000000002 184.86830357142858 36.500000000000007 157.91116709732992 0.32529069767441865
decision_type=2 2 2 2 2 2 2 2 2 2 2 2 2 2 2 2 2 2 2 2 2 2 2 2 2 2 2 2 2 2
left_child=1 -1 4 -4 -3 6 -2 -7 -9 10 -10 12 -12 14 -13 16 -15 -17 -14 20 -11 -21 23 -23 -25 -26 27 -24 -29 -28
right_child=5 2 3 -5 -6 7 -8 8 9 19 11 13 18 15 -16 17 -18 -19 -20 21 -22 22 26 24 25 -27 29 28 -30 -31
leaf_value=-0.0730570885243811 -0.078949213539484378 0.1445552285343534 0.15904915080932194 -0.0093925000185378499 -0.034120424962933084 0.0026039457730185245 0.032034902715465906 -0.12433535877742311 -0.089948716344185484 0.11713891607261857 -0.061614568143685211 0.035278407089804106 -0.003946970988289041 0.09050212098443082 0.16825231188124445 0.038849267768067214 -0.0038610179459643689 -0.073836253200631682 0.099557060036756628 -0.046175937300799927 -0.060370127696192113 -0.086582355631484725 0.09140645032581507 0.066465097780600571 -0.11753643467665303 0.0012122871150265543 -0.0045574573491440349 -0.054006034546322024 0.039489804455739068 -0.075674376156288081
leaf_weight=42.120165660860948 4.6305372221395364 0.84820139128715055 1.5863934317603701 2.3710280153900385 14.934505692683159 3439.9503022735007 1.7835568003356455 2.4919872879981986 4.1083895657211533 4.2610879186540833 14.743037901818754 16.528201910667125 5.349458644166587 8.2402777047827893 5.0188586711883536 3.9048683084547502 11.653771184384821 7.8807780276983976 5.976405993103981 28.345370889641345 2.6470830794423819 8.9238702505826968 5.9488524943590191 4.7110486850142506 4.9452550560235959 7.9031152836978436 41.070123076438904 6.418879326432946 11.518463011831043 5.9908900689333668
leaf_count=6598 108 16 18 38 483 16174 32 8 37 33 77 69 25 36 24 17 40 44 22 170 20 30 20 17 17 30 204 26 56 24
internal_value=0.00110277 -0.0522806 -0.00794904 0.0581299 -0.024518 0.00200383 -0.048088 0.00209165 -0.00597076 -0.00460575 0.0119185 0.0171964 -0.0128316 0.0319032 0.0662514 0.00854116 0.035225 -0.0365008 0.0506698 -0.0149928 0.0491207 -0.0185142 -0.0104666 -0.0389376 -0.0147241 -0.0444933 0.000161175 0.0272947 0.00603231 -0.0136107
internal_weight=3726.8 61.8603 19.7401 3.95742 15.7827 3664.94 6.41409 3658.53 218.58 216.088 83.404 79.2957 26.0689 53.2268 21.5471 31.6797 19.894 11.7856 11.3259 132.684 6.90817 125.776 97.4305 26.4833 17.5594 12.8484 70.9472 23.8862 17.9373 47.061
internal_count=24513 7153 555 56 499 17360 140 17220 1046 1038 391 354 124 230 93 137 76 61 47 647 53 594 424 94 64 47 330 102 82 228
is_linear=0
shrinkage=0.1


Tree=171
num_leaves=31
num_cat=0
split_feature=10 10 0 4 9 11 9 4 3 9 8 8 0 13 8 2 13 4 12 8 1 2 8 12 0 4 0 13 8 8
split_gain=33.4206 12.1698 6.43648 3.7984 2.69124 5.02208 4.2872 3.0379 2.39836 2.70585 1.82247 2.26095 2.82147 1.80221 3.45837 2.83697 2.16282 2.46752 4.57087 3.35968 3.82536 3.01305 2.64825 2.15764 2.01475 3.18868 3.9495 2.76566 2.56459 2.72608
threshold=7.5000000000000009 20.500000000000004 20.500000000000004 14.500000000000002 327.30582908885123 4.5000000000000009 304.0131313131314 14.500000000000002 6.5000000000000009 354.06578947368428 0.21975609756097561 0.22474489795918368 52.500000000000007 1.8090909090909093 0.20156250000000003 5.5000000000000009 1.6306818181818186 16.500000000000004 4.5000000000000009 0.31866537717601556 2.5000000000000004 6.5000000000000009 0.27543103448275869 4.5000000000000009 30.500000000000004 10.500000000000002 43.500000000000007 0.48529411764705882 0.18107302533532041 0.22767145135566183
decision_type=2 2 2 2 2 2 2 2 2 2 2 2 2 2 2 2 2 2 2 2 2 2 2 2 2 2 2 2 2 2
left_child=-1 2 -2 -3 6 8 13 -8 9 -6 -5 -12 -13 16 -15 -16 24 19 -19 20 23 -20 -22 -18 27 26 28 -4 -26 -30
right_child=1 3 4 10 5 -7 7 -9 -10 -11 11 12 -14 14 15 -17 17 18 21 -21 22 -23 -24 -25 25 -27 -28 -29 29 -31
leaf_value=-0.075501260836718376 -0.068097361605287246 -0.075678247328616263 -0.069487264247639638 -0.079304416913888023 0.14736819439283907 0.19053941586934556 -0.0086050024967266169 -0.11973324683970597 -0.032763937736989365 -0.011579912556032218 0.1910299294691542 -0.077956104475450247 0.051249526599473877 -0.086206877351504729 -0.042506981225260893 0.052128467318365512 0.075910788809418178 -0.030630873369336703 -0.01067366761851702 -0.039306738051470773 0.08278559738928716 0.069638448222666363 0.21092018516854183 -0.027636696960264641 0.097965345926586303 0.0023431507723454151 0.13861141114863773 -0.0066509496336474121 -0.098439492497731582 0.02810172675522371
leaf_weight=58.664714055950753 13.122029775753616 26.883861106354743 7.4481763849034897 2.4730725428089482 2.2544889226555807 2.1034052153117946 4.9378603487275523 4.9020450031384826 4.4732771851122379 2.0402314276434481 0.69712613709270943 2.7172197755426168 4.4711303114891052 6.7152976291254189 6.6573122902773303 6.0432649254798889 3.8166585955768877 17.488535553216934 7.4867459237575558 3.4254381395876399 5.7009871695190659 12.422210821881889 2.2493840865790844 4.2566622067242861 3.0042632631957522 2165.4898300012574 3.6883055660873643 117.58924163505435 2.444078194908796 5.6104980921372771
leaf_count=8175 1119 2830 94 94 20 25 77 22 34 33 4 109 23 46 52 39 16 70 31 23 47 59 17 25 15 9973 24 1353 20 44
internal_value=-0.000910326 0.000873835 0.00174853 -0.0558545 0.00213005 0.0517719 0.00190438 -0.0639669 0.0184822 0.071859 -0.00440546 0.0190846 0.00240938 0.00217654 -0.0281657 0.00252303 0.00242594 0.0216953 0.00667059 0.0505854 0.069802 0.0394371 0.119038 0.0213153 0.00195077 0.00265875 0.0490011 -0.010394 0.0191145 -0.0102959
internal_weight=2511.28 2452.61 2415.37 37.2424 2402.25 10.8714 2391.38 9.83991 8.768 4.29472 10.3585 7.88548 7.18835 2381.54 19.4159 12.7006 2362.12 56.8466 37.3975 19.4491 16.0237 19.909 7.95037 8.07332 2305.27 2180.24 14.7471 125.037 11.0588 8.05458
internal_count=24513 16338 13278 3060 12159 112 12047 99 87 53 230 136 132 11948 137 91 11811 288 160 128 105 90 64 41 11523 10076 103 1447 79 64
is_linear=0
shrinkage=0.1


Tree=172
num_leaves=31
num_cat=0
split_feature=4 0 10 3 0 0 9 3 10 11 12 8 6 9 0 9 9 8 12 1 0 8 8 9 3 12 4 10 9 12
split_gain=43.8086 3.37539 2.31195 2.04162 1.89102 1.59987 2.40894 1.56048 2.42783 1.57696 3.4678 4.11346 4.87214 5.44796 5.00615 3.65517 3.13822 3.51541 3.4428 3.09677 3.03769 4.0825 2.94292 2.91652 2.82626 2.73483 3.71891 3.45427 3.20946 2.86973
threshold=13.500000000000002 44.500000000000007 4.5000000000000009 2.5000000000000004 40.500000000000007 21.500000000000004 184.14546783625735 8.5000000000000018 7.5000000000000009 5.5000000000000009 8.5000000000000018 0.26365441906653431 3.5000000000000004 357.34661306042887 20.500000000000004 219.85365103488206 302.66798717948723 0.36899313501144165 6.5000000000000009 1.0000000180025095e-35 19.500000000000004 0.13397435897435897 0.23294573643410851 438.77367216117221 2.5000000000000004 5.5000000000000009 5.5000000000000009 3.5000000000000004 352.28435592185599 2.5000000000000004
decision_type=2 2 2 2 2 2 2 2 2 2 2 2 2 2 2 2 2 2 2 2 2 2 2 2 2 2 2 2 2 2
left_child=1 7 -2 4 -4 6 -5 9 -9 -1 11 12 19 20 23 -12 17 18 -13 -11 -14 -22 -23 -15 -16 27 -27 29 -29 -18
right_child=2 -3 3 5 -6 -7 -8 8 -10 10 15 16 13 14 24 -17 25 -19 -20 -21 21 22 -24 -25 -26 26 -28 28 -30 -31
leaf_value=0.00015143745068509689 0.013687315735747323 -0.076108349700807154 0.13524442472223749 -0.075621368944688849 -0.078205882603142832 -0.073452657673425362 0.331057935772195 0.018955755636212147 -0.076520308738081452 0.024759924289211966 -0.11778900723830016 -0.055596521710020025 -0.011936915126795336 0.067886056929303537 -0.014822747907829933 -0.0064430792626155343 0.053913675127649455 0.072509954314979239 0.022412070873344191 0.078447941496236517 0.084622073050180449 0.0068266394915826563 0.055206704567948697 -0.05009427967921061 -0.087959705730268012 -0.082279230675811305 0.036389387698548548 0.018608691640811234 0.10197410019975442 -0.040958897299014217
leaf_weight=1834.8879110356793 3.3856099769473067 5.6797730564139775 0.92014111950993427 0.35786706255748768 0.75611676694825292 92.236800377257168 0.24562340602278709 4.5788128208368999 6.366664391476661 21.471580229699612 3.0749327400699249 24.392624039202932 17.640294747427106 7.2932519912719744 10.617496371269228 71.540759873576462 4.7457504980266085 3.1969727985560885 7.3659725403413168 21.503339728340507 13.186466434970496 37.953323923051357 18.801928504370153 2.9399171993136406 10.517751172184942 6.1229932941496354 4.6436791904270649 10.514888821169736 8.2346943058073503 9.7152238227426988
leaf_count=10827 18 383 20 35 31 10992 14 20 319 122 43 166 145 54 43 405 32 36 44 133 60 218 96 21 46 31 20 53 45 41
internal_value=-0.00207585 0.000880286 -0.0675075 -0.070416 0.0389625 -0.0723908 0.089899 0.00108261 -0.0365799 0.00127431 0.00780528 0.0136408 0.022765 0.0123388 -0.0234211 -0.0110317 -0.00507686 -0.0274419 -0.0375035 0.0516238 0.0251465 0.0344995 0.022854 0.0339911 -0.0512186 0.0127001 -0.0310973 0.026899 0.0552222 -0.00982396
internal_weight=2264.89 2166.99 97.9022 94.5165 1.67626 92.8403 0.60349 2161.31 10.9455 2150.36 315.474 240.858 161.925 118.95 31.3684 74.6157 78.9328 34.9556 31.7586 42.9749 87.582 69.9417 56.7553 10.2332 21.1352 43.9772 10.7667 33.2106 18.7496 14.461
internal_count=24513 13403 11110 11092 51 11041 49 13020 339 12681 1854 1406 938 683 164 448 468 246 210 255 519 374 314 75 89 222 51 171 98 73
is_linear=0
shrinkage=0.1


Tree=173
num_leaves=31
num_cat=0
split_feature=4 0 13 8 0 2 11 3 7 7 0 10 12 9 9 0 12 11 8 8 12 2 10 2 10 9 9 5 11 8
split_gain=4.53193 3.29987 2.65185 5.51525 3.36574 2.51052 3.63908 4.49298 4.10239 2.6053 2.26484 12.8068 2.27059 2.4301 2.26688 2.25934 3.75936 2.72331 8.49718 2.76977 2.90779 2.78692 2.20225 4.69952 2.21368 3.20195 4.22492 4.61643 2.37983 4.25474
threshold=24.500000000000004 56.500000000000007 1.3923076923076925 0.21103238866396759 42.500000000000007 4.5000000000000009 1.5000000000000002 11.500000000000002 1.5000000000000002 15.500000000000002 43.500000000000007 18.500000000000004 8.5000000000000018 289.61327573392799 308.79244791666673 53.500000000000007 10.500000000000002 2.5000000000000004 0.23845060412224586 0.17521929824561402 10.500000000000002 3.5000000000000004 21.500000000000004 1.5000000000000002 19.500000000000004 204.54583986415884 198.29369820655535 4.5000000000000009 5.5000000000000009 0.16405676535356004
decision_type=2 2 2 2 2 2 2 2 2 2 2 2 2 2 2 2 2 2 2 2 2 2 2 2 2 2 2 2 2 2
left_child=1 10 5 4 -4 6 7 8 -2 -7 -1 -12 13 22 -15 17 -17 18 -14 -19 -21 -22 24 -24 -13 26 27 -26 -27 -30
right_child=2 -3 3 -5 -6 9 -8 -9 -10 -11 11 12 15 14 -16 16 -18 19 -20 20 21 -23 23 -25 25 28 -28 -29 29 -31
leaf_value=0.0020636912674272209 0.060941014620351452 -0.077094766590354469 0.49714007044409581 -0.077356265976531835 0.099327167018200241 -0.077043252941251875 -0.052939387470914569 -0.077485849303922147 0.41957449729798113 0.1901807150759276 -0.060007685839352759 -0.029208401702533488 -0.020338849138024345 0.050991381216957836 -0.017435690634921976 0.17744926383596626 -0.0053365964869218725 0.065170473173219487 0.087010655338311982 0.014430103132567616 -0.072153362008894245 0.0090152939211057322 0.032130219853888947 -0.079431780011955763 0.046209902123814428 -0.011844873740216831 0.087076250544932635 -0.053928877892524776 0.1143119665327314 0.0022065808701650781
leaf_weight=3220.6249863747507 0.68970776535571265 5.3865638147108248 0.34691493678837959 1.1540611681994049 0.54963443474844098 16.525289856363091 3.8409889885224402 0.78045974043197919 0.59336489206179976 0.37308111391030152 39.539538045646623 30.88776920735836 14.48222875595093 14.190337827429177 7.3485960662364951 2.2088265568017951 2.2935622986406088 4.8505159225314847 15.02171718329191 16.970790525898337 11.769727570936086 6.6033205948770037 5.6704865992069271 11.301279842853544 10.90124081075192 117.50397313386202 9.0355610400438291 7.9689693972468367 4.2278476506471661 16.99178471416235
leaf_count=17818 29 422 9 75 42 1214 207 48 14 22 2947 431 77 53 26 20 28 26 67 79 50 40 21 39 47 494 45 41 16 66
internal_value=0.000819917 0.00111569 -0.0417344 0.0671922 0.253259 -0.0515299 0.00460293 0.11171 0.226793 -0.0711435 0.00123369 -0.00640891 0.000422413 -0.00437437 0.0276456 0.0156807 0.0843363 0.0112457 0.0343174 -0.0056897 -0.0154144 -0.0429811 -0.00758981 -0.0421575 -0.00461957 -6.15854e-05 0.0308456 0.00392087 -0.00627891 0.0245427
internal_weight=3600.63 3575.78 24.8535 2.05061 0.896549 22.8029 5.90452 2.06353 1.28307 16.8984 3570.39 349.768 310.229 236.028 21.5389 74.2007 4.50239 69.6983 29.5039 40.1944 35.3438 18.373 214.489 16.9718 197.517 166.629 27.9058 18.8702 138.724 21.2196
internal_count=24513 22853 1660 126 51 1534 298 91 43 1236 22431 4613 1666 1279 79 387 48 339 144 195 169 90 1200 60 1140 709 133 88 576 82
is_linear=0
shrinkage=0.1


Tree=174
num_leaves=31
num_cat=0
split_feature=10 0 8 2 3 8 9 10 0 8 1 7 13 8 8 0 9 0 9 8 13 3 0 11 9 10 0 8 9 8
split_gain=16.1892 5.55923 2.09664 2.43508 2.61199 2.87767 1.81445 1.48302 1.68983 2.83739 2.99545 6.72768 2.2049 2.69347 3.0146 2.40929 2.21345 2.46289 1.65031 3.45195 1.63167 1.92417 2.15737 1.75629 2.35714 1.55556 9.08819 2.50727 2.03069 3.84029
threshold=6.5000000000000009 29.500000000000004 0.25677655677655681 3.5000000000000004 1.0000000180025095e-35 0.24165739710789766 391.2322916666667 7.5000000000000009 20.500000000000004 0.11583184257602856 1.0000000180025095e-35 -1.4999999999999998 1.9285714285714286 0.31726674409601241 0.19657494145199064 25.500000000000004 256.89168123543129 23.500000000000004 201.06271668087527 0.22933743169398904 0.94987468671679209 3.5000000000000004 18.500000000000004 2.5000000000000004 376.79206349206356 20.500000000000004 32.500000000000007 0.3626692456479691 371.69427497789576 0.17349498327759191
decision_type=2 2 2 2 2 2 2 2 2 2 2 2 2 2 2 2 2 2 2 2 2 2 2 2 2 2 2 2 2 2
left_child=1 -1 3 4 -3 -6 -4 8 9 10 11 -2 13 14 16 -16 -10 -18 19 -11 -20 22 23 24 -22 -9 28 -28 -27 -30
right_child=7 2 6 -5 5 -7 -8 25 12 18 -12 -13 -14 -15 15 -17 17 -19 20 -21 21 -23 -24 -25 -26 26 27 -29 29 -31
leaf_value=-0.072843109810221782 -0.078236169369573283 0.17095408466284268 -0.079032607227915566 0.089443705608666713 -0.046379308603565615 0.097709712608139196 0.11928089942293163 0.0028474485284683626 -0.042898838131783773 -0.078719588591675327 -0.023082348743222528 0.25421612175359798 -0.084764819109668016 0.072259053470942899 -0.068820950348685503 0.051273030337363926 0.018516008125130046 0.14451785606195111 -0.078299204585310186 0.11028019484052815 -0.014753072173266 -0.078846584352733923 0.073256264347747443 -0.062096773446578435 0.1798457249502676 -0.07227467953869382 0.0012787390338078978 -0.062866428680276712 0.23876002909789237 -0.077654545148707899
leaf_weight=39.105571170686744 1.0239458959549668 0.74555066972971218 4.9114880179986349 3.2018993878737083 8.5253571956418419 1.6551458481699235 0.50919236708432425 3234.5692458134145 2.4542655572295278 1.80006187967956 3.5504390727728605 1.5010067662224162 2.4369721561670294 6.1591356024146071 7.6075954362750036 2.1405268386006355 3.9011972732841969 2.5753610655665398 10.384316734969618 2.0865213330835104 3.1506924144923709 5.3402499891817561 2.6345523707568637 6.0841858265921474 0.77569924294948567 21.836567045189444 332.83619645237923 6.2072346089407793 0.62216342054307361 1.0002503599971531
leaf_count=6598 26 9 192 35 260 31 28 13278 23 34 61 33 22 39 81 14 41 17 225 32 75 96 49 135 19 959 1996 47 15 43
internal_value=0.00104486 -0.0510762 -0.00753313 0.0127526 -0.00972185 -0.0229533 -0.060404 0.00187952 -0.0130201 -0.026558 0.0361323 0.119397 0.00600579 0.0149117 -0.00399784 -0.0424503 0.0379736 0.0686198 -0.0383655 0.0227454 -0.0467376 -0.0285147 -0.00725869 -0.0284484 0.0236919 0.00215128 -0.00406059 0.000104364 -0.064255 0.0436842
internal_weight=3721.33 58.6542 19.5486 14.128 10.9261 10.1805 5.42068 3662.68 65.6067 38.3317 6.07539 2.52495 27.2751 24.8381 18.6789 9.74812 8.93082 6.47656 32.2563 3.88658 28.3697 17.9854 12.6451 10.0106 3.92639 3597.07 362.502 339.043 23.459 1.62241
internal_count=24513 7153 555 335 300 291 220 17360 1022 785 120 59 237 215 176 95 81 58 665 66 599 374 278 229 94 16338 3060 2043 1017 58
is_linear=0
shrinkage=0.1


Tree=175
num_leaves=31
num_cat=0
split_feature=10 10 0 4 9 6 9 4 8 8 8 8 0 10 8 8 9 11 3 12 0 9 9 8 9 6 4 11 9 7
split_gain=30.9236 11.0828 5.8839 3.66625 2.22052 4.09474 3.70884 2.69296 2.63802 3.02413 1.70389 1.87526 1.66797 1.81004 2.58565 5.23165 2.39191 6.26782 4.75195 5.15109 3.02857 2.36427 4.93625 4.43556 2.30574 5.99681 4.67869 4.26004 6.98171 5.01317
threshold=7.5000000000000009 20.500000000000004 20.500000000000004 14.500000000000002 327.30582908885123 2.5000000000000004 304.0131313131314 14.500000000000002 0.21294035577258458 0.25556655121227118 0.059714795008912656 0.069366479550922219 63.500000000000007 17.500000000000004 0.2869249394673124 0.28989813242784385 184.14546783625735 4.5000000000000009 10.500000000000002 7.5000000000000009 44.500000000000007 241.47536599099104 232.97789855072466 0.36032786885245904 203.89068040780145 6.5000000000000009 18.500000000000004 1.5000000000000002 211.33875000000003 2.5000000000000004
decision_type=2 2 2 2 2 2 2 2 2 2 2 2 2 2 2 2 2 2 2 2 2 2 2 2 2 2 2 2 2 2
left_child=-1 2 -2 -3 6 -6 10 -8 -7 -10 -4 -12 13 24 -15 -16 17 20 21 -20 -17 22 23 -18 -13 -26 -27 28 -28 -30
right_child=1 3 4 -5 5 8 7 -9 9 -11 11 12 -14 14 15 16 18 -19 19 -21 -22 -23 -24 -25 25 26 27 -29 29 -31
leaf_value=-0.075464361078898035 -0.067508278027385751 -0.075631174304258197 -0.063997254628760006 -0.0044158326210354346 0.1518973454187858 0.1054919513865952 -0.0078017502388899864 -0.1132246881127754 -0.11130935831464009 0.032627991063006186 0.083876524088360216 0.0010067885661690095 0.041099984119508923 -0.00020032530172067969 -0.13207263547052966 -0.028272969070266399 -0.038008157027329299 0.050188565546133046 0.06844615099963744 -0.034997709210053171 -0.12686408405065094 0.01560913966120555 -0.12914079047282595 0.072489442181623912 -0.002993840948420679 0.0096220749947957609 0.072797872447390929 0.048730486132333085 -0.070368574886367136 0.053693647057132199
leaf_weight=54.345675507094711 12.252287600189446 24.926788133569062 3.9042819105088702 10.181731842458246 2.7690505664795628 2.2127451184205693 4.8963086768053454 4.7968365671113133 2.3435575948096812 3.870178094599396 2.8021547719836226 1302.5905341524631 10.872585050761698 423.17988942284137 3.9160440806299439 5.545747631229462 23.635212128981951 4.8346853889524928 14.244692346081139 7.270950347185134 7.1107694748789072 11.320462101139126 4.9752189815044394 4.2926009399816385 242.71389647433534 208.36082093790174 8.8571859821677226 71.464089184999466 12.160376161336901 4.4486802369356147
leaf_count=8175 1119 2830 21 230 28 28 77 22 21 35 13 6030 115 2412 34 28 164 30 71 40 37 81 37 27 1384 858 47 438 56 25
internal_value=-0.000855192 0.00080198 0.00161402 -0.0549782 0.00196699 0.0463984 0.0017587 -0.0599723 0.0117301 -0.0216591 0.00201028 0.00211881 0.00202221 0.00184225 -0.00343048 -0.019116 -0.0138013 -0.0466663 -0.00505689 0.0334886 -0.0836641 -0.0238101 -0.0373724 -0.0210243 0.00329627 0.00873831 0.0180657 0.0362159 0.00109721 -0.0371389
internal_weight=2501.1 2446.75 2411.64 35.1085 2399.39 11.1955 2388.19 9.69315 8.42648 6.21374 2378.5 2374.6 2371.79 2360.92 510.326 87.1464 83.2303 17.4912 65.7391 21.5156 12.6565 44.2235 32.903 27.9278 1850.6 548.005 305.291 96.9303 25.4662 16.6091
internal_count=24513 16338 13278 3060 12159 112 12047 99 84 56 11948 11927 11914 11799 2961 549 515 95 420 111 65 309 228 191 8838 2808 1424 566 128 81
is_linear=0
shrinkage=0.1


Tree=176
num_leaves=31
num_cat=0
split_feature=4 0 10 7 13 6 0 9 12 12 5 11 7 8 5 8 11 10 7 11 11 4 6 8 8 7 3 8 3 9
split_gain=40.162 3.11406 2.23569 1.95147 1.89096 3.09401 1.49423 1.59197 5.0139 3.96769 6.73319 4.12416 5.27264 3.89078 3.82647 4.08399 3.06866 2.82727 3.44998 3.14734 3.70041 4.83211 5.22665 5.02348 4.52269 4.33621 3.18074 2.80291 2.71446 2.66144
threshold=13.500000000000002 44.500000000000007 4.5000000000000009 -13.499999999999998 1.0000000180025095e-35 11.500000000000002 8.5000000000000018 406.13259259259263 1.5000000000000002 5.5000000000000009 1.0000000180025095e-35 5.5000000000000009 -2.4999999999999996 0.33072916666666669 4.5000000000000009 0.13976744186046514 3.5000000000000004 1.5000000000000002 -3.4999999999999996 1.5000000000000002 4.5000000000000009 5.5000000000000009 5.5000000000000009 0.28345771144278614 0.22684391080617491 -1.4999999999999998 3.5000000000000004 0.24807692307692308 1.0000000180025095e-35 438.77367216117221
decision_type=2 2 2 2 2 2 2 2 2 2 2 2 2 2 2 2 2 2 2 2 2 2 2 2 2 2 2 2 2 2
left_child=1 6 -2 -4 5 -5 -1 -8 27 11 -11 17 -13 14 15 16 -12 18 -10 -19 21 22 23 29 -22 -26 -23 -9 -17 -21
right_child=2 -3 3 4 -6 -7 7 8 9 10 13 12 -14 -15 -16 28 -18 19 -20 20 24 26 -24 -25 25 -27 -28 -29 -30 -31
leaf_value=0.051964322511778738 0.012530045603900595 -0.076024068590676785 0.13856969278072606 -0.075868053482196954 -0.073259213458473665 0.18482427669940396 0.0015618092059030246 0.012927851857489257 -0.041259062253222574 -0.067313957281573272 0.033654762077471943 -0.039386451786691146 0.070503617900493712 -0.056407115960739988 -0.063040037849260752 0.12148802102964303 -0.11000139333288941 0.0021980808274796163 0.055973969697741759 -0.18671546410451406 0.057055102656856441 0.018440670317713251 -0.23470093402196346 0.012455213611574121 -0.1175069467422262 0.01600074355906923 -0.092121093062973725 0.099324166574750947 0.043767881338531003 -0.076884132932565338
leaf_weight=5.7245349697768679 3.4091610535979262 5.2697449089027932 0.44630385562777419 1.1476844931021322 85.624930367222987 0.75460523273795832 1997.8944106036797 10.771255897358062 9.377333600074051 10.371974466368554 3.2314633075147858 9.0096842665225285 8.4719609264284355 5.5531547237187615 3.7601816691458216 5.5021391827613142 2.7544119004160166 8.6454507149755937 5.9737912714481345 4.4138159863650817 4.6728838272392741 5.4386003818362934 3.2752002067863932 3.3220391124486914 5.859525414183735 4.1598191857337943 4.9890536828897893 5.7647854480892411 24.521707450971007 4.4113693367689848
leaf_count=34 18 383 7 103 10958 24 12030 65 40 59 30 51 51 39 25 26 28 68 23 21 41 26 24 30 30 21 23 39 168 28
internal_value=-0.00198897 0.000754305 -0.0669258 -0.0700049 -0.0710684 0.0275441 0.000941806 0.00080609 -0.00898212 -0.0152295 0.00536877 -0.0292165 0.0138685 0.0220019 0.0329503 0.0429737 -0.0324489 -0.0408869 -0.00342145 -0.0525796 -0.0642607 -0.087037 -0.122588 -0.0923598 -0.0241871 -0.0620774 -0.034457 0.0430473 0.0580108 -0.131815
internal_weight=2254.52 2163.14 91.3827 87.9735 87.5272 1.90229 2157.87 2152.15 154.252 137.716 55.695 82.0205 17.4816 45.3231 39.7699 36.0097 5.98588 64.5389 15.3511 49.1878 40.5423 25.8501 15.4224 12.1472 14.6922 10.0193 10.4277 16.536 30.0238 8.82519
internal_count=24513 13403 11110 11092 11085 127 13020 12986 956 852 375 477 102 316 277 252 58 375 63 312 244 152 103 79 92 51 49 104 194 49
is_linear=0
shrinkage=0.1


Tree=177
num_leaves=31
num_cat=0
split_feature=4 0 8 13 0 7 2 0 13 0 7 8 13 9 5 9 9 11 10 12 8 8 8 9 5 8 11 13 3 4
split_gain=4.08898 3.0365 2.55574 3.85869 3.53457 2.5346 3.241 6.00239 2.19866 3.43278 7.05182 4.0322 3.1607 4.68995 3.67777 3.12923 4.33499 3.98487 6.38181 4.0633 4.58127 3.63464 3.53585 5.42163 3.49995 5.42893 6.10158 4.60361 3.82312 3.75501
threshold=24.500000000000004 56.500000000000007 0.21913109756097562 1.3923076923076925 39.500000000000007 14.500000000000002 4.5000000000000009 40.500000000000007 1.9285714285714286 21.500000000000004 1.5000000000000002 0.29289318755256516 1.3923076923076925 379.48760964912287 1.0000000180025095e-35 156.74375000000003 160.89314814814819 1.5000000000000002 10.500000000000002 2.5000000000000004 0.21294035577258458 0.17521929824561402 0.18942218080149117 130.06276709401712 1.0000000180025095e-35 0.18107302533532041 3.5000000000000004 0.89444444444444449 1.0000000180025095e-35 10.500000000000002
decision_type=2 2 2 2 2 2 2 2 2 2 2 2 2 2 2 2 2 2 2 2 2 2 2 2 2 2 2 2 2 2
left_child=1 8 3 5 -5 6 7 -2 12 10 11 -10 15 14 -14 17 21 18 22 20 -20 -17 -1 -24 25 28 -27 -28 -18 -30
right_child=2 -3 -4 4 -6 -7 -8 -9 9 -11 -12 -13 13 -15 -16 16 24 -19 19 -21 -22 -23 23 -25 -26 26 27 -29 29 -31
leaf_value=0.062922378025897979 0.27718114909396829 -0.076950284475097497 -0.069739806826711617 0.40153952604098136 0.041937089845168668 0.26503419662014915 -0.07719048128198952 -0.037593800056046393 -0.021783553567713238 0.014432699076443074 0.049747454345843552 0.014774367767906652 -0.040900887713483478 0.049500402585440334 -0.0073935157763537016 0.039288728448080797 0.083027276666964259 0.02632717594751767 -0.093920546817861356 -0.085839549755889269 0.15235889066928784 -0.065126504917216346 -0.065054465312272255 0.032831887091324397 -0.00026258628610901521 0.038254730036771795 0.023009421304171693 -0.031740809513411454 -0.030787880496746176 0.027546166993089358
leaf_weight=10.981748862192033 0.83764977939426932 4.9868363454006603 13.271753188455476 0.41235313937067875 0.81073890277184546 0.29060997511260289 6.0584260025061667 2.1885897705797106 105.87656552623957 281.50813861517236 21.640498176217079 42.193627297878265 36.756949469447136 13.300021808594463 301.01374842156656 4.1487676980905261 4.0369569044560185 104.11374440509826 1.3623255006968968 12.644415986258535 1.6951834419742224 16.970282195601612 9.3344504646956938 14.367479354143141 2361.3996033105068 98.033840002957731 33.844864167738706 28.115758912404999 48.040202522650361 14.325417718384413
leaf_count=52 12 422 972 5 54 14 478 125 774 1105 86 285 166 56 2026 47 19 842 20 189 25 211 43 61 15262 492 173 166 244 87
internal_value=0.000751665 0.00102743 -0.0404992 -0.00388284 0.163173 -0.0256769 -0.0349765 0.0495345 0.00113648 0.00766036 -0.00357328 -0.0113661 0.000191322 -0.00874634 -0.0110399 0.00132678 0.000507888 0.0151549 -0.00793091 -0.0608247 0.0426249 -0.0446145 0.0160151 -0.00571836 0.000876132 0.0127534 0.0227295 -0.00183449 -0.0112837 -0.0173885
internal_weight=3594.56 3570.69 23.8701 10.5984 1.22309 9.37528 9.08467 3.02624 3565.7 451.219 169.711 148.07 3114.49 351.071 337.771 2763.42 2608.92 154.499 50.3856 15.7019 3.05751 21.119 34.6837 23.7019 2587.8 226.397 159.994 61.9606 66.4026 62.3656
internal_count=24513 22853 1660 688 59 629 615 137 22431 2250 1145 1059 20181 2248 2192 17933 16701 1232 390 234 45 258 156 104 16443 1181 831 339 350 331
is_linear=0
shrinkage=0.1


Tree=178
num_leaves=31
num_cat=0
split_feature=10 0 8 9 2 3 8 10 9 7 10 0 9 9 0 13 8 8 9 9 2 7 13 7 13 9 8 11 11 5
split_gain=14.6541 5.39658 1.88954 2.05605 1.97976 2.07074 2.51168 3.86236 2.33958 1.48371 1.5823 8.00877 2.25337 5.96258 2.0887 3.30602 2.39049 3.48841 2.06568 4.33495 2.26432 2.02292 4.48727 3.29994 2.43755 4.27976 7.86476 3.74288 2.94205 3.3024
threshold=6.5000000000000009 29.500000000000004 0.25677655677655681 401.50203373015876 3.5000000000000004 1.0000000180025095e-35 0.22474489795918368 1.0000000180025095e-35 314.6089635854342 -14.499999999999998 20.500000000000004 32.500000000000007 230.43450317124737 226.76485042735047 44.500000000000007 1.1339285714285716 0.21294035577258458 0.26953601953601958 326.04157407407416 365.33787037037041 1.0000000180025095e-35 -6.4999999999999991 1.1339285714285716 -7.4999999999999991 1.5857142857142861 271.01491596638658 0.18107302533532041 4.5000000000000009 5.5000000000000009 3.5000000000000004
decision_type=2 2 2 2 2 2 2 2 2 2 2 2 2 2 2 2 2 2 2 2 2 2 2 2 2 2 2 2 2 2
left_child=1 -1 4 -4 5 -3 -7 8 -8 -2 -11 -12 13 14 16 -16 -13 -18 21 20 -20 23 -23 -14 25 27 -27 -24 29 -26
right_child=9 2 3 -5 -6 6 7 -9 -10 10 11 12 18 -15 15 -17 17 -19 19 -21 -22 22 24 -25 28 26 -28 -29 -30 -31
leaf_value=-0.072621048486707071 0.055274663251910099 0.14373866589342485 -0.078680901297487671 0.1455796959549843 0.078535389340530323 -0.053474392166856205 0.036202397117573802 -0.082538634711668807 0.2718111024595164 0.0023804639797029136 -0.063287708844535981 -0.064030597478527185 0.0040043138728085978 -0.099954670213396463 -0.011113635920318988 0.078602532856704266 0.041983554995030481 -0.062201725932735145 0.0055470872315272306 0.055392357980280173 -0.087639826683601207 -0.0010221602416066915 -0.0035979968082079424 -0.037460083322480298 0.062394696893420643 0.23423449902482898 0.054427549286992997 0.09680790901820896 -0.071212145164654531 -0.017563661730910604
leaf_weight=36.350473024765961 5.1760127609595648 0.81776013039052742 4.6928891320712856 0.44782821927219618 3.3707218812778583 7.1351894997060281 0.8407228244468572 1.1637545777484772 0.84512264002114534 3296.4673779103905 21.854269908741117 9.4051327835768479 78.058055161498487 7.9368082024157038 11.792381532490255 6.3026170730590811 8.2910905703902227 5.2479756399989119 3.6698585506528643 4.3134755240753284 9.0077226599678379 103.32415438164026 15.847155104391279 25.451857294887304 10.715741433203226 3.0193454734981051 12.518208486028014 4.8486166149377814 3.8634576313197604 9.9724509418010694
leaf_count=6598 28 9 200 20 35 206 22 38 25 14299 1011 60 465 39 43 22 42 34 38 42 128 591 80 163 66 20 78 25 22 64
internal_value=0.000997693 -0.049925 -0.00720908 -0.0591447 0.0116282 -0.00924883 -0.0217786 0.0575853 0.154314 0.00177279 0.00169696 -0.00464212 -0.000800062 -0.0206129 -0.00526849 0.0201351 -0.0253031 0.00159954 0.00260935 -0.0312014 -0.0606644 0.00475598 0.0116608 -0.00619129 0.0332198 0.0497039 0.0893687 0.0199252 0.00889258 0.0238519
internal_weight=3712.75 55.6645 19.314 5.14072 14.1733 10.8025 9.98479 2.8496 1.68585 3657.08 3651.91 355.44 333.586 48.976 41.0392 18.095 22.9442 13.5391 284.61 16.9911 12.6776 267.619 164.109 103.51 60.785 36.2333 15.5376 20.6958 24.5517 20.6882
internal_count=24513 7153 555 220 335 300 291 85 47 17360 17332 3033 2022 240 201 65 136 76 1782 208 166 1574 946 628 355 203 98 105 152 130
is_linear=0
shrinkage=0.1


Tree=179
num_leaves=31
num_cat=0
split_feature=10 10 0 4 4 11 0 12 12 11 9 9 1 9 10 0 8 12 6 3 4 13 3 4 9 12 4 10 9 9
split_gain=28.6632 10.0244 5.37963 3.61072 1.9468 5.93687 3.41351 4.2823 5.33804 3.40117 3.13404 3.07579 3.41026 2.18268 1.77043 4.05686 4.92609 3.66102 4.74499 5.89845 5.04424 6.7198 5.87219 5.52869 4.25879 3.84171 4.52411 4.48697 3.64829 3.76609
threshold=7.5000000000000009 20.500000000000004 20.500000000000004 14.500000000000002 10.500000000000002 1.0000000180025095e-35 34.500000000000007 2.5000000000000004 9.5000000000000018 3.5000000000000004 250.52542735042738 274.98851851851856 1.5000000000000002 204.54583986415884 14.500000000000002 48.500000000000007 0.31311274509803927 1.5000000000000002 5.5000000000000009 10.500000000000002 15.500000000000002 0.88194444444444453 7.5000000000000009 20.500000000000004 173.64322089947092 4.5000000000000009 26.500000000000004 10.500000000000002 300.38680555555561 204.54583986415884
decision_type=2 2 2 2 2 2 2 2 2 2 2 2 2 2 2 2 2 2 2 2 2 2 2 2 2 2 2 2 2 2
left_child=-1 2 -2 -3 5 10 9 -8 -9 -7 -4 13 -13 -11 15 17 -17 18 19 20 22 24 -6 -23 -22 -19 -27 -28 29 -16
right_child=1 3 4 -5 14 6 7 8 -10 11 -12 12 -14 -15 28 16 -18 25 -20 -21 21 23 -24 -25 -26 26 27 -29 -30 -31
leaf_value=-0.07543032562585554 -0.066884533859580028 -0.075586009735100754 0.26101718508315885 -0.0040037318105479698 0.040982600858893506 -0.069947899138984873 0.14365218968299262 -0.047117504080978527 0.12186421178174262 0.079978131380063155 0.073643507531467395 -0.016363693502005183 0.19557820850836252 -0.082575207695385774 -0.0063123017345863668 0.034780657994553536 -0.074432199807728167 -0.0066956296435537179 -0.0027849329936588015 0.0047880726870400576 0.034269597136728856 -0.031251114241033232 0.2335287367774487 0.078513726409125906 0.14614490442170991 0.0040355134280232498 0.10041885049268473 0.013006957534202172 -0.079392021014750458 0.0052025467833846321
leaf_weight=50.383576459018514 11.441000351216642 23.112833799328655 1.4269904727116256 10.137335964012889 2.994066083803772 7.3664928870275634 3.4551097983494392 5.4252233207225782 2.852200772613287 1.1998776798136535 2.383969843853265 1.3578458512201907 1.7219941639341412 2.6512284614145756 602.51785738579929 64.372165732085705 4.4131878018379203 413.85540192946792 59.499195724725723 34.598595693707466 5.8848558850586405 12.695531260222198 3.3629779983311892 7.1861885357648125 8.0670593455433828 577.3864223100245 9.7791401296854037 14.699176326394079 5.950080567970871 537.3539641527459
leaf_count=8175 1119 2830 17 230 26 158 19 42 21 20 37 35 27 55 3024 596 42 1814 241 149 28 52 37 25 30 2569 38 67 33 2957
internal_value=-0.000771993 0.000770166 0.00152381 -0.053762 0.00185068 0.027233 0.0101662 0.050142 0.0111095 -0.0226381 0.143804 0.0276446 0.102137 -0.0319289 0.00153036 0.00418345 0.0277737 0.00277245 0.0182898 0.035056 0.0611125 0.0457561 0.142843 0.00842306 0.0989564 0.000720897 0.00582066 0.0479282 -0.0012917 -0.000884016
internal_weight=2489.53 2439.15 2405.9 33.2502 2394.46 29.8409 26.03 11.7325 8.27742 14.2974 3.81096 6.93095 3.07984 3.85111 2364.62 1218.79 68.7854 1150.01 134.288 74.7893 40.1907 33.8336 6.35704 19.8817 13.9519 1015.72 601.865 24.4783 1145.82 1139.87
internal_count=24513 16338 13278 3060 12159 431 377 82 63 295 54 137 62 75 11728 5714 638 5076 588 347 198 135 63 77 58 4488 2674 105 6014 5981
is_linear=0
shrinkage=0.1


Tree=180
num_leaves=31
num_cat=0
split_feature=4 0 10 3 0 9 1 3 6 6 0 0 0 13 2 9 8 6 9 13 13 7 0 7 5 12 8 0 0 9
split_gain=36.808 2.86523 2.16025 1.85325 1.53751 2.40733 1.46177 2.38401 3.94916 1.87374 2.59695 1.69856 3.84565 1.9568 1.64468 1.56473 3.01879 3.26006 1.76998 2.68067 1.55571 4.897 5.81012 3.4748 5.02317 4.50405 5.58809 4.98485 3.8093 3.40881
threshold=13.500000000000002 44.500000000000007 4.5000000000000009 2.5000000000000004 21.500000000000004 191.80377406281667 1.5000000000000002 7.5000000000000009 2.5000000000000004 12.500000000000002 38.500000000000007 13.500000000000002 11.500000000000002 1.6515151515151518 2.5000000000000004 376.79206349206356 0.21644144144144142 3.5000000000000004 398.16666666666669 1.5857142857142861 0.48529411764705882 -1.0000000180025095e-35 26.500000000000004 -9.4999999999999982 2.5000000000000004 1.5000000000000002 0.33072916666666669 22.500000000000004 20.500000000000004 429.55389610389619
decision_type=2 2 2 2 2 2 2 2 2 2 2 2 2 2 2 2 2 2 2 2 2 2 2 2 2 2 2 2 2 2
left_child=1 6 -2 -4 5 -5 7 20 -9 10 11 12 -8 -14 -11 -13 17 -17 -18 -20 21 23 -23 -1 25 27 -27 -25 -28 -22
right_child=2 -3 3 4 -6 -7 9 8 -10 14 -12 15 13 -15 -16 16 18 -19 19 -21 29 22 -24 24 -26 26 28 -29 -30 -31
leaf_value=0.044557082044371712 0.011425194612436074 -0.075947948302898083 0.032228137712104248 -0.075681840175788606 -0.073030187632929608 0.32595617404778121 0.056615165567094262 0.068082149934089092 -0.072130765850542719 -0.11874352175784775 -0.077057850919027893 0.00026863025791242146 -0.029008759403474346 -0.12393621081385531 -0.01741800215943284 0.070464190022224982 -0.075768353035192929 -0.028961021749780155 -0.056612091457843884 0.050930695681621688 0.0051104219052389233 -0.034236168115395253 0.039358710047922248 0.022953963073008253 -0.011808036797819915 0.012479431265479367 0.025526316474868523 -0.090106172828896436 0.12290129221026265 -0.019092131971032711
leaf_weight=18.716440756805241 3.4295087829232207 4.8768661911599329 1.7496712151914824 0.37348285829648276 79.575176231446676 0.24854520335793495 3.0359328445047131 2.5504264794290057 9.4583086608909053 2.6243359930813304 4.7703915713354936 352.78404670860618 4.5727577917277795 4.1352746095508337 4.1118478178977966 5.8574594669044 10.291970267891886 7.5469439867883921 6.2251374940387887 3.6927623767405748 1270.8925554016605 76.075582260265946 12.488241369836031 7.4789794981479636 160.41072594653815 101.80209317803383 7.7659667525440481 8.1485731266438943 8.3231076747179014 60.986980725079775
leaf_count=110 18 383 51 38 10992 11 18 37 133 19 194 2349 34 27 41 42 49 39 38 22 7234 422 65 53 959 620 64 33 39 379
internal_value=-0.00193102 0.000614894 -0.0663306 -0.0695847 -0.071806 0.0848016 0.000788179 0.00205012 -0.0423522 -0.00458765 -0.00371317 -0.00283438 -0.0402999 -0.074088 -0.0568932 -0.00169568 -0.0223112 0.0144858 -0.0467172 -0.0165704 0.00235778 -0.00310106 -0.0238587 0.00277899 0.000118699 0.0144476 0.0211347 -0.0359982 0.0758998 0.00400218
internal_weight=2245 2159.62 85.3764 81.9469 80.1972 0.622028 2154.75 1745.1 12.0087 409.649 402.913 398.142 11.744 8.70803 6.73618 386.398 33.6143 13.4044 20.2099 9.9179 1733.09 401.21 88.5638 312.646 293.929 133.519 117.891 15.6276 16.0891 1331.88
internal_count=24513 13403 11110 11092 11041 49 13020 10148 170 2872 2812 2618 79 61 60 2539 190 81 109 60 9978 2365 487 1878 1768 809 723 86 103 7613
is_linear=0
shrinkage=0.1


Tree=181
num_leaves=31
num_cat=0
split_feature=0 10 12 3 13 9 12 5 3 10 5 1 13 9 9 5 11 11 2 0 5 8 0 9 9 11 4 1 9 6
split_gain=3.71665 7.52353 3.44269 3.4433 4.20019 3.11398 3.0859 2.96115 2.84685 3.85674 4.47636 5.19741 3.79433 2.4388 4.26802 3.30634 4.18922 2.64125 2.37118 3.18632 3.11037 3.77382 2.97102 2.84578 4.01759 2.77103 4.10031 2.25896 3.95777 4.72585
threshold=47.500000000000007 19.500000000000004 4.5000000000000009 12.500000000000002 0.89444444444444449 232.97789855072466 7.5000000000000009 2.5000000000000004 8.5000000000000018 18.500000000000004 3.5000000000000004 1.5000000000000002 0.89444444444444449 210.71807503506315 228.57005797101453 4.5000000000000009 3.5000000000000004 4.5000000000000009 6.5000000000000009 39.500000000000007 3.5000000000000004 0.2965856481481482 29.500000000000004 221.55425925925928 203.89068040780145 2.5000000000000004 16.500000000000004 1.5000000000000002 221.55425925925928 9.5000000000000018
decision_type=2 2 2 2 2 2 2 2 2 2 2 2 2 2 2 2 2 2 2 2 2 2 2 2 2 2 2 2 2 2
left_child=18 5 3 7 -5 -2 -4 -3 -7 -10 -11 -12 -13 -8 -15 17 -17 -16 -1 20 22 -22 23 24 25 26 -20 28 29 -9
right_child=1 2 6 4 -6 8 13 27 9 10 11 12 -14 14 15 16 -18 -19 19 -21 21 -23 -24 -25 -26 -27 -28 -29 -30 -31
leaf_value=0.001909902207656708 -0.067035123146344452 -0.057887948726669747 -0.040662305190345076 -0.016523756744689675 0.20711804486967053 -0.048067788481738372 -0.056066633683090554 0.18154861432895356 -0.075568082877490991 -0.080163205211973954 0.39196284718936392 0.26447582641761336 -0.076909594129099743 0.086691704494033114 -0.098859611847234921 0.076601055528678186 -0.039435214155799925 0.008882999848528807 -0.010684895863725119 -0.047040319766743693 0.0044076395439194048 0.10068020783035794 -0.044763878607675819 -0.043091091487327149 0.081967925481709406 -0.025302158606729536 0.075913893361530274 -0.010563614838696707 0.013369044685513294 0.024875394652459998
leaf_weight=3298.7873574728146 30.780372177017853 5.5740800853818646 29.527775381691754 1.4387131035327905 2.0172324385493994 6.1645347089506668 5.7271502520889035 3.5842051971703794 1.4649151964113114 0.79399082390591535 0.84001803863793645 0.58286466822028138 0.73753417050465941 6.4917452353984144 5.1435213899239915 7.3396770544350129 5.400713044218719 4.0801654513925314 14.170244842767717 21.414996873121709 15.46373093314469 5.5270009506493798 22.185973716899753 13.873324811458586 6.4156657531857482 25.054539032280445 8.9025909155607206 15.956683604046701 20.30829699523747 4.159606646746397
leaf_count=18744 2920 33 197 16 26 187 56 22 193 20 12 18 31 50 34 30 25 23 49 779 163 44 374 57 26 107 38 111 98 30
internal_value=0.000691434 -0.0142989 -0.00131479 0.0175057 0.114016 -0.0509461 -0.0169827 0.0107789 -0.00415531 0.0570984 0.12288 0.197502 0.0737884 0.00347204 0.0154551 -0.00559977 0.0274127 -0.0511989 0.00138208 -0.0117085 -0.00492827 0.0297569 -0.0129641 -0.00265213 0.00763374 -0.00227544 0.022729 0.0194761 0.0365634 0.0973912
internal_weight=3589.91 158.114 116.75 53.0388 3.45595 41.3642 63.7107 49.5829 10.5839 4.41932 2.95441 2.16042 1.3204 34.183 28.4558 21.9641 12.7404 9.22369 3431.8 133.008 111.593 20.9907 90.6023 68.4164 54.543 48.1274 23.0728 44.0088 28.0521 7.74381
internal_count=24513 4132 751 336 42 3381 415 294 461 274 81 61 49 218 162 112 55 57 20381 1637 858 207 651 277 220 194 87 261 150 52
is_linear=0
shrinkage=0.1


Tree=182
num_leaves=31
num_cat=0
split_feature=10 0 8 9 9 2 12 8 9 0 13 8 8 12 13 8 8 8 10 6 11 11 3 8 6 12 9 10 0 13
split_gain=13.2694 5.22683 1.70249 2.04676 1.64847 3.42438 2.20903 2.44568 2.44496 1.40141 1.50162 1.34897 1.38279 4.04702 4.78769 1.95662 1.94767 1.82379 1.9226 2.87742 1.55072 4.01481 3.94747 4.64929 3.67915 5.33185 4.35103 7.69653 4.2696 5.38151
threshold=6.5000000000000009 29.500000000000004 0.25677655677655681 410.52061403508782 272.0478070175439 3.5000000000000004 11.500000000000002 0.22474489795918368 347.66613636363644 11.500000000000002 1.9285714285714286 0.47722567287784684 0.3943381180223286 1.5000000000000002 0.5634920634920636 0.3874259381171824 0.40682870370370378 0.37884436160298235 16.500000000000004 4.5000000000000009 4.5000000000000009 3.5000000000000004 11.500000000000002 0.24357284113381675 8.5000000000000018 10.500000000000002 154.17960588793923 12.500000000000002 49.500000000000007 1.2264957264957268
decision_type=2 2 2 2 2 2 2 2 2 2 2 2 2 2 2 2 2 2 2 2 2 2 2 2 2 2 2 2 2 2
left_child=1 -1 4 -4 -3 6 7 -6 -9 10 -2 12 15 -14 -15 17 -16 20 19 -19 21 -11 -22 24 25 26 27 -24 -26 -30
right_child=9 2 3 -5 5 -7 -8 8 -10 11 -12 -13 13 14 16 -17 -18 18 -20 -21 22 -23 23 -25 28 -27 -28 -29 29 -31
leaf_value=-0.072388680555079118 -0.078656068575691837 -0.095595207058377957 -0.078421761831477532 0.14666009467896343 -0.07786396264531692 0.12147205938949038 0.064630977454622124 -0.019963688397325902 0.2021965390386205 0.0021965105446394642 0.029881392031336287 -0.045138974191018283 -0.048799792619950953 -0.057035794804144162 0.072817005560608425 -0.043672544739942892 0.025946777584835181 0.0023540399153553701 -0.018676891469280327 0.091164198375353347 0.0078109058910092611 -0.007754783687624037 0.060611471119694608 -0.026856975002915059 0.065928226369934562 0.060257961038614118 -0.032440118169175178 -0.07238411108478171 -0.051864750549498795 0.092654118086634651
leaf_weight=33.813642184482887 4.271388290449976 1.3269749428145612 4.4351773066446176 0.44449243322014798 4.6966074146330339 2.7051768554374567 3.1425573220476508 1.6416809787042441 0.70946335233747948 2029.2515527326614 1.8168725632131097 6.125018708407878 8.0408121235668641 5.9024252006784073 12.220111111178992 9.5288764517754299 32.300038176588714 6.723119333386423 5.5186803555116049 7.9765352010726929 827.67157356301323 506.64128578361124 14.936130078509452 78.29322730563581 17.900338754057888 10.497848611325024 49.178296761587262 6.1400931831449261 8.9263448510318977 3.6222230475395909
leaf_count=6598 108 25 205 15 183 29 22 52 24 9533 32 30 34 41 59 51 154 30 28 34 3893 2414 58 371 73 46 246 30 69 26
internal_value=0.000951161 -0.0487664 -0.00695143 -0.0579189 0.0105353 0.0214564 -0.00509434 -0.0361845 0.0470737 0.00167125 -0.0462661 0.00175127 0.00183015 0.0170855 0.0275921 0.00158121 0.0388119 0.00170189 0.0316509 0.0505455 0.00153147 0.00020836 0.00483011 -0.0081894 0.00495384 -0.00621549 -0.0161483 0.0218661 0.0345756 -0.0101485
internal_weight=3706.4 52.9158 19.1021 4.87967 14.2225 12.8955 10.1903 7.04775 2.35114 3653.48 6.08826 3647.39 3641.27 58.4634 50.4226 3582.81 44.5201 3573.28 20.2183 14.6997 3553.06 2535.89 1017.17 189.495 111.201 80.7524 70.2545 21.0762 30.4489 12.5486
internal_count=24513 7153 555 220 335 310 281 259 76 17360 140 17220 17190 288 254 16902 213 16851 92 64 16759 11947 4812 919 548 380 334 88 168 95
is_linear=0
shrinkage=0.1


Tree=183
num_leaves=31
num_cat=0
split_feature=10 10 0 4 9 12 6 9 4 8 12 12 7 9 10 0 7 13 5 3 12 3 12 4 11 9 8 8 4 6
split_gain=26.5977 9.11893 4.91752 3.50033 1.85956 3.55656 3.48763 2.97296 2.2794 1.65738 2.05341 3.03525 2.03495 1.63456 1.56712 4.68885 4.68746 4.03523 5.31916 5.03149 3.06385 4.7998 4.46361 9.10107 3.38583 6.51464 4.11071 5.35076 3.74495 3.53445
threshold=7.5000000000000009 20.500000000000004 20.500000000000004 14.500000000000002 327.30582908885123 7.5000000000000009 6.5000000000000009 304.0131313131314 14.500000000000002 0.21975609756097561 6.5000000000000009 5.5000000000000009 -5.4999999999999991 343.01957142857151 9.5000000000000018 28.500000000000004 10.500000000000002 1.1055555555555558 2.5000000000000004 6.5000000000000009 4.5000000000000009 12.500000000000002 3.5000000000000004 18.500000000000004 1.0000000180025095e-35 217.5747023809524 0.23956521739130437 0.26847469967236987 13.500000000000002 3.5000000000000004
decision_type=2 2 2 2 2 2 2 2 2 2 2 2 2 2 2 2 2 2 2 2 2 2 2 2 2 2 2 2 2 2
left_child=-1 2 -2 -3 7 6 13 14 -9 -5 11 12 -11 -6 16 17 20 -16 -19 -20 21 22 23 -4 29 -26 -27 -28 -29 -22
right_child=1 3 4 9 5 -7 -8 8 -10 10 -12 -13 -14 -15 15 -17 -18 18 19 -21 24 -23 -24 -25 25 26 27 28 -30 -31
leaf_value=-0.075399084116623952 -0.066224758072883222 -0.075540113319215563 -0.012882735732379981 -0.079022202743666392 0.1746066397523752 -0.081917865868123579 -0.026340378719034857 -0.0061130160563909212 -0.10400913044204591 0.12033673546897411 -0.053019592627955636 0.16086300632460082 -0.050688998295140536 0.070609314202627199 -0.061763002654229474 0.0018793467530441794 0.059461470964480956 -0.038813391730764708 0.23553877162574724 0.023129817857909064 0.01270343345186415 -0.1212261839537656 -0.074880436971261982 0.17414608355775998 -0.037296442051871236 0.012946002325020627 0.23306919717755595 -0.078603226169159157 0.12523474620232095 0.16684681185314792
leaf_weight=46.73615410993807 10.6857862342149 21.430311561794955 14.071978771127769 2.2902841372415406 2.2969428757205588 1.9283108399249602 2.819840800948441 4.8410018370486778 4.6755670495331287 0.9814143506810068 2.6947464332915843 1.7683228291571138 2.3898705081082885 4.4187210723757744 21.674981375224888 2250.4961661887355 18.6270682066679 9.6448476156219822 1.5756776742637146 3.8159767612814903 2.947498492896556 4.1803366541862479 6.6207928536459795 3.1919850930571547 15.745463927742096 9.704644436016677 2.4247217178344718 1.5196282435208561 2.2151577174663544 3.0032301358878613
leaf_count=8175 1119 2830 212 94 15 29 16 77 22 22 52 14 48 52 329 10538 99 145 19 48 34 28 85 16 174 118 21 33 17 32
internal_value=-0.000673985 0.000760439 0.00146173 -0.0526475 0.00176405 0.0419429 0.0669905 0.0015706 -0.0542102 -0.00419174 0.0176841 0.0547547 -0.000901716 0.106179 0.00179444 0.00130106 0.0151883 -0.0341491 0.00565602 0.085205 0.00262179 -0.0223747 -0.0050736 0.0216976 0.0212992 0.00827222 0.0534999 0.117395 0.0422961 0.0904969
internal_weight=2481.42 2434.68 2403.13 31.5549 2392.44 11.4638 9.5355 2380.98 9.51657 10.1246 7.83435 5.13961 3.37128 6.71566 2371.46 2287.21 84.2525 36.7115 15.0365 5.39165 65.6254 28.0651 23.8848 17.264 37.5603 31.6096 15.8642 6.15951 3.73479 5.95073
internal_count=24513 16338 13278 3060 12159 112 83 12047 99 230 136 84 70 67 11948 11079 869 541 212 67 770 341 313 228 429 363 189 71 50 66
is_linear=0
shrinkage=0.1


Tree=184
num_leaves=31
num_cat=0
split_feature=4 0 10 3 0 9 4 11 8 9 12 8 9 1 7 9 9 11 12 8 8 1 0 10 12 9 0 9 7 0
split_gain=33.7926 2.65765 2.08045 1.78159 1.37915 2.36097 1.33855 3.56219 7.08086 4.41619 5.09616 5.37337 4.36103 4.18751 3.70883 5.24395 5.07437 3.86708 6.27026 4.64955 4.37604 5.15994 3.83298 3.80265 3.60972 4.20924 3.57507 3.29621 3.21706 3.07068
threshold=13.500000000000002 44.500000000000007 4.5000000000000009 2.5000000000000004 21.500000000000004 199.54670849245323 4.5000000000000009 2.5000000000000004 0.41240409207161127 297.19694548872184 7.5000000000000009 0.27100988700564976 355.72262443438916 1.0000000180025095e-35 -7.4999999999999991 340.02687500000008 307.59523809523819 3.5000000000000004 6.5000000000000009 0.40682870370370378 0.31455026455026464 1.0000000180025095e-35 30.500000000000004 1.5000000000000002 2.5000000000000004 359.33841503267979 14.500000000000002 291.64493055555562 -5.4999999999999991 16.500000000000004
decision_type=2 2 2 2 2 2 2 2 2 2 2 2 2 2 2 2 2 2 2 2 2 2 2 2 2 2 2 2 2 2
left_child=1 6 -2 -4 5 -5 7 8 9 10 11 -1 -11 -13 16 29 27 18 20 28 21 -17 23 -18 -14 -26 -12 -9 -19 -16
right_child=2 -3 3 4 -6 -7 -8 14 -10 12 26 13 24 -15 15 17 22 19 -20 -21 -22 -23 -24 -25 25 -27 -28 -29 -30 -31
leaf_value=0.082511643315962196 0.010158879283070743 -0.075889422762403957 0.029432585176435877 -0.075793160816026522 -0.072800991963252584 0.3066279245926965 -0.00068880315467661091 -0.031931934390949164 0.098728696628014367 -0.030806231149919757 0.044638926852616147 0.045437855799392315 0.038792823710135496 -0.08111166115782481 0.011218532814422897 -0.051027348571255196 0.03506877387978171 0.043243895291107969 0.082059019936653751 -0.11782556412967918 0.10376817113915411 0.052255476252411864 0.072048557723684056 -0.042769385580144308 0.087607522687672801 -0.017009486698153727 -0.068490999611689141 -0.1379041682045552 -0.009418782809633295 0.045114293180286279
leaf_weight=16.393458504229788 3.4594939723610869 4.5382061549462369 1.7910807845182706 0.42412713542580505 73.915564049733803 0.26065219193696976 1633.3987393444404 9.365853935480116 6.4192227534949771 85.577206386253238 4.2017402984201899 6.1202839165925962 19.659353693947196 4.5651511959731579 42.208783535286784 14.52240782603622 10.703174808993937 13.425339605659245 14.779570503160356 3.6085247267037621 3.505014842376112 7.2529575973749152 7.1705564111471167 15.17443076521158 4.1119921430945388 59.433168781921268 8.3337967656552774 4.2748462930321685 85.311652945354581 72.864326197654009
leaf_count=115 18 383 51 41 10992 8 9973 43 44 470 25 33 130 25 276 88 52 79 95 23 21 41 29 63 21 370 45 20 560 379
internal_value=-0.00180926 0.000555699 -0.065691 -0.069126 -0.0714923 0.0697704 0.000716881 0.005141 -0.00471738 -0.00790383 0.0221441 0.0465476 -0.0149563 -0.00862805 0.0121034 0.0168056 -0.013828 0.00397687 0.0303164 -0.0063329 6.62873e-05 -0.0166258 0.00735213 -0.0105749 0.00134555 -0.0102397 -0.0305714 -0.0651425 -0.0022582 0.0326813
internal_weight=2236.77 2156.92 79.8509 76.3914 74.6003 0.684779 2152.38 518.983 214.815 208.396 39.6144 27.0789 168.782 10.6854 304.167 257.479 46.6889 142.405 40.06 102.346 25.2804 21.7754 33.0482 25.8776 83.2045 63.5452 12.5355 13.6407 98.737 115.073
internal_count=24513 13403 11110 11092 11041 49 13020 3047 1278 1234 243 173 991 58 1769 1562 207 907 245 662 150 129 144 115 521 391 70 63 639 655
is_linear=0
shrinkage=0.1


Tree=185
num_leaves=31
num_cat=0
split_feature=4 0 7 3 11 0 13 13 6 7 0 1 8 0 12 8 8 5 2 0 9 13 9 5 11 0 12 13 10 6
split_gain=3.45838 2.75223 2.73533 2.56656 4.5921 6.02673 2.85012 1.87869 3.16375 4.83627 4.24666 4.22466 4.08083 3.57784 2.82192 2.74709 5.20654 3.08732 2.59087 2.58794 2.82068 2.54147 3.7617 3.15102 2.75586 7.44108 7.5341 5.48185 4.28202 4.2408
threshold=24.500000000000004 56.500000000000007 16.500000000000004 10.500000000000002 1.5000000000000002 40.500000000000007 0.41428571428571431 1.9285714285714286 7.5000000000000009 -9.4999999999999982 20.500000000000004 1.0000000180025095e-35 0.20550527903469076 33.500000000000007 4.5000000000000009 0.21644144144144142 0.22767145135566183 4.5000000000000009 2.5000000000000004 38.500000000000007 332.82039072039078 1.3923076923076925 379.48760964912287 1.0000000180025095e-35 1.0000000180025095e-35 20.500000000000004 3.5000000000000004 0.38750000000000007 8.5000000000000018 5.5000000000000009
decision_type=2 2 2 2 2 2 2 2 2 2 2 2 2 2 2 2 2 2 2 2 2 2 2 2 2 2 2 2 2 2
left_child=1 7 3 4 5 -2 -5 21 -9 12 -11 -12 -10 -14 19 18 -17 -18 -16 20 -13 24 23 -23 25 26 -1 29 -28 -27
right_child=2 -3 -4 6 -6 -7 -8 8 9 10 11 14 13 -15 15 16 17 -19 -20 -21 -22 22 -24 -25 -26 27 28 -29 -30 -31
leaf_value=0.061389061348680288 0.40708106759466967 -0.076874960260094438 0.27104975134625664 0.098280031435655169 -0.048625481494389035 0.012006545376743623 -0.070810848222172026 0.0020578435809706663 -0.065814168194961151 -0.045900905167133133 0.077168891000434753 -0.042651372356546591 0.047851765847302059 -0.038567163416746243 0.048358734609189297 0.16430450308061273 0.078384864681584024 -0.0095918598211450438 -0.045819731116359459 0.057151807451720049 0.034562488946153415 -0.037721615949624039 0.044144827292264453 -0.0065965314396311944 0.0024002932963092657 0.053558632745063908 -0.01289247483094311 -0.020653297969073999 0.063450608094087757 -0.0070001862620405475
leaf_weight=28.19692999869585 0.60869662836194649 4.5441411002539089 0.28188250097446044 1.0620043757371629 3.171807401580736 1.0559609748888759 16.243720212252811 332.75878325849771 9.974450100213291 6.32942971587181 21.487292435020208 13.453397385776048 11.744039805606009 8.0915187150239927 6.6375100910663587 4.364924997091296 9.4847763851284999 6.8838447239249936 5.2170012723654509 6.4204009957611552 7.2973430752754203 36.482760593295097 13.354367537423967 299.89548353780992 2382.0652246908285 18.64634170383215 49.606071399524808 241.53264017449692 8.624311611056326 30.4429219099693
leaf_count=198 8 422 11 29 173 59 1380 1720 42 63 87 57 46 34 27 17 41 27 25 34 30 166 56 2026 15383 79 355 1737 32 149
internal_value=0.000653572 0.000899921 -0.0384951 -0.0424358 0.0219658 0.156469 -0.0604342 0.000999225 0.00703714 0.0211522 0.0329945 0.0391407 -0.0136382 0.0125989 0.0254672 0.0453096 0.0672635 0.0413861 0.00691214 0.0016689 -0.0154978 0.000124966 -0.00790585 -0.00997228 0.00114291 -0.00680077 0.0189599 -0.0144617 -0.00158555 0.0160028
internal_weight=3585.96 3563.54 22.4241 22.1422 4.83647 1.66466 17.3057 3558.99 450.145 117.386 87.5759 81.2465 29.81 19.8356 59.7592 32.5881 20.7335 16.3686 11.8545 27.1711 20.7507 3108.85 349.733 336.378 2759.11 377.049 86.4273 290.622 58.2304 49.0893
internal_count=24513 22853 1660 1649 240 67 1409 22431 2250 530 408 345 122 80 258 137 85 68 52 121 87 20181 2248 2192 17933 2550 585 1965 387 228
is_linear=0
shrinkage=0.1


Tree=186
num_leaves=31
num_cat=0
split_feature=10 0 2 11 9 11 9 12 9 0 12 8 8 11 0 9 8 11 9 9 2 7 13 7 5 8 0 10 8 13
split_gain=12.0074 5.12397 2.14681 3.10785 4.41117 2.09598 1.80953 1.93701 3.15866 1.8291 1.33187 2.77413 3.54732 3.15909 4.23529 4.98625 3.96956 4.17245 3.84257 5.118 5.00701 4.78918 3.82191 4.5445 3.70386 4.04119 3.3372 3.21711 3.22519 3.11322
threshold=6.5000000000000009 27.500000000000004 3.5000000000000004 4.5000000000000009 279.69597902097911 2.5000000000000004 438.77367216117221 11.500000000000002 318.48066603535364 39.500000000000007 11.500000000000002 0.3246621621621622 0.36451048951048953 2.5000000000000004 52.500000000000007 126.47813870614037 0.15831244778613199 1.0000000180025095e-35 223.29075362318841 191.18537681159424 3.5000000000000004 -4.4999999999999991 0.89444444444444449 -2.4999999999999996 1.5000000000000002 0.15047169811320757 31.500000000000004 11.500000000000002 0.23368794326241135 1.2679425837320577
decision_type=2 2 2 2 2 2 2 2 2 2 2 2 2 2 2 2 2 2 2 2 2 2 2 2 2 2 2 2 2 2
left_child=1 -1 6 4 -4 -6 7 9 -9 -3 -2 13 -13 16 15 -15 -12 -18 19 24 -21 -20 23 -19 -17 -26 -23 -24 29 -29
right_child=10 2 3 -5 5 -7 -8 8 -10 -11 11 12 -14 14 -16 18 17 22 21 20 -22 26 27 -25 25 -27 -28 28 -30 -31
leaf_value=-0.075314494882303393 0.002059506267605152 -0.067150754307249164 -0.097493243722364856 -0.082019633137898368 0.23814136009868947 0.057722223976726099 0.18942406453518523 0.12570668815573713 -0.049159549982751655 0.052944998960538704 -0.069919585165297296 -0.072460506815936923 0.014225545990492 -0.1399202988730725 -0.069703063486222946 0.069255622948106818 0.024253786874282934 0.099773054304862996 0.058881920945082281 0.011136000899288791 0.09450425057424014 0.0090496035777533103 -0.10098811698276236 -0.017252760139711869 0.084059223016129406 -0.02643786700907165 -0.058026712766183403 0.087546804253272284 -0.06230656060278298 -0.036827407277051409
leaf_weight=28.689073181478307 3433.2762174429372 10.745697508100429 0.87432808754965607 1.3364694835618136 1.519719494506717 1.1173132881522176 0.37495714193209906 1.8050288963131595 2.4150690939277411 1.4378829970955838 12.108438986819236 13.039661606773736 7.3993871789425603 2.0765026062726966 6.4941921960562459 7.2040938809514037 25.785562118515372 4.2283249087631729 8.2354272888042015 11.912527406588199 18.226411819458008 13.706251766532661 8.4919524434953946 15.419334438629447 3.839534759521487 23.99191327393055 16.165248654782772 3.7562437504529971 10.974155846983193 4.3354777302592993
leaf_count=6199 16306 768 23 31 30 19 16 23 33 11 73 61 38 8 52 27 123 28 62 46 67 74 37 74 15 90 70 19 62 28
internal_value=0.000910176 -0.0476077 -0.0108526 0.0477624 0.0971591 0.161698 -0.0277881 -0.0327532 0.0256346 -0.0529773 0.00157888 -0.00601177 -0.0410782 -0.00237267 0.00867428 0.0135054 -0.0168924 -0.0080958 0.0165901 0.0313391 0.0615526 -0.00863524 -0.0257665 0.00793208 0.00534821 -0.0111941 -0.0272494 -0.0497922 -0.0269895 0.0209081
internal_weight=3700.98 50.3155 21.6265 4.84783 3.51136 2.63703 16.7786 16.4037 4.2201 12.1836 3650.67 217.391 20.439 196.952 111.852 105.358 85.0995 72.9911 103.281 65.1745 30.1389 38.1069 47.2055 19.6477 35.0355 27.8314 29.8715 27.5578 19.0659 8.09172
internal_count=24513 7153 954 103 72 49 851 835 56 779 17360 1054 99 955 511 459 444 371 451 245 113 206 248 102 132 105 144 146 109 47
is_linear=0
shrinkage=0.1


Tree=187
num_leaves=31
num_cat=0
split_feature=10 10 0 4 9 6 9 4 8 8 10 11 13 8 2 10 0 10 11 7 0 2 2 9 12 9 8 8 2 5
split_gain=24.6164 8.26567 4.48907 3.38216 1.55397 2.72987 2.58425 2.05018 1.84776 2.67577 1.54657 3.38259 1.52843 3.0669 2.44484 4.06688 2.27349 1.98473 5.9752 5.41408 1.93981 2.48626 3.09256 2.44951 4.27417 2.21366 5.26588 3.83604 3.79583 2.63302
threshold=7.5000000000000009 20.500000000000004 20.500000000000004 14.500000000000002 327.30582908885123 2.5000000000000004 304.0131313131314 14.500000000000002 0.21294035577258458 0.25556655121227118 14.500000000000002 3.5000000000000004 1.8090909090909093 0.20156250000000003 3.5000000000000004 15.500000000000002 37.500000000000007 8.5000000000000018 1.0000000180025095e-35 6.5000000000000009 30.500000000000004 8.5000000000000018 9.5000000000000018 244.45986772486773 10.500000000000002 221.55425925925928 0.17165178571428572 0.22684391080617491 3.5000000000000004 1.0000000180025095e-35
decision_type=2 2 2 2 2 2 2 2 2 2 2 2 2 2 2 2 2 2 2 2 2 2 2 2 2 2 2 2 2 2
left_child=-1 2 -2 -3 6 -6 12 10 -7 -10 11 -8 17 -14 -15 16 -16 18 -4 -20 21 23 -23 25 -25 29 -27 -28 -29 -19
right_child=1 3 4 -5 5 8 7 -9 9 -11 -12 -13 13 14 15 -17 -18 20 19 -21 -22 22 -24 24 -26 26 27 28 -30 -31
leaf_value=-0.075370346658563306 -0.065546589371189359 -0.075502039346771854 0.19479122180503142 -0.0040558611379375971 0.11884689625824657 0.083838499262142027 -0.040687652327449517 -0.0990624491015418 -0.10808704284202862 0.029461631721757187 -0.099006908632902818 0.16707244267878552 -0.082674059039855086 -0.069998044103484106 0.01399285251014327 -0.059023725043758836 0.13947693173315487 0.028192681043082968 -0.058509135142506996 0.11154602421081622 0.0023252592005546021 0.10241341285570663 -0.029928263566375762 -0.082346684948219798 0.085245931517441531 -0.083943206220188138 0.16555873804898247 -0.082301526432273009 0.080827797889138797 -0.021769718791753268
leaf_weight=43.345126360538416 10.001248246990142 19.86741341534071 2.1318066371604782 9.9411176145076734 3.076721246354281 2.3752778153866512 2.3396715149283396 4.5581238372251391 2.2091620154678822 3.9306317232549191 1.2926789056509731 1.1783277350477872 6.4495788663625744 3.4113065330311647 2.7514203176833671 3.317447523586452 3.0380986481904984 12.248550882562993 4.9174367748200893 3.023142721503973 2219.0028130384162 4.1508454810827962 3.0729242451488972 10.151265493594106 1.790095046162606 3.0175649262964717 2.8138033822178823 2.1623735204339027 4.1909496719017625 75.971795302815735
leaf_count=8175 1119 2830 34 230 28 28 39 22 21 35 14 24 46 23 34 22 12 133 117 34 10287 30 20 142 21 32 32 29 45 855
internal_value=-0.000673756 0.000659532 0.00130992 -0.0516748 0.00158986 0.0381149 0.00141174 -0.0510047 0.00894423 -0.0200298 -0.00546987 0.0289 0.00161915 -0.0266536 0.00220893 0.0292564 0.0798417 0.00184749 0.0461422 0.00623438 0.00165671 -0.0107504 0.0461165 -0.0144069 -0.0572234 -0.00931468 0.0306388 0.068356 0.0253062 -0.0148329
internal_weight=2471.73 2428.38 2398.58 29.8085 2388.57 11.5918 2376.98 9.3688 8.51507 6.13979 4.81068 3.518 2367.61 18.9679 12.5183 9.10697 5.78952 2348.65 10.0724 7.94058 2338.57 119.57 7.22377 112.346 11.9414 100.405 12.1847 9.16713 6.35332 88.2203
internal_count=24513 16338 13278 3060 12159 112 12047 99 84 56 77 63 11948 137 91 68 46 11811 185 151 11626 1339 50 1289 163 1126 138 106 74 988
is_linear=0
shrinkage=0.1


Tree=188
num_leaves=31
num_cat=0
split_feature=4 0 10 13 0 7 3 0 4 2 11 9 12 7 12 8 8 8 7 5 9 0 11 7 12 8 11 12 4 8
split_gain=31.0471 2.45898 2.00269 1.71014 3.27559 2.49089 1.36673 3.96341 3.5634 4.14535 4.2357 2.08021 2.7074 3.56956 2.73378 4.81429 4.6084 3.20819 4.026 4.08505 3.13219 3.10455 2.97648 4.45535 4.89232 4.587 3.3189 6.31141 3.82366 4.08832
threshold=13.500000000000002 44.500000000000007 4.5000000000000009 1.0000000180025095e-35 38.500000000000007 -13.499999999999998 3.5000000000000004 37.500000000000007 4.5000000000000009 2.5000000000000004 3.5000000000000004 406.13259259259263 1.5000000000000002 1.5000000000000002 5.5000000000000009 0.31726674409601241 0.33072916666666669 0.13976744186046514 -1.0000000180025095e-35 3.5000000000000004 460.52647907647912 22.500000000000004 4.5000000000000009 -2.4999999999999996 2.5000000000000004 0.19657494145199064 3.5000000000000004 2.5000000000000004 5.5000000000000009 0.19657494145199064
decision_type=2 2 2 2 2 2 2 2 2 2 2 2 2 2 2 2 2 2 2 2 2 2 2 2 2 2 2 2 2 2
left_child=1 6 -2 4 -4 -5 11 8 9 10 -8 -1 -13 14 15 22 17 20 19 -19 -16 -21 26 24 -24 -26 27 -14 29 -29
right_child=2 -3 3 5 -6 -7 7 -9 -10 -11 -12 12 13 -15 16 -17 -18 18 -20 21 -22 -23 23 -25 25 -27 -28 28 -30 -31
leaf_value=0.003960422114495152 0.0089862709014885949 -0.075823682539531756 0.18971884569445918 0.19478425225382123 -0.077414138112755965 -0.072602630760860473 0.030277350547479653 -0.049719862211973956 -0.0025190224533424405 -0.012442868497252558 0.16230495023226962 0.031645647869734131 0.059501976362708681 -0.11661336472093625 -0.085590837085929017 0.040236638808981276 -0.076171710616977251 0.067693894338779301 -0.037137852479220211 0.048437553416538437 0.052058445886191386 -0.088984232837512292 -0.11369605093286801 0.047152429061576226 0.09022992349079012 -0.060577252731039859 -0.10493498316379579 -0.045182634545414546 0.028198753957280467 -0.156028570188809
leaf_weight=1198.5419634301215 3.4848566725850096 4.2108147866092613 0.73844981379806895 0.35016519017517467 1.2130778750870375 68.969979933230206 5.8277431838214415 17.429883077275008 784.23339930642396 7.659779977053403 4.1677129957824945 14.418175851926206 5.4203878771513727 3.3117064461112014 5.1370116788893929 9.7116591911762935 5.9313455913215867 22.048867899924517 7.0846948679536608 3.2033178377896538 2.4374932423233986 3.3770416229963303 5.8068746514618423 8.8511119931936246 3.6264690309762937 4.5442115142941475 9.5731077268719655 8.770059974864127 3.600453943014144 5.3616255950182667
leaf_count=6784 18 383 38 5 91 10958 37 565 4728 42 25 90 35 17 36 65 40 140 45 34 29 12 33 64 25 25 49 47 16 37
internal_value=-0.00167904 0.000519452 -0.0650337 -0.0686529 0.0236679 -0.0712519 0.000668966 -0.00254423 -0.00151882 0.0429096 0.0853277 0.00264726 -0.00925663 -0.014263 -0.0113023 -0.0247217 0.00649192 0.0178184 0.0303557 0.0470579 -0.041295 -0.0220873 -0.0360773 -0.00836348 -0.0435182 0.0063569 -0.0554099 -0.0349322 -0.063799 -0.0872381
internal_weight=2229.04 2154.29 74.7565 71.2717 1.95153 69.3201 2150.08 819.319 801.889 17.6552 9.99546 1330.76 132.216 117.797 114.486 65.266 49.2198 43.2884 35.7139 28.6292 7.5745 6.58036 55.5543 22.8287 13.9776 8.17068 32.7256 23.1525 17.7321 14.1317
internal_count=24513 13403 11110 11092 129 10963 13020 5397 4832 104 62 7623 839 749 732 396 336 296 231 186 65 46 331 147 83 50 184 135 100 84
is_linear=0
shrinkage=0.1


Tree=189
num_leaves=31
num_cat=0
split_feature=0 3 9 11 12 0 7 10 11 6 0 6 12 10 1 12 8 8 5 8 13 13 0 1 11 12 8 6 10 4
split_gain=3.16116 2.41958 3.59902 7.44591 4.4555 4.38283 4.31108 3.6782 3.18789 4.44079 2.95942 4.21788 8.20642 3.9457 5.63678 3.81231 3.45267 3.58999 3.42816 3.12903 2.74525 5.95039 5.51463 4.86322 3.46693 4.79504 4.75863 3.28512 4.37636 3.72031
threshold=52.500000000000007 9.5000000000000018 154.17960588793923 1.5000000000000002 6.5000000000000009 22.500000000000004 2.5000000000000004 10.500000000000002 5.5000000000000009 2.5000000000000004 28.500000000000004 1.5000000000000002 3.5000000000000004 19.500000000000004 1.5000000000000002 1.5000000000000002 0.18942218080149117 0.29128787878787882 5.5000000000000009 0.36899313501144165 1.1622807017543864 1.3923076923076925 29.500000000000004 4.5000000000000009 3.5000000000000004 5.5000000000000009 0.27622890682318418 9.5000000000000018 17.500000000000004 21.500000000000004
decision_type=2 2 2 2 2 2 2 2 2 2 2 2 2 2 2 2 2 2 2 2 2 2 2 2 2 2 2 2 2 2
left_child=1 2 3 5 6 -1 -5 -6 9 -8 11 12 -3 15 -15 -12 -16 18 -18 -13 -17 22 -22 24 25 27 -27 28 29 -24
right_child=-2 10 -4 4 7 -7 8 -9 -10 -11 13 19 -14 14 16 20 17 -19 -20 -21 21 -23 23 -25 -26 26 -28 -29 -30 -31
leaf_value=0.024757435543051345 -0.029026924526633843 0.1428701939924788 0.0011912309268649153 0.023127443671001231 0.036956105796243421 -0.058682832398378987 0.035004091267420136 -0.062789559474434514 0.0079517593335629837 0.13988632530214615 -0.068805741369843895 -0.0080837587671855476 0.00028425910468557079 0.076851964918848159 -0.070951054310025699 -0.027226214466554356 0.060885926812934511 -0.055519573433505547 -0.034799972422175016 0.051967628842894686 0.15406741540624661 -0.047961565873274214 0.041765387841072796 -0.062743214327876579 -0.025276172716189451 -0.051312866733085397 0.14337282871498258 -0.0094589893442121025 0.3697293397680772 0.22731580817072819
leaf_weight=11.21462998352945 35.636923826299608 6.1531630456447628 3147.2794544645585 17.204229964874685 9.3819295614957792 14.350468951277433 5.8982851766049924 6.1011728113517156 3.953630879521369 12.792725456878541 16.167818699032068 102.01424757391214 11.733778789639471 10.114924415946005 6.9924752973020103 89.992872727569193 12.388195727020507 6.3747298121452323 5.3661379069089881 9.4835204631090146 3.2174564003944424 14.582534638699142 2.4471744904294663 6.0751247382722786 5.5666038040071717 4.3173884800635278 1.7702888064086435 1.3728942084126172 0.86583240330219258 1.9349941746331749
leaf_count=46 1918 23 17132 113 44 116 30 57 30 71 491 411 45 46 33 2558 60 30 26 36 18 421 59 231 190 128 41 39 11 59
internal_value=0.000607892 0.000905625 0.00172655 0.022553 0.0431748 -0.0220801 0.0608629 -0.00234904 0.0895324 0.106789 -0.00740363 0.00425565 0.0493343 -0.0153622 0.0119998 -0.02297 -0.00907797 0.00885252 0.0319655 -0.00297605 -0.017362 0.00369871 0.0310255 0.0147677 0.0405343 0.0693605 0.00530149 0.128261 0.164288 0.123697
internal_weight=3582.75 3547.11 3228.18 80.8971 55.332 25.5651 39.8489 15.4831 22.6446 18.691 318.932 129.385 17.8869 189.547 41.2365 148.311 31.1215 24.1291 17.7543 111.498 132.143 42.1503 27.5678 24.3503 18.2752 12.7086 6.08768 6.6209 5.248 4.38217
internal_count=24513 22595 17639 507 345 162 244 101 131 101 4956 515 68 4441 195 4246 149 116 86 447 3755 1197 776 758 527 337 169 168 129 118
is_linear=0
shrinkage=0.1


Tree=190
num_leaves=31
num_cat=0
split_feature=10 0 2 9 10 13 10 0 3 13 8 10 0 8 7 1 13 11 6 5 11 11 9 8 13 3 0 11 9 8
split_gain=10.8647 4.9665 1.92561 4.22265 8.74642 2.78135 3.20835 2.0733 2.56575 1.69604 1.67843 1.31673 1.45662 2.46361 2.50085 4.28101 1.95733 2.40335 5.38441 3.84426 2.30917 1.51755 1.46969 2.78277 1.59942 1.81694 1.78591 1.59049 1.83683 1.50542
threshold=6.5000000000000009 27.500000000000004 2.5000000000000004 347.66613636363644 1.0000000180025095e-35 1.1791443850267382 1.5000000000000002 35.500000000000007 1.0000000180025095e-35 0.5634920634920636 0.23294573643410851 7.5000000000000009 20.500000000000004 0.11583184257602856 -1.4999999999999998 1.0000000180025095e-35 1.9285714285714286 4.5000000000000009 3.5000000000000004 2.5000000000000004 1.0000000180025095e-35 2.5000000000000004 201.06271668087527 0.22933743169398904 0.94987468671679209 3.5000000000000004 18.500000000000004 2.5000000000000004 379.48760964912287 0.22933743169398904
decision_type=2 2 2 2 2 2 2 2 2 2 2 2 2 2 2 2 2 2 2 2 2 2 2 2 2 2 2 2 2 2
left_child=1 -1 7 5 -5 6 -4 8 -3 -9 -6 12 13 14 -2 -16 17 19 -19 20 -14 -17 23 -15 -24 26 27 28 29 -26
right_child=11 2 3 4 10 -7 -8 9 -10 -11 -12 -13 16 22 15 21 -18 18 -20 -21 -22 -23 24 -25 25 -27 -28 -29 -30 -31
leaf_value=-0.075291675215162529 -0.078597025467957771 0.086144820469102712 -0.012263938592514172 0.52219414958507093 0.18199296733984596 -0.050022037269184708 0.2341218359456384 0.11209374582814413 -0.07852836551302661 -0.029936976996744049 -0.079042012190932306 0.0017180343645321651 0.033626494642438963 -0.078428383565697271 0.18422274613168357 0.066781798554639768 -0.083971469883084141 0.1388522280083771 -0.048472322127701424 0.07848783127756391 -0.054955893147192486 -0.078894592110336004 -0.078048477704633773 0.090962153436096885 0.060563939676009461 -0.078575313104290292 0.062930184825140109 -0.061058111845396557 0.14850382549287319 -0.078076163330765808
leaf_weight=26.600281826686114 1.5548158474266527 1.06897862069309 1.3283324507065102 0.49512545345351089 0.38300594687461831 4.7702408721670508 0.87773021217435587 1.4793656151741736 8.2357134781777841 1.9476691856980322 0.69023249484598637 3583.3748437808827 4.1110365353524783 1.6728861834853916 1.8923020549118508 1.3644100930541756 2.2743701115250579 3.9226334206759921 2.5203214623034 4.2406036406755439 10.355757545679806 1.5026485081762073 9.6275949580594915 2.3076961375772953 1.4399940753355642 4.9689046069979659 2.8206784315407267 5.7680907789617777 0.88037912920117367 1.7171990089118478
leaf_count=6199 39 26 33 14 21 145 26 19 603 37 30 16338 29 34 33 21 22 29 20 34 103 27 225 32 35 96 49 135 18 41
internal_value=0.000841202 -0.0464866 -0.0104737 0.0262487 0.174512 -0.00708283 0.085766 -0.0351193 -0.0596097 0.0313742 0.0141134 0.00146228 -0.0126496 -0.0254541 0.0315113 0.0674822 0.00486729 0.0129011 0.0655756 -0.00524041 -0.0297834 -0.00956837 -0.0369814 0.0197738 -0.0452802 -0.0273504 -0.00719162 -0.0273627 0.0207746 -0.0148425
internal_weight=3696.19 47.8767 21.2764 8.54467 1.56836 6.9763 2.20606 12.7317 9.30469 3.42703 1.07324 3648.32 64.9423 37.5176 6.31418 4.75936 27.4247 25.1504 6.44295 18.7074 14.4668 2.86706 31.2034 3.98058 27.2228 17.5952 12.6263 9.80566 4.03757 3.15719
internal_count=24513 7153 954 269 65 204 59 685 629 56 51 17360 1022 785 120 81 237 215 49 166 132 48 665 66 599 374 278 229 94 76
is_linear=0
shrinkage=0.1


Tree=191
num_leaves=31
num_cat=0
split_feature=10 10 0 4 8 10 8 8 11 0 9 3 12 1 0 4 7 8 4 13 9 0 5 12 10 12 9 0 8 3
split_gain=22.8079 7.45867 4.09093 3.30893 1.51889 1.53796 2.82933 4.46969 2.39309 4.273 2.66229 4.51317 4.96007 2.97282 2.5638 2.65378 2.20562 5.91378 4.92603 2.16344 2.14153 2.03657 3.00538 3.95627 1.93759 2.97873 3.3661 1.88529 2.65775 3.29736
threshold=7.5000000000000009 20.500000000000004 20.500000000000004 14.500000000000002 0.059714795008912656 17.500000000000004 0.2869249394673124 0.28989813242784385 5.5000000000000009 45.500000000000007 184.14546783625735 10.500000000000002 7.5000000000000009 2.5000000000000004 44.500000000000007 23.500000000000004 -6.4999999999999991 0.27622890682318418 19.500000000000004 1.1055555555555558 220.66197916666667 61.500000000000007 4.5000000000000009 4.5000000000000009 18.500000000000004 5.5000000000000009 217.5747023809524 54.500000000000007 0.24544852697782188 13.500000000000002
decision_type=2 2 2 2 2 2 2 2 2 2 2 2 2 2 2 2 2 2 2 2 2 2 2 2 2 2 2 2 2 2
left_child=-1 2 -2 -3 -4 16 21 -8 10 -10 14 24 13 -13 -9 -16 17 18 19 -6 -11 -7 -23 -24 25 26 -12 -18 -29 -30
right_child=1 3 4 -5 5 6 7 8 9 20 11 12 -14 -15 15 -17 27 -19 -20 -21 -22 22 23 -25 -26 -27 -28 28 29 -31
leaf_value=-0.075343529374133494 -0.064811014189504371 -0.075466050058174639 -0.061044016644066938 -0.0038172164526619218 -0.039573014475616529 -0.0013012842852035697 -0.12527116283675435 -0.01111067198826032 -0.054712879077765092 0.080354731339888436 -0.034004977895216615 -0.001431821688265081 -0.051915705576043192 0.098410657960859127 -0.15634528891899643 -0.042093118467748193 0.0029964724419539713 0.047685771730059903 0.032459707289733485 -0.10339732680514613 -0.014689660788810408 0.081116395937124608 -0.06903081769493126 0.059306712337082026 -0.055599031760286036 -0.070517941336548609 0.078633204814085034 0.054330544212409196 -0.035872060954536121 0.077454535449508199
leaf_weight=40.189004228566773 9.3473776178434473 18.419462226331238 3.8797976970672599 9.9154917178675515 12.452563282102352 415.18104837927967 3.8275820114649823 5.7415255829691878 5.3966941079124835 8.2474187910556775 5.3300941139459592 4.7414227984845665 5.541166750714182 8.0376031771302205 4.0077133495360595 4.1259770765900612 1794.3647931334563 9.3896191008388978 6.4965305216610423 9.2605276219546777 3.3269856180995694 7.5413620732724693 4.6835474353283626 4.9309463556855917 19.116374520584941 5.1675667539238921 5.2825806587934494 16.992789134383205 9.6093950085341913 3.5035301540046921
leaf_count=8175 1119 2830 22 230 49 2370 34 30 46 46 22 23 31 41 21 23 8276 39 30 37 20 54 35 35 188 19 21 381 177 89
internal_value=-0.000626823 0.000612023 0.00121533 -0.0503934 0.00147397 0.00157579 -0.00323122 -0.0195875 -0.0147755 0.0187718 -0.0232614 -0.0130898 0.0271025 0.0613659 -0.0622732 -0.0983886 0.00291878 -0.0210555 -0.0439362 -0.0667938 0.0530349 9.3882e-05 0.0338577 -0.00321087 -0.0341902 -0.00825524 0.022062 0.00341285 0.02823 -0.0055933
internal_weight=2464.05 2423.86 2395.52 28.335 2386.18 2382.3 520.228 87.8907 84.0631 16.9711 67.092 53.2168 18.3202 12.779 13.8752 8.13369 1862.07 37.5992 28.2096 21.7131 11.5744 432.337 17.1559 9.61449 34.8966 15.7802 10.6127 1824.47 30.1057 13.1129
internal_count=24513 16338 13278 3060 12159 12137 3059 565 531 112 419 345 95 64 74 44 9078 155 116 86 66 2494 124 70 250 62 43 8923 647 266
is_linear=0
shrinkage=0.1


Tree=192
num_leaves=31
num_cat=0
split_feature=4 0 10 7 0 5 13 0 4 0 9 12 7 11 12 9 9 8 3 8 4 12 12 10 10 4 9 9 10 8
split_gain=28.4465 2.27402 1.9288 1.6425 3.62769 2.60421 1.69972 1.38395 2.17598 1.34077 2.80903 3.08254 2.64146 1.3351 2.99479 4.48159 4.2481 3.46443 2.83694 2.35833 2.12166 3.37331 3.86373 2.90222 3.22791 2.17103 2.67926 4.0638 3.77132 4.34015
threshold=13.500000000000002 44.500000000000007 4.5000000000000009 -6.4999999999999991 40.500000000000007 5.5000000000000009 1.9285714285714286 21.500000000000004 16.500000000000004 10.500000000000002 410.52061403508782 8.5000000000000018 1.0000000180025095e-35 5.5000000000000009 10.500000000000002 299.36122922776156 258.74669312169317 0.19657494145199064 4.5000000000000009 0.42462121212121212 9.5000000000000018 6.5000000000000009 8.5000000000000018 4.5000000000000009 7.5000000000000009 7.5000000000000009 304.0131313131314 290.8184200603319 22.500000000000004 0.26546556122448989
decision_type=2 2 2 2 2 2 2 2 2 2 2 2 2 2 2 2 2 2 2 2 2 2 2 2 2 2 2 2 2 2
left_child=1 9 -2 4 5 -4 -7 8 -5 10 11 12 -1 -11 19 16 -16 -18 -17 20 25 23 -23 -22 -25 26 27 28 29 -15
right_child=2 -3 3 7 -6 6 -8 -9 -10 13 -12 -13 -14 14 15 18 17 -19 -20 -21 21 22 -24 24 -26 -27 -28 -29 -30 -31
leaf_value=0.075980148417084115 0.0078993374807863771 -0.075765199608677114 0.29873899419442868 -0.075903759413466498 -0.076263634482543502 -0.07707775563259972 0.2025947088544886 -0.073821007622559429 0.28740331153764437 -0.00075350540302566039 -0.051995400134872173 -0.028437863793498708 -0.014597242775121026 0.017002730353376957 -0.058938504806962368 -0.030593564664550418 -0.030083491305597333 0.097033359116063256 -0.11831634185516171 -0.071871118230428022 -0.11102030239958083 0.11425960013296142 -0.027934109242399665 0.057799223542270642 -0.057549138640786326 0.031466514685151423 0.017757016545990389 -0.052929011048728797 0.075259192324765745 -0.045184924828290896
leaf_weight=14.208096330985436 3.5091880410909644 3.9090940016321829 0.51990693807601818 0.41387064941227336 2.7077550338581204 0.62188138253986835 0.33403370808809996 61.586427719681524 0.27399803325533867 1808.4795079366304 4.3329895138740531 5.7509428709745398 4.1629571858793488 33.426148649305105 4.5147279910743228 16.190545586869124 3.1000063475221378 6.9523261906579137 4.773539822548627 3.4828166682273141 4.6745364703238037 3.4584060395136467 4.2706951862201095 3.7717084102332574 6.7998717832379043 53.553588695824146 122.00658490881324 14.973422052338718 6.8407611250877371 16.895145438611507
leaf_count=83 18 383 21 41 325 53 4 10640 8 10992 18 28 18 193 44 95 16 43 20 25 21 33 49 21 161 296 658 83 24 99
internal_value=-0.00160526 0.00043631 -0.0643555 -0.0681708 -0.00751666 0.118616 0.0206506 -0.0722455 0.068812 0.000575076 0.0221376 0.035454 0.0554549 0.000285409 0.0063524 -0.0209635 0.0216418 0.0578322 -0.0505681 0.00989263 0.0109447 -0.0181254 0.0356908 -0.0454079 -0.0163954 0.0136411 0.00872405 -0.0065539 0.00559392 -0.00387649
internal_weight=2220.5 2150.53 69.9671 66.4579 4.18358 1.47582 0.955915 62.2743 0.687869 2146.62 28.455 24.122 18.3711 2118.16 309.685 35.5311 14.5671 10.0523 20.9641 274.154 270.671 22.9752 7.7291 15.2461 10.5716 247.696 194.142 72.1355 57.1621 50.3213
internal_count=24513 13403 11110 11092 403 78 57 10689 49 13020 147 129 101 12873 1881 218 103 59 115 1663 1638 285 82 203 182 1353 1057 399 316 292
is_linear=0
shrinkage=0.1


Tree=193
num_leaves=31
num_cat=0
split_feature=4 3 0 3 11 0 13 13 6 7 0 4 8 7 5 4 8 5 0 8 5 2 8 8 10 11 10 9 9 8
split_gain=2.88146 2.88492 2.45744 2.36534 3.60565 3.37175 2.51766 1.66661 2.65148 4.19997 3.83298 4.90957 3.61221 3.45674 3.69852 2.63975 4.14229 3.24979 2.3346 2.60561 2.46834 5.20671 5.71375 4.89344 3.17757 4.23155 2.9849 3.42875 4.8529 4.84345
threshold=24.500000000000004 21.500000000000004 56.500000000000007 10.500000000000002 1.5000000000000002 40.500000000000007 0.41428571428571431 1.9285714285714286 7.5000000000000009 -9.4999999999999982 35.500000000000007 8.5000000000000018 0.17047223663725999 -7.4999999999999991 3.5000000000000004 6.5000000000000009 0.27543103448275869 4.5000000000000009 37.500000000000007 0.26546556122448989 1.5000000000000002 1.5000000000000002 0.26847469967236987 0.18942218080149117 6.5000000000000009 5.5000000000000009 1.5000000000000002 334.09273657628927 363.43814102564107 0.13597842835130966
decision_type=2 2 2 2 2 2 2 2 2 2 2 2 2 2 2 2 2 2 2 2 2 2 2 2 2 2 2 2 2 2
left_child=2 3 7 4 5 -2 -5 -1 18 12 11 13 -10 -11 -15 16 17 -16 20 -20 21 22 23 -9 26 -26 -22 29 -29 -28
right_child=1 -3 -4 6 -6 -7 -8 8 9 10 -12 -13 -14 14 15 -17 -18 -19 19 -21 24 -23 -24 -25 25 -27 27 28 -30 -31
leaf_value=4.75995045330072e-05 0.28536729374955366 0.29351329169962265 -0.076710926492667295 0.084805317533423685 -0.046858131067373923 0.012619259839451759 -0.070107891409595502 -0.0068220587546910507 -0.085465419127406073 0.054369687036135372 0.063563446948006155 -0.0832924313803515 0.003790759883094825 0.051029927059461327 -0.058309630818420104 0.048944564972463911 -0.10195609725286631 0.048237955268041872 -0.063556961180535124 0.026249859672577348 -0.011034320880970559 0.02933265738187878 0.031500752063335268 -0.099622419833740039 -0.025085178091744688 0.032139173388358956 -0.095694480888681821 0.098913490538479309 0.017729773132517591 0.017280297208200551
leaf_weight=3102.5273691802286 0.79882993549109116 0.26186629664152761 4.0874102989910162 1.129181635333224 3.0123143394012004 1.0476815677247939 14.793950516032053 13.255475753918292 5.561369143426421 23.741338644176722 25.139175966382027 4.5024465397000304 24.548158897086978 11.346776338294147 5.3121161591261679 4.5427295640110961 6.2588800471276036 6.2081665340811014 10.609289456158875 4.645158694125711 41.392732482403517 82.188534010201693 15.708347562700508 9.9454763773828727 81.34912097454071 15.36255184561014 4.6562843956053284 11.184736307710407 21.549925823695958 20.5114810699597
leaf_count=20181 8 10 422 29 173 59 1381 84 24 98 133 24 98 50 24 20 29 30 50 23 185 400 86 67 290 54 48 81 174 178
internal_value=0.000564605 -0.03633 0.000782933 -0.0404862 0.0205872 0.130614 -0.0591223 0.000872106 0.00656274 0.0194982 0.0306333 0.0172622 -0.0126953 0.0251484 0.00454303 -0.0190874 -0.0364702 -0.000892189 0.00200281 -0.0362097 0.00384104 0.0150656 -0.0150709 -0.0466025 -0.00309376 -0.0159951 0.00947196 0.0241313 0.0454685 -0.00362115
internal_weight=3577.18 21.0438 3556.14 20.782 4.85883 1.84651 15.9231 3552.05 449.52 117.161 87.0516 61.9125 30.1095 57.41 33.6687 22.3219 17.7792 11.5203 332.359 15.2544 317.105 121.098 38.9093 23.201 196.007 96.7117 99.2952 57.9024 32.7347 25.1678
internal_count=24513 1660 22853 1650 240 67 1410 22431 2250 530 408 275 122 251 153 103 83 54 1720 73 1647 637 237 151 1010 344 666 481 255 226
is_linear=0
shrinkage=0.1


Tree=194
num_leaves=31
num_cat=0
split_feature=10 0 2 11 9 12 9 9 0 10 0 8 9 8 8 0 13 13 13 13 12 9 9 9 11 4 0 8 7 11
split_gain=9.86185 4.79387 1.64567 2.40368 3.13729 1.41488 2.25537 1.61178 1.65012 1.32547 7.48104 2.20361 1.94557 3.56374 1.62556 1.54316 2.23863 3.47596 3.43565 3.04705 2.88923 1.89433 2.30853 5.23198 1.86664 1.81474 2.77909 3.44014 1.34942 3.89698
threshold=6.5000000000000009 27.500000000000004 3.5000000000000004 4.5000000000000009 279.69597902097911 11.500000000000002 318.48066603535364 438.77367216117221 39.500000000000007 20.500000000000004 32.500000000000007 0.3626692456479691 371.69427497789576 0.17165178571428572 0.11215932914046121 36.500000000000007 0.5634920634920636 1.4833333333333336 1.5857142857142861 0.32051282051282054 2.5000000000000004 193.68332260832264 230.43450317124737 226.76485042735047 4.5000000000000009 17.500000000000004 44.500000000000007 0.22684391080617491 -3.4999999999999996 1.0000000180025095e-35
decision_type=2 2 2 2 2 2 2 2 2 2 2 2 2 2 2 2 2 2 2 2 2 2 2 2 2 2 2 2 2 2
left_child=1 -1 5 4 -4 7 -7 8 -3 -2 12 14 -11 -14 -12 16 19 -18 -19 20 -16 -17 23 25 -20 26 27 -23 -24 -30
right_child=9 2 3 -5 -6 6 -8 -9 -10 10 11 -13 13 -15 15 21 17 18 24 -21 -22 22 28 -25 -26 -27 -28 -29 29 -31
leaf_value=-0.075270845431787137 0.0020120062817038792 -0.066208404223984094 -0.095208530938554317 -0.081474515015478852 0.12625384325195385 0.10149164678915286 -0.045161815710480745 0.14002035922761955 0.046410424759415446 -0.071433844301108079 -0.04944725991121391 -0.061257098469198162 0.22482267407375695 -0.077533819404870197 0.097129893254784522 0.076732269659095242 -0.061369395968307296 0.14091000692263517 -0.054997408026658035 0.11753476350071634 -0.056801558222669524 -0.06172089478191739 0.001455934345332339 -0.097418230769007644 0.060346777564241505 -0.052865773487176131 0.047776228930871384 0.032064330004559286 0.067678767536431789 0.0070751846843434543
leaf_weight=24.667121545353439 3286.3032389953732 9.8032217049039883 0.81362498179078047 1.2386999018490312 2.9918262078426778 1.9781645932234813 2.2317298422567546 0.45837401505559761 1.5001437366008765 19.212733739055697 6.4460470527410498 5.9233599491417399 0.64609000831842311 0.98280563019216061 1.6940198633819799 3.4974443465471259 16.258988909423355 1.7950894013047198 4.1493650041520596 2.5028154756873846 4.3516533672809601 8.4412499181926268 174.80692497268319 7.1151048690080634 2.1198227535933256 5.8963618278503409 10.710227325558661 7.2880084812641135 12.8275298923254 61.387578353285789
leaf_count=6199 14300 768 23 31 49 23 33 16 11 959 50 47 13 45 31 12 301 22 82 36 85 44 834 31 35 25 38 35 56 279
internal_value=0.000803707 -0.0453703 -0.0102747 0.0395196 0.0789041 -0.0260007 0.0237484 -0.0438074 -0.051262 0.00138251 -0.00439518 -0.000801642 -0.0625375 0.0423938 0.000279288 0.00126604 -0.0192752 -0.0347461 0.0189312 0.0247444 -0.0136694 0.0035787 0.00269179 -0.0197835 -0.0159957 -0.00270096 0.00848647 -0.0182664 0.00625241 0.0175501
internal_weight=3690.04 45.6829 21.0158 5.04415 3.80545 15.9716 4.20989 11.7617 11.3034 3644.36 358.053 337.212 20.8416 1.6289 331.288 324.842 32.8718 24.3233 8.06428 8.54849 6.04567 291.97 288.473 39.451 6.26919 32.3358 26.4395 15.7293 249.022 74.2151
internal_count=24513 7153 954 103 72 851 56 795 779 17360 3060 2043 1017 58 1996 1946 592 440 139 152 116 1354 1342 173 117 142 117 79 1169 335
is_linear=0
shrinkage=0.1


Tree=195
num_leaves=31
num_cat=0
split_feature=10 10 0 10 0 5 13 9 9 8 4 8 13 11 8 2 13 12 6 8 8 9 11 10 11 7 9 9 12 0
split_gain=21.1391 6.841 3.69978 2.08975 5.68128 2.11441 2.0489 1.8903 5.70197 3.74227 3.46911 2.82229 2.65319 5.70313 4.94643 1.9072 1.88181 1.8552 5.04762 4.73649 4.55534 6.58448 6.22047 7.53432 5.44028 5.3826 5.45972 7.8861 6.17975 7.07012
threshold=7.5000000000000009 21.500000000000004 20.500000000000004 19.500000000000004 48.500000000000007 4.5000000000000009 0.53939393939393943 226.76485042735047 224.90895424836603 0.21644144144144142 17.500000000000004 0.37602459016393447 0.25833333333333336 4.5000000000000009 0.22474489795918368 4.5000000000000009 1.297058823529412 6.5000000000000009 15.500000000000002 0.072299651567944212 0.13680926916221034 180.46468456948 2.5000000000000004 9.5000000000000018 3.5000000000000004 9.5000000000000018 156.74375000000003 199.54670849245323 7.5000000000000009 48.500000000000007
decision_type=2 2 2 2 2 2 2 2 2 2 2 2 2 2 2 2 2 2 2 2 2 2 2 2 2 2 2 2 2 2
left_child=-1 2 -2 7 -5 -6 -7 8 12 -10 -11 -9 13 14 -4 -13 -8 19 20 -14 21 -19 23 -22 -24 26 -26 28 29 -28
right_child=1 -3 3 4 5 6 16 11 9 10 -12 15 17 -15 -16 -17 -18 18 -20 -21 22 -23 24 -25 25 -27 27 -29 -30 -31
leaf_value=-0.075318819306468193 -0.064024349028823202 -0.075376957662219732 0.052327511760218243 -0.064653655290413281 0.013402457563169629 0.02612622891998849 -0.044404402499405755 0.0096956414418327714 0.0050304687345538272 -0.032602541603557314 -0.13252775794929569 -0.011799346759350696 -0.094188422660266349 -0.1037676790098605 -0.047518756488336977 -0.10535538469317035 0.018296459256980237 0.071603104467693454 -0.080960213369108316 0.0043182371324630127 0.091408040314372205 -0.0068660347947016977 -0.033318254532966662 0.0042295553900568153 0.032146123963120166 -0.057391801713066876 -0.040082209147039763 0.016353620609001113 -0.016127244236005076 -0.1981755014289425
leaf_weight=37.26808682619594 8.7331939509604108 11.801560938358305 9.162663716822868 17.568213624646887 42.497995551675558 7.8358592865988603 23.184112572576854 364.28035408211872 7.7910672156140235 7.093723298981784 6.8093101046979427 6.0096926828846318 4.9011795260012141 7.547995973378419 10.821758309379218 3.4184158379212022 6.0320024425163856 20.084004618227482 8.128095366060732 1196.7973946221173 10.304294023662804 22.871257683262229 93.205154897645116 261.36897671222687 40.80750490911305 18.34232372790575 9.2835559956729394 80.172173343598843 107.65081920335069 4.0684922598302355
leaf_count=8175 1119 2040 37 1431 292 75 195 1977 40 37 35 45 27 38 50 21 47 88 38 5668 89 103 422 1222 187 93 41 354 495 32
internal_value=-0.000578594 0.000573087 0.000945507 0.00118211 -0.0131866 -0.00182041 -0.0192808 0.0017886 0.000526432 -0.0504517 -0.0815431 0.00829757 0.00110681 -0.029711 -0.00174021 -0.0457206 -0.0314591 0.00155862 -0.00263107 0.00391647 -0.0016782 0.0298227 -0.0038425 0.00753615 -0.0125865 -0.00516387 -0.00120498 -0.00797011 -0.0240861 -0.0882547
internal_weight=2455.84 2418.57 2406.77 2398.04 97.1182 79.55 37.052 2300.92 1927.21 21.6941 13.903 373.708 1905.52 27.5324 19.9844 9.42811 29.2161 1877.99 676.287 1201.7 668.159 42.9553 625.203 271.673 353.53 260.325 241.983 201.175 121.003 13.352
internal_count=24513 16338 14298 13179 2040 609 317 11139 9096 112 72 2043 8984 125 87 66 242 8859 3164 5695 3126 191 2935 1311 1624 1202 1109 922 568 73
is_linear=0
shrinkage=0.1


Tree=196
num_leaves=31
num_cat=0
split_feature=4 0 10 7 0 13 7 0 12 3 10 0 9 12 7 12 11 12 9 7 9 10 5 8 10 9 1 13 9 7
split_gain=26.0985 2.09599 1.86704 1.58784 3.03171 1.92424 1.71387 1.26541 1.79511 1.20803 2.35771 1.15378 2.42121 2.69054 2.30875 1.29179 1.2127 2.63958 3.96045 3.20651 2.83669 2.8069 2.17355 2.00435 1.99172 3.67707 3.98224 4.54181 4.32117 3.29726
threshold=13.500000000000002 44.500000000000007 4.5000000000000009 -6.4999999999999991 40.500000000000007 0.25833333333333336 -13.499999999999998 21.500000000000004 4.5000000000000009 8.5000000000000018 7.5000000000000009 10.500000000000002 410.52061403508782 8.5000000000000018 1.0000000180025095e-35 2.5000000000000004 5.5000000000000009 10.500000000000002 307.59523809523819 -3.4999999999999996 258.74669312169317 1.5000000000000002 3.5000000000000004 0.42462121212121212 2.5000000000000004 374.04469362745107 1.0000000180025095e-35 0.5634920634920636 224.19538824538827 -2.4999999999999996
decision_type=2 2 2 2 2 2 2 2 2 2 2 2 2 2 2 2 2 2 2 2 2 2 2 2 2 2 2 2 2 2
left_child=1 9 -2 4 5 -4 -7 8 -5 11 -11 12 13 14 15 -1 -13 23 20 -20 -19 -22 -23 24 -18 26 -26 -28 -29 -27
right_child=2 -3 3 7 -6 6 -8 -9 -10 10 -12 16 -14 -15 -16 -17 17 18 19 -21 21 22 -24 -25 25 29 27 28 -30 -31
leaf_value=0.030372581110919186 0.0070751861794415161 -0.075709381689553323 0.24028948519632376 0.23720092117354452 -0.076194825609859684 0.20254428397000704 -0.076877072927239942 -0.073665854708682837 -0.077189137301943558 0.020280744167344843 -0.076361999124183497 -0.00061844825505023458 -0.047962404658679264 -0.026346869493349592 -0.013376072956995133 0.09381457049029035 -0.0030436375933179855 -0.05555524003540873 0.0090896191189211994 -0.081788852103462401 -0.039135366995156406 0.10237308847511034 0.0042816365869421912 -0.066256785776786772 -0.0067372177018120306 0.007026193294875473 -0.057464071325230882 -0.031312418663441748 0.040344159195683064 0.073180952869085256
leaf_weight=4.9642274808138707 3.5275501534342757 3.6169214332476249 0.60585742536932119 0.31834241678006847 2.518076709122397 0.32595975697040558 0.67218729760497808 57.182411491987295 0.42285879701375961 4.512548038735984 5.7294857096858323 1798.250713204965 4.3487409465014926 5.7735348641872397 4.1664370056241742 9.0799557445570809 77.499798893928528 4.3654577489942339 5.7107000015676048 12.12763639166951 3.503279034048318 5.9949674010276777 3.6248071268200874 3.4472885848954311 76.21051958296448 12.423086104914548 6.2042390909045926 9.6072896942496282 67.85046081058681 19.144334951415658
leaf_count=30 18 383 12 23 325 2 64 10640 26 20 319 10696 18 28 18 53 378 41 32 68 14 37 23 24 449 78 43 107 435 109
internal_value=-0.00154584 0.000351196 -0.0636921 -0.0677155 -0.00774797 0.0997046 0.0143721 -0.0719831 0.0578399 0.000479478 -0.0337821 0.000643892 0.0206893 0.033137 0.0519959 0.0713896 0.000374208 0.0061752 -0.0195426 -0.0526953 0.0142732 0.037502 0.0654115 0.00951064 0.0104818 0.0159573 0.0097989 0.0248622 0.0314564 0.0471463
internal_weight=2213.73 2148.16 65.5732 62.0457 4.12208 1.604 0.998147 57.9236 0.741201 2144.54 10.242 2134.3 28.3329 23.9842 18.2106 14.0442 2105.96 307.714 35.3268 17.8383 17.4885 13.1231 9.61977 272.387 268.94 191.44 159.873 83.662 77.4578 31.5674
internal_count=24513 13403 11110 11092 403 78 66 10689 49 13020 339 12681 147 129 101 83 12534 1838 215 100 115 74 60 1623 1599 1221 1034 585 542 187
is_linear=0
shrinkage=0.1


Tree=197
num_leaves=31
num_cat=0
split_feature=0 10 8 6 12 12 11 5 8 8 3 9 9 5 6 13 4 9 9 6 13 2 9 9 9 3 1 12 6 2
split_gain=2.71406 6.45638 3.15732 3.04428 2.62413 3.19212 3.40082 6.02846 3.51235 3.08878 4.25884 3.0542 2.99182 2.85867 2.78264 3.47828 2.58926 2.56591 2.27118 2.26881 2.19613 2.99351 2.16246 2.50267 4.6 2.38188 5.89154 2.13683 2.00448 1.58908
threshold=47.500000000000007 19.500000000000004 0.30079365079365078 17.500000000000004 4.5000000000000009 7.5000000000000009 3.5000000000000004 4.5000000000000009 0.23145604395604394 0.25472370766488417 5.5000000000000009 190.52561064794503 252.61076388888893 4.5000000000000009 11.500000000000002 0.59411764705882364 18.500000000000004 229.30280388471181 219.85365103488206 5.5000000000000009 0.78888888888888908 2.5000000000000004 232.97789855072466 244.45986772486773 242.41166666666666 8.5000000000000018 1.5000000000000002 2.5000000000000004 11.500000000000002 6.5000000000000009
decision_type=2 2 2 2 2 2 2 2 2 2 2 2 2 2 2 2 2 2 2 2 2 2 2 2 2 2 2 2 2 2
left_child=29 3 4 22 9 19 7 17 -9 11 -11 -3 14 -14 15 -13 -17 -7 -18 -6 -21 -22 -2 24 25 -24 -27 -12 -4 -1
right_child=1 2 28 -5 5 6 -8 8 -10 10 27 12 13 -15 -16 16 18 -19 -20 20 21 -23 23 -25 -26 26 -28 -29 -30 -31
leaf_value=0.0015252857011779364 -0.065667728791630617 0.10395216372332838 -0.079761854339927329 0.27987232104146292 0.040640595111901795 0.02763919519380036 -0.026309103567344224 0.036742235899340302 0.15678693701809157 0.12394090341891054 0.05124237670929277 0.059550118890012153 -0.017595025852308096 0.090763287753387517 -0.09403505355993047 -0.081560413711878221 -0.046767492485116025 -0.08981825250834799 0.08935283439060851 -0.085949194360577033 0.045872322932071621 -0.057039405919379865 -0.079343210480786144 -0.049455779945754293 0.34499200060219176 0.29245715709635095 -0.07703368922339375 -0.054794622801051199 0.0074529574860922564 -0.0097603940874106312
leaf_weight=3290.5463802139275 27.174826856702566 2.8703054003417483 7.7181028444319946 0.28027757117524643 3.2897610422223833 4.0148854162544074 13.386592146940528 5.2533257799223048 4.5468543171882629 6.1112611182034007 5.4219116009771806 5.4336474258452752 4.4501033993437868 5.3757745157927275 4.5853342209011307 6.1287829279899579 2.6685524024069309 3.4649851638823748 2.2671390604227781 9.0734228668734449 4.3316515907645217 8.1344380332156998 1.5398644192609925 6.4475633966503665 0.47245345055125643 0.79313141247257568 0.94656231300905347 2.926067566499114 4.0015217568725348 129.68138561304659
leaf_count=18744 2907 23 56 16 21 31 82 35 23 24 33 31 23 24 36 29 31 26 20 63 19 71 57 274 29 21 77 25 25 1637
internal_value=0.000514274 -0.0125114 -0.000784076 -0.0484689 0.00477431 -0.0100542 0.0115261 0.0408364 0.0924377 0.0218337 0.0605104 0.00527826 -0.00388481 0.0416882 -0.025124 -0.00597146 -0.0381484 -0.0267719 0.0157574 -0.0367081 -0.0485217 -0.0212802 -0.0509312 -0.0116686 0.053266 0.0112399 0.0914183 0.0140751 -0.0499834 0.00109738
internal_weight=3573.34 153.109 115.454 37.6547 103.735 55.4959 30.6666 17.2801 9.80018 48.2389 14.4592 33.7796 30.9093 9.82588 21.0835 16.4981 11.0645 7.47987 4.93569 24.8293 21.5395 12.4661 37.3744 10.1996 3.75201 3.27956 1.73969 8.34798 11.7196 3420.23
internal_count=24513 4132 751 3381 670 371 197 115 58 299 82 217 194 47 147 111 80 57 51 174 153 90 3365 458 184 155 98 58 81 20381
is_linear=0
shrinkage=0.1


Tree=198
num_leaves=31
num_cat=0
split_feature=10 0 8 9 2 9 13 3 8 10 6 10 0 0 9 3 9 4 11 9 12 13 0 6 8 4 6 2 0 8
split_gain=8.91682 4.6387 1.52025 1.9767 1.66112 1.70317 3.58494 1.44522 1.80628 2.85005 3.61632 1.22252 7.77182 2.13131 2.27032 2.10601 2.88357 2.49295 2.00121 4.7663 4.39958 6.15965 5.12789 5.85775 4.72974 8.62026 5.21914 6.48698 5.63354 5.60187
threshold=6.5000000000000009 27.500000000000004 0.25677655677655681 438.77367216117221 3.5000000000000004 319.72978983382217 1.2344322344322347 1.0000000180025095e-35 0.22474489795918368 1.0000000180025095e-35 6.5000000000000009 19.500000000000004 32.500000000000007 36.500000000000007 233.93433035714287 5.5000000000000009 241.47536599099104 11.500000000000002 1.5000000000000002 106.83598214285716 2.5000000000000004 1.2792207792207795 50.500000000000007 1.5000000000000002 0.24467120181405894 16.500000000000004 5.5000000000000009 7.5000000000000009 42.500000000000007 0.26209992193598758
decision_type=2 2 2 2 2 2 2 2 2 2 2 2 2 2 2 2 2 2 2 2 2 2 2 2 2 2 2 2 2 2
left_child=1 -1 4 -4 7 6 -6 -3 -9 10 -10 18 -13 14 -14 16 -16 -18 19 -2 21 22 23 -21 -22 -26 29 28 -28 -27
right_child=11 2 3 -5 5 -7 -8 8 9 -11 -12 12 13 -15 15 -17 17 -19 -20 20 24 -23 -24 -25 25 26 27 -29 -30 -31
leaf_value=-0.075251331400791044 -0.057880256486412589 0.10449623816237252 -0.077500189634171712 0.14208708062058717 0.14510490007807531 0.14200352351113832 -0.088145616711509833 -0.053557981166977575 0.20252454416293209 -0.081482564807761074 -0.082238743522980329 -0.063076310854531359 -0.071560602270679494 0.00091989568367004516 0.11038272495345697 0.053834492742025952 -0.040092704524348349 0.060988916696073758 0.0004794340105658301 -0.066759774958816895 -0.0044855251948140292 0.051203342425977919 -0.05009912110422509 0.020540131277109543 -0.0086201840524642009 0.058524976480886448 0.01817427384010091 -0.023125645191725899 0.067953276310835531 -0.012716021478638709
leaf_weight=22.882069740560837 11.47193869948387 0.93712344532832759 4.5604605441913 0.45043632201850403 1.1437487895600491 1.5594921442680059 1.5544724971987305 7.1032150732353312 1.3659728588536388 1.2699247072450814 0.66213678754866112 20.652777854818851 7.7721405792981377 555.32574053667486 1.5643836911767781 4.297533066943287 23.131216880865399 2.7275892794132224 2151.6769924331456 8.1442800648510438 369.06546165794134 47.842745473608375 12.930167762562631 136.60650827549398 114.99672302603722 14.31443885155022 36.664166927337646 14.301538649946449 59.840598355978727 48.215376973152161
leaf_count=6199 40 17 344 7 12 22 37 378 39 69 29 1023 80 2393 24 39 500 21 9490 36 1626 200 98 522 510 56 120 84 307 191
internal_value=0.000754894 -0.044258 -0.00984294 -0.0577612 0.0055528 0.0588102 0.0107269 -0.0144461 -0.0251624 0.0359951 0.109555 0.00129246 -0.0027703 -0.00067641 -0.0231227 -0.0112546 -0.0214548 -0.0294306 0.00211878 0.00615283 0.00700411 0.0197745 0.0102385 0.0156283 0.00301168 0.0126081 0.0266916 0.0397268 0.0490412 0.0035926
internal_weight=3685.03 43.4891 20.607 5.0109 15.5961 4.25771 2.69822 11.3384 10.4012 3.29803 2.02811 3641.54 615.471 594.819 39.4929 31.7207 27.4232 25.8588 3026.07 874.394 862.922 205.524 157.681 144.751 657.398 288.333 173.336 110.806 96.5048 62.5298
internal_count=24513 7153 954 351 603 71 49 532 515 137 68 17360 4080 3057 664 584 545 521 13280 3790 3750 856 656 558 2894 1268 758 511 427 247
is_linear=0
shrinkage=0.1


Tree=199
num_leaves=31
num_cat=0
split_feature=10 10 0 10 0 8 12 9 5 13 12 9 11 13 13 6 12 12 0 12 11 8 7 9 9 9 9 4 11 4
split_gain=19.6225 6.33328 3.38207 1.83112 5.26908 1.92371 1.86315 1.83411 2.61235 3.3872 4.07906 3.17147 1.78795 4.53418 3.90731 4.00975 5.64587 8.29465 5.3648 10.4708 5.44281 7.51561 6.56108 6.28538 7.09287 5.34741 5.06165 4.98743 5.38357 6.20873
threshold=7.5000000000000009 21.500000000000004 20.500000000000004 19.500000000000004 48.500000000000007 0.15954545454545457 1.5000000000000002 190.52561064794503 3.5000000000000004 1.1339285714285716 7.5000000000000009 257.88390277777779 3.5000000000000004 0.32051282051282054 0.4494949494949495 5.5000000000000009 4.5000000000000009 6.5000000000000009 47.500000000000007 7.5000000000000009 5.5000000000000009 0.27823315118397091 -1.4999999999999998 199.54670849245323 181.88445767195768 330.00902217741941 206.81703703703704 23.500000000000004 4.5000000000000009 15.500000000000002
decision_type=2 2 2 2 2 2 2 2 2 2 2 2 2 2 2 2 2 2 2 2 2 2 2 2 2 2 2 2 2 2
left_child=-1 2 -2 12 -5 -6 -7 -8 9 10 -9 -10 -4 -14 -15 25 27 -18 20 -20 21 23 26 24 -19 -16 -22 28 29 -17
right_child=1 -3 3 4 5 6 7 8 11 -11 -12 -13 13 14 15 16 17 18 19 -21 22 -23 -24 -25 -26 -27 -28 -29 -30 -31
leaf_value=-0.07529584702442263 -0.063232256614693338 -0.075347576965629104 -0.00067815562558179053 -0.06384046781896742 -0.059273340551612555 -0.047594648436781635 -0.038624573078183511 0.10532311423120565 0.0083036971242492503 -0.042382045558961363 -0.0013123201597395448 -0.086133648728618395 -0.040601367937399713 0.039137174979346448 -0.0061436468201330804 0.066574745168497457 0.042771244105930875 0.023218867187267733 -0.11886586241661404 -0.00050710347990596822 -0.11897807171798538 0.089688624830115818 0.013433963839965061 0.043676771565081041 -0.056990344960314181 0.10141816334501835 -0.0068277539363258283 0.031916693390201367 -0.016749984958678143 -0.00024630830890068925
leaf_weight=34.569863669457845 8.1880782116204482 10.935496143065391 1326.6489588418044 16.484826034400612 5.4106724932789794 6.7487424993887535 7.6353619322180739 9.4610206130892056 36.798460987396538 3.6480711149051777 5.7779655121266833 3.9364993241615585 21.360140352975577 34.272918745875359 305.07106211595237 18.071161855012178 97.766811560839415 28.697602208703756 8.7158570624887926 52.476930480450392 7.9515781253576305 17.673361904919147 39.812068173661828 49.102712931111455 17.902556508779526 4.6930747954174867 8.1480449885129911 39.631171075627208 162.47427881043404 60.317632779479027
leaf_count=8175 1119 2040 6385 1431 59 61 40 73 251 31 29 65 112 154 1595 79 513 110 54 331 35 69 154 188 64 33 33 263 705 262
internal_value=-0.000488661 0.000581817 0.000927084 0.00114628 -0.0123925 -0.00171322 0.00249507 0.00752118 0.0134307 0.0441715 0.0648916 -0.000822433 0.0017106 0.00496377 0.00598529 0.00474827 0.00946148 0.0183639 0.00801069 -0.0173653 0.0171834 0.0297752 -0.00835 0.018711 -0.0075954 -0.00451403 -0.0622186 -0.000956595 -0.00636551 0.0151581
internal_weight=2450.38 2415.81 2404.88 2396.69 95.9016 79.4168 74.0061 67.2574 59.622 18.8871 15.239 40.735 2300.79 974.139 952.779 918.506 608.742 328.248 230.481 61.1928 169.288 113.376 55.9117 95.7029 46.6002 309.764 16.0996 280.494 240.863 78.3888
internal_count=24513 16338 14298 13179 2040 609 550 489 449 133 102 316 11139 4754 4642 4488 2860 1551 1038 385 653 431 222 362 174 1628 68 1309 1046 341
is_linear=0
shrinkage=0.1


Tree=200
num_leaves=31
num_cat=0
split_feature=4 0 2 7 0 3 0 4 2 11 7 8 10 0 8 8 0 4 4 8 11 9 2 5 11 8 8 11 12 12
split_gain=23.9598 2.45543 2.01978 1.66328 1.60745 1.10309 4.04184 3.0413 3.61623 3.81045 1.7953 5.5651 1.94324 3.89246 2.81159 4.24294 5.11613 3.8472 4.26706 2.40932 2.36191 1.79367 2.46701 2.54356 3.84248 3.83232 3.69723 3.44886 3.5792 4.11173
threshold=14.500000000000002 44.500000000000007 6.5000000000000009 -13.499999999999998 21.500000000000004 3.5000000000000004 37.500000000000007 4.5000000000000009 2.5000000000000004 3.5000000000000004 -7.4999999999999991 0.28989813242784385 1.0000000180025095e-35 32.500000000000007 0.30330086580086579 0.22016949152542373 25.500000000000004 6.5000000000000009 8.5000000000000018 0.17349498327759191 2.5000000000000004 406.13259259259263 2.5000000000000004 1.0000000180025095e-35 2.5000000000000004 0.20794025157232701 0.27100988700564976 3.5000000000000004 2.5000000000000004 1.5000000000000002
decision_type=2 2 2 2 2 2 2 2 2 2 2 2 2 2 2 2 2 2 2 2 2 2 2 2 2 2 2 2 2 2
left_child=1 2 5 -2 -5 21 7 8 9 -7 11 -9 13 14 15 17 -17 -12 19 -19 -18 -1 23 24 25 -23 -26 -25 29 -29
right_child=3 -3 -4 4 -6 6 -8 10 -10 -11 12 -13 -14 -15 -16 16 20 18 -20 -21 -22 22 -24 27 26 -27 -28 28 -30 -31
leaf_value=0.0034527309627758584 0.12965529489395622 -0.075648617200821541 -0.078334063867881693 0.09847675582047577 -0.070691611351531999 0.028198558866136036 -0.049759315970984937 -0.074189969105968409 -0.011700526896101645 0.15496349128382716 -0.017255449037831754 0.064691903147499202 -0.0033184308468560764 -0.059394757686885992 0.061457814120546975 0.054070651041920229 -0.089403123877605753 0.054053977169757322 0.0061503720369510909 0.14207214781902824 -0.016938605000982269 -0.17269583712985204 0.067435281266887789 0.012598924588749392 0.036585151330423248 -0.028601975919383866 -0.091992680668172622 0.031317441375822978 -0.002386139273156443 -0.075130974785980756
leaf_weight=1195.9667457041796 0.42527103610336681 4.2613901270087799 3.25867063878104 0.56772173708304663 52.89002887182869 5.7935932241380232 17.656659729545936 10.754362121224402 7.6340445242822161 4.0142429769039154 9.5272554308176058 3.9431197526864699 692.14601006871089 6.6875192709267131 13.49770127981901 6.8740027546882656 7.6749043166637447 6.3822032809257525 8.8612569570541364 6.0655431225895882 10.86608564853668 3.7394466213881996 4.1058168765157452 53.180240986868739 6.6693029887974244 3.6447381973266602 3.364609157666564 4.541962634772065 34.047523168846965 18.045820998027921
leaf_count=6805 3 540 158 29 10403 37 755 66 42 25 34 26 4501 45 46 25 25 21 30 22 36 21 27 349 41 22 19 32 235 93
internal_value=-0.00146394 0.000184281 0.000334659 -0.067328 -0.068895 0.000454134 -0.00243342 -0.00138984 0.0399102 0.0800821 -0.0023095 -0.03693 -0.00164746 0.0134835 0.0204711 0.0106361 -0.0196158 0.0355695 0.0591876 0.0969435 -0.0469348 0.00223452 -0.00885845 -0.0113204 -0.0468223 -0.101573 -0.00653005 -0.00568941 -0.0228621 -0.0537263
internal_weight=2207.09 2153.2 2148.94 53.883 53.4578 2145.68 818.379 800.722 17.4419 9.80784 783.28 14.6975 768.582 76.4365 69.749 56.2513 25.415 30.8363 21.309 12.4477 18.541 1327.31 131.339 127.234 17.4181 7.38418 10.0339 109.816 56.6353 22.5878
internal_count=24513 14078 13538 10435 10432 13380 5736 4981 104 62 4877 92 4785 284 239 193 86 107 73 43 61 7644 839 812 103 43 60 709 360 125
is_linear=0
shrinkage=0.1


Tree=201
num_leaves=31
num_cat=0
split_feature=0 7 4 3 11 13 2 0 2 9 7 3 8 2 11 2 9 9 10 0 9 1 0 6 3 3 3 7 11 5
split_gain=2.53661 3.2142 1.96444 2.47823 2.84415 2.39095 1.70727 1.68943 1.68931 1.47465 3.30836 4.15876 3.39919 3.63993 4.21325 3.46563 2.96667 4.38675 6.03874 6.94471 3.56664 2.94975 2.91473 3.23135 3.01205 2.97285 3.02462 4.87997 2.81706 4.80337
threshold=56.500000000000007 16.500000000000004 24.500000000000004 10.500000000000002 1.5000000000000002 0.41428571428571431 11.500000000000002 40.500000000000007 6.5000000000000009 152.77033096926718 2.5000000000000004 6.5000000000000009 0.13819628647214852 5.5000000000000009 1.5000000000000002 2.5000000000000004 210.71807503506315 207.47829861111114 18.500000000000004 39.500000000000007 206.81703703703704 1.5000000000000002 47.500000000000007 9.5000000000000018 7.5000000000000009 4.5000000000000009 12.500000000000002 2.5000000000000004 5.5000000000000009 6.5000000000000009
decision_type=2 2 2 2 2 2 2 2 2 2 2 2 2 2 2 2 2 2 2 2 2 2 2 2 2 2 2 2 2 2
left_child=2 -2 9 4 7 -5 -7 -4 -6 10 12 -12 -1 14 -14 -16 17 18 19 20 -11 -17 23 -20 -25 -24 -27 -28 -21 -30
right_child=1 -3 3 5 8 6 -8 -9 -10 16 11 -13 13 -15 15 21 -18 -19 22 28 -22 -23 25 24 -26 26 27 -29 29 -31
leaf_value=-0.12192930089233263 -0.076345727558307333 0.28065013977381298 0.21785899203892228 0.086298091193087845 -0.079728405830052695 -0.076813565901828931 0.10468987514842561 0.026947853852626588 0.13372674029555498 -0.0064207305375391117 0.099030925395744374 0.013521020772986836 -0.057074160714302546 -0.087591860752167766 -0.039999881473726684 -0.0016514227193864979 0.001499787274880885 -0.03827807205262837 0.042963975448926439 -0.061277973327892199 0.10110396771346103 0.088596894070507637 0.10461917893356443 0.034484716824135411 -0.021071219905251348 -0.050903837630824789 0.20705615422819343 -0.038701589543789862 -0.014359050680686221 0.3037428317733753
leaf_weight=2.8335037091746917 6.2485213512554756 0.26280810125172127 0.96092421934008843 1.0919340613763768 1.9445650610141458 11.190971896518018 0.54340685438364822 0.89550404599867761 0.45810989709570993 323.91067021992058 5.9663138985633841 121.76484311977401 7.721134188584986 4.8794255051761857 5.3160837981849935 5.9004867505282155 2870.206191617297 40.670319598633796 46.198490433394909 33.017047142609954 3.1145768482238045 9.3774000587873143 1.7962849140167261 17.776517309248447 21.637296825647354 14.143885584548118 1.2938001900911325 2.1517854044213891 4.8301286019850513 0.52642958518117655
leaf_count=23 843 3 8 23 109 1001 35 46 14 2333 27 928 55 61 35 39 15257 411 214 2179 21 68 7 77 119 183 12 44 305 33
internal_value=0.00042171 -0.0619368 0.000535698 -0.0332913 0.0328009 -0.0552378 -0.0684083 0.125767 -0.0390296 0.000698728 0.00996643 0.0175152 -0.0167964 -0.00782218 0.0059242 0.0295437 0.000249882 -0.00676971 -0.00404551 -0.0101191 -0.00539667 0.053742 0.017091 0.0250194 0.00398576 -0.0179225 -0.0304367 0.0535792 -0.0503647 0.0169032
internal_weight=3568.63 6.51133 3562.12 17.0854 4.2591 12.8263 11.7344 1.85643 2.40267 3545.03 163.759 127.731 36.028 33.1945 28.3151 20.594 3381.27 511.067 470.397 365.399 327.025 15.2779 104.998 85.6123 39.4138 19.3858 17.5895 3.44559 38.3736 5.35656
internal_count=24513 846 23667 1236 177 1059 1036 54 123 22431 1236 955 281 258 197 142 21195 5938 5527 4871 2354 107 656 410 196 246 239 56 2517 338
is_linear=0
shrinkage=0.1


Tree=202
num_leaves=31
num_cat=0
split_feature=10 0 2 9 4 5 13 9 0 3 7 6 12 9 5 13 10 8 6 0 11 8 9 6 11 13 1 1 8 2
split_gain=8.07273 4.47205 1.41328 3.00971 6.88417 2.00223 2.5519 1.97629 1.75403 2.14089 1.21095 1.40085 3.66391 6.76693 3.45774 3.23058 2.7957 3.87633 2.74783 2.12168 2.04722 3.05498 2.77958 1.56751 4.07798 3.52698 5.26582 3.42069 3.83492 4.10269
threshold=6.5000000000000009 27.500000000000004 2.5000000000000004 363.43814102564107 8.5000000000000018 2.5000000000000004 1.1791443850267382 319.72978983382217 35.500000000000007 1.0000000180025095e-35 -14.499999999999998 14.500000000000002 5.5000000000000009 229.30280388471181 6.5000000000000009 0.89444444444444449 16.500000000000004 0.21483516483516482 15.500000000000002 45.500000000000007 3.5000000000000004 0.20156250000000003 231.27047979797985 12.500000000000002 4.5000000000000009 0.88194444444444453 1.0000000180025095e-35 3.5000000000000004 0.19478319783197831 3.5000000000000004
decision_type=2 2 2 2 2 2 2 2 2 2 2 2 2 2 2 2 2 2 2 2 2 2 2 2 2 2 2 2 2 2
left_child=1 -1 8 5 -5 -4 -7 -8 9 -3 -2 23 14 15 -13 -14 17 -16 -15 -17 22 -22 -18 -12 25 26 -25 28 29 -26
right_child=10 2 3 4 -6 6 7 -9 -10 -11 11 12 13 18 16 19 20 -19 -20 -21 21 -23 -24 24 27 -27 -28 -29 -30 -31
leaf_value=-0.075233244751526485 0.049276632505078841 0.070250592304080164 -0.080868257920983136 0.3952702830709654 -0.081366197982593536 0.13636886516199906 -0.085750024880454509 0.064211307982567231 0.027541333707890026 -0.078200483622163017 0.00098019612252518945 -0.079589934787894584 0.095382903105233674 -0.089781240842306487 -0.03830005318152109 -0.024492059009278415 0.023509097563313448 0.082440629466615664 -0.001748639006708309 0.052521167095309254 0.0036355949583907208 -0.09624374248856235 -0.056833193245508208 0.022108893740156108 -0.044726744090183568 0.016054795461607787 -0.042191603392800134 -0.022033328611453653 0.070260278794977843 0.076076598252339062
leaf_weight=21.227309992129449 5.2340007834136477 1.1277084168978051 2.2750634574331325 0.63292475417256333 0.58136136084794998 1.6050992594100533 1.8814908317290249 1.6490342565812168 3.4395453240722409 7.0116779645904899 3370.9895134838298 10.485108993016182 8.4991426542401332 6.411485228687523 4.8013541698455793 6.5333055108785612 10.802476687356835 5.9591007828712463 7.9326851945370436 7.9062647558748722 4.7850492913275948 8.5062606744468194 7.1605695020407429 20.504633000586182 7.3104778667911869 71.03419213462621 33.616402393206954 8.2970687784254533 26.123373672831804 4.5679935179650784
leaf_count=6199 28 26 105 30 15 29 55 35 56 603 16082 55 39 35 20 23 46 24 38 37 23 37 32 106 38 361 152 39 125 20
internal_value=0.000711277 -0.0431809 -0.00950498 0.0211394 0.167072 -0.00277249 0.0318237 -0.0157062 -0.0323315 -0.0576327 0.00121122 0.00114195 -0.0111937 0.012778 -0.0282174 0.0464675 -0.0153969 0.0285657 -0.041097 0.0176759 -0.0305327 -0.0602858 -0.00851757 0.0014546 0.010782 0.00140181 -0.0178303 0.0361384 0.0488392 0.00172948
internal_weight=3678.89 41.4312 20.2039 8.62497 1.21429 7.41069 5.13562 3.53053 11.5789 8.13939 3637.46 3632.23 89.7828 37.2829 52.4999 22.9387 42.0148 10.7605 14.3442 14.4396 31.2544 13.2913 17.963 3542.44 171.454 125.155 54.121 46.2989 38.0018 11.8785
internal_count=24513 7153 954 269 45 224 119 90 685 629 17360 17332 409 172 237 99 182 44 73 60 138 60 78 16923 841 619 258 222 183 58
is_linear=0
shrinkage=0.1


Tree=203
num_leaves=31
num_cat=0
split_feature=10 10 0 10 0 8 4 5 4 13 6 9 6 9 13 3 3 5 7 9 9 8 4 8 13 11 8 8 9 7
split_gain=18.232 5.87759 3.09313 1.61549 4.88187 1.71716 1.6616 1.64215 1.93474 2.70428 2.70663 2.51183 1.87131 1.74937 4.12617 4.75015 3.78244 3.40187 2.96129 1.55178 4.86172 3.16193 2.80684 2.37064 2.03586 4.75348 4.20775 1.73525 1.71482 7.68738
threshold=7.5000000000000009 21.500000000000004 20.500000000000004 19.500000000000004 48.500000000000007 0.15954545454545457 30.500000000000004 4.5000000000000009 22.500000000000004 0.43650793650793651 8.5000000000000018 208.14046121593296 11.500000000000002 226.76485042735047 0.94987468671679209 12.500000000000002 8.5000000000000018 3.5000000000000004 -1.0000000180025095e-35 226.76485042735047 224.90895424836603 0.21644144144144142 17.500000000000004 0.37602459016393447 0.25833333333333336 4.5000000000000009 0.22474489795918368 0.2869249394673124 216.87142547928264 -1.0000000180025095e-35
decision_type=2 2 2 2 2 2 2 2 2 2 2 2 2 2 2 2 2 2 2 2 2 2 2 2 2 2 2 2 2 2
left_child=-1 2 -2 6 -5 -6 19 13 9 -9 -11 12 -10 14 15 16 -7 18 -15 20 24 -22 -23 -21 25 26 -4 -28 -26 -30
right_child=1 -3 3 4 5 7 -8 8 11 10 -12 -13 -14 17 -16 -17 -18 -19 -20 23 21 22 -24 -25 28 -27 27 -29 29 -31
leaf_value=-0.07527466332654871 -0.062400319751259592 -0.075323351470851868 0.048946450051695262 -0.062998021778329194 -0.057152034018964321 -0.044365208636063622 0.040737048592244501 0.055108627171438468 -0.067065238724850026 0.041380305697931233 -0.072850468364273238 0.055051049889261995 0.025342580905803963 0.091903027761901873 0.086451501876817438 -0.084581492460137964 0.077372414402176598 -0.077420923834627009 -0.018749908683384026 0.0086719669571401828 0.0044373562836835315 -0.030752654530728771 -0.12043578795259507 -0.04241669742201172 0.00048110001869803372 -0.094384888366670222 -0.080366678253936244 0.00034190867261687423 0.044541090328163696 -0.0069848138053383068
leaf_weight=32.063903971400578 7.6820344566367558 10.145124693168325 9.1894122287631088 15.485151660162954 5.1994826672598711 3.8557031191885489 10.842675974592565 2.6994178080931333 4.7711079418659192 2.4922262351028612 12.368184910155831 7.1743438094854346 4.0530437976121902 3.848263641819357 8.9880556575953943 4.5553411468863478 7.549698282033205 5.0987262437120071 6.5098489718511692 363.88782029878348 7.7731494978070286 7.0508317779749614 6.9096470363438129 9.3152308799326402 1743.4241894930601 7.4417602159082881 5.7942610979080182 4.9309607334434986 46.879738185554743 75.729625850915909
leaf_count=8175 1119 2040 37 1431 59 33 142 35 23 19 151 35 20 42 44 20 38 46 44 1975 40 37 35 66 8110 38 27 23 209 400
internal_value=-0.000364446 0.000631519 0.00095239 0.0011557 -0.011648 -0.00160342 0.00168278 0.00230151 -0.0140485 -0.0369672 -0.0536929 0.0111069 -0.0246212 0.0158808 0.0322586 0.00174063 0.0362179 -0.0105546 0.0223601 0.00149773 0.000348171 -0.0466792 -0.0751407 0.00739678 0.000887983 -0.0261942 -0.000712565 -0.0432606 0.00128501 0.0127161
internal_weight=2443.71 2411.65 2401.5 2393.82 94.6486 79.1634 2299.17 73.964 33.5583 17.5598 14.8604 15.9985 8.82415 40.4056 24.9488 15.9607 11.4054 15.4568 10.3581 2288.33 1915.12 21.7336 13.9605 373.203 1893.39 27.3564 19.9146 10.7252 1866.03 122.609
internal_count=24513 16338 14298 13179 2040 609 11139 550 283 205 170 78 43 267 135 91 71 132 86 10997 8956 112 72 2041 8844 125 87 50 8719 609
is_linear=0
shrinkage=0.1


Tree=204
num_leaves=31
num_cat=0
split_feature=4 0 7 0 1 3 6 11 8 9 13 9 3 9 5 9 9 8 8 5 10 0 4 5 0 13 0 8 8 12
split_gain=22.0221 2.2701 1.46932 1.44001 1.21845 1.81546 3.24913 1.96093 1.66618 2.64193 2.57713 2.49759 4.48255 4.05424 3.11685 2.78011 5.04148 5.0574 4.73278 4.15206 4.6086 3.25257 2.66425 2.52103 2.46873 2.75651 2.7475 2.76222 2.16689 2.13649
threshold=14.500000000000002 44.500000000000007 -13.499999999999998 21.500000000000004 1.5000000000000002 7.5000000000000009 1.5000000000000002 1.0000000180025095e-35 0.31957446808510642 187.73066411238827 0.84962406015037606 172.97646198830412 5.5000000000000009 194.96185268979391 2.5000000000000004 251.58103038936375 242.41166666666666 0.27100988700564976 0.19657494145199064 1.0000000180025095e-35 4.5000000000000009 13.500000000000002 10.500000000000002 6.5000000000000009 23.500000000000004 1.420168067226891 28.500000000000004 0.28918128654970759 0.15831244778613199 6.5000000000000009
decision_type=2 2 2 2 2 2 2 2 2 2 2 2 2 2 2 2 2 2 2 2 2 2 2 2 2 2 2 2 2 2
left_child=1 4 -2 -4 5 -1 -7 -8 11 -10 -11 12 -6 -13 -14 16 19 18 28 -15 -21 -17 -16 -23 25 -22 -26 -28 -18 -12
right_child=2 -3 3 -5 8 6 7 -9 9 10 29 13 14 15 22 21 17 -19 -20 20 24 23 -24 -25 26 -27 27 -29 -30 -31
leaf_value=0.0017328127120810482 0.11362363919763251 -0.075598582207066153 0.082857621507222048 -0.070265817021210319 0.13072462511212937 0.096958915299899931 0.047425350871177968 -0.072186902065339384 -0.12779668964826149 0.06606493061614567 -0.0070829170464859724 -0.074344397569938089 -0.066372361753470693 0.066136860180380175 0.27835122257484352 -0.082511844522090705 0.080173890114778754 -0.033449666553228438 0.15514141673908091 0.050621857905635274 -0.030927156883480453 -0.002701828807336935 -0.0025105897060978214 -0.065422545784901462 0.072463951310922314 -0.11887440973202817 -0.068279348112549029 0.11318413973869093 -0.036143045973909819 -0.047966535655156274
leaf_weight=1723.7531383642927 0.44765206426381965 3.9482059865258625 0.62191006960347195 49.290009179210756 3.8938952102325839 1.6062453966587771 1.5987183805555094 9.6057236357592028 2.1778054665774098 3.624963015317916 37.862972152419388 7.8350113534834227 3.3508149671833962 7.545992678962647 0.56757242232561089 5.419208485633134 4.1499053123407084 4.1001751828007391 6.4279158976860344 7.9208165947347871 10.42700036801398 259.04786661686376 0.83408055640757084 6.5710593997500828 3.5922931781969947 5.4143664939329019 5.0268694045953453 1.0068569751456378 2.6081737731583416 19.296349896583706
leaf_count=10141 3 540 29 10403 30 20 24 201 59 37 266 175 103 66 7 40 32 35 53 48 97 1538 43 50 62 64 169 24 23 131
internal_value=-0.00137318 0.000158478 -0.0667402 -0.0683579 0.000297904 0.00145407 -0.0360518 -0.0551199 -0.00461464 -0.0195767 -0.0156994 -0.00188991 0.0511795 -0.00325113 -0.0139951 -0.0015594 0.0182668 0.0635498 0.0937118 -0.000855806 -0.0159967 -0.00581818 0.111219 -0.00425346 -0.0367162 -0.0609863 0.00322466 -0.0379983 0.0352832 -0.0208848
internal_weight=2199.57 2149.21 50.3596 49.9119 2145.27 1736.56 12.8107 11.2044 408.702 62.9621 60.7843 345.74 8.64636 337.094 4.75247 329.259 58.2204 17.2862 13.186 40.9342 33.3882 271.038 1.40165 265.619 25.4674 15.8414 9.62602 6.03373 6.75808 57.1593
internal_count=24513 14078 10435 10432 13538 10386 245 225 3152 493 434 2659 183 2476 153 2301 673 143 108 530 464 1628 50 1588 416 161 255 193 55 397
is_linear=0
shrinkage=0.1


Tree=205
num_leaves=31
num_cat=0
split_feature=0 7 4 3 11 2 13 13 13 0 7 8 8 0 0 12 9 8 6 7 9 0 8 10 9 9 9 11 11 4
split_gain=2.33231 2.57084 1.76237 2.31117 3.29764 1.99613 2.02616 2.61338 1.4967 2.30779 5.72429 3.28039 2.9466 2.75324 4.17241 4.04526 3.59805 3.05459 4.2746 3.67515 6.42921 3.17267 2.94728 2.92779 2.8544 2.66725 2.75599 2.64877 2.64588 2.76538
threshold=56.500000000000007 16.500000000000004 24.500000000000004 9.5000000000000018 1.5000000000000002 3.5000000000000004 1.3923076923076925 1.420168067226891 1.9285714285714286 21.500000000000004 1.5000000000000002 0.29289318755256516 0.28345771144278614 16.500000000000004 17.500000000000004 2.5000000000000004 335.5436212814646 0.22016949152542373 5.5000000000000009 -1.0000000180025095e-35 279.69597902097911 19.500000000000004 0.19657494145199064 7.5000000000000009 346.12369047619057 294.0160294117648 277.57591431556955 2.5000000000000004 3.5000000000000004 5.5000000000000009
decision_type=2 2 2 2 2 2 2 2 2 2 2 2 2 2 2 2 2 2 2 2 2 2 2 2 2 2 2 2 2 2
left_child=2 -2 8 4 -4 -5 -7 -8 -1 10 11 13 -12 16 -15 -16 25 18 19 21 -21 24 -18 -24 -17 26 -10 -19 -13 -30
right_child=1 -3 3 5 -6 6 7 -9 9 -11 12 28 -14 14 15 17 22 27 -20 20 -22 -23 23 -25 -26 -27 -28 -29 29 -31
leaf_value=-0.00014161559399579219 -0.076252634505374145 0.22348121714117566 0.1916470364589796 0.041589010730976046 -0.077256601633725303 -0.076845175754205311 0.17840251240316113 -0.076703059410184668 -0.021160203039906008 0.011609750580053212 0.068590635833265148 -0.012835903419742237 -0.014292872861075463 -0.092393824431376337 -0.071145315269966675 0.055344456922031174 0.07927304337266837 -0.00062418413221971029 -0.056369854174976169 0.088608108516449971 -0.10018964900174723 0.015514057271294132 -0.061399589974717152 0.082931846344038163 0.18360917940835605 -0.068284806422542726 0.073218994462122641 -0.086287012119497131 0.0103795787086206 0.083605059187986108
leaf_weight=3091.1385859346483 5.7904694486642247 0.30103330686688412 1.0347857514861996 2.2302071573212734 0.81541568413376797 10.764701602398416 0.75868146028369554 0.85313882841728628 13.461916269734507 279.84754516556859 15.28711490891874 20.377320190891623 5.9621710740029803 9.8514055516570789 12.707156378775833 3.8720955066382867 8.3637534352019411 7.124349704012273 6.7596320882439604 3.0966301485896173 4.3199373334646225 6.4151077941060066 4.0751526877284041 2.1453604400157928 3.1435741484165192 8.309871628880499 4.0173757979646316 7.316629720851779 14.174348926171662 8.10727018304169
leaf_count=20181 843 3 24 70 56 998 18 70 92 1105 63 145 23 67 92 28 73 57 56 16 31 37 54 7 22 70 27 45 96 44
internal_value=0.00038415 -0.0614402 0.000490046 -0.0321587 0.0731366 -0.0454962 -0.0611887 0.0433748 0.000641831 0.00603864 -0.00319269 -0.0101772 0.045335 -0.0196791 -0.0324812 -0.0217018 0.000806955 -0.00675968 0.012734 0.0351405 -0.0213612 0.0663411 0.0405043 -0.0116219 0.112817 -0.0216427 0.000531562 -0.0440259 0.0132064 0.037023
internal_weight=3562.42 6.0915 3556.33 16.4569 1.8502 14.6067 12.3765 1.61182 3539.87 448.736 168.888 147.639 21.2493 104.98 64.6065 54.7551 40.3734 42.048 27.607 20.8473 7.41657 13.4308 14.5843 6.22051 7.01567 25.7892 17.4793 14.441 42.6589 22.2816
internal_count=24513 846 23667 1236 80 1156 1086 88 22431 2250 1145 1059 86 774 451 384 323 292 190 134 47 87 134 61 50 189 119 102 285 140
is_linear=0
shrinkage=0.1


Tree=206
num_leaves=31
num_cat=0
split_feature=10 0 8 9 2 11 12 8 0 1 12 2 9 9 8 13 13 8 8 13 4 6 6 4 13 4 7 5 12 4
split_gain=7.31532 4.30345 1.35905 1.61251 1.36191 1.49412 1.45847 1.87723 1.71734 2.12716 1.20562 2.6923 2.71473 2.87115 5.28346 3.94373 4.31416 2.49073 3.13777 3.05348 3.06548 2.51936 6.17464 2.72418 3.85345 4.85188 2.59504 2.34578 2.31288 4.94466
threshold=6.5000000000000009 27.500000000000004 0.25677655677655681 438.77367216117221 3.5000000000000004 2.5000000000000004 11.500000000000002 0.22474489795918368 39.500000000000007 1.5000000000000002 11.500000000000002 9.5000000000000018 224.19538824538827 270.08107971014499 0.17165178571428572 0.94987468671679209 1.2344322344322347 0.31198770491803285 0.36451048951048953 1.2679425837320577 19.500000000000004 2.5000000000000004 3.5000000000000004 25.500000000000004 0.81176470588235305 21.500000000000004 -2.4999999999999996 3.5000000000000004 10.500000000000002 15.500000000000002
decision_type=2 2 2 2 2 2 2 2 2 2 2 2 2 2 2 2 2 2 2 2 2 2 2 2 2 2 2 2 2 2
left_child=1 -1 4 -4 6 -6 7 -3 9 -9 28 12 17 -14 -15 -16 -17 19 -19 21 -21 -12 -23 24 -24 26 -26 -27 -2 -30
right_child=10 2 3 -5 5 -7 -8 8 -10 -11 11 -13 13 14 15 16 -18 18 -20 20 -22 22 23 -25 25 27 -28 -29 29 -31
leaf_value=-0.07521648310136872 0.00093483109804449495 -0.077240175943561334 -0.077307104791443843 0.10870689430242747 0.1053010462542642 -0.013979971018202947 0.039113407809200078 -0.07658756082195449 0.14732936153089457 0.19067007378361067 0.073871889108128447 -0.082162931638338002 -0.03742363774739528 -0.079071185144110046 0.078519449533993035 -0.077744065831594919 0.038474026693123775 -0.056818558111657758 0.02829772195169962 0.0022653012977726554 -0.071148411639409714 -0.089048169711909042 -0.0015286791068583501 -0.033229315267150658 0.086494391888177299 0.15971126332980701 0.012214505127885796 0.065167688396392517 0.02981142233849355 -0.00083848044788096101
leaf_weight=19.683184676687233 3200.7204062179662 4.6759071378037351 4.1539765980560324 0.52491622604429711 2.4002511478029183 1.8669244013726709 3.5644998494535685 1.5449149892665448 0.8277158886194228 0.36892775399610389 7.2056219801306716 4.553866295143961 41.333031661808491 6.0221525537781444 8.8026307821273821 5.3011487824842325 8.0360913369804603 13.444077957421543 6.3894719779491416 17.424387454986576 8.444204878062008 5.6214853897690764 30.992804666981101 8.8517556190490705 5.6978736706077973 4.2868784144520742 26.944673674181111 6.7670543733984232 88.438575494568795 130.0165754687041
leaf_count=6199 15286 357 344 7 31 40 45 108 4 18 29 28 211 51 68 43 57 56 26 65 45 22 125 52 22 18 99 37 468 552
internal_value=0.00069073 -0.0420512 -0.00929342 -0.0564385 0.00517212 0.0531146 -0.0134565 -0.0387193 0.0269807 -0.0250688 0.00115646 -0.00608706 -0.00444955 -0.0206459 0.00397865 0.0265686 -0.00771914 0.00347303 -0.0293979 0.00880652 -0.0216989 0.0169952 0.0123988 0.0192252 0.0254418 0.0445712 0.0251803 0.101833 0.00161431 0.0115697
internal_weight=3674.91 39.6112 19.928 4.67889 15.2491 4.26718 10.982 7.41747 2.74156 1.91384 3635.29 216.119 211.565 69.4951 28.162 22.1399 13.3372 142.07 19.8335 122.237 25.8686 96.3681 89.1625 83.541 74.6893 43.6965 32.6425 11.0539 3419.18 218.455
internal_count=24513 7153 954 351 603 71 532 487 130 126 17360 1054 1026 430 219 168 100 596 82 514 110 404 375 353 301 176 121 55 16306 1020
is_linear=0
shrinkage=0.1


Tree=207
num_leaves=31
num_cat=0
split_feature=10 10 0 3 9 4 12 13 8 0 0 13 6 9 11 9 8 11 3 10 6 0 0 9 11 12 6 1 12 11
split_gain=16.8813 5.43265 2.85024 1.64303 3.41684 1.78857 8.58405 8.51117 2.26211 1.64518 1.62341 2.98526 3.89258 2.82275 2.29166 4.43721 3.63169 2.12529 2.99942 1.64111 3.00925 2.71642 2.48916 2.50058 6.2349 7.82037 5.52411 5.37773 6.16228 5.07074
threshold=7.5000000000000009 21.500000000000004 18.500000000000004 2.5000000000000004 177.55267434988181 8.5000000000000018 9.5000000000000018 1.297058823529412 0.23956521739130437 23.500000000000004 24.500000000000004 1.1791443850267382 1.5000000000000002 227.68449712643681 1.5000000000000002 212.03046527777781 0.20948987246811704 5.5000000000000009 8.5000000000000018 12.500000000000002 11.500000000000002 31.500000000000004 49.500000000000007 160.89314814814819 1.0000000180025095e-35 1.5000000000000002 5.5000000000000009 5.5000000000000009 7.5000000000000009 1.5000000000000002
decision_type=2 2 2 2 2 2 2 2 2 2 2 2 2 2 2 2 2 2 2 2 2 2 2 2 2 2 2 2 2 2
left_child=-1 2 -2 4 -4 6 8 -8 -5 -10 11 -7 13 -13 15 16 -14 -16 -19 20 22 -21 23 29 -25 -26 27 28 -27 -12
right_child=1 -3 3 5 -6 10 7 -9 9 -11 19 12 14 -15 17 -17 -18 18 -20 21 -22 -23 -24 24 25 26 -28 -29 -30 -31
leaf_value=-0.075255107743575231 -0.075368435178299248 -0.075299626338649048 0.34103841566371845 -0.078879901208998723 -0.05024908965523267 -0.060426132073493392 0.537759386112176 -0.077343169730250946 -0.077686548527729271 0.080967857856648451 0.016307122006529753 0.030095660346301231 0.33837214826245554 0.28552122267293234 -0.077828998731532026 -0.078144043586309775 0.035558847242102287 0.20939779981065315 -0.077375772486809158 -0.049563825465751485 -0.073997695015704065 -0.00015181845968430263 0.059291828368973357 -0.02156867730175413 0.053235249889991343 0.014873165186583709 0.026370693375034889 -0.069426535945785781 -0.019708750424501764 -0.013167888511297205
leaf_weight=29.731141505297273 4.8952546622604123 9.4032230456359667 0.22873769700527091 2.0432416275143614 9.166180349653585 11.820186362136157 0.6475273414980619 0.34470752812922001 0.8137777349911629 3.3204934680834413 89.823570977896452 0.92774955183267482 0.71834566164761626 0.81075214128941298 5.0008615674450994 1.2836380833759902 0.88277026591822505 0.69650046480819561 0.76564597804099321 11.203393519856034 4.7662577703595153 1606.6989240541589 8.57131205126643 56.885201813653111 44.711105063557625 155.35622235760093 121.0804252512753 10.601061336696146 77.100464403629303 166.66109958663583
leaf_count=8175 797 2040 1 132 492 383 32 26 68 45 380 28 15 14 155 35 29 24 23 109 18 8573 97 251 190 723 494 47 376 741
internal_value=-0.000363758 0.000561208 0.000858701 0.00101464 -0.0407224 0.00117915 0.0510501 0.32407 0.00719755 0.0497388 0.00102868 -0.0254644 0.0118118 0.149214 -0.0137422 0.060369 0.171417 -0.0468217 0.0592302 0.00128654 0.00520291 -0.000493979 0.00571947 0.00508367 0.00945031 0.0137661 0.00891987 0.000226654 0.00340315 -0.00284544
internal_weight=2436.96 2407.23 2397.83 2392.93 9.39492 2383.54 7.16975 0.992235 6.17751 4.13427 2376.37 22.9065 11.0863 1.7385 9.34776 2.88475 1.60112 6.46301 1.46215 2353.46 735.557 1617.9 730.79 722.219 465.734 408.849 364.138 243.058 232.457 256.485
internal_count=24513 16338 14298 13501 493 13008 303 58 245 113 12705 706 323 42 281 79 44 202 47 11999 3317 8682 3299 3202 2081 1830 1640 1146 1099 1121
is_linear=0
shrinkage=0.1


Tree=208
num_leaves=31
num_cat=0
split_feature=4 0 7 0 10 10 8 9 2 0 8 0 10 12 12 8 9 10 11 9 13 1 8 13 12 0 9 10 0 2
split_gain=20.2098 2.09856 1.3174 1.3067 1.26368 10.0479 4.63955 4.60173 2.45717 2.30866 2.24013 1.89267 4.68078 3.4662 5.8883 3.18712 3.07016 3.04323 2.68926 2.66655 2.44035 2.90525 2.46413 2.33742 2.28635 3.9194 5.65422 5.00015 2.55158 3.56463
threshold=14.500000000000002 44.500000000000007 -13.499999999999998 21.500000000000004 19.500000000000004 8.5000000000000018 0.39602987421383651 238.77703656462589 4.5000000000000009 19.500000000000004 0.40175438596491231 15.500000000000002 5.5000000000000009 10.500000000000002 4.5000000000000009 0.3551971326164875 181.13210382513662 7.5000000000000009 1.5000000000000002 184.86830357142858 0.48529411764705882 1.5000000000000002 0.19657494145199064 1.1055555555555558 11.500000000000002 27.500000000000004 337.0550324675325 1.0000000180025095e-35 18.500000000000004 1.0000000180025095e-35
decision_type=2 2 2 2 2 2 2 2 2 2 2 2 2 2 2 2 2 2 2 2 2 2 2 2 2 2 2 2 2 2
left_child=1 4 -2 -4 5 11 9 -8 10 -7 -6 12 -1 14 19 20 18 24 -13 -14 -16 -22 -23 -20 -18 26 -26 -27 -28 -30
right_child=2 -3 3 -5 8 6 7 -9 -10 -11 -12 16 13 -15 15 -17 17 -19 23 -21 21 22 -24 -25 25 27 28 -29 29 -31
leaf_value=0.063279026556114351 0.10084631324825066 -0.075555071567006304 0.070678210334340047 -0.069807702249398682 0.0064157470295048216 -0.031555706118485488 -0.09331184989756508 0.11355305433092738 -0.070380477928205495 -0.073219294383160174 -0.075257108378063486 -0.01266718435964191 -0.070531742878700884 -0.036812743768374109 0.0015239763675975325 -0.017599845008025583 -0.0012241492594817322 -0.022189971955454232 0.13429182657057079 -0.002818198343859264 0.059959367922428099 -0.055098228454762671 0.048748567242557994 0.015122309188108907 0.05224511408128784 0.030136885784370595 0.058803104278518675 -0.08225181063619158 -0.098068252848976079 -0.00082691070923308723
leaf_weight=14.99346239864826 0.46792928129434486 3.6599373654462388 0.67175325192510982 45.971036465489306 429.16358080855571 29.707149442285299 1.552077290136366 3.5009439783170819 4.2784738664049646 24.080733955372125 3.3847757573239496 4.1089806752279383 6.2362916711717835 17.76504597812891 13.847416987642644 11.861832741647957 1287.3753469400108 66.02088713273406 4.3543234942480922 86.222789730876684 42.023474510759115 4.4892382733523828 4.6535238362848759 2.6461361739784479 37.469282880425453 7.6224932819604865 4.6538799405097988 8.2354757487773878 4.8741288036108044 16.637688759714365
leaf_count=609 3 540 29 10403 2630 281 42 25 48 1322 18 37 35 82 66 55 6490 670 27 391 204 26 23 30 227 27 32 38 27 76
internal_value=-0.00132004 0.000102651 -0.0661095 -0.0677844 0.000231938 -0.000997576 -0.0416018 0.0500128 0.00503072 -0.0502084 0.00577664 0.000453856 0.00951781 0.00520959 0.00961819 0.0300686 -0.000814679 -0.00122069 0.0515522 -0.00738542 0.0387658 0.0488448 -0.00224182 0.0892464 -0.000207855 0.0162509 0.0273355 -0.0282296 -0.00833506 -0.0228598
internal_weight=2192.53 2145.42 47.1107 46.6428 2141.76 1704.93 58.8409 5.05302 436.827 53.7879 432.548 1646.09 202.093 187.1 169.335 76.8755 1444 1432.89 11.1094 92.4591 65.0137 51.1662 9.14276 7.00046 1366.87 79.4929 63.635 15.858 26.1657 21.5118
internal_count=24513 14078 10435 10432 13538 10842 1670 67 2696 1603 2648 9172 1491 882 800 374 7681 7587 94 426 319 253 49 57 6917 427 362 65 135 103
is_linear=0
shrinkage=0.1


Tree=209
num_leaves=31
num_cat=0
split_feature=0 10 11 0 12 13 1 13 9 9 1 13 6 9 9 7 7 5 0 8 13 4 0 3 4 9 8 9 4 8
split_gain=2.16626 12.1328 1.66723 3.04527 5.68134 5.03502 5.44098 6.10298 4.80226 6.281 4.78856 4.69625 4.51866 4.70684 4.49212 4.11494 4.09251 4.11326 4.00922 3.95225 8.42631 4.06784 6.0577 3.87436 3.5068 3.46864 3.40379 4.32279 3.364 4.35106
threshold=43.500000000000007 18.500000000000004 1.0000000180025095e-35 20.500000000000004 3.5000000000000004 1.3798076923076925 2.5000000000000004 1.4833333333333336 307.59523809523819 247.43616071428576 2.5000000000000004 0.51315789473684215 3.5000000000000004 290.8184200603319 219.06805894663412 -1.0000000180025095e-35 6.5000000000000009 6.5000000000000009 36.500000000000007 0.28165064102564102 0.94987468671679209 7.5000000000000009 35.500000000000007 10.500000000000002 15.500000000000002 278.67845138888896 0.18808962264150944 340.02687500000008 6.5000000000000009 0.29289318755256516
decision_type=2 2 2 2 2 2 2 2 2 2 2 2 2 2 2 2 2 2 2 2 2 2 2 2 2 2 2 2 2 2
left_child=2 -2 3 4 10 11 12 -8 9 -6 -1 14 25 15 24 18 17 19 -14 21 -21 22 -13 -18 -5 -7 -15 -28 -11 -30
right_child=1 -3 -4 5 8 6 7 -9 -10 28 -12 16 13 26 -16 -17 23 -19 -20 20 -22 -23 -24 -25 -26 -27 27 -29 29 -31
leaf_value=0.054007804071981573 -0.059459322865909298 -0.00049955957123770255 0.0021024821418257305 -0.1233186769854072 -0.017214624449076482 0.038796787463461692 0.052285135789999104 -0.076616699930665069 -0.038798241631914893 0.094502530427190284 -0.059231709663358917 -0.055546381597251643 -0.055137509693739012 0.14565025881525889 0.017852970097230671 0.096740864455347145 0.08073683995118619 0.023660550835890332 0.05939686566158723 -0.072197612271378095 0.017852296147500109 -0.029388703278877815 -0.1707796761595709 -0.011970453881933282 -0.00070363759559553514 -0.064071637563764425 0.086525583143461149 -0.004755011950764736 -0.028947823009143787 0.1097004715454945
leaf_weight=33.3711964096874 39.272479314007796 313.62280044611543 2766.8095515449531 4.3138317130506021 29.410009855404496 5.4548859335482112 5.326368814334276 11.832897084765134 28.40708245895803 10.47564199473709 4.2048276606947175 35.698257580399513 10.164034955203535 4.7813556194305447 54.569251419976354 3.7542687486857167 6.5436466094106462 13.117402913980184 4.3703843243420115 15.298446093685923 32.396009380929172 60.034432549029589 5.2303650677204123 14.489848125725983 5.0784712806344032 8.2134382724761945 13.977138012647631 8.2505629360675794 7.2302151676267368 3.2948882058262825
leaf_count=245 4324 2072 15544 24 149 25 39 66 232 83 19 146 44 19 225 24 35 84 28 95 163 424 24 154 44 34 55 31 45 17
internal_value=0.000375321 -0.00706099 0.00119383 -0.00452917 0.00933851 -0.00952804 0.0129548 -0.0366046 -0.00591618 0.0126133 0.0413361 -0.0164637 0.0273767 0.042583 0.0068584 0.00340969 -0.0246237 -0.0300188 -0.0206979 -0.0347554 -0.0110321 -0.0459622 -0.0702723 0.0168713 -0.05702 -0.0230179 0.0691085 0.0526437 0.054385 0.0144561
internal_weight=3558.99 352.895 3206.1 439.289 116.394 322.895 76.1253 17.1593 78.8178 50.4108 37.576 246.77 58.9661 45.2977 63.9616 18.2887 182.808 161.775 14.5344 148.658 47.6945 100.963 40.9286 21.0335 9.3923 13.6683 27.0091 22.2277 21.0007 10.5251
internal_count=24513 6396 18117 2573 790 1783 365 105 526 294 264 1418 260 201 293 96 1125 936 72 852 258 594 170 189 68 59 105 86 145 62
is_linear=0
shrinkage=0.1


Tree=210
num_leaves=31
num_cat=0
split_feature=10 0 8 9 9 2 11 12 8 0 10 9 0 8 13 9 0 13 8 4 9 9 4 9 13 0 9 9 8 3
split_gain=6.60759 4.14517 1.23087 1.4223 1.32054 1.97744 2.11422 1.5259 1.77475 1.52921 1.19217 1.46942 4.9942 1.32316 2.07599 2.5281 6.0955 3.33288 2.03258 1.97877 1.74655 1.70769 1.39229 2.27126 5.45356 4.2955 2.4572 2.11362 3.31646 1.57482
threshold=6.5000000000000009 27.500000000000004 0.25677655677655681 438.77367216117221 272.0478070175439 3.5000000000000004 2.5000000000000004 11.500000000000002 0.22474489795918368 32.500000000000007 7.5000000000000009 429.55389610389619 16.500000000000004 0.31726674409601241 0.5634920634920636 334.09273657628927 20.500000000000004 0.74342105263157909 0.26043478260869574 10.500000000000002 257.88390277777779 379.48760964912287 4.5000000000000009 306.55766129032264 0.62828947368421062 20.500000000000004 320.93597105508877 216.18605442176872 0.21294035577258458 3.5000000000000004
decision_type=2 2 2 2 2 2 2 2 2 2 2 2 2 2 2 2 2 2 2 2 2 2 2 2 2 2 2 2 2 2
left_child=1 -1 4 -4 -3 7 -7 8 -6 -10 13 -12 -13 18 -15 17 -17 -16 19 22 -19 -20 -2 27 25 -25 -26 28 -24 -28
right_child=10 2 3 -5 5 6 -8 -9 9 -11 11 12 -14 14 15 16 -18 20 21 -21 -22 -23 23 24 26 -27 29 -29 -30 -31
leaf_value=-0.075200740128523902 -0.060859746111809998 -0.091327280860260915 -0.077146501948514079 0.091490581368985649 -0.077156915008448401 0.14731311650071791 -0.0057241463325469451 0.046234605699327871 -0.076085236766696526 0.082140528089541295 0.0012211547112629404 -0.059044416250146774 0.080200238378838662 -0.081796411228331409 0.1165916398603595 -0.027558881930307179 0.22774348843340764 0.038481882166187364 -0.079668820434690993 0.064953586798922033 -0.06430721078027328 0.025842526505664477 -0.033443343487244162 0.033066634860123421 0.097892179482790262 0.26668770044864593 0.0037880540325923038 -0.050241073778152227 0.17469718030975101 -0.083847972777590124
leaf_weight=18.250613421085291 5.9605377102270714 1.3104430893436099 3.8592772781848899 0.57459484785795201 4.1370121259242278 1.9656806169077747 1.6693742261268196 3.3661999325267971 0.93623847374692593 1.7573419902473686 3557.4296826655045 3.7594063673168412 8.1811589766293746 1.9873178247362364 1.9505482241511325 1.9109835540875786 1.8314664810895918 2.4730284949764609 8.2921408358961326 3.2331840880215159 4.9855953529477119 1.8821197226643551 2.2257074303925104 1.7681103739887469 1.6574250459671009 1.4183843582868574 4.5758615564554912 13.358567759394644 1.1668737679719923 3.7155109960585833
leaf_count=6199 167 52 344 7 332 23 31 41 95 29 16256 41 41 35 20 35 9 33 149 25 65 32 46 33 19 12 72 216 15 39
internal_value=0.000662591 -0.0409163 -0.0089534 -0.0552925 0.00461532 0.013705 0.0770318 -0.00887035 -0.0360267 0.0271442 0.00109542 0.0013387 0.03636 -0.01239 0.0134659 0.0278608 0.0973801 0.000209867 -0.0203372 -0.00997203 -0.0302258 -0.0601504 -0.0167299 -0.00792864 0.0232028 0.137057 -0.0132635 -0.0323401 0.0381463 -0.0354832
internal_weight=3671.59 37.8268 19.5762 4.43387 15.1423 13.8318 3.63505 10.1968 6.83059 2.69358 3633.76 3569.37 11.9406 64.3934 15.1389 13.1516 3.74245 9.40917 49.2544 39.0802 7.45862 10.1743 35.847 29.8864 13.1353 3.18649 9.9488 16.7511 3.39258 8.29137
internal_count=24513 7153 954 351 603 551 54 497 456 124 17360 16338 82 1022 197 162 44 118 825 644 98 181 619 452 175 45 130 277 61 111
is_linear=0
shrinkage=0.1


Tree=211
num_leaves=31
num_cat=0
split_feature=10 10 0 10 0 7 3 0 12 12 8 7 8 6 2 7 12 9 3 11 8 9 5 3 11 3 0 13 11 9
split_gain=15.6345 5.02136 2.63418 1.46911 4.06396 3.37725 5.19017 2.6666 2.34265 2.95367 3.52609 3.85156 4.36984 3.76059 3.3943 3.38602 2.91228 2.81248 6.07113 4.4608 5.15416 3.81463 3.59383 3.5145 3.07052 2.98864 3.35751 2.60545 4.84785 3.69497
threshold=7.5000000000000009 21.500000000000004 18.500000000000004 18.500000000000004 41.500000000000007 -9.4999999999999982 3.5000000000000004 60.500000000000007 1.5000000000000002 2.5000000000000004 0.18942218080149117 6.5000000000000009 0.21244358478401035 6.5000000000000009 7.5000000000000009 1.0000000180025095e-35 3.5000000000000004 206.07898769913291 10.500000000000002 1.0000000180025095e-35 0.24544852697782188 210.12683215130025 9.5000000000000018 9.5000000000000018 5.5000000000000009 9.5000000000000018 47.500000000000007 0.86335403726708082 2.5000000000000004 210.12683215130025
decision_type=2 2 2 2 2 2 2 2 2 2 2 2 2 2 2 2 2 2 2 2 2 2 2 2 2 2 2 2 2 2
left_child=-1 2 -2 7 5 6 -5 -4 -6 10 -10 12 -12 -14 15 -15 27 18 -18 20 -19 -21 25 -22 -20 -23 -27 28 -11 -29
right_child=1 -3 3 4 8 -7 -8 -9 9 16 11 -13 13 14 -16 -17 17 19 24 21 23 22 -24 -25 -26 26 -28 29 -30 -31
leaf_value=-0.07523647486493508 -0.075341478172985255 -0.075277526559873825 0.0016710125951170237 -0.075976633443533018 -0.028261138246703916 -0.062242153079891088 0.39510886673494949 0.063186752203303345 -0.052613216585370715 0.086337683937082785 0.12056277512436103 0.15662312908386328 -0.089966350014376112 0.0064146416737809967 -0.072751073075697378 0.099620921955566627 -0.050225776540235717 0.10215622131250104 -0.002283167836024605 0.055138933613533836 -0.045186574135565677 -0.01732302479439143 -0.12376830259432835 0.087786696763406002 0.071036410093524113 0.091814547886256384 0.0070342981454595875 -0.012141607805370068 -0.049334571583900755 -0.09874073032432916
leaf_weight=27.569920404173899 4.5380170887801787 8.7130938877817226 2071.1379325408489 0.53059526742436247 31.901535195065662 16.836112963734195 0.4182119220495224 7.0707521233707658 4.6577337258495382 4.5049010543152708 4.3984887439291986 2.6257965872064224 3.1391774080693748 9.1307356934994477 2.8240894209593526 6.8005607277154914 28.939816059544683 10.474466184619816 46.583171537145972 11.867883237078784 5.9979426970239711 49.597166617866606 2.4891634583473197 2.9727521985769272 6.5100164748728266 5.6343538714572778 27.325812494382262 10.194301955401899 6.3406304679811001 9.5357282813638431
leaf_count=8175 797 2040 10243 94 262 709 13 198 47 53 37 12 29 96 11 34 223 77 202 71 50 619 17 12 31 36 120 55 71 79
internal_value=-0.000359604 0.000499221 0.000774902 0.000919402 -0.00547639 -0.0518973 0.131667 0.00188031 -0.00267251 0.000436735 0.0281348 0.0411402 0.0296073 0.0113349 0.0282902 0.0462014 -0.00362499 0.000802466 -0.013378 0.0107996 0.0545109 0.00202925 -0.00538198 -0.00112125 0.00670691 -0.00181255 0.021527 -0.0323529 0.00701952 -0.0539959
internal_weight=2431.26 2403.69 2394.98 2390.44 312.231 17.7849 0.948807 2078.21 294.446 262.545 33.5766 28.9188 26.2931 21.8946 18.7554 15.9313 228.968 198.393 82.033 116.36 19.4452 96.9144 85.0465 8.97069 53.0932 82.5573 32.9602 30.5756 10.8455 19.73
internal_count=24513 16338 14298 13501 3060 816 107 10441 2244 1982 266 219 207 170 141 130 1716 1458 456 1002 139 863 792 62 233 775 156 258 124 134
is_linear=0
shrinkage=0.1


Tree=212
num_leaves=31
num_cat=0
split_feature=4 0 2 6 0 13 0 10 10 10 8 9 0 2 8 1 7 8 0 11 13 6 9 4 6 0 10 12 12 8
split_gain=18.5604 1.94572 1.23135 2.7329 17.078 1.45265 1.39091 1.34978 1.09238 8.92109 4.11912 3.91398 2.36323 2.16403 1.90709 1.87834 1.84496 3.99053 3.10566 1.7876 2.33238 2.18685 3.05728 2.30212 5.28956 1.77846 4.30444 3.02046 4.97435 2.73613
threshold=14.500000000000002 44.500000000000007 2.5000000000000004 11.500000000000002 39.500000000000007 1.9285714285714286 21.500000000000004 2.5000000000000004 19.500000000000004 8.5000000000000018 0.39602987421383651 238.77703656462589 19.500000000000004 4.5000000000000009 0.40175438596491231 2.5000000000000004 -9.4999999999999982 0.27953488372093027 24.500000000000004 2.5000000000000004 0.78888888888888908 2.5000000000000004 252.61076388888893 7.5000000000000009 4.5000000000000009 15.500000000000002 5.5000000000000009 10.500000000000002 4.5000000000000009 0.3551971326164875
decision_type=2 2 2 2 2 2 2 2 2 2 2 2 2 2 2 2 2 2 2 2 2 2 2 2 2 2 2 2 2 2
left_child=1 8 3 7 -5 -6 -4 -2 9 16 12 -12 19 14 -10 -15 17 18 -1 -11 -21 22 -22 -23 -25 26 -18 28 -28 -30
right_child=2 -3 6 4 5 -7 -8 -9 13 10 11 -13 -14 15 -16 -17 25 -19 -20 20 21 23 -24 24 -26 -27 27 -29 29 -31
leaf_value=0.069038417700565166 0.13360082510544158 -0.075515484337150246 0.069028605547520022 0.97476348246161726 -0.076718765002659894 0.1513035391978842 -0.07558342031881124 -0.075468401123410106 0.0059535311506336815 -0.063063207122150675 -0.092838396755854743 0.10138599678212096 -0.072763471985764244 -0.12549329658120104 -0.070451717451221946 0.010498023885643616 0.062287427268830887 0.11058215282291702 -0.046341371249734503 -0.097002444792252715 0.12852641826886865 -0.064579984729221857 -0.0088560710645572884 -0.079641511283137734 0.1740033667089621 -0.0011303298124765216 -0.006601042524821652 -0.034415685206698944 0.035983310553909485 -0.016235080901280882
leaf_weight=3.8532640486955625 0.32831099629402061 3.3969326592050484 0.67760289600118895 0.19026491255499411 1.2688329736702142 0.35827662982046593 36.062840099388268 5.1975458167726174 429.86353867547587 10.308472091797741 1.4521854198537756 3.6338742384687066 22.4652353329584 2.3697472333442411 3.2918373234570018 1.777494761161506 14.057284290902315 4.7943613417446604 5.9125350117683411 2.7141480222344425 2.7203946993686285 6.0681374333798868 4.0040052235126495 1.7550975596532228 1.5467681270092724 1426.7556103821844 92.346159018576145 17.684376705437899 64.639913260936737 11.87827257812023
leaf_count=29 1 540 26 20 182 2 9120 1084 2630 115 42 25 1322 27 18 21 608 26 20 23 33 29 25 32 24 7607 426 82 319 55
internal_value=-0.00121635 0.000107185 -0.0654446 -0.0280611 0.0783155 -0.0265101 -0.0729163 -0.0630468 0.000227456 -0.000920023 -0.0399296 0.0459305 -0.0483954 0.00468454 0.00537288 -0.0672078 0.000426329 0.0358649 -0.00081629 -0.0295943 -0.0112508 0.00321024 0.0467228 -0.0280166 0.0391791 0.000109257 0.00892548 0.00490442 0.00902223 0.0278772
internal_weight=2183.37 2139.29 44.0837 7.34323 1.81737 1.62711 36.7404 5.52586 2135.89 1698.59 56.6683 5.08606 51.5823 437.303 433.155 4.14724 1641.92 14.5602 9.7658 29.117 18.8086 16.0944 6.7244 9.37 3.30187 1627.36 200.606 186.549 168.864 76.5182
internal_count=24513 14078 10435 1289 204 184 9146 1085 13538 10842 1670 67 1603 2696 2648 48 9172 75 49 281 166 143 58 85 56 9097 1490 882 800 374
is_linear=0
shrinkage=0.1


Tree=213
num_leaves=31
num_cat=0
split_feature=0 7 2 4 13 9 9 3 12 8 8 9 8 0 10 9 0 10 5 7 8 1 8 13 9 11 12 6 9 10
split_gain=2.10068 2.16943 1.65892 3.1943 2.90603 2.86806 3.70725 3.84425 3.93963 4.98173 3.4789 3.00409 5.17348 2.63755 2.72968 5.58146 3.55153 3.14053 2.38578 2.61334 2.4875 2.35821 2.48928 4.06553 3.79567 3.03658 3.02958 4.26609 4.31275 3.42354
threshold=56.500000000000007 16.500000000000004 4.5000000000000009 21.500000000000004 1.7032967032967035 179.7210300985989 182.69305010893248 5.5000000000000009 7.5000000000000009 0.24417344173441732 0.10582306830907051 184.86830357142858 0.21103238866396759 15.500000000000002 18.500000000000004 188.44438821412507 32.500000000000007 1.5000000000000002 2.5000000000000004 3.5000000000000004 0.24417344173441732 1.0000000180025095e-35 0.22684391080617491 1.4494949494949496 178.29266072092162 5.5000000000000009 4.5000000000000009 4.5000000000000009 165.88075633773312 12.500000000000002
decision_type=2 2 2 2 2 2 2 2 2 2 2 2 2 2 2 2 2 2 2 2 2 2 2 2 2 2 2 2 2 2
left_child=2 -2 -1 5 -5 10 -7 8 9 -8 -4 12 -9 -13 16 -16 -15 -18 -17 -20 -21 -12 24 -24 25 26 27 28 -23 -29
right_child=1 -3 3 4 -6 6 7 11 -10 -11 21 13 -14 14 15 18 17 -19 19 20 -22 22 23 -25 -26 -27 -28 29 -30 -31
leaf_value=0.001336080739088222 -0.076182261258862974 0.19002948341880854 0.10049537795552671 -0.030652380000651742 0.16562031817609585 -0.071144334252775041 0.12933609503293689 0.17062209455548397 -0.029146593863219945 0.005187351788998199 -0.09355136369178832 0.099016195884182354 -0.020132317901746237 -0.01195140362393194 0.14475887524066419 -0.049450141566746375 0.098944699929534918 -0.056995481666141837 -0.00020015245985719523 0.12860229699587553 -0.00584396798244985 0.088169010901199843 0.030768711353302575 -0.029181058157588754 0.090724690041230641 -0.064827671068569709 -0.025829631840354063 -0.083730301391111608 -0.034243380303365316 0.034264682372522608
leaf_weight=3058.9762589880265 5.285863116150721 0.32493750425055612 4.0541508686728767 53.249020852847025 0.7652031066827466 8.9949862435460073 6.6138999871909636 2.4981447164900592 6.0409640483558169 6.3214247114956379 2.3146177181042722 2.1703076362609854 3.2998386062681675 151.64360800012946 2.7545429971069089 8.6595043502747995 1.3534893393516565 28.18892180477269 51.452949746511877 3.2425105804577461 2.3908494636416435 11.025353833101692 64.394404805498198 13.722709986846892 3.802297289017587 9.3130421242676658 27.273136376403272 5.254617552738635 3.894793774932622 4.6217000775504857
leaf_count=17350 843 3 31 2358 25 109 28 35 26 28 24 9 41 655 16 65 7 1258 304 28 18 57 574 119 34 85 227 51 28 77
internal_value=0.000374617 -0.0607652 0.000471295 -0.004935 -0.0278718 -0.00208885 -0.00796471 -0.00591035 0.0375276 0.0686653 0.0091244 -0.00910955 0.062057 -0.0107479 -0.011702 0.00530296 -0.0181309 -0.0498511 -0.000539805 0.00687947 0.0715421 0.00658051 0.00819784 0.0202374 -0.0062303 -0.0122361 -0.00282969 0.0224675 0.0562142 -0.0285136
internal_weight=3553.9 5.6108 3548.29 489.311 54.0142 435.297 285.626 276.631 18.9763 12.9353 149.671 257.655 5.79798 251.857 249.686 68.5004 181.186 29.5424 65.7458 57.0863 5.63336 145.617 143.302 78.1171 65.1849 61.3826 52.0696 24.7965 14.9201 9.87632
internal_count=24513 846 23667 6317 2383 3934 2627 2518 82 56 1307 2436 76 2360 2351 431 1920 1265 415 350 46 1276 1252 693 559 525 440 213 85 128
is_linear=0
shrinkage=0.1


Tree=214
num_leaves=31
num_cat=0
split_feature=10 0 10 0 13 7 5 8 8 0 7 12 1 0 9 9 12 0 4 9 0 9 12 5 3 1 11 9 5 4
split_gain=5.94854 3.97705 1.1318 7.04461 2.12894 3.41993 4.97513 3.71669 2.96714 4.79421 5.27727 2.94335 2.79563 2.76027 2.85318 6.40781 2.75496 2.26826 3.11384 2.18532 5.36353 2.47127 2.37152 2.3148 2.2955 2.22163 2.89579 2.16883 3.59053 6.4971
threshold=6.5000000000000009 27.500000000000004 19.500000000000004 32.500000000000007 1.083916083916084 -6.4999999999999991 8.5000000000000018 0.13100686498855832 0.23956521739130437 41.500000000000007 -9.4999999999999982 4.5000000000000009 1.5000000000000002 39.500000000000007 189.05013931104364 201.83830952380956 2.5000000000000004 48.500000000000007 23.500000000000004 232.97789855072466 41.500000000000007 224.19538824538827 9.5000000000000018 4.5000000000000009 7.5000000000000009 2.5000000000000004 4.5000000000000009 288.39128787878792 3.5000000000000004 7.5000000000000009
decision_type=2 2 2 2 2 2 2 2 2 2 2 2 2 2 2 2 2 2 2 2 2 2 2 2 2 2 2 2 2 2
left_child=1 -1 -2 -4 13 6 8 -7 12 10 -10 -12 -6 -5 16 17 -15 -16 -19 20 -9 22 23 24 -22 27 -27 -21 29 -29
right_child=2 -3 3 4 5 7 -8 19 9 -11 11 -13 -14 14 15 -17 -18 18 -20 25 21 -23 -24 -25 -26 26 -28 28 -30 -31
leaf_value=-0.075186421385108337 0.0017951982618133857 -0.0086830477579480977 -0.062084297361641574 -0.023653322002019406 -0.070226059437129271 0.10278476248958016 0.077180821477291703 -0.080518239569821515 0.16806142476417968 -0.039130622133384196 0.064608388643797601 -0.085073932295158861 -0.0053882000433457915 -0.02240831788815658 -0.075063132349931866 0.00048958227969616728 0.058421863995042657 0.043283294988275267 -0.069360927175135353 0.046128888980292868 0.033905255772701051 -0.036427843314463325 0.080578692683028766 0.040480401742365724 -0.047672594185895506 -0.030180317456488644 0.052591195330897539 -0.062843884024011407 -0.04709032104054138 0.11056361344242878
leaf_weight=16.890951111039612 3020.2236873731017 19.22992680571042 19.485855004284531 66.530136282555759 17.053391909226779 4.8023708164691916 5.3908309545367947 7.5854840371757737 3.0280818678438663 10.38379145413637 3.208182751201095 2.224706687964499 10.900836639106272 5.9513193219900158 15.82445063441992 293.66124924644828 14.466582439839838 4.8359981849789602 4.9822757840156555 40.832722603343427 5.554961338639262 8.8478735983371717 5.8930385559797278 13.650412932038305 9.0997746437787992 13.907499311491849 6.0721770524978629 3.4565510125830787 7.6590404277667394 5.7630744874477386
leaf_count=6199 13280 954 1023 747 109 28 28 48 22 42 31 30 53 21 56 1140 61 23 19 213 21 32 22 55 33 69 25 40 63 26
internal_value=0.000599421 -0.0397816 0.0010011 -0.00292387 -0.000975163 0.00790707 -0.0137895 0.0164129 -0.0242684 0.00639915 0.0622759 0.00331517 -0.0449423 -0.00502686 -0.00137911 -0.00369654 0.0348618 -0.0516361 -0.0138779 0.0131805 -0.00298468 0.0106781 0.0228655 0.0108499 -0.01675 0.0237154 -0.00502459 0.0336652 0.00351311 0.045551
internal_weight=3667.4 36.1209 3631.28 611.053 591.567 185.315 52.1898 133.125 46.799 18.8448 8.46097 5.43289 27.9542 406.252 339.722 319.304 20.4179 25.6427 9.81827 128.323 50.6315 43.0461 34.1982 28.3051 14.6547 77.6911 19.9797 57.7114 16.8787 9.21963
internal_count=24513 7153 17360 4080 3057 990 315 675 287 125 83 61 162 2067 1320 1238 82 98 42 647 211 163 131 109 54 436 94 342 129 66
is_linear=0
shrinkage=0.1


Tree=215
num_leaves=31
num_cat=0
split_feature=10 10 0 3 9 9 6 9 9 4 1 5 10 10 0 4 11 0 0 12 12 0 9 11 12 12 8 13 13 7
split_gain=14.4587 4.6411 2.43455 1.40081 2.55134 1.64656 3.50372 2.48984 1.76146 1.73428 1.48473 1.42542 1.31209 4.78445 1.28865 2.02453 3.3173 4.45062 3.45561 3.11331 5.00803 2.12769 1.51958 1.27696 3.67818 10.7884 5.81069 4.17634 4.3655 4.16806
threshold=7.5000000000000009 21.500000000000004 18.500000000000004 2.5000000000000004 177.55267434988181 327.30582908885123 2.5000000000000004 304.0131313131314 338.80157407407415 14.500000000000002 1.5000000000000002 7.5000000000000009 14.500000000000002 9.5000000000000018 21.500000000000004 10.500000000000002 1.0000000180025095e-35 34.500000000000007 25.500000000000004 2.5000000000000004 9.5000000000000018 22.500000000000004 220.66197916666667 3.5000000000000004 4.5000000000000009 6.5000000000000009 0.13976744186046514 1.6794871794871797 1.3798076923076925 1.5000000000000002
decision_type=2 2 2 2 2 2 2 2 2 2 2 2 2 2 2 2 2 2 2 2 2 2 2 2 2 2 2 2 2 2
left_child=-1 2 -2 4 -4 7 10 14 -8 12 -7 -6 13 -9 -5 16 18 21 -16 -19 22 -18 -21 -17 27 26 29 28 -25 -26
right_child=1 -3 3 5 11 6 8 9 -10 -11 -12 -13 -14 -15 15 23 17 19 -20 20 -22 -23 -24 24 25 -27 -28 -29 -30 -31
leaf_value=-0.075219995520082739 -0.075316683742612134 -0.075257350366264172 0.2635976486404405 -0.053308522667795434 -0.060392375613795062 0.062048742345304303 0.10019758719134345 -0.045332011571642433 -0.017363606800371544 -0.095446410932284703 0.19587828494096834 0.07959513413384961 -0.095287564141755612 0.21370286585809903 0.2293637972427186 -0.0011907532403214963 0.069579564368906652 0.13283932085168801 0.034762798425161244 0.054052094413950702 0.12899042297590374 -0.068657143782719907 -0.072976646860510933 -0.0052361139578666286 0.027146976700048505 -0.00045719818427994641 0.03644625313902649 -0.067689046610830056 0.025504318599700284 -0.075263587971238666
leaf_weight=25.529301147791557 4.2065997794270507 8.0730891274288279 0.27142709493636985 4.3616583873517802 8.0094763617962563 1.7567352205514901 1.5604134674649666 2.8360698213800775 6.9561083817388862 4.4820094350725412 1.5696943183429537 0.8000441181939103 1.3415212691761551 0.95252547878772009 1.5791367162019043 1347.3547659092583 1.3491548611782516 3.4727251525036973 2.1615532566793263 1.2622978007420895 2.6746456825640053 6.3725851741619408 3.7079823520034552 392.63184533035383 7.5110969850793472 361.45730738225393 149.9738807217218 9.7775135422125441 52.357458906248212 8.4395549129694682
leaf_count=8175 797 2040 1 336 439 25 24 71 84 22 16 53 32 8 19 6887 38 37 27 10 33 142 77 2038 40 1832 854 50 263 43
internal_value=-0.000360414 0.000436128 0.000691683 0.000825633 -0.0383753 0.000975338 0.0381694 0.000789168 0.00417618 -0.0500024 0.125201 -0.0476793 -0.0102995 0.0197943 0.000996351 0.00109705 0.0308963 0.0138169 0.116914 0.0543237 0.0186578 -0.0445042 -0.0407153 0.000808206 0.00355047 0.00923324 0.0303433 -0.0030397 -0.00161919 -0.0270389
internal_weight=2424.79 2399.26 2391.19 2386.98 9.08095 2377.9 11.843 2366.06 8.51652 9.61213 3.32643 8.80952 5.13012 3.7886 2356.45 2352.08 22.5801 18.8394 3.74069 11.1177 7.64493 7.72174 4.97028 2329.5 982.149 527.382 165.925 454.767 444.989 15.9507
internal_count=24513 16338 14298 13501 493 13008 149 12859 108 133 41 492 111 79 12726 12390 383 337 46 157 120 180 87 12007 5120 2769 937 2351 2301 83
is_linear=0
shrinkage=0.1


Tree=216
num_leaves=31
num_cat=0
split_feature=4 0 2 6 0 0 13 10 0 10 10 8 11 0 2 1 5 9 12 0 13 12 9 9 12 7 6 12 5 9
split_gain=17.1313 1.7977 1.18737 2.21441 4.91438 1.29523 1.28311 1.22587 1.06662 0.976746 8.52558 3.96748 4.94364 2.03867 1.8752 1.6804 1.67272 1.68074 3.31045 1.77677 3.25727 4.83294 2.40982 2.24837 1.99872 6.45366 2.37897 3.33565 2.20634 1.82217
threshold=14.500000000000002 44.500000000000007 2.5000000000000004 11.500000000000002 39.500000000000007 21.500000000000004 1.9285714285714286 2.5000000000000004 8.5000000000000018 19.500000000000004 8.5000000000000018 0.39602987421383651 1.5000000000000002 19.500000000000004 4.5000000000000009 2.5000000000000004 1.0000000180025095e-35 210.12683215130025 3.5000000000000004 26.500000000000004 1.5857142857142861 4.5000000000000009 247.43616071428576 363.43814102564107 6.5000000000000009 -4.4999999999999991 6.5000000000000009 4.5000000000000009 3.5000000000000004 379.48760964912287
decision_type=2 2 2 2 2 2 2 2 2 2 2 2 2 2 2 2 2 2 2 2 2 2 2 2 2 2 2 2 2 2
left_child=1 8 3 7 -5 -4 -6 -2 -1 10 -10 13 -13 -12 16 -16 -11 18 -18 20 22 -22 -19 24 26 -26 -24 28 -28 -21
right_child=2 -3 5 4 6 -7 -8 -9 9 14 11 12 -14 -15 15 -17 17 19 -20 29 21 -23 23 -25 25 -27 27 -29 -30 -31
leaf_value=0.043965582398207997 0.12623620874511249 -0.075477541440857804 0.059925628083902609 0.3417310460646853 -0.076603152054052756 -0.075561110816551036 0.13692906024351612 -0.075435167210129106 0.00027507869082918547 0.051760063938927431 -0.030924754530301458 0.18172233996547538 -0.034164995445939345 -0.072288906455705099 -0.12036324987501049 0.009048532550885972 0.16878712843049606 0.094251347616067127 -0.015505523942056995 0.0017530538468683136 -0.079890306687067605 0.026892528593239196 0.069353241088920145 0.080708427370636146 0.03781763857396199 -0.093958786336259176 -0.075351735836702904 0.076396332385362919 0.013947665174131827 -0.04387423291124571
leaf_weight=5.5542774870991698 0.32152083516120811 3.1434864180628201 0.72080932278185983 0.47583655640482936 1.1800660435110328 33.417318267864175 0.36952963843941677 4.8186449939385056 1636.0696107398253 7.495691225398331 27.658171180635691 1.7354034143500019 2.7282216681633145 20.933174037374556 2.2741908268071702 1.795600591227412 1.8046686977613711 5.2754689753055564 2.1193701191805303 342.29493859154172 7.5463672876358059 9.6692473292350751 10.285454437136652 5.9398243427276602 9.5636860877275449 6.0786531567573538 4.5755100548267382 4.9986833781003943 6.9990925788879395 8.9823245182633382
leaf_count=34 1 540 26 20 182 9120 2 1084 9143 43 278 20 45 1322 27 21 23 20 26 2217 29 37 44 27 40 25 19 23 30 45
internal_value=-0.00114424 8.95044e-05 -0.0649324 -0.0279247 0.0606343 -0.0727004 -0.0256825 -0.0628205 0.000200903 8.661e-05 -0.00100428 -0.0404563 0.0497694 -0.0487445 0.00429648 -0.0632665 0.00493058 0.00410685 0.0692508 0.0035014 0.0179377 -0.0199151 0.0300692 0.0230794 0.0150253 -0.013391 0.0315748 0.00812931 -0.0213529 0.000586343
internal_weight=2176.82 2135.52 41.3037 7.1656 2.02543 34.1381 1.5496 5.14017 2132.38 2126.82 1689.12 53.055 4.46363 48.5913 437.699 4.06979 433.629 426.133 3.92404 422.209 70.932 17.2156 53.7164 48.4409 42.5011 15.6423 26.8587 16.5733 11.5746 351.277
internal_count=24513 14078 10435 1289 204 9146 184 1085 13538 13504 10808 1665 65 1600 2696 48 2648 2605 49 2556 294 66 228 208 181 65 116 72 49 2262
is_linear=0
shrinkage=0.1


Tree=217
num_leaves=31
num_cat=0
split_feature=0 7 0 10 9 8 3 9 9 7 7 10 0 8 11 4 12 13 13 9 9 9 7 0 9 0 9 12 8 2
split_gain=1.9344 1.86803 1.40624 14.4081 2.60571 2.46304 4.58711 4.17839 2.50674 2.10026 2.92995 2.544 3.17407 4.08916 3.14636 2.98452 2.76128 2.47447 2.65458 1.82768 3.13091 3.74801 3.72395 6.17547 3.70141 3.73949 3.38601 2.93698 2.68713 3.07337
threshold=56.500000000000007 16.500000000000004 39.500000000000007 18.500000000000004 162.93484848484852 0.29061583577712619 10.500000000000002 200.34294794593876 193.68332260832264 -10.499999999999998 -2.4999999999999996 21.500000000000004 45.500000000000007 0.30079365079365078 3.5000000000000004 14.500000000000002 4.5000000000000009 0.78888888888888908 1.1339285714285716 175.35273550724642 204.54583986415884 210.71807503506315 3.5000000000000004 47.500000000000007 201.06271668087527 41.500000000000007 183.48472222222225 3.5000000000000004 0.16172624237140362 1.5000000000000002
decision_type=2 2 2 2 2 2 2 2 2 2 2 2 2 2 2 2 2 2 2 2 2 2 2 2 2 2 2 2 2 2
left_child=2 -2 -1 -4 -5 19 7 8 -7 -9 11 12 16 -14 -13 -15 -11 -12 -19 -6 22 28 24 -24 25 -21 -25 -23 -22 -30
right_child=1 -3 3 4 5 6 -8 9 -10 10 17 14 13 15 -16 -17 -18 18 -20 20 21 27 23 26 -26 -27 -28 -29 29 -31
leaf_value=0.0013134567801563832 -0.076105685456436034 0.16586765640003956 -0.044338600916323884 0.082501791314308695 -0.052216145736780843 0.0098117463930147576 -0.095160966507895836 -0.077521938413071811 0.11331440393681276 0.0063551155901058407 -0.074921249131696482 0.017492072084501053 0.063886612767868098 -0.12044407589012984 -0.086215933679046813 -0.0039189075571161181 0.085852793827328272 0.035554828630703111 -0.048608913870450882 0.0681545185127546 -0.12065000559879645 -0.0076618588550784322 0.16740805539063877 0.16081655478992726 0.06951848683243711 -0.013332984079393312 -0.080314241631949168 0.011830289605711211 0.069005003576421309 -0.043761212767763888
leaf_weight=2961.5320551255718 4.9015974019421256 0.34125524666160334 77.056076595443301 3.9982315916568032 5.5611598687246433 5.3539739791303855 6.4034035671502343 5.0672978758811942 4.1565777659416199 8.2733062356710487 10.451492995023729 5.8538946658372861 4.2700897306203833 3.919849678874014 5.84767085313797 5.0040011592209339 9.2588655203580839 6.6702800225466481 8.552600169554351 6.9621718823909751 3.4367534108459976 123.24708530213684 4.4983490817248812 0.78774887882173095 10.544684599153696 29.466438286472112 2.2334047919139266 207.34915208630264 2.950965583324435 13.354178947862236
leaf_count=15760 843 3 5351 27 51 30 69 19 17 32 46 23 21 14 21 36 36 32 38 29 20 564 30 13 62 218 61 936 10 101
internal_value=0.000341439 -0.0603557 0.000431281 -0.00406908 0.00209413 0.00145047 -0.0136218 -0.0073068 0.0550475 -0.0154116 -0.0107901 0.0053451 0.0204564 -0.0165933 -0.0343344 -0.0551032 0.0483384 -0.0374541 -0.0117305 0.0047222 0.00550437 0.00203601 0.0278027 0.0931403 0.0173434 0.00224076 -0.0174407 0.00456357 -0.0402904 -0.0233524
internal_weight=3547.3 5.24285 3542.06 580.53 503.474 499.475 89.0833 82.6799 9.51055 73.1693 68.1021 42.4277 30.7261 13.1939 11.7016 8.92385 17.5322 25.6744 15.2229 410.392 404.831 350.338 54.4928 7.5195 46.9733 36.4286 3.02115 330.596 19.7419 16.3051
internal_count=24513 846 23667 7907 2556 2529 434 365 47 318 299 183 139 71 44 50 68 116 70 2095 2044 1631 413 104 309 247 74 1500 131 111
is_linear=0
shrinkage=0.1


Tree=218
num_leaves=31
num_cat=0
split_feature=10 0 12 2 8 8 11 6 2 8 0 8 11 10 9 11 8 9 13 7 0 6 9 5 3 0 6 10 9 7
split_gain=5.27159 3.88552 1.17655 2.39098 2.35626 3.00254 2.47144 3.68211 3.67186 3.84954 3.8418 3.29645 3.32693 3.2344 3.4074 4.06441 4.99447 3.14 2.99898 3.5141 2.93885 2.69793 3.63779 2.65374 2.4199 2.31476 2.29184 2.14133 1.95941 1.93231
threshold=6.5000000000000009 27.500000000000004 11.500000000000002 9.5000000000000018 0.3246621621621622 0.36451048951048953 2.5000000000000004 12.500000000000002 3.5000000000000004 0.15450928381962861 20.500000000000004 0.15831244778613199 1.0000000180025095e-35 18.500000000000004 191.18537681159424 5.5000000000000009 0.22933743169398904 232.14383680555557 0.89444444444444449 -2.4999999999999996 46.500000000000007 6.5000000000000009 189.05013931104364 4.5000000000000009 6.5000000000000009 39.500000000000007 9.5000000000000018 10.500000000000002 190.52561064794503 6.5000000000000009
decision_type=2 2 2 2 2 2 2 2 2 2 2 2 2 2 2 2 2 2 2 2 2 2 2 2 2 2 2 2 2 2
left_child=1 -1 -2 4 6 28 11 8 9 -8 -11 27 29 14 15 16 -10 26 19 -14 -12 -20 -23 -24 -9 -21 -16 -4 -6 -13
right_child=2 -3 3 -5 5 -7 7 24 13 10 20 12 18 -15 17 -17 -18 -19 21 25 -22 22 23 -25 -26 -27 -28 -29 -30 -31
leaf_value=-0.075173159551059715 0.0013705315541118579 -0.0079235449125576781 0.0028935520924150736 -0.079181173576191491 -0.014856715892973299 0.014494589836023669 0.052336478131443188 0.12262510949150277 -0.0091866701490871637 0.063731045457763133 -0.065216204775712022 0.0077117771317620452 0.087294675816851242 -0.03046347589774728 0.10783982981798818 -0.060093344650493923 0.10141049011462454 0.0030331741344134236 -0.075686832306267562 0.034821988512926901 0.0059349820649127784 0.066568734384266484 0.0088144397411412789 -0.10387643723084086 0.023112327965501393 -0.045621717978726377 0.026012567704548014 -0.09155861244999329 -0.096451232792794675 0.073488485950958207
leaf_weight=15.645479079714276 3411.0295698656701 19.055743751116097 3.3966966355219474 4.4038951611146322 4.6335132829844978 7.1052652066573492 6.0544900977984062 4.3425997877493483 11.733440034091478 3.5631586760282508 21.691086522303525 19.509762268047783 4.2721856823191073 11.013487389311193 10.90635825134814 7.0897354837507001 6.2625584974884978 7.327133346349 13.509853968396785 5.7375219422392538 7.9265130534768096 4.0582122467458239 4.0861238082870823 4.2769823577255011 5.5882666688412428 9.4992992188781482 4.9884084351360789 8.1822165776975435 8.0671166796237213 5.7920420616865149
leaf_count=6199 16306 954 20 28 19 37 33 20 52 23 120 100 28 41 45 31 22 30 59 23 36 18 24 36 24 51 20 52 41 21
internal_value=0.000547049 -0.0382439 0.000918277 -0.00625625 -0.00473141 -0.0375613 -0.00132367 0.00859019 0.00274215 -0.0209916 -0.0343718 -0.0143887 -0.00629285 0.0184398 0.0295891 0.00403624 0.0293008 0.0571928 -0.0224751 0.00714319 -0.0461741 -0.0447581 -0.0111188 -0.0488169 0.0666276 -0.0153301 0.0821592 -0.0638509 -0.0666835 0.0227693
internal_weight=3660.75 34.7012 3626.05 215.018 210.614 19.8059 190.808 108.487 98.5564 39.2352 33.1808 82.3209 70.742 59.3211 48.3076 25.0857 17.996 23.2219 45.4402 19.509 29.6176 25.9312 12.4213 8.36311 9.93087 15.2368 15.8948 11.5789 12.7006 25.3018
internal_count=24513 7153 17360 1054 1026 97 929 497 453 212 179 432 360 241 200 105 74 95 239 102 156 137 78 60 44 74 65 72 60 121
is_linear=0
shrinkage=0.1


Tree=219
num_leaves=31
num_cat=0
split_feature=10 10 0 10 0 12 13 8 6 9 5 8 9 9 6 8 8 6 11 9 4 3 9 1 8 13 9 2 8 8
split_gain=13.4024 4.29492 2.25249 1.32051 4.22425 1.52506 1.58663 2.14529 1.71875 1.75593 2.38584 3.86095 2.40407 2.12162 1.96041 2.87992 2.6289 2.22491 1.89167 1.52066 1.37988 1.54713 6.93853 1.943 1.78914 2.52837 1.56437 4.26777 3.74299 7.50081
threshold=7.5000000000000009 21.500000000000004 18.500000000000004 19.500000000000004 48.500000000000007 1.5000000000000002 0.23611111111111113 0.15954545454545457 14.500000000000002 190.52561064794503 3.5000000000000004 0.23956521739130437 216.18605442176872 257.88390277777779 8.5000000000000018 0.22016949152542373 0.26500600240096045 9.5000000000000018 3.5000000000000004 216.18605442176872 30.500000000000004 17.500000000000004 181.13210382513662 7.5000000000000009 0.28867521367521365 1.0200000000000002 194.34940741921773 6.5000000000000009 0.22474489795918368 0.26546556122448989
decision_type=2 2 2 2 2 2 2 2 2 2 2 2 2 2 2 2 2 2 2 2 2 2 2 2 2 2 2 2 2 2
left_child=-1 2 -2 20 -5 -6 -7 -8 9 -9 11 -11 -13 14 15 -12 17 -16 19 -19 21 23 24 26 25 -23 28 -28 -4 -30
right_child=1 -3 3 4 5 6 7 8 -10 10 13 12 -14 -15 16 -17 -18 18 -20 -21 -22 22 -24 -25 -26 -27 27 -29 29 -31
leaf_value=-0.075204063263068652 -0.075293557817377191 -0.075237519981855711 0.0049030997044626143 -0.061548863094297482 -0.046893678506936057 0.057412360670369117 -0.071908587634266233 -0.048009631587916823 0.075693041995686022 0.075735842901236236 -0.037219420767415787 0.060264926722974101 -0.05534939634770502 -0.086493946154270307 -0.077032432330830736 0.077381398429244075 -0.080845638906748521 -0.0014203035687358158 -0.039220865938877247 0.080376704549798186 0.037823366129355857 -0.016514077722354793 -0.12028327347460273 0.068511245749089775 -0.046232299831193979 0.092410568519711092 0.0013930146921058229 0.019454022854276817 -0.017908473239805548 0.0033138958533092109
leaf_weight=23.653351301967632 3.896363934967666 7.4758050554664797 550.73552559874952 13.987098135519771 6.8652216969057909 4.8927518352866164 4.0729182427749029 6.9519211761653414 3.0913033485412589 10.152335816062989 3.440927756950261 2.6966250874102098 5.4004717646166682 3.2888277634046963 2.972596785053617 6.045524176210165 5.1757402475923291 4.1261610873043519 3.936195643618702 5.0598360430449247 10.282797537744043 4.173014599829914 5.6040078140795222 4.2978694960474959 3.4503454379737368 4.3549781627953053 883.32710230606608 153.5803929399699 302.19702256470919 370.99768282892182
leaf_count=8175 797 2040 2591 1431 67 41 48 38 26 60 26 18 44 54 18 29 47 26 32 35 142 29 36 28 20 28 4596 848 1393 1750
internal_value=-0.00029873 0.000440573 0.000677384 0.00080149 -0.0109354 -0.00187894 0.00245511 -0.00159378 0.00300028 -0.000792564 0.00548429 0.0346583 -0.0168457 -0.0101538 -0.00199074 0.0358134 -0.018851 0.00108515 0.0187813 0.0436352 0.0012732 0.00110855 -0.0284406 0.00133792 0.0145275 0.0391103 0.00121022 0.0040681 -0.00121096 -0.00621282
internal_weight=2420.18 2396.53 2389.05 2385.16 92.1565 78.1694 71.3041 66.4114 62.3385 59.2472 52.2952 18.2494 8.0971 34.0458 30.757 9.48645 21.2705 16.0948 13.1222 9.186 2293 2282.72 17.5823 2265.14 11.9783 8.52799 2260.84 1036.91 1223.93 673.195
internal_count=24513 16338 14298 13501 2040 609 542 501 453 427 389 122 62 267 213 55 158 111 93 61 11461 11319 113 11206 77 57 11178 5444 5734 3143
is_linear=0
shrinkage=0.1


Tree=220
num_leaves=31
num_cat=0
split_feature=4 0 9 2 6 0 0 10 11 12 0 8 12 9 6 0 7 3 5 8 7 7 0 6 0 9 10 9 9 0
split_gain=15.7806 1.55502 5.61384 1.15943 1.95376 3.36729 1.21706 1.11748 0.964988 2.57519 3.00248 2.96037 3.8154 7.52167 2.92473 3.54339 4.14612 3.03164 2.70364 2.6266 2.56571 3.62091 3.36901 2.46071 4.06819 5.60364 3.67532 2.89868 2.24202 5.19663
threshold=14.500000000000002 43.500000000000007 323.47114845938387 2.5000000000000004 11.500000000000002 40.500000000000007 21.500000000000004 2.5000000000000004 5.5000000000000009 8.5000000000000018 12.500000000000002 0.26365441906653431 6.5000000000000009 274.98851851851856 3.5000000000000004 13.500000000000002 2.5000000000000004 5.5000000000000009 5.5000000000000009 0.32392686804451515 1.5000000000000002 1.0000000180025095e-35 18.500000000000004 7.5000000000000009 23.500000000000004 252.61076388888893 4.5000000000000009 340.02687500000008 354.06578947368428 22.500000000000004
decision_type=2 2 2 2 2 2 2 2 2 2 2 2 2 2 2 2 2 2 2 2 2 2 2 2 2 2 2 2 2 2
left_child=1 8 -3 4 7 -6 -5 -2 -1 11 -11 12 14 -14 15 -10 20 -18 -12 23 21 22 -17 24 25 -13 -26 -25 -16 -30
right_child=3 2 -4 6 5 -7 -8 -9 9 10 18 19 13 -15 28 16 17 -19 -20 -21 -22 -23 -24 27 26 -27 -28 -29 29 -31
leaf_value=-0.00064847881359206055 0.1201339015564829 -0.075711811130150963 0.50660995917884444 0.052556076581173644 0.17614274539879546 -0.076506113550007027 -0.075535596757777254 -0.075403901354398839 -0.070411910596805447 -0.11900908027117219 -0.0026681959088224495 -0.08025071496686198 0.12945129186958912 0.010508082816040737 0.013157263032299169 0.023471059628091411 -0.067758868867380473 0.048203898586984435 -0.091862815825240168 0.016387571194990538 0.12112724331234298 -0.021180101587343 0.12238299116456251 -0.01749478965807947 -0.097781869334538474 0.046079230633834171 0.0043827588160968269 0.084670542997562076 0.030887032053530234 -0.05297430933749056
leaf_weight=1818.5608974050265 0.31273156404495139 4.8139518033713093 0.17144783353433002 0.7599678323604192 1.0814337006304415 1.0299344467930494 30.976263840100728 4.4660965228686109 2.8988817790523163 2.485015043988823 67.22557364590466 5.4019008602481327 8.6757574258372205 13.731367763131855 67.480412607546896 6.6501197014004045 4.8142125639133138 4.2399957084562629 3.5793130840174845 31.946084819734097 6.2259361390024415 5.5150698302313677 7.1415349189192057 8.2867862917482835 12.390920490026476 10.0319218467921 4.9191382324788711 4.1768920347094527 12.320325085893275 18.461891211569309
leaf_count=11428 1 670 11 26 31 173 9120 1084 15 19 436 45 68 73 450 44 27 44 33 210 35 36 41 52 41 87 36 17 89 71
internal_value=-0.00104942 9.8174e-05 -0.0556858 -0.0643956 -0.0272127 0.0528995 -0.0724683 -0.0626077 0.000228914 0.00539935 -0.010969 0.0104975 0.0183316 0.0565614 0.0120212 0.0357862 0.0446871 -0.0134547 -0.00717714 -0.00556148 0.0653049 0.0473036 0.0746892 -0.0210719 -0.0354659 0.00186323 -0.0687489 0.0167434 0.00295524 -0.0194095
internal_weight=2170.77 2132.15 4.9854 38.6264 6.8902 2.11137 31.7362 4.77883 2127.16 308.599 73.2899 235.309 158.156 22.4071 135.748 37.4858 34.5869 9.05421 70.8049 77.1536 25.5327 19.3067 13.7917 45.2076 32.7439 15.4338 17.3101 12.4637 98.2626 30.7822
internal_count=24513 14078 681 10435 1289 204 9146 1085 13397 1969 488 1481 993 141 852 242 227 71 469 488 156 121 85 278 209 132 77 69 610 160
is_linear=0
shrinkage=0.1


Tree=221
num_leaves=31
num_cat=0
split_feature=0 7 2 4 13 9 0 9 8 8 8 9 9 12 6 1 5 9 7 9 12 10 9 13 11 13 8 9 9 13
split_gain=1.78199 1.63875 1.34902 2.66497 2.83317 2.5405 3.30861 3.16526 2.98166 2.8641 6.3244 6.63941 6.02956 3.97795 3.93573 4.22671 3.71191 4.05168 3.59678 3.3666 2.91948 4.34703 2.80148 4.93798 3.51372 2.63491 2.47784 4.29073 5.92556 3.46528
threshold=56.500000000000007 16.500000000000004 4.5000000000000009 21.500000000000004 1.1339285714285716 179.7210300985989 15.500000000000002 182.69305010893248 0.084039548022598873 0.24283374283374284 0.22933743169398904 239.62694122694128 184.86830357142858 11.500000000000002 10.500000000000002 3.5000000000000004 6.5000000000000009 225.86830065359479 -2.4999999999999996 305.17860195360203 8.5000000000000018 4.5000000000000009 308.79244791666673 1.7032967032967035 2.5000000000000004 1.2679425837320577 0.24357284113381675 132.74868154158219 140.8333703703704 1.2899159663865549
decision_type=2 2 2 2 2 2 2 2 2 2 2 2 2 2 2 2 2 2 2 2 2 2 2 2 2 2 2 2 2 2
left_child=2 -2 -1 5 -5 8 -7 -8 -4 10 12 14 -9 16 15 25 20 -18 -19 -14 21 -11 23 24 -22 -12 -6 -28 -29 -30
right_child=1 -3 3 4 26 6 7 9 -10 13 11 -13 19 -15 -16 -17 17 18 -20 -21 22 -23 -24 -25 -26 -27 27 28 29 -31
leaf_value=0.0011859866231851254 -0.076024840779442326 0.14851491308589135 0.11442411228590593 -0.047206366362580965 -0.029870789388233749 0.094824579169279638 -0.068327315723972423 0.14157450214138198 0.0067324023611490015 0.058796811144479461 0.28050400164058037 -0.0066300040704082939 -0.013211192505834735 0.07206663334565272 -0.026143099889533769 0.032154456687173268 -0.028014792591977936 0.012404381986324708 0.1952822738892839 0.042941319933420513 -0.014782667747006076 -0.025252014338243492 -0.14791552851981737 0.066174668052235139 -0.11672129231709004 0.13788829337318129 -0.082493536579309801 0.2747712062902764 0.091572192288395388 -0.050737307553321148
leaf_weight=3053.3501071954379 4.5451363385654977 0.3500650469213723 2.6167653221637002 28.347143649240024 12.884112625266427 3.1245346404612055 8.6143405921757203 2.7499581433366975 146.84930995851755 6.6541465558111659 2.1631302698515373 8.1302339991088939 116.74937830318231 4.7015037599485359 1.584949114359915 2.258916086750105 4.2135323015972954 2.0192480497062206 2.3009292287752032 11.751833674497901 6.09687043447048 81.805297719314694 3.1411033868789664 3.2280848175287238 7.5917742510791868 3.2297653034329414 2.404048580909147 1.1997613359708319 4.2704411813756451 2.8550379192456603
leaf_count=17350 843 3 16 1392 590 15 109 38 1291 28 39 54 1174 53 31 37 60 23 18 53 56 702 11 15 85 26 47 27 168 159
internal_value=0.000325352 -0.0599676 0.0004088 -0.00449884 -0.0258944 -0.00192288 -0.0075075 -0.00865358 0.00861781 -0.0067523 0.00256344 0.0592739 -0.00494042 -0.0181236 0.117283 0.146991 -0.0217462 0.0417564 0.109805 -0.00807587 -0.02674 -0.0189296 -0.0611856 -0.0450815 -0.0713182 0.195093 -0.000310014 0.0351876 0.06917 0.0345516
internal_weight=3541.78 4.8952 3536.89 483.536 51.9605 431.576 282.11 278.985 149.466 270.371 148.618 17.367 131.251 121.752 9.23676 7.65181 117.051 8.53371 4.32018 128.501 108.517 88.4594 20.0578 16.9167 13.6886 5.3929 23.6134 10.7293 8.32524 7.12548
internal_count=24513 846 23667 6317 2383 3934 2627 2612 1307 2503 1452 187 1265 1051 133 102 998 101 41 1227 897 730 167 156 141 65 991 401 354 327
is_linear=0
shrinkage=0.1


Tree=222
num_leaves=31
num_cat=0
split_feature=10 0 8 9 9 2 9 11 3 8 10 11 10 0 13 8 1 4 12 9 4 11 11 12 12 0 13 13 4 0
split_gain=4.72664 3.75379 1.12238 1.29731 1.20336 1.66986 1.74977 1.66764 1.14426 1.75098 2.18543 1.23737 1.15573 1.08618 1.50412 1.17427 1.22953 4.70995 3.81751 1.97091 1.50973 1.35128 1.28438 3.59243 3.74271 4.99718 6.93257 12.7082 6.13865 4.63385
threshold=6.5000000000000009 27.500000000000004 0.25677655677655681 438.77367216117221 272.0478070175439 3.5000000000000004 276.33441919191927 2.5000000000000004 1.0000000180025095e-35 0.22474489795918368 1.0000000180025095e-35 4.5000000000000009 3.5000000000000004 11.500000000000002 1.9285714285714286 0.47722567287784684 6.5000000000000009 21.500000000000004 2.5000000000000004 174.59602204106284 30.500000000000004 2.5000000000000004 4.5000000000000009 8.5000000000000018 5.5000000000000009 47.500000000000007 0.92820512820512835 1.3798076923076925 17.500000000000004 36.500000000000007
decision_type=2 2 2 2 2 2 2 2 2 2 2 2 2 2 2 2 2 2 2 2 2 2 2 2 2 2 2 2 2 2
left_child=1 -1 4 -4 -3 6 -6 -7 -8 12 11 -11 -10 14 -2 16 20 21 -19 -20 22 -18 -15 24 -24 29 28 -28 -27 -26
right_child=13 2 3 -5 5 7 8 -9 9 10 -12 -13 -14 15 -16 -17 17 18 19 -21 -22 -23 23 -25 25 26 27 -29 -30 -31
leaf_value=-0.075160554246645486 -0.078301871641942772 -0.090049343073524676 -0.076974993676657277 0.081053111616174262 0.22597004844091201 0.1303354419948492 0.087633984820855826 -0.0047433092585125328 -0.079535492130534374 0.037518381742772139 -0.081968803573886487 0.19948796127818572 0.063056947743927366 -0.00024838547432282012 0.033340058509247254 -0.04325581163094297 0.10263925221930602 0.045978084086331972 -0.087346484637607358 0.0031374750509689125 -0.038992039899557837 0.0357490615034095 0.0044903016766843018 0.014382069533627776 0.00010823187989738643 0.17206359130711291 -0.0629213909986725 0.12346469990418685 0.033077273425876998 -0.035560136814830279
leaf_weight=14.511441373004343 3.8337836274877182 1.2170645431615437 3.5250583805609486 0.60927871055901039 0.31051789340563019 2.0794779062271114 0.97234393004327913 1.6306693791411815 4.6863398505374771 1.4789811915252364 1.1367612525355069 0.69251460838131595 0.64687086711637665 2554.2857053885236 1.7611391609534619 6.0031328760087481 6.0352408736944216 6.6588905099779394 6.0944500677287561 3.9788933359086514 9.4888531342148763 6.045173779129982 584.65096661448479 249.35637705447152 64.572604547254741 4.2992532849311855 15.246805714443328 4.8128481674939385 12.182804273441432 83.5509890653193
leaf_count=6199 108 52 344 7 5 23 17 31 322 43 65 21 24 12062 32 30 21 37 41 37 129 22 2779 1167 374 19 94 25 76 307
internal_value=0.000521354 -0.0368701 -0.00760368 -0.0536863 0.0052247 0.0137292 -0.00766845 0.0709662 -0.0152148 -0.0267874 0.0303659 0.0891723 -0.0622403 0.00086708 -0.0431598 0.000935177 0.00100864 0.0215836 -0.0127707 -0.051606 0.000843159 0.0691667 0.000948951 0.00395123 0.00057031 -0.0118404 0.0212794 -0.0182024 0.0693311 -0.020011
internal_weight=3656.36 33.4973 18.9859 4.13434 14.8515 13.6345 9.92433 3.71015 9.61381 8.64147 3.30826 2.1715 5.33321 3622.86 5.59492 3617.26 3611.26 28.8126 16.7322 10.0733 3582.45 12.0804 3572.96 1018.67 769.316 184.665 36.5417 20.0597 16.4821 148.124
internal_count=24513 7153 954 351 603 551 497 54 492 475 129 64 346 17360 140 17220 17190 158 115 78 17032 43 16903 4841 3674 895 214 119 95 681
is_linear=0
shrinkage=0.1


Tree=223
num_leaves=31
num_cat=0
split_feature=10 10 0 10 7 8 0 11 2 9 9 8 6 4 8 11 2 8 8 13 4 3 9 9 0 8 8 0 9 0
split_gain=12.4101 3.96447 2.08208 1.23516 4.09073 5.48599 5.18691 5.90146 4.25441 4.42053 6.197 4.4912 4.04332 3.78829 3.74588 3.61656 3.56087 3.51297 3.70995 3.80949 5.71245 4.96908 4.11875 3.94595 4.832 5.30785 4.85164 3.99228 3.87532 3.42819
threshold=7.5000000000000009 21.500000000000004 18.500000000000004 14.500000000000002 2.5000000000000004 0.12034482758620692 39.500000000000007 2.5000000000000004 9.5000000000000018 158.94392883686365 175.35273550724642 0.24165739710789766 14.500000000000002 19.500000000000004 0.30079365079365078 4.5000000000000009 7.5000000000000009 0.29289318755256516 0.29128787878787882 0.94427244582043357 18.500000000000004 11.500000000000002 249.61267361111115 193.04488854057823 41.500000000000007 0.20156250000000003 0.17817460317460312 44.500000000000007 232.97789855072466 53.500000000000007
decision_type=2 2 2 2 2 2 2 2 2 2 2 2 2 2 2 2 2 2 2 2 2 2 2 2 2 2 2 2 2 2
left_child=-1 2 -2 29 8 -6 7 -7 9 11 12 -5 -11 -13 17 16 -12 18 19 20 21 28 -22 24 -21 26 -26 -27 -8 -4
right_child=1 -3 3 4 5 6 14 -9 -10 10 15 13 -14 -15 -16 -17 -18 -19 -20 23 22 -23 -24 -25 25 27 -28 -29 -30 -31
leaf_value=-0.075189397111697476 -0.075272122913009887 -0.0752201705622072 0.0024132465554224328 0.00056343181505704278 -0.086051265875766877 -0.10379247402947665 -0.068824669632893035 -0.0089360332958624191 -0.096306020155635719 -0.033698368134692125 0.0072052394791652687 0.15244837470806252 0.058364986379737596 0.040791078982406845 0.021706439488722463 -0.0069148387447658935 0.050152426357413252 -0.066820427979949776 0.095691310564542928 0.079566978697569013 -0.015168326052862844 -0.16416386248753551 0.087532958549658146 0.01921478380170635 -0.016921223995185187 -0.056815505345954732 -0.11854858254944373 0.01299808691400673 0.03730519333382655 0.059520744221535804
leaf_weight=21.94018056706409 3.6130478200502685 6.9194690599106243 1216.4246562812477 11.850879017263653 9.3762007942423207 11.77950261346996 14.905851645395165 14.798761867918072 4.349984733387827 64.582097766455263 478.1649973297026 5.1332156611606461 5.1509980559349051 7.4464087951928377 45.107364854775369 202.30174321192317 20.117980116978288 10.252839988097547 3.4611297752708188 5.0862332694232455 92.260506247170269 4.2123148106038562 4.0775144584476939 71.058814508840442 9.6484992261976021 10.684659799560903 9.1545024998486024 35.097736505791545 4.4730593552812925 10.603472189977763
leaf_count=8175 797 2040 6133 57 47 45 72 57 26 290 3223 20 24 33 240 1378 109 50 16 17 557 19 23 408 68 37 55 244 29 224
internal_value=-0.000323331 0.000363337 0.000582607 0.000697686 -0.00165008 -0.0105753 -0.0085303 -0.0509765 0.0023198 0.00285962 0.00153145 0.0447381 -0.0268979 0.0863537 -0.00499912 0.00436118 0.00893922 -0.00938955 -0.00716015 -0.00852585 -0.0216215 -0.0657249 -0.0108215 0.00263417 -0.0142766 -0.021667 -0.0663999 -0.00329495 -0.0443277 0.00290675
internal_weight=2414.03 2392.09 2385.17 2381.56 1154.53 355.435 346.059 26.5783 799.098 794.748 770.318 24.4305 69.7331 12.5796 319.481 700.585 498.283 274.374 264.121 260.66 119.929 23.5912 96.338 140.73 69.6716 64.5854 18.803 45.7824 19.3789 1227.03
internal_count=24513 16338 14298 13501 7144 1984 1937 102 5160 5134 5024 110 314 53 1835 4710 3332 1595 1545 1529 700 120 580 829 421 404 123 281 101 6357
is_linear=0
shrinkage=0.1


Tree=224
num_leaves=31
num_cat=0
split_feature=4 0 9 2 6 6 9 13 0 10 0 9 12 11 13 8 12 9 7 8 6 6 6 7 7 12 8 11 6 11
split_gain=14.5406 1.42502 4.55819 1.12969 1.75654 2.70144 4.19496 1.18975 1.15072 1.02165 0.912404 0.966483 3.7655 2.88881 3.43259 3.57275 3.49747 5.20666 2.72225 2.56164 2.69631 1.85694 4.70634 4.25447 3.11459 4.14692 3.28143 2.6701 5.21449 4.06966
threshold=14.500000000000002 43.500000000000007 331.21638095238103 2.5000000000000004 11.500000000000002 12.500000000000002 201.06271668087527 1.9285714285714286 21.500000000000004 2.5000000000000004 8.5000000000000018 406.13259259259263 1.5000000000000002 1.0000000180025095e-35 0.84962406015037606 0.20794025157232701 3.5000000000000004 438.77367216117221 -3.4999999999999996 0.24807692307692308 4.5000000000000009 7.5000000000000009 6.5000000000000009 -6.4999999999999991 -3.4999999999999996 7.5000000000000009 0.10889328063241101 3.5000000000000004 2.5000000000000004 4.5000000000000009
decision_type=2 2 2 2 2 2 2 2 2 2 2 2 2 2 2 2 2 2 2 2 2 2 2 2 2 2 2 2 2 2
left_child=1 10 -3 4 9 6 -6 -7 -5 -2 -1 -12 19 -14 15 16 -15 -18 -17 20 -13 22 24 -23 25 -16 -26 28 -28 -29
right_child=3 2 -4 8 5 7 -8 -9 -10 -11 11 12 13 14 21 18 17 -19 -20 -21 -22 23 -24 -25 26 -27 27 29 -30 -31
leaf_value=0.040894071052188036 0.11500221697592661 -0.075698768059422883 0.40290347244312597 0.046352211456067577 0.4231381424399609 -0.077601264420647464 -0.075814902765183254 0.13785726372797164 -0.075518159446067726 -0.075377191926856421 0.00071552793735009553 -0.048518896364327581 0.030522492065048586 -0.091657238221561521 -0.10820992655087386 -0.018987437550734683 0.064103715487368193 -0.07749911248532744 0.050317359233718655 0.094296033438618865 0.054034325790858123 -0.014588875187181159 0.051867886517137043 -0.15904124028400207 -0.11084532443124079 0.015805744812163756 -0.069692205647700983 -0.096750080157341642 0.044673586056927402 -0.0092279374254840615
leaf_weight=5.5038390951231113 0.30246257781982322 4.5296536124078548 0.20813905890099693 0.79624626273289578 0.39605261909309808 1.1384285337990148 0.29328277579043061 0.33074718713760365 28.727581318118609 4.141896961897146 1969.4471605117433 4.5288406917825323 13.675103299319742 6.0900629386305836 10.250824349932364 8.3540155440568942 6.0600439021363837 4.5434961849823594 17.624876369256526 5.4156536776572457 5.9083854816854 4.8835806902498007 7.1341284550726405 3.5002732481807453 3.824642473831779 3.6586901992559424 5.5156418439000872 7.6718338769860592 14.382686520926653 17.277697268873453
leaf_count=34 1 672 9 26 17 139 47 1 9120 1084 12407 28 97 33 51 45 44 41 106 39 37 33 40 20 30 30 35 50 88 109
internal_value=-0.000957925 0.000109103 -0.054673 -0.0638687 -0.0264761 0.0475338 0.210855 -0.0290963 -0.0722314 -0.0624208 0.000231228 0.000125649 -0.00760377 -0.0130389 -0.0179714 0.00483618 -0.0312601 0.00342852 0.0280311 0.0384912 0.00953522 -0.030433 -0.0250858 -0.074898 -0.0338582 -0.0755895 -0.0219324 -0.0143498 0.0129724 -0.0361405
internal_weight=2166.12 2129.99 4.73779 36.1267 6.60287 2.15851 0.689335 1.46918 29.5238 4.44436 2125.25 2119.75 150.3 134.448 120.772 42.6725 16.6936 10.6035 25.9789 15.8529 10.4372 78.1 69.7161 8.38385 62.582 13.9095 48.6725 44.8479 19.8983 24.9495
internal_count=24513 14078 681 10435 1289 204 64 140 9146 1085 13397 13363 956 852 755 269 118 85 151 104 65 486 433 53 393 81 312 282 123 159
is_linear=0
shrinkage=0.1


Tree=225
num_leaves=31
num_cat=0
split_feature=0 3 8 7 8 9 9 13 4 11 6 12 9 8 4 12 7 0 11 12 9 12 12 13 4 10 7 9 11 10
split_gain=1.62472 1.49717 1.29104 3.05922 4.0908 4.06949 5.65092 4.62282 4.04847 4.19154 3.97337 4.85214 4.87534 4.37139 7.60663 3.82476 3.66832 5.36029 6.44148 3.57644 3.51199 3.90351 3.34249 3.27333 2.94909 2.94739 2.93716 4.21393 2.58741 2.5694
threshold=56.500000000000007 21.500000000000004 0.12599206349206346 1.0000000180025095e-35 0.11583184257602856 301.53472222222229 277.57591431556955 1.6515151515151518 2.5000000000000004 3.5000000000000004 4.5000000000000009 5.5000000000000009 253.65381720430108 0.088562091503267909 5.5000000000000009 2.5000000000000004 -5.4999999999999991 24.500000000000004 4.5000000000000009 8.5000000000000018 322.07002314814821 7.5000000000000009 5.5000000000000009 1.7032967032967035 6.5000000000000009 1.0000000180025095e-35 7.5000000000000009 181.13210382513662 2.5000000000000004 6.5000000000000009
decision_type=2 2 2 2 2 2 2 2 2 2 2 2 2 2 2 2 2 2 2 2 2 2 2 2 2 2 2 2 2 2
left_child=2 -2 3 4 10 6 7 26 -6 20 13 16 19 14 29 -7 17 -12 -19 -13 21 -10 -15 -11 -16 -14 -5 -28 -8 -1
right_child=1 -3 -4 5 8 15 28 -9 9 23 11 12 25 22 24 -17 -18 18 -20 -21 -22 -23 -24 -25 -26 -27 27 -29 -30 -31
leaf_value=-0.085236160437475186 -0.075951097308230409 0.13852686371912393 0.0010016865712840241 -0.035313541249178342 0.085908626820875078 -0.12369246479241336 0.12046361484044366 0.071738085174060745 -0.10931281798573754 0.014998716655418699 -0.075376668960229584 0.02257404548479661 0.11801030711814962 0.10285662645301259 0.13600552571184021 -0.032568265998816612 -0.034770576852409432 0.080183307484212832 -0.050957363008346246 -0.090776609490209631 -0.0060113931403918078 0.016295398426336493 0.028402950861139309 -0.072601896777196126 0.033050205530508261 0.030472961421235786 0.11142888554971189 -0.02695293635572904 0.020873700584026395 -0.0076845107440947956
leaf_weight=5.7028973177075413 4.2060279072611584 0.35276318294927467 3197.941417136346 55.505882232682779 3.2194986613467327 6.1090305540710714 4.086024818941949 5.1638708142563692 13.405417086090898 21.535219172481451 5.1853204462677267 5.5348827249836159 4.41177924722433 11.002446833066644 4.4477876648306829 18.723171452060342 47.179441039916128 12.298844693228604 5.3856697389855972 5.5997959328815341 8.2003170829266292 3.0340849505737415 13.341131679713724 5.3191381855867794 7.4296592362225056 30.012398266233504 3.5322268130257708 5.8368249139748514 7.2156954314559698 17.029196754097939
leaf_count=95 842 4 21604 385 19 28 25 28 84 136 49 38 21 72 27 103 290 53 22 44 45 25 76 29 38 168 38 35 34 56
internal_value=0.000305627 -0.0593546 0.000382601 -0.00551936 0.00097926 -0.0195528 -0.00873556 -0.0193234 -0.0228797 -0.0296813 0.00845751 -0.00231618 0.023087 0.0295849 0.00674731 -0.054986 -0.018838 0.0140303 0.0402455 -0.0344317 -0.0594662 -0.0861305 0.0620534 -0.00235265 0.0716042 0.0416917 -0.0265717 0.0252184 0.0568794 -0.0271402
internal_weight=3537.95 4.55879 3533.39 335.448 229.275 106.173 81.3405 70.0388 54.7137 51.4942 174.561 115.608 45.5589 58.9531 34.6095 24.8322 70.0493 22.8698 17.6845 11.1347 24.6398 16.4395 24.3436 26.8544 11.8774 34.4242 64.8749 9.36905 11.3017 22.7321
internal_count=24513 846 23667 2063 1387 676 545 486 338 319 1049 685 271 364 216 131 414 124 75 82 154 109 148 165 65 189 458 73 59 151
is_linear=0
shrinkage=0.1


Tree=226
num_leaves=31
num_cat=0
split_feature=10 0 10 9 12 9 9 9 11 11 0 6 9 8 8 9 9 8 6 9 8 10 0 8 6 8 12 7 11 12
split_gain=4.24898 3.59681 1.0423 1.27827 4.73941 1.2495 1.48544 3.38544 3.1408 2.6066 3.21645 2.97325 2.58739 2.45091 2.33672 2.29769 1.8077 1.98501 1.74669 1.72344 1.52283 1.08283 6.51789 2.22889 3.25069 4.28592 2.46138 4.067 3.74545 3.90474
threshold=6.5000000000000009 27.500000000000004 7.5000000000000009 429.55389610389619 2.5000000000000004 410.52061403508782 315.80716911764711 320.93597105508877 1.0000000180025095e-35 4.5000000000000009 19.500000000000004 5.5000000000000009 212.73000140291811 0.12262799856784816 0.34654631083202514 198.92840654608099 248.44102472089318 0.23956521739130437 2.5000000000000004 278.67845138888896 0.41588050314465413 19.500000000000004 36.500000000000007 0.20550527903469076 12.500000000000002 0.26365441906653431 3.5000000000000004 -7.4999999999999991 5.5000000000000009 8.5000000000000018
decision_type=2 2 2 2 2 2 2 2 2 2 2 2 2 2 2 2 2 2 2 2 2 2 2 2 2 2 2 2 2 2
left_child=1 -1 5 21 -5 6 8 -8 16 11 13 14 15 -11 -9 18 17 -2 -10 -18 -14 -4 23 26 -25 -26 -23 -28 29 -29
right_child=2 -3 3 4 -6 -7 7 9 12 10 -12 -13 20 -15 -16 -17 19 -19 -20 -21 -22 22 -24 24 25 -27 27 28 -30 -31
leaf_value=-0.075148996901810608 0.051441101339661448 -0.0073143622198373727 0.0017017556460005624 0.093148308891952858 -0.033062362320591725 -0.061641160471175765 0.14697834280761957 -0.068792328049323878 0.067019593356274318 0.10880511037610899 0.1254832353277677 0.074717121857261357 -0.057483762653603346 -0.077922843748204768 0.044358401216360539 0.10838085587719824 0.1416968637851703 -0.086211828334676902 -0.078815142990567938 0.0129909754397946 0.0462823782061796 -0.054401662106680473 0.00037274612307859362 -0.062783017954613218 -0.079926812444695974 0.11601115996536107 -0.079134948440681946 0.12895954196478096 -0.083989751997053441 -0.014043179770425433
leaf_weight=13.45706997354864 2.2549951458349806 18.648544874275103 2940.569489846006 6.3148647062480432 5.6261006966233253 4.6791795771569005 1.7303326912224317 8.8728663660585898 1.3124257773160963 1.0453315209597343 3.1676758266985416 2.5208375826477996 21.554558201693002 2.1459617642685771 2.2977640219032756 2.081864545121789 2.1834982875734568 1.9565302841365335 2.1946239788085222 1.987319312058389 1.5136079723015416 7.8163934871554401 548.27971064299345 30.319234716705978 2.0233984543010584 2.4903794825077057 3.3469446729868659 5.2135316608473605 1.7640994810499258 3.0128761450760067
leaf_count=6199 35 954 12186 32 50 88 23 163 16 13 24 39 383 57 29 27 20 18 42 26 19 225 2393 985 51 44 105 132 40 95
internal_value=0.000471586 -0.0357473 0.000792784 0.0010195 0.0336829 -0.0119062 -0.00794975 0.0127736 -0.020136 0.00119189 0.0540981 -0.0233803 -0.0358851 -0.0167587 -0.0455176 0.025161 0.033706 -0.0125077 -0.0242401 0.0803708 -0.0506752 0.000909472 -0.00294606 -0.0354471 -0.050996 0.0281777 -0.00984346 0.0162698 0.0482316 0.0765856
internal_weight=3652.38 32.1056 3620.28 3556.78 11.941 63.4994 58.8202 21.7808 37.0394 20.0504 6.35897 13.6915 28.6571 3.19129 11.1706 5.58891 8.38234 4.21153 3.50705 4.17082 23.0682 3544.84 604.267 55.9869 34.833 4.51378 21.1538 13.3375 9.99051 8.22641
internal_count=24513 7153 17360 16338 82 1022 934 348 586 325 94 231 487 70 192 85 99 53 58 46 402 16256 4070 1677 1080 95 597 372 267 227
is_linear=0
shrinkage=0.1


Tree=227
num_leaves=31
num_cat=0
split_feature=10 10 0 10 0 7 13 0 9 5 1 12 8 11 3 12 2 2 6 2 10 3 9 9 9 12 13 5 3 8
split_gain=11.503 3.67103 1.92429 1.23685 3.46621 2.93186 3.49792 2.31113 1.97505 1.86626 2.04571 2.11107 2.19043 2.54047 2.90202 2.16732 3.37291 3.70633 3.30532 3.44847 2.90523 3.69687 2.78851 2.46273 4.64951 3.19521 3.97586 2.93563 3.83029 3.90974
threshold=7.5000000000000009 21.500000000000004 18.500000000000004 18.500000000000004 41.500000000000007 -9.4999999999999982 0.62828947368421062 61.500000000000007 162.93484848484852 1.5000000000000002 5.5000000000000009 1.5000000000000002 0.14670014347202293 1.0000000180025095e-35 12.500000000000002 2.5000000000000004 6.5000000000000009 3.5000000000000004 10.500000000000002 2.5000000000000004 19.500000000000004 4.5000000000000009 220.66197916666667 206.07898769913291 206.81703703703704 3.5000000000000004 0.84962406015037606 9.5000000000000018 9.5000000000000018 0.29805897723030988
decision_type=2 2 2 2 2 2 2 2 2 2 2 2 2 2 2 2 2 2 2 2 2 2 2 2 2 2 2 2 2 2
left_child=-1 2 -2 7 5 6 -5 -4 -7 -6 11 12 -11 -14 -15 16 17 18 19 20 -13 -22 -19 -17 -25 26 -26 28 29 -27
right_child=1 -3 3 4 9 8 -8 -9 -10 10 -12 15 13 14 -16 23 -18 22 -20 -21 21 -23 -24 24 25 27 -28 -29 -30 -31
leaf_value=-0.075176010314479291 -0.075252008980329146 -0.075204021881243865 0.0013767104098674045 0.29435329139921479 0.030803401899036839 0.15061487619425917 -0.076735375518763763 0.076890016741634329 -0.06655068431060715 0.0619510191988124 0.036776698134731049 0.18407012863562061 0.029189119615863075 -0.036029281718589067 -0.12733668959323935 -0.020437211677950123 -0.043208409409859753 0.11145862888420624 -0.10873989998041451 -0.051664005349662825 0.18965091983541221 -0.092720907432394278 0.023321961013573395 0.14114800291865581 0.020465342100056124 0.0030079384995440237 -0.083628314687256164 -0.093987045139638736 0.032003332118922728 -0.067628683698214384
leaf_weight=20.345676931261551 3.3452740514185271 6.4161860498134038 2067.4280768509489 0.52473476040177292 15.697003651177509 0.43072583852335711 0.49234634940512478 4.060968864709138 15.111707838950677 2.2861776619683978 11.430628219619392 1.7574834749102648 4.4164878129959133 17.807804218726236 4.3265853533521286 81.885303150629625 6.3249571416527024 7.7719126427546126 2.4886443235445768 3.1478890338912606 0.72161320503801141 1.2970022330991922 6.670874172821641 2.3527593221515408 5.9934375982265911 53.223564216634259 9.4622533230576646 2.8907869858667246 40.823633743450046 9.1886947066523117
leaf_count=8175 797 2040 10303 32 109 7 75 138 702 21 52 7 34 167 22 486 31 44 36 26 29 28 40 13 84 613 84 20 186 112
internal_value=-0.000302361 0.000335086 0.000538443 0.000644972 -0.00526199 -0.0497686 0.114718 0.00152475 -0.0605324 -0.0027377 -0.00464343 -0.00643116 -0.0319724 -0.0400598 -0.053877 -0.00331026 0.0217155 0.0389292 -0.00989648 0.0256302 0.0900653 0.00822117 0.0707498 -0.00697989 0.0019115 -0.000782884 -0.0432627 0.00540363 0.00818675 -0.00739159
internal_weight=2410.12 2389.78 2383.36 2380.01 308.525 16.5595 1.01708 2071.49 15.5424 291.965 276.268 264.838 28.8371 26.5509 22.1344 236.001 30.1804 23.8554 9.41263 6.92399 3.7761 2.01862 14.4428 205.82 123.935 121.582 15.4557 106.127 103.236 62.4123
internal_count=24513 16338 14298 13501 3060 816 107 10441 709 2244 2135 2083 244 223 189 1839 241 210 126 90 64 57 84 1598 1112 1099 168 931 911 725
is_linear=0
shrinkage=0.1


Tree=228
num_leaves=31
num_cat=0
split_feature=4 0 7 10 1 12 12 10 2 6 0 0 10 10 0 8 9 0 11 13 13 12 8 11 9 11 8 5 2 9
split_gain=13.3895 1.32387 3.66123 5.4756 2.80966 4.18465 6.21687 2.01776 1.08372 1.56189 2.19541 1.09462 0.95727 6.344 3.24283 2.79299 4.5148 2.59008 2.21549 2.35131 2.50837 2.09736 1.98388 3.53475 3.08254 4.96252 3.28773 1.93482 3.62861 1.86915
threshold=14.500000000000002 41.500000000000007 -7.4999999999999991 22.500000000000004 1.0000000180025095e-35 4.5000000000000009 8.5000000000000018 11.500000000000002 2.5000000000000004 11.500000000000002 40.500000000000007 21.500000000000004 19.500000000000004 8.5000000000000018 22.500000000000004 0.3626692456479691 238.77703656462589 36.500000000000007 2.5000000000000004 0.78888888888888908 0.89444444444444449 1.5000000000000002 0.3246621621621622 1.0000000180025095e-35 274.98851851851856 2.5000000000000004 0.34654631083202514 2.5000000000000004 1.5000000000000002 251.58103038936375
decision_type=2 2 2 2 2 2 2 2 2 2 2 2 2 2 2 2 2 2 2 2 2 2 2 2 2 2 2 2 2 2
left_child=1 12 3 4 -3 -6 -7 -4 9 -2 -11 -10 13 17 15 18 -17 -1 -15 -20 -21 -22 29 -24 25 26 -25 -26 -29 -14
right_child=8 2 7 -5 5 6 -8 -9 11 10 -12 -13 22 14 -16 16 -18 -19 19 20 21 -23 23 24 27 -27 -28 28 -30 -31
leaf_value=0.00046274979066533565 -0.062475086352088316 -0.076984420188474997 0.14291028012599888 0.39313469398299222 -0.077931834105049655 0.45008698103421074 -0.076725294869357891 -0.076655435070843866 0.041148931901077414 0.12568736776784334 -0.076337828512741485 -0.075509435011991727 0.023714944778034507 -0.070217036128031485 -0.076788219440719507 -0.099523343692894839 0.088841105021603195 -0.082050466354567489 -0.09162661817896324 0.13047711564634853 0.085373141633493632 -0.024008283058916481 -0.098245834183639857 -0.056270343327170846 0.066906491844707802 -0.11054239083160183 0.068877368628559671 -0.034102416052691958 0.074752393429134104 0.0038312530789199831
leaf_weight=1631.5898246380966 4.1258920879336065 1.8252732388209549 0.43959292769431968 0.41444527730345715 0.72348385606892385 0.56759717920795083 0.37004787195473909 8.7405461355810967 0.82937872875482099 1.2929621967487039 0.92110569868236769 26.62726253044093 55.085408932296559 10.438856786815451 13.848620960721744 1.7283942038193334 4.8235967271029949 3.8131205961108199 3.2493007779121426 1.3789832820184553 2.0074911154806605 13.828874089755116 4.7023506741970769 4.0629936270415765 5.9911415409296778 6.0217153443954876 4.3430733010172844 9.9847118239849788 4.4169443305581799 333.52622564788908
leaf_count=9124 1085 114 4 3 43 33 27 805 26 31 173 9120 435 173 979 34 32 44 50 28 25 186 26 19 26 41 23 49 24 1731
internal_value=-0.000931997 5.98411e-05 -0.031655 0.0495043 0.00865535 0.102758 0.242177 -0.0661415 -0.0633807 -0.0261156 0.04164 -0.0719856 0.000256008 -0.000815878 -0.0354415 -0.0201542 0.0391512 0.000270361 -0.0327278 -0.0136048 0.00112133 -0.0101426 0.00447888 -0.0168663 -0.00587643 -0.0412497 0.0083884 0.0191499 -0.000716976 0.00664975
internal_weight=2161.72 2127.92 13.081 3.90085 3.4864 1.66113 0.937645 9.18014 33.7966 6.33996 2.21407 27.4566 2114.84 1686.71 51.3041 37.4555 6.55199 1635.4 30.9035 20.4646 17.2153 15.8364 428.135 39.5229 34.8206 14.4278 8.40607 20.3928 14.4017 388.612
internal_count=24513 14078 1029 220 217 103 60 809 10435 1289 204 9146 13049 10675 1507 528 66 9168 462 289 239 211 2374 208 182 83 42 99 73 2166
is_linear=0
shrinkage=0.1


Tree=229
num_leaves=31
num_cat=0
split_feature=0 7 0 10 8 8 9 11 12 13 11 12 12 9 4 12 3 4 13 8 9 1 12 3 3 8 7 13 12 5
split_gain=1.4896 1.3612 1.18503 9.72313 1.77139 6.05742 3.35336 3.38059 3.64163 3.87672 3.08397 5.2666 4.96104 3.12987 3.40975 3.07593 3.00758 3.97412 3.91182 3.62428 4.29694 2.6316 2.57891 2.44275 3.91086 4.24702 3.74285 3.54762 2.99322 2.91279
threshold=56.500000000000007 16.500000000000004 43.500000000000007 18.500000000000004 0.23145604395604394 0.23845060412224586 280.60027777777782 5.5000000000000009 2.5000000000000004 0.75595238095238104 1.5000000000000002 1.5000000000000002 9.5000000000000018 243.40676843317974 7.5000000000000009 1.5000000000000002 4.5000000000000009 13.500000000000002 0.78888888888888908 0.29805897723030988 214.79775432900436 1.5000000000000002 3.5000000000000004 2.5000000000000004 3.5000000000000004 0.16807909604519775 -1.4999999999999998 0.21111111111111114 9.5000000000000018 4.5000000000000009
decision_type=2 2 2 2 2 2 2 2 2 2 2 2 2 2 2 2 2 2 2 2 2 2 2 2 2 2 2 2 2 2
left_child=2 -2 -1 -4 6 -6 7 23 -9 -10 12 21 15 -13 -15 -7 -17 -18 -19 20 -20 -12 -16 -5 -25 26 28 -27 29 -26
right_child=1 -3 3 4 5 10 -8 8 9 -11 11 13 -14 14 22 16 17 18 19 -21 -22 -23 -24 24 25 27 -28 -29 -30 -31
leaf_value=0.00092445666317948197 -0.075889289628381207 0.12934693524817534 -0.056418270142723548 0.025562101407528043 0.081481937343676425 -0.062402813813030755 0.032647735449865378 0.090525140379398628 0.056514291969080026 -0.06523607873096797 0.098541487731647281 0.0029808149823323873 0.10634887691767847 0.045126681711045412 -0.080517832840779235 0.085293422692789334 -0.091316562324059672 -0.051831978465879294 0.0067895057156719188 -0.023706543156768085 0.14584608197071453 0.0049889612005117592 -0.02585242648960269 -0.084255371672560642 0.084853146893091272 0.08188460524097281 -0.031410437695196823 -0.03590079304419326 0.12306063587880248 -0.018146876451984536
leaf_weight=3189.8093317244202 3.9011475263396269 0.35234550479799498 33.52234920009505 10.864230215549467 10.371908265165983 4.8964558383449903 18.126398276537657 6.0720876511186388 5.0288861319422704 5.449243220500648 6.6225467473268491 52.248713339678943 6.4966907361522308 5.0080270171165457 12.335732783190904 6.1474645584821728 3.5130197405815151 4.8797566080465939 3.7980747167021018 4.2378787631168953 5.355590121820569 5.507310594432056 28.727837750688195 9.8348700255155546 4.4974327310919779 2.6640301123261443 9.7815369665622693 63.728934892918915 3.9249624237418166 7.0485978610813618
leaf_count=18117 843 3 3781 37 74 28 67 33 24 36 28 350 36 21 54 22 13 34 37 31 23 34 130 35 18 10 89 446 20 39
internal_value=0.000254454 -0.0588882 0.000325708 -0.00528024 0.000300636 0.00757675 -0.00762508 -0.0132886 0.0289056 -0.00680306 0.00245882 -0.00610339 0.0265071 -0.0137733 -0.0327737 0.0107065 0.0235226 0.00609104 0.0248196 0.0527507 0.0881482 0.0560659 -0.0422742 -0.0195045 -0.0243292 -0.0178983 0.0170073 -0.0311746 0.0476194 0.0219739
internal_weight=3534.75 4.25349 3530.5 340.691 307.168 160.147 147.021 128.895 16.5502 10.4781 149.775 110.45 39.3249 98.3203 46.0716 32.8282 27.9318 21.7843 18.2713 13.3915 9.15366 12.1299 41.0636 112.345 101.48 91.6455 25.2525 66.393 15.471 11.546
internal_count=24513 846 23667 5550 1769 915 854 787 93 60 841 617 224 555 205 188 160 138 125 91 60 62 184 694 657 622 166 456 77 57
is_linear=0
shrinkage=0.1


Tree=230
num_leaves=31
num_cat=0
split_feature=10 0 7 6 11 5 13 13 10 0 7 8 0 13 12 4 8 9 3 9 8 8 9 6 10 8 1 2 8 7
split_gain=3.77476 3.48759 1.05087 3.62282 2.65582 1.85531 1.86179 2.52649 1.20108 5.50142 2.19535 2.78503 3.63573 2.87806 4.29883 4.53728 3.38646 3.43854 3.76444 3.53417 2.34552 2.39176 2.34451 2.28034 3.99874 4.75307 2.96751 2.53362 3.91027 3.75918
threshold=6.5000000000000009 27.500000000000004 -11.499999999999998 13.500000000000002 1.0000000180025095e-35 6.5000000000000009 0.43650793650793651 1.297058823529412 20.500000000000004 32.500000000000007 -6.4999999999999991 0.32529069767441865 45.500000000000007 1.1339285714285716 1.5000000000000002 11.500000000000002 0.17165178571428572 255.71382275132285 4.5000000000000009 299.36122922776156 0.13597842835130966 0.17047223663725999 266.96449683321617 13.500000000000002 21.500000000000004 0.23368794326241135 1.5000000000000002 1.5000000000000002 0.21595124536301008 -7.4999999999999991
decision_type=2 2 2 2 2 2 2 2 2 2 2 2 2 2 2 2 2 2 2 2 2 2 2 2 2 2 2 2 2 2
left_child=1 -1 3 -2 -5 -6 -7 -8 -4 -10 23 13 -13 16 15 -15 17 -12 19 -19 -16 22 -22 26 25 -25 27 28 -11 -30
right_child=2 -3 8 4 5 6 7 -9 9 10 11 12 -14 14 20 -17 -18 18 -20 -21 21 -23 -24 24 -26 -27 -28 -29 29 -31
leaf_value=-0.075138320967106265 0.10669520726373168 -0.0067798383869283095 0.0011776252269612682 -0.072630774366131315 -0.049736254218971931 0.097301511839801277 -0.021318170411192581 0.077373181819770265 -0.063452450360733131 0.011755717006947042 -0.082051312981012647 -0.076452663771242046 0.061105687338374237 0.01726781557210836 0.10420763266978668 -0.13011384391336786 0.0051049822286860164 0.079458714647171941 -0.079611640533886266 -0.054543779987245383 -0.091996318751744188 0.032891136886412285 0.027867359738701827 0.042301970964742683 0.082149063414231907 -0.099275857362120842 0.021794713610862396 -0.061216956442323001 -0.021019458612929302 -0.099083872777296883
leaf_weight=12.486544231534937 4.1297981874085989 18.552916707005352 3263.9059009626508 3.7018002243712571 3.1148868668824461 3.6379418005235484 7.0630470844916982 4.0995057369582355 15.436182278674094 25.043526012450457 9.8825576212257165 8.4866172475740296 2.4837225079536429 4.9947630427777749 4.0929948538541785 3.5903927832841873 98.646309310570359 5.7831279495730978 4.3872600607573977 2.9835515562444925 3.2162883952260009 54.127944533713162 3.3124886071309447 5.3933183141052741 6.3786777583882204 4.2319491393864155 14.143613778986035 17.701369795016944 24.372709128074344 8.2588699208572525
leaf_count=6199 39 954 14284 22 24 24 43 29 964 169 49 74 10 38 25 13 583 40 23 33 18 315 22 23 38 21 76 120 179 62
internal_value=0.000445108 -0.0342791 0.000743128 0.0208739 0.0044784 0.0204112 0.0351744 0.0149267 0.000598787 -0.00517972 -0.00229217 0.00371637 -0.045309 0.0064742 0.0221227 -0.0443686 -0.00295671 -0.0374783 -0.00399053 0.0338538 0.0309387 0.0259947 -0.0311814 -0.0140211 0.0207461 -0.0199457 -0.0202366 -0.0281234 -0.0179665 -0.0407771
internal_weight=3647.64 31.0395 3616.6 25.747 21.6172 17.9154 14.8005 11.1626 3590.85 326.948 311.512 205.988 10.9703 195.018 73.3349 8.58516 121.683 23.0365 13.1539 8.76668 64.7497 60.6567 6.52878 105.524 16.0039 9.62527 89.5201 75.3765 57.6751 32.6316
internal_count=24513 7153 17360 181 142 120 96 72 17179 2895 1931 1243 84 1159 431 51 728 145 96 73 380 355 40 688 82 44 606 530 410 241
is_linear=0
shrinkage=0.1


Tree=231
num_leaves=31
num_cat=0
split_feature=10 10 0 12 8 11 3 13 13 5 11 3 9 9 12 5 12 1 12 10 1 8 9 2 6 12 0 9 10 9
split_gain=10.6902 3.40762 1.72531 1.57028 5.72804 1.22561 3.44018 3.19559 3.71706 3.2353 3.85894 6.24798 6.28868 5.37752 5.39808 4.24333 3.79003 4.47904 4.6393 4.12293 4.66415 4.85352 3.76094 3.39699 3.23579 3.82386 3.45555 4.09567 3.11581 3.08394
threshold=7.5000000000000009 21.500000000000004 20.500000000000004 10.500000000000002 0.31455026455026464 3.5000000000000004 3.5000000000000004 1.8090909090909093 1.1180555555555558 3.5000000000000004 5.5000000000000009 8.5000000000000018 245.46350609756101 207.47829861111114 10.500000000000002 1.0000000180025095e-35 4.5000000000000009 1.0000000180025095e-35 9.5000000000000018 14.500000000000002 1.5000000000000002 0.24467120181405894 219.06805894663412 3.5000000000000004 3.5000000000000004 8.5000000000000018 37.500000000000007 161.91773466371029 19.500000000000004 154.17960588793923
decision_type=2 2 2 2 2 2 2 2 2 2 2 2 2 2 2 2 2 2 2 2 2 2 2 2 2 2 2 2 2 2
left_child=-1 2 3 -2 -5 -4 -7 8 9 10 29 -12 13 14 15 -13 28 18 22 20 23 -22 -18 -19 -17 26 -26 -28 -11 -8
right_child=1 -3 5 4 -6 6 7 -9 -10 16 11 12 -14 -15 -16 24 17 19 -20 -21 21 -23 -24 -25 25 -27 27 -29 -30 -31
leaf_value=-0.075163542426534627 -0.075309334118646612 -0.075189353129493985 -0.0012443333265946108 -0.075346759939685912 0.67345670000016922 -0.05172134744291116 -0.027115616418694186 -0.072427330969897605 0.012973564216309748 -0.0013128419588294264 -0.056369468925741399 0.080681392625726184 0.11585141593478121 -0.081489185193395375 0.074316146002352965 -0.070230526759883186 0.041025045953615745 0.054918148622907531 -0.092369952870416952 0.010730408321226988 -0.00064414249484614063 0.074860857319271432 -0.064627203440953504 0.14600553001784464 -0.047451438641608251 -0.098371235102357041 0.10075186734428243 0.0012309055906611693 -0.070905164139105137 0.0055659310729119071
leaf_weight=18.879606538277585 4.7289937572786576 5.9519270717864847 1372.4883470791392 0.43469136557541777 0.13354139006696641 11.214546165894715 34.001330941915512 5.4441161751747122 334.23928858316503 140.52817065734416 36.010692864190787 4.397867437452077 4.0336629562079898 9.7395558115094882 8.1423922944813949 10.753759827464817 10.255309148225935 11.517535880208017 6.9233352253213516 92.126845295075327 24.789178248494864 12.96662620641291 5.017882060725241 6.3524664491415015 9.3846743432804924 4.1374839870259157 5.3985987640917328 17.669878665357828 6.7421858145389697 191.45664463681169
leaf_count=8175 1008 2040 7549 86 25 367 164 54 1755 649 214 21 20 58 39 61 48 46 44 532 110 62 43 29 51 21 21 88 139 994
internal_value=-0.00021128 0.000381548 0.000570455 -0.0564363 0.100631 0.000697564 0.00335418 0.00397679 0.0043984 4.77873e-06 -0.00684685 -0.0222327 -0.00554353 -0.0125765 -0.00136866 -0.0132788 0.00724318 0.0174183 -0.0244667 0.0237106 0.0452082 0.0252868 0.00631386 0.0872981 -0.0220068 -0.00783416 0.0037085 0.0245213 -0.00449885 0.000637225
internal_weight=2405.86 2386.98 2381.03 5.29723 0.568233 2375.73 1003.24 992.029 986.585 652.346 335.127 109.669 73.6579 69.6242 59.8847 51.7423 317.22 169.949 22.1965 147.753 55.6258 37.7558 15.2732 17.87 47.3444 36.5906 32.4532 23.0685 147.27 225.458
internal_count=24513 16338 14298 1119 111 13179 5630 5263 5209 3454 1752 594 380 360 302 263 1702 914 135 779 247 172 91 75 242 181 160 109 788 1158
is_linear=0
shrinkage=0.1


Tree=232
num_leaves=31
num_cat=0
split_feature=4 0 4 9 2 6 3 6 8 0 10 11 0 8 0 10 9 12 8 13 9 9 9 7 10 9 8 7 12 10
split_gain=12.2673 1.23153 2.35249 2.22775 1.081 1.4105 1.84368 6.6353 1.23229 1.04565 0.949634 0.89712 2.26481 3.18247 4.34831 3.89287 2.46788 3.05179 2.58986 2.58177 3.40705 2.17358 6.49042 4.05645 3.31031 2.82917 3.07523 3.12489 2.51515 2.37962
threshold=14.500000000000002 42.500000000000007 5.5000000000000009 331.21638095238103 2.5000000000000004 11.500000000000002 7.5000000000000009 12.500000000000002 0.24807692307692308 21.500000000000004 2.5000000000000004 5.5000000000000009 14.500000000000002 0.11215932914046121 22.500000000000004 19.500000000000004 354.06578947368428 8.5000000000000018 0.24807692307692308 1.4833333333333336 243.40676843317974 232.97789855072466 266.96449683321617 -2.4999999999999996 7.5000000000000009 272.97416666666669 0.16405676535356004 2.5000000000000004 7.5000000000000009 6.5000000000000009
decision_type=2 2 2 2 2 2 2 2 2 2 2 2 2 2 2 2 2 2 2 2 2 2 2 2 2 2 2 2 2 2
left_child=1 11 -3 -4 5 10 8 -8 -7 -6 -2 -1 16 15 21 -14 17 19 -18 20 -13 29 23 -23 -25 -24 28 -28 -27 -15
right_child=4 2 3 -5 9 6 7 -9 -10 -11 -12 12 13 14 -16 -17 18 -19 -20 -21 -22 22 25 24 -26 26 27 -29 -30 -31
leaf_value=-0.00065736956533294462 0.11160302212930118 0.093729301287743663 -0.076111034570878908 0.16512028956127392 0.03669132383333025 -0.077837521243012534 0.94061223439853059 -0.07555101008121122 0.080993371356840482 -0.075485753610157913 -0.075327004410927836 0.0075189975756145546 0.024791222169753251 0.080654516110389513 -0.0040280350269765184 0.13734398812930096 -0.022527536255844888 -0.12705996747611525 0.082239332832494433 0.046748517776147233 -0.10738254671932131 -0.010514288003221905 -0.089841471367675493 0.084861176595871057 0.21001081593420534 0.0030566962511468171 0.040491161231300789 -0.066758074697247968 -0.10231567508404174 -0.032647073748876147
leaf_weight=1810.9395060653333 0.29387658834457697 1.1381708933040489 6.3772050880361348 0.40727178356610227 0.85991045460105198 0.95136272860690985 0.098316981573589035 0.18549956195056438 1.0039620015304533 24.67585483455332 3.6124575203866698 5.1927315331995541 15.648281810572373 2.2286946885287753 174.72573171905242 3.8238891758956006 6.1464141607284528 3.5735412519425145 3.8297344706952572 3.8085321746766558 5.130197050049901 2.6728534698486319 2.3786270711570969 5.9388238918036205 3.2813029102981091 9.0439851656556112 41.91395574901253 2.9050276074558488 3.0221702903509131 11.016329349018632
leaf_count=11295 1 25 801 12 26 94 12 46 52 9120 1084 25 123 33 920 18 41 28 16 22 41 23 17 49 27 69 347 20 32 94
internal_value=-0.000878902 4.19172e-05 -0.039311 -0.0616299 -0.0626464 -0.0249927 0.0382852 0.276458 0.00371424 -0.0717082 -0.0612641 0.000189176 0.00519452 0.00790508 0.00497525 0.046894 -0.0220861 -0.0444993 0.0176913 -0.0236215 -0.0495837 0.0236136 0.0305371 0.0979554 0.1294 0.0170077 0.0214756 0.0335396 -0.0233356 -0.0135822
internal_weight=2156.82 2125.14 7.92265 6.78448 31.6812 6.14548 2.23914 0.283817 1.95532 25.5358 3.90633 2117.22 306.281 278.6 259.128 19.4722 27.6812 17.705 9.97615 14.1315 10.3229 84.4018 71.1567 11.893 9.22013 59.2638 56.8851 44.819 12.0662 13.245
internal_count=24513 14078 838 813 10435 1289 204 58 146 9146 1085 13240 1945 1772 1631 141 173 116 57 88 66 711 584 99 76 485 468 367 101 127
is_linear=0
shrinkage=0.1


Tree=233
num_leaves=31
num_cat=0
split_feature=0 11 4 8 10 13 9 9 8 10 0 12 3 9 10 12 0 0 2 8 10 10 12 12 1 12 7 12 13 7
split_gain=1.37441 1.24495 2.80212 3.26906 3.08439 3.30169 2.87949 3.8315 3.69375 5.98428 5.81339 3.71495 3.92252 3.35277 3.30123 3.29146 6.12422 4.34071 5.39793 5.55298 3.74055 6.25008 8.60083 15.9147 5.00328 4.45233 4.41017 4.14107 3.79117 3.69453
threshold=56.500000000000007 1.0000000180025095e-35 18.500000000000004 0.29758481886141469 10.500000000000002 1.4833333333333336 140.8333703703704 146.56632876167762 0.29289318755256516 18.500000000000004 31.500000000000004 1.5000000000000002 8.5000000000000018 263.01898193760263 9.5000000000000018 1.5000000000000002 41.500000000000007 40.500000000000007 1.0000000180025095e-35 0.16035714285714289 14.500000000000002 10.500000000000002 4.5000000000000009 3.5000000000000004 2.5000000000000004 3.5000000000000004 2.5000000000000004 9.5000000000000018 0.59411764705882364 4.5000000000000009
decision_type=2 2 2 2 2 2 2 2 2 2 2 2 2 2 2 2 2 2 2 2 2 2 2 2 2 2 2 2 2 2
left_child=1 2 6 4 -4 -6 14 -8 15 10 11 -10 -13 -11 -1 17 20 18 -9 -20 21 24 23 -23 29 -22 -24 28 -27 -17
right_child=-2 -3 3 -5 5 -7 7 8 9 13 -12 12 -14 -15 -16 16 -18 -19 19 -21 25 22 26 -25 -26 27 -28 -29 -30 -31
leaf_value=0.0053955694685973929 -0.05852290877722597 0.0010559692111800512 0.037300936502413222 -0.092045046717147708 -0.0448366881398366 0.11598587476389886 0.10303173106057123 0.07677642991953923 0.0695613400038919 0.016653193936110294 -0.09234901453919267 -0.0043880967256535851 0.08491170032902122 0.091094053580030615 -0.097112514568727076 0.0031888388767801106 0.03804491236723706 -0.10709695551766307 -0.12684671782267037 -0.010629697008289292 0.014749047102097743 -0.027511723611566025 -0.093211903573325108 0.36827046150540327 -0.056892932438498384 0.00061239157681632647 0.082104285681227018 -0.0011369592036328776 -0.082783707211184873 -0.065891285186190793
leaf_weight=5.8907242715358716 3.9755637837806708 3043.4873788376572 7.9097636772785362 7.0409169716294846 21.337051497539509 1.3577968266326923 3.5235911123454562 4.8592018485069302 8.9367163926362974 11.042827747762205 6.1197285149246445 73.985361350700259 5.2691773921251288 13.382752478122709 6.7319761328399181 146.03012683987617 31.027240213239565 6.9849877934902898 5.4844666514545706 16.421801343560219 16.539551514200866 1.8784856144338826 2.7940827682614326 2.2127625457942486 17.502008711919188 6.9050464630126944 2.949588680639863 14.55940002389252 25.887696927413344 8.1754344217479211
leaf_count=27 846 20304 85 130 635 41 15 32 40 50 90 361 21 55 36 792 264 36 35 94 87 28 22 21 79 30 23 75 124 35
internal_value=0.000241388 0.00030764 -0.00441028 -0.0306075 -0.0164732 -0.0352149 -0.00219455 -0.000820414 -0.00167351 0.0133257 0.00190072 0.00844086 0.00154893 0.0574393 -0.0492743 -0.00741459 -0.00381554 -0.0368956 -0.0185752 -0.0397259 -0.00910745 -0.0017837 0.0757451 0.186548 -0.00622433 -0.0299172 -0.00318053 -0.0455186 -0.0652233 -0.000473545
internal_weight=3530.2 3526.23 482.74 37.6455 30.6046 22.6948 445.095 432.472 428.948 118.737 94.311 88.1913 79.2545 24.4256 12.6227 310.212 276.461 33.7505 26.7655 21.9063 245.434 181.542 9.83492 4.09125 171.708 63.8917 5.74367 47.3521 32.7927 154.206
internal_count=24513 23667 3363 891 761 676 2472 2409 2394 617 512 422 382 105 63 1777 1580 197 161 129 1316 1000 94 49 906 316 45 229 154 827
is_linear=0
shrinkage=0.1


Tree=234
num_leaves=31
num_cat=0
split_feature=10 0 0 13 8 9 7 0 13 0 11 3 2 8 4 12 9 4 11 13 0 8 9 9 3 12 8 0 11 5
split_gain=3.36017 3.36309 1.04362 4.05905 2.31723 4.12842 3.61669 3.51438 3.53557 4.6074 2.91975 2.74367 2.36244 2.55309 2.9648 3.07664 5.84855 3.60631 3.5873 3.3067 4.79516 3.95303 4.83075 3.08017 2.55441 3.17949 5.59891 2.48771 2.45509 2.33733
threshold=6.5000000000000009 27.500000000000004 20.500000000000004 0.43650793650793651 0.30707196029776679 173.64322089947092 2.5000000000000004 16.500000000000004 1.9285714285714286 12.500000000000002 3.5000000000000004 7.5000000000000009 4.5000000000000009 0.11583184257602856 3.5000000000000004 1.5000000000000002 265.93608974358978 7.5000000000000009 2.5000000000000004 1.5857142857142861 16.500000000000004 0.18107302533532041 270.08107971014499 346.12369047619057 1.5000000000000002 4.5000000000000009 0.10471491228070172 18.500000000000004 4.5000000000000009 1.5000000000000002
decision_type=2 2 2 2 2 2 2 2 2 2 2 2 2 2 2 2 2 2 2 2 2 2 2 2 2 2 2 2 2 2
left_child=1 -1 3 -2 5 -5 7 8 9 -6 -8 12 13 24 -15 16 -16 19 -19 21 -21 22 -17 -18 -7 -26 -27 -22 29 -24
right_child=2 -3 -4 4 6 11 10 -9 -10 -11 -12 -13 -14 14 15 17 23 18 -20 20 27 -23 28 -25 25 26 -28 -29 -30 -31
leaf_value=-0.0751282596453198 -0.042379849479947024 -0.0063921126489173644 0.0011523874668597286 -0.043995616321189285 -0.083877153464498477 0.12984788561376065 0.014138833465452508 -0.034021694791316497 -0.045774075360992046 0.077152027411190593 0.089170107616706448 0.037234588117325267 -0.048409183708034056 -0.069014856429545954 0.14968595227721571 -0.059461764306721322 -0.086684300871931755 -0.093094002013861435 -0.012808919620493495 -0.040558192819550594 0.13493582767822493 -0.041557644233139207 0.18761977760411611 0.067369716553196832 -0.036455349492672935 -0.003604453088323069 0.14436291569512352 0.031894287590544017 -0.0064138895119840184 0.054448477105532814
leaf_weight=11.580953495344149 26.75443430384621 18.471618578769267 3370.234527385328 25.745583008043468 2.0886731566861299 2.3200852731242803 11.043238513171675 18.223069060593843 4.8760922858491531 11.901019304990767 9.7789135351777059 17.034845262765884 11.674053408205507 7.4099516728892914 3.6509788148105127 3.6801020819693822 2.8013593591749668 8.4937836788594741 16.142638282850385 4.213685078546404 5.1154204756021482 17.382960476912558 2.5084207318723202 2.4182101991027594 6.6289418730884817 6.8942103688605112 4.065081749111414 4.3231385964900255 2.2844643201678991 2.7770197186619043
leaf_count=6199 323 954 15441 129 36 39 49 135 60 98 41 55 48 138 25 35 31 61 93 43 34 188 21 15 51 66 25 31 21 28
internal_value=0.00041969 -0.03288 0.000696715 -0.00564321 -0.00108183 -0.00736872 0.0160236 -0.00270115 0.0275524 0.0531102 0.0493765 -0.000215132 -0.00577294 -0.00094571 -0.0086429 -0.00274053 0.0525988 -0.0100758 -0.0404884 0.0076433 0.0481414 -0.0116662 0.0345205 -0.0153116 0.0312229 0.0182131 0.0512804 0.0877398 0.0802099 0.11765
internal_weight=3642.52 30.0526 3612.46 242.23 215.476 157.565 57.911 37.0889 18.8658 13.9897 20.8222 131.819 114.785 103.11 83.2021 75.7922 8.87055 66.9216 24.6364 42.2852 13.6522 28.633 11.25 5.21957 19.9083 17.5882 10.9593 9.43856 7.5699 5.28544
internal_count=24513 7153 17360 1919 1596 1177 419 329 194 134 90 1048 993 945 764 626 71 555 154 401 108 293 105 46 181 142 91 65 70 49
is_linear=0
shrinkage=0.1


Tree=235
num_leaves=31
num_cat=0
split_feature=10 10 0 12 9 8 0 10 0 8 2 8 7 5 5 13 2 13 13 4 11 0 11 13 8 8 13 12 5 8
split_gain=9.90897 3.14666 1.58861 1.30675 4.82644 1.12294 1.08917 1.31187 3.50123 1.38508 2.08174 1.71099 2.83678 3.67319 2.44483 2.04529 4.61363 2.16504 1.83117 3.56105 1.53785 1.43363 1.25682 3.15764 3.57708 3.99391 3.52929 3.54968 3.23664 3.75235
threshold=7.5000000000000009 21.500000000000004 20.500000000000004 10.500000000000002 349.12926470588241 0.059714795008912656 63.500000000000007 19.500000000000004 48.500000000000007 0.19657494145199064 1.5000000000000002 0.23956521739130437 1.0000000180025095e-35 3.5000000000000004 6.5000000000000009 0.92820512820512835 3.5000000000000004 0.23611111111111113 1.1791443850267382 20.500000000000004 1.0000000180025095e-35 61.500000000000007 3.5000000000000004 0.32051282051282054 0.21294035577258458 0.29061583577712619 0.4494949494949495 6.5000000000000009 3.5000000000000004 0.13100686498855832
decision_type=2 2 2 2 2 2 2 2 2 2 2 2 2 2 2 2 2 2 2 2 2 2 2 2 2 2 2 2 2 2
left_child=-1 2 3 -2 -5 -4 7 22 -9 10 -10 12 14 -14 -11 16 17 -13 -17 -20 -12 -22 -7 24 -24 -26 27 -25 29 -28
right_child=1 -3 5 4 -6 6 -8 8 9 11 20 15 13 -15 -16 18 -18 -19 19 -21 21 -23 23 26 25 -27 28 -29 -30 -31
leaf_value=-0.075151771070721934 -0.075286772151098802 -0.075174032186113959 -0.054477201888221596 -0.075468517803432542 0.55802625354439073 -0.0009587755209547942 0.034717276627921047 -0.060029837840414747 0.064592638725604709 0.074013148843788207 0.027254977802047272 0.059231579444051545 0.0372028424449884 -0.06568416459652586 -0.02684154175370378 -0.084746796793193538 0.08478847561299066 -0.046505842664258834 -0.085571343398214983 0.05742525645956098 -0.0862918065083325 0.00085222469313555075 -0.079258022754724905 0.057750770807940568 0.042924967363886582 -0.086903920871628126 0.037823431966986149 -0.012747805275707328 0.0097229006727777463 -0.004229138777527109
leaf_weight=17.510953495133435 4.3862810152349985 5.5041706765769041 3.6903241495601824 0.5052047490607946 0.15783976227976382 1314.046603789553 9.3907845336943847 12.693760176305657 1.9516772059723724 11.296586052514614 2.2843875139951697 2.420772089622921 7.4401315264403802 6.5026712976396084 3.0531906494870773 5.8070545629598183 5.5466282293200484 9.6792033761739713 3.2438291432335973 3.7603003159165382 7.3155385907739383 2.5444228202104568 9.6624281192198413 23.559856897220016 7.8455478493124229 3.3947759186848998 22.26773096807301 10.249170416966079 432.54477450810373 450.40456581534818
leaf_count=8175 1008 2040 23 84 27 6310 115 1430 33 85 17 19 30 32 30 53 29 102 44 17 90 10 50 106 41 21 119 46 2049 2278
internal_value=-0.000202128 0.000348588 0.00052342 -0.0555079 0.0753368 0.000642665 0.000728532 0.000593258 -0.0115642 -0.00311886 -0.0312696 0.00363538 0.0213418 -0.0107818 0.0525544 -0.0128123 0.00926732 -0.0253516 -0.0432257 -0.00880089 -0.0466753 -0.0638038 0.00105058 0.0038012 -0.0346401 0.00371435 0.0046569 0.0363792 0.0034721 -0.00224803
internal_weight=2400.66 2383.15 2377.65 5.04933 0.663045 2372.6 2368.91 2359.52 85.5402 72.8464 14.096 58.7504 28.2926 13.9428 14.3498 30.4578 17.6466 12.1 12.8112 7.00413 12.1443 9.85996 2273.98 959.929 20.9028 11.2403 939.026 33.809 905.217 472.672
internal_count=24513 16338 14298 1119 111 13179 13156 13041 2021 591 150 441 177 62 115 264 150 121 114 61 117 100 11020 4710 112 62 4598 152 4446 2397
is_linear=0
shrinkage=0.1


Tree=236
num_leaves=31
num_cat=0
split_feature=4 0 9 6 4 11 2 0 5 12 9 0 0 10 12 11 12 9 9 9 3 11 3 6 5 0 11 9 9 4
split_gain=11.2896 1.10582 2.24061 4.01832 2.46788 1.88123 1.04393 1.34345 2.46595 1.60896 1.7864 1.00449 0.82102 4.22853 2.28483 4.67947 3.40771 2.40198 5.54087 4.50108 3.92569 3.72687 2.66732 2.35191 2.1015 2.95682 2.38584 2.36379 3.31152 2.03615
threshold=14.500000000000002 42.500000000000007 290.8184200603319 9.5000000000000018 5.5000000000000009 1.5000000000000002 2.5000000000000004 40.500000000000007 4.5000000000000009 4.5000000000000009 196.83293559516966 21.500000000000004 15.500000000000002 5.5000000000000009 10.500000000000002 1.0000000180025095e-35 4.5000000000000009 288.39128787878792 344.52549206349209 361.48801108801115 1.5000000000000002 4.5000000000000009 2.5000000000000004 5.5000000000000009 2.5000000000000004 10.500000000000002 3.5000000000000004 184.86830357142858 247.43616071428576 7.5000000000000009
decision_type=2 2 2 2 2 2 2 2 2 2 2 2 2 2 2 2 2 2 2 2 2 2 2 2 2 2 2 2 2 2
left_child=1 12 -3 -4 -5 -6 7 8 -2 10 -10 -8 13 -1 16 -16 17 24 20 -20 -19 -21 -22 29 25 -15 -26 -27 -29 -18
right_child=6 2 3 4 5 -7 11 -9 9 -11 -12 -13 -14 14 15 -17 23 18 19 21 22 -23 -24 -25 26 27 -28 28 -30 -31
leaf_value=0.061135698508217207 -0.077346165355610383 -0.075951190065425556 -0.078286093073476171 0.36087972839887084 0.25258255731238111 -0.0763452746727947 0.03299542510373836 -0.075444210380492649 0.25613428299205426 -0.076263391794552146 0.024781985673391089 -0.075463296576038258 -0.00050582392924695214 0.038529208145323797 0.052875729471947887 -0.060251421299129963 0.02220704900682316 0.093425881783414627 -0.10204474739062611 0.0207588478751254 -0.02523341614475233 -0.075739196077946797 0.051150943150061835 -0.022189111100666393 0.051861947649683375 -0.1084341198286297 -0.037246230843636124 0.011433055933742033 -0.064818263973681373 0.084325100266485334
leaf_weight=13.064819463528691 1.4378033104585513 5.1138508475851259 1.3418659502640369 0.44459042698144891 0.29829685715958476 0.41686714976094663 0.88702506711706774 2.7793531053466722 0.73983223689720012 0.40163189359009255 0.60807474981993437 22.878442562243436 1898.1015112374444 4.5561316572129718 4.9526377134025124 13.971454527229069 68.257740350440145 9.0084302350878733 5.8525184169411686 16.171218492090706 9.1873249597847479 5.3185891956090918 9.099415645003317 11.185960028320549 6.7359731011092645 5.3100568372756269 5.424412913620472 9.4237874634563941 14.396263957023619 5.7189590055495492
leaf_count=609 324 723 65 4 12 34 26 865 26 43 31 9120 11647 21 22 68 330 35 27 71 40 25 49 56 31 37 22 53 60 37
internal_value=-0.000832561 2.43006e-05 -0.0380134 0.0395396 0.175867 0.0608514 -0.0620262 -0.0246298 0.0196801 0.0994181 0.151765 -0.0714152 0.000161215 0.00597877 0.0024562 -0.0306448 0.00583039 -0.0066424 0.00752026 -0.0242974 0.0393929 -0.0031238 0.0127752 0.0205471 -0.0235207 -0.0363842 0.0121132 -0.0481011 -0.0346514 0.0270092
internal_weight=2153.08 2123.35 7.61547 2.50162 1.15975 0.715164 29.7322 5.9667 3.18734 1.74954 1.34791 23.7655 2115.74 217.636 204.571 18.9241 185.647 100.484 54.6375 27.3423 27.2952 21.4898 18.2867 85.1627 45.8466 33.6862 12.1604 29.1301 23.8201 73.9767
internal_count=24513 14078 838 115 50 46 10435 1289 424 100 57 9146 13240 1593 984 90 894 471 247 123 124 96 89 423 224 171 53 150 113 367
is_linear=0
shrinkage=0.1


Tree=237
num_leaves=31
num_cat=0
split_feature=0 10 8 8 11 9 11 12 13 11 12 12 9 4 12 12 2 12 1 13 2 7 7 8 1 4 4 1 3 3
split_gain=1.3286 8.89348 1.40793 4.17984 3.18185 2.96551 2.77553 2.83957 3.33238 2.64079 4.35709 3.83297 2.60213 2.99914 2.47156 2.67808 2.30053 2.27894 2.23999 2.18928 3.36534 2.17897 2.11953 3.01845 2.66263 2.11682 2.86006 3.15728 2.1022 3.22962
threshold=43.500000000000007 18.500000000000004 0.22933743169398904 0.23706512042818909 4.5000000000000009 280.60027777777782 5.5000000000000009 2.5000000000000004 0.78888888888888908 1.5000000000000002 1.5000000000000002 9.5000000000000018 243.40676843317974 7.5000000000000009 1.5000000000000002 3.5000000000000004 1.5000000000000002 3.5000000000000004 1.5000000000000002 0.86335403726708082 4.5000000000000009 -5.4999999999999991 1.0000000180025095e-35 0.30330086580086579 2.5000000000000004 16.500000000000004 15.500000000000002 1.0000000180025095e-35 2.5000000000000004 3.5000000000000004
decision_type=2 2 2 2 2 2 2 2 2 2 2 2 2 2 2 2 2 2 2 2 2 2 2 2 2 2 2 2 2 2
left_child=-1 -2 5 4 19 6 28 -8 -9 11 18 14 22 -14 -5 -16 -7 -15 -11 -4 -21 -13 24 -24 25 26 27 -12 -3 -30
right_child=1 2 3 9 -6 16 7 8 -10 10 12 21 13 17 15 -17 -18 -19 -20 20 -22 -23 23 -25 -26 -27 -28 -29 29 -31
leaf_value=0.00083543550938705547 -0.055613197324458567 0.023217515199485821 0.076993186503477112 -0.057225383792747664 0.15984184064621867 -0.010521472096679439 0.077834712071305448 0.05069875767389212 -0.062540582250084922 0.089012192222721775 0.056885394045374141 0.042895218564762583 0.042946743679917423 -0.07585631319541157 0.071715909220284341 0.0019059251035039343 0.062868614840547093 -0.024406430558764826 0.0028277826588127605 -0.1020331727473926 0.072257737056200991 0.1589842376132625 -0.058834019082981352 0.032716731626250807 0.074453750127047247 -0.026783693100030759 0.09022258347723569 -0.046275912617404061 -0.07799618912872866 -0.017273551074588018
leaf_weight=3186.7046705130488 32.352908722881693 10.841834638267754 5.6338709034025651 4.7423402406275263 2.5932961469516149 7.5330150499939945 6.3356770554091808 5.0921869985759241 5.3071410693228245 6.6348141939379257 5.3661223538219982 3.7346104676835239 4.8937261402606955 12.314221440115942 7.5479912003502276 20.206489265663549 9.8643200891092402 28.614116744603962 5.5285844043828547 2.2691491195000708 2.1646959108766168 2.8512577996589235 10.886534908087926 5.3815542077645651 6.2176795513369134 13.5656193010509 4.944916949607431 6.6350106298923492 9.6939413994550687 90.808581456076354
leaf_count=18117 4324 38 41 30 20 28 43 27 39 29 19 17 21 63 44 133 39 143 37 15 29 32 149 56 51 102 25 27 35 740
internal_value=0.000200979 -0.00573585 -0.000500095 0.00589047 0.0610673 -0.00764842 -0.0129105 0.0250607 -0.00709124 0.00123521 -0.00663689 0.0235895 -0.0135883 -0.0310399 0.00949142 0.0208912 0.0310908 -0.0398863 0.0498391 0.0356245 -0.0169407 0.0931543 0.00150038 -0.0285486 0.0148096 0.00265533 0.0262218 -0.000148918 -0.0186175 -0.0231305
internal_weight=3527.26 340.556 308.203 162.727 12.661 145.477 128.079 16.735 10.3993 150.066 110.983 39.0827 98.8195 45.8221 32.4968 27.7545 17.3973 40.9283 12.1634 10.0677 4.43385 6.58587 52.9974 16.2681 36.7293 30.5117 16.946 12.0011 111.344 100.503
internal_count=24513 6396 2072 1083 105 989 922 109 66 978 722 256 656 227 207 177 67 206 66 85 44 49 429 205 224 173 71 46 813 775
is_linear=0
shrinkage=0.1


Tree=238
num_leaves=31
num_cat=0
split_feature=10 13 13 7 5 12 7 8 12 13 9 11 9 8 12 9 0 6 5 4 3 10 11 13 8 3 6 12 4 0
split_gain=3.07728 1.18509 1.80983 1.59494 4.89372 3.5796 1.83541 1.78914 3.26928 3.14546 4.27469 3.82717 3.22701 3.09298 2.87968 4.0059 3.35394 2.15845 1.85625 3.55179 3.24036 2.83065 2.77962 2.49471 2.25496 2.96987 2.31402 3.43822 3.24059 2.11646
threshold=7.5000000000000009 1.7638888888888891 1.7032967032967035 -6.4999999999999991 2.5000000000000004 11.500000000000002 -2.4999999999999996 0.31726674409601241 7.5000000000000009 0.5634920634920636 334.09273657628927 3.5000000000000004 278.67845138888896 0.26726190476190476 4.5000000000000009 202.50264447884419 22.500000000000004 4.5000000000000009 2.5000000000000004 6.5000000000000009 4.5000000000000009 6.5000000000000009 5.5000000000000009 1.5857142857142861 0.10084745762711866 1.5000000000000002 2.5000000000000004 7.5000000000000009 8.5000000000000018 26.500000000000004
decision_type=2 2 2 2 2 2 2 2 2 2 2 2 2 2 2 2 2 2 2 2 2 2 2 2 2 2 2 2 2 2
left_child=1 2 3 4 -1 -6 -5 13 9 -9 12 17 14 18 15 -11 -16 -12 23 -20 21 22 -21 24 25 -8 -27 28 -28 -25
right_child=-2 -3 -4 6 5 -7 7 8 -10 10 11 -13 -14 -15 16 -17 -18 -19 19 20 -22 -23 -24 29 -26 26 27 -29 -30 -31
leaf_value=0.63797845340348225 0.00086483600726189932 -0.04761260360174599 0.23163670334133829 -0.05101810248839396 -0.076445650729477621 0.16646656638369683 0.24107292878848155 -0.081207273122485157 -0.081493619470481934 0.20226880231463829 -0.08118553339324816 0.24837991975698326 -0.082614358146861841 -0.079082111290154758 0.02294626780970152 -0.085025003942716157 0.28159661296019339 0.23187262587466417 -0.079167891479146935 -0.078147607641485178 0.010955043406890921 0.21174780471527549 0.29677511626166025 -0.0068943409253834041 -0.039107841076974237 -0.079291820605735058 -0.0791738386615434 0.3005566943413383 0.32347106291470018 0.18242101712423425
leaf_weight=0.13991675846045781 3546.8531628441997 11.566529084695501 0.30036401748657127 13.086565266392425 1.3841871902404819 1.0799572233227082 0.62540500715840863 1.6677598753885821 2.4829231699695802 0.67537253443151568 0.73909435747191332 1.9650446702726183 2.029984843917191 7.2415532660379531 0.95963423367356915 1.724916020670207 1.0497529660351572 0.31372113572433591 2.4171934775658874 0.83147129867574954 5.2681749301264063 1.9732587914913893 0.259445738454815 1.31649462605128 25.987760855525266 1.7016324009746315 1.064328590815421 0.51900045346701507 0.24610393017064769 1.0708718991372732
leaf_count=32 16338 1411 9 1889 318 26 35 125 190 14 53 56 124 719 35 93 18 15 279 160 285 20 25 51 1929 90 94 46 16 18
internal_value=0.000397257 -0.0176905 -0.0133709 -0.0142928 0.0626812 0.0300152 -0.0168887 -0.0099242 0.0222592 0.0454146 0.0677433 0.165951 0.0217196 -0.0185927 0.0697495 -0.00418875 0.158072 0.0121005 -0.008472 0.0275548 0.0585148 0.140283 0.0110178 -0.0203765 -0.0281697 0.0402198 0.00464564 0.0827194 -0.00355568 0.0780245
internal_weight=3638.54 91.6884 80.1219 79.8215 2.60406 2.46414 77.2175 64.1309 13.6082 11.1253 9.45752 3.01786 6.43966 50.5227 4.40968 2.40029 2.00939 1.05282 43.2811 10.7495 8.33235 3.06418 1.09092 32.5316 30.1442 4.15647 3.53107 1.82943 1.31043 2.38737
internal_count=24513 8175 6764 6755 376 344 6379 4490 723 533 408 124 284 3767 160 107 53 68 3048 769 490 205 185 2279 2210 281 246 156 110 69
is_linear=0
shrinkage=0.1


Tree=239
num_leaves=31
num_cat=0
split_feature=10 10 3 9 5 9 6 9 13 11 4 9 0 13 8 0 12 9 6 8 13 9 13 3 4 0 12 9 2 9
split_gain=9.19715 2.91776 1.48611 2.05354 1.2992 1.21483 2.57047 2.33696 1.9348 1.66664 1.59814 1.54116 1.34106 2.43608 1.87142 1.93763 1.82822 4.8339 3.92097 4.00125 6.79027 3.43425 3.41125 3.21367 3.12789 2.78096 2.7591 2.73213 2.59922 2.26787
threshold=7.5000000000000009 21.500000000000004 2.5000000000000004 151.26527126328958 7.5000000000000009 327.30582908885123 2.5000000000000004 314.6089635854342 0.89444444444444449 3.5000000000000004 14.500000000000002 354.06578947368428 30.500000000000004 0.48529411764705882 0.34833164812942369 28.500000000000004 9.5000000000000018 121.71866666666666 5.5000000000000009 0.27100988700564976 1.1339285714285716 235.88838778953831 0.60769230769230786 8.5000000000000018 17.500000000000004 22.500000000000004 3.5000000000000004 173.64322089947092 6.5000000000000009 244.45986772486773
decision_type=2 2 2 2 2 2 2 2 2 2 2 2 2 2 2 2 2 2 2 2 2 2 2 2 2 2 2 2 2 2
left_child=-1 2 3 -2 -5 7 8 12 -7 -8 11 -11 13 -4 16 -16 18 -18 22 -20 -21 24 26 25 -19 -23 -15 -28 -26 -24
right_child=1 -3 5 4 -6 6 9 -9 -10 10 -12 -13 -14 14 15 -17 17 21 19 20 -22 23 29 -25 28 -27 27 -29 -30 -31
leaf_value=-0.075141085097342533 0.21719625650363061 -0.075161353559179425 -0.067249506871963863 -0.058744186912188079 0.075555120654029737 -0.0056721829130489858 -0.080607985954921385 -0.078216826306371681 0.15197655006548641 0.11667314984059916 -0.035953476017526159 -0.0070521582749526945 0.0012333230195515328 0.15614181584985765 -0.079013279907364287 0.0089311200354447364 0.15764408808593544 -0.067433213841687031 -0.076572872605839518 -0.083376880050739122 0.13750930344211651 0.13261306881701226 0.003057165252357363 0.14210821311340369 0.086851570733813943 -0.08140970925443522 -0.084306097380634465 0.10415315113109598 -0.04668247096170515 -0.050435842760544462
leaf_weight=16.243934732687194 0.30320717953145404 5.1046716797864056 6.8275386455934486 8.4440253939246723 0.78750386694446284 1.1319450286682688 1.889534902991725 3.7637059474363914 2.4931632335064933 2.3803412590641528 2.5838369093835354 1.7446981959510592 2215.0668888457585 2.4762032353319219 6.673751450609414 4.0109453834593296 2.4113351516425636 6.8899807902053016 14.005704910494389 2.8732313227374098 2.6990700855385512 0.92445691139437203 61.652621124405414 3.0368461241014302 3.5052351057529449 1.7686450812034307 1.4686310812830927 1.6153369010426102 2.4953848347067833 9.0945813343860191
leaf_count=8175 3 2040 133 761 53 27 69 79 35 35 13 28 10973 31 216 27 16 143 199 40 39 44 925 25 32 25 17 34 20 256
internal_value=-0.000150964 0.00036083 0.000523152 -0.038877 -0.0472877 0.000681965 0.0321258 0.000518636 0.102751 0.00235026 0.0257152 0.0643431 0.000644764 -0.00905323 -0.00593935 -0.0459997 -0.00227836 0.0244217 -0.00813487 -0.0480575 0.0236143 0.0071696 0.002108 0.0715837 -0.0214629 -0.00794244 0.0775276 0.0144061 0.0313208 -0.00381938
internal_weight=2396.37 2380.12 2375.02 9.53474 9.23153 2365.48 12.2235 2353.26 3.62511 8.59841 6.70888 4.12504 2349.5 134.429 127.602 10.6847 116.917 21.0319 95.8854 19.578 5.5723 18.6205 76.3074 5.72995 12.8906 2.6931 5.56017 3.08397 6.00062 70.7472
internal_count=24513 16338 14298 817 814 13481 207 13274 62 145 76 63 13195 2222 2089 243 1846 305 1541 278 79 289 1263 94 195 69 82 51 52 1181
is_linear=0
shrinkage=0.1


Tree=240
num_leaves=31
num_cat=0
split_feature=4 0 9 12 8 6 2 0 5 10 0 6 3 6 12 4 9 9 0 0 8 3 8 12 1 7 8 11 10 8
split_gain=10.3878 1.00771 2.04177 3.17966 1.52434 1.55877 1.00181 1.2395 2.13219 1.48834 0.966816 0.8617 4.06481 2.35586 3.51726 4.60234 3.31521 5.83587 4.05812 3.81942 3.39156 6.81453 4.0437 4.13783 4.89177 3.78212 3.13282 2.91467 2.86362 2.46815
threshold=14.500000000000002 42.500000000000007 290.8184200603319 5.5000000000000009 0.30079365079365078 11.500000000000002 2.5000000000000004 40.500000000000007 4.5000000000000009 18.500000000000004 21.500000000000004 6.5000000000000009 6.5000000000000009 7.5000000000000009 9.5000000000000018 7.5000000000000009 331.21638095238103 323.47114845938387 16.500000000000004 17.500000000000004 0.23294573643410851 2.5000000000000004 0.27100988700564976 3.5000000000000004 1.0000000180025095e-35 -4.4999999999999991 0.12599206349206346 2.5000000000000004 2.5000000000000004 0.077677224736048267
decision_type=2 2 2 2 2 2 2 2 2 2 2 2 2 2 2 2 2 2 2 2 2 2 2 2 2 2 2 2 2 2
left_child=1 11 -3 -4 5 -5 7 8 -2 -10 -8 -1 13 14 16 27 17 19 -18 -13 21 -20 -22 24 -24 -25 -21 -16 -23 -15
right_child=6 2 3 4 -6 -7 10 -9 9 -11 -12 12 -14 29 15 -17 18 -19 20 26 22 28 23 25 -26 -27 -28 -29 -30 -31
leaf_value=-0.0012212250782576144 -0.077196319009311162 -0.075882137120586349 -0.077704221445974567 -0.078221065915047072 0.27267080259821957 0.21196976775994064 0.029671520778411495 -0.075405995479345581 -0.017018867662316153 0.1679830306970248 -0.075439417162803266 0.094434700053979831 -0.044429102268809334 -0.049423546693519775 -0.027754077932675338 -0.074077899825982049 -0.090996439490761194 0.12400221225306039 0.025486972642563194 0.076033509326354609 0.080059118761665271 -0.12461263865137705 0.11687750931789283 -0.090469815196346323 -0.02812950382300743 0.02359439317258745 0.011520119946191848 0.041627707863310451 -0.0213493277339145 0.0016701862611653564
leaf_weight=1442.6841636828613 1.3357282649958535 4.7441533332457757 1.2651817889418455 0.41041424660943426 0.54412476159632206 0.33717654272913933 0.91273247916251676 2.5758268084609881 0.75240998528897751 1.0303754345513878 21.213221177604282 7.3579075038433066 17.513572341296822 9.6530847791582328 11.775017498061063 9.5379331787116808 4.2848760085180393 6.5231127925217143 15.639149993658068 8.4999131690710765 11.215542098507283 5.9116095677018148 5.4283447004854697 5.8954767640680048 4.0712165841832757 5.7345252372324476 65.77891458128579 12.463673705235122 4.9209308885037899 459.47140122996643
leaf_count=9092 324 723 67 27 5 16 26 865 68 32 9120 71 353 60 63 63 42 35 78 43 48 25 25 28 21 22 395 71 30 2675
internal_value=-0.000767862 2.81812e-05 -0.0370592 0.0349741 0.145338 0.0526601 -0.0614766 -0.0240705 0.0183315 0.0899045 -0.0711034 0.000156247 0.0031149 0.00438777 0.0139431 -0.015233 0.0204581 0.0329831 0.00295939 0.0257103 0.00980419 -0.0167396 0.031528 0.00576775 0.054732 -0.034227 0.0189025 0.00792243 -0.0777029 0.00061884
internal_weight=2149.48 2121.66 7.30105 2.5569 1.29172 0.747591 27.8203 5.69434 3.11851 1.78279 22.126 2114.36 671.676 654.163 185.038 33.7766 151.262 88.1598 63.1017 81.6367 58.8168 26.4717 32.3451 21.1296 9.49956 11.63 74.2788 24.2387 10.8325 469.124
internal_count=24513 14078 838 115 48 43 10435 1289 424 100 9146 13240 4148 3795 1060 197 863 544 319 509 277 133 144 96 46 50 438 134 55 2735
is_linear=0
shrinkage=0.1


Tree=241
num_leaves=31
num_cat=0
split_feature=0 4 8 12 5 10 6 4 7 13 4 13 5 7 6 2 3 6 1 4 8 8 11 9 0 11 6 0 12 9
split_gain=1.24 2.5249 1.95324 2.43941 2.26882 1.93153 3.32261 2.86622 2.01804 2.01014 3.73516 2.17204 3.88014 3.07389 2.13159 1.72827 2.03794 2.20443 1.39077 1.29232 2.14036 2.39132 3.97222 3.73026 2.15781 1.25833 2.52762 2.52603 4.76711 4.34675
threshold=49.500000000000007 7.5000000000000009 0.30079365079365078 2.5000000000000004 6.5000000000000009 19.500000000000004 17.500000000000004 16.500000000000004 -4.4999999999999991 1.083916083916084 18.500000000000004 0.74342105263157909 5.5000000000000009 -2.4999999999999996 7.5000000000000009 2.5000000000000004 5.5000000000000009 9.5000000000000018 1.0000000180025095e-35 20.500000000000004 0.21975609756097561 0.25186567164179113 1.0000000180025095e-35 232.97789855072466 55.500000000000007 1.0000000180025095e-35 1.0000000180025095e-35 20.500000000000004 3.5000000000000004 346.12369047619057
decision_type=2 2 2 2 2 2 2 2 2 2 2 2 2 2 2 2 2 2 2 2 2 2 2 2 2 2 2 2 2 2
left_child=25 -2 5 4 -4 6 19 8 18 11 -11 15 13 -13 -15 16 -9 -18 -7 20 -3 22 -22 -24 -23 26 -1 28 -28 -30
right_child=1 2 3 -5 -6 7 -8 9 -10 10 -12 12 -14 14 -16 -17 17 -19 -20 -21 21 24 23 -25 -26 -27 27 -29 29 -31
leaf_value=-0.064174901844366888 0.11007636631025373 -0.077981820798481594 -0.081047525469012144 -0.086839725411610877 0.19004421073770744 0.0370459695336662 0.32569215812638902 -0.05414124544803614 -0.054613971149279898 0.074479804442722494 -0.082704350967373802 0.12949369125124308 0.15185373979012218 0.043683864641545368 -0.082700669256357204 -0.080277257170380256 0.11850282793981262 0.0046333956430496459 -0.025941798416729708 -0.075657381985825847 0.34649527322553192 -0.078359600084860481 -0.078035191658754999 0.16074171547843824 0.17181244213459504 0.0012291420412818468 0.039509808052396303 -0.0076289654220902592 0.0091565309557128851 -0.04642574943043281
leaf_weight=6.9574203183874479 1.6619626879692067 3.9355772287235649 0.56900711986236163 6.4870909515302628 0.67489725816994905 6.1394526455551413 0.2473381026647975 2.5444881217554265 11.928326302208005 2.3367774477228513 4.2821393380872905 2.064153719693425 3.6308151674456894 2.9208383006043688 2.4571071695536375 1.965519081801175 2.8342017028480768 4.2488581109791994 8.1706268806010467 7.2477432515006504 0.46869902079924974 2.6789119300665338 1.4383599659777249 1.2001993576996026 0.39570181968156237 2972.8404051659163 36.1509351702407 349.3662325986661 56.562002742663026 18.728775434195995
leaf_count=33 6 319 51 247 12 26 11 15 74 15 73 12 33 38 49 39 31 40 39 1638 28 160 106 40 32 18367 258 2205 362 154
internal_value=0.000179993 -0.0119333 -0.0144408 -0.0622421 0.066037 -0.00938785 -0.0382423 -0.000234941 -0.0242382 0.0212713 -0.0272112 0.0354291 0.067104 0.0257567 -0.0140594 0.00517545 0.0226211 0.0501969 0.00108184 -0.0434259 -0.0203366 0.0163623 0.0782302 0.0305771 -0.0461625 0.000470551 -0.00435061 -0.00344736 0.00966183 -0.0046697
internal_weight=3523.13 82.5288 80.8668 7.731 1.2439 73.1358 17.6125 55.5233 26.2384 29.2849 6.61892 22.666 11.0729 7.4421 5.37795 11.5931 9.62755 7.08306 14.3101 17.3652 10.1174 6.18187 3.10726 2.63856 3.07461 3440.61 467.765 460.808 111.442 75.2908
internal_count=24513 3134 3128 310 63 2818 2334 484 139 345 88 257 132 99 87 125 86 71 65 2323 685 366 174 146 192 21379 3012 2979 774 516
is_linear=0
shrinkage=0.1


Tree=242
num_leaves=31
num_cat=0
split_feature=10 9 12 0 9 3 0 4 12 0 9 12 12 9 8 8 11 11 12 0 5 8 8 8 0 9 9 5 12 8
split_gain=2.77644 1.14574 4.0951 2.41366 1.09347 1.20395 4.54137 4.28335 2.42028 1.17263 1.60715 2.32172 1.39115 1.89587 2.80343 1.30441 2.64787 1.40854 5.29534 3.24827 5.7008 2.12674 2.17531 1.88323 2.8152 2.53834 3.51929 4.38631 2.50993 2.43805
threshold=7.5000000000000009 429.55389610389619 4.5000000000000009 17.500000000000004 448.9585294117648 1.0000000180025095e-35 13.500000000000002 2.5000000000000004 11.500000000000002 14.500000000000002 201.06271668087527 3.5000000000000004 1.5000000000000002 401.50203373015876 0.27100988700564976 0.39602987421383651 3.5000000000000004 1.0000000180025095e-35 2.5000000000000004 26.500000000000004 1.5000000000000002 0.063164893617021267 0.36700680272108849 0.19657494145199064 38.500000000000007 318.48066603535364 320.93597105508877 2.5000000000000004 6.5000000000000009 0.18624359479700434
decision_type=2 2 2 2 2 2 2 2 2 2 2 2 2 2 2 2 2 2 2 2 2 2 2 2 2 2 2 2 2 2
left_child=4 -2 3 -3 5 6 7 -1 -8 10 11 -7 13 -11 -15 17 -17 18 19 20 -14 -20 -23 25 -25 28 27 -27 -19 -30
right_child=1 2 -4 -5 -6 9 8 -9 -10 12 -12 -13 15 14 -16 16 -18 23 21 -21 -22 22 -24 24 -26 26 -28 -29 29 -31
leaf_value=-0.075901212512051883 0.00071766462679646794 0.0050612263906318336 -0.068596201522238401 0.11091713186891557 -0.078736383436877 0.15396523511557902 -0.077394585029684881 0.5380758922190908 0.14634412753750067 -0.066254920321163938 -0.077542442102015885 -0.078232053663535084 0.36549102962648811 0.4299962757907026 -0.079813973901328952 -0.036508385696724328 0.12011864825168557 -0.078918039036431353 0.24915489713990505 0.35315107596631562 -0.080484903781324543 -0.029584284011563395 0.23812897208467523 -0.044635414618694122 0.074316328314190411 0.37521521432057175 0.015585083265270897 0.014972560825108786 -0.01788495895599693 0.13340353468509469
leaf_weight=0.17492425270029288 3533.190963822417 3.726531792432068 3.0231581032276145 5.1044972315430641 2.7788857810955951 0.81663500741706119 1.6025369344861249 0.32425222045276314 0.69237293169135217 7.1677277644630513 6.1976921746972948 0.91100297184311785 0.44411365594714769 0.19532761757727701 0.24088113108882681 2.0914616299560285 2.2304062686744146 5.5949506119650341 0.30310438774176773 0.65022570989094663 0.80826945384615101 8.6391320260008762 0.31456684845034111 27.443574939534304 2.1451295297592869 0.64870669180527218 9.8399483642133401 0.7056661588139832 5.4876737029990181 1.321760469349101
leaf_count=39 16256 25 34 23 326 28 243 32 13 773 631 60 40 32 11 139 102 554 20 14 63 673 29 3015 15 18 832 22 396 55
internal_value=0.000381992 0.000821797 0.0318588 0.0662479 -0.0169859 -0.0150133 0.0495662 0.322923 -0.00989275 -0.0171563 -0.0537669 0.031525 -0.0133522 -0.0539369 0.148471 -0.00885813 0.0443228 -0.01243 0.0198701 0.171814 0.0776648 -0.0113598 -0.0201788 -0.019207 -0.0360116 0.00186302 0.0363869 0.187519 -0.029293 0.0114812
internal_weight=3634.82 3545.05 11.8542 8.83103 89.7709 86.992 2.79409 0.499176 2.29491 84.198 7.92533 1.72764 76.2726 7.60394 0.436209 68.6687 4.32187 64.3468 11.1594 1.90261 1.25238 9.2568 8.9537 53.1874 29.5887 23.5987 11.1943 1.35437 12.4044 6.80943
internal_count=24513 16338 82 48 8175 7849 327 71 256 7522 719 88 6803 816 43 5987 241 5746 839 117 103 722 702 4907 3030 1877 872 40 1005 451
is_linear=0
shrinkage=0.1


Tree=243
num_leaves=31
num_cat=0
split_feature=10 10 0 10 6 0 0 7 9 8 13 11 12 8 8 9 8 2 9 4 8 11 0 12 8 12 6 8 8 13
split_gain=8.51784 2.70009 1.38952 1.15227 2.44086 2.35841 2.16982 2.1699 3.71879 3.60976 4.28491 3.24323 4.50789 4.48982 6.37798 4.03933 4.79195 4.8036 3.92812 4.19832 3.75735 3.36833 3.4151 3.3354 3.28902 3.23032 4.42513 4.98873 3.66437 3.434
threshold=7.5000000000000009 21.500000000000004 20.500000000000004 12.500000000000002 11.500000000000002 31.500000000000004 49.500000000000007 5.5000000000000009 115.78878119429591 0.12599206349206346 0.84962406015037606 1.5000000000000002 1.5000000000000002 0.22933743169398904 0.2561121049493143 160.89314814814819 0.14670014347202293 3.5000000000000004 174.59602204106284 17.500000000000004 0.35355392156862747 2.5000000000000004 35.500000000000007 2.5000000000000004 0.32305502846299816 7.5000000000000009 4.5000000000000009 0.29198717948717956 0.23420877659574468 1.1339285714285716
decision_type=2 2 2 2 2 2 2 2 2 2 2 2 2 2 2 2 2 2 2 2 2 2 2 2 2 2 2 2 2 2
left_child=-1 2 -2 4 6 -5 7 8 -4 10 -9 20 13 -13 -15 16 -14 21 19 -17 23 -18 -23 -10 -25 -20 28 29 -27 -28
right_child=1 -3 3 5 -6 -7 -8 9 11 -11 -12 12 15 14 -16 18 17 -19 25 -21 -22 22 -24 24 -26 26 27 -29 -30 -31
leaf_value=-0.075131133834396541 -0.053958274952473885 -0.075149299686752782 0.080603859382241502 -0.047460398103856764 -0.068117973488741573 -0.00062299022035915868 0.056589662074493056 -0.052613841270462716 -0.032712937735336345 -0.0036829735158696109 0.065305471239860302 0.094195837026190346 -0.12343957978898346 -0.07147824800473665 0.056507678439919121 -0.0018851181799680709 0.021770676561013492 0.013389326913230285 0.020352319530773062 0.075109312374058573 -0.082628462027466917 -0.034043720769818514 -0.15460007033460921 0.0042120282998112787 0.10569180298023904 -0.10092926190107365 0.05061803601004522 -0.083556723878819392 -0.0050409592848782818 -0.029087457152224383
leaf_weight=15.057317654791403 4.6812358503229907 4.7312982579460359 7.1662952732294789 10.823472044430671 4.6915599405765525 1597.6754448233405 7.8340917937457553 3.8765873219817903 26.236908248160034 368.94117228221148 15.025967507623134 13.089747892692687 3.8326147068291894 5.5958850197494057 12.800041308160869 10.848460905253889 3.7846016287803641 32.909915631636977 87.590259490534663 20.398233283311129 6.1694066398777059 5.0740348435938341 4.3764975816011429 68.820535388309509 3.3492259280756107 8.3059991141781193 18.403548088390387 4.818098170682787 7.6614899267442516 7.6531960498541585
leaf_count=8175 1119 2040 44 151 18 9035 97 25 128 1789 82 78 20 22 72 59 21 157 528 77 54 42 15 356 22 73 83 25 57 49
internal_value=-0.000155548 0.000319359 0.000469864 0.000577473 0.00378837 -0.000938156 0.00423545 0.00368619 0.00929008 -0.00149928 0.0411223 0.00783706 0.0140835 0.0494293 0.0175754 0.00892306 -0.0159953 -0.00707142 0.0164398 0.0483778 -0.00692506 -0.0579482 -0.0898728 -0.00217898 0.00892146 0.00901627 -0.012181 0.00992248 -0.0549203 0.0272075
internal_weight=2392.22 2377.17 2372.43 2367.75 759.254 1608.5 754.563 746.729 358.885 387.844 18.9026 351.719 247.143 31.4857 18.3959 215.657 49.9777 46.145 165.679 31.2467 104.576 13.2351 9.45053 98.4067 72.1698 134.433 46.8423 30.8748 15.9675 26.0567
internal_count=24513 16338 14298 13179 3993 9186 3975 3878 1982 1896 107 1938 1378 172 94 1206 255 235 951 136 560 78 57 506 378 815 287 157 130 132
is_linear=0
shrinkage=0.1


Tree=244
num_leaves=31
num_cat=0
split_feature=4 13 5 0 10 0 7 12 13 13 10 7 0 9 12 12 8 5 5 5 13 8 11 7 0 8 6 10 7 13
split_gain=9.53659 0.989286 1.39103 2.57074 1.62992 0.924472 2.87102 3.53148 3.08341 1.93613 1.85493 0.900113 0.934246 0.827003 3.14815 2.48675 4.9166 4.66412 3.05657 2.96171 3.42547 4.6248 2.66688 3.18026 2.33888 2.22954 2.35685 2.21543 2.63453 2.53361
threshold=14.500000000000002 0.51315789473684215 4.5000000000000009 39.500000000000007 18.500000000000004 41.500000000000007 -7.4999999999999991 4.5000000000000009 0.94987468671679209 1.1791443850267382 11.500000000000002 -13.499999999999998 21.500000000000004 406.13259259259263 1.5000000000000002 5.5000000000000009 0.33072916666666669 1.5000000000000002 1.0000000180025095e-35 4.5000000000000009 1.4833333333333336 0.22016949152542373 5.5000000000000009 -2.4999999999999996 22.500000000000004 0.24807692307692308 4.5000000000000009 1.5000000000000002 -3.4999999999999996 0.94987468671679209
decision_type=2 2 2 2 2 2 2 2 2 2 2 2 2 2 2 2 2 2 2 2 2 2 2 2 2 2 2 2 2 2
left_child=5 2 -2 4 -4 13 7 -7 -9 -10 -8 -3 -13 -1 25 22 18 -18 -17 20 -20 -22 27 24 -24 26 -15 28 -16 -29
right_child=1 11 3 -5 -6 6 10 8 9 -11 -12 12 -14 14 15 16 17 -19 19 -21 21 -23 23 -25 -26 -27 -28 29 -30 -31
leaf_value=0.00072470439800614525 -0.076392625340395037 0.097477381888980155 0.020365783153841244 -0.075642803495186539 0.27632043707872417 -0.077451231479848823 0.12978739078385165 -0.076416562921614001 0.26213964332792028 0.053022154543099546 -0.076533417573530979 0.026497782547644566 -0.075443193067018105 -0.045309207382612571 -0.031763233246443361 -0.035659982218594441 -0.16470223897696229 0.0049504089795853407 0.056792329129585234 -0.056007125286148388 -0.070165826983428672 0.074424048248529842 0.021431556327200913 0.060411022644673365 -0.080698343850778675 0.088679839462564858 0.051132702203157299 -0.013230059878788955 0.053687214433537835 -0.060545501642068546
leaf_weight=1959.3248363675084 1.7760272162267967 0.3213026523590149 0.46565443975850918 0.90303570928517729 0.53422393836081028 1.5674992677522821 0.46386351808905413 0.63225819950457696 1.1185042726574463 0.73282545059919346 7.1908871706109494 0.93891218490898509 21.153113655309426 4.5360479177907091 9.472761018201707 9.2676911484450084 3.1329062059521666 3.3568084947764874 25.091228591278195 3.7517076116055241 5.7145808823406679 3.6093901786953211 4.6739227324724215 7.5719353090971699 4.3101841583848 5.247414417564868 5.7410835549235344 18.063444036524743 5.8277986682951441 30.301454185508192
leaf_count=12090 607 2 37 270 7 101 4 53 29 37 805 27 9485 28 40 54 18 26 179 25 42 32 36 51 16 39 37 119 23 194
internal_value=-0.000717447 -0.0608051 -0.0127436 0.0466612 0.15712 2.18477e-05 -0.028003 0.0400733 0.114248 0.179363 -0.0640308 -0.0686939 -0.0711107 0.000177398 -0.00698735 -0.0119211 0.00468544 -0.0769493 0.0158542 0.0283629 0.0375603 -0.0141938 -0.023084 0.0126705 -0.0275659 0.035645 0.00856585 -0.0323818 0.000783812 -0.042874
internal_weight=2146.79 26.0923 3.67894 1.90291 0.999878 2120.7 11.7058 4.05109 2.48359 1.85133 7.65475 22.4133 22.092 2109 149.67 134.146 53.9243 6.48971 47.4346 38.1669 34.4152 9.32397 80.2215 16.556 8.98411 15.5245 10.2771 63.6655 15.3006 48.3649
internal_count=24513 10435 921 314 44 14078 1029 220 119 66 809 9514 9512 13049 959 855 376 44 332 278 253 74 479 103 52 104 65 376 63 313
is_linear=0
shrinkage=0.1


Tree=245
num_leaves=31
num_cat=0
split_feature=0 3 5 6 7 13 9 1 9 9 9 0 9 4 10 11 13 8 12 12 3 12 6 8 0 9 8 13 7 9
split_gain=1.18613 1.23987 1.23862 2.50141 3.06425 2.21358 5.35597 3.33068 3.21826 4.16451 4.82116 3.86742 3.47307 3.41811 3.38452 3.35802 2.83826 2.67037 4.46378 3.48994 3.65249 3.02848 2.8915 2.72059 2.45886 4.88816 2.75785 2.53693 4.70044 2.46115
threshold=56.500000000000007 21.500000000000004 5.5000000000000009 6.5000000000000009 2.5000000000000004 0.72077922077922085 354.06578947368428 1.5000000000000002 217.5747023809524 203.24102067183466 201.06271668087527 34.500000000000007 229.30280388471181 19.500000000000004 17.500000000000004 1.0000000180025095e-35 1.297058823529412 0.32392686804451515 6.5000000000000009 4.5000000000000009 11.500000000000002 3.5000000000000004 15.500000000000002 0.16302800189843378 29.500000000000004 289.61327573392799 0.20611577964519137 1.4833333333333336 -5.4999999999999991 291.64493055555562
decision_type=2 2 2 2 2 2 2 2 2 2 2 2 2 2 2 2 2 2 2 2 2 2 2 2 2 2 2 2 2 2
left_child=2 -2 -1 -4 5 6 7 -5 9 10 15 -11 13 14 16 -7 -10 19 -19 20 23 22 -22 -17 25 26 -14 28 -27 -26
right_child=1 -3 3 4 -6 8 -8 -9 12 11 -12 -13 24 -15 -16 17 -18 18 -20 -21 21 -23 -24 -25 29 27 -28 -29 -30 -31
leaf_value=-0.0004521700119806361 -0.07581902895558823 0.12276533301513984 0.080001501052007359 0.0040180483772961099 -0.064064913543150068 -0.072972373069390473 -0.08100282784243007 -0.073911302154568856 -0.08397145153897774 0.10788049853578965 0.13510843887059476 -0.067502855725879704 0.043501093872663606 -0.056332541525881685 0.10574561323855797 0.091750553922332972 0.12152848065032479 -0.026157949604291592 0.16893805922867794 -0.040999408724936626 -0.078506129274825059 0.31406311475549198 0.2211102563437565 -0.01234264179399368 0.014581958094598675 0.043827945285534728 -0.041927261289854141 0.023711448301115875 0.14926142253739702 -0.016617029329703322
leaf_weight=3112.8829716641922 3.2949297614977691 0.34756851429119695 4.4488888885825864 125.75440514215734 6.3948396005434907 5.6638994097011155 8.56289812363684 5.7345073777250937 1.9792924930807232 1.3744380865246082 2.7547184601426116 14.754838745575396 5.6015408262610462 2.1195303521817541 10.94738276209682 3.2514710559044095 1.0176481090020386 2.1565779200755051 2.5707055842503905 12.465936597203834 0.68893378693610363 0.75067032151855517 0.60492396680638194 11.022931018378584 85.848149708239362 14.829789881594481 11.613886330276726 19.590107858181 5.9150056205689898 35.84065817669034
leaf_count=20326 842 4 31 726 297 114 39 105 47 11 39 232 27 43 69 38 17 31 19 274 45 16 7 195 550 68 41 82 23 155
internal_value=0.000165037 -0.05687 0.000224105 0.00543157 0.0046018 0.00571795 -0.00437107 0.000619386 0.0112949 -0.0093758 0.00723477 -0.0525578 0.0174399 0.0619844 0.0799685 -0.00175685 -0.0141914 0.0102793 0.0799356 -0.00116021 0.0292727 0.154279 0.0615751 0.0113681 0.0134477 0.0304792 -0.0141307 0.0495192 0.0738904 0.00539301
internal_weight=3520.78 3.6425 3517.14 404.259 399.81 393.415 140.052 131.489 253.363 58.06 41.9308 16.1293 195.303 16.0639 13.9443 39.176 2.99694 33.5122 4.72728 28.7849 16.3189 2.04453 1.29386 14.2744 179.239 57.5503 17.2154 40.3349 20.7448 121.689
internal_count=24513 846 23667 3341 3310 3013 870 831 2143 1021 778 243 1122 176 133 739 64 625 50 575 301 68 52 233 946 241 68 173 91 705
is_linear=0
shrinkage=0.1


Tree=246
num_leaves=31
num_cat=0
split_feature=10 0 7 10 0 6 2 0 9 8 9 12 11 4 8 11 0 4 7 3 8 5 9 11 12 0 8 8 8 9
split_gain=2.60773 3.17859 1.01483 1.10048 5.30481 2.31247 3.28021 2.94478 2.05408 3.03326 2.04839 3.26523 6.78777 3.02796 2.39433 2.1782 2.0022 4.14418 1.92469 2.96506 5.43778 4.84246 3.74996 2.77964 4.33666 3.62046 3.18389 2.59651 3.58476 3.5626
threshold=6.5000000000000009 27.500000000000004 -14.499999999999998 19.500000000000004 32.500000000000007 14.500000000000002 2.5000000000000004 45.500000000000007 371.69427497789576 0.17165178571428572 230.43450317124737 1.5000000000000002 1.0000000180025095e-35 12.500000000000002 0.2561121049493143 4.5000000000000009 39.500000000000007 11.500000000000002 3.5000000000000004 5.5000000000000009 0.25472370766488417 2.5000000000000004 234.82068914522333 4.5000000000000009 4.5000000000000009 46.500000000000007 0.29198717948717956 0.11215932914046121 0.20550527903469076 245.46350609756101
decision_type=2 2 2 2 2 2 2 2 2 2 2 2 2 2 2 2 2 2 2 2 2 2 2 2 2 2 2 2 2 2
left_child=1 -1 -2 -4 8 10 7 -7 -5 -10 13 12 -12 -6 -15 16 -14 -18 19 22 21 -21 -13 24 -22 -26 -25 -24 29 -29
right_child=2 -3 3 4 5 6 -8 -9 9 -11 11 18 15 14 -16 -17 17 -19 -20 20 23 -23 27 26 25 -27 -28 28 -30 -31
leaf_value=-0.075113068619948473 0.044630439306916722 -0.0047718275458787105 0.001306618442720999 -0.070232892185847315 -0.048719242938191909 -0.049677858225150522 -0.076107117003156644 0.034983868871803096 0.20972895278037998 -0.077929922802887852 0.06346706846906848 0.055084272692610584 -0.082518592125634713 0.0030564119707632703 -0.021940977864757592 -0.080366809666074138 0.049136770326348896 -0.050683022885421196 -0.040095650143285512 0.073303944589938899 0.086585012222433089 -0.0098271939644753153 -0.090737158604146828 0.14221620796333931 -0.070154674441673601 0.053766821053953834 0.037931632410142933 -0.041532737649777517 -0.0083607002218938509 0.026693064340756523
leaf_weight=10.041114445892164 5.2256418084725729 17.833985327975824 3006.0677251070738 15.082726867869498 17.186160447075963 7.5204536933451953 9.9293475076556188 9.0555473342537862 0.67413891106843837 0.8034485038369894 7.3948097098618737 13.066621299833058 4.7094086343422559 122.42815207317472 55.773048773407936 10.423261730000375 7.1564941108226803 9.9304719567298871 8.2639036625623685 8.5128403268754465 8.4073320291936451 39.615280248224735 3.1141207460314027 6.7059909552335721 5.0323575437068921 4.4356546700000763 5.1961134634912014 8.6516227982938272 137.32755560521036 66.353252237662673
leaf_count=6199 28 954 13279 960 113 46 44 34 13 44 41 65 64 494 226 59 29 37 32 36 38 174 32 28 24 21 22 46 916 415
internal_value=0.000358396 -0.03011 0.000594051 0.000530108 -0.00340788 -0.00180408 -0.030654 -0.00342676 -0.0592096 0.0533124 -0.000412957 0.00412034 -0.0229368 -0.00863321 -0.00476722 -0.0427676 -0.0247873 -0.00887573 0.00752649 0.00881083 0.0256581 0.00487694 0.00306718 0.059246 0.0343152 -0.0120989 0.0966886 -8.76085e-05 0.00124188 0.0188234
internal_weight=3631.92 27.8751 3604.04 3598.82 592.75 576.19 26.5053 16.576 16.5603 1.47759 549.684 354.297 39.6144 195.387 178.201 32.2196 21.7964 17.087 314.683 306.419 77.9056 48.1281 228.513 29.7774 17.8753 9.46801 11.9021 215.447 212.332 75.0049
internal_count=24513 7153 17360 17332 4053 3036 124 80 1017 57 2912 2079 230 833 720 189 130 66 1849 1817 343 210 1474 133 83 45 50 1409 1377 461
is_linear=0
shrinkage=0.1


Tree=247
num_leaves=31
num_cat=0
split_feature=10 10 3 12 4 13 12 4 0 8 8 9 9 13 8 8 0 12 10 0 12 0 3 7 13 1 8 8 1 11
split_gain=7.90217 2.49959 1.28231 1.80262 1.85432 1.59565 1.37281 1.03323 2.60366 1.89445 3.61022 3.44561 3.81225 2.66873 2.99891 2.04951 4.13502 1.85405 2.68323 1.68911 3.39251 1.57032 1.78605 2.70668 1.91697 3.17718 6.35223 6.42881 1.87495 2.81213
threshold=7.5000000000000009 21.500000000000004 2.5000000000000004 5.5000000000000009 10.500000000000002 0.94987468671679209 3.5000000000000004 10.500000000000002 48.500000000000007 0.22684391080617491 0.22933743169398904 211.33875000000003 214.1086904761905 1.7238095238095241 0.31726674409601241 0.18107302533532041 38.500000000000007 9.5000000000000018 8.5000000000000018 30.500000000000004 2.5000000000000004 24.500000000000004 8.5000000000000018 2.5000000000000004 1.4833333333333336 1.5000000000000002 0.18942218080149117 0.26043478260869574 4.5000000000000009 1.5000000000000002
decision_type=2 2 2 2 2 2 2 2 2 2 2 2 2 2 2 2 2 2 2 2 2 2 2 2 2 2 2 2 2 2
left_child=-1 2 3 4 -2 -6 -7 8 9 15 -11 -12 -13 17 -15 16 -4 19 -19 -14 -21 22 23 -9 25 -25 -27 -28 -24 -30
right_child=1 -3 7 -5 5 6 -8 21 -10 10 11 12 13 14 -16 -17 -18 18 -20 20 -22 -23 28 24 -26 26 27 -29 29 -31
leaf_value=-0.07512184827187636 -0.079634622061375948 -0.075138124140848139 -0.03851017038705707 -0.091633721015128539 0.10993048728137728 -0.095585211627221986 0.078535977918786581 -0.076996141674185295 0.13194069525406674 0.21849475062204793 -0.083213313492134455 0.32270167836098429 -0.050512155110724537 0.014932563856632292 0.29384414564771627 -0.058296444710184872 0.12159789449883283 0.22014899283690423 -0.010952081784078809 0.1186189826199706 -0.050682275809896753 0.00055993525432647092 -0.077467520221458294 -0.017013252343675105 -0.077603678013233923 -0.078252370027442536 0.51383292001780845 0.07456276196898147 0.17905108252915805 -0.077400064864958415
leaf_weight=13.974149850808315 1.9504869543015937 4.3844054323853916 4.3723434023559147 3.631815982167609 1.7498945822007956 1.0869195302948353 0.77612462127581228 2.4069462120533016 1.9024911979213346 0.99492743285373109 2.5932814024854443 0.46983529138378699 4.1984494200441933 0.76381248992402173 0.77834761654958129 6.2871932531706989 2.556049682199955 0.98233894375153008 1.0283301535528151 2.4429560627322644 2.2959618105087429 2313.4951646076515 8.1542578195221704 1.6431713551282885 0.88837406341917802 0.6803247858770195 0.6758326427079735 0.65711465338245034 0.77275607176124939 0.95728076202794909
leaf_count=8175 381 2040 280 337 38 38 23 102 14 24 120 7 245 43 22 210 31 37 32 21 56 11762 267 63 32 19 18 25 17 34
internal_value=-0.000143338 0.000297717 0.0004372 -0.0368338 -0.00106036 0.0413589 -0.0230482 0.000582296 0.0185242 0.0112747 0.0338204 0.022007 0.0430614 0.0325424 0.155703 -0.0169565 0.0205575 0.0151938 0.101955 -0.00432525 0.0365941 0.000338488 -0.0300913 0.00874626 0.0541556 0.0861681 0.170381 0.297282 -0.0574063 0.037149
internal_weight=2389.55 2375.58 2371.19 9.19524 5.56343 3.61294 1.86304 2362 31.6663 29.7638 16.5482 15.5533 12.96 12.4902 1.54216 13.2156 6.92839 10.948 2.01067 8.93737 4.73892 2330.33 16.8361 6.95176 4.54482 3.65644 2.01327 1.33295 9.88429 1.73004
internal_count=24513 16338 14298 817 480 99 61 13481 1142 1128 607 583 463 456 65 521 311 391 69 322 77 12339 577 259 157 125 62 43 318 51
is_linear=0
shrinkage=0.1


Tree=248
num_leaves=31
num_cat=0
split_feature=4 2 0 5 12 9 0 0 9 8 4 7 11 6 9 9 5 6 7 12 9 13 12 8 9 0 12 13 8 2
split_gain=8.72424 0.955035 1.07205 1.61129 1.1014 1.02765 0.906353 0.878986 2.27889 2.51264 2.34567 2.35481 3.44995 2.20472 1.84137 1.73257 1.55833 1.82059 2.20876 1.92811 1.49526 4.69583 7.05289 3.90233 2.32006 1.94985 1.81401 3.71595 5.35409 4.40943
threshold=14.500000000000002 2.5000000000000004 40.500000000000007 4.5000000000000009 4.5000000000000009 196.83293559516966 21.500000000000004 32.500000000000007 367.09212454212462 0.19378911892152142 11.500000000000002 -9.4999999999999982 1.5000000000000002 14.500000000000002 359.33841503267979 355.72262443438916 8.5000000000000018 13.500000000000002 -10.499999999999998 4.5000000000000009 335.5436212814646 0.94987468671679209 5.5000000000000009 0.26365441906653431 332.82039072039078 35.500000000000007 4.5000000000000009 1.4833333333333336 0.16405676535356004 1.0000000180025095e-35
decision_type=2 2 2 2 2 2 2 2 2 2 2 2 2 2 2 2 2 2 2 2 2 2 2 2 2 2 2 2 2 2
left_child=7 2 3 -2 5 -5 -3 13 10 -10 14 12 -12 16 15 20 17 18 19 -1 24 25 23 -23 26 -22 -9 28 -28 -30
right_child=1 6 -4 4 -6 -7 -8 8 9 -11 11 -13 -14 -15 -16 -17 -18 -19 -20 -21 21 22 -24 -25 -26 -27 27 -29 29 -31
leaf_value=0.088795186485045557 -0.076935805469627555 0.02451374040088861 -0.075345324078652881 0.18101684295047971 -0.076364916089649432 0.012911941831538556 -0.075395700630203316 -0.014215697270800194 0.025366816411070577 -0.078355005365315658 0.27979530529026375 -0.059564583610784663 -0.077177656808857562 0.047332957172528674 0.069665796486047024 -0.094484601694842685 -0.049885659081129491 -0.050544822518443111 0.00048388537353514783 0.0032514109162503097 -0.092323624976505314 0.052546479404127412 -0.040942710917740009 0.1929674824801754 -0.089748341312607116 0.01749040291674454 -0.048017147074315716 -0.03649955837469001 -0.017791275392391559 0.050416305794455267
leaf_weight=5.3150913193821889 1.155823495122607 0.9555552070960428 2.211201956786681 0.88393515907227971 0.39204124221578229 0.61782003403641284 18.243518544506514 69.621424544835463 3.2406153455376616 8.3625746536999923 0.52234420715831109 11.18693491979502 0.56204430770594627 10.057361075654624 3.6432940438389769 2.0097685605287543 6.1454154704697421 6.9477879665791979 1890.4145398177207 5.2250502370297909 3.600370459258559 4.260462671518324 4.3198498301208019 3.6958608725108206 3.1227345149964085 2.9350021630525589 9.816236680839209 14.838400514563544 12.771974355680866 36.749767377972603
leaf_count=20 324 26 865 26 43 31 9120 791 16 61 16 1076 41 38 19 12 26 28 10880 21 20 32 33 16 24 28 105 177 132 466
internal_value=-0.000698979 -0.0600796 -0.0223314 0.0161076 0.0728939 0.111859 -0.0704231 -1.36592e-05 -0.00640654 -0.0493869 -0.00369109 -0.045926 0.0947743 0.000635095 -0.000667032 -0.00219464 0.000389721 0.00055166 0.000738412 0.0463887 -0.00107547 0.0254696 0.0619238 0.117775 -0.00447427 -0.0430067 -0.00262245 0.0082589 0.0194515 0.0328251
internal_weight=2143.82 24.4599 5.26082 3.04962 1.8938 1.50176 19.1991 2119.36 195.26 11.6032 183.656 12.2713 1.08439 1924.11 171.385 167.742 1914.05 1907.9 1900.95 10.5401 165.732 18.8115 12.2762 7.95632 146.921 6.53537 143.798 74.1764 59.338 49.5217
internal_count=24513 10435 1289 424 100 57 9146 14078 3065 77 2988 1133 57 11013 1855 1836 10975 10949 10921 41 1824 129 81 48 1695 48 1671 880 703 598
is_linear=0
shrinkage=0.1


Tree=249
num_leaves=31
num_cat=0
split_feature=9 12 9 10 13 11 11 6 8 8 5 7 4 2 0 9 7 8 13 11 12 7 3 0 9 11 0 4 10 0
split_gain=1.20805 3.16855 8.02004 5.13761 3.88881 3.27643 6.1773 6.5494 5.44547 3.07799 3.05376 2.91303 2.90832 2.89271 2.4656 2.97625 2.15542 3.3829 2.79011 2.15019 4.1644 3.51189 4.63599 3.25194 3.20913 2.50183 2.13883 2.09738 3.36983 3.65565
threshold=152.77033096926718 6.5000000000000009 148.51445512820516 10.500000000000002 0.89444444444444449 5.5000000000000009 3.5000000000000004 4.5000000000000009 0.25834260289210237 0.22933743169398904 3.5000000000000004 1.0000000180025095e-35 15.500000000000002 5.5000000000000009 34.500000000000007 134.65788288288292 8.5000000000000018 0.26043478260869574 0.88194444444444453 1.5000000000000002 2.5000000000000004 4.5000000000000009 10.500000000000002 29.500000000000004 134.65788288288292 1.0000000180025095e-35 24.500000000000004 18.500000000000004 18.500000000000004 40.500000000000007
decision_type=2 2 2 2 2 2 2 2 2 2 2 2 2 2 2 2 2 2 2 2 2 2 2 2 2 2 2 2 2 2
left_child=1 5 3 10 -4 6 8 9 11 -8 16 -1 -7 -9 -15 -16 18 -18 -3 23 -21 -22 -23 25 -24 -13 -11 -2 29 -29
right_child=27 2 4 -5 -6 12 7 13 -10 26 -12 19 -14 14 15 -17 17 -19 -20 20 21 22 24 -25 -26 -27 -28 28 -30 -31
leaf_value=-0.032491860328716288 0.00030119347997562842 -0.056817070397599423 -0.04698757712824965 -0.073086020351219513 0.12484874491073442 0.031691675019128139 0.029203620020295154 0.046941756292349944 -0.03323738108587633 0.088313670593571009 0.072228915796356305 0.077546818461878317 -0.056942186124062835 -0.08552030376328279 -0.079430310652447947 0.22092216771248596 -0.0014115370328960019 -0.1210172733115103 0.029747324916558654 0.0098104239002681764 0.17743562152175901 -0.057867700762793101 0.18760836590132215 -0.051193424341687048 0.014094718421338496 -0.013942466078390798 0.17355092105244704 -0.013191348158829825 0.0021741225073849397 -0.061461011679788291
leaf_weight=6.7354224466253063 3178.1019202637253 5.2547555137425723 1.7094440871151153 15.687784173816906 5.7367986214230768 5.8899739049375048 3.7956974836997714 9.8096111854538304 21.705684086016845 5.6490257419645769 4.5900747729465357 7.6685921326279658 9.9660615935572405 3.8772990088909856 0.65128636092413195 0.66861510678427294 5.3630366474390012 4.2298182062804699 12.776949488557873 8.4593361452571134 4.027842275798319 2.2455415464937687 2.6726930248551071 5.3518260766286394 1.7730095831211654 4.8980147838592529 6.1475040134973824 59.733376145362854 90.951460751355626 21.278974486980587
leaf_count=50 17245 25 37 326 65 24 31 69 222 23 25 35 155 27 17 42 37 21 60 80 26 11 22 134 29 19 37 1053 1123 3443
internal_value=0.000133357 0.00842528 -0.0111483 -0.0261564 0.0854 0.0180988 0.0250452 0.0621429 0.00772464 0.10753 -0.00330269 0.028009 -0.0240177 0.0149847 -0.0453336 0.0727176 -0.015853 -0.0541498 0.00452094 0.0389937 0.0622646 0.103661 0.0592514 0.0140864 0.118409 0.0418876 0.132733 -0.000280839 -0.0110375 -0.02587
internal_weight=3517.41 167.342 55.3487 47.9024 7.44624 111.993 96.137 30.599 65.538 15.5922 32.2146 43.8323 15.856 15.0068 5.1972 1.3199 27.6246 9.59285 18.0317 37.0969 19.1784 10.7191 6.69124 17.9184 4.4457 12.5666 11.7965 3350.07 171.964 81.0124
internal_count=24513 1649 596 494 102 1053 874 246 628 91 168 406 179 155 86 59 143 58 85 356 168 88 62 188 51 54 60 22864 5619 4496
is_linear=0
shrinkage=0.1


Tree=250
num_leaves=31
num_cat=0
split_feature=10 9 9 6 0 2 12 8 4 11 8 12 2 4 9 10 13 5 3 8 3 8 11 3 8 7 9 12 9 5
split_gain=2.3234 1.03786 1.00651 3.05569 2.70922 2.61321 2.55027 2.82673 2.77564 2.21875 1.80527 1.49511 2.46955 1.87963 1.32678 5.2282 2.10345 1.91836 3.01152 1.60751 1.51175 1.18584 1.16203 3.5692 3.84684 3.23026 4.47536 6.59853 5.66609 3.83229
threshold=7.5000000000000009 448.9585294117648 359.33841503267979 1.5000000000000002 17.500000000000004 1.5000000000000002 7.5000000000000009 0.26209992193598758 6.5000000000000009 2.5000000000000004 0.22767145135566183 3.5000000000000004 1.0000000180025095e-35 5.5000000000000009 327.30582908885123 21.500000000000004 0.75595238095238104 1.5000000000000002 5.5000000000000009 0.23956521739130437 3.5000000000000004 0.17521929824561402 4.5000000000000009 11.500000000000002 0.24357284113381675 4.5000000000000009 225.86830065359479 5.5000000000000009 230.43450317124737 3.5000000000000004
decision_type=2 2 2 2 2 2 2 2 2 2 2 2 2 2 2 2 2 2 2 2 2 2 2 2 2 2 2 2 2 2
left_child=1 -1 14 5 9 -4 8 -8 11 -5 -10 12 -6 -13 22 16 -16 19 20 -18 -19 -11 25 -24 -25 -2 29 -28 -29 -27
right_child=2 -3 3 4 6 -7 7 -9 10 21 -12 13 -14 -15 15 -17 17 18 -20 -21 -22 -23 23 24 -26 26 27 28 -30 -31
leaf_value=-0.013869032178450622 -0.0027783423608115044 -0.078514242325987194 0.0035531156158613167 0.03976407703107479 0.1313638205622682 -0.11381930973686355 0.047258989607724844 -0.098315527701837491 -0.022233239245296996 0.016920794837563032 0.061098574179927347 0.079671645689917414 0.0059559505791701431 0.20604897909586897 0.039262050403901474 -0.083143123085647613 -0.098452776777710846 0.013106014132863136 0.05927006508897667 -0.010786957256623554 -0.067700237237114061 -0.07630615864141814 0.0066163158180039539 0.0035215903215996755 -0.025395506791581108 -0.0014959925796829456 0.049383565831068302 0.094030061993165021 -0.018670729337064051 0.017982125318595367
leaf_weight=84.813885064300848 1718.2316268729046 2.5584299916517912 5.0582447927445155 4.6067046672105771 2.8773068855516666 3.0350742191076279 3.0238227080553761 2.3866850975900888 4.7978007681667787 1.8949321527034042 5.6743181981146336 2.5872726729139686 3.4566800943575799 2.1589359743520617 10.231508741155265 9.3316779383458179 4.0803739186376351 4.3112432714551669 6.2915115654468527 4.2916230894625187 5.0006333813071251 4.8733786437660456 793.79315904341638 108.95156126376241 79.624743190594018 533.2223620004952 51.734187193214893 5.1030482277274123 35.454675734043121 124.6165895787999
leaf_count=7849 7940 326 36 39 28 16 39 21 22 17 27 35 36 14 53 294 20 27 22 21 21 45 3500 548 383 2123 201 23 135 652
internal_value=0.000347521 -0.015762 0.000745048 0.0153715 0.0271584 -0.0404627 0.0444248 -0.0169569 0.0598341 -0.0137691 0.0229201 0.0947222 0.0629243 0.137158 0.000550695 -0.0167969 0.00130236 -0.014897 0.00582293 -0.0535138 -0.0302883 -0.0502053 0.000769573 0.00367841 -0.00868841 -0.000388098 0.00508694 0.0257086 -0.00449051 0.00219381
internal_weight=3628.07 87.3723 3540.7 46.4312 38.3378 8.09332 26.9628 5.41051 21.5523 11.375 10.4721 11.0802 6.33399 4.74621 3494.27 43.5386 34.2069 23.9754 15.6034 8.372 9.31188 6.76831 3450.73 982.369 188.576 2468.36 750.131 92.2919 40.5577 657.839
internal_count=24513 8175 16338 375 323 52 222 60 162 101 49 113 64 49 15963 458 164 111 70 41 48 62 15505 4431 931 11074 3134 359 158 2775
is_linear=0
shrinkage=0.1


Tree=251
num_leaves=31
num_cat=0
split_feature=10 10 0 12 7 10 7 8 0 11 2 9 9 8 6 9 8 9 7 5 3 13 13 13 2 7 12 10 4 11
split_gain=7.33652 2.31702 1.17983 1.16809 2.7997 1.04142 3.7534 4.61169 4.4437 5.33368 3.60743 3.7682 5.33564 3.76531 3.48007 3.47011 3.22853 3.38052 5.30428 3.068 4.63225 4.5009 4.51618 6.60034 4.9442 4.67285 4.03556 4.49402 3.11027 3.06879
threshold=7.5000000000000009 21.500000000000004 20.500000000000004 10.500000000000002 2.5000000000000004 14.500000000000002 2.5000000000000004 0.12034482758620692 39.500000000000007 2.5000000000000004 9.5000000000000018 158.94392883686365 175.35273550724642 0.24165739710789766 14.500000000000002 300.38680555555561 0.30079365079365078 201.83830952380956 6.5000000000000009 4.5000000000000009 17.500000000000004 1.3923076923076925 1.0557275541795668 0.81176470588235305 4.5000000000000009 3.5000000000000004 4.5000000000000009 17.500000000000004 25.500000000000004 3.5000000000000004
decision_type=2 2 2 2 2 2 2 2 2 2 2 2 2 2 2 2 2 2 2 2 2 2 2 2 2 2 2 2 2 2
left_child=-1 2 3 -2 -5 -4 10 -8 9 -9 11 13 14 -7 -13 -14 19 18 -18 -10 21 22 23 24 25 -21 27 -25 -24 -28
right_child=1 -3 5 4 -6 6 7 8 16 -11 -12 12 15 -15 -16 -17 17 -19 -20 20 -22 -23 28 26 -26 -27 29 -29 -30 -31
leaf_value=-0.075112975538809246 -0.075245079707722873 -0.075128066091185233 0.0025720330642486945 -0.075494067771558704 0.34562414793041413 0.00055425178483298556 -0.078962147776139385 -0.099772036700885691 -0.0031295114396631633 -0.0084176040854031763 -0.087689096811930711 -0.031260764777377811 0.0047023158188560267 0.078999676809037536 0.054640076431087259 -0.078780674804225764 0.07008024679843497 -0.016523334985044415 -0.022907600561732255 0.062697633022191876 -0.1339050103279604 -0.1138103967361966 0.038477384016064459 -0.19831831400157715 0.080828289537379944 -0.088467795935066568 0.018737824613528374 -0.057472915251340101 -0.047724372326578959 -0.099556879735520673
leaf_weight=12.966311885407775 3.5752244391478589 4.0641872227424747 1219.0322571373545 0.47248119697906066 0.23709094361402094 11.782632499933245 9.4916023761033994 11.283911945298316 206.97236209828407 14.738678059540687 4.4405331108719102 64.371830293443054 690.13845949387178 12.72908043861389 5.0890631079673758 5.0152431576279914 19.418715651147071 16.219865007326007 8.9671893622726184 3.1401694901287538 3.8782267570495597 4.8462389931082717 18.866651486605409 4.3667388185858744 6.1059566000476471 5.8629796151071787 5.2395654022693616 4.7077830228954554 5.3790518455207339 3.7715569902211428
leaf_count=8175 1008 2040 6035 84 27 57 47 45 1198 57 26 290 4587 53 24 123 95 97 48 21 32 29 95 26 43 33 28 22 49 19
internal_value=-9.69412e-05 0.000312746 0.000442108 -0.0519845 0.0652151 0.000537057 -0.00162605 -0.0102006 -0.00830202 -0.0480307 0.00219091 0.00269668 0.00145943 0.0412914 -0.0249672 0.00410002 -0.00504831 0.0198953 0.0407051 -0.00912183 -0.0278666 -0.0212642 -0.0134561 -0.0374201 0.011366 -0.0357435 -0.078177 -0.125249 0.019353 -0.0307738
internal_weight=2387.17 2374.21 2370.14 4.2848 0.709572 2365.86 1146.82 353.257 343.766 26.0226 793.567 789.126 764.615 24.5117 69.4609 695.154 317.743 44.6058 28.3859 273.137 66.1649 62.2867 57.4405 33.1947 15.1091 9.00315 18.0856 9.07452 24.2457 9.01112
internal_count=24513 16338 14298 1119 111 13179 7144 1984 1937 102 5160 5134 5024 110 314 4710 1835 240 143 1595 397 365 336 192 97 54 95 48 144 47
is_linear=0
shrinkage=0.1


Tree=252
num_leaves=31
num_cat=0
split_feature=4 2 6 11 0 8 6 5 9 9 4 1 4 7 8 10 10 3 10 11 4 11 11 11 8 7 7 4 9 8
split_gain=8.0151 0.914973 1.00651 1.76948 0.881729 0.843995 7.20797 3.61414 4.03844 3.70501 2.9489 2.93539 2.84372 3.935 2.57359 2.09527 1.95801 2.73523 4.35017 2.77379 4.9139 2.60615 3.52524 2.47165 1.84876 3.17367 3.36268 3.3581 2.25191 2.09728
threshold=14.500000000000002 2.5000000000000004 11.500000000000002 1.0000000180025095e-35 21.500000000000004 0.10471491228070172 8.5000000000000018 1.5000000000000002 253.65381720430108 421.79588235294119 9.5000000000000018 1.0000000180025095e-35 7.5000000000000009 1.5000000000000002 0.077677224736048267 7.5000000000000009 5.5000000000000009 1.5000000000000002 1.5000000000000002 2.5000000000000004 7.5000000000000009 4.5000000000000009 1.5000000000000002 1.5000000000000002 0.11583184257602856 -4.4999999999999991 1.5000000000000002 6.5000000000000009 379.48760964912287 0.12599206349206346
decision_type=2 2 2 2 2 2 2 2 2 2 2 2 2 2 2 2 2 2 2 2 2 2 2 2 2 2 2 2 2 2
left_child=5 2 -2 -4 -3 6 7 8 15 10 16 -8 13 -10 -11 -1 17 18 -9 20 23 22 -18 -19 25 27 28 -7 -27 -26
right_child=1 4 3 -5 -6 24 11 9 12 14 -12 -13 -14 -15 -16 -17 21 19 -20 -21 -22 -23 -24 -25 29 26 -28 -29 -30 -31
leaf_value=0.084136930183128678 -0.061415046906798859 0.022504805178496859 0.25973807018096584 -0.0059185969538126885 -0.075375325698052303 -0.015044603400102597 -0.0084046959941353628 -0.11407739433974136 -0.021870522110369141 -0.1157332287688701 0.10355505859271562 -0.093266798534691941 -0.076271684751774926 0.077335274193938902 0.018409696016435689 -0.012649385981462891 0.00031502858716431377 0.110244037303801 0.062045635450010621 0.091547434519846663 -0.089666261152427651 -0.01824396795141342 0.077401622565740569 -0.0066262637976957214 0.019326789890877914 -0.059234583822974175 0.034970652748973381 0.10353723002275186 0.017391624944607841 -0.00066183486671812797
leaf_weight=6.5255527431145293 2.8178626456647207 0.97324027353897946 0.28831127495504949 1.9234865466132758 16.930497596564237 6.4643537318333966 7.4127065038774189 2.4841366019099977 27.696197706274688 2.8922518799081436 5.6498390148626632 9.055261330213396 7.397304590791463 4.6728271618485442 2.82932198792696 3.4032319169491529 13.42177927773446 4.6735199419781583 3.2205555820837617 13.895661678165196 2.8118048906326294 15.452613756060599 10.631503660231827 2.95297637488693 54.00737401866354 25.645694383420054 5.8667355237994334 3.7872572669293731 4.5096936263144007 1870.3537160269916
leaf_count=42 1085 26 26 178 9120 34 49 14 186 23 53 56 37 27 18 34 61 51 41 101 15 76 49 19 381 165 53 22 30 12441
internal_value=-0.000667195 -0.0594677 -0.0217824 0.0287102 -0.0700546 -3.04252e-05 0.00727699 0.0151377 -0.00608852 0.0281739 0.0340765 -0.0550679 -0.0203328 -0.00754907 -0.0493995 0.050962 0.028432 0.0476748 -0.014648 0.0622853 0.023331 0.0138006 0.0343872 0.0649919 -0.000575817 -0.0203279 -0.0342989 0.0287631 -0.0477752 -0.000100852
internal_weight=2140.65 22.9334 5.02966 2.2118 17.9037 2117.71 147.079 130.611 49.6951 80.916 75.1944 16.468 39.7663 32.369 5.72157 9.92878 69.5446 30.0387 5.70469 24.334 10.4383 39.5059 24.0533 7.6265 1970.63 46.2737 36.0221 10.2516 30.1554 1924.36
internal_count=24513 10435 1289 204 9146 14078 952 847 326 521 480 105 250 213 41 76 427 241 55 186 85 186 110 70 13126 304 248 56 195 12822
is_linear=0
shrinkage=0.1


Tree=253
num_leaves=31
num_cat=0
split_feature=8 7 9 9 13 8 12 6 12 0 4 7 4 11 9 12 8 8 5 8 12 11 4 3 4 13 7 8 9 13
split_gain=1.13698 2.49593 3.62911 4.553 3.95583 3.5771 3.45016 3.35411 4.2658 5.23666 3.66801 3.3985 3.19534 3.52565 3.10947 3.20813 3.06668 4.55191 3.07309 3.04355 3.35205 3.01089 5.73408 3.36099 4.69208 2.8504 2.63827 3.59007 2.45562 3.28976
threshold=0.12599206349206346 1.0000000180025095e-35 301.53472222222229 277.57591431556955 1.6515151515151518 0.11583184257602856 2.5000000000000004 4.5000000000000009 4.5000000000000009 35.500000000000007 4.5000000000000009 -1.0000000180025095e-35 2.5000000000000004 3.5000000000000004 322.07002314814821 7.5000000000000009 0.088562091503267909 0.072299651567944212 1.5000000000000002 1.0000000180025095e-35 6.5000000000000009 4.5000000000000009 5.5000000000000009 4.5000000000000009 9.5000000000000018 1.7032967032967035 7.5000000000000009 0.11215932914046121 284.01331521739138 0.94987468671679209
decision_type=2 2 2 2 2 2 2 2 2 2 2 2 2 2 2 2 2 2 2 2 2 2 2 2 2 2 2 2 2 2
left_child=1 5 3 4 26 7 -4 10 9 -9 16 21 -7 14 15 -14 17 18 -1 -12 -21 23 -23 -10 -25 28 -3 -28 -15 -30
right_child=-2 2 6 -5 -6 12 -8 8 11 -11 19 -13 13 25 -16 -17 -18 -19 -20 20 -22 22 -24 24 -26 -27 27 -29 29 -31
leaf_value=0.048402017991794277 0.00070668695026720877 -0.032760136864555402 -0.11821309210566876 0.050394112657401971 0.06691971325629345 0.075946345276347874 -0.030653980796206848 -0.034224537352000817 0.024339510030593987 0.05780008879862733 -0.034377053766589193 -0.074591844850859387 -0.10202375233510204 0.058522088667864604 -0.0050925098316508908 0.011399247820678547 0.041383506092459554 -0.11638819050569314 -0.060249911560732672 0.089200929095752335 0.022407230252950883 0.052362787930560629 -0.054749582847580747 0.17070653489161267 0.010130399907903733 -0.068464535781777719 0.066705794395814852 -0.066670731721071116 -0.078267900955058867 0.024115086514529836
leaf_weight=6.4283929858356732 3179.8436751047266 54.736905641504563 5.9402283728122738 11.47711184248328 5.1260702526196829 3.1438437681645146 18.564579219557345 48.295976988039911 26.925788191147149 7.091658550547435 3.9635929688811293 3.8445451823063186 13.214622458326636 7.7185599571093979 8.192825470119713 3.0737808160483828 9.7501570461317879 4.3864758117124429 4.3746618255972862 16.511591747403148 13.787191621959208 8.8917537136003393 11.412679398898034 4.1593738459050646 3.2350290870526806 5.3070104252547017 6.4087547389208321 2.945700658718124 4.8454111106693736 8.9084910005331022
leaf_count=45 22438 390 28 59 28 19 103 266 155 74 19 27 85 64 45 25 59 28 39 98 76 53 62 16 33 29 40 36 33 41
internal_value=0.000124762 -0.00543772 -0.0181746 -0.00793939 -0.0176118 0.000452957 -0.0518792 0.00748418 -0.0025546 -0.022442 0.0267906 0.0162847 -0.0219131 -0.0279149 -0.055344 -0.0806197 -0.00238432 -0.0304789 0.00440377 0.0480272 0.0588071 0.0226807 -0.00784274 0.0407388 0.100455 -0.00283975 -0.0243727 0.0247058 0.0133797 -0.0119538
internal_weight=3512.51 332.663 105.199 80.6945 69.2174 227.463 24.5048 173.059 113.857 55.3876 59.2021 58.4692 54.4045 51.2607 24.4812 16.2884 24.9397 15.1895 10.8031 34.2624 30.2988 54.6246 20.3044 34.3202 7.3944 26.7795 64.0914 9.35446 21.4725 13.7539
internal_count=24513 2075 684 553 494 1391 131 1050 686 340 364 346 341 322 155 110 171 112 84 193 174 319 115 204 49 167 466 76 138 74
is_linear=0
shrinkage=0.1


Tree=254
num_leaves=31
num_cat=0
split_feature=10 0 2 1 0 9 9 8 8 13 7 11 0 8 7 5 8 8 13 3 4 9 6 1 8 1 0 0 3 7
split_gain=2.1467 3.1085 1.04122 2.72588 3.05053 2.55538 2.26777 2.9375 1.60301 1.46839 1.59758 1.20565 1.01208 1.95777 1.10962 1.00543 4.03726 3.89664 4.29262 4.86557 3.78079 5.01811 5.12525 3.67757 5.19964 2.98754 4.75198 2.98064 2.79186 5.38403
threshold=6.5000000000000009 27.500000000000004 10.500000000000002 6.5000000000000009 39.500000000000007 196.25948961156283 168.71650326797388 0.22933743169398904 0.27823315118397091 1.3508771929824563 9.5000000000000018 3.5000000000000004 63.500000000000007 0.22305140961857378 1.0000000180025095e-35 1.0000000180025095e-35 0.29805897723030988 0.18107302533532041 1.5419580419580421 13.500000000000002 20.500000000000004 165.88075633773312 1.0000000180025095e-35 1.0000000180025095e-35 0.16405676535356004 1.0000000180025095e-35 31.500000000000004 26.500000000000004 8.5000000000000018 2.5000000000000004
decision_type=2 2 2 2 2 2 2 2 2 2 2 2 2 2 2 2 2 2 2 2 2 2 2 2 2 2 2 2 2 2
left_child=1 -1 3 12 -5 11 9 -8 -9 -4 -11 -6 15 -14 -15 16 17 20 19 28 21 -2 -23 -24 -25 -18 -27 -20 29 -19
right_child=2 -3 6 4 5 -7 7 8 -10 10 -12 -13 13 14 -16 -17 25 18 27 -21 -22 22 23 24 -26 26 -28 -29 -30 -31
leaf_value=-0.075103333928127944 -0.093716009995530078 -0.0032661551457545592 -0.10292152049222683 0.080431156079494748 0.0033994807025687617 0.068649973379628554 0.067104037044526416 -0.077172360966612924 0.013574562603061264 -0.067936140535812192 0.01207983817884354 -0.074977962906970314 -0.088022804001800348 -0.052177000685457525 0.050034586752539946 0.00097581375244101527 -0.038903137101996721 -0.071496516908952423 -0.0028615091800908224 0.041967141666575905 0.072812789325935892 -0.059439769624731742 -0.039955538405619488 0.023063509937997925 0.13846300423459892 0.057157651887427621 -0.026848862129701018 0.101038371910733 -0.057957264511247643 0.0042417324688252189
leaf_weight=9.165001612040216 5.3395252041518679 17.57329676207155 3.5669505465775755 9.0426602214574832 4.8087544739246351 4.0495296185836187 5.3986818855628353 3.6516845617443323 4.1688146889209747 5.0207776837050897 4.9604471102356911 3.3160397550091147 3.7355608530342561 1.7431117650121448 2.718703449703753 3343.56947852741 6.7469097883440545 14.18530803080648 9.006910063326357 8.0174100138246995 7.7775363326072684 8.5374838300049287 6.4152586041018358 20.818209746852521 4.8058465309441081 24.420900040306151 9.2971267700195295 3.9816765598952761 41.559838362038136 27.741428473964334
leaf_count=6199 21 954 30 31 28 25 39 29 21 28 21 22 50 16 38 15998 58 122 52 32 32 46 58 98 22 117 36 18 153 119
internal_value=0.00034047 -0.0278896 0.000550236 0.000697496 0.0364344 0.00375524 -0.0190991 0.0103678 -0.0287986 -0.0478505 -0.02817 -0.0285894 0.000483936 -0.034613 0.0101033 0.000565157 -0.00634675 -0.013557 -0.0248078 -0.032444 0.00833777 -0.00258333 0.00940887 0.0277549 0.0447069 0.0218398 0.0339944 0.0289892 -0.0395899 -0.0213832
internal_weight=3625.14 26.7383 3598.4 3571.64 21.217 12.1743 26.7674 13.2192 7.8205 13.5482 9.98122 8.12479 3550.42 8.19738 4.46182 3542.22 198.651 158.186 104.493 91.504 53.6939 45.9163 40.5768 32.0393 25.6241 40.4649 33.718 12.9886 83.4866 41.9267
internal_count=24513 7153 17360 17192 106 75 168 89 50 79 49 50 17086 104 54 16982 984 773 496 426 277 245 224 178 120 211 153 70 394 241
is_linear=0
shrinkage=0.1


Tree=255
num_leaves=31
num_cat=0
split_feature=10 10 3 12 4 13 12 6 9 5 8 8 3 6 4 9 3 9 4 12 7 12 10 9 1 0 8 9 6 8
split_gain=6.80092 2.14673 1.12637 1.6842 1.63962 1.29787 1.23642 1.06414 1.28393 1.18333 1.09358 6.34977 4.1538 3.83332 3.45245 3.17508 4.11764 3.40993 4.52652 4.5118 3.68891 2.96316 4.72869 4.80694 4.6673 5.15262 4.47552 4.48181 5.05548 4.95708
threshold=7.5000000000000009 21.500000000000004 2.5000000000000004 5.5000000000000009 10.500000000000002 0.94987468671679209 3.5000000000000004 17.500000000000004 220.66197916666667 10.500000000000002 0.22016949152542373 0.20483682983682983 4.5000000000000009 15.500000000000002 24.500000000000004 248.44102472089318 6.5000000000000009 216.87142547928264 14.500000000000002 6.5000000000000009 4.5000000000000009 3.5000000000000004 12.500000000000002 173.64322089947092 2.5000000000000004 52.500000000000007 0.16172624237140362 148.51445512820516 4.5000000000000009 0.17817460317460312
decision_type=2 2 2 2 2 2 2 2 2 2 2 2 2 2 2 2 2 2 2 2 2 2 2 2 2 2 2 2 2 2
left_child=-1 2 3 4 -2 -6 -7 9 -9 10 11 12 -4 14 21 17 -17 18 19 -13 -19 22 23 26 -24 -26 -14 28 -28 -29
right_child=1 -3 7 -5 5 6 -8 8 -10 -11 -12 15 13 -15 -16 16 -18 20 -20 -21 -22 -23 24 -25 25 -27 27 29 -30 -31
leaf_value=-0.075104884017531862 -0.079474312242052647 -0.075118863118225757 -0.046057638326121558 -0.090891133940454089 0.097691164947322856 -0.094108787310394404 0.074381840821163461 0.0021455145222644685 -0.083940880506876148 -0.042446575876484011 -0.0011538803946376144 -0.088210873628467593 -0.067959620324773429 0.068248813470598677 -0.02046154088756159 0.069551193353730223 -0.045098993027399108 0.063058767891680065 0.019793726942961637 0.02196411602783277 -0.01189852260406285 0.0063233748151183353 -0.0033490218893594843 0.037655954080585842 -0.047797156565593774 0.046286753033562063 -0.024500298170783971 0.050699897737947336 0.12271910965331922 -0.069202478333489706
leaf_weight=12.028748524651744 1.7689997730776648 3.7703697927645399 20.038008667412214 3.3668498568003997 1.8130865839775654 1.0244870902970431 0.75759395817294706 3.6658542566001406 3.2850108260754496 6.3552339179441324 1312.6768384667812 8.0962749652098847 10.530800020089371 8.1566986371763033 79.042776865884662 3.9426013771444586 15.246551601216195 31.420296906260774 165.56562109058723 6.8716164946090421 8.2998779839836043 453.58910568361171 97.003163460642099 38.818091253982857 57.109178675338626 6.481652231886982 3.9273070367053169 5.4876548387110224 5.7442750809714198 9.2769370879977924
leaf_count=8175 381 2040 398 337 38 38 23 24 20 34 7525 60 75 48 510 73 88 184 795 33 46 2393 495 266 248 51 19 23 32 41
internal_value=-0.000102404 0.000277762 0.000397741 -0.0354536 -0.000657978 0.0381235 -0.0224805 0.000530341 -0.0385393 0.000645721 0.00076239 0.0031936 -0.00110517 5.68473e-05 -0.000668333 0.0174701 -0.021543 0.020869 0.0150327 -0.0376306 0.0473958 0.00160577 -0.00752412 0.0134311 -0.017152 -0.0382074 -0.0134619 0.010024 0.0629382 -0.0246376
internal_weight=2385.16 2373.13 2369.36 8.73102 5.36417 3.59517 1.78208 2360.63 6.95087 2353.68 2347.33 1034.65 795.206 775.168 767.011 239.443 19.1892 220.254 180.534 14.9679 39.7202 687.968 234.379 73.7851 160.594 63.5908 34.967 24.4362 9.67158 14.7646
internal_count=24513 16338 14298 817 480 99 61 13481 44 13437 13403 5878 4599 4201 4153 1279 161 1118 888 93 230 3643 1250 456 794 299 190 115 51 64
is_linear=0
shrinkage=0.1


end of trees

feature_importances:
current_active_census=1628
hour_of_day=1070
mean_time_in_system=883
high_acuity_ratio=830
arrivals_120m=599
month=537
day_of_week=416
arrival_rate_trend=341
net_flow_60m=306
arrivals_60m=273
departures_60m=252
arrivals_30m=210
departures_30m=180
arrivals_15m=155

parameters:
[boosting: gbdt]
[objective: multiclass]
[metric: multi_logloss]
[tree_learner: serial]
[device_type: cpu]
[data_sample_strategy: bagging]
[data: ]
[valid: ]
[num_iterations: 100]
[learning_rate: 0.1]
[num_leaves: 31]
[num_threads: 10]
[seed: 0]
[deterministic: 0]
[force_col_wise: 0]
[force_row_wise: 0]
[histogram_pool_size: -1]
[max_depth: -1]
[min_data_in_leaf: 20]
[min_sum_hessian_in_leaf: 0.001]
[bagging_fraction: 1]
[pos_bagging_fraction: 1]
[neg_bagging_fraction: 1]
[bagging_freq: 0]
[bagging_seed: 3]
[bagging_by_query: 0]
[feature_fraction: 1]
[feature_fraction_bynode: 1]
[feature_fraction_seed: 2]
[extra_trees: 0]
[extra_seed: 6]
[early_stopping_round: 0]
[early_stopping_min_delta: 0]
[first_metric_only: 0]
[max_delta_step: 0]
[lambda_l1: 0]
[lambda_l2: 0]
[linear_lambda: 0]
[min_gain_to_split: 0]
[drop_rate: 0.1]
[max_drop: 50]
[skip_drop: 0.5]
[xgboost_dart_mode: 0]
[uniform_drop: 0]
[drop_seed: 4]
[top_rate: 0.2]
[other_rate: 0.1]
[min_data_per_group: 100]
[max_cat_threshold: 32]
[cat_l2: 10]
[cat_smooth: 10]
[max_cat_to_onehot: 4]
[top_k: 20]
[monotone_constraints: ]
[monotone_constraints_method: basic]
[monotone_penalty: 0]
[feature_contri: ]
[forcedsplits_filename: ]
[refit_decay_rate: 0.9]
[cegb_tradeoff: 1]
[cegb_penalty_split: 0]
[cegb_penalty_feature_lazy: ]
[cegb_penalty_feature_coupled: ]
[path_smooth: 0]
[interaction_constraints: ]
[verbosity: 1]
[saved_feature_importance_type: 0]
[use_quantized_grad: 0]
[num_grad_quant_bins: 4]
[quant_train_renew_leaf: 0]
[stochastic_rounding: 1]
[linear_tree: 0]
[max_bin: 255]
[max_bin_by_feature: ]
[min_data_in_bin: 3]
[bin_construct_sample_cnt: 200000]
[data_random_seed: 1]
[is_enable_sparse: 1]
[enable_bundle: 1]
[use_missing: 1]
[zero_as_missing: 0]
[feature_pre_filter: 1]
[pre_partition: 0]
[two_round: 0]
[header: 0]
[label_column: ]
[weight_column: ]
[group_column: ]
[ignore_column: ]
[categorical_feature: ]
[forcedbins_filename: ]
[precise_float_parser: 0]
[parser_config_file: ]
[objective_seed: 5]
[num_class: 4]
[is_unbalance: 0]
[scale_pos_weight: 1]
[sigmoid: 1]
[boost_from_average: 1]
[reg_sqrt: 0]
[alpha: 0.9]
[fair_c: 1]
[poisson_max_delta_step: 0.7]
[tweedie_variance_power: 1.5]
[lambdarank_truncation_level: 30]
[lambdarank_norm: 1]
[label_gain: ]
[lambdarank_position_bias_regularization: 0]
[eval_at: ]
[multi_error_top_k: 1]
[auc_mu_weights: ]
[num_machines: 1]
[local_listen_port: 12400]
[time_out: 120]
[machine_list_filename: ]
[machines: ]
[gpu_platform_id: -1]
[gpu_device_id: -1]
[gpu_device_id_list: ]
[gpu_use_dp: 0]
[num_gpu: 1]

end of parameters

pandas_categorical:[]
