tree
version=v4
num_class=1
num_tree_per_iteration=1
label_index=0
max_feature_idx=5
objective=quantile
feature_names=department_encoded type_encoded hour day_of_week doc_shrunk_avg pat_historical_dur
feature_infos=[0:3] [0:1] [9:16] [0:4] [6.6778384499999985:30.514829083333332] [4.4678697500000002:35.251340666666671]
tree_sizes=959 1004 1005 1007 1093 1269 1092 1089 1182 1176 1180 1182 1187 1186 1189 1270 1188 1276 1364 1281 1279 1197 1278 1193 1275 1197 1195 1199 1287 1288 1186 1291 1290 1378 1284 1288 1201 1369 1112 1196 1283 1382 1367 1300 1297 1118 1204 1115 1207 1292 1201 1201 1198 1115 1292 1204 1201 1208 1200 1208 1116 1294 1213 1292 1212 1298 1301 1213 1296 1299 1383 1118 1300 1212 1299 1206 1200 1298 1270 1212 1218 1296 1305 1113 1300 1209 1295 1204 1197 1211 1285 1299 1213 1288 1307 1204 1211 1094 1304 1197

Tree=0
num_leaves=10
num_cat=0
split_feature=4 1 5 4 4 5 5 4 4
split_gain=131.299 28.6707 10.7772 1.51678 1.42275 1.18616 0.640474 0.506022 0.490118
threshold=11.178414557575758 1.0000000180025095e-35 15.956111674887557 15.186827447079041 20.434338184269436 14.376119680143995 17.557638088725806 20.542559915480933 17.315272837679021
decision_type=2 2 2 2 2 2 2 2 2
left_child=-1 2 5 -3 6 -2 -4 8 -5
right_child=1 3 4 7 -6 -7 -8 -9 -10
leaf_value=13.813319444656372 14.036641216278076 14.301285266876221 14.179004573822022 14.418024730682372 14.322494029998779 14.076002979278565 14.128056073188782 14.623524951934815 14.473391675949097
leaf_weight=413 115 165 113 105 187 113 100 179 144
leaf_count=413 115 165 113 105 187 113 100 179 144
internal_value=14.1277 14.1359 14.1284 14.1438 14.1334 14.1198 14.1306 14.1454 14.147
internal_weight=1634 1221 628 593 400 228 213 428 249
internal_count=1634 1221 628 593 400 228 213 428 249
is_linear=0
shrinkage=1


Tree=1
num_leaves=10
num_cat=0
split_feature=4 1 5 4 4 5 5 4 4
split_gain=129.671 28.0442 9.71698 1.65667 1.39168 1.19134 0.451918 0.385948 0.33536
threshold=11.178414557575758 1.0000000180025095e-35 15.956111674887557 20.434338184269436 15.186827447079041 14.376119680143995 17.557638088725806 20.542559915480933 17.315272837679021
decision_type=2 2 2 2 2 2 2 2 2
left_child=-1 2 5 6 -3 -2 -4 8 -6
right_child=1 4 3 -5 7 -7 -8 -9 -10
leaf_value=-0.2986169934272766 -0.086461310386657705 0.16495053768157961 0.048783879280090314 0.18509886264801026 0.27585302829742436 -0.049067635536193865 0.00038280367851255552 0.47107823848724362 0.32845162630081176
leaf_weight=413 115 165 113 187 105 113 100 179 144
leaf_count=413 115 165 113 187 105 113 100 179 144
internal_value=-3.0581e-05 0.00816285 0.000794913 0.00548628 0.0159512 -0.00742358 0.00245327 0.0174825 0.0189
internal_weight=1634 1221 628 400 593 228 213 428 249
internal_count=1634 1221 628 400 593 228 213 428 249
is_linear=0
shrinkage=0.05


Tree=2
num_leaves=10
num_cat=0
split_feature=4 1 5 5 4 5 5 5 4
split_gain=126.738 24.7378 8.89022 1.63162 1.06927 0.995527 0.440158 0.432813 0.141218
threshold=11.178414557575758 1.0000000180025095e-35 15.956111674887557 21.503989619894789 15.376103360412882 14.362870865864307 17.535098129917376 20.979587577119343 17.597490644238359
decision_type=2 2 2 2 2 2 2 2 2
left_child=-1 2 5 6 -3 -2 -4 8 -6
right_child=1 4 3 -5 7 -7 -8 -9 -10
leaf_value=-0.28368614375591278 -0.082138244867324781 0.17281705498695371 0.065698241949081387 0.16597997069358827 0.29483754140138629 -0.046614253759384196 0.025437382519245145 0.42550002884864802 0.35253648096323009
leaf_weight=413 113 187 102 122 144 115 176 160 102
leaf_count=413 113 187 102 122 144 115 176 160 102
internal_value=-0.00030581 0.0077946 0.000874404 0.0053616 0.0151094 -0.0069869 0.00322581 0.0165848 0.0180162
internal_weight=1634 1221 628 400 593 228 278 406 246
internal_count=1634 1221 628 400 593 228 278 406 246
is_linear=0
shrinkage=0.05


Tree=3
num_leaves=10
num_cat=0
split_feature=4 1 5 4 4 5 2 5 2
split_gain=122.895 22.1745 7.47015 1.39495 0.941265 0.867249 0.794257 0.413381 0.43603
threshold=11.178414557575758 1.0000000180025095e-35 15.956111674887557 17.830599065099836 15.186827447079041 14.362870865864307 11.500000000000002 20.979587577119343 11.500000000000002
decision_type=2 2 2 2 2 2 2 2 2
left_child=-1 2 5 -4 -3 -2 -5 8 -6
right_child=1 4 3 6 7 -7 -8 -9 -10
leaf_value=-0.2695018365681171 -0.078031332623958519 0.1480621580481529 0.011134507533907901 0.085209553448855904 0.29786428392827508 -0.044283541071414946 0.14556219357103115 0.40422502740621563 0.29235300374925138
leaf_weight=413 113 165 178 116 149 115 106 160 119
leaf_count=413 113 165 178 116 149 115 106 160 119
internal_value=-0.000550459 0.00742635 0.000874404 0.00498753 0.0143519 -0.00633188 0.00762332 0.0156177 0.0169145
internal_weight=1634 1221 628 400 593 228 222 428 268
internal_count=1634 1221 628 400 593 228 222 428 268
is_linear=0
shrinkage=0.05


Tree=4
num_leaves=11
num_cat=0
split_feature=4 1 5 4 4 5 5 5 2 4
split_gain=118.186 19.7514 6.59203 1.36561 1.3622 0.774184 0.637034 0.463951 0.203308 0.0102853
threshold=11.178414557575758 1.0000000180025095e-35 15.956111674887557 20.434338184269436 17.315272837679021 17.618069444506563 14.362870865864307 17.557638088725806 10.500000000000002 21.487184196686798
decision_type=2 2 2 2 2 2 2 2 2 2
left_child=-1 2 6 7 8 -6 -2 -4 -3 -7
right_child=1 4 3 -5 5 9 -8 -9 -10 -11
leaf_value=-0.25602674473971121 -0.074129765992760624 0.17581673065721981 0.040812338517680763 0.16026681130237883 0.28213868572369211 0.30515266184724865 -0.042069364017844182 -0.0043369604392722305 0.18700171959973866 0.42424762651503078
leaf_weight=413 113 124 113 187 110 108 115 100 146 105
leaf_count=413 113 124 113 187 110 108 115 100 146 105
internal_value=-0.000764526 0.0070581 0.000874404 0.00473815 0.0135943 0.0158179 -0.0058952 0.00198598 0.0108856 0.0139019
internal_weight=1634 1221 628 400 593 323 228 213 270 213
internal_count=1634 1221 628 400 593 323 228 213 270 213
is_linear=0
shrinkage=0.05


Tree=5
num_leaves=13
num_cat=0
split_feature=4 1 5 4 4 5 4 5 5 1 4 4
split_gain=113.584 18.2139 6.17356 1.84972 1.47787 0.852412 0.596398 0.476023 0.19692 0.0972205 0.0571 0.017946
threshold=11.178414557575758 1.0000000180025095e-35 15.956111674887557 17.315272837679021 20.434338184269436 17.618069444506563 14.902861214457038 17.547561808726886 14.812494077070577 1.0000000180025095e-35 21.487184196686798 8.1721944400547297
decision_type=2 2 2 2 2 2 2 2 2 2 2 2
left_child=9 2 6 8 7 -5 -2 -4 -3 -1 -7 -11
right_child=1 3 4 5 -6 10 -8 -9 -10 11 -12 -13
leaf_value=-0.3128770827270298 -0.034260300800472446 0.12344826334305661 0.040845051145587119 0.26803175143750746 0.15225347073725992 0.28989502875488621 -0.074800819398164728 -0.0019525214490350607 0.23321334769801425 -0.19254550924070168 0.40303524518927925 -0.14619886865384865
leaf_weight=198 122 130 112 110 187 108 106 101 140 114 105 101
leaf_count=198 122 130 112 110 187 108 106 101 140 114 105 101
internal_value=-0.000856269 0.0068126 0.000874404 0.0130892 0.00461347 0.0156636 -0.00567686 0.00175234 0.0099631 -0.0234903 0.0136682 -0.0221065
internal_weight=1634 1221 628 593 400 323 228 213 270 413 213 215
internal_count=1634 1221 628 593 400 323 228 213 270 413 213 215
is_linear=0
shrinkage=0.05


Tree=6
num_leaves=11
num_cat=0
split_feature=4 1 5 4 4 4 4 5 2 4
split_gain=109.66 16.4988 6.17356 2.29111 1.47787 1.05541 0.596398 0.476023 0.269636 0.224801
threshold=11.178414557575758 1.0000000180025095e-35 15.956111674887557 17.315272837679021 20.434338184269436 20.542559915480933 14.902861214457038 17.547561808726886 10.500000000000002 8.3200577901016324
decision_type=2 2 2 2 2 2 2 2 2 2
left_child=9 2 6 8 7 -5 -2 -4 -3 -1
right_child=1 3 4 5 -6 -7 -8 -9 -10 -11
leaf_value=-0.24106414785642541 -0.032547285760448831 0.15810935384833208 0.038802798588307798 0.25358074037665751 0.14464079720039688 0.37019494151746174 -0.071060778428256463 -0.0018548953765833431 0.16985882196418159 -0.21524887016076955
leaf_weight=273 122 124 112 144 187 179 106 101 146 140
leaf_count=273 122 124 112 144 187 179 106 101 146 140
internal_value=-0.00100917 0.00652619 0.000874404 0.0125 0.00461347 0.0153549 -0.00567686 0.00175234 0.00904059 -0.0232488
internal_weight=1634 1221 628 593 400 323 228 213 270 413
internal_count=1634 1221 628 593 400 323 228 213 270 413
is_linear=0
shrinkage=0.05


Tree=7
num_leaves=11
num_cat=0
split_feature=4 1 5 4 5 4 4 4 5 5
split_gain=104.625 15.2885 5.34322 2.13787 1.20906 1.05866 0.697154 0.36969 0.31451 0.30936
threshold=11.178414557575758 1.0000000180025095e-35 15.956111674887557 17.315272837679021 17.618069444506563 17.597490644238359 14.902861214457038 8.2866159418511014 14.881442126952999 21.617566816071431
decision_type=2 2 2 2 2 2 2 2 2 2
left_child=7 2 6 8 -5 -4 -2 -1 -3 -7
right_child=1 3 5 4 -6 9 -8 -9 -10 -11
leaf_value=-0.22937079754597109 -0.030919921472426372 0.10891374577991293 0.0011488845597287245 0.24090170335782457 0.32017331547430355 0.049862213976150205 -0.067507739506843661 -0.20439363950616285 0.21305973921490448 0.14913500155082887
leaf_weight=266 122 134 121 110 213 173 106 147 136 106
leaf_count=266 122 134 121 110 213 173 106 147 136 106
internal_value=-0.0012844 0.0060761 0.00063593 0.0118266 0.0145833 0.00411471 -0.00545852 -0.0230072 0.00848708 0.00580357
internal_weight=1634 1221 628 593 323 400 228 413 270 279
internal_count=1634 1221 628 593 323 400 228 413 270 279
is_linear=0
shrinkage=0.05


Tree=8
num_leaves=12
num_cat=0
split_feature=4 1 4 4 5 5 1 4 4 4 4
split_gain=101.439 13.7325 4.7968 2.3032 1.63358 0.803505 0.509056 0.482635 0.466229 0.402871 0.264461
threshold=11.178414557575758 1.0000000180025095e-35 17.597490644238359 15.390664236424787 14.362870865864307 20.979587577119343 1.0000000180025095e-35 17.532965738664362 21.5177530792845 8.1721944400547297 17.025226113638706
decision_type=2 2 2 2 2 2 2 2 2 2 2
left_child=6 2 4 -3 -2 7 -1 -5 -4 -8 -6
right_child=1 3 8 5 10 -7 9 -9 -10 -11 -12
leaf_value=-0.27437817665532083 -0.081999776703991861 0.11119792261140066 0.061181048145254248 0.21930221041153539 -0.0363965923299574 0.30813121960110107 -0.15939648650854671 0.27000444416592001 0.071792290178368218 -0.11536717795103631 0.0013132465751855449
leaf_weight=198 106 189 186 130 135 160 114 114 101 101 100
leaf_count=198 106 189 186 130 135 160 114 114 101 101 100
internal_value=-0.00137615 0.00587152 0.000715421 0.0113215 -0.00328947 0.0134568 -0.0227657 0.0153061 0.00546875 -0.0207176 -0.00095339
internal_weight=1634 1221 628 593 341 404 413 244 287 215 235
internal_count=1634 1221 628 593 341 404 413 244 287 215 235
is_linear=0
shrinkage=0.05


Tree=9
num_leaves=12
num_cat=0
split_feature=4 1 5 4 4 5 5 1 4 4 4
split_gain=96.8194 13.0299 4.9457 2.29892 0.992183 0.968059 0.718344 0.71042 0.386451 0.251353 0.222213
threshold=10.19522558752745 1.0000000180025095e-35 15.956111674887557 15.390664236424787 17.597490644238359 20.979587577119343 14.542063893871431 1.0000000180025095e-35 17.532965738664362 21.487184196686798 8.1391200894750728
decision_type=2 2 2 2 2 2 2 2 2 2 2
left_child=7 2 6 -3 -4 8 -2 -1 -5 -6 -9
right_child=1 3 4 5 9 -7 -8 10 -10 -11 -12
leaf_value=-0.26166345111494377 -0.0672048310893123 0.10246106365802224 0.0010257780029830244 0.20833709989095867 0.063762558083880011 0.29272465862104602 -0.024004514092472819 -0.15025993702442797 0.25650422195762401 0.0793055270617785 -0.11996243785278354
leaf_weight=196 130 194 121 130 176 160 100 100 114 103 110
leaf_count=196 130 194 121 130 176 160 100 100 114 103 110
internal_value=-0.00134557 0.005655 0.000633914 0.0109349 0.00399002 0.0130864 -0.00519481 -0.0224816 0.015102 0.005625 -0.0201422
internal_weight=1634 1228 630 598 400 404 230 406 244 279 210
internal_count=1634 1228 630 598 400 404 230 406 244 279 210
is_linear=0
shrinkage=0.05


Tree=10
num_leaves=12
num_cat=0
split_feature=4 1 4 4 5 5 1 4 4 4 4
split_gain=95.525 11.4821 4.17736 1.98685 1.37956 1.15398 1.08031 0.580469 0.466229 0.386451 0.210124
threshold=11.178414557575758 1.0000000180025095e-35 17.597490644238359 15.390664236424787 20.979587577119343 14.362870865864307 1.0000000180025095e-35 8.165708731238194 21.5177530792845 17.532965738664362 17.025226113638706
decision_type=2 2 2 2 2 2 2 2 2 2 2
left_child=6 2 5 -3 9 -2 -1 -8 -4 -5 -7
right_child=1 3 8 4 -6 10 7 -9 -10 -11 -12
leaf_value=-0.24757609526680768 -0.074539546314326618 0.10051497329792945 0.054933867833797528 0.19792024489641077 0.27808842568999365 -0.031216521158993871 -0.14274694017320658 -0.11092342479783826 0.064237399316360841 0.24367901085974283 0.0011962953462771432
leaf_weight=198 106 189 186 130 160 135 110 105 101 114 100
leaf_count=198 106 189 186 130 160 135 110 105 101 114 100
internal_value=-0.0012844 0.00574877 0.00103339 0.0107323 0.012716 -0.00270468 -0.0220411 -0.0193287 0.00546875 0.015102 -0.000741525
internal_weight=1634 1221 628 593 404 341 413 215 287 244 235
internal_count=1634 1221 628 593 404 341 413 215 287 244 235
is_linear=0
shrinkage=0.05


Tree=11
num_leaves=12
num_cat=0
split_feature=4 1 5 4 1 5 4 5 4 5 4
split_gain=89.6395 10.466 3.73107 1.81935 1.23151 1.15598 0.927862 0.838091 0.66644 0.278535 0.267042
threshold=10.19522558752745 1.0000000180025095e-35 15.956111674887557 15.390664236424787 1.0000000180025095e-35 20.979587577119343 17.597490644238359 14.362870865864307 17.597490644238359 21.617566816071431 8.165708731238194
decision_type=2 2 2 2 2 2 2 2 2 2 2
left_child=4 2 7 -3 -1 8 -4 -2 -5 -8 -6
right_child=1 3 6 5 10 -7 9 -9 -10 -11 -12
leaf_value=-0.23620147379585618 -0.065885529852186944 0.092312261810224616 0.00091467433551999382 0.20160454359518029 -0.13560959316454629 0.26418400440549394 0.038375229574196104 -0.02471654757121744 0.22663462380513738 0.13164892717769119 -0.10541984157508222
leaf_weight=196 115 194 121 142 110 160 173 115 102 106 100
leaf_count=196 115 194 121 142 110 160 173 115 102 106 100
internal_value=-0.0012844 0.00545159 0.000950872 0.0101836 -0.0216216 0.0120988 0.00386534 -0.00411255 0.0142857 0.00544643 -0.0187204
internal_weight=1634 1228 630 598 406 404 400 230 244 279 210
internal_count=1634 1228 630 598 406 404 400 230 244 279 210
is_linear=0
shrinkage=0.05


Tree=12
num_leaves=12
num_cat=0
split_feature=4 1 4 4 1 5 5 4 4 4 5
split_gain=86.8262 9.74817 3.38743 1.70558 1.67128 1.31629 1.21649 0.458431 0.401153 0.120144 0.100145
threshold=11.178414557575758 1.0000000180025095e-35 17.597490644238359 15.390664236424787 1.0000000180025095e-35 14.362870865864307 17.601411178727151 21.5177530792845 8.165708731238194 17.025226113638706 21.701993760806051
decision_type=2 2 2 2 2 2 2 2 2 2 2
left_child=4 2 5 -3 -1 -2 -5 -4 -6 -7 -8
right_child=1 3 7 6 8 9 10 -9 -10 -11 -12
leaf_value=-0.22338721681367449 -0.067518292506000943 0.090873611542521715 0.045615623002587438 0.19415449338286062 -0.12882911350631901 -0.028419867722483262 0.22458649279911092 0.05444308299165819 -0.10010626147919224 0.0010907468621872418 0.26397023799259234
leaf_weight=198 106 189 186 167 110 135 137 101 105 100 100
leaf_count=198 106 189 186 167 110 135 137 101 105 100 100
internal_value=-0.00140673 0.00529869 0.000953895 0.00989057 -0.0211957 -0.00241228 0.0117284 0.00494792 -0.0179398 -0.000317797 0.00934874
internal_weight=1634 1221 628 593 413 341 404 287 215 235 237
internal_count=1634 1221 628 593 413 341 404 287 215 235 237
is_linear=0
shrinkage=0.05


Tree=13
num_leaves=12
num_cat=0
split_feature=4 1 5 1 4 5 0 4 5 4 5
split_gain=83.7848 9.53219 3.01444 1.86882 1.60427 1.1799 0.774748 0.652693 0.636909 0.399726 0.0640957
threshold=10.19522558752745 1.0000000180025095e-35 15.956111674887557 1.0000000180025095e-35 15.390664236424787 17.601411178727151 1.5000000000000002 14.902861214457038 17.547561808726886 8.165708731238194 21.701993760806051
decision_type=2 2 2 2 2 2 2 2 2 2 2
left_child=3 2 7 -1 -3 -6 -4 -2 -8 -5 -7
right_child=1 4 6 9 5 10 8 -9 -10 -11 -12
leaf_value=-0.21322203926537964 -0.022342665699609566 0.083152968142587283 0.10593748929604169 -0.12238765783100308 0.18444676871371757 0.21335716815915529 0.035608638505126765 -0.054015421958815146 -0.0060845329773469466 -0.09514353642236846 0.25077172609296278
leaf_weight=196 124 194 188 110 167 137 112 106 100 100 100
leaf_count=196 124 194 188 110 167 137 112 106 100 100 100
internal_value=-0.00134557 0.0051668 0.000871632 -0.0210074 0.0096828 0.0114815 0.00349127 -0.00367965 0.00140845 -0.0175355 0.00913866
internal_weight=1634 1228 630 406 598 404 400 230 212 210 237
internal_count=1634 1228 630 406 598 404 400 230 212 210 237
is_linear=0
shrinkage=0.05


Tree=14
num_leaves=12
num_cat=0
split_feature=4 1 4 1 4 5 5 4 4 5 4
split_gain=76.7915 8.98928 2.77851 1.77454 1.16776 1.07345 0.835293 0.769687 0.394185 0.105299 0.0320884
threshold=11.178414557575758 1.0000000180025095e-35 17.597490644238359 1.0000000180025095e-35 15.390664236424787 17.601411178727151 14.362870865864307 8.165708731238194 21.5177530792845 17.311020076807143 21.533677822449572
decision_type=2 2 2 2 2 2 2 2 2 2 2
left_child=3 2 6 -1 -3 -6 -2 -5 -4 -8 -7
right_child=1 4 8 7 5 10 9 -9 -10 -11 -12
leaf_value=-0.20256093730211064 -0.063025244595720412 0.082172282558266307 0.040841221515866402 -0.1162682749394529 0.17522443027803175 0.16552615144578198 0.0054676794961067369 -0.090343771584114219 0.046424054377273198 -0.0062019499343499264 0.26423008367936296
leaf_weight=198 106 189 186 110 167 137 133 105 101 102 100
leaf_count=198 106 189 186 110 167 137 133 105 101 102 100
internal_value=-0.00149847 0.00480769 0.00063593 -0.0201087 0.00921717 0.0107407 -0.00241228 -0.0167824 0.00425347 -0.000741525 0.0085084
internal_weight=1634 1221 628 413 593 404 341 215 287 235 237
internal_count=1634 1221 628 413 593 404 341 215 287 235 237
is_linear=0
shrinkage=0.05


Tree=15
num_leaves=13
num_cat=0
split_feature=5 1 4 1 4 5 4 5 4 5 5 4
split_gain=71.5936 8.30411 2.43352 2.0517 0.865081 1.0303 0.690735 0.68082 0.261835 0.108036 0.105299 0.0473485
threshold=10.442003641666668 1.0000000180025095e-35 17.597490644238359 1.0000000180025095e-35 15.390664236424787 17.601411178727151 8.165708731238194 14.362870865864307 21.5177530792845 21.225153079309965 17.311020076807143 8.165708731238194
decision_type=2 2 2 2 2 2 2 2 2 2 2 2
left_child=3 2 7 11 -3 -6 -5 -2 -4 -7 -9 -1
right_child=1 4 8 6 5 9 -8 10 -10 -11 -12 -13
leaf_value=-0.19901155690720496 -0.06129865447087815 0.10234246817432054 0.047311725245548303 -0.11045486119248027 0.16749619567182111 0.1894778055672294 -0.085826583004908488 0.005194295521301396 0.049654277354573929 0.23681100518747639 -0.0058918524376323951 -0.1817584441142362
leaf_weight=107 101 188 182 110 164 119 109 133 100 118 102 101
leaf_count=107 101 188 182 110 164 119 109 133 100 118 102 101
internal_value=-0.00152905 0.00469785 0.000646204 -0.0191005 0.00894068 0.0102612 -0.0155682 -0.00222552 0.0040636 0.00808824 -0.000741525 -0.0227273
internal_weight=1634 1207 618 427 589 401 219 336 282 237 235 208
internal_count=1634 1207 618 427 589 401 219 336 282 237 235 208
is_linear=0
shrinkage=0.05


Tree=16
num_leaves=12
num_cat=0
split_feature=4 1 1 4 4 5 5 4 4 4 5
split_gain=68.5361 7.14531 2.8144 2.3824 0.84756 0.90715 0.695216 0.68658 0.293192 0.292767 0.105299
threshold=11.178414557575758 1.0000000180025095e-35 1.0000000180025095e-35 17.597490644238359 15.390664236424787 17.601411178727151 14.362870865864307 8.165708731238194 21.213958335113919 21.5177530792845 17.311020076807143
decision_type=2 2 2 2 2 2 2 2 2 2 2
left_child=2 3 -1 6 -3 -6 -2 -4 -7 -5 -8
right_child=1 4 7 9 5 8 10 -9 -10 -11 -12
leaf_value=-0.18314196196374574 -0.056809049642390447 0.075675271933625873 -0.10493211813285629 0.040588432670575353 0.15808839898053917 0.10234472094302278 0.0049345807452363388 -0.081535253854663037 0.25350109350365635 0.041620137790680904 -0.0055972598157508109
leaf_weight=198 106 189 110 186 167 102 133 105 135 101 102
leaf_count=198 106 189 110 186 167 102 133 105 135 101 102
internal_value=-0.00168196 0.00427578 -0.0192633 0.000556439 0.00820707 0.00950617 -0.00226608 -0.015162 0.00745798 0.00390625 -0.000741525
internal_weight=1634 1221 413 628 593 404 341 215 237 287 235
internal_count=1634 1221 413 628 593 404 341 215 237 287 235
is_linear=0
shrinkage=0.05


Tree=17
num_leaves=13
num_cat=0
split_feature=4 1 1 4 5 2 4 4 4 4 5 4
split_gain=63.703 6.67901 2.90402 2.37856 0.878541 0.87099 0.533103 0.401233 0.292767 0.148706 0.254321 0.0734915
threshold=10.19522558752745 1.0000000180025095e-35 1.0000000180025095e-35 17.597490644238359 14.362870865864307 10.500000000000002 17.494653818684906 8.165708731238194 21.5177530792845 17.315272837679021 20.957768278186787 17.025226113638706
decision_type=2 2 2 2 2 2 2 2 2 2 2 2
left_child=2 3 -1 4 -2 6 -3 -4 -5 -7 -11 -6
right_child=1 5 7 8 11 9 -8 -9 -10 10 -12 -13
leaf_value=-0.17398486386555848 -0.053986129977920606 0.090279620140247471 -0.099685512226213469 0.03855901103704662 -0.026661568839510787 0.094840854523426013 0.18803843771299739 -0.077501079179065749 0.039539130901146892 0.14779684271376833 0.19699939851188866 0.0011826599902700519
leaf_weight=196 108 140 110 186 135 146 108 100 101 100 104 100
leaf_count=196 108 140 110 186 135 146 108 100 101 100 104 100
internal_value=-0.00152905 0.00414972 -0.0186732 0.000554675 -0.00225291 0.00792988 0.00562249 -0.014455 0.00390625 0.00954416 0.0104878 -0.000529661
internal_weight=1634 1228 406 630 343 598 248 210 287 350 204 235
internal_count=1634 1228 406 630 343 598 248 210 287 350 204 235
is_linear=0
shrinkage=0.05


Tree=18
num_leaves=14
num_cat=0
split_feature=5 1 1 4 3 2 4 4 4 3 2 5 3
split_gain=60.5852 6.23775 2.79807 1.83575 0.779766 0.663647 0.506663 0.434561 0.319794 0.298428 0.276858 0.249944 0.231866
threshold=10.442003641666668 1.0000000180025095e-35 1.0000000180025095e-35 17.597490644238359 1.5000000000000002 10.500000000000002 8.2059478390374174 17.494653818684906 8.165708731238194 2.5000000000000004 10.500000000000002 20.957768278186787 2.5000000000000004
decision_type=2 2 2 2 2 2 2 2 2 2 2 2 2
left_child=2 3 8 4 -2 7 -4 -3 -1 -5 -6 12 -7
right_child=1 5 6 9 10 11 -8 -9 -10 -11 -12 -13 -14
leaf_value=-0.17120463777037953 0.020023595879697889 0.093728834733264155 -0.095420140156467784 0.020513792957103139 -0.034030794077764707 0.16679352871438591 -0.064011390706257526 0.18080956155282435 -0.15481418061705929 0.052636790942879055 -0.013443172385072623 0.17995309478951713 0.086222695346345191
leaf_weight=107 103 137 119 143 112 118 100 107 101 139 121 106 121
leaf_count=107 103 137 119 143 112 118 100 107 101 139 121 106 121
internal_value=-0.00165138 0.00407699 -0.0178154 0.000565428 -0.00192878 0.00775424 -0.01375 0.00571429 -0.0220096 0.00353357 -0.00352564 0.0091763 0.0101042
internal_weight=1634 1207 427 618 336 589 219 244 208 282 233 345 239
internal_count=1634 1207 427 618 336 589 219 244 208 282 233 345 239
is_linear=0
shrinkage=0.05


Tree=19
num_leaves=13
num_cat=0
split_feature=4 1 1 4 2 5 4 4 4 5 4 4
split_gain=59.233 5.94267 3.28096 1.91419 0.700497 0.624429 0.607869 0.436905 0.334693 0.325734 0.191307 0.0734915
threshold=11.178414557575758 1.0000000180025095e-35 1.0000000180025095e-35 17.597490644238359 10.500000000000002 14.362870865864307 8.165708731238194 17.494653818684906 21.5177530792845 20.972029878914999 17.315272837679021 17.025226113638706
decision_type=2 2 2 2 2 2 2 2 2 2 2 2
left_child=2 3 -1 5 7 -2 -4 -3 -5 10 -6 -7
right_child=1 4 6 8 9 11 -8 -9 -10 -11 -12 -13
leaf_value=-0.15713515021259461 -0.049567750957486646 0.086718001521654389 -0.089930229607079415 0.038356927250745937 0.092610514520665183 -0.023626950693646977 -0.070382867667663801 0.16959603774970633 0.034930334808945494 0.17095544005004124 0.13408159497656175 0.0016297701208133565
leaf_weight=198 106 135 110 186 144 135 105 108 101 100 106 100
leaf_count=198 106 135 110 186 144 135 105 108 101 100 106 100
internal_value=-0.00159021 0.00394845 -0.0179348 0.000556439 0.00753367 -0.00197368 -0.0135417 0.00543033 0.00355903 0.00897436 0.00996016 -0.000529661
internal_weight=1634 1221 413 628 593 341 215 243 287 350 250 235
internal_count=1634 1221 413 628 593 341 215 243 287 350 250 235
is_linear=0
shrinkage=0.05


Tree=20
num_leaves=13
num_cat=0
split_feature=4 1 1 4 2 4 3 4 4 5 4 4
split_gain=57.0702 5.26178 3.44709 1.71712 0.669718 0.61795 0.499271 0.347268 0.334693 0.251411 0.195559 0.193945
threshold=11.178414557575758 1.0000000180025095e-35 1.0000000180025095e-35 17.597490644238359 10.500000000000002 8.165708731238194 1.5000000000000002 17.494653818684906 21.5177530792845 20.972029878914999 15.015935944971989 17.156488714258728
decision_type=2 2 2 2 2 2 2 2 2 2 2 2
left_child=2 3 -1 6 7 -4 -2 -3 -5 11 -8 -6
right_child=1 4 5 8 9 -7 10 -9 -10 -11 -12 -13
leaf_value=-0.14927839270196488 0.020203763620395332 0.082382101445571732 -0.085433718126725469 0.036439080888208644 0.074437078623940958 -0.066863724284280585 -0.042162324263188999 0.16111623586222104 0.033183818068498287 0.16240766804753923 -0.0092044126849584636 0.13179249560695849
leaf_weight=198 105 135 110 186 124 105 119 108 101 100 117 126
leaf_count=198 105 135 110 186 124 105 119 108 101 100 117 126
internal_value=-0.00152905 0.00390753 -0.0175725 0.000715421 0.00728114 -0.0130787 -0.00168129 0.00522541 0.00355903 0.00868946 -0.00295359 0.00956175
internal_weight=1634 1221 413 628 593 215 341 243 287 350 236 250
internal_count=1634 1221 413 628 593 215 341 243 287 350 236 250
is_linear=0
shrinkage=0.05


Tree=21
num_leaves=12
num_cat=0
split_feature=4 1 1 0 4 3 2 4 5 5 4
split_gain=52.2495 5.25452 4.38735 1.6687 0.914579 0.682211 0.614551 0.347268 0.307397 0.217654 0.260432
threshold=11.178414557575758 1.0000000180025095e-35 1.0000000180025095e-35 1.0000000180025095e-35 8.1721944400547297 1.5000000000000002 10.500000000000002 17.494653818684906 15.731084995238097 20.972029878914999 17.156488714258728
decision_type=2 2 2 2 2 2 2 2 2 2 2
left_child=2 3 -1 -2 -4 -5 7 -3 -7 10 -8
right_child=1 6 4 5 -6 8 9 -9 -10 -11 -12
leaf_value=-0.14181447306686668 0.079057289090771574 0.078262996373293175 -0.082328757379080575 0.012552664453006202 -0.056197810433073592 -0.027881509075420221 0.070715224692743925 0.15306042406911002 -0.0065720969412740972 0.15428728464516228 0.12520287082661055
leaf_weight=198 195 135 114 138 101 157 124 108 138 100 126
leaf_count=198 195 135 114 138 101 157 124 108 138 100 126
internal_value=-0.00137615 0.0038257 -0.0167271 0.00063593 -0.0116898 -0.00109447 0.00719697 0.00522541 -0.00244932 0.00854701 0.00936255
internal_weight=1634 1221 413 628 215 433 593 243 295 350 250
internal_count=1634 1221 413 628 215 433 593 243 295 350 250
is_linear=0
shrinkage=0.05


Tree=22
num_leaves=13
num_cat=0
split_feature=4 1 1 4 3 5 5 4 4 5 4 4
split_gain=46.944 4.97497 4.12183 1.47796 0.54617 0.515633 0.636604 0.5003 0.395278 0.327675 0.246407 0.0509434
threshold=10.19522558752745 1.0000000180025095e-35 1.0000000180025095e-35 17.597490644238359 1.5000000000000002 14.881442126952999 17.601411178727151 8.165708731238194 21.143349996740081 20.862972059801411 15.015935944971989 17.156488714258728
decision_type=2 2 2 2 2 2 2 2 2 2 2 2
left_child=2 3 -1 4 -2 -3 11 -4 -8 -5 -6 -7
right_child=1 5 7 9 10 6 8 -9 -10 -11 -12 -13
leaf_value=-0.1347237494135233 0.018565942216725251 0.039688815335761699 -0.077045594351435126 0.0039673789137659732 -0.038660132596258556 0.14423788933577039 0.044894606091314952 -0.060753235565548729 0.21173336310235522 0.081869707031829456 -0.0084155872036467908 0.11490061238959814
leaf_weight=196 105 149 110 101 121 104 102 100 138 186 117 105
leaf_count=196 105 149 110 101 121 104 102 100 138 186 117 105
internal_value=-0.00137615 0.00349878 -0.0160934 0.000396197 -0.00181686 0.00676127 0.00761111 -0.0111374 0.00580913 0.00303819 -0.00313808 0.00964286
internal_weight=1634 1228 406 630 343 598 449 210 240 287 238 209
internal_count=1634 1228 406 630 343 598 449 210 240 287 238 209
is_linear=0
shrinkage=0.05


Tree=23
num_leaves=12
num_cat=0
split_feature=4 1 1 4 4 4 5 4 3 2 5
split_gain=44.9193 4.22457 4.12066 1.14729 0.701497 0.513334 0.642921 0.496873 0.432022 0.221617 0.206808
threshold=11.178414557575758 1.0000000180025095e-35 1.0000000180025095e-35 17.830599065099836 8.1721944400547297 17.315272837679021 20.979587577119343 21.5177530792845 1.5000000000000002 10.500000000000002 15.731084995238097
decision_type=2 2 2 2 2 2 2 2 2 2 2
left_child=2 3 -1 8 -4 9 -7 -5 -2 -3 -10
right_child=1 5 4 7 -6 6 -8 -9 10 -11 -12
leaf_value=-0.12798756194284719 0.01377579670906286 0.076997966419695543 -0.074360039792554747 0.044188155852240563 -0.050350258133142492 0.11946316092543015 0.14265408806052041 0.023478277358943346 -0.024554426991836211 0.065094308263924108 -0.0036506176245915791
leaf_weight=198 117 124 114 128 101 164 159 101 157 146 125
leaf_count=198 117 124 114 128 101 164 159 101 157 146 125
internal_value=-0.00140673 0.00341653 -0.0156401 0.000556439 -0.0107639 0.00643939 0.00779321 0.00336957 -0.0010625 0.00479705 -0.00212014
internal_weight=1634 1221 413 628 215 593 323 229 399 270 282
internal_count=1634 1221 413 628 215 593 323 229 399 270 282
is_linear=0
shrinkage=0.05


Tree=24
num_leaves=13
num_cat=0
split_feature=4 1 1 4 2 3 3 4 4 4 4 2
split_gain=42.6256 4.14558 3.53929 1.28597 0.538858 0.485518 0.477202 0.407443 0.32694 0.279955 0.188605 0.174101
threshold=9.419090609987153 1.0000000180025095e-35 1.0000000180025095e-35 17.597490644238359 10.500000000000002 1.5000000000000002 1.5000000000000002 17.315272837679021 8.1529604996624681 21.5177530792845 17.494653818684906 10.500000000000002
decision_type=2 2 2 2 2 2 2 2 2 2 2 2
left_child=2 3 -1 5 10 -2 -6 -8 -4 -5 -3 -7
right_child=1 4 8 9 6 11 7 -9 -10 -11 -12 -13
leaf_value=-0.12158818384570483 0.016948855270435905 0.057321051702783704 -0.070194216185800504 0.028614197068032299 0.12371334160748369 -0.02243508371298928 0.034449659155777468 0.10860182329344292 -0.057692378553918205 0.022304363490996161 0.1371895145148172 -0.023346496253937365
leaf_weight=192 105 142 105 186 112 116 101 138 102 101 108 126
leaf_count=192 105 142 105 186 112 116 101 138 102 101 108 126
internal_value=-0.00137615 0.00321602 -0.0155625 0.000393701 0.00618771 -0.0016523 0.00745739 0.00614583 -0.0109375 0.00286458 0.00438247 -0.00288066
internal_weight=1634 1235 399 634 601 347 351 239 207 287 250 242
internal_count=1634 1235 399 634 601 347 351 239 207 287 250 242
is_linear=0
shrinkage=0.05


Tree=25
num_leaves=12
num_cat=0
split_feature=4 1 1 5 4 2 3 3 4 5 4
split_gain=40.0877 4.29005 3.40885 1.0654 0.613901 0.572665 0.475636 0.342534 0.377476 0.295894 0.121031
threshold=11.178414557575758 1.0000000180025095e-35 1.0000000180025095e-35 20.862972059801411 8.1721944400547297 10.500000000000002 1.5000000000000002 1.5000000000000002 17.315272837679021 15.731084995238097 17.494653818684906
decision_type=2 2 2 2 2 2 2 2 2 2 2
left_child=1 -1 3 6 -3 10 -2 -7 -9 -8 -4
right_child=2 4 5 -5 -6 7 9 8 -10 -11 -12
leaf_value=-0.11550877465341963 0.0095338320581788601 -0.067132326993636943 0.060422001181716034 0.067370821638627731 -0.044948126298789415 0.11752767452710949 -0.022204951456594915 0.036993500049907625 0.10317173212877072 -0.0024687085338539472 0.13033003878907642
leaf_weight=198 140 114 135 193 101 112 161 100 138 134 108
leaf_count=198 140 114 135 193 101 112 161 100 138 134 108
internal_value=-0.00159021 -0.0150362 0.00296645 0.000397456 -0.0100694 0.00568182 -0.000974771 0.00698006 0.00585774 -0.00211149 0.00379098
internal_weight=1634 413 1221 628 215 593 435 350 238 295 243
internal_count=1634 413 1221 628 215 593 435 350 238 295 243
is_linear=0
shrinkage=0.05


Tree=26
num_leaves=12
num_cat=0
split_feature=4 1 1 5 2 3 4 5 3 4 4
split_gain=37.3882 3.44121 3.32419 1.10305 0.522878 0.460814 0.443583 0.396037 0.360358 0.333469 0.074147
threshold=9.419090609987153 1.0000000180025095e-35 1.0000000180025095e-35 20.862972059801411 10.500000000000002 1.5000000000000002 15.805534534133692 15.731084995238097 2.5000000000000004 8.1529604996624681 17.494653818684906
decision_type=2 2 2 2 2 2 2 2 2 2 2
left_child=2 3 -1 5 10 -2 -6 -7 -8 -4 -3
right_child=1 4 9 -5 6 7 8 -9 -10 -11 -12
leaf_value=-0.10973333592074869 0.0090571404552699519 0.051433899058558732 -0.063327889026828649 0.064002280556696434 0.044530364506640829 -0.024502309329454075 0.11998067694705608 -0.0023452731071612388 0.069024628399793994 -0.052005748293911629 0.12381353684962262
leaf_weight=192 140 142 105 193 104 167 139 134 108 102 108
leaf_count=192 140 142 105 193 104 167 139 134 108 102 108
internal_value=-0.00165138 0.00264968 -0.0149375 7.87402e-05 0.00535714 -0.0013009 0.00660511 -0.00240066 0.0077621 -0.0104567 0.00358566
internal_weight=1634 1235 399 634 601 441 351 301 247 207 250
internal_count=1634 1235 399 634 601 441 351 301 247 207 250
is_linear=0
shrinkage=0.05


Tree=27
num_leaves=12
num_cat=0
split_feature=4 1 1 4 0 0 5 4 2 4 3
split_gain=34.7291 4.54843 2.3937 1.29202 0.734345 0.690185 0.406809 0.663513 0.388981 0.370758 0.33901
threshold=12.633736863687167 1.0000000180025095e-35 1.0000000180025095e-35 8.1721944400547297 1.0000000180025095e-35 2.5000000000000004 14.968434578164022 17.195151817936829 10.500000000000002 8.165708731238194 2.5000000000000004
decision_type=2 2 2 2 2 2 2 2 2 2 2
left_child=1 9 4 -3 -2 8 -6 -8 -4 -1 -10
right_child=2 3 5 -5 6 -7 7 -9 10 -11 -12
leaf_value=-0.10975592479397714 0.060802166528861612 -0.060609316192613699 0.11343653437585886 -0.026402396592118561 0.0074810260992798309 0.02865098297016129 -0.030092675081676925 0.0012247824436636635 0.11746029900341189 -0.096860643002290303 0.065573396979804244
leaf_weight=107 195 114 150 110 144 183 103 174 143 103 108
leaf_count=107 195 114 150 110 144 183 103 174 143 103 108
internal_value=-0.00180428 -0.013908 0.00258118 -0.00888889 0.000405186 0.00487179 -0.000770142 -0.00188849 0.00603234 -0.0191943 0.00724206
internal_weight=1634 434 1200 224 616 584 421 277 401 210 251
internal_count=1634 434 1200 224 616 584 421 277 401 210 251
is_linear=0
shrinkage=0.05


Tree=28
num_leaves=13
num_cat=0
split_feature=4 1 1 4 0 5 5 5 4 2 3 4
split_gain=32.1814 3.92619 2.13104 1.14748 0.747329 0.694699 0.638473 0.529995 0.895285 0.475469 0.33901 0.0697225
threshold=12.633736863687167 1.0000000180025095e-35 1.0000000180025095e-35 8.1721944400547297 2.5000000000000004 20.862972059801411 17.535098129917376 16.143062023611112 14.902861214457038 10.500000000000002 2.5000000000000004 8.165708731238194
decision_type=2 2 2 2 2 2 2 2 2 2 2 2
left_child=1 11 5 -3 9 6 7 8 -2 -4 -11 -1
right_child=2 3 4 -5 -6 -7 -8 -9 -10 10 -12 -13
leaf_value=-0.10426812855427832 0.020901542777998917 -0.057578850382983049 0.10776470765706599 -0.025082276762512647 0.027218433821653145 0.059160406817854755 -0.021893956840456141 0.051293455860672937 -0.037237652800676549 0.11158728405324131 0.062294727130814034 -0.092017610852175746
leaf_weight=107 110 114 150 110 183 193 105 100 108 143 108 103
leaf_count=107 110 114 150 110 183 193 105 100 108 143 108 103
internal_value=-0.00168196 -0.0133333 0.00253955 -0.00866667 0.00470085 0.000486224 -0.000648585 0.000470219 -0.000913242 0.00590796 0.00724206 -0.0182464
internal_weight=1634 434 1200 224 584 616 423 318 218 401 251 210
internal_count=1634 434 1200 224 584 616 423 318 218 401 251 210
is_linear=0
shrinkage=0.05


Tree=29
num_leaves=13
num_cat=0
split_feature=5 1 1 4 4 4 5 5 3 3 4 4
split_gain=30.4575 3.01898 2.49026 0.599352 0.505555 0.438132 0.454865 0.730956 0.435804 0.213597 0.203682 0.177093
threshold=10.442003641666668 1.0000000180025095e-35 1.0000000180025095e-35 20.434338184269436 8.1721944400547297 21.143349996740081 17.601411178727151 16.961074985984851 1.5000000000000002 2.5000000000000004 15.015935944971989 8.165708731238194
decision_type=2 2 2 2 2 2 2 2 2 2 2 2
left_child=1 11 3 8 -3 6 7 9 -2 -4 -10 -1
right_child=2 4 5 -5 -6 -7 -8 -9 10 -11 -12 -13
leaf_value=-0.099054722126564437 0.012983657583491671 -0.054699907863833899 0.081018987892803027 0.066782078623811539 -0.044934102572687443 0.16546166160411052 0.011146701737501008 0.088318535713305668 -0.026726158687559211 0.01643152517411375 -0.0021056480655059495 -0.085744330268642352
leaf_weight=107 136 114 115 189 105 143 102 123 119 106 174 101
leaf_count=107 136 114 115 189 105 143 102 123 119 106 174 101
internal_value=-0.00168196 -0.0131425 0.00237997 0.000161551 -0.00897727 0.00470339 0.00391499 0.00478261 -0.000872093 0.00304054 -0.00195578 -0.0174641
internal_weight=1634 427 1207 618 219 589 446 344 429 221 293 208
internal_count=1634 427 1207 618 219 589 446 344 429 221 293 208
is_linear=0
shrinkage=0.05


Tree=30
num_leaves=12
num_cat=0
split_feature=4 1 1 4 0 5 5 4 2 3 5
split_gain=28.9533 3.07359 2.43883 0.82253 0.462648 0.37621 0.520795 0.352001 0.328236 0.261359 0.12211
threshold=9.419090609987153 1.0000000180025095e-35 1.0000000180025095e-35 20.472292505183088 2.5000000000000004 17.535098129917376 15.1986558882114 8.1529604996624681 10.500000000000002 2.5000000000000004 14.362870865864307
decision_type=2 2 2 2 2 2 2 2 2 2 2
left_child=1 -1 3 5 8 6 10 -3 -4 -10 -2
right_child=2 7 4 -5 -6 -7 -8 -9 9 -11 -12
leaf_value=-0.089723056588782865 -0.031116145057647149 -0.051517090853515773 0.096337153429441713 0.054368443562758988 0.033568583575702783 -0.011032459268169072 0.032530958485024367 -0.042792771997107605 0.10299649308586503 0.056693359838003055 -0.0034989921191638019
leaf_weight=192 113 105 154 191 195 117 109 102 144 108 104
leaf_count=192 113 105 154 191 195 117 109 102 144 108 104
internal_value=-0.0016208 -0.0133125 0.00216424 0 0.00444352 -0.00118243 -0.00030581 -0.00901442 0.00540541 0.00652174 -0.00172018
internal_weight=1634 399 1235 634 601 443 326 207 406 252 217
internal_count=1634 399 1235 634 601 443 326 207 406 252 217
is_linear=0
shrinkage=0.05


Tree=31
num_leaves=13
num_cat=0
split_feature=4 1 1 4 4 3 3 5 4 4 4 4
split_gain=27.4329 3.06297 2.25547 0.716788 0.513924 0.481812 0.407069 0.396514 0.273808 0.111661 0.103783 0.0795981
threshold=9.419090609987153 1.0000000180025095e-35 1.0000000180025095e-35 20.472292505183088 16.927801874088242 1.5000000000000002 2.5000000000000004 20.979587577119343 8.1529604996624681 14.749127931813627 17.532965738664362 15.555757419889481
decision_type=2 2 2 2 2 2 2 2 2 2 2 2
left_child=1 -1 3 5 9 -2 -7 10 -3 -4 -6 -8
right_child=2 8 4 -5 7 6 11 -9 -10 -11 -12 -13
leaf_value=-0.08523690375934373 0.0093741015913784594 -0.048941236310839999 0.031890154396917579 0.051650021384621075 0.061589192058963432 -0.044359131930334833 -0.01199626027862042 0.094682705753097368 -0.040653133397252184 0.045752611877781395 0.091036021632993694 0.0024732666626712252
leaf_weight=192 139 105 107 191 100 102 100 160 102 120 114 102
leaf_count=192 139 105 107 191 100 102 100 160 102 120 114 102
internal_value=-0.00168196 -0.0130625 0.00200243 -7.87402e-05 0.00419435 -0.00118243 -0.00229508 0.00533333 -0.00877404 0.00230263 0.00674419 -0.000985222
internal_weight=1634 399 1235 634 601 443 304 374 207 227 214 202
internal_count=1634 399 1235 634 601 443 304 374 207 227 214 202
is_linear=0
shrinkage=0.05


Tree=32
num_leaves=13
num_cat=0
split_feature=4 1 1 4 5 5 4 3 3 4 4 4
split_gain=23.3768 3.20369 1.99176 0.659989 0.615303 0.648485 0.652265 0.389405 0.407069 0.224895 0.149916 0.0795981
threshold=9.419090609987153 1.0000000180025095e-35 1.0000000180025095e-35 20.472292505183088 16.961074985984851 17.601411178727151 21.143349996740081 1.5000000000000002 2.5000000000000004 14.749127931813627 8.1529604996624681 15.555757419889481
decision_type=2 2 2 2 2 2 2 2 2 2 2 2
left_child=1 -1 3 7 9 -6 -7 -2 -9 -4 -3 -10
right_child=2 10 4 -5 5 6 -8 8 11 -11 -12 -13
leaf_value=-0.080975058571376574 0.0089053965118095491 -0.046494174495297982 0.03029564667707163 0.049067520315390037 0.081292449241419901 0.0022118027372900252 0.1502176780577017 -0.042141175333818073 -0.011396447264689425 0.0097879711102881305 -0.038620476727389622 0.0023496033295376862
leaf_weight=192 139 105 107 191 124 102 138 102 100 130 102 102
leaf_count=192 139 105 107 191 124 102 138 102 100 130 102 102
internal_value=-0.00168196 -0.0121875 0.00171926 -0.00023622 0.00377907 0.00506849 0.00352697 -0.00129505 -0.00229508 0.00178571 -0.0078125 -0.000985222
internal_weight=1634 399 1235 634 601 364 240 443 304 237 207 202
internal_count=1634 399 1235 634 601 364 240 443 304 237 207 202
is_linear=0
shrinkage=0.05


Tree=33
num_leaves=14
num_cat=0
split_feature=5 1 1 5 5 4 4 5 5 4 4 4 5
split_gain=21.2216 3.13472 1.79154 0.643223 0.648485 0.652265 0.527697 0.426012 0.304073 0.257521 0.158363 0.125399 0.0440907
threshold=10.442003641666668 1.0000000180025095e-35 1.0000000180025095e-35 16.961074985984851 17.601411178727151 21.143349996740081 20.472292505183088 17.535098129917376 15.1986558882114 8.1586406873821442 8.1721944400547297 14.749127931813627 14.362870865864307
decision_type=2 2 2 2 2 2 2 2 2 2 2 2 2
left_child=1 9 6 11 -5 -6 7 8 12 -1 -3 -4 -2
right_child=2 10 3 4 5 -7 -8 -9 -10 -11 -12 -13 -14
leaf_value=-0.081305235074261087 -0.021885973288154937 -0.044617287387659577 0.059700925109326168 0.077227826779348877 0.0021012126004255728 0.14270679415481666 0.055879904965648833 -0.010504950769082644 0.030663267061162715 -0.06866036280923514 -0.036584078337965578 0.016872115717746185 -0.0021544071360401597
leaf_weight=103 102 114 100 124 102 138 186 117 109 105 105 125 104
leaf_count=103 102 114 100 124 102 138 186 117 109 105 105 125 104
internal_value=-0.00159021 -0.0111565 0.0018005 0.00377119 0.00506849 0.00352697 -8.07754e-05 -0.00103926 -7.91139e-05 -0.0155502 -0.00693182 0.00165929 -0.00120773
internal_weight=1634 427 1207 589 364 240 618 432 315 208 219 225 206
internal_count=1634 427 1207 589 364 240 618 432 315 208 219 225 206
is_linear=0
shrinkage=0.05


Tree=34
num_leaves=13
num_cat=0
split_feature=4 1 1 5 4 2 5 4 4 5 4 3
split_gain=19.7607 3.26734 1.27275 0.742256 0.468998 0.595526 0.862437 0.302254 0.2263 0.205697 0.406005 0.193849
threshold=12.633736863687167 1.0000000180025095e-35 1.0000000180025095e-35 14.45983064267082 20.472292505183088 10.500000000000002 17.4327796952977 8.1721944400547297 8.1586406873821442 21.152617504822917 17.681852942215702 2.5000000000000004
decision_type=2 2 2 2 2 2 2 2 2 2 2 2
left_child=1 8 4 -4 5 -2 -7 -3 -1 10 11 -5
right_child=2 7 3 9 -6 6 -8 -9 -10 -11 -12 -13
leaf_value=-0.07723997332054805 0.010999363044129318 -0.042386423018276623 -9.656604867522845e-05 0.097019953233451348 0.043820149051338048 0.0085678470430210051 -0.03138724927629926 -0.013648934772766897 -0.069335749781993569 0.061751152697477711 0.090625124905197127 0.028038990031561007
leaf_weight=103 192 114 113 125 191 133 100 110 107 127 119 100
leaf_count=103 192 114 113 125 191 133 100 110 107 127 119 100
internal_value=-0.00155963 -0.0106897 0.00174854 0.0034188 0.000162075 -0.000762911 -0.00245726 -0.00644444 -0.0151659 0.00429025 0.00492754 0.00365044
internal_weight=1634 434 1200 584 616 425 233 224 210 471 344 225
internal_count=1634 434 1200 584 616 425 233 224 210 471 344 225
is_linear=0
shrinkage=0.05


Tree=35
num_leaves=13
num_cat=0
split_feature=4 1 1 5 4 5 4 4 4 5 5 4
split_gain=18.1033 2.74376 0.858967 0.641365 0.492521 0.583718 0.403933 0.313303 0.267602 0.666241 0.330926 0.233848
threshold=12.633736863687167 1.0000000180025095e-35 1.0000000180025095e-35 14.45983064267082 17.597490644238359 14.968434578164022 8.1586406873821442 21.5177530792845 21.430102348573044 17.601411178727151 16.961074985984851 8.1721944400547297
decision_type=2 2 2 2 2 2 2 2 2 2 2 2
left_child=1 6 4 -4 5 -2 -1 -6 9 10 -5 -3
right_child=2 11 3 8 7 -7 -8 -9 -10 -11 -12 -13
leaf_value=-0.073377974654520631 0.012091475388321272 -0.040267101867362778 -9.1737746241449269e-05 0.070275117935625353 0.015254756814609484 -0.014903339200022448 -0.065868962292893893 -0.0074560443558343795 0.12716382233756152 0.024996951953366955 0.063229280190508955 -0.012966488034128521
leaf_weight=103 143 114 113 106 186 186 107 101 114 128 123 110
leaf_count=103 143 114 113 106 186 186 107 101 114 128 123 110
internal_value=-0.00137615 -0.0101149 0.00179017 0.00316239 0.000486224 -0.000833333 -0.014218 0.00199653 0.00397246 0.00328212 0.0048913 -0.00622222
internal_weight=1634 434 1200 584 616 329 210 287 471 357 229 224
internal_count=1634 434 1200 584 616 329 210 287 471 357 229 224
is_linear=0
shrinkage=0.05


Tree=36
num_leaves=12
num_cat=0
split_feature=5 1 1 4 4 5 4 3 2 5 4
split_gain=16.0842 1.61296 0.928622 0.680681 0.549285 0.544882 0.493728 0.497838 0.272514 0.271424 0.237476
threshold=10.442003641666668 1.0000000180025095e-35 1.0000000180025095e-35 8.1586406873821442 17.284961266800096 14.968434578164022 21.143349996740081 1.5000000000000002 11.500000000000002 8.0118433967687945 15.29563058006296
decision_type=2 2 2 2 2 2 2 2 2 2 2
left_child=1 3 4 -1 5 -2 7 -4 -6 -3 -9
right_child=2 9 6 -5 8 -7 -8 10 -10 -11 -12
leaf_value=-0.069709075921794608 0.01042155203456141 -0.026016199609457849 0.073945577431727472 -0.058467109065028972 0.00055313975684434524 -0.020273818096085486 0.12210191459201436 0.052810606925125826 0.028116452818810346 -0.043682407356619192 0.0041271902024863751
leaf_weight=103 148 119 139 105 191 114 143 116 165 100 191
leaf_count=103 148 119 139 105 191 114 143 116 165 100 191
internal_value=-0.00119266 -0.00952103 0.00175911 -0.0126794 0.000403877 -0.0013308 0.00317797 0.00234899 0.00168067 -0.00647727 0.00121753
internal_weight=1634 427 1207 208 618 262 589 446 356 219 307
internal_count=1634 427 1207 208 618 262 589 446 356 219 307
is_linear=0
shrinkage=0.05


Tree=37
num_leaves=14
num_cat=0
split_feature=4 1 1 5 4 5 5 3 4 5 5 5 4
split_gain=15.6213 2.25818 0.704658 0.748283 0.507257 0.318957 0.199272 0.384666 0.193302 0.624352 0.516085 0.187352 0.122543
threshold=12.633736863687167 1.0000000180025095e-35 1.0000000180025095e-35 14.45983064267082 8.1586406873821442 21.503989619894789 21.152617504822917 1.5000000000000002 14.868011685192887 15.1986558882114 17.535098129917376 17.515456773192987 8.1721944400547297
decision_type=2 2 2 2 2 2 2 2 2 2 2 2 2
left_child=1 4 5 -4 -1 8 7 -5 -2 -10 -11 -9 -3
right_child=2 12 3 6 -6 -7 -8 11 9 10 -12 -13 -14
leaf_value=-0.066223622125704873 0.016900358294174557 -0.03695293679352174 -0.0024310612135691302 0.081770209356252732 -0.059652158724997718 0.052736842603597192 0.049798231359635819 0.071294495273128256 -0.031256691373684829 0.041247794087773043 -0.0075413433428455079 0.027720422185502969 -0.012179533002852639
leaf_weight=103 104 114 113 121 107 122 127 111 104 111 175 112 110
leaf_count=103 104 114 113 121 107 122 127 111 104 111 175 112 110
internal_value=-0.00119266 -0.00931034 0.00174854 0.00299145 -0.0130332 0.000567261 0.00386653 0.00449275 0 -0.000511509 0.000696864 0.00323661 -0.00577778
internal_weight=1634 434 1200 584 210 616 471 344 494 390 286 223 224
internal_count=1634 434 1200 584 210 616 471 344 494 390 286 223 224
is_linear=0
shrinkage=0.05


Tree=38
num_leaves=11
num_cat=0
split_feature=4 1 1 5 4 5 5 3 2 5
split_gain=13.435 1.5584 0.848174 0.690455 0.571291 0.797061 0.408057 0.4182 0.210393 0.0389292
threshold=9.419090609987153 1.0000000180025095e-35 1.0000000180025095e-35 15.059951714109797 17.268519987134535 14.968434578164022 21.152617504822917 2.5000000000000004 11.500000000000002 7.9876517380632288
decision_type=2 2 2 2 2 2 2 2 2 2
left_child=1 -1 4 -4 5 -2 7 -5 -6 -3
right_child=2 9 3 6 8 -7 -8 -9 -10 -11
leaf_value=-0.060059078984733109 0.0078270055029037618 -0.024106412978842331 0.0064638418678192094 0.086588155779981871 0.00070097415333520991 -0.017697292622597029 0.047308319791654091 0.038564638077305174 0.030001444234367194 -0.038345974171496482
leaf_weight=192 158 107 170 155 196 112 127 149 168 100
leaf_count=192 158 107 170 155 196 112 127 149 168 100
internal_value=-0.00122324 -0.0091875 0.00135518 0.00269934 7.87402e-05 -0.00166052 0.00376157 0.0047541 0.00136986 -0.00612981
internal_weight=1634 399 1235 601 634 270 431 304 364 207
internal_count=1634 399 1235 601 634 270 431 304 364 207
is_linear=0
shrinkage=0.05


Tree=39
num_leaves=12
num_cat=0
split_feature=4 1 1 5 4 5 3 3 5 4 5
split_gain=13.1183 1.43117 0.848174 0.690455 0.519408 0.408057 0.4182 0.34929 0.24133 0.223842 0.0389292
threshold=9.419090609987153 1.0000000180025095e-35 1.0000000180025095e-35 15.059951714109797 17.597490644238359 21.152617504822917 2.5000000000000004 1.5000000000000002 14.907197508869951 21.5177530792845 7.9876517380632288
decision_type=2 2 2 2 2 2 2 2 2 2 2
left_child=1 -1 4 -4 7 6 -5 -2 -9 -6 -3
right_child=2 10 3 5 9 -7 -8 8 -10 -11 -12
leaf_value=-0.057056125035496445 0.01234601175548935 -0.02290109232990023 0.0061406497744282088 0.082258747990982789 0.012891540210003072 0.044942903802071402 0.036636406173439974 -0.0037048159673329639 -0.023885567534479037 -0.009782789963731631 -0.036428675462921632
leaf_weight=192 105 107 170 155 186 127 149 106 136 101 100
leaf_count=192 105 107 170 155 186 127 149 106 136 101 100
internal_value=-0.00119266 -0.0090625 0.00135518 0.00269934 7.87402e-05 0.00376157 0.0047541 -0.00122126 -0.00226337 0.00164931 -0.00612981
internal_weight=1634 399 1235 601 634 431 304 347 242 287 207
internal_count=1634 399 1235 601 634 431 304 347 242 287 207
is_linear=0
shrinkage=0.05


Tree=40
num_leaves=13
num_cat=0
split_feature=4 1 4 2 5 5 4 5 4 4 2 2
split_gain=11.0054 1.68588 0.540777 0.972349 0.593289 0.756628 0.665959 0.418761 0.415396 0.284904 0.223494 0.132051
threshold=12.779635423862782 1.0000000180025095e-35 17.964216807258357 10.500000000000002 17.535098129917376 16.961074985984851 14.902861214457038 21.171284727082423 8.165708731238194 8.2571808006077152 10.500000000000002 10.500000000000002
decision_type=2 2 2 2 2 2 2 2 2 2 2 2
left_child=1 8 4 -4 5 6 11 -5 -1 -3 -8 -2
right_child=2 9 3 7 -6 -7 10 -9 -10 -11 -12 -13
leaf_value=-0.057056680818408138 0.012419492119520294 -0.03239908802669169 -0.005944588766391235 0.09710105296068311 -0.010173620105410031 0.043559854362620422 -0.0013536788789560107 0.067052990509645749 -0.051798602370573259 -0.0055949905969587379 -0.028616420951400202 0.03875999520040399
leaf_weight=107 115 126 142 102 187 176 102 158 107 101 106 105
leaf_count=107 115 126 142 102 187 176 102 158 107 101 106 105
internal_value=-0.00100917 -0.00774887 0.0014866 0.00297767 0.00072601 0.0014876 0.00034965 0.00478927 -0.0109302 -0.00471491 -0.00167464 0.00226244
internal_weight=1634 441 1193 402 791 604 428 260 214 227 208 220
internal_count=1634 441 1193 402 791 604 428 260 214 227 208 220
is_linear=0
shrinkage=0.05


Tree=41
num_leaves=14
num_cat=0
split_feature=4 1 4 3 4 5 0 4 4 4 4 5 4
split_gain=9.95344 1.67404 0.623062 0.555044 0.887632 0.786173 1.51303 1.15511 0.595398 0.221669 0.172113 0.0848262 0.055508
threshold=12.779635423862782 1.0000000180025095e-35 8.165708731238194 1.0000000180025095e-35 17.382193482405981 22.285081548482935 1.0000000180025095e-35 17.553446582306879 16.138830992772899 14.966495336640619 8.2571808006077152 21.050047303717381 14.562852761107878
decision_type=2 2 2 2 2 2 2 2 2 2 2 2 2
left_child=1 2 -1 4 -2 6 11 8 9 12 -3 -5 -8
right_child=3 10 -4 5 -6 -7 7 -9 -10 -11 -12 -13 -14
leaf_value=-0.054203846777487734 0.0039025494271618388 -0.030779133625357114 -0.049208672252044575 0.11588552763966753 0.071356592108385991 -0.040992313294085751 0.020969091894587556 -0.036981556638252845 0.028335823390616001 -0.0080363558737169168 -0.0053152410671108543 0.070839092994401567 0.012106633237347175
leaf_weight=107 102 126 107 101 106 103 106 137 187 126 101 122 103
leaf_count=107 102 126 107 101 106 103 106 137 187 126 101 122 103
internal_value=-0.00088685 -0.00729638 -0.0104651 0.0014866 0.00382775 0.000988844 0.00147225 0.000265152 0.00133843 7.44048e-05 -0.00427632 0.00502232 0.00107143
internal_weight=1634 441 214 1193 208 985 882 659 522 335 227 223 209
internal_count=1634 441 214 1193 208 985 882 659 522 335 227 223 209
is_linear=0
shrinkage=0.05


Tree=42
num_leaves=14
num_cat=0
split_feature=4 1 1 5 4 5 3 4 5 4 5 4 5
split_gain=8.99047 1.43009 0.819264 0.675486 0.626852 0.295566 0.491421 0.264489 0.579721 0.304514 0.817922 0.172113 0.0891376
threshold=12.779635423862782 1.0000000180025095e-35 1.0000000180025095e-35 14.45983064267082 8.165708731238194 21.152617504822917 1.5000000000000002 20.914154855654242 17.535098129917376 14.902861214457038 15.956111674887557 8.2571808006077152 17.515456773192987
decision_type=2 2 2 2 2 2 2 2 2 2 2 2 2
left_child=1 4 7 -4 -1 6 -5 8 9 -2 -11 -3 -8
right_child=2 11 3 5 -6 -7 12 -9 -10 10 -12 -13 -14
leaf_value=-0.051493654438613361 0.019342196372734578 -0.029240176944089272 -0.0022641832360190683 0.068331243535631359 -0.046748238639442358 0.040136371094280143 0.065802357138190534 0.039128273286570273 -0.006583158598435457 -0.017132463482807482 0.036159934898453996 -0.0050494790137552321 0.020322901837729557
leaf_weight=107 106 126 110 121 107 127 111 151 151 103 101 101 112
leaf_count=107 106 126 110 121 107 127 111 151 151 103 101 101 112
internal_value=-0.000978593 -0.00707014 0.00127722 0.00262027 -0.01 0.0034428 0.0042029 0 -0.000595238 0.000643087 -0.000487805 -0.00427632 0.00279018
internal_weight=1634 441 1193 581 214 471 344 612 461 310 204 227 223
internal_count=1634 441 1193 581 214 471 344 612 461 310 204 227 223
is_linear=0
shrinkage=0.05


Tree=43
num_leaves=13
num_cat=0
split_feature=4 1 1 5 5 5 3 3 5 4 4 5
split_gain=7.81344 1.53248 0.62304 0.625472 0.454357 0.424524 0.422336 0.393847 0.377259 0.411461 0.138309 0.137914
threshold=12.779635423862782 1.0000000180025095e-35 1.0000000180025095e-35 15.059951714109797 7.9955219858918811 21.152617504822917 2.5000000000000004 3.5000000000000004 14.968434578164022 17.363517650537322 8.2571808006077152 17.691482265047792
decision_type=2 2 2 2 2 2 2 2 2 2 2 2
left_child=1 4 7 -4 -1 6 -5 8 -2 -10 -3 -11
right_child=2 10 3 5 -6 -7 -8 -9 9 11 -12 -13
leaf_value=-0.040990009852337653 0.013737973251538183 -0.027778168096884805 -0.00090098476112343562 0.07431804501660455 -0.049796328245918536 0.038129552539566097 0.031185553121640199 0.012394917660616889 -0.035120165479743636 0.0084959083924229795 -0.0047970050630674168 -0.0026872858561835856
leaf_weight=113 111 126 150 155 101 127 149 140 109 101 101 151
leaf_count=113 111 126 150 155 101 127 149 140 109 101 101 151
internal_value=-0.000825688 -0.00650452 0.00127722 0.00244845 -0.00953488 0.00341435 0.00442623 0.000163132 -0.000528541 -0.00131215 -0.00361842 -0.000197628
internal_weight=1634 441 1193 581 214 431 304 612 472 361 227 252
internal_count=1634 441 1193 581 214 431 304 612 472 361 227 252
is_linear=0
shrinkage=0.05


Tree=44
num_leaves=13
num_cat=0
split_feature=5 1 1 4 5 5 4 5 4 3 5 4
split_gain=6.39592 0.901898 0.702062 0.358119 0.350088 0.365154 0.487668 0.212603 0.197746 0.445735 0.303596 0.185238
threshold=10.442003641666668 1.0000000180025095e-35 1.0000000180025095e-35 8.165708731238194 15.059951714109797 17.428168054746852 17.847610741860649 8.0118433967687945 20.914154855654242 1.5000000000000002 17.527217190477757 15.015935944971989
decision_type=2 2 2 2 2 2 2 2 2 2 2 2
left_child=1 3 8 -1 -4 -6 -7 -3 9 -2 11 -11
right_child=2 7 4 -5 5 6 -8 -9 -10 10 -12 -13
leaf_value=-0.046869471224065817 0.012371476862743737 -0.015265875500180659 0.0095822771376492533 -0.038940509359720779 0.090260837357655985 -0.0014429065402357111 0.086570076990214073 -0.033347031673425453 0.047889429433435993 -0.01156481787667989 -0.014764232439018744 0.0077528507992307817
leaf_weight=107 152 119 158 101 106 127 198 100 149 115 102 100
leaf_count=107 152 119 158 101 106 127 198 100 149 115 102 100
internal_value=-0.000764526 -0.00601636 0.00109685 -0.00837321 0.00233051 0.00306713 0.00222393 -0.00375 -8.07754e-05 -0.000585106 -0.00165094 -0.000578704
internal_weight=1634 427 1207 208 589 431 325 219 618 469 317 215
internal_count=1634 427 1207 208 589 431 325 219 618 469 317 215
is_linear=0
shrinkage=0.05


Tree=45
num_leaves=11
num_cat=0
split_feature=4 5 4 1 5 5 4 3 3 2
split_gain=5.52299 1.04685 1.60743 0.689641 0.375197 0.365154 0.487668 0.294369 0.266325 0.342498
threshold=9.419090609987153 8.1146864367708602 7.9270792410058526 1.0000000180025095e-35 15.059951714109797 17.428168054746852 17.847610741860649 3.5000000000000004 1.5000000000000002 10.500000000000002
decision_type=2 2 2 2 2 2 2 2 2 2
left_child=1 2 -1 7 -5 -6 -7 8 -2 -10
right_child=3 -3 -4 4 5 6 -8 -9 9 -11
leaf_value=-0.038342659497579312 0.0055455641892172558 -0.042706505392578857 9.9683547592999144e-05 0.0046031521434763082 0.085747795489773099 -0.0013707612132240145 0.082241573140703406 0.010900724897776649 -0.029928212211561792 -0.00041287148732553907
leaf_weight=146 198 126 127 170 106 127 198 143 124 169
leaf_count=146 198 126 127 170 106 127 198 143 124 169
internal_value=-0.00058104 -0.0056875 -0.00392336 0.00107201 0.00228405 0.00306713 0.00222393 -7.87402e-05 -0.000660569 -0.00161565
internal_weight=1634 399 273 1235 601 431 325 634 491 293
internal_count=1634 399 273 1235 601 431 325 634 491 293
is_linear=0
shrinkage=0.05


Tree=46
num_leaves=12
num_cat=0
split_feature=4 5 4 1 5 5 4 4 5 3 2
split_gain=4.73617 1.19782 1.37194 0.689641 0.375197 0.365154 0.487668 0.194149 0.541278 0.467438 0.344547
threshold=9.419090609987153 8.1253846955008431 7.9270792410058526 1.0000000180025095e-35 15.059951714109797 17.428168054746852 17.847610741860649 20.914154855654242 17.606457287376077 1.5000000000000002 10.500000000000002
decision_type=2 2 2 2 2 2 2 2 2 2 2
left_child=1 2 -1 7 -5 -6 -7 8 9 -2 -11
right_child=3 -3 -4 4 5 6 -8 -9 -10 10 -12
leaf_value=-0.036425526522700348 0.013977330559076729 -0.04124544647619946 0.0002255990706827582 0.0043729945363024658 0.081460405715284442 -0.0013022231525628314 0.078129494483668266 0.034932396017745226 -0.0062598628147720881 0.0014281808435300471 -0.03129961573696223
leaf_weight=150 120 119 130 170 106 127 198 151 108 125 130
leaf_count=150 120 119 130 170 106 127 198 151 108 125 130
internal_value=-0.000458716 -0.0051875 -0.00338078 0.00107201 0.00228405 0.00306713 0.00222393 -7.87402e-05 -0.000568182 0.000332447 -0.000878906
internal_weight=1634 399 280 1235 601 431 325 634 483 375 255
internal_count=1634 399 280 1235 601 431 325 634 483 375 255
is_linear=0
shrinkage=0.05


Tree=47
num_leaves=11
num_cat=0
split_feature=4 5 4 1 5 5 3 3 2 2
split_gain=4.36542 0.886156 1.37194 0.513561 0.315166 0.313456 0.249653 0.195394 0.202144 0.160068
threshold=9.419090609987153 8.1253846955008431 7.9270792410058526 1.0000000180025095e-35 15.059951714109797 20.979587577119343 3.5000000000000004 1.5000000000000002 10.500000000000002 11.500000000000002
decision_type=2 2 2 2 2 2 2 2 2 2
left_child=1 2 -1 6 -5 9 7 -2 -9 -6
right_child=3 -3 -4 4 5 -7 -8 8 -10 -11
leaf_value=-0.034604250196565323 0.004569419451802492 -0.039183174152389505 0.00021431911714859809 0.0041543448094873096 0.05724972147781511 0.038080146811316246 0.010668681793626435 -0.028311009551702605 -7.9234772220715399e-05 0.045479658821426572
leaf_weight=150 198 119 130 170 146 161 143 124 169 124
leaf_count=150 198 119 130 170 146 161 143 124 169 124
internal_value=-0.000397554 -0.0049375 -0.00338078 0.00107201 0.00211794 0.00283565 7.87402e-05 -0.000457317 -0.00127551 0.00387454
internal_weight=1634 399 280 1235 601 431 634 491 293 270
internal_count=1634 399 280 1235 601 431 634 491 293 270
is_linear=0
shrinkage=0.05


Tree=48
num_leaves=12
num_cat=0
split_feature=4 5 4 1 5 5 4 4 5 5 4
split_gain=4.13345 0.886156 1.37194 0.593805 0.287111 0.333142 0.566572 0.214218 0.533484 0.296481 0.333693
threshold=9.419090609987153 8.1253846955008431 7.9270792410058526 1.0000000180025095e-35 15.059951714109797 17.437626767383044 17.847610741860649 20.914154855654242 17.535098129917376 15.956111674887557 14.902861214457038
decision_type=2 2 2 2 2 2 2 2 2 2 2
left_child=1 2 -1 7 -5 -6 -7 8 9 10 -2
right_child=3 -3 -4 4 5 6 -8 -9 -10 -11 -12
leaf_value=-0.032874037686737044 0.0059767890000365755 -0.037224015444770012 0.00020360316129117706 0.0039466275690129837 0.071457682747147547 -0.0045461163372214845 0.072319012418918943 0.033189737955468958 -0.0053093222789761365 0.034284756874376397 -0.015830834845585961
leaf_weight=150 128 119 130 170 113 120 198 151 151 101 103
leaf_count=150 128 119 130 170 113 120 198 151 151 101 103
internal_value=-0.000519878 -0.0049375 -0.00338078 0.000910194 0.00203488 0.00271991 0.00188088 -0.00015748 -0.000671488 0.00045045 -0.000538793
internal_weight=1634 399 280 1235 601 431 318 634 483 332 231
internal_count=1634 399 280 1235 601 431 318 634 483 332 231
is_linear=0
shrinkage=0.05


Tree=49
num_leaves=13
num_cat=0
split_feature=4 5 4 4 3 3 5 5 4 4 1 4
split_gain=4.07139 0.967866 0.805441 0.388108 0.619389 0.492611 0.447449 0.349859 0.463474 0.31177 0.270871 0.243849
threshold=9.419090609987153 8.0118433967687945 7.9270792410058526 21.143349996740081 2.5000000000000004 1.5000000000000002 17.535098129917376 17.291145745163032 15.000032014917029 17.72633068846714 1.0000000180025095e-35 15.242858064964432
decision_type=2 2 2 2 2 2 2 2 2 2 2 2
left_child=1 2 -1 5 -5 11 7 8 10 -8 -7 -2
right_child=3 -3 -4 4 -6 6 9 -9 -10 -11 -12 -13
leaf_value=-0.032462840647065727 0.004042109029210472 -0.033787553401119878 0.00045771948056767543 0.0063940391029834844 0.12779274326510218 -0.0040759209975169243 -0.030867980490189864 0.027785392886648986 -0.01054987756234569 -0.00013124597857707698 0.024815865655626192 0.034801729949009319
leaf_weight=123 118 168 108 166 122 116 101 101 127 101 105 178
leaf_count=123 118 168 108 166 122 116 101 101 127 101 105 178
internal_value=-0.000428135 -0.0048125 -0.00269397 0.0009911 0.00259516 0.000501055 -0.000268405 0.000611111 -0.000143266 -0.00221675 0.00123874 0.00218855
internal_weight=1634 399 231 1235 288 947 651 449 348 202 221 296
internal_count=1634 399 231 1235 288 947 651 449 348 202 221 296
is_linear=0
shrinkage=0.05


Tree=50
num_leaves=12
num_cat=0
split_feature=4 3 1 4 3 5 5 5 4 5 4
split_gain=3.3733 1.1076 0.484371 0.395772 0.619389 0.431009 0.379346 1.18662 0.451423 1.0275 0.277984
threshold=12.779635423862782 3.5000000000000004 1.0000000180025095e-35 21.143349996740081 2.5000000000000004 17.535098129917376 14.542063893871431 14.202021404250479 17.326702547852538 15.159501496962724 17.964216807258357
decision_type=2 2 2 2 2 2 2 2 2 2 2
left_child=1 2 -1 5 -5 6 7 -2 9 -8 -7
right_child=3 -3 -4 4 -6 10 8 -9 -10 -11 -12
leaf_value=-0.036171126696075674 0.020198604900408902 0.00041193925611588967 -0.015106568320426028 0.0060743371478343636 0.12140310610184715 -0.0067839426624778376 0.035092300214990595 -0.033196437505394763 0.040169835170723062 -0.014511799225189394 0.0097401851251516028
leaf_weight=168 112 100 173 166 122 187 139 104 114 143 106
leaf_count=168 112 100 173 166 122 187 139 104 114 143 106
internal_value=-0.000397554 -0.00412896 -0.00548246 0.000984087 0.00259516 0.000469095 0.00122349 -0.000460829 0.00214106 0.00106007 -0.00110544
internal_weight=1634 441 341 1193 288 905 612 216 396 282 293
internal_count=1634 441 341 1193 288 905 612 216 396 282 293
is_linear=0
shrinkage=0.05


Tree=51
num_leaves=12
num_cat=0
split_feature=4 5 4 4 3 5 5 4 5 2 4
split_gain=2.99339 1.21283 0.978181 0.492262 0.619389 0.482403 0.54855 0.603563 0.319586 0.153291 0.13856
threshold=9.419090609987153 8.1386877001893954 7.9270792410058526 21.143349996740081 2.5000000000000004 17.535098129917376 16.961074985984851 14.902861214457038 14.202021404250479 10.500000000000002 17.964216807258357
decision_type=2 2 2 2 2 2 2 2 2 2 2
left_child=1 2 -1 5 -5 6 7 8 -2 -9 -7
right_child=3 -3 -4 4 -6 10 -8 9 -10 -11 -12
leaf_value=-0.027798637435243159 0.031320177082983847 -0.031892044128957187 0.0017516155343042074 0.0057706202904427078 0.11533295079675475 -0.0064447455293539235 0.030315665479235809 -0.00055352080886481578 0.0042704708381263948 -0.030268979361043426 0.0092531758688939817
leaf_weight=156 102 113 130 166 122 187 178 104 160 110 106
leaf_count=156 102 113 130 166 122 187 178 104 160 110 106
internal_value=-0.000428135 -0.0041875 -0.00243902 0.000788835 0.00259516 0.000237342 0.000992366 0.000104822 0.00171103 -0.00186047 -0.00144558
internal_weight=1634 399 286 1235 288 947 654 476 262 214 293
internal_count=1634 399 286 1235 288 947 654 476 262 214 293
is_linear=0
shrinkage=0.05


Tree=52
num_leaves=12
num_cat=0
split_feature=4 5 4 4 3 5 5 4 2 4 2
split_gain=3.24741 1.10408 0.659901 0.41391 0.701771 0.499091 0.40948 0.740968 0.153291 0.13856 0.132051
threshold=12.779635423862782 8.1985221926064593 7.7929262616906838 21.143349996740081 2.5000000000000004 17.535098129917376 16.961074985984851 14.902861214457038 10.500000000000002 17.964216807258357 10.500000000000002
decision_type=2 2 2 2 2 2 2 2 2 2 2
left_child=1 2 -1 5 -5 6 7 10 -9 -7 -2
right_child=3 -3 -4 4 -6 9 -8 8 -10 -11 -12
leaf_value=-0.025176200718815479 0.0080771458240321611 -0.029902438149019918 -0.0010240194402971971 0.005482089275920643 0.10956630325691696 -0.006122508252886228 0.028799882205274008 -0.0005258447684215906 -0.028755530392991259 0.0087905170754492452 0.030237805312683011
leaf_weight=157 115 128 156 166 122 187 178 104 110 106 105
leaf_count=157 115 128 156 166 122 187 178 104 110 106 105
internal_value=-0.00058104 -0.00424208 -0.00262739 0.000774707 0.00242215 0.000248344 0.00106036 0.000229885 -0.00186047 -0.00144558 0.00226244
internal_weight=1634 441 313 1193 288 905 612 434 214 293 220
internal_count=1634 441 313 1193 288 905 612 434 214 293 220
is_linear=0
shrinkage=0.05


Tree=53
num_leaves=11
num_cat=0
split_feature=4 5 4 1 3 4 5 5 5 4
split_gain=3.04227 0.98054 0.854235 0.429424 0.294369 0.25205 0.325902 0.411328 0.14775 0.319009
threshold=9.419090609987153 8.1386877001893954 7.9270792410058526 1.0000000180025095e-35 3.5000000000000004 21.143349996740081 17.428168054746852 15.059951714109797 15.075383287026836 17.797236071061132
decision_type=2 2 2 2 2 2 2 2 2 2
left_child=1 2 -1 4 8 6 7 -5 -2 -10
right_child=3 -3 -4 5 -6 -7 -8 -9 9 -11
leaf_value=-0.025149895527540211 0.0025030227519246221 -0.028802320015058315 0.0017152357296038368 0.0010381269741857936 0.0073540443233943266 0.061024185885987237 -0.0022543699420111809 0.068932597857550973 -0.028357021643444471 0.002598625429268653
leaf_weight=156 140 113 130 165 143 145 187 104 173 178
leaf_count=156 140 113 130 165 143 145 187 104 173 178
internal_value=-0.000397554 -0.0041875 -0.00261324 0.000829288 -7.87402e-05 0.00178571 0.0012035 0.00231481 -0.000660569 -0.00120739
internal_weight=1634 399 286 1235 634 601 456 269 491 351
internal_count=1634 399 286 1235 634 601 456 269 491 351
is_linear=0
shrinkage=0.05


Tree=54
num_leaves=13
num_cat=0
split_feature=4 5 4 5 5 5 4 5 4 3 3 4
split_gain=3.08139 0.870704 0.571938 0.471888 1.02119 0.351354 0.655273 0.313528 0.368307 0.679946 0.618711 0.304046
threshold=12.779635423862782 8.1985221926064593 7.7929262616906838 14.202021404250479 14.542063893871431 15.114169381530429 16.640665646477412 17.4327796952977 20.914154855654242 1.5000000000000002 2.5000000000000004 17.734643834289148
decision_type=2 2 2 2 2 2 2 2 2 2 2 2
left_child=1 2 -1 -2 -5 -6 -7 -8 9 -9 -10 -11
right_child=3 -3 -4 4 5 6 7 8 10 11 -12 -13
leaf_value=-0.022659895906497685 0.01664132157493068 -0.026967200240815982 -0.00092262937559566276 -0.041410255895578278 0.039245189836133856 -0.036635174919755764 0.037747841522718997 0.033229613936428759 0.0061856563341629927 -0.0021416514449105863 0.068525550578910452 -0.016074732068338628
leaf_weight=157 119 128 156 105 111 100 102 112 159 155 129 101
leaf_count=157 119 128 156 105 111 100 102 112 159 155 129 101
internal_value=-0.000336391 -0.00390271 -0.00246815 0.000984087 0.000651163 0.00115979 0.000814901 0.00131752 0.000913242 -0.000135501 0.00224913 -0.00155642
internal_weight=1634 441 313 1193 1074 969 858 758 656 368 288 256
internal_count=1634 441 313 1193 1074 969 858 758 656 368 288 256
is_linear=0
shrinkage=0.05


Tree=55
num_leaves=12
num_cat=0
split_feature=4 5 4 1 3 5 4 4 3 4 5
split_gain=2.60852 1.11042 0.667191 0.390169 0.318099 0.258931 0.36807 0.205325 0.297105 0.463139 0.180759
threshold=9.419090609987153 8.1386877001893954 7.9270792410058526 1.0000000180025095e-35 3.5000000000000004 14.968434578164022 17.363517650537322 21.143349996740081 1.5000000000000002 15.29563058006296 21.080500647154121
decision_type=2 2 2 2 2 2 2 2 2 2 2
left_child=1 2 -1 4 5 -2 -7 8 -5 -10 -8
right_child=3 -3 -4 7 -6 6 10 -9 9 -11 -12
leaf_value=-0.022759405955838342 0.0035432584627489217 -0.026013844002264586 0.0016756054119034581 0.043282901276210956 0.0050989500310886452 -0.02901083758326788 -0.0019361616433931418 0.057663693774979666 0.022128350213629935 -0.0083713860975491283 0.016612962073213212
leaf_weight=156 130 113 130 141 143 109 145 145 123 192 107
leaf_count=156 130 113 130 141 143 109 145 145 123 192 107
internal_value=-0.000428135 -0.0039375 -0.00226481 0.000707929 -0.00015748 -0.000762195 -0.00145028 0.0016196 0.00109409 0.000237342 -0.000395257
internal_weight=1634 399 286 1235 634 491 361 601 456 315 252
internal_count=1634 399 286 1235 634 491 361 601 456 315 252
is_linear=0
shrinkage=0.05


Tree=56
num_leaves=12
num_cat=0
split_feature=4 5 4 4 3 4 4 5 5 5 4
split_gain=2.7002 1.11042 0.667191 0.321697 0.789209 0.501698 0.595366 0.503837 0.720386 0.924938 0.288457
threshold=9.419090609987153 8.1386877001893954 7.9270792410058526 21.143349996740081 2.5000000000000004 17.553446582306879 17.326702547852538 14.202021404250479 14.542063893871431 15.159501496962724 17.964216807258357
decision_type=2 2 2 2 2 2 2 2 2 2 2
left_child=1 2 -1 5 -5 6 7 -2 -9 -10 -7
right_child=3 -3 -4 4 -6 10 -8 8 9 -11 -12
leaf_value=-0.021621435658046417 0.017496853069903652 -0.024713151802151369 0.0015918251413082453 -0.0010356919876320704 0.097214223886039355 -0.0085339063841079373 0.02495954785879393 -0.039516906023936829 0.035634131984486839 -0.011989097236026681 0.0082089953228539955
leaf_weight=156 143 113 130 166 122 156 114 103 139 178 114
leaf_count=156 143 113 130 166 122 156 114 103 139 178 114
internal_value=-0.000366972 -0.0039375 -0.00226481 0.000788835 0.00224913 0.000342827 0.00106932 0.000398936 -0.000475059 0.000707547 -0.00147601
internal_weight=1634 399 286 1235 288 947 677 563 420 317 270
internal_count=1634 399 286 1235 288 947 677 563 420 317 270
is_linear=0
shrinkage=0.05


Tree=57
num_leaves=12
num_cat=0
split_feature=5 5 4 1 4 3 4 3 5 5 5
split_gain=2.39795 1.36771 0.548176 0.469603 0.328717 0.373706 0.370416 0.24219 0.249195 0.263717 0.142185
threshold=10.442003641666668 8.1985221926064593 7.7929262616906838 1.0000000180025095e-35 21.143349996740081 1.5000000000000002 15.29563058006296 3.5000000000000004 14.968434578164022 21.080500647154121 17.535098129917376
decision_type=2 2 2 2 2 2 2 2 2 2 2
left_child=1 2 -1 7 5 -5 -7 8 -2 10 -10
right_child=3 -3 -4 4 -6 6 -8 -9 9 -11 -12
leaf_value=-0.019307859030478582 0.011417332568072692 -0.024560397799967684 -0.00022034128413830347 0.041545451531605875 0.057355377166913968 0.042522966409200794 -0.0071327362646940173 0.0042212172155535743 -0.0035298827802083821 0.014920311827400213 -0.023179502323482471
leaf_weight=157 117 105 165 139 143 116 191 140 131 110 120
leaf_count=157 117 105 165 139 143 116 191 140 131 110 120
internal_value=-0.00058104 -0.00379673 -0.00216718 0.000558775 0.0015678 0.000894855 -8.11688e-05 -0.000403877 -0.000939457 -0.0015884 -0.00248016
internal_weight=1634 427 322 1207 589 446 307 618 478 361 251
internal_count=1634 427 322 1207 589 446 307 618 478 361 251
is_linear=0
shrinkage=0.05


Tree=58
num_leaves=12
num_cat=0
split_feature=4 5 4 2 4 3 4 5 4 4 4
split_gain=2.33533 1.20659 0.468091 0.345212 0.441413 0.425058 0.40156 0.326135 0.347431 0.348774 0.21
threshold=9.419090609987153 8.1698929417817485 7.7929262616906838 13.500000000000002 21.430102348573044 1.5000000000000002 15.242858064964432 13.978711237377578 17.326702547852538 17.734643834289148 14.916062690048125
decision_type=2 2 2 2 2 2 2 2 2 2 2
left_child=1 2 -1 4 5 6 -2 -7 10 -10 -9
right_child=3 -3 -4 -5 -6 7 -8 8 9 -11 -12
leaf_value=-0.018342466078954667 -0.0020890838681533186 -0.022235892591402708 0.00032100828867112077 -0.011529010751405444 0.052588062510876027 0.01001616195300925 0.030599222567387587 -0.011488104254342435 0.018370665468250547 -0.0037292014325966075 -0.011316854397996857
leaf_weight=157 118 100 142 129 186 102 154 115 127 138 166
leaf_count=157 118 100 142 129 186 102 154 115 127 138 166
internal_value=-0.000366972 -0.0036875 -0.00208333 0.000707929 0.000993677 0.000542888 0.0021978 -0.000154083 -0.000639854 0.000657895 -0.0018617
internal_weight=1634 399 299 1235 1106 920 272 648 546 265 281
internal_count=1634 399 299 1235 1106 920 272 648 546 265 281
is_linear=0
shrinkage=0.05


Tree=59
num_leaves=12
num_cat=0
split_feature=4 5 4 2 4 5 5 3 2 5 3
split_gain=2.33531 1.05115 0.491313 0.341839 0.448119 0.541948 0.718336 0.587972 0.226647 0.311048 0.196286
threshold=12.779635423862782 8.1985221926064593 7.7929262616906838 13.500000000000002 21.430102348573044 14.202021404250479 14.542063893871431 1.5000000000000002 9.5000000000000018 17.535098129917376 1.0000000180025095e-35
decision_type=2 2 2 2 2 2 2 2 2 2 2
left_child=1 2 -1 4 5 -2 -7 10 -9 -10 -8
right_child=3 -3 -4 -5 -6 6 7 8 9 -11 -12
leaf_value=-0.017425342775006937 0.031442876718074955 -0.020742675918985889 0.00030495787423756582 -0.010952560213835128 0.049958659385332282 -0.030905477490529742 0.005956606265468168 -0.017836451086992701 0.01651768334609063 -0.005709665880326043 0.044776268892220729
leaf_weight=157 113 128 156 129 186 104 112 100 186 161 102
leaf_count=157 113 128 156 129 186 104 112 100 186 161 102
internal_value=-0.000458716 -0.00356335 -0.00199045 0.000690955 0.000985915 0.000511945 3.26371e-05 0.000641994 -0.000390625 0.000215517 0.0027907
internal_weight=1634 441 313 1193 1064 878 765 661 447 347 214
internal_count=1634 441 313 1193 1064 878 765 661 447 347 214
is_linear=0
shrinkage=0.05


Tree=60
num_leaves=11
num_cat=0
split_feature=5 5 5 2 4 5 4 5 5 5
split_gain=2.24261 1.30168 0.484769 0.309461 0.491917 0.436451 0.33041 0.353686 0.831183 0.858802
threshold=10.442003641666668 8.1985221926064593 7.9296046805134557 13.500000000000002 21.430102348573044 17.618069444506563 17.326702547852538 14.202021404250479 14.542063893871431 15.159501496962724
decision_type=2 2 2 2 2 2 2 2 2 2
left_child=1 2 -1 4 5 6 7 -2 -9 -10
right_child=3 -3 -4 -5 -6 -7 -8 8 9 -11
leaf_value=-0.016434265503748824 0.032605126140864152 -0.021183449484449925 0.00077944902632884902 -0.0085807053589076702 0.049360272213757918 -0.013908535437961646 0.018459756304870512 -0.035992248263899997 0.035135160613352805 -0.011465287172648254
leaf_weight=182 124 105 140 128 183 196 186 103 138 149
leaf_count=182 124 105 140 128 183 196 186 103 138 149
internal_value=-0.000336391 -0.00344626 -0.00185759 0.000765728 0.00104167 0.000557414 0.00114123 0.000485437 -0.000255754 0.00112847
internal_weight=1634 427 322 1207 1079 896 700 514 390 287
internal_count=1634 427 322 1207 1079 896 700 514 390 287
is_linear=0
shrinkage=0.05


Tree=61
num_leaves=13
num_cat=0
split_feature=4 5 1 5 5 2 4 5 2 2 4 4
split_gain=2.00737 1.18067 0.580323 0.338243 0.883703 0.276255 0.460248 0.637486 0.473785 0.37565 0.969225 0.276351
threshold=12.779635423862782 8.1985221926064593 1.0000000180025095e-35 14.202021404250479 14.542063893871431 13.500000000000002 21.953813894242437 21.010848511708822 11.500000000000002 10.500000000000002 17.511372019889102 17.326702547852538
decision_type=2 2 2 2 2 2 2 2 2 2 2 2
left_child=1 2 -1 -2 -5 6 7 8 9 10 -6 -10
right_child=3 -3 -4 4 5 -7 -8 -9 11 -11 -12 -13
leaf_value=-0.018236036075394858 0.011389271417012204 -0.018646369648814078 0.00069988311221305113 -0.034192635850704978 -0.0015965904406734844 -0.0063274432467265388 0.078000587470372112 -0.042796180560604746 0.01050247565770559 -0.0077364458922006387 0.056767809557928484 0.024873828330482795
leaf_weight=156 119 128 157 105 157 127 128 121 106 126 101 103
leaf_count=156 119 128 157 105 157 127 128 121 106 126 101 103
internal_value=-0.000458716 -0.0033371 -0.00167197 0.000607203 0.000325581 0.000798969 0.00112693 0.000629371 0.00130471 0.00025974 0.00135135 0.00321429
internal_weight=1634 441 313 1193 1074 969 842 714 593 384 258 209
internal_count=1634 441 313 1193 1074 969 842 714 593 384 258 209
is_linear=0
shrinkage=0.05


Tree=62
num_leaves=12
num_cat=0
split_feature=5 5 1 1 4 3 4 4 3 5 4
split_gain=1.61263 1.23722 0.467748 0.438945 0.250845 0.373706 0.370416 0.227316 0.484798 0.188632 0.299586
threshold=10.442003641666668 8.1985221926064593 1.0000000180025095e-35 1.0000000180025095e-35 21.143349996740081 1.5000000000000002 15.29563058006296 15.015935944971989 3.5000000000000004 21.080500647154121 17.543374551958561
decision_type=2 2 2 2 2 2 2 2 2 2 2
left_child=1 3 7 -1 5 -4 -7 -2 9 10 -9
right_child=2 -3 4 -5 -6 6 -8 8 -10 -11 -12
leaf_value=-0.015661386563707635 -0.007662983704269522 -0.019191958527786747 0.036441766409428492 0.00060549277405113071 0.0444051348217986 0.039939147612185803 -0.0099063636758984341 0.00053290404634971373 0.010738163012667813 0.022008760631733626 -0.023486699529559375
leaf_weight=162 172 105 139 160 143 116 191 115 105 108 118
leaf_count=162 172 105 139 160 143 116 191 115 105 108 118
internal_value=-0.000458716 -0.00309579 0.000475993 -0.00154799 0.00148305 0.000894855 -8.11688e-05 -0.000484653 0.000111857 -0.000804094 -0.00160256
internal_weight=1634 427 1207 322 589 446 307 618 446 341 233
internal_count=1634 427 1207 322 589 446 307 618 446 341 233
is_linear=0
shrinkage=0.05


Tree=63
num_leaves=13
num_cat=0
split_feature=4 1 5 4 2 4 5 5 5 3 4 1
split_gain=1.31413 1.29338 0.578101 0.427904 0.416443 0.389237 0.570394 0.403191 0.594606 0.433329 0.512994 0.434099
threshold=13.329445555889093 1.0000000180025095e-35 8.0475474762088002 8.2866159418511014 13.500000000000002 21.953813894242437 21.010848511708822 14.202021404250479 14.542063893871431 1.5000000000000002 17.511372019889102 1.0000000180025095e-35
decision_type=2 2 2 2 2 2 2 2 2 2 2 2
left_child=1 2 -1 -3 5 6 7 -2 -9 -10 11 -11
right_child=4 3 -4 -5 -6 -7 -8 8 9 10 -12 -13
leaf_value=-0.017363186644948937 0.014760102912827346 -0.0078307185911778987 -0.027314692748810022 0.0041197051473969015 -0.0084851897963836194 0.056787849854006735 -0.042876628273664431 -0.026570428977901985 0.030134672362797946 -0.022451606901734467 0.024059177501790832 0.013672282343833865
leaf_weight=125 100 134 101 102 129 130 121 100 190 114 174 114
leaf_count=125 100 134 101 102 129 130 121 100 190 114 174 114
internal_value=-0.000336391 -0.00259179 -0.00528634 0 0.000554135 0.000886015 0.000519694 0.00100883 0.000577201 0.00118044 0.000248139 -0.00131004
internal_weight=1634 462 226 236 1172 1043 913 792 692 592 402 228
internal_count=1634 462 226 236 1172 1043 913 792 692 592 402 228
is_linear=0
shrinkage=0.05


Tree=64
num_leaves=12
num_cat=0
split_feature=4 1 1 5 5 5 4 4 4 5 5
split_gain=1.07866 0.65818 0.419736 0.221348 0.225718 0.260934 0.232542 0.124553 0.511638 0.110923 0.0111454
threshold=9.419090609987153 1.0000000180025095e-35 1.0000000180025095e-35 21.589112327355963 17.535098129917376 16.143062023611112 14.902861214457038 17.964216807258357 17.415537861126889 15.159501496962724 7.9642520510864259
decision_type=2 2 2 2 2 2 2 2 2 2 2
left_child=1 -1 3 4 5 6 -2 8 9 -4 -3
right_child=2 10 7 -5 -6 -7 -8 -9 -10 -11 -12
leaf_value=-0.017515073639418333 0.00060530350469378824 -0.0070686987260799583 0.028473630831771592 0.017611082042167148 -0.0084705526065707911 0.02253052382190104 -0.01945658922280229 0.041446872935067353 -0.011394836815238741 0.011729597754756861 -0.001064057046680933
leaf_weight=192 128 102 188 117 181 100 108 197 103 113 105
leaf_count=192 128 102 188 117 181 100 108 197 103 113 105
internal_value=-0.00030581 -0.0025625 0.000424757 -0.000472441 -0.000916988 -0.000148368 -0.00105485 0.00137043 0.000864198 0.00190397 -0.000600962
internal_weight=1634 399 1235 634 517 336 236 601 404 301 207
internal_count=1634 399 1235 634 517 336 236 601 404 301 207
is_linear=0
shrinkage=0.05


Tree=65
num_leaves=13
num_cat=0
split_feature=4 1 2 4 5 4 5 4 5 5 5 5
split_gain=1.10808 0.65818 0.38676 0.422761 0.526424 0.305422 0.317422 0.285097 0.590492 0.295018 0.698175 0.0111454
threshold=9.419090609987153 1.0000000180025095e-35 13.500000000000002 21.953813894242437 21.010848511708822 17.830599065099836 17.547561808726886 17.326702547852538 15.159501496962724 14.784744283661766 14.202021404250479 7.9642520510864259
decision_type=2 2 2 2 2 2 2 2 2 2 2 2
left_child=1 -1 3 4 5 6 7 8 9 10 -2 -3
right_child=2 11 -4 -5 -6 -7 -8 -9 -10 -11 -12 -13
leaf_value=-0.016639319957447409 0.012528644938539469 -0.0067152637897759607 -0.0098794119824143333 0.052472008486875499 -0.042805140506734674 0.030773645052428123 -0.0033748464431234029 0.018332849958994625 -0.01472749511833147 0.035779967466418809 -0.014023880018116408 -0.0010108541943468553
leaf_weight=192 143 102 129 130 121 115 117 106 133 110 131 105
leaf_count=192 143 102 129 130 121 115 117 106 133 110 131 105
internal_value=-0.000275229 -0.0025625 0.00046521 0.000767841 0.000409417 0.000846963 0.000472335 0.000921474 0.000434363 0.00142857 0.000545455 -0.000600962
internal_weight=1634 399 1235 1106 976 855 740 623 517 384 274 207
internal_count=1634 399 1235 1106 976 855 740 623 517 384 274 207
is_linear=0
shrinkage=0.05


Tree=66
num_leaves=13
num_cat=0
split_feature=5 1 1 5 4 4 5 4 4 5 5 5
split_gain=1.15983 0.675658 0.292397 0.269122 0.2313 0.222552 0.436883 0.126598 0.327857 0.108156 0.100092 0.0942498
threshold=10.442003641666668 1.0000000180025095e-35 1.0000000180025095e-35 21.589112327355963 17.734643834289148 17.195151817936829 14.94849391742793 21.143349996740081 17.415537861126889 15.159501496962724 7.9534949720159194 7.9534949720159194
decision_type=2 2 2 2 2 2 2 2 2 2 2 2
left_child=1 11 3 4 5 6 -2 8 9 -4 -3 -1
right_child=2 10 7 -5 -6 -7 -8 -9 -10 -11 -12 -13
leaf_value=-0.013965285931348959 0.001263138328231328 -0.0087409333719976178 0.035392476236438243 0.018870784965395515 -0.017900460039175937 0.014244193612243628 -0.02494132483096223 0.037835847035692538 -0.008459212623074119 0.011637088466139645 0.0004651749438951303 -0.015451701491240734
leaf_weight=102 145 101 179 117 142 112 102 143 154 113 118 106
leaf_count=102 145 101 179 117 142 112 102 143 154 113 118 106
internal_value=-0.000275229 -0.00251168 0.000517384 -0.000242326 -0.000747012 -6.94444e-05 -0.000907258 0.00131356 0.000894855 0.00187713 -0.000568182 -0.00454545
internal_weight=1634 427 1207 618 501 359 247 589 446 292 219 208
internal_count=1634 427 1207 618 501 359 247 589 446 292 219 208
is_linear=0
shrinkage=0.05


Tree=67
num_leaves=12
num_cat=0
split_feature=4 1 2 4 5 4 5 5 3 5 4
split_gain=0.962481 0.738949 0.362927 0.451916 0.491999 0.336117 0.301866 0.511046 0.574301 0.29401 0.0104091
threshold=9.419090609987153 1.0000000180025095e-35 13.500000000000002 21.953813894242437 21.010848511708822 17.830599065099836 14.202021404250479 14.542063893871431 1.5000000000000002 17.44445733465751 8.1529604996624681
decision_type=2 2 2 2 2 2 2 2 2 2 2
left_child=1 -1 3 4 5 6 -2 -8 -9 -10 -3
right_child=2 10 -4 -5 -6 -7 7 8 9 -11 -12
leaf_value=-0.015071929274010288 0.0064053838176793224 -0.0041448728386810352 -0.011277233735078341 0.048430742262504545 -0.040508802720802178 0.029657923430960409 -0.026184077250629479 0.02919313596487072 0.0031388804130216387 -0.0065121375294991957 -0.0045553716251487408
leaf_weight=192 148 105 129 130 121 115 104 159 177 152 102
leaf_count=192 148 105 129 130 121 115 104 159 177 152 102
internal_value=-0.00030581 -0.0024375 0.000384304 0.000677507 0.000307062 0.00073014 0.000337382 -0.000168634 0.000511247 -0.000681818 -0.000360577
internal_weight=1634 399 1235 1106 976 855 740 592 488 329 207
internal_count=1634 399 1235 1106 976 855 740 592 488 329 207
is_linear=0
shrinkage=0.05


Tree=68
num_leaves=13
num_cat=0
split_feature=4 1 5 4 2 4 5 5 5 4 5 5
split_gain=1.0257 1.18389 0.377155 0.357018 0.293783 0.419087 0.572428 0.398495 0.422422 0.450771 0.767716 0.465515
threshold=13.329445555889093 1.0000000180025095e-35 8.0118433967687945 8.2866159418511014 13.500000000000002 21.953813894242437 14.202021404250479 14.542063893871431 15.159501496962724 17.326702547852538 17.535098129917376 19.992415925000003
decision_type=2 2 2 2 2 2 2 2 2 2 2 2
left_child=1 2 -1 -3 5 6 -2 -8 -9 -10 -11 -12
right_child=4 3 -4 -5 -6 -7 7 8 9 10 11 -13
leaf_value=-0.01333544687259023 0.012806762457347709 -0.0066285732150602964 -0.017821440717983483 0.003108210695840974 -0.010713372048324388 0.046009205149379367 -0.024874873388097997 0.028907354854190537 -0.016879153491109068 0.028838957707779313 -0.010173580398452842 0.019349811549073073
leaf_weight=115 100 134 111 102 129 130 100 140 164 100 135 174
leaf_count=115 100 134 111 102 129 130 100 140 164 100 135 174
internal_value=-0.000275229 -0.00226782 -0.00484581 0.00021097 0.000511509 0.00079023 0.000410284 -3.07125e-05 0.000385154 -0.00021777 0.000670732 -0.000564516
internal_weight=1634 462 226 236 1172 1043 913 813 713 573 409 309
internal_count=1634 462 226 236 1172 1043 913 813 713 573 409 309
is_linear=0
shrinkage=0.05


Tree=69
num_leaves=13
num_cat=0
split_feature=5 1 1 5 4 4 5 5 5 4 5 4
split_gain=1.00671 0.844079 0.388951 0.244275 0.245292 0.257639 0.141292 0.131558 0.178059 0.370286 0.23481 0.08926
threshold=10.442003641666668 1.0000000180025095e-35 1.0000000180025095e-35 21.589112327355963 17.734643834289148 15.015935944971989 7.9534949720159194 21.152617504822917 17.580372328348052 17.148793509109804 14.45983064267082 8.1721944400547297
decision_type=2 2 2 2 2 2 2 2 2 2 2 2
left_child=1 6 3 4 5 -2 -1 8 9 10 -4 -3
right_child=2 11 7 -5 -6 -7 -8 -9 -10 -11 -12 -13
leaf_value=-0.013025018323963211 -0.0031504807667586568 -0.0050072285157940939 0.0025224663966339381 0.018059772945348485 -0.016963570833736653 0.0035937836240478305 -0.013034447917078995 -0.001696689921795347 0.05430731482279532 -0.0049624291859037941 0.048653484494104053 0.0006818418597494436
leaf_weight=102 170 114 108 117 142 189 106 127 122 110 122 105
leaf_count=102 170 114 108 117 142 189 106 127 122 110 122 105
internal_value=-0.000428135 -0.00251168 0.00031043 -0.000565428 -0.00104582 -0.000347222 -0.00478469 0.00122881 0.00161987 0.00102639 0.0021645 -0.000340909
internal_weight=1634 427 1207 618 501 359 208 589 462 340 230 219
internal_count=1634 427 1207 618 501 359 208 589 462 340 230 219
is_linear=0
shrinkage=0.05


Tree=70
num_leaves=14
num_cat=0
split_feature=1 4 2 4 4 5 4 5 5 5 4 5 5
split_gain=0.785433 1.1539 0.416091 0.533837 0.402171 0.392484 0.430598 0.286273 0.28531 0.383458 0.197943 0.306788 0.166261
threshold=1.0000000180025095e-35 13.228987892569622 10.500000000000002 8.2866159418511014 14.920260875602667 14.176204656913393 17.538894506958261 8.0118433967687945 14.968434578164022 17.37651839100749 17.734643834289148 21.545358190519565 17.511953692671309
decision_type=2 2 2 2 2 2 2 2 2 2 2 2 2
left_child=1 7 3 -2 -4 -5 -7 -1 -3 -10 -11 -12 -6
right_child=2 8 4 5 12 6 -8 -9 9 10 11 -13 -14
leaf_value=-0.012017423612762547 -0.014965140977977765 0.0059963856429189558 0.013420308114523572 0.0151432000217274 -0.0064809409275087054 -0.041847404879369512 0.046029060777404679 -0.018725454373870454 -0.030295083720318684 0.0098947971489184994 -0.0077150321110042164 0.017619495463262913 0.015055359115535794
leaf_weight=115 109 139 105 101 105 104 103 108 101 119 130 114 181
leaf_count=115 109 139 105 101 105 104 103 108 101 119 130 114 181
internal_value=-0.000428135 -0.00151149 0.000679852 -0.00041866 0.00184949 0.000647249 -0.000600962 -0.00457589 -0.000372517 -0.000967742 -0.000206044 -0.00102041 0.00087108
internal_weight=1634 826 808 417 391 308 207 223 603 464 363 244 286
internal_count=1634 826 808 417 391 308 207 223 603 464 363 244 286
is_linear=0
shrinkage=0.05


Tree=71
num_leaves=11
num_cat=0
split_feature=5 5 5 1 5 4 4 4 4 0
split_gain=1.09178 1.23539 0.622975 0.320492 0.143659 0.418341 0.135141 0.125044 0.598097 0.327916
threshold=10.442003641666668 8.1985221926064593 7.9296046805134557 1.0000000180025095e-35 20.862972059801411 17.543374551958561 14.963576633519025 17.415537861126889 17.964216807258357 2.5000000000000004
decision_type=2 2 2 2 2 2 2 2 2 2
left_child=1 2 -1 4 5 6 -2 9 -9 -5
right_child=3 -3 -4 7 -6 -7 -8 8 -10 -11
leaf_value=-0.010386108963473051 -0.0061268149321610293 -0.013881110428582356 0.003037742424191059 0.039077597021897684 0.012166467217325661 -0.02236656078122623 0.0020126492120434935 -0.012086407373640463 0.036106201320944019 0.0048054732742670581
leaf_weight=182 145 105 140 101 193 108 172 103 194 191
leaf_count=182 145 105 140 101 193 108 172 103 194 191
internal_value=-0.000458716 -0.0026285 -0.00108359 0.00031043 -0.000484653 -0.000997653 -7.86164e-05 0.00114407 0.000419463 0.00187713
internal_weight=1634 427 322 1207 618 425 317 589 297 292
internal_count=1634 427 322 1207 618 425 317 589 297 292
is_linear=0
shrinkage=0.05


Tree=72
num_leaves=13
num_cat=0
split_feature=1 4 5 2 4 4 5 4 5 4 5 4
split_gain=0.701155 1.07816 0.361396 0.330308 0.442241 0.420919 0.392484 0.430598 0.261996 0.251699 0.131686 0.110051
threshold=1.0000000180025095e-35 13.228987892569622 8.0118433967687945 10.500000000000002 14.920260875602667 8.2866159418511014 14.176204656913393 17.538894506958261 14.968434578164022 17.597490644238359 17.511953692671309 21.487184196686798
decision_type=2 2 2 2 2 2 2 2 2 2 2 2
left_child=1 2 -1 5 -5 -2 -7 -8 -3 -10 -6 -11
right_child=3 8 -4 4 10 6 7 -9 9 11 -12 -13
leaf_value=-0.011568439553333976 -0.013697578480905205 0.0055959339001709022 -0.017199109927007818 0.012646901942617106 -0.0081107737322280837 0.014905345468814703 -0.039995308299114379 0.044331928107216534 -0.0073953311973384396 0.012084451505447414 0.012497281093711799 -0.039006583920354033
leaf_weight=115 109 139 108 105 105 101 104 103 185 176 181 103
leaf_count=115 109 139 108 105 105 101 104 103 185 176 181 103
internal_value=-0.000366972 -0.00139057 -0.00435268 0.000679852 0.00172194 -0.000299043 0.000647249 -0.000600962 -0.000289735 -0.000860215 0.000696864 8.92857e-05
internal_weight=1634 826 223 808 391 417 308 207 603 464 286 279
internal_count=1634 826 223 808 391 417 308 207 603 464 286 279
is_linear=0
shrinkage=0.05


Tree=73
num_leaves=12
num_cat=0
split_feature=4 5 5 5 5 4 3 1 3 5 2
split_gain=0.807494 0.715512 0.500236 0.247897 0.415497 0.707102 0.190453 0.189862 0.159089 0.237524 0.128159
threshold=9.0488119511972354 8.1253846955008431 7.9296046805134557 22.195685133074537 20.862972059801411 17.749793744223719 2.5000000000000004 1.0000000180025095e-35 1.5000000000000002 16.143062023611112 10.500000000000002
decision_type=2 2 2 2 2 2 2 2 2 2 2
left_child=1 2 -1 4 5 7 -6 10 -9 -10 -2
right_child=3 -3 -4 -5 6 -7 -8 8 9 -11 -12
leaf_value=-0.0086747816032656019 0.00075896650128566285 -0.012327099410802856 0.0026473247903507692 -0.0063550452011355233 0.025654058830041751 -0.01622875593191413 0.042285964254296364 0.039123482585758575 0.015848475266773489 -0.0030446231316977549 -0.0028074458742302077
leaf_weight=175 187 105 105 144 103 115 131 111 158 109 191
leaf_count=175 187 105 105 144 103 115 131 111 158 109 191
internal_value=-0.000397554 -0.00239637 -0.00106762 0.00022 0.000474684 -2.86697e-05 0.00234043 0.000528402 0.00131926 0.000652985 -0.000263852
internal_weight=1634 385 280 1249 1105 871 234 756 378 267 378
internal_count=1634 385 280 1249 1105 871 234 756 378 267 378
is_linear=0
shrinkage=0.05


Tree=74
num_leaves=13
num_cat=0
split_feature=5 5 5 5 4 4 5 3 4 5 3 5
split_gain=0.652505 0.835919 0.5845 0.291187 0.458634 0.391179 0.476069 0.591547 0.359607 0.270234 0.267255 0.156229
threshold=10.442003641666668 8.1985221926064593 7.9041728264652944 14.202021404250479 15.186827447079041 17.438693095776163 20.862972059801411 2.5000000000000004 17.749793744223719 22.195685133074537 2.5000000000000004 14.542063893871431
decision_type=2 2 2 2 2 2 2 2 2 2 2 2
left_child=1 2 -1 -2 11 10 8 9 -7 -8 -6 -5
right_child=3 -3 -4 4 5 6 7 -9 -10 -11 -12 -13
leaf_value=-0.013339324247611152 0.010903069562952707 -0.0117107444402627 0.0023384631679502113 -0.030343927039291431 0.0024087769078327882 -0.00019223921760822549 0.028443080111177202 0.045062758563374855 -0.021888095976016333 -0.036738502464279503 0.016763083927365318 -0.0030662391524962198
leaf_weight=140 133 105 182 100 132 129 102 165 101 103 101 141
leaf_count=140 133 105 182 100 132 129 102 165 101 103 101 141
internal_value=-0.000366972 -0.00204439 -0.000773994 0.000227649 -4.65116e-05 0.000509592 -0.000166389 0.000943396 -0.00194805 -0.000849515 0.00224359 -0.00196281
internal_weight=1634 427 322 1207 1074 833 600 370 230 205 233 241
internal_count=1634 427 322 1207 1074 833 600 370 230 205 233 241
is_linear=0
shrinkage=0.05


Tree=75
num_leaves=12
num_cat=0
split_feature=4 1 2 4 5 5 4 3 5 5 5
split_gain=0.628266 0.669257 0.239226 0.270816 0.473096 0.280922 0.409065 0.189952 0.262419 0.417154 0.158609
threshold=9.0488119511972354 1.0000000180025095e-35 13.500000000000002 21.953813894242437 21.010848511708822 14.202021404250479 15.186827447079041 1.5000000000000002 17.608019017065121 17.44445733465751 14.542063893871431
decision_type=2 2 2 2 2 2 2 2 2 2 2
left_child=1 -1 3 4 5 -2 10 -8 9 -9 -7
right_child=2 -3 -4 -5 -6 6 7 8 -10 -11 -12
leaf_value=-0.01123930697358233 0.0034477754536129447 7.6877605283298678e-05 -0.011121133643057135 0.037571276168177375 -0.044031922841545959 -0.028826730687326843 0.026347079568312948 0.0099854537566044684 0.029378582486090911 -0.0071293200514158887 -0.00099742138043690254
leaf_weight=185 171 200 129 130 121 100 128 111 115 106 138
leaf_count=185 171 200 129 130 121 100 128 111 115 106 138
internal_value=-0.000244648 -0.00200777 0.0003 0.000535236 0.00025227 0.00066092 0.000214592 0.0010846 0.00045045 -0.000573394 -0.00146444
internal_weight=1634 385 1249 1120 990 869 698 460 332 217 238
internal_count=1634 385 1249 1120 990 869 698 460 332 217 238
is_linear=0
shrinkage=0.05


Tree=76
num_leaves=12
num_cat=0
split_feature=3 4 3 4 0 4 4 2 4 4 4
split_gain=0.660532 1.05686 0.526697 0.487283 0.422506 0.417294 0.505606 0.400859 0.492844 0.348144 0.267259
threshold=3.5000000000000004 9.0488119511972354 1.5000000000000002 21.27229169097755 1.5000000000000002 17.964216807258357 17.553446582306879 10.500000000000002 17.025226113638706 15.000032014917029 22.431564405816406
decision_type=2 2 2 2 2 2 2 2 2 2 2
left_child=1 2 -1 5 -2 6 7 9 -9 -3 -5
right_child=4 3 -4 10 -6 -7 -8 8 -10 -11 -12
leaf_value=-0.0043345871778790899 0.029024483194361819 0.00092420120286798026 -0.025789753268378981 -0.043380977763436412 -0.00030890381133512617 0.059216798941772279 -0.013414037066483432 0.00037389256743303179 0.033756094624513455 -0.025066354440810693 -0.005458709872397805
leaf_weight=141 178 163 149 111 198 107 107 175 104 100 101
leaf_count=141 178 163 149 111 198 107 107 175 104 100 101
internal_value=-0.000244648 -0.000794281 -0.00343643 0 0.00159151 0.000594452 0.000115385 0.000736648 0.00205357 -0.000662879 -0.00211268
internal_weight=1634 1258 290 968 376 756 649 542 279 263 212
internal_count=1634 1258 290 968 376 756 649 542 279 263 212
is_linear=0
shrinkage=0.05


Tree=77
num_leaves=13
num_cat=0
split_feature=5 5 5 2 4 5 5 4 5 4 2 5
split_gain=0.725802 0.793177 0.596788 0.278975 0.275392 0.466796 0.274201 0.313457 0.205661 0.37286 0.790808 0.104091
threshold=9.1618014161616177 8.1386877001893954 7.9262988196632644 13.500000000000002 21.953813894242437 21.010848511708822 14.202021404250479 15.186827447079041 17.311020076807143 17.511372019889102 10.500000000000002 14.542063893871431
decision_type=2 2 2 2 2 2 2 2 2 2 2 2
left_child=1 2 -1 4 5 6 -2 11 -9 -10 -11 -8
right_child=3 -3 -4 -5 -6 -7 7 8 9 10 -12 -13
leaf_value=-0.012654027098571953 0.0063690446289961684 -0.012014466029288507 0.0028237393342427364 -0.010801950954205265 0.035965647853388384 -0.04121192887526455 -0.02743160421310389 0.018732199654097271 -0.0048365665055418285 0.051609130086577575 -0.0025108688210950802 -0.00093210512084831445
leaf_weight=175 158 105 119 128 130 121 100 100 135 100 125 138
leaf_count=175 158 105 119 128 130 121 100 100 135 100 125 138
internal_value=-0.000336391 -0.0021875 -0.000847458 0.000262945 0.000518953 0.000230061 0.000641774 0.000214592 0.000976139 0.000415512 0.00165929 -0.00125523
internal_weight=1634 399 294 1235 1107 977 856 698 460 360 225 238
internal_count=1634 399 294 1235 1107 977 856 698 460 360 225 238
is_linear=0
shrinkage=0.05


Tree=78
num_leaves=13
num_cat=0
split_feature=5 5 5 5 5 4 5 3 5 3 5 4
split_gain=0.746551 0.997089 0.5845 0.280323 0.260688 0.796757 0.387656 0.459275 0.21009 0.293662 0.250556 0.21786
threshold=10.442003641666668 8.1985221926064593 7.9041728264652944 14.202021404250479 20.862972059801411 17.749793744223719 21.152617504822917 2.5000000000000004 14.542063893871431 1.5000000000000002 17.515456773192987 15.390664236424787
decision_type=2 2 2 2 2 2 2 2 2 2 2 2
left_child=1 2 -1 -2 5 8 -6 -8 -5 -10 11 -11
right_child=3 -3 -4 4 6 -7 7 -9 9 10 -12 -13
leaf_value=-0.01244192851013113 0.0098483804523028518 -0.011286520969261728 0.0025761431359420106 -0.021223284532445909 0.084269441802197698 -0.022346979825649527 -0.063502503518648723 0.016461282592957361 0.03081298244002131 -0.001861547488562021 -0.01231550073179415 0.04877945181042076
leaf_weight=140 133 105 182 104 114 101 145 119 163 104 112 112
leaf_count=140 133 105 182 104 114 101 145 119 163 104 112 112
internal_value=-0.000366972 -0.00216121 -0.000773994 0.00026904 0 -0.000573888 0.00105541 0 0.000125839 0.000558943 -0.000303951 0.000691244
internal_weight=1634 427 322 1207 1074 696 378 264 595 491 328 216
internal_count=1634 427 322 1207 1074 696 378 264 595 491 328 216
is_linear=0
shrinkage=0.05


Tree=79
num_leaves=12
num_cat=0
split_feature=4 3 0 1 5 5 3 5 5 5 4
split_gain=0.595105 0.37729 0.776895 0.432563 0.399535 0.364364 0.198682 0.180862 0.17381 0.493336 0.0498255
threshold=8.2866159418511014 3.5000000000000004 1.5000000000000002 1.0000000180025095e-35 14.229637622988447 21.152617504822917 2.5000000000000004 15.059951714109797 17.535098129917376 21.080500647154121 17.415537861126889
decision_type=2 2 2 2 2 2 2 2 2 2 2
left_child=6 3 -3 4 -2 7 -1 -5 -6 -10 -9
right_child=1 2 -4 5 8 -7 -8 10 9 -11 -12
leaf_value=-0.0032911018558952954 -0.017586892800399156 0.04752657069167885 -0.00079242249037778665 0.00033490365849773166 0.003074158338897748 -0.041494536093414781 -0.010572755770986332 0.034505574249998006 -0.020716473112207059 0.0094548568782013131 0.026423764221314983
leaf_weight=156 114 117 198 190 194 104 110 101 120 110 120
leaf_count=156 114 117 198 190 194 104 110 101 120 110 120
internal_value=-0.000275229 0.000146092 0.00166139 -0.000308349 -0.0012987 0.000726744 -0.00243446 0.00139563 -0.000588235 -0.00151515 0.00236486
internal_weight=1634 1368 315 1053 538 515 266 411 424 230 221
internal_count=1634 1368 315 1053 538 515 266 411 424 230 221
is_linear=0
shrinkage=0.05


Tree=80
num_leaves=12
num_cat=0
split_feature=5 1 4 5 5 4 4 4 4 2 3
split_gain=0.68527 0.419045 0.53836 0.415621 0.315528 0.278609 0.397498 0.439523 0.413483 0.155305 0.184123
threshold=7.9041728264652944 1.0000000180025095e-35 13.228987892569622 14.968434578164022 21.545358190519565 8.4716737102155246 17.964216807258357 17.415537861126889 14.886498497565361 10.500000000000002 2.5000000000000004
decision_type=2 2 2 2 2 2 2 2 2 2 2
left_child=-1 2 -2 -4 9 -3 7 8 -7 -5 -11
right_child=1 5 3 4 -6 6 -8 -9 -10 10 -12
leaf_value=-0.011409150480328001 -0.0098946788326247596 0.0031518202663555431 0.0041203825549026799 -0.00059689742295701011 0.011626795443453375 -0.0055105260607838605 0.023829228432507323 -0.012775277646847983 0.026364213435138062 -0.0020956569990490336 -0.023458806994949333
leaf_weight=140 157 104 135 133 121 160 195 103 176 108 102
leaf_count=140 157 104 135 133 121 160 195 103 176 108 102
internal_value=-0.000214067 0.000100334 -0.000726552 -4.16667e-05 -0.000752688 0.000947226 0.000551181 -0.000284091 0.000593472 -0.00152616 -0.00236967
internal_weight=1634 1494 756 599 464 738 634 439 336 343 210
internal_count=1634 1494 756 599 464 738 634 439 336 343 210
is_linear=0
shrinkage=0.05


Tree=81
num_leaves=13
num_cat=0
split_feature=5 3 0 4 1 4 4 4 4 4 4 5
split_gain=0.68527 0.331316 0.414235 0.401894 0.594518 0.33332 0.174906 0.558619 0.35864 0.275085 0.153708 0.0762514
threshold=7.9041728264652944 3.5000000000000004 1.5000000000000002 13.228987892569622 1.0000000180025095e-35 14.749127931813627 21.27229169097755 17.964216807258357 17.553446582306879 15.186827447079041 22.431564405816406 17.488512268341193
decision_type=2 2 2 2 2 2 2 2 2 2 2 2
left_child=-1 3 -3 4 -2 -5 7 8 9 -7 -8 -11
right_child=1 2 -4 5 -6 6 10 -9 -10 11 -12 -13
leaf_value=-0.010838692956311614 -0.01602182831585397 0.033605385492381949 -0.00015140875541126421 0.024786533872037886 0.00047034965962695631 -0.022921376079103342 -0.045228201319274942 0.052214624458326503 -0.012684441064238251 0.034669322116738503 0.00097995750166166582 0.00229918924238266
leaf_weight=140 129 140 198 125 126 118 110 105 107 133 100 103
leaf_count=140 129 140 198 125 126 118 110 105 107 133 100 103
internal_value=-0.000214067 0.000100334 0.00147493 -0.000302506 -0.00205078 0.000194013 -0.00019305 0.00026455 -0.000487013 0.00028169 -0.0014218 0.00126582
internal_weight=1634 1494 338 1156 255 901 776 566 461 354 210 236
internal_count=1634 1494 338 1156 255 901 776 566 461 354 210 236
is_linear=0
shrinkage=0.05


Tree=82
num_leaves=13
num_cat=0
split_feature=5 5 5 2 4 5 4 5 5 4 5 4
split_gain=0.747806 0.651762 0.596788 0.224588 0.341994 0.372778 0.249754 0.241376 0.117895 0.366845 0.108347 0.0486444
threshold=9.1618014161616177 8.1386877001893954 7.9262988196632644 13.500000000000002 21.953813894242437 21.010848511708822 17.830599065099836 17.421147835318543 14.202021404250479 15.186827447079041 14.542063893871431 17.511372019889102
decision_type=2 2 2 2 2 2 2 2 2 2 2 2
left_child=1 2 -1 4 5 6 7 8 -2 10 -10 -9
right_child=3 -3 -4 -5 -6 -7 -8 11 9 -11 -12 -13
leaf_value=-0.0095356628335338655 0.0036748916670708456 -0.012031417420186142 0.0028539681962278965 -0.0093833199488088329 0.034029504865735839 -0.042065393024370762 0.027648909523545307 -0.0078796378087171003 -0.026081387235635758 0.024440944191717273 0.00027180547875715888 -1.8049749074577905e-05
leaf_weight=175 153 105 119 128 130 121 111 114 100 140 135 103
leaf_count=175 153 105 119 128 130 121 111 114 100 140 135 103
internal_value=-0.000183486 -0.0020625 -0.000847458 0.000424757 0.000654332 0.000332311 0.000700117 0.000368633 0.00094518 0.000465426 -0.000741525 -0.00103211
internal_weight=1634 399 294 1235 1107 977 856 745 528 375 235 217
internal_count=1634 399 294 1235 1107 977 856 745 528 375 235 217
is_linear=0
shrinkage=0.05


Tree=83
num_leaves=11
num_cat=0
split_feature=5 5 5 4 3 4 2 3 5 3
split_gain=0.680839 0.887494 0.4978 0.276437 0.746859 0.41478 0.19909 0.388832 0.455819 0.258484
threshold=10.442003641666668 8.1985221926064593 7.9262988196632644 21.143349996740081 2.5000000000000004 17.749793744223719 10.500000000000002 1.5000000000000002 17.421147835318543 2.5000000000000004
decision_type=2 2 2 2 2 2 2 2 2 2
left_child=1 2 -1 5 -5 6 9 -8 -9 -2
right_child=3 -3 -4 4 -6 -7 7 8 -10 -11
leaf_value=-0.0090588796918571919 0.0025596119284152508 -0.010506355724690587 0.002711269786416537 -0.010281614726682875 0.06579715814896403 -0.015105948064485021 0.024553363923341377 0.010991611162564219 -0.012049316523572707 0.016850421374445503
leaf_weight=175 185 105 147 163 121 188 108 171 117 154
leaf_count=175 185 105 147 163 121 188 108 171 117 154
internal_value=-0.000214067 -0.00192757 -0.000619195 0.000393212 0.00175439 -2.70563e-05 0.000509511 -0.000251889 -0.00121107 0.00139706
internal_weight=1634 427 322 1207 284 923 735 396 288 339
internal_count=1634 427 322 1207 284 923 735 396 288 339
is_linear=0
shrinkage=0.05


Tree=84
num_leaves=13
num_cat=0
split_feature=5 5 4 5 4 5 3 3 4 1 5 2
split_gain=0.422467 0.805576 0.478399 0.220938 0.569352 0.346575 0.387008 0.192682 0.304782 0.243898 0.21881 0.129609
threshold=9.1618014161616177 8.1386877001893954 7.9270792410058526 20.862972059801411 17.749793744223719 21.152617504822917 2.5000000000000004 1.5000000000000002 15.000032014917029 1.0000000180025095e-35 16.586670270460711 10.500000000000002
decision_type=2 2 2 2 2 2 2 2 2 2 2 2
left_child=1 2 -1 4 7 -5 -7 9 11 -2 -10 -9
right_child=3 -3 -4 5 -6 6 -8 8 10 -11 -12 -13
leaf_value=-0.0080212319808278254 -0.0015296377634098413 -0.010904528762942345 0.0022389439744661568 0.071317807983320144 -0.017461828298468606 -0.06068050534170677 0.016474819939214846 0.0037816118871974781 -0.007113421562617051 0.030435221892995568 -0.0003423231640418134 -0.00095373481935219224
leaf_weight=156 107 105 138 114 110 145 119 127 114 112 186 101
leaf_count=156 107 105 138 114 110 145 119 127 114 112 186 101
internal_value=-0.000275229 -0.0016875 -0.000338983 0.000182039 -0.000262238 0.00118734 0.000188679 0.000233957 -0.000283554 0.00147727 -0.0013289 0.0010917
internal_weight=1634 399 294 1235 857 378 264 747 528 219 300 228
internal_count=1634 399 294 1235 857 378 264 747 528 219 300 228
is_linear=0
shrinkage=0.05


Tree=85
num_leaves=12
num_cat=0
split_feature=3 5 0 5 5 4 4 3 5 1 4
split_gain=0.59622 0.872014 0.567196 0.364518 0.45978 0.273373 0.28482 0.261474 0.302174 0.25489 0.205074
threshold=3.5000000000000004 10.442003641666668 1.5000000000000002 14.202021404250479 14.812494077070577 21.27229169097755 17.964216807258357 1.5000000000000002 17.428168054746852 1.0000000180025095e-35 22.370936682190937
decision_type=2 2 2 2 2 2 2 2 2 2 2
left_child=1 9 -2 -3 -5 6 7 -6 -9 -1 -7
right_child=2 3 -4 4 5 10 -8 8 -10 -11 -12
leaf_value=-0.010326211904436678 0.026559261269632418 0.033243261182432884 -0.00021744839299673303 -0.021681095840730302 0.017936702433162078 -0.041432425258687823 0.046279241448207213 0.024232805369469812 -0.014930644733037825 -0.0072841101410742407 0.0094512012489692768
leaf_weight=162 178 102 198 104 174 102 101 109 135 166 103
leaf_count=162 178 102 198 104 174 102 101 109 135 166 103
internal_value=-0.000152905 -0.000675139 0.00159151 0.000107411 -0.000241255 0.000206897 0.000817308 0.000238663 -0.000816327 -0.00288754 -0.00133495
internal_weight=1634 1258 376 930 828 724 519 418 244 328 205
internal_count=1634 1258 376 930 828 724 519 418 244 328 205
is_linear=0
shrinkage=0.05


Tree=86
num_leaves=13
num_cat=0
split_feature=5 5 4 2 4 5 4 5 4 5 5 5
split_gain=0.383575 0.712859 0.405766 0.206596 0.263956 0.358211 0.343438 0.305548 0.20802 0.256085 0.109312 0.0639611
threshold=9.1618014161616177 8.1386877001893954 7.9270792410058526 13.500000000000002 21.953813894242437 21.010848511708822 17.597490644238359 15.159501496962724 14.945092928598678 14.202021404250479 17.505805566886185 17.608019017065121
decision_type=2 2 2 2 2 2 2 2 2 2 2 2
left_child=1 2 -1 4 5 6 7 8 9 -2 -9 -8
right_child=3 -3 -4 -5 -6 -7 11 10 -10 -11 -12 -13
leaf_value=-0.0078891745222118507 0.021518389535166452 -0.011687265388276824 0.0024912022827964899 -0.01052417632428071 0.031572723109505943 -0.040942311773049772 0.012012933379900304 -0.014184112496385915 -0.0016523244688936513 0.0019939250293811383 0.0055082562422462018 0.024767280472314291
leaf_weight=156 114 105 138 128 130 121 100 153 108 173 102 106
leaf_count=156 114 105 138 128 130 121 100 153 108 173 102 106
internal_value=-9.17431e-05 -0.0014375 -0.000169492 0.000343851 0.000564079 0.000281186 0.000641774 7.68049e-05 0.00094697 0.00164931 -0.00126953 0.00241546
internal_weight=1634 399 294 1235 1107 977 856 650 395 287 255 206
internal_count=1634 399 294 1235 1107 977 856 650 395 287 255 206
is_linear=0
shrinkage=0.05


Tree=87
num_leaves=12
num_cat=0
split_feature=3 5 5 0 5 1 5 4 1 5 3
split_gain=0.471129 0.529286 0.378597 0.355023 0.31408 0.272031 0.375921 0.286812 0.253437 0.191319 0.126186
threshold=3.5000000000000004 10.442003641666668 14.202021404250479 1.5000000000000002 14.812494077070577 1.0000000180025095e-35 21.152617504822917 17.268519987134535 1.0000000180025095e-35 17.631870244434293 1.5000000000000002
decision_type=2 2 2 2 2 2 2 2 2 2 2
left_child=1 8 -3 -2 -4 7 10 -6 -1 -9 -7
right_child=3 2 4 -5 5 6 -8 9 -10 -11 -12
leaf_value=-0.0096749520032294537 0.025366247512136189 0.030742815050434524 -0.020696737300162884 0.0001414486036642071 -0.029679261829724891 0.026669200362409207 -0.030157253351289007 0.014126442332309442 -0.0066900030563835427 -0.015847206773654678 0.027192840877879567
leaf_weight=162 178 102 104 198 105 109 104 101 166 171 134
leaf_count=162 178 102 104 198 105 109 104 101 166 171 134
internal_value=-9.17431e-05 -0.000555997 5.37057e-05 0.00145889 -0.000301568 6.89655e-05 0.00107759 -0.000859788 -0.00227964 0 0.00215164
internal_weight=1634 1258 930 376 828 724 347 377 328 272 243
internal_count=1634 1258 930 376 828 724 347 377 328 272 243
is_linear=0
shrinkage=0.05


Tree=88
num_leaves=12
num_cat=0
split_feature=4 5 4 4 5 5 4 3 3 5 5
split_gain=0.39382 0.731448 0.360008 0.324803 0.307484 0.291919 0.356914 0.647005 0.77684 0.519421 0.157292
threshold=13.329445555889093 8.1985221926064593 7.702540473936172 14.581742261170929 14.784744283661766 15.159501496962724 17.326702547852538 1.0000000180025095e-35 1.5000000000000002 20.862972059801411 21.819413376999588
decision_type=2 2 2 2 2 2 2 2 2 2 2
left_child=1 2 -1 -2 -5 -6 -7 -8 -9 -10 -11
right_child=3 -3 -4 4 5 6 7 8 9 10 -12
leaf_value=-0.0086269974628069741 0.027231756420123168 -0.011420011239896201 0.0020546429229050035 -0.0095054338414646729 0.023225416830995729 -0.017719064927105777 0.034039925748444944 -0.075255836354079758 -0.00156139214186104 0.057337499799336555 0.012695767978227225
leaf_weight=122 105 149 191 129 113 175 104 100 200 120 126
leaf_count=122 105 149 191 129 113 175 104 100 200 120 126
internal_value=-6.11621e-05 -0.0012959 7.96178e-05 0.000426257 0.000163858 0.000479233 0.000151332 0.000691244 0 0.000894855 0.00242915
internal_weight=1634 462 313 1172 1067 938 825 650 546 446 246
internal_count=1634 462 313 1172 1067 938 825 650 546 446 246
is_linear=0
shrinkage=0.05


Tree=89
num_leaves=12
num_cat=0
split_feature=4 5 4 4 5 5 5 2 2 2 5
split_gain=0.444758 0.677452 0.349895 0.219087 0.223071 0.291919 0.21413 0.344531 0.205523 0.402621 0.316183
threshold=13.329445555889093 8.1985221926064593 7.7929262616906838 14.581742261170929 14.784744283661766 15.159501496962724 17.580372328348052 10.500000000000002 9.5000000000000018 11.500000000000002 21.152617504822917
decision_type=2 2 2 2 2 2 2 2 2 2 2
left_child=1 2 -1 -2 -5 -6 7 -7 -8 -10 -11
right_child=3 -3 -4 4 5 6 8 -9 9 10 -12
leaf_value=-0.0074997085528504927 0.025870168599116995 -0.010849010677901384 0.0020880940734121721 -0.0090301621493914293 0.022064145989445907 0.022566870192216638 0.031837159291342856 -0.0094161415057055116 -0.020784228673421092 0.025997416775158079 -0.0018658641009116296
leaf_weight=157 105 149 156 129 113 104 112 201 177 114 117
leaf_count=157 105 149 156 129 113 104 112 201 177 114 117
internal_value=-9.17431e-05 -0.00140389 -7.96178e-05 0.000426257 0.000210674 0.000479233 0.000151332 -0.000898693 0.000767754 0.000244499 0.00161638
internal_weight=1634 462 313 1172 1067 938 825 305 520 408 231
internal_count=1634 462 313 1172 1067 938 825 305 520 408 231
is_linear=0
shrinkage=0.05


Tree=90
num_leaves=13
num_cat=0
split_feature=3 5 5 5 5 2 1 4 5 4 1 3
split_gain=0.489882 0.418106 0.407548 0.407559 0.31356 0.318576 0.310447 0.381851 0.375921 0.309488 0.200479 0.126186
threshold=3.5000000000000004 10.442003641666668 14.202021404250479 14.812494077070577 17.505805566886185 10.500000000000002 1.0000000180025095e-35 17.268519987134535 21.152617504822917 17.866577459022292 1.0000000180025095e-35 1.5000000000000002
decision_type=2 2 2 2 2 2 2 2 2 2 2 2
left_child=1 10 -3 -4 5 -2 7 -5 11 -9 -1 -8
right_child=4 2 3 6 -6 -7 8 9 -10 -11 -12 -13
leaf_value=-0.0083246468529051491 0.0032262326772049656 0.030132454097455599 -0.020526058660864255 -0.028437689001494171 0.029000362868483755 -0.0089453344304202716 0.026889114681067562 0.011761293888465564 -0.026519136654969966 -0.016395706569738166 -0.0059023457805273518 0.024975398104663694
leaf_weight=162 131 102 104 105 130 115 109 107 104 165 166 134
leaf_count=162 131 102 104 105 130 115 109 107 104 165 166 134
internal_value=-0.000122324 -0.000595711 -5.37057e-05 -0.000422195 0.00145889 0.000404858 0 -0.000992063 0.00107759 0 -0.00212766 0.00215164
internal_weight=1634 1258 930 828 376 246 724 377 347 272 328 243
internal_count=1634 1258 930 828 376 246 724 377 347 272 328 243
is_linear=0
shrinkage=0.05


Tree=91
num_leaves=13
num_cat=0
split_feature=3 4 3 4 4 4 2 5 4 1 0 4
split_gain=0.328977 0.521571 0.379394 0.315112 0.367995 0.427032 0.266381 0.467055 0.33627 0.203132 0.192287 0.103526
threshold=3.5000000000000004 13.228987892569622 1.5000000000000002 21.27229169097755 17.964216807258357 17.553446582306879 10.500000000000002 17.330604800670901 15.000032014917029 1.0000000180025095e-35 1.5000000000000002 22.431564405816406
decision_type=2 2 2 2 2 2 2 2 2 2 2 2
left_child=1 2 -1 4 5 6 8 -8 -3 -4 -2 -5
right_child=10 3 9 11 -6 -7 7 -9 -10 -11 -12 -13
leaf_value=7.8454007066453005e-05 0.024540511905843256 0.0039829333804944694 -0.016586247042183543 -0.039647731926563172 0.039084852152864259 -0.015751779506947904 0.00060398029022556976 0.027639915794123573 -0.02673025553238122 -0.0095244088081156697 0.00089984433916359132 -0.00044661406311767853
leaf_weight=142 178 123 107 111 107 107 158 101 100 101 198 101
leaf_count=142 178 123 107 111 107 107 158 101 100 101 198 101
internal_value=3.0581e-05 -0.000357427 -0.0019943 0.000275028 0.000789096 0.00029661 0.000931677 0.00201923 -0.000334821 -0.00334928 0.00132626 -0.00140845
internal_weight=1634 1258 350 908 696 589 482 259 223 208 376 212
internal_count=1634 1258 350 908 696 589 482 259 223 208 376 212
is_linear=0
shrinkage=0.05


Tree=92
num_leaves=12
num_cat=0
split_feature=3 3 4 4 1 5 4 4 2 4 5
split_gain=0.293671 0.434931 1.86991 0.375133 0.368489 0.38165 0.365664 0.247937 0.222984 0.194789 0.0550914
threshold=3.5000000000000004 2.5000000000000004 14.111019363649245 21.5177530792845 1.0000000180025095e-35 14.176204656913393 17.284961266800096 14.666486882540969 10.500000000000002 17.472354126300733 17.344639321995064
decision_type=2 2 2 2 2 2 2 2 2 2 2
left_child=1 3 -3 4 6 -6 7 -1 -2 -4 -7
right_child=8 2 9 -5 5 10 -8 -9 -10 -11 -12
leaf_value=-0.00039836777525295022 0.0057386648924144142 -0.034466700786829917 0.016089395324123325 -0.036770019947448156 0.0082065150127146325 -0.00039122187606608353 0.0077963735220883739 -0.034389053912184324 0.00022865571501820006 -0.0090696244286244017 0.017517355576488924
leaf_weight=162 184 101 121 132 159 100 131 100 192 141 111
leaf_count=162 184 101 121 132 159 100 131 100 192 141 111
internal_value=-3.0581e-05 -0.000397141 -0.0018544 0.000195313 0.000621728 0.00175202 -0.000444162 -0.00152091 0.00119363 0.000380228 0.000353774
internal_weight=1634 1258 363 895 763 370 393 262 376 262 211
internal_count=1634 1258 363 895 763 370 393 262 376 262 211
is_linear=0
shrinkage=0.05


Tree=93
num_leaves=13
num_cat=0
split_feature=3 3 4 1 2 2 2 4 4 4 4 4
split_gain=0.279191 0.547034 1.78158 0.342586 0.343119 0.662432 0.222984 0.198799 0.283492 0.140622 0.0791205 0.0723299
threshold=3.5000000000000004 2.5000000000000004 14.111019363649245 1.0000000180025095e-35 9.5000000000000018 10.500000000000002 10.500000000000002 17.068184556441302 14.111019363649245 17.472354126300733 18.792540945310247 17.373209557617695
decision_type=2 2 2 2 2 2 2 2 2 2 2 2
left_child=1 3 -3 7 -5 -6 -2 8 -1 -4 -9 -7
right_child=6 2 9 4 5 11 -8 10 -10 -11 -12 -13
leaf_value=-0.0001118205094045699 0.0054517316477937124 -0.032743365747488443 0.015284925557917184 0.022884836446073822 -0.019050035523712608 0.01306069160461476 0.00021722292926729114 0.0049207353200976913 -0.041731060305765594 -0.0086161432071932605 -0.017241778297937584 0.01089442658783888
leaf_weight=143 184 101 121 117 114 107 192 100 103 141 104 107
leaf_count=143 184 101 121 117 114 107 192 100 103 141 104 107
internal_value=0 -0.000357427 -0.00199176 0.00030692 0.00128924 0.000455927 0.00119363 -0.000665188 -0.00161943 0.000190114 0.000487805 0.00209302
internal_weight=1634 1258 363 895 445 328 376 450 246 262 204 214
internal_count=1634 1258 363 895 445 328 376 450 246 262 204 214
is_linear=0
shrinkage=0.05


Tree=94
num_leaves=13
num_cat=0
split_feature=5 4 5 4 4 5 5 5 5 4 5 2
split_gain=0.269097 0.308909 0.298842 0.41564 0.290261 0.264006 0.327054 0.985281 0.272924 0.329425 0.190627 0.105765
threshold=21.545358190519565 22.267425539681291 20.979587577119343 17.830599065099836 17.553446582306879 7.9041728264652944 8.1386877001893954 9.1618014161616177 14.202021404250479 15.186827447079041 17.411012907157261 10.500000000000002
decision_type=2 2 2 2 2 2 2 2 2 2 2 2
left_child=2 -2 3 4 5 -1 -7 -8 -9 11 -11 -10
right_child=1 -3 -4 -5 -6 6 7 8 9 10 -12 -13
leaf_value=-0.0090144560278215165 0.028958663930062835 -0.0018947411459494746 -0.057795555409622335 0.024911658814145102 -0.016712978827822057 0.0023007499419244403 -0.010464988520909758 0.0029348522996746063 -0.021913413970343056 0.02010213332081481 -0.0010159560059798346 -0.00097112740450810975
leaf_weight=136 107 121 102 121 117 154 104 150 118 133 151 120
leaf_count=136 107 121 102 121 117 154 104 150 118 133 151 120
internal_value=-6.11621e-05 0.00152838 -0.000319829 -0.000114943 -0.000401182 -0.000140581 0.000161117 -0.0002574 0.000445765 -9.56023e-05 0.00105263 -0.00146444
internal_weight=1634 228 1406 1304 1183 1066 930 776 672 522 284 238
internal_count=1634 228 1406 1304 1183 1066 930 776 672 522 284 238
is_linear=0
shrinkage=0.05


Tree=95
num_leaves=12
num_cat=0
split_feature=5 4 5 3 3 3 4 2 1 5 5
split_gain=0.343407 0.410832 0.307764 0.320893 0.246325 0.926766 1.09933 0.489879 0.462065 0.252144 0.132216
threshold=20.862972059801411 17.749793744223719 21.152617504822917 2.5000000000000004 2.5000000000000004 3.5000000000000004 14.111019363649245 10.500000000000002 1.0000000180025095e-35 14.176204656913393 14.597324738613883
decision_type=2 2 2 2 2 2 2 2 2 2 2
left_child=1 4 -2 -4 8 6 -6 -7 10 -10 -1
right_child=2 -3 3 -5 5 7 -8 -9 9 -11 -12
leaf_value=-0.0089378901437053189 0.055805611681087268 -0.012487579003429694 -0.056115794217549642 0.014195261837407625 -0.030790074942684112 0.0093289164329902526 -0.0011230789330032298 -0.0046062244872509426 0.0051097212972812224 0.016039251017732781 0.00085909325397257605
leaf_weight=174 114 115 145 119 101 146 146 128 157 155 134
leaf_count=174 114 115 145 119 101 146 146 128 157 155 134
internal_value=0 -0.000397772 0.00131926 0.000377358 -0.000109457 -0.000909962 -0.003125 0.00109091 0.000563607 0.00191693 -0.000809061
internal_weight=1634 1256 378 264 1141 521 247 274 620 312 308
internal_count=1634 1256 378 264 1141 521 247 274 620 312 308
is_linear=0
shrinkage=0.05


Tree=96
num_leaves=12
num_cat=0
split_feature=5 5 4 4 5 4 3 3 5 5 3
split_gain=0.279399 0.425397 0.809689 0.183617 0.442147 0.213363 0.430876 0.381165 0.247506 0.320053 0.19768
threshold=7.9041728264652944 8.1985221926064593 12.779635423862782 14.544575566749907 14.597324738613883 21.143349996740081 1.5000000000000002 2.5000000000000004 17.421147835318543 17.580372328348052 1.0000000180025095e-35
decision_type=2 2 2 2 2 2 2 2 2 2 2
left_child=-1 -2 -3 -4 -5 6 10 -7 -8 -10 -6
right_child=1 2 3 4 5 7 8 -9 9 -11 -12
leaf_value=-0.0080274424093849783 0.0022078093135022626 -0.0085258031069183286 0.027983012084189074 -0.007941881104092996 0.00081613859127398496 -0.0017023305381179911 0.0060333433070718819 0.051999525366851707 -0.022801351185266806 -0.0020248448545901357 0.024370465871373793
leaf_weight=140 182 128 112 113 132 160 156 120 116 169 106
leaf_count=140 182 128 112 113 132 160 156 120 116 169 106
internal_value=0 0.000200669 -0.000114242 0.000295359 9.31966e-05 0.000442708 -3.67647e-05 0.00160142 -0.000961538 -0.00183566 0.00167364
internal_weight=1634 1494 1312 1184 1072 959 679 280 441 285 238
internal_count=1634 1494 1312 1184 1072 959 679 280 441 285 238
is_linear=0
shrinkage=0.05


Tree=97
num_leaves=11
num_cat=0
split_feature=3 3 4 4 0 5 5 4 4 4
split_gain=0.195909 0.447818 1.1026 0.313918 0.287778 0.261931 0.718598 0.438746 0.239316 0.186677
threshold=3.5000000000000004 2.5000000000000004 14.111019363649245 21.5177530792845 1.5000000000000002 14.186954552836314 8.226263896078434 16.927801874088242 17.553446582306879 17.472354126300733
decision_type=2 2 2 2 2 2 2 2 2 2
left_child=1 3 -3 5 -2 6 -1 -7 -9 -4
right_child=4 2 9 -5 -6 7 -8 8 -10 -11
leaf_value=0.00038346985897748099 0.023756607054155634 -0.028824281040204004 0.015767698586233614 -0.033479121329350825 -0.00020643397673678621 -0.022989870816822845 0.017385587488436684 0.023605289007077968 -0.00046628762918738965 -0.010714045492828639
leaf_weight=199 178 101 121 132 198 188 104 116 156 141
leaf_count=199 178 101 121 132 198 188 104 116 156 141
internal_value=6.11621e-05 -0.000238284 -0.00171703 0.000362723 0.00106101 0.000752618 0.00189145 0 0.00128205 0
internal_weight=1634 1258 363 895 376 763 303 460 272 262
internal_count=1634 1258 363 895 376 763 303 460 272 262
is_linear=0
shrinkage=0.05


Tree=98
num_leaves=13
num_cat=0
split_feature=5 4 5 4 5 5 5 5 4 4 5 1
split_gain=0.264024 0.434218 0.346575 0.302251 0.202392 0.447069 0.705888 0.21444 0.275335 0.289624 0.150987 0.0620515
threshold=20.862972059801411 17.749793744223719 21.152617504822917 21.953813894242437 7.9041728264652944 8.1985221926064593 10.442003641666668 17.535098129917376 17.211759895355819 14.749127931813627 15.059951714109797 1.0000000180025095e-35
decision_type=2 2 2 2 2 2 2 2 2 2 2 2
left_child=1 4 -2 -4 -1 -6 -7 8 9 11 -11 -8
right_child=2 -3 3 -5 5 6 7 -9 -10 10 -12 -13
leaf_value=-0.0080858303777494363 0.049227524475982422 -0.011880692601362597 -0.027609641126075869 0.015752607632152138 0.0021811815095489351 -0.0086812382000545085 0.0019735527478521144 -0.002470585894734745 0.02458961284405117 -0.005026559662840136 0.00074216153307626875 0.037339974496191801
leaf_weight=136 114 115 108 156 182 101 103 122 111 104 182 100
leaf_count=136 114 115 108 156 182 101 103 122 111 104 182 100
internal_value=3.0581e-05 -0.000318218 0.00118734 0.000188679 -2.18914e-05 0.000223658 -0.000273058 0.000276625 0.000665557 0.000153061 -0.00087108 0.00159314
internal_weight=1634 1256 378 264 1141 1005 823 722 600 489 286 203
internal_count=1634 1256 378 264 1141 1005 823 722 600 489 286 203
is_linear=0
shrinkage=0.05


Tree=99
num_leaves=12
num_cat=0
split_feature=5 5 4 5 5 5 4 3 5 5 4
split_gain=0.200774 0.425397 0.651432 0.293945 0.442142 0.253979 0.405818 0.453397 0.519173 0.740921 0.313445
threshold=7.9041728264652944 8.1985221926064593 12.779635423862782 14.202021404250479 14.542063893871431 15.159501496962724 17.068184556441302 1.0000000180025095e-35 22.285081548482935 20.862972059801411 17.553446582306879
decision_type=2 2 2 2 2 2 2 2 2 2 2
left_child=-1 -2 -3 -4 -5 -6 -7 -8 9 10 -9
right_child=1 2 3 4 5 6 7 8 -10 -11 -12
leaf_value=-0.0071460807073868045 0.0020721224340714884 -0.0083125838622878367 0.011106668699240397 -0.023474232259618335 0.020635693851208094 -0.03976732478632039 0.021872048882991102 0.0086242164629450006 -0.044868974971500733 0.033456075094114544 -0.018835030316343149
leaf_weight=140 182 128 110 105 141 100 128 151 102 203 144
leaf_count=140 182 128 110 105 141 100 128 151 102 203 144
internal_value=3.0581e-05 0.000200669 -0.000114242 0.000253165 0 0.000335052 0 0.000411523 -0.000166389 0.000501002 -0.00109797
internal_weight=1634 1494 1312 1184 1074 969 828 728 600 498 295
internal_count=1634 1494 1312 1184 1074 969 828 728 600 498 295
is_linear=0
shrinkage=0.05


end of trees

feature_importances:
doc_shrunk_avg=444
pat_historical_dur=383
type_encoded=123
day_of_week=100
hour=65
department_encoded=15

parameters:
[boosting: gbdt]
[objective: quantile]
[metric: quantile]
[tree_learner: serial]
[device_type: cpu]
[data_sample_strategy: bagging]
[data: ]
[valid: ]
[num_iterations: 100]
[learning_rate: 0.05]
[num_leaves: 31]
[num_threads: 10]
[seed: 0]
[deterministic: 0]
[force_col_wise: 0]
[force_row_wise: 0]
[histogram_pool_size: -1]
[max_depth: -1]
[min_data_in_leaf: 100]
[min_sum_hessian_in_leaf: 0.001]
[bagging_fraction: 1]
[pos_bagging_fraction: 1]
[neg_bagging_fraction: 1]
[bagging_freq: 0]
[bagging_seed: 3]
[bagging_by_query: 0]
[feature_fraction: 1]
[feature_fraction_bynode: 1]
[feature_fraction_seed: 2]
[extra_trees: 0]
[extra_seed: 6]
[early_stopping_round: 0]
[early_stopping_min_delta: 0]
[first_metric_only: 0]
[max_delta_step: 0]
[lambda_l1: 0]
[lambda_l2: 1]
[linear_lambda: 0]
[min_gain_to_split: 0]
[drop_rate: 0.1]
[max_drop: 50]
[skip_drop: 0.5]
[xgboost_dart_mode: 0]
[uniform_drop: 0]
[drop_seed: 4]
[top_rate: 0.2]
[other_rate: 0.1]
[min_data_per_group: 100]
[max_cat_threshold: 32]
[cat_l2: 10]
[cat_smooth: 10]
[max_cat_to_onehot: 4]
[top_k: 20]
[monotone_constraints: ]
[monotone_constraints_method: basic]
[monotone_penalty: 0]
[feature_contri: ]
[forcedsplits_filename: ]
[refit_decay_rate: 0.9]
[cegb_tradeoff: 1]
[cegb_penalty_split: 0]
[cegb_penalty_feature_lazy: ]
[cegb_penalty_feature_coupled: ]
[path_smooth: 0]
[interaction_constraints: ]
[verbosity: 1]
[saved_feature_importance_type: 0]
[use_quantized_grad: 0]
[num_grad_quant_bins: 4]
[quant_train_renew_leaf: 0]
[stochastic_rounding: 1]
[linear_tree: 0]
[max_bin: 255]
[max_bin_by_feature: ]
[min_data_in_bin: 3]
[bin_construct_sample_cnt: 200000]
[data_random_seed: 1]
[is_enable_sparse: 1]
[enable_bundle: 1]
[use_missing: 1]
[zero_as_missing: 0]
[feature_pre_filter: 1]
[pre_partition: 0]
[two_round: 0]
[header: 0]
[label_column: ]
[weight_column: ]
[group_column: ]
[ignore_column: ]
[categorical_feature: ]
[forcedbins_filename: ]
[precise_float_parser: 0]
[parser_config_file: ]
[objective_seed: 5]
[num_class: 1]
[is_unbalance: 0]
[scale_pos_weight: 1]
[sigmoid: 1]
[boost_from_average: 1]
[reg_sqrt: 0]
[alpha: 0.5]
[fair_c: 1]
[poisson_max_delta_step: 0.7]
[tweedie_variance_power: 1.5]
[lambdarank_truncation_level: 30]
[lambdarank_norm: 1]
[label_gain: ]
[lambdarank_position_bias_regularization: 0]
[eval_at: ]
[multi_error_top_k: 1]
[auc_mu_weights: ]
[num_machines: 1]
[local_listen_port: 12400]
[time_out: 120]
[machine_list_filename: ]
[machines: ]
[gpu_platform_id: -1]
[gpu_device_id: -1]
[gpu_device_id_list: ]
[gpu_use_dp: 0]
[num_gpu: 1]

end of parameters

pandas_categorical:[]
