tree
version=v4
num_class=1
num_tree_per_iteration=1
label_index=0
max_feature_idx=5
objective=quantile
feature_names=department_encoded type_encoded hour day_of_week doc_shrunk_avg pat_historical_dur
feature_infos=[0:3] [0:1] [9:16] [0:4] [6.6778384499999985:30.514829083333332] [4.4678697500000002:35.251340666666671]
tree_sizes=963 1013 1014 1016 1021 1112 1023 1025 1118 1202 1204 1209 1208 1200 1204 1289 1293 1291 1209 1291 1292 1290 1207 1117 1114 1295 1199 1208 1299 1387 1298 1302 1303 1304 1392 1294 1302 1304 1300 1481 1384 1205 1209 1206 1209 1475 1207 1298 1306 1300 1306 1211 1218 1218 1311 1214 1304 1211 1212 1303 1397 1290 1203 1400 1297 1119 1306 1212 1123 1214 1129 1308 1212 1224 1302 1130 1216 1212 1310 1230 1221 1211 1124 1312 1389 1226 1230 1145 1148 1223 1330 1315 1237 1309 1227 1215 1400 1313 1314 1130

Tree=0
num_leaves=10
num_cat=0
split_feature=4 1 4 5 4 5 5 4 4
split_gain=26.6403 23.2788 0.802721 0.213954 0.117835 0.0892372 0.0346244 0.0145147 0.0396936
threshold=10.19522558752745 1.0000000180025095e-35 20.542559915480933 22.318424906493508 8.1529604996624681 14.213242431881847 21.307212733837453 15.000032014917029 14.726490525011441
decision_type=2 2 2 2 2 2 2 2 2
left_child=1 -1 5 6 -3 -2 -4 8 -7
right_child=2 4 3 -5 -6 7 -8 -9 -10
leaf_value=6.6429617762784741 6.8354049465776869 6.7311387639267979 6.8735882537297188 6.7644155604622176 6.745634179262785 6.8696487170413114 6.8821738485738795 6.9347345137497935 6.8355835209364582
leaf_weight=196 151 105 131 118 105 110 111 507 100
leaf_count=196 151 105 131 118 105 110 111 507 100
internal_value=6.73432 6.72323 6.73799 6.736 6.73481 6.73881 6.73685 6.73905 6.7386
internal_weight=1634 406 1228 360 210 868 242 717 210
internal_count=1634 406 1228 360 210 868 242 717 210
is_linear=0
shrinkage=1


Tree=1
num_leaves=10
num_cat=0
split_feature=4 1 4 5 5 4 5 4 4
split_gain=25.6164 22.3016 0.770137 0.213954 0.140827 0.117835 0.0346244 0.0145147 0.0396936
threshold=10.19522558752745 1.0000000180025095e-35 20.542559915480933 22.318424906493508 14.213242431881847 8.1529604996624681 21.307212733837453 15.000032014917029 14.726490525011441
decision_type=2 2 2 2 2 2 2 2 2
left_child=1 -1 4 6 -2 -3 -4 8 -6
right_child=2 5 3 -5 7 -7 -8 -9 -10
leaf_value=-0.086806775906726683 0.096014235877525556 -0.0030386376408190422 0.13228837767195586 0.02857431906782968 0.12854581781796864 0.010732006928369221 0.14044469277390831 0.19037732469102739 0.096183881518358758
leaf_weight=196 151 105 131 118 110 105 111 507 100
leaf_count=196 151 105 131 118 110 105 111 507 100
internal_value=1.22326e-05 -0.01086 0.00361269 0.00166205 0.00441887 0.000473934 0.00251029 0.00471448 0.0042654
internal_weight=1634 406 1228 360 868 210 242 717 210
internal_count=1634 406 1228 360 868 210 242 717 210
is_linear=0
shrinkage=0.05


Tree=2
num_leaves=10
num_cat=0
split_feature=4 1 4 5 4 4 4 5 5
split_gain=22.668 19.9502 0.713342 0.195776 0.288494 0.225877 0.117835 0.05242 0.0144142
threshold=10.19522558752745 1.0000000180025095e-35 21.722876910903697 19.238770391666669 15.099030993217969 14.868011685192887 8.1529604996624681 14.229637622988447 21.073571847332989
decision_type=2 2 2 2 2 2 2 2 2
left_child=1 -1 3 4 5 7 -3 -2 -5
right_child=2 6 -4 8 -6 -7 -8 -9 -10
leaf_value=-0.082466437111390345 0.09217891835251435 -0.0028867057587780745 0.04950234554941773 0.14489724804770257 0.19653157673511795 0.049685945689762506 0.010195406581950773 0.14008069514353497 0.15750913130661789
leaf_weight=196 102 105 174 102 492 103 105 134 121
leaf_count=196 102 105 174 102 492 103 105 134 121
internal_value=-1.83484e-05 -0.0102457 0.00336859 0.00385782 0.00421274 0.00307353 0.000473934 0.00392405 0.00252232
internal_weight=1634 406 1228 1054 831 339 210 236 223
internal_count=1634 406 1228 1054 831 339 210 236 223
is_linear=0
shrinkage=0.05


Tree=3
num_leaves=10
num_cat=0
split_feature=4 1 4 4 5 4 4 4 5
split_gain=20.5395 17.7298 0.693907 0.195499 0.31428 0.185534 0.117835 0.104692 0.021863
threshold=10.19522558752745 1.0000000180025095e-35 21.722876910903697 15.099030993217969 19.238770391666669 14.886498497565361 8.1529604996624681 14.295170096058037 21.080500647154121
decision_type=2 2 2 2 2 2 2 2 2
left_child=1 -1 3 5 -5 7 -3 -2 -6
right_child=2 6 -4 4 8 -7 -8 -9 -10
leaf_value=-0.078343115255820814 0.065457664479611696 -0.0027423704708391841 0.04702722827194683 0.18670499789836206 0.14050634191037889 0.044673392267367135 0.0096856362528532358 0.15659167463924231 0.20301926998543174
leaf_weight=196 119 105 174 492 105 100 105 126 112
leaf_count=196 119 105 174 492 105 100 105 126 112
internal_value=0.000103976 -0.00963145 0.00332791 0.00381043 0.00428873 0.00281792 0.000473934 0.00355691 0.00268349
internal_weight=1634 406 1228 1054 709 345 210 245 217
internal_count=1634 406 1228 1054 709 345 210 245 217
is_linear=0
shrinkage=0.05


Tree=4
num_leaves=10
num_cat=0
split_feature=4 1 5 1 4 4 5 5 4
split_gain=18.641 15.263 0.795826 0.268556 0.233265 0.185686 0.0986436 0.0950768 0.0537226
threshold=10.19522558752745 1.0000000180025095e-35 20.976234456239897 1.0000000180025095e-35 15.099030993217969 14.868011685192887 7.9642520510864259 14.229637622988447 17.866577459022292
decision_type=2 2 2 2 2 2 2 2 2
left_child=1 -1 4 -4 5 7 -3 -2 -6
right_child=2 6 3 -5 8 -7 -8 -9 -10
leaf_value=-0.074425959493029756 0.084297089210908019 -0.00062781302548163879 -0.0013899471324905933 0.18777119276226367 0.172250756517493 0.045382719023797383 0.0079001472395342724 0.12253185164563184 0.18788816599527858
leaf_weight=196 102 102 171 165 446 105 108 135 104
leaf_count=196 102 102 171 165 446 105 108 135 104
internal_value=0.000134557 -0.00914005 0.00320586 0.0011276 0.00398656 0.00294461 0.000236967 0.00371849 0.00462795
internal_weight=1634 406 1228 336 892 342 210 237 550
internal_count=1634 406 1228 336 892 342 210 237 550
is_linear=0
shrinkage=0.05


Tree=5
num_leaves=11
num_cat=0
split_feature=4 1 5 1 4 4 5 5 4 2
split_gain=16.9131 13.4021 0.758651 0.268556 0.217152 0.178348 0.0932254 0.0767024 0.0441845 0.00508638
threshold=11.178414557575758 1.0000000180025095e-35 20.976234456239897 1.0000000180025095e-35 15.099030993217969 14.868011685192887 14.253765037747586 7.9642520510864259 17.866577459022292 10.500000000000002
decision_type=2 2 2 2 2 2 2 2 2 2
left_child=1 -1 4 -4 5 6 -2 -3 9 -6
right_child=2 7 3 -5 8 -7 -8 -9 -10 -11
leaf_value=-0.070689579158839555 0.088770788600486844 -0.00059642237420757301 -0.0013204497758660784 0.17838263312415048 0.17043509807614152 0.043113583072607535 0.11799167643494593 0.0059709401857582561 0.17849375769551465 0.15808779793060951
leaf_weight=198 101 102 171 165 176 105 129 113 104 270
leaf_count=198 101 102 171 165 176 105 129 113 104 270
internal_value=0.000195719 -0.00853865 0.00315466 0.0011276 0.00392212 0.00290179 0.00367965 0.000115741 0.00453721 0.0047651
internal_weight=1634 413 1221 336 885 335 230 215 550 446
internal_count=1634 413 1221 336 885 335 230 215 550 446
is_linear=0
shrinkage=0.05


Tree=6
num_leaves=10
num_cat=0
split_feature=4 1 5 5 1 4 5 4 5
split_gain=15.2059 11.9477 0.778455 0.2503 0.214307 0.124974 0.0767024 0.0737771 0.0167364
threshold=11.178414557575758 1.0000000180025095e-35 20.976234456239897 15.956111674887557 1.0000000180025095e-35 14.920260875602667 7.9642520510864259 14.267479705409086 17.573088938275845
decision_type=2 2 2 2 2 2 2 2 2
left_child=1 -1 3 5 -4 7 -3 -2 -5
right_child=2 6 4 8 -6 -7 -8 -9 -10
leaf_value=-0.067155100200897572 0.07090261045569711 -0.00056660125549720154 -0.0012544272870727736 0.17498993697524934 0.16946350146794298 0.056642340876298727 0.0056723931764703474 0.13912520547353843 0.14946545990025442
leaf_weight=198 104 102 171 246 165 179 113 158 198
leaf_count=198 104 102 171 246 165 179 113 158 198
internal_value=0.0002263 -0.00805556 0.00303192 0.00380926 0.000979229 0.00295249 0.000115741 0.00365019 0.00465169
internal_weight=1634 413 1221 885 336 441 215 262 444
internal_count=1634 413 1221 885 336 441 215 262 444
is_linear=0
shrinkage=0.05


Tree=7
num_leaves=10
num_cat=0
split_feature=4 1 5 5 1 1 3 5 5
split_gain=13.5895 10.5768 0.705436 0.372036 0.224191 0.117995 0.130618 0.0842603 0.0767024
threshold=11.178414557575758 1.0000000180025095e-35 19.238770391666669 15.956111674887557 1.0000000180025095e-35 1.0000000180025095e-35 2.5000000000000004 14.338504299003466 7.9642520510864259
decision_type=2 2 2 2 2 2 2 2 2
left_child=1 -1 3 5 -4 6 -2 -7 -3
right_child=2 8 4 -5 -6 7 -8 -9 -10
leaf_value=-0.063797345190852672 0.060078964368892762 -0.00053827119272235088 0.03185848093756545 0.16180652457166128 0.16032217907678986 0.16922434791025193 0.0072718253684482918 0.1744353377899529 0.0053887735176468173
leaf_weight=198 126 102 199 390 191 100 102 113 113
leaf_count=198 126 102 199 390 191 100 102 113 113
internal_value=0.000256881 -0.00757246 0.00290917 0.00373197 0.0011509 0.00272624 0.0019214 0.00357477 0.000115741
internal_weight=1634 413 1221 831 390 441 228 213 215
internal_count=1634 413 1221 831 390 441 228 213 215
is_linear=0
shrinkage=0.05


Tree=8
num_leaves=11
num_cat=0
split_feature=4 1 4 5 5 1 4 5 1 5
split_gain=12.4177 8.34691 0.942252 0.807538 0.218279 0.214307 0.152762 0.053991 0.0367627 0.0169317
threshold=12.958860029140213 1.0000000180025095e-35 8.2059478390374174 20.976234456239897 15.956111674887557 1.0000000180025095e-35 14.920260875602667 7.9642520510864259 1.0000000180025095e-35 17.573088938275845
decision_type=2 2 2 2 2 2 2 2 2 2
left_child=1 2 -1 4 6 -5 8 -3 -2 -6
right_child=3 7 -4 5 9 -7 -8 -9 -10 -11
leaf_value=-0.067071130402325485 0.068809546807455033 -0.00051135763308624059 -0.028359289227617886 -0.0027846299695973909 0.15815011389790387 0.15297421744070633 0.051334346303713529 0.0042359156223437475 0.15739219475573629 0.14324920997026627
leaf_weight=119 111 102 100 171 246 165 179 127 117 197
leaf_count=119 111 102 100 171 246 165 179 127 117 197
internal_value=0.000379205 -0.00670379 -0.0136591 0.00305813 0.00387779 0.000979229 0.00302696 -2.17389e-05 0.00388646 0.0046509
internal_weight=1634 448 219 1186 850 336 407 229 228 443
internal_count=1634 448 219 1186 850 336 407 229 228 443
is_linear=0
shrinkage=0.05


Tree=9
num_leaves=12
num_cat=0
split_feature=4 1 5 5 1 5 4 5 1 5 4
split_gain=11.2083 7.27116 1.10278 0.775084 0.214307 0.188432 0.152762 0.053991 0.0367627 0.0240246 0.00656329
threshold=12.958860029140213 1.0000000180025095e-35 7.9642520510864259 20.976234456239897 1.0000000180025095e-35 15.956111674887557 14.920260875602667 7.9642520510864259 1.0000000180025095e-35 17.535098129917376 17.705783500640976
decision_type=2 2 2 2 2 2 2 2 2 2 2
left_child=1 2 -1 5 -5 6 8 -3 -2 -7 -11
right_child=3 7 -4 4 -6 9 -8 -9 -10 10 -12
leaf_value=-0.057306709679692737 0.065369069467082278 -0.00048578975143193136 -0.051169241558533689 -0.0026453984711175163 0.14532550656867099 0.1734464588872692 0.048767628988527857 0.004024119841226562 0.14952258501794946 0.12778040255688028 0.12580377542533511
leaf_weight=101 111 102 118 171 165 210 179 127 117 110 123
leaf_count=101 111 102 118 171 165 210 179 127 117 110 123
internal_value=0.000470948 -0.00625835 -0.01275 0.00301601 0.000979229 0.00381904 0.00302696 -2.17389e-05 0.00388646 0.00453829 0.00412393
internal_weight=1634 448 219 1186 336 850 407 229 228 443 233
internal_count=1634 448 219 1186 336 850 407 229 228 443 233
is_linear=0
shrinkage=0.05


Tree=10
num_leaves=12
num_cat=0
split_feature=4 1 4 5 5 1 1 5 5 5 4
split_gain=9.86473 6.04748 0.852275 0.750454 0.215187 0.214307 0.172594 0.0884982 0.0489187 0.023804 0.00677166
threshold=12.779635423862782 1.0000000180025095e-35 8.165708731238194 20.976234456239897 15.956111674887557 1.0000000180025095e-35 1.0000000180025095e-35 14.398914561941007 7.9642520510864259 17.535098129917376 17.705783500640976
decision_type=2 2 2 2 2 2 2 2 2 2 2
left_child=1 2 -1 4 6 -5 7 -2 -3 -6 -11
right_child=3 8 -4 5 9 -7 -8 -9 -10 10 -12
leaf_value=-0.068945434617281448 0.042919577598758168 -0.00046150026386034871 -0.033965978532406287 -0.0025131285475616331 0.16477413594290571 0.13805923124023742 0.15219166646072491 0.021990504277017923 0.003688044373118557 0.11670686866107841 0.1195135866540683
leaf_weight=107 101 102 107 171 210 165 201 111 125 111 123
leaf_count=107 101 102 107 171 210 165 201 111 125 111 123
internal_value=0.000623853 -0.00575792 -0.0117674 0.00298576 0.0037704 0.000979229 0.00293478 0.00192488 -6.57893e-05 0.00453933 0.00412766
internal_weight=1634 441 214 1193 857 336 413 212 227 444 234
internal_count=1634 441 214 1193 857 336 413 212 227 444 234
is_linear=0
shrinkage=0.05


Tree=11
num_leaves=12
num_cat=0
split_feature=4 1 4 5 5 1 4 1 5 4 1
split_gain=8.7939 5.3422 0.841397 0.760255 0.224508 0.166171 0.162912 0.0699973 0.053991 0.0303712 0.0144432
threshold=12.958860029140213 1.0000000180025095e-35 8.2059478390374174 20.976234456239897 15.956111674887557 1.0000000180025095e-35 14.920260875602667 1.0000000180025095e-35 7.9642520510864259 17.448141006232767 1.0000000180025095e-35
decision_type=2 2 2 2 2 2 2 2 2 2 2
left_child=1 2 -1 4 6 -5 7 -2 -3 -6 -11
right_child=3 8 -4 5 9 -7 -8 -9 -10 10 -12
leaf_value=-0.058804145218283879 0.059954637113790232 -0.00043842525066734072 -0.022684563761689973 -0.0023874721201835591 0.13605705938102916 0.13115626967822555 0.045020431869595236 0.13443687244401575 0.0036385116305092699 0.10068198251851168 0.28354197430470585
leaf_weight=119 111 102 100 171 181 165 179 117 127 148 114
leaf_count=119 111 102 100 171 181 165 179 117 127 148 114
internal_value=0.000593272 -0.00536748 -0.0109318 0.00284751 0.00364277 0.000830861 0.00278186 0.00366812 -2.17389e-05 0.00442568 0.00403042
internal_weight=1634 448 219 1186 850 336 407 228 229 443 262
internal_count=1634 448 219 1186 850 336 407 228 229 443 262
is_linear=0
shrinkage=0.05


Tree=12
num_leaves=12
num_cat=0
split_feature=4 1 4 5 5 1 4 5 5 5 1
split_gain=8.14898 4.90632 0.867299 0.697965 0.227631 0.166171 0.129378 0.0615798 0.053991 0.0284269 0.0185694
threshold=12.958860029140213 1.0000000180025095e-35 8.2059478390374174 20.976234456239897 15.956111674887557 1.0000000180025095e-35 14.920260875602667 14.376119680143995 7.9642520510864259 17.631870244434293 1.0000000180025095e-35
decision_type=2 2 2 2 2 2 2 2 2 2 2
left_child=1 2 -1 4 6 -5 7 -2 -3 10 -6
right_child=3 8 -4 5 9 -7 -8 -9 -10 -11 -12
leaf_value=-0.055863937957369686 0.090066382748876059 -0.00041650398813396542 -0.021550335573605486 -0.0022680985141743828 0.10103585658744485 0.12459845619431427 0.042769410276115472 0.11573451093852356 0.0034565860489838146 0.090110134999758354 0.24959215532568324
leaf_weight=119 128 102 100 171 169 165 179 100 127 101 173
leaf_count=119 128 102 100 171 169 165 179 100 127 101 173
internal_value=0.000593272 -0.00514477 -0.0104773 0.00276327 0.00352526 0.000830861 0.00265931 0.00344978 -2.17389e-05 0.00431306 0.00454811
internal_weight=1634 448 219 1186 850 336 407 228 229 443 342
internal_count=1634 448 219 1186 850 336 407 228 229 443 342
is_linear=0
shrinkage=0.05


Tree=13
num_leaves=12
num_cat=0
split_feature=4 1 4 5 5 4 1 4 5 5 4
split_gain=7.09385 4.48097 0.779669 0.638336 0.23076 0.173299 0.166171 0.0637847 0.0615798 0.0412157 0.0139068
threshold=12.958860029140213 1.0000000180025095e-35 8.2059478390374174 20.976234456239897 15.956111674887557 14.920260875602667 1.0000000180025095e-35 8.1529604996624681 14.376119680143995 17.535098129917376 17.716777754543248
decision_type=2 2 2 2 2 2 2 2 2 2 2
left_child=1 2 -1 4 5 8 -5 -3 -2 -6 -11
right_child=3 7 -4 6 9 -7 -8 -9 -10 10 -12
leaf_value=-0.053070741059501186 0.085563063611432233 -0.0023731177105428269 -0.020472818794925199 -0.002154693588465656 0.14627266235700054 0.04063093976230972 0.11836853338459852 0.0059319357946787865 0.1099477853915974 0.087621713161200501 0.12311676324298636
leaf_weight=119 128 105 100 171 210 179 165 124 100 114 119
leaf_count=119 128 105 100 171 210 179 165 124 100 114 119
internal_value=0.000654434 -0.00469933 -0.00979545 0.00267902 0.00340776 0.00253676 0.000830861 0.000195652 0.00344978 0.00420045 0.00369658
internal_weight=1634 448 219 1186 850 407 336 229 228 443 233
internal_count=1634 448 219 1186 850 407 336 229 228 443 233
is_linear=0
shrinkage=0.05


Tree=14
num_leaves=12
num_cat=0
split_feature=4 1 5 5 4 4 1 4 5 3 5
split_gain=6.85298 4.09022 0.725538 0.654049 0.205583 0.231358 0.124149 0.0797826 0.0600121 0.0582636 0.053991
threshold=12.958860029140213 1.0000000180025095e-35 7.9642520510864259 20.976234456239897 16.138830992772899 14.920260875602667 1.0000000180025095e-35 17.403730351086697 14.376119680143995 2.5000000000000004 7.9642520510864259
decision_type=2 2 2 2 2 2 2 2 2 2 2
left_child=1 2 -1 4 5 8 -5 -6 -2 -9 -3
right_child=3 10 -4 6 7 -7 -8 9 -10 -11 -12
leaf_value=-0.042607161253086327 0.081284910430860627 -0.00031854823322245067 -0.037499023908189287 -0.0020469589090423681 0.12581465374848749 0.029602659454035687 0.11245010671536858 0.1483969395238196 0.10545011043666991 0.077585150648918341 0.0031532609489395335
leaf_weight=101 128 102 118 171 153 162 165 143 101 163 127
leaf_count=101 128 102 118 171 153 162 165 143 101 163 127
internal_value=0.000562691 -0.00469933 -0.00956818 0.00255265 0.00329025 0.00243622 0.000682493 0.00401087 0.00345652 0.00351792 -2.17389e-05
internal_weight=1634 448 219 1186 850 391 336 459 229 306 229
internal_count=1634 448 219 1186 850 391 336 459 229 306 229
is_linear=0
shrinkage=0.05


Tree=15
num_leaves=13
num_cat=0
split_feature=4 1 5 4 5 3 1 4 4 2 5 4
split_gain=5.62422 3.3221 0.59403 0.550958 0.251913 0.234419 0.262205 0.190637 0.243449 0.0752541 0.0614946 0.0442885
threshold=12.45688861886447 1.0000000180025095e-35 17.665320699778459 8.1586406873821442 16.586670270460711 2.5000000000000004 1.0000000180025095e-35 14.920260875602667 15.272129855017726 10.500000000000002 7.9642520510864259 17.438693095776163
decision_type=2 2 2 2 2 2 2 2 2 2 2 2
left_child=1 3 4 -1 7 6 -4 9 -9 -2 -3 -6
right_child=2 10 5 -5 11 -7 -8 8 -10 -11 -12 -13
leaf_value=-0.051401560037209221 0.090180450571741122 -0.0003026208215613299 -0.016415017525501174 -0.037729520455439917 0.12067728626671935 0.102130326371137 0.082821440163419038 -0.00084862200922424251 0.078246628147455421 0.036191001191492392 0.003047416837388614 0.12582367052933757
leaf_weight=103 131 102 107 103 143 194 113 101 102 117 119 199
leaf_count=103 131 102 107 103 143 194 113 101 102 117 119 199
internal_value=0.000685015 -0.00424065 0.00242964 -0.00879227 0.00323048 0.000891566 -0.000226244 0.00244469 0.00129902 0.00337349 2.25227e-05 0.00425656
internal_weight=1634 427 1207 206 793 414 220 451 203 248 221 342
internal_count=1634 427 1207 206 793 414 220 451 203 248 221 342
is_linear=0
shrinkage=0.05


Tree=16
num_leaves=13
num_cat=0
split_feature=4 1 4 5 1 5 4 1 4 5 5 5
split_gain=5.50466 3.00515 0.791372 0.596372 0.232615 0.174125 0.169427 0.124149 0.084503 0.053991 0.0405097 0.0141877
threshold=12.958860029140213 1.0000000180025095e-35 8.1586406873821442 20.976234456239897 1.0000000180025095e-35 16.586670270460711 14.920260875602667 1.0000000180025095e-35 15.254933508041164 7.9642520510864259 17.573088938275845 17.538010117690959
decision_type=2 2 2 2 2 2 2 2 2 2 2 2
left_child=1 2 -1 4 5 6 -2 -5 -6 -3 -7 -10
right_child=3 9 -4 7 8 10 -8 -9 11 -11 -12 -13
leaf_value=-0.048831482035348775 0.042301636916489554 -0.00028748978048324296 -0.024700262632249614 -0.0011238600873152039 0.11049561270946169 0.077792285617029722 0.007100742679680536 0.10210726302113203 0.2290433700177672 0.0028432270596231257 0.058895731151466839 0.21918119940767058
leaf_weight=103 111 102 116 171 157 110 109 165 151 127 106 106
leaf_count=103 111 102 116 171 157 110 109 165 151 127 106 106
internal_value=0.000685015 -0.00403118 -0.00820455 0.00246841 0.00317274 0.00235698 0.00135747 0.000682493 0.0040241 -2.17389e-05 0.00336406 0.00459302
internal_weight=1634 448 219 1186 850 436 220 336 414 229 216 257
internal_count=1634 448 219 1186 850 436 220 336 414 229 216 257
is_linear=0
shrinkage=0.05


Tree=17
num_leaves=13
num_cat=0
split_feature=4 1 4 5 1 5 1 4 4 5 5 5
split_gain=5.06517 2.68055 0.779981 0.568532 0.266358 0.216342 0.124149 0.119201 0.084503 0.053991 0.0405097 0.0141877
threshold=12.958860029140213 1.0000000180025095e-35 8.1586406873821442 20.976234456239897 1.0000000180025095e-35 16.586670270460711 1.0000000180025095e-35 14.920260875602667 15.254933508041164 7.9642520510864259 17.573088938275845 17.538010117690959
decision_type=2 2 2 2 2 2 2 2 2 2 2 2
left_child=1 2 -1 4 5 7 -5 -2 -6 -3 -7 -10
right_child=3 9 -4 6 8 10 -8 -9 11 -11 -12 -13
leaf_value=-0.046389907933581359 0.040186555070665084 -0.00027311529145909367 -0.023465249500637143 -0.0010676670829494583 0.10497083207398859 0.073902671336178255 0.097001899870075403 0.0067457055456964987 0.21759120151687888 0.002701065706641974 0.055950944593893527 0.2082221394372871
leaf_weight=103 111 102 116 171 157 110 165 109 151 127 106 106
leaf_count=103 111 102 116 171 157 110 165 109 151 127 106 106
internal_value=0.000715597 -0.00380846 -0.00775 0.00242628 0.00311398 0.00224256 0.000682493 0.00113122 0.0040241 -2.17389e-05 0.00336406 0.00459302
internal_weight=1634 448 219 1186 850 436 336 220 414 229 216 257
internal_count=1634 448 219 1186 850 436 336 220 414 229 216 257
is_linear=0
shrinkage=0.05


Tree=18
num_leaves=12
num_cat=0
split_feature=4 1 4 5 1 4 1 4 5 4 5
split_gain=4.75234 2.52521 0.662018 0.514846 0.340525 0.224775 0.124149 0.084503 0.053991 0.0232382 0.0141877
threshold=12.958860029140213 1.0000000180025095e-35 8.2059478390374174 20.976234456239897 1.0000000180025095e-35 15.037886921495934 1.0000000180025095e-35 15.254933508041164 7.9642520510864259 17.494653818684906 17.538010117690959
decision_type=2 2 2 2 2 2 2 2 2 2 2
left_child=1 2 -1 4 5 -2 -5 -6 -3 -7 -9
right_child=3 8 -4 6 7 9 -8 10 -10 -11 -12
leaf_value=-0.043384815674178082 0.0090180268402565798 -0.00025945952688614298 -0.013279475030353143 -0.0010142837288019736 0.099722290470289188 0.032821977740443667 0.092151804876571611 0.20671164144103496 0.0025660124213098753 0.069937079546628228 0.19781103246542273
leaf_weight=119 155 102 100 171 157 132 165 151 127 149 106
leaf_count=119 155 102 100 171 157 132 165 151 127 149 106
internal_value=0.000685015 -0.0036971 -0.00752273 0.00234204 0.00299647 0.00201373 0.000682493 0.0040241 -2.17389e-05 0.00285461 0.00459302
internal_weight=1634 448 219 1186 850 436 336 414 229 281 257
internal_count=1634 448 219 1186 850 436 336 414 229 281 257
is_linear=0
shrinkage=0.05


Tree=19
num_leaves=13
num_cat=0
split_feature=4 1 4 5 1 4 5 4 4 5 5 4
split_gain=4.6207 2.52521 0.662018 0.593826 0.315803 0.160898 0.165246 0.116565 0.0796295 0.0629535 0.053991 0.0102772
threshold=12.958860029140213 1.0000000180025095e-35 8.2059478390374174 22.026905093556206 1.0000000180025095e-35 15.037886921495934 17.63419262555173 20.562915444313223 15.254933508041164 17.441706758967673 7.9642520510864259 17.438693095776163
decision_type=2 2 2 2 2 2 2 2 2 2 2 2
left_child=1 2 -1 4 5 -2 9 8 -6 -7 -3 -10
right_child=3 10 -4 -5 7 6 -8 -9 11 -11 -12 -13
leaf_value=-0.041215574890469155 0.0085671254982437137 -0.00024648655054181539 -0.012615501278835465 -0.0038408036135226444 0.094736175946774706 0.058947882710288661 0.050872710658008892 0.084568325247314918 0.17333497169555795 0.059760383197431211 0.0024377118002443729 0.21499781891310976
leaf_weight=119 155 102 100 162 157 115 139 103 128 113 127 114
leaf_count=119 155 102 100 162 157 115 139 103 128 113 127 114
internal_value=0.000623853 -0.0036971 -0.00752273 0.00225779 0.00270244 0.00183556 0.00240489 0.00359841 0.0039875 0.00323144 -2.17389e-05 0.0045679
internal_weight=1634 448 219 1186 1024 522 367 502 399 228 229 242
internal_count=1634 448 219 1186 1024 522 367 502 399 228 229 242
is_linear=0
shrinkage=0.05


Tree=20
num_leaves=13
num_cat=0
split_feature=4 1 5 4 1 4 5 4 4 5 5 4
split_gain=4.30798 2.47414 0.560423 0.45787 0.267055 0.161081 0.165246 0.0905527 0.0831975 0.0629535 0.0614946 0.0340954
threshold=12.45688861886447 1.0000000180025095e-35 22.026905093556206 8.1586406873821442 1.0000000180025095e-35 15.037886921495934 17.63419262555173 20.562915444313223 15.254933508041164 17.441706758967673 7.9642520510864259 17.438693095776163
decision_type=2 2 2 2 2 2 2 2 2 2 2 2
left_child=1 3 4 -1 5 -2 9 8 -6 -7 -3 -10
right_child=2 10 -4 -5 7 6 -8 -9 11 -11 -12 -13
leaf_value=-0.039840393008669928 0.00020158413765921583 -0.00023416222301472415 -0.0036487634328465101 -0.031552965421872345 0.0877651730736798 0.056000488574774222 0.04832907512510845 0.080339908984949193 0.16466822311078003 0.056772364037559621 0.0023676451461282473 0.20424792796745425
leaf_weight=103 168 102 162 103 165 115 139 103 128 113 119 114
leaf_count=103 168 102 162 103 165 115 139 103 128 113 119 114
internal_value=0.000654434 -0.00365654 0.00218129 -0.00758454 0.00260516 0.00181903 0.00240489 0.00342466 0.00376226 0.00323144 2.25227e-05 0.00436214
internal_weight=1634 427 1207 206 1045 535 367 510 407 228 221 242
internal_count=1634 427 1207 206 1045 535 367 510 407 228 221 242
is_linear=0
shrinkage=0.05


Tree=21
num_leaves=13
num_cat=0
split_feature=4 1 5 4 1 4 5 4 4 5 5 5
split_gain=3.91159 2.16988 0.543597 0.460694 0.235276 0.161081 0.165246 0.0934095 0.0893582 0.0629535 0.0614946 0.0118221
threshold=12.45688861886447 1.0000000180025095e-35 22.026905093556206 8.1586406873821442 1.0000000180025095e-35 15.037886921495934 17.63419262555173 17.767127728884329 15.254933508041164 17.441706758967673 7.9642520510864259 17.44445733465751
decision_type=2 2 2 2 2 2 2 2 2 2 2 2
left_child=1 3 4 -1 5 -2 9 8 -6 -7 -3 -10
right_child=2 10 -4 -5 7 6 -8 -9 11 -11 -12 -13
leaf_value=-0.037848373358236431 0.00019150493077624446 -0.00022245411186400303 -0.0034663252612042099 -0.02997531715077871 0.08337691441999584 0.053200464146035499 0.045912621368853018 0.093157802547901486 0.18349183616331829 0.05393374583568164 0.0022492628888218431 0.17365519818930614
leaf_weight=103 168 102 162 103 165 115 139 145 100 113 119 100
leaf_count=103 168 102 162 103 165 115 139 145 100 113 119 100
internal_value=0.000685015 -0.0034229 0.0021399 -0.00710145 0.00255736 0.00181903 0.00240489 0.00332681 0.00375683 0.00323144 2.25227e-05 0.00447761
internal_weight=1634 427 1207 206 1045 535 367 510 365 228 221 200
internal_count=1634 427 1207 206 1045 535 367 510 365 228 221 200
is_linear=0
shrinkage=0.05


Tree=22
num_leaves=12
num_cat=0
split_feature=4 1 5 4 1 4 5 2 4 0 5
split_gain=3.73895 2.16988 0.494655 0.460694 0.26438 0.230467 0.218248 0.179783 0.0769839 0.0883907 0.0614946
threshold=12.45688861886447 1.0000000180025095e-35 22.026905093556206 8.1586406873821442 1.0000000180025095e-35 16.138830992772899 14.440581990591863 11.500000000000002 17.767127728884329 2.5000000000000004 7.9642520510864259
decision_type=2 2 2 2 2 2 2 2 2 2 2
left_child=1 3 4 -1 5 6 -2 -7 9 -6 -3
right_child=2 10 -4 -5 8 7 -8 -9 -10 -11 -12
leaf_value=-0.035955954690324622 0.013646548480954469 -0.00021133140627082239 -0.0032930089981440015 -0.028476551293239769 0.16590791895532889 0.033962072357361088 -0.0019963935995681234 0.079049786634666719 0.088499912420506407 0.08626889590969973 0.0021367997443807545
leaf_weight=103 102 102 162 103 180 163 114 156 145 185 119
leaf_count=103 102 102 162 103 180 163 114 156 145 185 119
internal_value=0.000593272 -0.0034229 0.00201573 -0.00710145 0.00241396 0.00163246 0.000368664 0.00248438 0.00322896 0.00362022 2.25227e-05
internal_weight=1634 427 1207 206 1045 535 216 319 510 365 221
internal_count=1634 427 1207 206 1045 535 216 319 510 365 221
is_linear=0
shrinkage=0.05


Tree=23
num_leaves=11
num_cat=0
split_feature=4 1 4 5 1 4 2 4 0 5
split_gain=3.58734 1.77149 0.783323 0.485555 0.249281 0.250266 0.179783 0.116861 0.0644873 0.0363431
threshold=13.228987892569622 1.0000000180025095e-35 8.1805245558975042 22.026905093556206 1.0000000180025095e-35 16.138830992772899 11.500000000000002 17.749793744223719 2.5000000000000004 7.9642520510864259
decision_type=2 2 2 2 2 2 2 2 2 2
left_child=1 2 -1 4 5 -2 -7 8 -6 -3
right_child=3 9 -4 -5 7 6 -8 -9 -10 -11
leaf_value=-0.035653752020715801 0.011793999882883766 -0.00020076483595729192 -0.0061643217215561659 -0.0031283585482368131 0.15931952474047911 0.032263968739492999 0.075097297302933408 0.082577353076579971 0.084261452184786187 0.0017775108743169456
leaf_weight=115 199 102 108 162 173 163 156 151 175 130
leaf_count=115 199 102 108 162 173 163 156 151 175 130
internal_value=0.00053211 -0.00323465 -0.00640625 0.00198729 0.00239195 0.0016185 0.00248438 0.00319 0.00369628 -0.000171674
internal_weight=1634 455 223 1179 1017 518 319 499 348 232
internal_count=1634 455 223 1179 1017 518 319 499 348 232
is_linear=0
shrinkage=0.05


Tree=24
num_leaves=11
num_cat=0
split_feature=4 1 4 5 1 4 4 2 4 5
split_gain=3.41485 1.77149 0.783323 0.43821 0.2801 0.185789 0.0974749 0.095969 0.0826395 0.0363431
threshold=13.228987892569622 1.0000000180025095e-35 8.1805245558975042 22.026905093556206 1.0000000180025095e-35 16.138830992772899 17.749793744223719 11.500000000000002 15.805534534133692 7.9642520510864259
decision_type=2 2 2 2 2 2 2 2 2 2
left_child=1 2 -1 4 5 -2 8 -7 -6 -3
right_child=3 9 -4 -5 6 7 -8 -9 -10 -11
leaf_value=-0.033871064419680012 0.0112042998887396 -0.00019072659415940907 -0.0058561056354783595 -0.0029719406208249788 0.078721907446247213 0.030650770302518372 0.078448485422750958 0.071342432437786721 0.15504777143066895 0.0016886353306011072
leaf_weight=115 199 102 108 162 182 163 151 156 166 130
leaf_count=115 199 102 108 162 182 163 151 156 166 130
internal_value=0.000440367 -0.00323465 -0.00640625 0.00186017 0.0022446 0.00142582 0.00309 0.00217188 0.00355301 -0.000171674
internal_weight=1634 455 223 1179 1017 518 499 319 348 232
internal_count=1634 455 223 1179 1017 518 499 319 348 232
is_linear=0
shrinkage=0.05


Tree=25
num_leaves=13
num_cat=0
split_feature=4 1 4 5 1 4 5 3 4 3 4 5
split_gain=2.91052 1.7509 0.565543 0.389433 0.229016 0.139571 0.218248 0.124213 0.103243 0.0858781 0.0739335 0.0614946
threshold=12.45688861886447 1.0000000180025095e-35 8.1586406873821442 22.026905093556206 1.0000000180025095e-35 16.138830992772899 14.440581990591863 3.5000000000000004 15.805534534133692 2.5000000000000004 17.553446582306879 7.9642520510864259
decision_type=2 2 2 2 2 2 2 2 2 2 2 2
left_child=1 2 -1 4 5 6 -2 8 -6 -7 -10 -3
right_child=3 11 -4 -5 7 9 -8 -9 10 -11 -12 -13
leaf_value=-0.030681916133788612 0.011814306068325642 -0.00018119026445146037 -0.025876658032882516 -0.0028233435897837542 0.075670126607179339 0.062665327051315889 -0.0026305994751070049 0.050388432781628224 0.14841438524458306 0.029747141838032488 0.15333175244274888 0.0018566524469158048
leaf_weight=103 102 102 103 162 144 162 114 128 104 157 134 119
leaf_count=103 102 102 103 162 144 162 114 128 104 157 134 119
internal_value=0.000470948 -0.00307243 -0.00637681 0.00172599 0.00207935 0.00135261 0.000368664 0.00283757 0.00328982 0.00201563 0.00393305 2.25227e-05
internal_weight=1634 427 206 1207 1045 535 216 510 382 319 238 221
internal_count=1634 427 206 1207 1045 535 216 510 382 319 238 221
is_linear=0
shrinkage=0.05


Tree=26
num_leaves=12
num_cat=0
split_feature=4 1 4 5 1 4 2 4 3 4 5
split_gain=3.05092 1.6469 0.673039 0.37886 0.215613 0.157145 0.1181 0.0898 0.0858781 0.0765569 0.0363431
threshold=13.228987892569622 1.0000000180025095e-35 8.1805245558975042 22.026905093556206 1.0000000180025095e-35 16.138830992772899 9.5000000000000018 17.749793744223719 2.5000000000000004 15.805534534133692 7.9642520510864259
decision_type=2 2 2 2 2 2 2 2 2 2 2
left_child=1 2 -1 4 5 -2 -6 9 -7 -8 -3
right_child=3 10 -4 -5 6 8 7 -9 -10 -11 -12
leaf_value=-0.030739520594838945 0.010053369590886367 -0.00017213075122887356 -0.0042694674520602936 -0.0026821764102945775 0.069820012861465872 0.059532060698750056 0.074981721687237601 0.077289024530799513 0.028259784746130823 0.16566891360097369 0.0015113709417252431
leaf_weight=115 199 102 108 162 109 162 141 118 157 131 130
leaf_count=115 199 102 108 162 109 162 141 118 157 131 130
internal_value=0.000348624 -0.003125 -0.00618304 0.00169068 0.00204813 0.00132948 0.00279 0.00319693 0.00201563 0.00369963 -0.000171674
internal_weight=1634 455 223 1179 1017 518 499 390 319 272 232
internal_count=1634 455 223 1179 1017 518 499 390 319 272 232
is_linear=0
shrinkage=0.05


Tree=27
num_leaves=12
num_cat=0
split_feature=4 1 4 5 1 4 3 5 3 4 5
split_gain=2.72836 1.41134 0.477411 0.373663 0.224444 0.22267 0.12061 0.117383 0.0441674 0.0772456 0.0363431
threshold=13.228987892569622 1.0000000180025095e-35 8.1805245558975042 20.976234456239897 1.0000000180025095e-35 17.494653818684906 2.5000000000000004 15.151302122594515 3.5000000000000004 15.805534534133692 7.9642520510864259
decision_type=2 2 2 2 2 2 2 2 2 2 2
left_child=1 2 -1 4 5 7 -5 -2 9 -6 -3
right_child=3 10 -4 6 8 -7 -8 -9 -10 -11 -12
leaf_value=-0.029202544565097001 0.028362154093042592 -0.00016352421366744497 -0.0040559940794572926 -0.0037576621507013708 0.069983589299853141 0.044788924089281527 0.083136243713220162 -0.002974109999594471 0.063783871481041435 0.14174287928401685 0.0014358023946389855
leaf_weight=115 168 102 108 198 138 149 138 115 105 168 130
leaf_count=115 168 102 108 198 138 149 138 115 105 168 130
internal_value=0.000379205 -0.0029057 -0.00573661 0.00164831 0.00220972 0.00140878 0.000237389 0.000580986 0.00304612 0.00335505 -0.000171674
internal_weight=1634 455 223 1179 843 432 336 283 411 306 232
internal_count=1634 455 223 1179 843 432 336 283 411 306 232
is_linear=0
shrinkage=0.05


Tree=28
num_leaves=13
num_cat=0
split_feature=4 1 4 5 4 3 1 3 5 1 3 5
split_gain=2.38457 1.41134 0.477411 0.338353 0.231389 0.208996 0.16717 0.135504 0.13546 0.12617 0.0388009 0.0363431
threshold=13.228987892569622 1.0000000180025095e-35 8.1805245558975042 17.627318833605639 17.494653818684906 2.5000000000000004 1.0000000180025095e-35 2.5000000000000004 21.503989619894789 1.0000000180025095e-35 2.5000000000000004 7.9642520510864259
decision_type=2 2 2 2 2 2 2 2 2 2 2 2
left_child=1 2 -1 4 6 9 7 -2 -7 -5 -8 -3
right_child=3 11 -4 5 -6 8 10 -9 -10 -11 -12 -13
leaf_value=-0.027742417336842164 0.020563844864564459 -0.00015534800298405894 -0.0038531943754844368 -0.026700232184918488 0.096415248154593333 0.0032716325019879742 0.074457515930340876 -0.0032955077975258575 0.088033592610456665 0.07792779429791917 0.078678913768958914 0.0013640122749070561
leaf_weight=115 160 102 108 115 178 102 157 114 107 119 127 130
leaf_count=115 160 102 108 115 178 102 157 114 107 119 127 130
internal_value=0.000165138 -0.0029057 -0.00573661 0.0013517 0.00200814 0.000259009 0.00150268 0.000618182 0.00140476 -0.000765957 0.00235088 -0.000171674
internal_weight=1634 455 223 1179 736 443 558 274 209 234 284 232
internal_count=1634 455 223 1179 736 443 558 274 209 234 284 232
is_linear=0
shrinkage=0.05


Tree=29
num_leaves=14
num_cat=0
split_feature=4 1 5 4 4 5 1 3 5 1 4 4 5
split_gain=2.05714 1.37683 0.37423 0.294975 0.23623 0.179596 0.186976 0.169228 0.187061 0.12617 0.0640663 0.0622058 0.0614946
threshold=12.45688861886447 1.0000000180025095e-35 17.627318833605639 8.1586406873821442 17.494653818684906 14.202021404250479 1.0000000180025095e-35 2.5000000000000004 21.503989619894789 1.0000000180025095e-35 15.805534534133692 15.037886921495934 7.9642520510864259
decision_type=2 2 2 2 2 2 2 2 2 2 2 2 2
left_child=1 3 4 -1 5 -2 11 9 -9 -4 -8 -7 -3
right_child=2 12 7 -5 -6 6 10 8 -10 -11 -12 -13 -14
leaf_value=-0.024763596202260277 0.063240066067879949 -0.00014758060283485332 -0.025365220575672573 -0.02205631765508094 0.09159448574686363 -0.0050880864100249059 0.040799752471039535 -0.00015848689109665138 0.083631912979933817 0.074031404583023222 0.10028499766956207 0.0052618264872555187 0.0015482605440064606
leaf_weight=103 116 102 115 103 178 122 136 103 107 119 101 110 119
leaf_count=103 116 102 115 103 178 122 136 103 107 119 101 110 119
internal_value=0.000256881 -0.00272196 0.00131209 -0.00565217 0.00198298 0.00149317 0.00105319 0.000157304 0.00118483 -0.000765957 0.00203782 4.29186e-05 2.25227e-05
internal_weight=1634 427 1207 206 763 585 469 444 210 234 237 232 221
internal_count=1634 427 1207 206 763 585 469 444 210 234 237 232 221
is_linear=0
shrinkage=0.05


Tree=30
num_leaves=13
num_cat=0
split_feature=4 1 4 4 5 4 5 3 1 4 5 5
split_gain=2.07433 1.09207 0.399242 0.280483 0.244071 0.277115 0.239258 0.171746 0.169711 0.115048 0.162853 0.0363431
threshold=13.228987892569622 1.0000000180025095e-35 8.1805245558975042 21.722876910903697 14.202021404250479 16.138830992772899 17.437626767383044 3.5000000000000004 1.0000000180025095e-35 20.562915444313223 17.597581485441122 7.9642520510864259
decision_type=2 2 2 2 2 2 2 2 2 2 2 2
left_child=1 2 -1 4 -2 8 -7 9 -6 10 -8 -3
right_child=3 11 -4 -5 5 6 7 -9 -10 -11 -12 -13
leaf_value=-0.025171262253825329 0.071479642352406322 -0.0001402015726930902 -0.0032726169755362502 -0.0086480594865459334 -0.0051218185799971451 0.091038729786888539 0.031515761457347746 0.0063723188650736803 0.040429452158879407 0.075288225247294199 0.088137886719868927 0.0012183986339613817
leaf_weight=115 104 102 108 174 161 116 112 118 142 136 116 130
leaf_count=115 104 102 108 174 161 116 112 118 142 136 116 130
internal_value=0.000287462 -0.00257675 -0.00506696 0.00139407 0.00171471 0.00144679 0.00207012 0.0015735 0.000213816 0.00210959 0.00279476 -0.000171674
internal_weight=1634 455 223 1179 1005 901 598 482 303 364 228 232
internal_count=1634 455 223 1179 1005 901 598 482 303 364 228 232
is_linear=0
shrinkage=0.05


Tree=31
num_leaves=13
num_cat=0
split_feature=4 1 5 4 4 1 3 3 5 1 3 5
split_gain=1.83434 0.994737 0.356021 0.321594 0.211009 0.19733 0.248996 0.165676 0.192714 0.12617 0.0742027 0.0363431
threshold=13.228987892569622 1.0000000180025095e-35 17.627318833605639 8.1805245558975042 17.716777754543248 1.0000000180025095e-35 2.5000000000000004 2.5000000000000004 21.503989619894789 1.0000000180025095e-35 2.5000000000000004 7.9642520510864259
decision_type=2 2 2 2 2 2 2 2 2 2 2 2
left_child=1 3 4 -1 5 6 -2 9 -9 -4 -7 -3
right_child=2 11 7 -5 -6 10 -8 8 -10 -11 -12 -13
leaf_value=-0.023912699141134072 0.028247373350357194 -0.00013319149405845076 -0.025449070177410639 -0.0031089861267594313 0.098100558654905537 0.065800318929621335 -0.0044930002928439917 -0.00088209065998308975 0.079432108836090698 0.066890798629031231 0.074063398469791861 0.001157478702263326
leaf_weight=115 179 102 115 108 105 169 135 102 107 119 148 130
leaf_count=115 179 102 115 108 105 169 135 102 107 119 148 130
internal_value=0.0002263 -0.00246711 0.00126695 -0.00484375 0.0019403 0.00159019 0.000698413 0.000146397 0.00116667 -0.000765957 0.00246855 -0.000171674
internal_weight=1634 455 1179 223 736 631 314 443 209 234 317 232
internal_count=1634 455 1179 223 736 631 314 443 209 234 317 232
is_linear=0
shrinkage=0.05


Tree=32
num_leaves=13
num_cat=0
split_feature=4 1 5 4 4 1 3 3 5 1 3 5
split_gain=1.79295 0.994737 0.329597 0.321594 0.225239 0.234593 0.202646 0.165676 0.192714 0.12617 0.0742027 0.0363431
threshold=13.228987892569622 1.0000000180025095e-35 17.627318833605639 8.1805245558975042 17.716777754543248 1.0000000180025095e-35 2.5000000000000004 2.5000000000000004 21.503989619894789 1.0000000180025095e-35 2.5000000000000004 7.9642520510864259
decision_type=2 2 2 2 2 2 2 2 2 2 2 2
left_child=1 3 4 -1 5 6 -2 9 -9 -4 -7 -3
right_child=2 11 7 -5 -6 10 -8 8 -10 -11 -12 -13
leaf_value=-0.022717064184077349 0.026835004682839333 -0.00012653191935551222 -0.02417661666854011 -0.00295353682042148 0.093195530722160247 0.06251030298314024 -0.0042683502782018337 -0.00083798612698392227 0.075460503394286144 0.063546258697579724 0.070360228546302306 0.0010996047671501419
leaf_weight=115 179 102 115 108 105 169 135 102 107 119 148 130
leaf_count=115 179 102 115 108 105 169 135 102 107 119 148 130
internal_value=0.000195719 -0.00246711 0.00122458 -0.00484375 0.00187246 0.00151108 0.000539683 0.000146397 0.00116667 -0.000765957 0.00246855 -0.000171674
internal_weight=1634 455 1179 223 736 631 314 443 209 234 317 232
internal_count=1634 455 1179 223 736 631 314 443 209 234 317 232
is_linear=0
shrinkage=0.05


Tree=33
num_leaves=13
num_cat=0
split_feature=4 1 5 4 4 1 2 3 5 1 3 5
split_gain=1.64832 0.901942 0.304191 0.252259 0.23992 0.275041 0.21603 0.165676 0.192714 0.12617 0.0742027 0.0363431
threshold=13.228987892569622 1.0000000180025095e-35 17.627318833605639 8.1805245558975042 17.716777754543248 1.0000000180025095e-35 10.500000000000002 2.5000000000000004 21.503989619894789 1.0000000180025095e-35 2.5000000000000004 7.9642520510864259
decision_type=2 2 2 2 2 2 2 2 2 2 2 2
left_child=1 3 4 -1 5 6 -2 9 -9 -4 -7 -3
right_child=2 11 7 -5 -6 10 -8 8 -10 -11 -12 -13
leaf_value=-0.021581210974873463 0.035651800944828616 -0.00012020532338773615 -0.022967785835113084 -0.0028058599794003971 0.088535754186052196 0.059384787833983224 -0.0023052783508104003 -0.00079608682063475329 0.071687478224571818 0.060368945762700743 0.066842217118987177 0.0010446245287926371
leaf_weight=115 153 102 115 108 105 169 161 102 107 119 148 130
leaf_count=115 153 102 115 108 105 169 161 102 107 119 148 130
internal_value=0.000195719 -0.00235746 0.0011822 -0.00462054 0.00180461 0.00143196 0.000380953 0.000146397 0.00116667 -0.000765957 0.00246855 -0.000171674
internal_weight=1634 455 1179 223 736 631 314 443 209 234 317 232
internal_count=1634 455 1179 223 736 631 314 443 209 234 317 232
is_linear=0
shrinkage=0.05


Tree=34
num_leaves=14
num_cat=0
split_feature=4 1 5 5 5 1 3 4 3 5 5 5 4
split_gain=1.50978 0.81369 0.279313 0.211265 0.244379 0.205231 0.217081 0.191237 0.131185 0.192714 0.085261 0.0363431 0.0313626
threshold=13.228987892569622 1.0000000180025095e-35 14.202021404250479 14.542063893871431 17.627318833605639 1.0000000180025095e-35 2.5000000000000004 8.1805245558975042 2.5000000000000004 21.503989619894789 21.225153079309965 7.9642520510864259 17.169609444916777
decision_type=2 2 2 2 2 2 2 2 2 2 2 2 2
left_child=1 7 -2 -4 5 6 -5 -1 10 -10 -6 -3 -7
right_child=2 11 3 4 8 12 -8 -9 9 -11 -12 -13 -14
leaf_value=-0.020502150426129795 0.064344689224239457 -0.00011419505721835999 -0.011452403529618184 0.037200034361489685 0.067433345921168869 0.078951760285862232 -0.001292601986658929 -0.002665566980430393 -0.00075628247960298498 0.068103104313343238 -0.035417855248029338 0.00099239330235301182 0.10938651752936301
leaf_weight=115 107 102 104 155 101 129 112 108 102 107 133 130 129
leaf_count=115 107 102 104 155 101 129 112 108 102 107 133 130 129
internal_value=0.000195719 -0.00224781 0.00113983 0.000894688 0.00112487 0.00185361 0.000876866 -0.00439732 0.000259009 0.00116667 -0.000553191 -0.000171674 0.00285714
internal_weight=1634 455 1179 1072 968 525 267 223 443 209 234 232 258
internal_count=1634 455 1179 1072 968 525 267 223 443 209 234 232 258
is_linear=0
shrinkage=0.05


Tree=35
num_leaves=13
num_cat=0
split_feature=4 1 1 4 4 4 4 2 3 4 5 5
split_gain=1.28554 0.650815 0.213483 0.264081 0.19644 0.126381 0.273897 0.347241 0.10915 0.151897 0.070569 0.0363431
threshold=13.228987892569622 1.0000000180025095e-35 1.0000000180025095e-35 20.562915444313223 8.1805245558975042 21.487184196686798 17.759150314908073 11.500000000000002 3.5000000000000004 15.805534534133692 14.968434578164022 7.9642520510864259
decision_type=2 2 2 2 2 2 2 2 2 2 2 2
left_child=1 4 5 8 -1 6 7 10 9 -4 -2 -3
right_child=2 11 3 -5 -6 -7 -8 -9 -10 -11 -12 -13
leaf_value=-0.019477042904823303 0.034172647683869753 -0.00010848530435744375 0.046902136842842064 0.018604399739043393 -0.0025322886314088893 -0.043219699492322405 0.072532598746279472 -0.0042222613362829986 0.032759997427603153 0.10896222464626526 0.010359039691875467 0.00094277363723538343
leaf_weight=115 104 102 139 176 108 106 146 118 102 159 129 130
leaf_count=115 104 102 139 176 108 106 146 118 102 159 129 130
internal_value=0.0002263 -0.00202851 0.00109746 0.0017851 -0.00395089 0.000438742 0.000773093 1.42047e-05 0.00249377 0.00297659 0.00113248 -0.000171674
internal_weight=1634 455 1179 576 223 603 497 351 400 298 233 232
internal_count=1634 455 1179 576 223 603 497 351 400 298 233 232
is_linear=0
shrinkage=0.05


Tree=36
num_leaves=13
num_cat=0
split_feature=4 1 1 4 4 3 4 4 4 2 5 5
split_gain=1.06621 0.576191 0.331808 0.264081 0.143115 0.10915 0.151897 0.0785237 0.196099 0.26351 0.0636337 0.0363431
threshold=13.228987892569622 1.0000000180025095e-35 1.0000000180025095e-35 20.562915444313223 8.1805245558975042 3.5000000000000004 15.805534534133692 21.487184196686798 17.759150314908073 11.500000000000002 14.968434578164022 7.9642520510864259
decision_type=2 2 2 2 2 2 2 2 2 2 2 2
left_child=1 4 7 5 -1 6 -4 8 9 10 -2 -3
right_child=2 11 3 -5 -6 -7 -8 -9 -10 -11 -12 -13
leaf_value=-0.018503190759582153 0.032464015299676297 -0.00010306103913956444 0.044557030000699958 0.017674179752091217 -0.0024056741998384405 0.031121997556223042 0.10351411341395196 -0.041058714517706291 0.068905968808965476 -0.0040111482694688587 0.0098410877072816778 0.00089563495537361428
leaf_weight=115 104 102 139 176 108 102 159 106 146 118 129 130
leaf_count=115 104 102 139 176 108 102 159 106 146 118 129 130
internal_value=0.000134557 -0.00191886 0.000927966 0.0017851 -0.00372768 0.00249377 0.00297659 0.000107616 0.000371486 -0.000269886 0.000705128 -0.000171674
internal_weight=1634 455 1179 576 223 400 298 603 497 351 233 232
internal_count=1634 455 1179 576 223 400 298 603 497 351 233 232
is_linear=0
shrinkage=0.05


Tree=37
num_leaves=13
num_cat=0
split_feature=4 1 1 4 3 4 4 4 2 5 4 5
split_gain=0.908261 0.44057 0.331808 0.264081 0.10915 0.151897 0.0785237 0.196099 0.26351 0.0636337 0.0614031 0.0363431
threshold=13.228987892569622 1.0000000180025095e-35 1.0000000180025095e-35 20.562915444313223 3.5000000000000004 15.805534534133692 21.487184196686798 17.759150314908073 11.500000000000002 14.968434578164022 8.1805245558975042 7.9642520510864259
decision_type=2 2 2 2 2 2 2 2 2 2 2 2
left_child=1 10 6 4 5 -4 7 8 9 -2 -1 -3
right_child=2 11 3 -5 -6 -7 -8 -9 -10 -11 -12 -13
leaf_value=-0.017578031221603039 0.030840814534692441 -9.7907987182601299e-05 0.042329178500664963 0.016790470764486625 0.029565897678411886 0.098338407743254336 -0.039005778791820989 0.065460670368517257 -0.0038105908559954577 0.0093490333219176172 -0.0022853904898465097 0.00085085320760494023
leaf_weight=115 104 102 139 176 102 159 106 146 118 129 108 130
leaf_count=115 104 102 139 176 102 159 106 146 118 129 108 130
internal_value=0.000195719 -0.00169956 0.000927966 0.0017851 0.00249377 0.00297659 0.000107616 0.000371486 -0.000269886 0.000705128 -0.00328125 -0.000171674
internal_weight=1634 455 1179 576 400 298 603 497 351 233 223 232
internal_count=1634 455 1179 576 400 298 603 497 351 233 223 232
is_linear=0
shrinkage=0.05


Tree=38
num_leaves=13
num_cat=0
split_feature=4 1 1 4 3 4 4 4 4 2 5 5
split_gain=0.834031 0.379574 0.331808 0.264081 0.10915 0.151897 0.10195 0.0785237 0.196099 0.26351 0.0636337 0.0363431
threshold=13.228987892569622 1.0000000180025095e-35 1.0000000180025095e-35 20.562915444313223 3.5000000000000004 15.805534534133692 8.1805245558975042 21.487184196686798 17.759150314908073 11.500000000000002 14.968434578164022 7.9642520510864259
decision_type=2 2 2 2 2 2 2 2 2 2 2 2
left_child=1 6 7 4 5 -4 -1 8 9 10 -2 -3
right_child=2 11 3 -5 -6 -7 -8 -9 -10 -11 -12 -13
leaf_value=-0.016699129660522869 0.029298773807957857 -9.3012587823472999e-05 0.040212719575631689 0.015950947226262262 0.028087602794491313 0.093421487356091626 -0.0021711209653541932 -0.03705548985222995 0.062187636850091356 -0.0036200613131957132 0.0088815816558217211 0.00080831054722469993
leaf_weight=115 104 102 139 176 102 159 108 106 146 118 129 130
leaf_count=115 104 102 139 176 102 159 108 106 146 118 129 130
internal_value=0.0002263 -0.00158991 0.000927966 0.0017851 0.00249377 0.00297659 -0.00305804 0.000107616 0.000371486 -0.000269886 0.000705128 -0.000171674
internal_weight=1634 455 1179 576 400 298 223 603 497 351 233 232
internal_count=1634 455 1179 576 400 298 223 603 497 351 233 232
is_linear=0
shrinkage=0.05


Tree=39
num_leaves=15
num_cat=0
split_feature=4 5 1 5 5 5 5 5 3 5 1 4 5 5
split_gain=0.736357 0.341189 0.32312 0.252312 0.268583 0.25687 0.192672 0.400482 0.127375 0.259861 0.12617 0.0815861 0.0791352 0.0363431
threshold=13.228987892569622 14.202021404250479 1.0000000180025095e-35 14.542063893871431 17.437626767383044 16.263562344318185 17.557638088725806 17.627318833605639 2.5000000000000004 21.503989619894789 1.0000000180025095e-35 14.980510516165747 7.9642520510864259 7.9642520510864259
decision_type=2 2 2 2 2 2 2 2 2 2 2 2 2 2
left_child=2 -2 12 -3 5 11 -6 -8 10 -10 -9 -5 -1 -4
right_child=1 3 13 4 6 -7 7 8 9 -11 -12 -13 -14 -15
leaf_value=-0.014236153786697237 0.054788642196717779 -0.01721859591944699 -8.8361958432283343e-05 0.066525560160181615 -0.0034895559120527368 0.069571192982647648 0.078177399089028363 -0.029106220438989611 -0.004109873388539821 0.064812074481425549 0.038147690037646918 0.0098748118108449544 -0.0024173072879945696 0.00076789501986347381
leaf_weight=101 107 104 102 101 114 108 102 115 102 107 119 100 122 130
leaf_count=101 107 104 102 101 114 108 102 115 102 107 119 100 122 130
internal_value=0.0002263 0.000885593 -0.00148026 0.000615098 0.000866873 0.00208065 0.000295455 0.000686813 3.3784e-05 0.000928572 -0.000765957 0.00101485 -0.00283482 -0.000171674
internal_weight=1634 1179 455 1072 968 309 659 545 443 209 234 201 223 232
internal_count=1634 1179 455 1072 968 309 659 545 443 209 234 201 223 232
is_linear=0
shrinkage=0.05


Tree=40
num_leaves=14
num_cat=0
split_feature=4 3 1 4 5 5 4 4 4 2 4 5 4
split_gain=0.644763 0.357334 0.26678 0.255635 0.864576 0.242872 0.128706 0.0785237 0.196099 0.26351 0.0660137 0.0636337 0.0244803
threshold=13.228987892569622 3.5000000000000004 1.0000000180025095e-35 8.3979610008433561 7.9355152145495547 17.627318833605639 17.169609444916777 21.487184196686798 17.759150314908073 11.500000000000002 14.945092928598678 14.968434578164022 21.463358516315328
decision_type=2 2 2 2 2 2 2 2 2 2 2 2 2
left_child=1 3 7 4 -1 6 10 8 9 11 -4 -2 -7
right_child=2 -3 5 -5 -6 12 -8 -9 -10 -11 -12 -13 -14
leaf_value=-0.016478952409425342 0.026942241608057783 0.0058925629825279545 0.038371369288643563 -0.036890888518773535 0.0034671709716699271 0.0014061370740490438 0.097280930420800646 -0.033747404337668964 0.055503518023935307 -0.0038052314766020483 0.048368205358580357 0.0083271738686827041 0.044283519792101815
leaf_weight=135 104 105 118 109 106 104 142 106 146 118 105 129 107
leaf_count=135 104 105 118 109 106 104 142 106 146 118 105 129 107
internal_value=0.0002263 -0.00137061 0.000843221 -0.00213675 -0.00121901 0.00161179 0.00239071 0.000107616 0.000371486 -0.000269886 0.00162946 0.000705128 0.000259434
internal_weight=1634 455 1179 350 241 576 365 603 497 351 223 233 211
internal_count=1634 455 1179 350 241 576 365 603 497 351 223 233 211
is_linear=0
shrinkage=0.05


Tree=41
num_leaves=12
num_cat=0
split_feature=4 1 5 5 4 5 4 2 5 5 4
split_gain=0.547209 0.439676 0.406985 0.168899 0.207903 0.15084 0.12074 0.135304 0.109273 0.238884 0.0244803
threshold=7.6706841094773779 1.0000000180025095e-35 10.047943921666667 17.627318833605639 17.169609444916777 14.338504299003466 17.315272837679021 11.500000000000002 8.6088010765947907 14.290151156309724 21.463358516315328
decision_type=2 2 2 2 2 2 2 2 2 2 2
left_child=-1 2 -2 4 8 -4 -7 -8 -3 -10 -5
right_child=1 3 5 10 -6 6 7 -9 9 -11 -12
leaf_value=-0.0077803904566147806 -0.023135905396501174 0.0080485303048800656 0.012676291819212267 0.0013358302203465818 0.092416883899760577 -0.0037043252277321123 -0.0049457701367801232 0.046831569909928865 -0.016911833294385475 0.038723959208298062 0.042069343802496766
leaf_weight=112 152 124 103 104 142 172 185 161 107 165 107
leaf_count=112 152 124 103 104 142 172 185 161 107 165 107
internal_value=0.000348624 0.000597505 -0.000239018 0.00146 0.0019295 0.000329582 -1.92676e-05 0.000518732 0.00133501 0.000769231 0.000259434
internal_weight=1634 1522 773 749 538 621 518 346 396 272 211
internal_count=1634 1522 773 749 538 621 518 346 396 272 211
is_linear=0
shrinkage=0.05


Tree=42
num_leaves=12
num_cat=0
split_feature=1 0 5 5 5 5 4 5 4 2 4
split_gain=0.362322 0.236158 0.171782 0.119672 0.08329 0.0777403 0.190086 0.0696965 0.243705 0.122959 0.00265403
threshold=1.0000000180025095e-35 1.5000000000000002 10.047943921666667 14.440581990591863 17.437626767383044 8.6088010765947907 21.313257434312224 15.151302122594515 17.382193482405981 11.500000000000002 8.1586406873821442
decision_type=2 2 2 2 2 2 2 2 2 2 2
left_child=2 5 10 -3 -5 -2 -7 -4 -9 -10 -1
right_child=1 3 7 4 -6 6 -8 8 9 -11 -12
leaf_value=-0.012574192447945732 0.0027378141097841729 0.012470338395169055 0.013502697987888047 0.061088407537590067 0.075471473782793494 -0.015615042324360074 0.054558328419060678 -0.0035340015382588569 -0.0060986179825592455 0.047552799117616805 -0.021979110210109763
leaf_weight=103 179 115 194 154 134 101 125 101 172 154 102
leaf_count=103 179 115 194 154 134 101 125 101 172 154 102
internal_value=0.000409786 0.00116193 -0.000326481 0.00201733 0.00256055 0.000307882 -0.00030837 8.84246e-05 -0.000268691 0.000397554 -0.00157767
internal_weight=1634 808 826 403 288 405 226 621 427 326 205
internal_count=1634 808 826 403 288 405 226 621 427 326 205
is_linear=0
shrinkage=0.05


Tree=43
num_leaves=12
num_cat=0
split_feature=1 0 5 5 5 5 4 5 4 2 4
split_gain=0.362322 0.236158 0.171782 0.119672 0.08329 0.0777403 0.190086 0.0696965 0.243705 0.122959 0.00265403
threshold=1.0000000180025095e-35 1.5000000000000002 10.047943921666667 14.440581990591863 17.437626767383044 8.6088010765947907 21.313257434312224 15.151302122594515 17.382193482405981 11.500000000000002 8.1586406873821442
decision_type=2 2 2 2 2 2 2 2 2 2 2
left_child=2 5 10 -3 -5 -2 -7 -4 -9 -10 -1
right_child=1 3 7 4 -6 6 -8 8 9 -11 -12
leaf_value=-0.011945482825548458 0.0026009234042949831 0.011846821475410638 0.01282756308849361 0.0580339871607106 0.071697900093653844 -0.014834290208142054 0.051830411998107631 -0.0033573014613459289 -0.0057936870834312919 0.045175159161735999 -0.020880154699604289
leaf_weight=103 179 115 194 154 134 101 125 101 172 154 102
leaf_count=103 179 115 194 154 134 101 125 101 172 154 102
internal_value=0.000409786 0.00116193 -0.000326481 0.00201733 0.00256055 0.000307882 -0.00030837 8.84246e-05 -0.000268691 0.000397554 -0.00157767
internal_weight=1634 808 826 403 288 405 226 621 427 326 205
internal_count=1634 808 826 403 288 405 226 621 427 326 205
is_linear=0
shrinkage=0.05


Tree=44
num_leaves=12
num_cat=0
split_feature=1 4 5 4 5 3 5 4 2 4 5
split_gain=0.278242 0.239192 0.148489 0.238002 0.12538 0.0750483 0.0696965 0.243705 0.122959 0.0244803 0.0162463
threshold=1.0000000180025095e-35 8.1529604996624681 17.627318833605639 17.169609444916777 10.047943921666667 2.5000000000000004 15.151302122594515 17.382193482405981 11.500000000000002 21.463358516315328 7.9534949720159194
decision_type=2 2 2 2 2 2 2 2 2 2 2
left_child=4 -2 3 5 10 -3 -6 -8 -9 -4 -1
right_child=1 2 9 -5 6 -7 7 8 -10 -11 -12
leaf_value=-0.00013527069296048744 -0.0020999583949696454 0.005129822600640494 0.0027915053359543391 0.08043757101095024 0.012186184934068969 0.019006923059964955 -0.0031894363882786318 -0.0055040027292597542 0.042916401203649167 0.034646439591513478 -0.027994274069952415
leaf_weight=102 105 187 104 142 194 163 101 172 154 107 103
leaf_count=102 105 187 104 142 194 163 101 172 154 107 103
internal_value=0.000379205 0.00103832 0.00137074 0.00184584 -0.000266022 0.0011396 8.84246e-05 -0.000268691 0.000397554 0.000259434 -0.00133495
internal_weight=1634 808 703 492 826 350 621 427 326 211 205
internal_count=1634 808 703 492 826 350 621 427 326 211 205
is_linear=0
shrinkage=0.05


Tree=45
num_leaves=15
num_cat=0
split_feature=4 3 5 5 5 5 5 5 4 5 3 5 5 4
split_gain=0.268543 0.307813 0.270568 0.222999 0.265744 0.261826 0.255911 0.427024 0.208125 0.397031 0.161368 0.259861 0.177483 0.139881
threshold=13.228987892569622 3.5000000000000004 14.202021404250479 14.542063893871431 17.437626767383044 16.353959642641332 17.557638088725806 17.627318833605639 8.3979610008433561 7.9355152145495547 2.5000000000000004 21.503989619894789 22.026905093556206 14.994334206246153
decision_type=2 2 2 2 2 2 2 2 2 2 2 2 2 2
left_child=1 8 -2 -4 5 13 -6 -8 9 -1 12 -12 -9 -5
right_child=2 -3 3 4 6 -7 7 10 -10 -11 11 -13 -14 -15
leaf_value=-0.014328019901993786 0.048142461114995788 0.0064361693169442515 -0.020264415095360769 0.063060162449981347 -0.0073356228701070732 0.061054891073599821 0.072610457129981723 0.041598271144227025 -0.032949183877797397 0.0060603472132029663 -0.009458631143957898 0.060501578844643834 -0.035036202829423699 -0.0018982588669523627
leaf_weight=135 107 105 104 106 114 102 102 119 109 106 102 107 115 101
leaf_count=135 107 105 104 106 114 102 102 119 109 106 102 107 115 101
internal_value=0.000318043 -0.000712719 0.000716102 0.000475303 0.000712074 0.00191935 0.00014394 0.000595238 -0.0014245 -0.000599173 -7.88286e-05 0.000928572 -0.000978723 0.000889423
internal_weight=1634 455 1179 1072 968 309 659 545 350 241 443 209 234 207
internal_count=1634 455 1179 1072 968 309 659 545 350 241 443 209 234 207
is_linear=0
shrinkage=0.05


Tree=46
num_leaves=12
num_cat=0
split_feature=1 4 5 4 2 5 5 3 5 5 4
split_gain=0.228514 0.22608 0.130093 0.267072 0.079871 0.104641 0.130017 0.244947 0.380512 0.0747431 0.0244803
threshold=1.0000000180025095e-35 8.1529604996624681 17.627318833605639 17.169609444916777 12.500000000000002 8.0548907911097505 14.542063893871431 1.5000000000000002 17.584247711603496 14.109779591350213 21.463358516315328
decision_type=2 2 2 2 2 2 2 2 2 2 2
left_child=4 -2 3 9 5 -1 -7 -8 -9 -3 -4
right_child=1 2 10 -5 -6 6 7 8 -10 -11 -12
leaf_value=0.00097062687897701947 -0.0016863269804067737 0.014302923257932323 0.0020754579396439405 0.07486295918398668 0.033169960318238899 -0.017862542115472144 0.058471088707804986 -0.010509138815366194 0.03211248433512414 0.003816667112516377 0.029889038669705603
leaf_weight=132 105 157 104 142 145 183 120 116 130 193 107
leaf_count=132 105 157 104 142 145 183 120 116 130 193 107
internal_value=0.000379205 0.000976514 0.00129972 0.00174442 -0.000205562 -0.000432551 -0.000736363 -0.000190736 -0.00109312 0.000997151 0.000259434
internal_weight=1634 808 703 492 826 681 549 366 246 350 211
internal_count=1634 808 703 492 826 681 549 366 246 350 211
is_linear=0
shrinkage=0.05


Tree=47
num_leaves=13
num_cat=0
split_feature=0 3 5 3 4 5 3 4 5 5 1 5
split_gain=0.171467 0.307851 0.299979 0.323864 0.204769 0.236746 0.190647 0.125217 0.301731 0.288828 0.141185 0.0522414
threshold=1.5000000000000002 3.5000000000000004 14.109779591350213 3.5000000000000004 17.268519987134535 15.151302122594515 1.5000000000000002 20.472292505183088 8.1146864367708602 22.026905093556206 1.0000000180025095e-35 17.544388699806856
decision_type=2 2 2 2 2 2 2 2 2 2 2 2
left_child=1 7 -2 4 5 6 -4 8 10 -9 -1 -6
right_child=2 -3 3 -5 11 -7 -8 9 -10 -11 -12 -13
leaf_value=0.00088298569256966002 0.035593482724431212 0.011748129310398947 0.0038545403365539857 -0.0091647951095123453 0.059021887788444444 -0.0049202833801134799 0.042698863302278296 0.051522742198638866 -0.031871795071762028 -0.035057489617391094 -0.0053521388400564586 0.044377101861883733
leaf_weight=110 113 178 103 170 102 113 108 176 104 124 105 128
leaf_count=110 113 178 103 170 102 113 108 176 104 124 105 128
internal_value=0.000318043 -0.000206767 0.000817423 0.000441379 0.00102703 0.000215385 0.00120283 -0.000733871 -0.00142187 1.85646e-10 -0.000347222 0.0021645
internal_weight=1634 797 837 724 554 324 211 619 319 300 215 230
internal_count=1634 797 837 724 554 324 211 619 319 300 215 230
is_linear=0
shrinkage=0.05


Tree=48
num_leaves=13
num_cat=0
split_feature=1 0 4 5 5 4 5 5 2 2 4 5
split_gain=0.228514 0.144662 0.160987 0.0723149 0.178242 0.0722081 0.252514 0.197036 0.17085 0.0643878 0.0589885 0.068407
threshold=1.0000000180025095e-35 1.5000000000000002 17.195151817936829 8.0548907911097505 13.653429397916669 17.494653818684906 15.151302122594515 17.665320699778459 11.500000000000002 10.500000000000002 8.1529604996624681 19.992415925000003
decision_type=2 2 2 2 2 2 2 2 2 2 2 2
left_child=3 10 9 -1 -5 6 -6 -7 -9 -3 -2 -12
right_child=1 2 -4 4 5 7 -8 8 -10 -11 11 -13
leaf_value=0.00062436221723962684 -0.0013344036893836366 0.00075851229049822837 0.071914761112851208 -0.025358370605345584 0.010428845867427157 0.027141434088409324 -0.0061358406018066983 -0.045303062187174968 0.052295519335400158 0.052911043734022271 0.0074470994537959162 0.0022992181131370223
leaf_weight=133 105 121 148 102 161 107 122 101 100 134 118 182
leaf_count=133 105 121 148 102 161 107 122 101 100 134 118 182
internal_value=0.000379205 0.000976514 0.00164604 -0.000205562 -0.000410663 -7.60133e-05 -0.000651408 0.000453075 -0.000470297 0.000878906 0.000307882 0.000664452
internal_weight=1634 808 403 826 693 591 283 308 201 255 405 300
internal_count=1634 808 403 826 693 591 283 308 201 255 405 300
is_linear=0
shrinkage=0.05


Tree=49
num_leaves=13
num_cat=0
split_feature=1 0 4 5 5 5 4 5 2 4 5 2
split_gain=0.228011 0.172634 0.160987 0.0807507 0.165104 0.0720121 0.237648 0.120614 0.17085 0.067721 0.0917149 0.0643878
threshold=1.0000000180025095e-35 1.5000000000000002 17.195151817936829 8.0548907911097505 13.653429397916669 15.151302122594515 17.494653818684906 17.665320699778459 11.500000000000002 20.839014387792279 8.1698929417817485 10.500000000000002
decision_type=2 2 2 2 2 2 2 2 2 2 2 2
left_child=3 9 11 -1 -5 -6 -7 -8 -9 10 -2 -3
right_child=1 2 -4 4 5 6 7 8 -10 -11 -12 -13
leaf_value=0.00059314410637765222 0.0027031081559862444 0.00072058667597335872 0.068319023057208675 -0.02409045207507832 0.01358264165557886 -0.0058290485717163347 0.021661587283868272 -0.043037909077816211 0.049680743368630126 0.015119978567827623 -0.0125787298123624 0.050265491547321142
leaf_weight=133 154 121 148 102 164 122 104 101 100 151 100 134
leaf_count=133 154 121 148 102 164 122 104 101 100 151 100 134
internal_value=0.000318043 0.00091471 0.00164604 -0.000266022 -0.000482709 -0.000160473 -0.000502336 0.000245098 -0.000470297 0.000184729 -0.000313725 0.000878906
internal_weight=1634 808 403 826 693 591 427 305 201 405 254 255
internal_count=1634 808 403 826 693 591 427 305 201 405 254 255
is_linear=0
shrinkage=0.05


Tree=50
num_leaves=13
num_cat=0
split_feature=1 0 4 4 5 5 5 4 5 2 4 5
split_gain=0.183227 0.14462 0.181711 0.0896562 0.0723149 0.0994766 0.0720121 0.237648 0.120614 0.17085 0.067721 0.0917149
threshold=1.0000000180025095e-35 1.5000000000000002 17.211759895355819 15.037886921495934 8.0548907911097505 13.653429397916669 15.151302122594515 17.494653818684906 17.665320699778459 11.500000000000002 20.839014387792279 8.1698929417817485
decision_type=2 2 2 2 2 2 2 2 2 2 2 2
left_child=4 10 3 -3 -1 -6 -7 -8 -9 -10 11 -2
right_child=1 2 -4 -5 5 6 7 8 9 -11 -12 -13
leaf_value=0.00056348690105876285 0.0025679527481869521 0.025295928117265956 0.077344943035269578 -0.00011481626660239663 -0.022885929471324423 0.012903509572799961 -0.0055375961431305427 0.020578507919674888 -0.040886013623925382 0.047196706200198668 0.014363979639436223 -0.011949793321744291
leaf_weight=133 154 156 146 101 102 164 122 104 101 100 151 100
leaf_count=133 154 156 146 101 102 164 122 104 101 100 151 100
internal_value=0.000318043 0.000852905 0.00152228 0.000717054 -0.000205562 -0.000410663 -0.000160473 -0.000502336 0.000245098 -0.000470297 0.000184729 -0.000313725
internal_weight=1634 808 403 257 826 693 591 427 305 201 405 254
internal_count=1634 808 403 257 826 693 591 427 305 201 405 254
is_linear=0
shrinkage=0.05


Tree=51
num_leaves=12
num_cat=0
split_feature=1 4 4 4 5 5 5 4 5 2 5
split_gain=0.162457 0.131191 0.200775 0.173049 0.0723149 0.0994766 0.0720121 0.237648 0.120614 0.17085 0.0684795
threshold=1.0000000180025095e-35 14.544575566749907 20.562915444313223 17.211759895355819 8.0548907911097505 13.653429397916669 15.151302122594515 17.494653818684906 17.665320699778459 11.500000000000002 8.6088010765947907
decision_type=2 2 2 2 2 2 2 2 2 2 2
left_child=4 10 3 -3 -1 -6 -7 -8 -9 -10 -2
right_child=1 2 -4 -5 5 6 7 8 9 -11 -12
leaf_value=0.00053531255600582919 0.0034473665792120497 0.03331008659743831 0.0046526096985777489 0.069603503619879478 -0.021741632997758203 0.012258334094159979 -0.0052607163359740493 0.019549582523691152 -0.038841712942729111 0.04483687089018875 -0.012001784093637995
leaf_weight=133 179 183 176 163 102 164 122 104 101 100 107
leaf_count=133 179 183 176 163 102 164 122 104 101 100 107
internal_value=0.000287462 0.0007911 0.00126195 0.00195965 -0.000205562 -0.000410663 -0.000160473 -0.000502336 0.000245098 -0.000470297 -6.96862e-05
internal_weight=1634 808 522 346 826 693 591 427 305 201 286
internal_count=1634 808 522 346 826 693 591 427 305 201 286
is_linear=0
shrinkage=0.05


Tree=52
num_leaves=12
num_cat=0
split_feature=1 0 4 2 5 4 0 2 5 2 5
split_gain=0.107987 0.119037 0.158582 0.0729821 0.0643426 0.0638963 0.212164 0.12555 0.111021 0.0496355 0.0456981
threshold=1.0000000180025095e-35 1.5000000000000002 17.211759895355819 10.500000000000002 8.0548907911097505 17.494653818684906 2.5000000000000004 11.500000000000002 14.338504299003466 10.500000000000002 8.0278157527847238
decision_type=2 2 2 2 2 2 2 2 2 2 2
left_child=4 9 3 -3 -1 6 -6 -7 -8 10 -2
right_child=1 2 -4 -5 5 7 8 -9 -10 -11 -12
leaf_value=0.00050854692820552223 1.4424437621761433e-05 -0.00015063977599877573 0.069997520702512153 0.039804236411448334 -0.018083662582318291 -0.013837283965588521 0.0061284450428459687 0.036004329966978652 -0.0037422822575000751 -0.0008438923805528754 0.0083278271592750093
leaf_weight=133 104 121 146 136 169 165 100 147 112 160 141
leaf_count=133 104 121 146 136 169 165 100 147 112 160 141
internal_value=0.000256881 0.000667491 0.00127475 0.000523256 -0.000145103 -0.000338617 -0.000772251 0.000191693 0.00028169 6.15765e-05 0.00050813
internal_weight=1634 808 403 257 826 693 381 312 212 405 245
internal_count=1634 808 403 257 826 693 381 312 212 405 245
is_linear=0
shrinkage=0.05


Tree=53
num_leaves=12
num_cat=0
split_feature=1 0 4 2 5 4 0 2 5 2 5
split_gain=0.107987 0.119037 0.158582 0.0729821 0.0643426 0.0638963 0.212164 0.12555 0.111021 0.0496355 0.0456981
threshold=1.0000000180025095e-35 1.5000000000000002 17.211759895355819 10.500000000000002 8.0548907911097505 17.494653818684906 2.5000000000000004 11.500000000000002 14.338504299003466 10.500000000000002 8.0278157527847238
decision_type=2 2 2 2 2 2 2 2 2 2 2
left_child=4 9 3 -3 -1 6 -6 -7 -8 10 -2
right_child=1 2 -4 -5 5 7 8 -9 -10 -11 -12
leaf_value=0.00048311958179523277 1.3703215740655528e-05 -0.00014310778719882873 0.066497644667386502 0.037814024590875892 -0.017179479453202359 -0.013145419767309053 0.0058220227907036888 0.034204113468629734 -0.0035551681446250776 -0.00080169776152521754 0.007911435801311267
leaf_weight=133 104 121 146 136 169 165 100 147 112 160 141
leaf_count=133 104 121 146 136 169 165 100 147 112 160 141
internal_value=0.000256881 0.000667491 0.00127475 0.000523256 -0.000145103 -0.000338617 -0.000772251 0.000191693 0.00028169 6.15765e-05 0.00050813
internal_weight=1634 808 403 257 826 693 381 312 212 405 245
internal_count=1634 808 403 257 826 693 381 312 212 405 245
is_linear=0
shrinkage=0.05


Tree=54
num_leaves=13
num_cat=0
split_feature=1 0 4 2 5 5 5 4 5 2 2 5
split_gain=0.107641 0.0959855 0.110498 0.0729821 0.0723149 0.0994766 0.0720121 0.237648 0.120614 0.17085 0.0496355 0.0456981
threshold=1.0000000180025095e-35 1.5000000000000002 17.211759895355819 10.500000000000002 8.0548907911097505 13.653429397916669 15.151302122594515 17.494653818684906 17.665320699778459 11.500000000000002 10.500000000000002 8.0278157527847238
decision_type=2 2 2 2 2 2 2 2 2 2 2 2
left_child=4 10 3 -3 -1 -6 -7 -8 -9 -10 11 -2
right_child=1 2 -4 -5 5 6 7 8 9 -11 -12 -13
leaf_value=0.00045896360270547554 1.3018054953616022e-05 -0.00013595239783887022 0.063172762434017191 0.035923323361332089 -0.018891394246094276 0.011047893997774578 -0.0036592864950358312 0.018463370630769527 -0.035550492108947777 0.039084605173898952 -0.00076161287344896479 0.0075158640112456933
leaf_weight=133 104 121 146 136 102 164 122 104 101 100 160 141
leaf_count=133 104 121 146 136 102 164 122 104 101 100 160 141
internal_value=0.000195719 0.000605686 0.00115099 0.000523256 -0.000205562 -0.000410663 -0.000160473 -0.000502336 0.000245098 -0.000470297 6.15765e-05 0.00050813
internal_weight=1634 808 403 257 826 693 591 427 305 201 405 245
internal_count=1634 808 403 257 826 693 591 427 305 201 405 245
is_linear=0
shrinkage=0.05


Tree=55
num_leaves=12
num_cat=0
split_feature=5 5 5 3 5 5 4 3 4 4 3
split_gain=0.101973 0.510412 0.254493 0.143676 0.133663 0.186731 0.284092 0.241015 0.380711 0.180705 0.472858
threshold=10.047943921666667 14.109779591350213 8.1867033147119361 1.5000000000000002 14.542063893871431 15.151302122594515 17.268519987134535 1.0000000180025095e-35 17.681852942215702 20.839014387792279 2.5000000000000004
decision_type=2 2 2 2 2 2 2 2 2 2 2
left_child=2 -2 3 -1 -3 -6 -7 -8 -9 -10 -11
right_child=1 4 -4 -5 5 6 7 8 9 10 -12
leaf_value=-0.0020040210920040983 0.033478815854364019 -0.017049959802782115 -0.031314541309870929 0.0013271855018589579 0.050705618057166169 -0.0034656880350181041 0.097454514473518009 0.045001954815808633 -0.016112914042205547 -0.057423841267691761 0.050168779026647493
leaf_weight=133 112 133 105 182 135 160 107 158 155 117 137
leaf_count=133 112 133 105 182 135 160 107 158 155 117 137
internal_value=0.000195719 0.000427984 -0.000475059 0.000237342 9.97282e-05 0.000304124 2.39523e-05 0.000474074 6.16199e-05 -0.000743902 7.84316e-05
internal_weight=1634 1214 420 315 1102 969 834 674 567 409 254
internal_count=1634 1214 420 315 1102 969 834 674 567 409 254
is_linear=0
shrinkage=0.05


Tree=56
num_leaves=13
num_cat=0
split_feature=1 4 5 5 5 4 5 2 5 4 3 5
split_gain=0.124664 0.166048 0.0723149 0.0994766 0.0720121 0.237648 0.120614 0.17085 0.0658433 0.203966 0.0812431 0.0638798
threshold=1.0000000180025095e-35 8.1529604996624681 8.0548907911097505 13.653429397916669 15.151302122594515 17.494653818684906 17.665320699778459 11.500000000000002 17.618069444506563 17.315272837679021 2.5000000000000004 21.446624878282829
decision_type=2 2 2 2 2 2 2 2 2 2 2 2
left_child=2 -2 -1 -4 -5 -6 -7 -8 9 10 -3 -10
right_child=1 8 3 4 5 6 7 -9 11 -11 -12 -13
leaf_value=0.00036965614747725973 -0.0015564941164511953 0.00015486293226472174 -0.017784322583672671 0.011347997288024898 -0.0053016568334378639 0.01620682786031236 -0.036281406807138955 0.034953343940317176 -0.0046313489413775683 0.13556332868805571 0.018580102633527145 0.015782554307435758
leaf_weight=133 105 201 102 164 122 104 101 100 106 110 172 114
leaf_count=133 105 201 102 164 122 104 101 100 106 110 172 114
internal_value=0.0002263 0.000667491 -0.000205562 -0.000410663 -0.000160473 -0.000502336 0.000245098 -0.000470297 0.000944602 0.00127066 0.000708556 0.000226245
internal_weight=1634 808 826 693 591 427 305 201 703 483 373 220
internal_count=1634 808 826 693 591 427 305 201 703 483 373 220
is_linear=0
shrinkage=0.05


Tree=57
num_leaves=12
num_cat=0
split_feature=5 5 5 5 5 5 4 3 4 4 3
split_gain=0.0851847 0.497365 0.283778 0.219907 0.170046 0.164984 0.232078 0.304784 0.33646 0.215081 0.384443
threshold=10.047943921666667 14.109779591350213 8.1867033147119361 14.542063893871431 7.9355152145495547 15.151302122594515 17.315272837679021 1.0000000180025095e-35 17.681852942215702 20.839014387792279 2.5000000000000004
decision_type=2 2 2 2 2 2 2 2 2 2 2
left_child=2 -2 4 -3 -1 -5 -7 -8 -9 -10 -11
right_child=1 3 -4 5 -6 6 7 8 9 10 -12
leaf_value=-0.0032081347997729008 0.032382883972751228 -0.01683718280162539 -0.030309314439258623 0.047755491964660418 0.0099929750840220787 -0.0031408959041151654 0.097251495713723157 0.036255576561346495 -0.016680005000415523 -0.055112775272754627 0.048334983326363608
leaf_weight=189 112 133 105 135 126 178 104 143 155 117 137
leaf_count=189 112 133 105 135 126 178 104 143 155 117 137
internal_value=0.000256881 0.000469136 -0.000356294 0.000145059 0.00039557 0.000407217 0.000143713 0.000578387 0.000108499 -0.000621951 0.00027451
internal_weight=1634 1214 420 1102 315 969 834 656 552 409 254
internal_count=1634 1214 420 1102 315 969 834 656 552 409 254
is_linear=0
shrinkage=0.05


Tree=58
num_leaves=12
num_cat=0
split_feature=1 4 2 5 5 0 3 3 4 4 4
split_gain=0.12429 0.155148 0.0892077 0.117145 0.145593 0.292994 0.0756659 0.178083 0.211959 0.112705 0.0815158
threshold=1.0000000180025095e-35 8.1529604996624681 12.500000000000002 8.0548907911097505 17.584247711603496 2.5000000000000004 2.5000000000000004 1.5000000000000002 17.326702547852538 17.719123501176821 14.62610134333916
decision_type=2 2 2 2 2 2 2 2 2 2 2
left_child=2 -2 3 -1 5 -5 7 8 -3 10 -8
right_child=1 6 -4 4 -6 -7 9 -9 -10 -11 -12
leaf_value=0.00048094090803516568 -0.0015822849706060773 0.00050116812257779977 0.019092984657636675 -0.016365289484990844 0.011797072185377551 0.00040234416755277841 0.0043823845082584297 -0.0029712349185448024 0.093305218984330654 0.00052203404259359228 0.049850918524115967
leaf_weight=132 105 117 145 178 182 189 100 162 101 101 122
leaf_count=132 105 117 145 178 182 189 100 162 101 101 122
internal_value=0.000165138 0.000605686 -0.000266022 -0.000505865 -0.000827273 -0.00139946 0.00087358 0.000393701 0.0013242 0.00143519 0.00206278
internal_weight=1634 808 826 681 549 367 703 380 218 323 222
internal_count=1634 808 826 681 549 367 703 380 218 323 222
is_linear=0
shrinkage=0.05


Tree=59
num_leaves=13
num_cat=0
split_feature=1 4 3 3 4 4 4 5 4 0 2 5
split_gain=0.107292 0.144617 0.0960653 0.142805 0.150557 0.112705 0.0815158 0.0807507 0.103295 0.136157 0.12555 0.10598
threshold=1.0000000180025095e-35 8.1529604996624681 2.5000000000000004 1.5000000000000002 17.326702547852538 17.719123501176821 14.62610134333916 8.0548907911097505 17.494653818684906 2.5000000000000004 11.500000000000002 14.338504299003466
decision_type=2 2 2 2 2 2 2 2 2 2 2 2
left_child=7 -2 3 4 -3 6 -4 -1 9 -9 -10 -11
right_child=1 2 5 -5 -6 -7 -8 8 10 11 -12 -13
leaf_value=0.00048753303469029063 -0.0015031707220757675 0.00047610971644894699 0.0041632652828455007 -0.0028226731726175287 0.088639958035114153 0.0004959323404639483 0.047358372597910141 -0.013651035845201215 -0.0084010466114786252 0.0037745301775390125 0.029534533426400129 -0.0027428905047476825
leaf_weight=133 105 117 100 162 101 101 122 169 165 100 147 112
leaf_count=133 105 117 100 162 101 101 122 169 165 100 147 112
internal_value=0.000134557 0.000543882 0.000802557 0.000262467 0.00109589 0.00143519 0.00206278 -0.000266022 -0.000482709 -0.00103403 0.000191693 -0.000187793
internal_weight=1634 808 703 380 218 323 222 826 693 381 312 212
internal_count=1634 808 703 380 218 323 222 826 693 381 312 212
is_linear=0
shrinkage=0.05


Tree=60
num_leaves=14
num_cat=0
split_feature=1 4 3 3 4 4 4 5 5 5 4 2 4
split_gain=0.107292 0.144617 0.0960653 0.142805 0.150557 0.112705 0.0815158 0.0807507 0.0897173 0.0645876 0.12715 0.140289 0.0225855
threshold=1.0000000180025095e-35 8.1529604996624681 2.5000000000000004 1.5000000000000002 17.326702547852538 17.719123501176821 14.62610134333916 8.0548907911097505 13.653429397916669 14.907197508869951 17.759150314908073 11.500000000000002 17.118207408218883
decision_type=2 2 2 2 2 2 2 2 2 2 2 2 2
left_child=7 -2 3 4 -3 6 -4 -1 -9 -10 12 -12 -11
right_child=1 2 5 -5 -6 -7 -8 8 9 10 11 -13 -14
leaf_value=0.00046315638295579831 -0.0014280121859719644 0.00045230423062653236 0.0039551020187032241 -0.0026815395139866238 0.084207960133358406 0.00047113572344077774 0.044990453968014599 -0.014080336216911139 0.017539008736233482 -0.0028008394436218474 -0.010147399072680512 0.030915857884435866 -0.0027862002947704142
leaf_weight=133 105 117 100 162 101 101 122 102 119 101 128 116 127
leaf_count=133 105 117 100 162 101 101 122 102 119 101 128 116 127
internal_value=0.000134557 0.000543882 0.000802557 0.000262467 0.00109589 0.00143519 0.00206278 -0.000266022 -0.000482709 -0.000244932 -0.000507399 0.000285714 -0.00135371
internal_weight=1634 808 703 380 218 323 222 826 693 591 472 244 228
internal_count=1634 808 703 380 218 323 222 826 693 591 472 244 228
is_linear=0
shrinkage=0.05


Tree=61
num_leaves=13
num_cat=0
split_feature=4 5 4 4 5 5 4 3 4 4 3 5
split_gain=0.115705 0.3641 0.335096 0.18509 0.145864 0.125492 0.232985 0.257792 0.30217 0.180705 0.472858 0.0923952
threshold=13.228987892569622 14.202021404250479 8.5365679663499581 8.165708731238194 14.542063893871431 15.167145484733554 17.268519987134535 1.0000000180025095e-35 17.681852942215702 20.839014387792279 2.5000000000000004 7.9041728264652944
decision_type=2 2 2 2 2 2 2 2 2 2 2 2
left_child=2 -2 3 11 -3 -6 -7 -8 -9 -10 -11 -1
right_child=1 4 -4 -5 5 6 7 8 9 10 -12 -13
leaf_value=-0.01792255009366522 0.043138366542565865 -0.022118215790958518 -0.016246388283181937 0.015423993319103872 0.044188483717773161 -0.0033922449283561862 0.08019343001293705 0.029621222991832327 -0.017534030012797137 -0.057157937338619715 0.046008588483327152 0.0003334730952100351
leaf_weight=102 107 104 105 133 147 147 107 158 155 117 137 115
leaf_count=102 107 104 105 133 147 147 107 158 155 117 137 115
internal_value=7.33947e-05 0.000334746 -0.00060307 0.00014245 5.59182e-05 0.000247678 6.08291e-06 0.0004 -2.64083e-05 -0.000743902 7.84316e-05 -0.000756881
internal_weight=1634 1179 455 350 1072 968 821 674 567 409 254 217
internal_count=1634 1179 455 350 1072 968 821 674 567 409 254 217
is_linear=0
shrinkage=0.05


Tree=62
num_leaves=12
num_cat=0
split_feature=3 5 4 5 4 3 4 0 4 2 5
split_gain=0.0969002 0.284394 0.737799 0.256954 0.414668 0.246031 0.216457 0.191977 0.172178 0.237792 0.103591
threshold=2.5000000000000004 21.446624878282829 17.705783500640976 21.152617504822917 17.681852942215702 1.0000000180025095e-35 8.3200577901016324 2.5000000000000004 8.1721944400547297 11.500000000000002 14.376119680143995
decision_type=2 2 2 2 2 2 2 2 2 2 2
left_child=3 2 8 4 5 -1 -7 -8 -2 10 -10
right_child=1 -3 -4 -5 -6 6 7 -9 9 -11 -12
leaf_value=-0.0092795600683838724 -0.014388779310187578 0.053081910200576225 -0.025704316377175671 -0.046434388293260513 0.059023392826895171 0.004325712765389342 -0.0048659762836201657 0.018919443980840646 0.01671222697882158 -0.0033655616900575475 0.032362001008201927
leaf_weight=185 101 113 125 145 141 105 174 145 152 106 142
leaf_count=185 101 113 125 145 141 105 174 145 152 106 142
internal_value=4.28136e-05 0.000466216 4.78471e-05 -0.000306919 6.65781e-05 -0.0005 0.000164706 -0.000484375 0.000906375 0.00137157 0.0021017
internal_weight=1634 739 626 895 750 609 424 319 501 400 294
internal_count=1634 739 626 895 750 609 424 319 501 400 294
is_linear=0
shrinkage=0.05


Tree=63
num_leaves=14
num_cat=0
split_feature=4 5 1 3 0 4 3 2 2 3 4 4 4
split_gain=0.130624 0.148542 0.0896555 0.227771 0.161627 0.183614 0.132522 0.106374 0.149962 0.289704 0.105842 0.0978254 0.00563968
threshold=22.234985477437345 21.545358190519565 1.0000000180025095e-35 1.0000000180025095e-35 1.5000000000000002 8.2866159418511014 3.5000000000000004 12.500000000000002 10.500000000000002 2.5000000000000004 16.138830992772899 16.138830992772899 14.581742261170929
decision_type=2 2 2 2 2 2 2 2 2 2 2 2 2
left_child=1 2 7 -4 5 -5 10 8 9 12 -6 -10 -1
right_child=-2 -3 3 4 6 -7 -8 -9 11 -11 -12 -13 -14
leaf_value=-0.0013732121371500959 -0.022518207589742482 0.048590760627929608 -0.0070788525878792453 0.0049200130672510181 0.018717734192540966 -0.00092986976996675588 0.0083666188117179491 0.022617473846240271 -0.014721334144521397 0.011333029663825085 0.06548162393912986 -0.0015128255236175774 -0.0085650344731056788
leaf_weight=101 132 102 133 101 122 135 103 104 134 163 102 102 100
leaf_count=101 132 102 133 101 122 135 103 104 134 163 102 102 100
internal_value=7.33947e-05 0.000206254 7.13778e-05 0.000473458 0.000913121 -8.4388e-05 0.0016311 -0.000326241 -0.000582363 5.47947e-05 0.00231111 -0.00156118 -0.00121287
internal_weight=1634 1502 1400 696 563 236 327 704 600 364 224 236 201
internal_count=1634 1502 1400 696 563 236 327 704 600 364 224 236 201
is_linear=0
shrinkage=0.05


Tree=64
num_leaves=13
num_cat=0
split_feature=4 4 5 5 5 5 5 5 5 5 5 5
split_gain=0.130624 0.106266 0.244739 0.170988 0.219714 0.253792 0.227841 0.304121 0.139052 0.206173 0.151327 0.169945
threshold=22.234985477437345 16.138830992772899 15.106304462765548 14.542063893871431 14.202021404250479 10.047943921666667 8.1867033147119361 7.9355152145495547 17.437626767383044 17.557638088725806 17.627318833605639 21.446624878282829
decision_type=2 2 2 2 2 2 2 2 2 2 2 2
left_child=1 2 3 4 5 6 7 -1 -3 -10 -11 -12
right_child=-2 8 -4 -5 -6 -7 -8 -9 9 10 11 -13
leaf_value=-0.0049066896975789118 -0.021392297210255356 0.034629274954870219 -0.0040882960366611844 0.040497430856911487 -0.022032436948388329 0.023706076527850867 -0.025165255582777254 0.0098888466498002949 -0.011291599789196503 0.032088612498449444 -0.014443444339571482 0.057478632949924294
leaf_weight=184 132 138 100 102 103 126 101 126 114 101 196 111
leaf_count=184 132 138 100 102 103 126 101 126 114 101 196 111
internal_value=7.33947e-05 0.000206254 -0.000166073 0.000148049 -0.000156006 0.00025093 -0.000351942 0.000321544 0.000680787 0.000305928 0.000831296 0.000275974
internal_weight=1634 1502 842 742 640 537 411 310 660 522 408 307
internal_count=1634 1502 842 742 640 537 411 310 660 522 408 307
is_linear=0
shrinkage=0.05


Tree=65
num_leaves=11
num_cat=0
split_feature=1 4 3 4 3 5 2 3 3 4
split_gain=0.106941 0.188274 0.259068 0.161042 0.127528 0.0953778 0.127608 0.531678 0.23819 0.0738125
threshold=1.0000000180025095e-35 20.562915444313223 1.0000000180025095e-35 13.228987892569622 3.5000000000000004 19.992415925000003 10.500000000000002 1.5000000000000002 2.5000000000000004 16.138830992772899
decision_type=2 2 2 2 2 2 2 2 2 2
left_child=5 2 -2 -4 9 6 8 -8 -1 -5
right_child=1 -3 3 4 -6 -7 7 -9 -10 -11
leaf_value=-0.0050494496757120186 -0.0064630095237150353 -0.0027545858427908566 0.0022477388775375882 0.020905302653261727 0.019816785002441897 0.01896753833584525 0.021109842884315135 -0.017837716766862605 0.011551638002799897 0.060820013717641744
leaf_weight=186 121 176 188 109 102 195 101 188 156 112
leaf_count=186 121 176 188 109 102 195 101 188 156 112
internal_value=7.33947e-05 0.000482077 0.000884676 0.00137695 0.00205247 -0.000326481 -0.000625 -0.00139655 2.91547e-05 0.00272523
internal_weight=1634 808 632 511 323 826 631 289 342 221
internal_count=1634 808 632 511 323 826 631 289 342 221
is_linear=0
shrinkage=0.05


Tree=66
num_leaves=13
num_cat=0
split_feature=4 5 5 5 5 4 5 5 3 4 5 5
split_gain=0.115164 0.0937375 0.0906173 0.237336 0.180362 0.143221 0.363558 0.350741 0.207023 0.246388 0.211154 0.046763
threshold=22.234985477437345 21.446624878282829 17.63419262555173 17.557638088725806 15.167145484733554 13.228987892569622 14.202021404250479 14.542063893871431 3.5000000000000004 8.3979610008433561 7.9355152145495547 17.344639321995064
decision_type=2 2 2 2 2 2 2 2 2 2 2 2
left_child=1 2 3 4 5 8 -7 -8 9 10 -1 -6
right_child=-2 -3 -4 -5 11 6 7 -9 -10 -11 -12 -13
leaf_value=-0.013184913868159683 -0.020184953057603067 0.044853893336229245 -0.017616372790705052 0.031247011537210264 -0.0028430097408364448 0.043850851787351049 -0.020475976192426373 0.039367903989443072 0.010661786633337601 -0.020782800955682489 0.0065931398552302681 -0.0058359434918185855
leaf_weight=135 132 114 191 113 107 104 104 147 105 108 106 168
leaf_count=135 132 114 191 113 107 104 104 147 105 108 106 168
internal_value=-1.83484e-05 0.000106454 -7.19924e-06 0.000154424 -7.37325e-05 0.000302469 0.00105337 1.98415e-05 -0.000285714 -0.000871428 2.06613e-05 -0.00117754
internal_weight=1634 1502 1388 1197 1084 809 355 251 454 349 241 275
internal_count=1634 1502 1388 1197 1084 809 355 251 454 349 241 275
is_linear=0
shrinkage=0.05


Tree=67
num_leaves=12
num_cat=0
split_feature=1 4 3 2 4 5 2 3 3 5 5
split_gain=0.077044 0.118597 0.309513 0.188409 0.126168 0.0838101 0.22433 0.596177 0.247453 0.0195986 0.0122233
threshold=1.0000000180025095e-35 17.749793744223719 1.0000000180025095e-35 10.500000000000002 21.332862679949049 19.992415925000003 10.500000000000002 1.5000000000000002 2.5000000000000004 8.6088010765947907 15.131457834730684
decision_type=2 2 2 2 2 2 2 2 2 2 2
left_child=5 2 -2 9 -3 6 8 -8 -1 -4 -5
right_child=1 4 3 10 -6 -7 7 -9 -10 -11 -12
leaf_value=-0.0052692762117144522 -0.012001880900763519 -0.0052876585205699185 0.0054662063777461307 0.018216578546463521 0.023602226727673033 0.017025872977733326 0.021078149549720704 -0.016477327478577053 0.011138850224578271 0.0008982399028916177 0.061236769955756422
leaf_weight=186 105 102 111 100 123 195 101 188 156 152 115
leaf_count=186 105 102 111 100 123 195 101 188 156 152 115
internal_value=7.33947e-05 0.000420272 0.000796233 0.00133612 -0.000553097 -0.000266022 -0.000545886 -0.00156897 0.0003207 0.000435606 0.00243056
internal_weight=1634 808 583 478 225 826 631 289 342 263 215
internal_count=1634 808 583 478 225 826 631 289 342 263 215
is_linear=0
shrinkage=0.05


Tree=68
num_leaves=11
num_cat=0
split_feature=4 2 4 4 4 5 4 5 5 5
split_gain=0.12021 0.103251 0.207205 0.228651 0.136822 0.114089 0.301662 0.150915 0.235448 0.212178
threshold=22.234985477437345 9.5000000000000018 14.994334206246153 8.6804848915206723 20.976608730037501 17.627318833605639 17.456097524312455 8.1985221926064593 14.290151156309724 15.167145484733554
decision_type=2 2 2 2 2 2 2 2 2 2
left_child=1 2 3 -1 5 6 7 -3 -9 -10
right_child=-2 4 -4 -5 -6 -7 -8 8 9 -11
leaf_value=-0.0059807566673618267 -0.020355816741106585 0.0031844388755678968 -0.0084244354534829535 0.025313193617809444 0.049304842557723862 -0.0052275486322594707 0.026132556309076061 -0.016306840435814911 0.029254142254732843 -0.0049823657859314882
leaf_weight=143 132 195 158 105 130 129 141 163 161 177
leaf_count=143 132 195 158 105 130 129 141 163 161 177
internal_value=1.22326e-05 0.000139721 -0.00054054 0.000361446 0.000391978 0.000186143 0.000399762 -2.86942e-05 -0.000488048 0.000265487
internal_weight=1634 1502 406 248 1096 966 837 696 501 338
internal_count=1634 1502 406 248 1096 966 837 696 501 338
is_linear=0
shrinkage=0.05


Tree=69
num_leaves=12
num_cat=0
split_feature=5 4 5 5 5 5 4 5 5 5 5
split_gain=0.0632165 0.326675 0.170583 0.144523 0.125027 0.244584 0.119733 0.165475 0.0907437 0.254102 0.0273022
threshold=14.109779591350213 12.45688861886447 14.542063893871431 15.167145484733554 17.557638088725806 17.627318833605639 20.839014387792279 22.026905093556206 8.1867033147119361 7.9355152145495547 17.437626767383044
decision_type=2 2 2 2 2 2 2 2 2 2 2
left_child=1 8 -2 -4 10 -6 -7 -8 9 -1 -5
right_child=2 -3 3 4 5 6 7 -9 -10 -11 -12
leaf_value=-0.0053846787284334216 -0.015867783905028354 0.026062910828803378 0.036149891957837244 -0.0010523039448383444 0.029253803949341642 -0.0079697101422082587 0.036723724687600066 -0.029576282120353389 -0.005570383750134144 0.0092747344168910006 -0.010742655764549025
leaf_weight=182 133 105 147 162 102 150 147 147 121 124 114
leaf_count=182 133 105 147 162 102 150 147 147 121 124 114
internal_value=0.000134557 0.000581614 -8.15955e-05 0.000149485 -0.000109356 0.000329068 -0.000179775 0.00040678 -3.50465e-05 0.000423453 -0.000974729
internal_weight=1634 532 1102 969 822 546 444 294 427 306 276
internal_count=1634 532 1102 969 822 546 444 294 427 306 276
is_linear=0
shrinkage=0.05


Tree=70
num_leaves=11
num_cat=0
split_feature=1 4 3 4 5 5 5 4 4 5
split_gain=0.077044 0.109098 0.221179 0.144013 0.13446 0.0838101 0.14919 0.0720722 0.157747 0.0697132
threshold=1.0000000180025095e-35 20.562915444313223 1.0000000180025095e-35 14.608881591053713 8.6088010765947907 19.992415925000003 17.488512268341193 9.0488119511972354 14.920260875602667 16.143062023611112
decision_type=2 2 2 2 2 2 2 2 2 2
left_child=5 2 -2 4 -4 6 7 -1 -9 -5
right_child=1 -3 3 9 -6 -7 -8 8 -10 -11
leaf_value=-0.010261772569016883 -0.0056124246235488961 -0.0031640865376558816 0.0054382291743446665 0.091995032870236554 -0.0021194576449849989 0.011873150966580415 -0.0076581685548950161 0.015128862409116926 -0.0042142772941143073 0.025794478788658134
leaf_weight=185 121 176 137 102 108 195 127 144 175 164
leaf_count=185 121 176 137 102 108 195 127 144 175 164
internal_value=7.33947e-05 0.000420272 0.000726698 0.00118164 0.000304878 -0.000266022 -0.000545886 -0.000158416 0.000296875 0.00198502
internal_weight=1634 808 632 511 245 826 631 504 319 266
internal_count=1634 808 632 511 245 826 631 504 319 266
is_linear=0
shrinkage=0.05


Tree=71
num_leaves=13
num_cat=0
split_feature=1 5 5 5 4 3 2 4 4 5 4 5
split_gain=0.0635194 0.0953778 0.134089 0.0969482 0.0904253 0.267823 0.26725 0.126168 0.0750187 0.0715191 0.0466047 0.0122233
threshold=1.0000000180025095e-35 19.992415925000003 17.488512268341193 10.047943921666667 17.749793744223719 1.0000000180025095e-35 10.500000000000002 21.332862679949049 14.920260875602667 14.109779591350213 8.1586406873821442 15.131457834730684
decision_type=2 2 2 2 2 2 2 2 2 2 2 2
left_child=1 2 3 10 5 -2 9 -6 -5 -7 -1 -8
right_child=4 -3 -4 8 7 6 11 -9 -10 -11 -12 -13
leaf_value=-0.0062518455663085198 -0.01068312064424406 0.011279493418251364 -0.0072752601271502395 0.013164972859922217 -0.0052917309186250048 0.0059623367789898643 0.017567447573294478 0.022290498922487009 -0.0014115116532692183 -0.00067631371321484742 -0.010549774766066271 0.056471565144359387
leaf_weight=103 105 195 127 132 102 163 100 123 167 100 102 115
leaf_count=103 105 195 127 132 102 163 100 123 167 100 102 115
internal_value=-1.83484e-05 -0.000326481 -0.000625 -0.000257426 0.000296663 0.000625 0.00112735 -0.000553097 0.000316667 5.68184e-05 -0.00109223 0.00243056
internal_weight=1634 826 631 504 808 583 478 225 299 263 205 215
internal_count=1634 826 631 504 808 583 478 225 299 263 205 215
is_linear=0
shrinkage=0.05


Tree=72
num_leaves=12
num_cat=0
split_feature=1 4 2 5 5 4 5 2 3 3 5
split_gain=0.0637933 0.104035 0.212571 0.191213 0.155663 0.126168 0.0838101 0.155107 0.531678 0.109152 0.0342425
threshold=1.0000000180025095e-35 17.749793744223719 10.500000000000002 14.109779591350213 14.968434578164022 21.332862679949049 19.992415925000003 10.500000000000002 1.5000000000000002 2.5000000000000004 8.0278157527847238
decision_type=2 2 2 2 2 2 2 2 2 2 2
left_child=6 2 3 10 -4 -3 7 9 -9 -1 -2
right_child=1 5 4 -5 -6 -7 -8 8 -10 -11 -12
leaf_value=-0.0046132932859080213 0.0027782810527067032 -0.0050271443726937603 0.0020254172350010909 -0.006996014827014104 0.062954983909053117 0.021175973976362644 0.010715518747338761 0.018047160953120665 -0.014823293414256818 0.011716823171607632 0.010615642378203678
leaf_weight=186 104 102 108 128 143 123 195 101 188 156 100
leaf_count=186 104 102 108 128 143 123 195 101 188 156 100
internal_value=4.28136e-05 0.000358467 0.000710617 -0.00012012 0.00180556 -0.000553097 -0.000266022 -0.000545886 -0.00139655 0.000174927 0.000829268
internal_weight=1634 808 583 332 251 225 826 631 289 342 204
internal_count=1634 808 583 332 251 225 826 631 289 342 204
is_linear=0
shrinkage=0.05


Tree=73
num_leaves=12
num_cat=0
split_feature=4 5 5 4 1 2 3 2 3 4 5
split_gain=0.0694851 0.089246 0.097197 0.140423 0.100154 0.198924 0.194645 0.152111 0.0646258 0.0547557 0.0508091
threshold=22.234985477437345 21.446624878282829 17.63419262555173 17.719123501176821 1.0000000180025095e-35 10.500000000000002 1.0000000180025095e-35 10.500000000000002 2.5000000000000004 14.963576633519025 8.6088010765947907
decision_type=2 2 2 2 2 2 2 2 2 2 2
left_child=1 2 3 4 5 8 -6 10 -1 -7 -8
right_child=-2 -3 -4 -5 6 9 7 -9 -10 -11 -12
leaf_value=-0.0029737439094370422 -0.02009630145178538 0.040360882547020895 -0.01376398899164317 0.031314192759427123 -0.012214962911158346 -0.0092523076497765429 0.0045939657763147072 0.019377958644638493 0.010895194159577036 -0.0068342974167860688 -0.0010317863872717802
leaf_weight=170 132 114 191 100 100 120 111 199 143 108 146
leaf_count=170 132 114 191 100 100 120 111 199 143 108 146
internal_value=4.28136e-05 0.000139721 2.87979e-05 0.00019616 3.18763e-05 -0.000452029 0.000502693 0.000940919 0.000366242 -0.00157205 0.000135659
internal_weight=1634 1502 1388 1197 1097 541 556 456 313 228 257
internal_count=1634 1502 1388 1197 1097 541 556 456 313 228 257
is_linear=0
shrinkage=0.05


Tree=74
num_leaves=13
num_cat=0
split_feature=4 5 5 4 5 4 5 5 3 4 5 5
split_gain=0.0694851 0.089246 0.0873594 0.174831 0.323376 0.309451 0.267884 0.216254 0.0946814 0.170117 0.12536 0.00505727
threshold=22.234985477437345 21.446624878282829 15.167145484733554 13.228987892569622 14.202021404250479 8.5365679663499581 14.542063893871431 7.9355152145495547 3.5000000000000004 17.268519987134535 17.665320699778459 17.544388699806856
decision_type=2 2 2 2 2 2 2 2 2 2 2 2
left_child=1 2 3 5 -5 7 -6 -1 9 -4 11 -11
right_child=-2 -3 8 4 6 -7 -8 -9 -10 10 -12 -13
leaf_value=-0.005284184566817925 -0.019091486379196131 0.038342838419669872 -0.0047954709272960243 0.041856880327123258 -0.020712963203153356 -0.014404206013278671 0.032528293370003146 0.0077437801446600665 -0.010634689846559114 0.047885702169316383 -0.0050522906320235247 0.032063690066123432
leaf_weight=182 132 114 102 104 104 104 147 168 145 101 131 100
leaf_count=182 132 114 102 104 104 104 147 168 145 101 131 100
internal_value=4.28136e-05 0.000139721 2.87979e-05 0.000364198 0.00119382 -0.000285714 0.000218254 0.000427351 -0.000439655 -6.89653e-05 0.000480481 0.00126238
internal_weight=1634 1502 1388 809 355 454 251 350 579 434 332 201
internal_count=1634 1502 1388 809 355 454 251 350 579 434 332 201
is_linear=0
shrinkage=0.05


Tree=75
num_leaves=11
num_cat=0
split_feature=1 5 5 3 4 4 3 4 5 4
split_gain=0.0908904 0.107692 0.206429 0.131311 0.106072 0.0971845 0.122604 0.128412 0.179238 0.0676642
threshold=1.0000000180025095e-35 19.992415925000003 17.535098129917376 3.5000000000000004 9.0488119511972354 20.562915444313223 1.0000000180025095e-35 13.228987892569622 15.1986558882114 14.920260875602667
decision_type=2 2 2 2 2 2 2 2 2 2
left_child=1 2 3 4 -1 6 -2 -8 -9 -6
right_child=5 -3 -4 -5 9 -7 7 8 -10 -11
leaf_value=-0.012850271809943487 -0.0087758537178195678 0.0089822482722725049 -0.0075558122176618177 -0.0087557889568042405 0.018435488324853835 -0.0025343263044698794 0.0010897009268803529 0.025073134469089788 0.017636794552469994 0.0039868334721331151
leaf_weight=142 121 195 103 118 118 176 188 144 179 150
leaf_count=142 121 195 103 118 118 176 188 144 179 150
internal_value=-1.83484e-05 -0.000386941 -0.000704114 -0.000302457 0.000121655 0.000358467 0.000647709 0.000986328 0.00158951 0.00070632
internal_weight=1634 826 631 528 410 808 632 511 323 268
internal_count=1634 826 631 528 410 808 632 511 323 268
is_linear=0
shrinkage=0.05


Tree=76
num_leaves=12
num_cat=0
split_feature=2 5 5 4 4 4 4 5 5 3 3
split_gain=0.0699545 0.121824 0.0974904 0.175878 0.277269 0.211974 0.309451 0.216254 0.186125 0.122999 0.106888
threshold=13.500000000000002 22.318424906493508 17.460597744684485 16.138830992772899 14.920260875602667 13.228987892569622 8.5365679663499581 7.9355152145495547 14.376119680143995 2.5000000000000004 3.5000000000000004
decision_type=2 2 2 2 2 2 2 2 2 2 2
left_child=1 2 3 4 5 6 7 -1 -7 -4 -11
right_child=-2 -3 9 -5 -6 8 -8 -9 -10 10 -12
leaf_value=-0.0043979342174618758 -0.0049234031470840565 0.055066432426506967 -0.016151500295796224 0.018382602431668955 -0.0076359743961083304 0.017614363119291876 -0.013510768764229533 0.0075112055086876952 0.00095424022696872298 0.033487746329121132 -0.0091586497853915275
leaf_weight=182 129 105 195 141 157 121 104 168 100 126 106
leaf_count=182 129 105 195 141 157 121 104 168 100 126 106
internal_value=-7.95105e-05 1.66005e-05 -0.000107066 0.000169405 -0.000108043 0.00033284 -0.000285714 0.000427351 0.0015991 -0.000735981 4.29186e-05
internal_weight=1634 1505 1400 973 832 675 454 350 221 427 232
internal_count=1634 1505 1400 973 832 675 454 350 221 427 232
is_linear=0
shrinkage=0.05


Tree=77
num_leaves=12
num_cat=0
split_feature=4 5 5 4 5 5 4 4 4 3 5
split_gain=0.0960553 0.112796 0.128893 0.331851 0.142743 0.254102 0.11994 0.225139 0.210695 0.159048 0.101825
threshold=22.234985477437345 21.446624878282829 14.109779591350213 12.45688861886447 8.1867033147119361 7.9355152145495547 14.920260875602667 16.138830992772899 17.373209557617695 1.5000000000000002 17.601411178727151
decision_type=2 2 2 2 2 2 2 2 2 2 2
left_child=1 2 3 4 5 -1 -4 -8 -9 -10 -11
right_child=-2 -3 6 -5 -6 -7 7 8 9 10 -12
leaf_value=-0.004178037506588796 -0.017450817447839547 0.035281444347375436 0.0098453250865472158 0.029217707497837361 -0.0047210780718110433 0.0097415915618690226 -0.015715142992795805 0.017035645400953533 0.013013059882782169 -0.00922051073233769 -0.0030489456927297169
leaf_weight=182 132 114 192 102 121 124 137 136 132 108 154
leaf_count=182 132 114 192 102 121 124 137 136 132 108 154
internal_value=-0.000140673 -2.66133e-05 -0.000151188 0.000462264 -0.000151869 0.000423453 -0.00052907 -0.000845808 -0.000376648 -0.000962025 -0.001673
internal_weight=1634 1502 1388 529 427 306 859 667 530 394 262
internal_count=1634 1502 1388 529 427 306 859 667 530 394 262
is_linear=0
shrinkage=0.05


Tree=78
num_leaves=13
num_cat=0
split_feature=2 1 2 5 4 3 4 5 4 4 4 4
split_gain=0.0699545 0.0847678 0.113305 0.164257 0.142809 0.192968 0.130994 0.0598029 0.199972 0.160844 0.193181 0.164939
threshold=13.500000000000002 1.0000000180025095e-35 10.500000000000002 8.6088010765947907 17.749793744223719 2.5000000000000004 17.472354126300733 21.050047303717381 17.674319761044853 16.138830992772899 14.902861214457038 9.0488119511972354
decision_type=2 2 2 2 2 2 2 2 2 2 2 2
left_child=1 7 3 -3 5 -4 -5 8 9 10 11 -1
right_child=-2 2 4 6 -6 -7 -8 -9 -10 -11 -12 -13
leaf_value=-0.0075893959585332758 -0.0048965092231069195 0.0045709488995588441 0.0016327973619485712 -0.0047864906954716889 -0.001233042490868334 0.023793288986500166 0.028733567714169395 0.0027470782945340322 -0.017179052504621491 0.025226744760087225 -0.0073624812386248592 0.014245251598914353
leaf_weight=185 129 145 118 162 100 114 110 116 114 104 100 137
leaf_count=185 129 145 118 162 100 114 110 116 114 104 100 137
internal_value=-7.95105e-05 1.66005e-05 0.000393334 -0.000155502 0.00108108 0.00175966 -0.000879121 -0.000356671 -0.000546022 -0.000132827 -0.000567376 3.09599e-05
internal_weight=1634 1505 749 417 332 232 272 756 640 526 422 322
internal_count=1634 1505 749 417 332 232 272 756 640 526 422 322
is_linear=0
shrinkage=0.05


Tree=79
num_leaves=12
num_cat=0
split_feature=4 5 2 1 3 4 4 4 4 4 2
split_gain=0.0481612 0.117833 0.0925371 0.0870347 0.294916 0.199254 0.174011 0.0848418 0.289562 0.15858 0.0453234
threshold=22.234985477437345 21.446624878282829 12.500000000000002 1.0000000180025095e-35 1.0000000180025095e-35 14.920260875602667 9.0488119511972354 14.886498497565361 17.433878868017604 8.2866159418511014 10.500000000000002
decision_type=2 2 2 2 2 2 2 2 2 2 2
left_child=1 2 3 5 -5 6 -1 9 -9 -6 -7
right_child=-2 -3 -4 4 7 10 -8 8 -10 -11 -12
leaf_value=-0.0072099261606066297 -0.018014954961156068 0.03258514518149417 0.0086469526388474657 -0.011098823062006411 0.0047742421181770607 -0.0027359380764604775 0.011087158585067085 0.039737021017719448 -0.0021477535086789558 -0.0010740947431871065 -0.0086594895734339351
leaf_weight=185 132 114 192 110 101 146 139 123 107 158 127
leaf_count=185 132 114 192 110 101 146 139 123 107 158 127
internal_value=-0.000140673 -5.98801e-05 -0.000187185 -0.000350877 7.50002e-05 -0.000777592 6.15386e-05 0.000602041 0.0012987 -1.92306e-05 -0.00177007
internal_weight=1634 1502 1388 1196 599 597 324 489 230 259 273
internal_count=1634 1502 1388 1196 599 597 324 489 230 259 273
is_linear=0
shrinkage=0.05


Tree=80
num_leaves=12
num_cat=0
split_feature=5 4 4 5 5 5 5 2 5 3 5
split_gain=0.0766992 0.0953584 0.30399 0.284648 0.216254 0.129714 0.177983 0.0932858 0.118888 0.180444 0.14649
threshold=22.428800968939395 8.5365679663499581 13.228987892569622 14.202021404250479 7.9355152145495547 14.542063893871431 15.167145484733554 9.5000000000000018 21.152617504822917 1.5000000000000002 17.535098129917376
decision_type=2 2 2 2 2 2 2 2 2 2 2
left_child=1 4 -3 -4 -1 -5 -7 -8 9 -9 -11
right_child=-2 2 3 5 -6 6 7 8 -10 10 -12
leaf_value=-0.0032851778908349429 0.014178439462682518 -0.013119711841742333 0.033255892278540623 -0.02323869437872933 0.0073771776202947005 0.031052309569819248 -0.0065627989964446775 0.017203653888195534 -0.025760944716993167 0.0071751234582979277 -0.0048826530876173967
leaf_weight=182 114 105 107 104 168 147 131 142 126 144 164
leaf_count=182 114 105 107 104 168 147 131 142 126 144 164
internal_value=-0.000201835 -0.000295858 -0.000512382 -0.000257974 0.000427351 -0.000531804 -0.000327485 -0.000656779 -0.000381282 1.85852e-10 -0.000679611
internal_weight=1634 1520 1170 1065 350 958 854 707 576 450 308
internal_count=1634 1520 1170 1065 350 958 854 707 576 450 308
is_linear=0
shrinkage=0.05


Tree=81
num_leaves=12
num_cat=0
split_feature=5 3 3 5 4 2 5 5 5 5 5
split_gain=0.0737475 0.120319 0.222505 0.208057 0.413833 0.128959 0.114282 0.167332 0.283046 0.145039 0.143344
threshold=15.167145484733554 1.0000000180025095e-35 2.5000000000000004 21.446624878282829 17.705783500640976 10.500000000000002 7.9355152145495547 8.1867033147119361 10.047943921666667 14.109779591350213 14.542063893871431
decision_type=2 2 2 2 2 2 2 2 2 2 2
left_child=6 -2 5 4 -4 -3 -1 -8 -9 -10 -11
right_child=1 2 3 -5 -6 -7 7 8 9 10 -12
leaf_value=-0.0031724115210121349 0.01001039492815812 -0.020462047084775573 0.014348930221311904 0.043896784180642856 -0.01808395558329175 -0.0035776415688918346 0.0095343972976196494 -0.021837352860061592 0.028472553596611824 -0.017401347383329248 0.029499694091328278
leaf_weight=189 146 104 153 113 121 185 126 105 112 133 147
leaf_count=189 146 104 153 113 121 185 126 105 112 133 147
internal_value=-7.95105e-05 -0.000413123 -0.000694239 9.02064e-05 -0.000654545 -0.00174138 0.000258303 0.000584936 0.000170683 0.000788804 0.000177936
internal_weight=1634 822 676 387 274 289 812 623 497 392 280
internal_count=1634 822 676 387 274 289 812 623 497 392 280
is_linear=0
shrinkage=0.05


Tree=82
num_leaves=11
num_cat=0
split_feature=1 4 3 2 4 3 4 3 4 5
split_gain=0.075831 0.116346 0.263184 0.0934165 0.438867 0.4273 0.195786 0.141841 0.0710924 0.0622605
threshold=1.0000000180025095e-35 20.562915444313223 1.0000000180025095e-35 10.500000000000002 17.923206886420711 2.5000000000000004 17.403730351086697 2.5000000000000004 13.228987892569622 15.1986558882114
decision_type=2 2 2 2 2 2 2 2 2 2
left_child=3 2 -2 6 5 -5 7 -1 -4 -10
right_child=1 -3 8 4 -6 -7 -8 -9 9 -11
leaf_value=-0.0032194368064992064 -0.010289767884782784 -0.0039622780091642723 0.0017941895935741224 -0.0013751263065687415 0.049371588027431017 -0.020436527026047088 -0.0092553860272870572 0.01560231273113687 0.023211989233600488 0.012996936749165411
leaf_weight=161 121 176 188 156 145 122 111 131 144 179
leaf_count=161 121 176 188 156 145 122 111 131 144 179
internal_value=-0.000171254 0.000173053 0.000489732 -0.00050786 -0.00102594 -0.00218638 3.71289e-05 0.000716724 0.000986328 0.00143519
internal_weight=1634 808 632 826 423 278 403 292 511 323
internal_count=1634 808 632 826 423 278 403 292 511 323
is_linear=0
shrinkage=0.05


Tree=83
num_leaves=13
num_cat=0
split_feature=4 4 5 5 5 4 5 2 2 5 4 5
split_gain=0.0661305 0.109104 0.0909347 0.116203 0.176751 0.197587 0.124399 0.113395 0.0909568 0.0820018 0.142619 0.0797483
threshold=21.722876910903697 21.143349996740081 15.167145484733554 7.9355152145495547 8.1867033147119361 13.228987892569622 14.229637622988447 10.500000000000002 9.5000000000000018 17.535098129917376 17.245186611021783 17.645968428472226
decision_type=2 2 2 2 2 2 2 2 2 2 2 2
left_child=1 2 3 -1 -5 -6 -7 -8 -4 10 -10 -11
right_child=-2 -3 8 4 5 6 7 -9 9 11 -12 -13
leaf_value=-0.0034842707038419494 -0.012611958955342926 0.031669762843441897 -0.0074458853922321549 0.0090933085663687362 -0.0050797324660678909 0.030600120140996497 -0.0067776345852195502 0.016659301413470017 -0.0057409507880676726 -0.0029978817327139034 0.036386252829366819 -0.00047335484676698926
leaf_weight=187 174 114 100 126 148 107 117 119 101 116 106 119
leaf_count=187 174 114 100 126 148 107 117 119 101 116 106 119
internal_value=-0.000110092 1.86137e-10 -0.000126206 0.00021118 0.000542071 0.000111789 0.000770349 0.000126582 -0.000626151 -0.000316027 0.000408654 -0.00095339
internal_weight=1634 1460 1346 804 617 491 343 236 542 442 207 235
internal_count=1634 1460 1346 804 617 491 343 236 542 442 207 235
is_linear=0
shrinkage=0.05


Tree=84
num_leaves=14
num_cat=0
split_feature=5 5 4 3 4 5 5 5 2 5 4 5 4
split_gain=0.0693607 0.093117 0.116235 0.231111 0.211979 0.149904 0.115634 0.152079 0.0945041 0.120473 0.139884 0.148491 0.130543
threshold=22.428800968939395 15.167145484733554 13.228987892569622 3.5000000000000004 8.3979610008433561 7.9355152145495547 14.202021404250479 14.542063893871431 9.5000000000000018 21.152617504822917 17.923206886420711 17.535098129917376 17.245186611021783
decision_type=2 2 2 2 2 2 2 2 2 2 2 2 2
left_child=1 2 3 4 5 -1 -4 -8 -3 10 11 12 -10
right_child=-2 8 6 -5 -6 -7 7 -9 9 -11 -12 -13 -14
leaf_value=-0.0087068756726184013 0.011739553577140968 -0.0070417753368246716 0.029070114133946629 0.010284202556678375 -0.015908843468328864 0.0071714137990208692 -0.021086057612530525 0.027522448808675756 -0.0054539032486642658 -0.022680535544068816 0.046012873666043286 -0.0040248382929551187 0.0279712799622121
leaf_weight=135 114 131 107 105 108 106 104 147 101 126 115 132 103
leaf_count=135 114 131 107 105 108 106 104 147 101 126 115 132 103
internal_value=-0.000140673 -0.000230112 0.000135302 -0.000395604 -0.00101429 -0.00018595 0.0008078 0.000218254 -0.000648801 -0.000371972 1.10621e-05 -0.000504451 0.000341464
internal_weight=1634 1520 812 454 349 241 358 251 708 577 451 336 204
internal_count=1634 1520 812 454 349 241 358 251 708 577 451 336 204
is_linear=0
shrinkage=0.05


Tree=85
num_leaves=12
num_cat=0
split_feature=5 3 1 3 3 4 5 5 5 4 5
split_gain=0.0606975 0.173005 0.142867 0.131825 0.192227 0.192048 0.381049 0.186014 0.130473 0.0926006 0.0901072
threshold=15.167145484733554 1.0000000180025095e-35 1.0000000180025095e-35 1.0000000180025095e-35 2.5000000000000004 17.681852942215702 21.025954728766184 21.03907430459844 8.0548907911097505 13.228987892569622 14.176204656913393
decision_type=2 2 2 2 2 2 2 2 2 2 2
left_child=1 -1 8 -2 7 -6 -7 -5 -3 -4 -10
right_child=3 2 9 4 5 6 -8 -9 10 -11 -12
leaf_value=-0.002470695909985525 0.0079118267652474872 0.0034170983233343028 0.0020531034280782722 -0.00048883894846645328 0.013823370826460311 -0.016202936132859443 0.031494788422700065 -0.067870534925000184 -0.0078596960176321607 0.021924074499129437 0.0052548924557173863
leaf_weight=139 146 116 188 175 151 120 116 114 107 142 120
leaf_count=139 146 116 188 175 151 120 116 114 107 142 120
internal_value=-0.000171254 0.000135302 0.000467359 -0.000473876 -0.000768094 -3.86596e-05 -0.00092827 -0.00174138 -0.000247093 0.00120846 -0.000942982
internal_weight=1634 812 673 822 676 387 236 289 343 330 227
internal_count=1634 812 673 822 676 387 236 289 343 330 227
is_linear=0
shrinkage=0.05


Tree=86
num_leaves=12
num_cat=0
split_feature=5 5 3 1 5 4 5 4 4 5 4
split_gain=0.0693607 0.093117 0.173005 0.142867 0.130473 0.0926006 0.0901072 0.0532449 0.0964006 0.044138 0.104683
threshold=22.428800968939395 15.167145484733554 1.0000000180025095e-35 1.0000000180025095e-35 8.0548907911097505 13.228987892569622 14.176204656913393 17.268519987134535 17.553446582306879 20.926525299141453 21.442451940899051
decision_type=2 2 2 2 2 2 2 2 2 2 2
left_child=1 2 -1 4 -4 -5 -6 -3 -9 -10 -11
right_child=-2 7 3 5 6 -7 -8 8 9 10 -12
leaf_value=-0.0023471611144862559 0.010999382621634564 -0.0065447592812570288 0.0032462434071675959 0.0019504482566743407 -0.0074667112167505698 0.020827870774172991 0.0049921478329315264 0.035397491309741541 -0.0017645305831380236 0.023012112352344433 -0.0079181418868571642
leaf_weight=139 114 146 116 188 107 142 120 130 180 136 116
leaf_count=139 114 146 116 188 107 142 120 130 180 136 116
internal_value=-0.000140673 -0.000230112 0.000135302 0.000467359 -0.000247093 0.00120846 -0.000942982 -0.000648801 -0.000426288 -0.000785219 -0.000355731
internal_weight=1634 1520 812 673 343 330 227 708 562 432 252
internal_count=1634 1520 812 673 343 330 227 708 562 432 252
is_linear=0
shrinkage=0.05


Tree=87
num_leaves=11
num_cat=0
split_feature=5 5 5 5 3 1 2 2 4 5
split_gain=0.0729841 0.075553 0.0968675 0.101672 0.116442 0.149572 0.183059 0.171222 0.0924022 0.081139
threshold=22.428800968939395 21.152617504822917 20.926525299141453 17.535098129917376 1.0000000180025095e-35 1.0000000180025095e-35 10.500000000000002 10.500000000000002 8.5365679663499581 8.7783757888888907
decision_type=2 2 2 2 2 2 2 2 2 2
left_child=1 2 3 4 -1 7 9 8 -6 -7
right_child=-2 -3 -4 -5 5 6 -8 -9 -10 -11
leaf_value=-0.0022842717290715467 0.010449413490552834 -0.011102286643863557 0.032015962003048487 -0.0043046801836777197 0.0061685599827196918 0.0051780797678100459 0.015171577072401667 -0.0099963455381458788 -0.00090737333911708766 -0.00047480547658539064
leaf_weight=194 114 150 108 198 101 121 185 180 157 126
leaf_count=194 114 150 108 198 101 121 185 180 157 126
internal_value=-0.000171254 -0.000262985 -0.000145879 -0.0002692 -7.51172e-05 0.000172216 0.000831409 -0.00047836 0.000347491 -6.04837e-05
internal_weight=1634 1520 1370 1262 1064 870 432 438 258 247
internal_count=1634 1520 1370 1262 1064 870 432 438 258 247
is_linear=0
shrinkage=0.05


Tree=88
num_leaves=11
num_cat=0
split_feature=5 5 5 5 3 1 2 2 4 5
split_gain=0.080506 0.0664722 0.0516376 0.0940558 0.106758 0.124366 0.171222 0.138737 0.0924022 0.081139
threshold=22.428800968939395 21.152617504822917 20.926525299141453 17.535098129917376 1.0000000180025095e-35 1.0000000180025095e-35 10.500000000000002 10.500000000000002 8.5365679663499581 8.7783757888888907
decision_type=2 2 2 2 2 2 2 2 2 2
left_child=1 2 3 4 -1 6 8 9 -6 -7
right_child=-2 -3 -4 -5 5 7 -8 -9 -10 -11
leaf_value=-0.0021700581426179646 0.0099269428160252034 -0.010547172311670384 0.030415163902896031 -0.0040894461744938352 0.0058601319835837181 0.0049191757794195441 -0.009496528261238547 0.014412998218781599 -0.00086200467216122488 -0.00045106520275611485
leaf_weight=194 114 150 108 198 101 121 180 185 157 126
leaf_count=194 114 150 108 198 101 121 180 185 157 126
internal_value=-0.000232416 -0.000328731 -0.000218818 -0.000308788 -0.000122066 0.000114811 -0.00047836 0.000715936 0.000347491 -6.04837e-05
internal_weight=1634 1520 1370 1262 1064 870 438 432 258 247
internal_count=1634 1520 1370 1262 1064 870 438 432 258 247
is_linear=0
shrinkage=0.05


Tree=89
num_leaves=12
num_cat=0
split_feature=5 5 3 4 2 2 5 5 4 4 3
split_gain=0.0729841 0.0780854 0.126544 0.111269 0.106802 0.101099 0.31053 0.284088 0.09182 0.0759391 0.0714621
threshold=22.428800968939395 17.535098129917376 1.0000000180025095e-35 16.138830992772899 12.500000000000002 10.500000000000002 14.290151156309724 14.26337788293011 20.839014387792279 8.7991993778378923 2.5000000000000004
decision_type=2 2 2 2 2 2 2 2 2 2 2
left_child=1 2 -1 5 8 7 -7 9 -3 10 -4
right_child=-2 4 3 -5 -6 6 -8 -9 -10 -11 -12
leaf_value=-0.0020615552354870509 0.0094305956752239462 -0.0056076499107250996 -0.00064264367104842313 0.012524507767137814 -0.0052587218226690406 -0.0099859642260629114 0.01207438161455571 -0.0074353910301523168 0.034386626448739674 0.022436077910880065 0.0074461365956084566
leaf_weight=194 114 183 102 178 144 133 114 110 129 108 125
leaf_count=194 114 183 102 178 144 133 114 110 129 108 125
internal_value=-0.000171254 -0.000262985 -2.81688e-05 0.000229621 -0.000809628 -5.77199e-05 -0.000866935 0.000392377 -0.00028754 0.00111607 0.000592105
internal_weight=1634 1520 1064 870 456 692 247 445 312 335 227
internal_count=1634 1520 1064 870 456 692 247 445 312 335 227
is_linear=0
shrinkage=0.05


Tree=90
num_leaves=13
num_cat=0
split_feature=5 5 5 5 5 3 4 5 4 5 3 1
split_gain=0.0883945 0.057967 0.0729569 0.140157 0.131891 0.136608 0.0814394 0.225525 0.178849 0.145198 0.0427392 0.0194754
threshold=22.428800968939395 21.152617504822917 17.601411178727151 17.488512268341193 16.961074985984851 1.0000000180025095e-35 8.5365679663499581 7.9355152145495547 13.228987892569622 14.376119680143995 2.5000000000000004 1.0000000180025095e-35
decision_type=2 2 2 2 2 2 2 2 2 2 2 2
left_child=1 2 3 4 5 -1 7 -7 -8 -10 -4 -11
right_child=-2 -3 10 -5 -6 6 8 -9 9 11 -12 -13
leaf_value=-0.004427694638479523 0.0089590658914627426 -0.011540918717284321 0.0043113857786748902 -0.0067700195675992336 0.0083621924618715333 -0.0020008273150102763 -0.0088474427224186827 0.0072371180550883018 0.017765001561654521 -0.01168158411513354 0.0044307568391662635 -0.00078173430421729227
leaf_weight=145 114 150 118 120 132 144 100 132 153 109 116 101
leaf_count=145 114 150 118 120 132 144 100 132 153 109 116 101
internal_value=-0.000293578 -0.000394477 -0.000291758 -0.000457344 -0.000265487 -0.000485876 -0.000209459 0.000469314 -0.000614224 -9.61537e-05 0.000510638 -0.000947867
internal_weight=1634 1520 1370 1136 1016 884 739 276 463 363 234 210
internal_count=1634 1520 1370 1136 1016 884 739 276 463 363 234 210
is_linear=0
shrinkage=0.05


Tree=91
num_leaves=13
num_cat=0
split_feature=5 4 5 4 5 5 5 3 4 5 2 2
split_gain=0.080506 0.0686216 0.266564 0.20204 0.116124 0.0718483 0.146871 0.0488562 0.130355 0.147473 0.178507 0.0905875
threshold=22.428800968939395 8.5365679663499581 7.9355152145495547 13.228987892569622 14.202021404250479 14.542063893871431 15.182070505873051 1.0000000180025095e-35 17.373209557617695 17.578238859037612 12.500000000000002 10.500000000000002
decision_type=2 2 2 2 2 2 2 2 2 2 2 2
left_child=1 2 -1 -3 -5 -6 -7 -8 -9 -10 11 -11
right_child=-2 3 -4 4 5 6 7 8 9 10 -12 -13
leaf_value=-0.0023395382720963255 0.0085111125968896084 -0.010700255977107949 0.0064964941895883912 0.027176359920847288 -0.020668007182002214 0.023933750319934693 0.0026929405035719636 0.0087149602729516915 -0.0074309000493860168 -0.0023951613508076406 -0.01581342341201868 0.049514074661857407
leaf_weight=182 114 105 168 107 104 153 117 144 108 118 100 114
leaf_count=182 114 105 168 107 104 153 117 144 108 118 100 114
internal_value=-0.000232416 -0.000328731 0.0002849 -0.000512382 -0.000304878 -0.000479666 -0.000327485 -0.000633903 -0.000820513 -0.00124717 -0.000720721 4.29186e-05
internal_weight=1634 1520 350 1170 1065 958 854 701 584 440 332 232
internal_count=1634 1520 350 1170 1065 958 854 701 584 440 332 232
is_linear=0
shrinkage=0.05


Tree=92
num_leaves=12
num_cat=0
split_feature=5 5 5 5 5 3 5 5 4 4 5
split_gain=0.0766992 0.0709407 0.0823288 0.174967 0.114846 0.159607 0.0935562 0.0595694 0.15744 0.212883 0.0589432
threshold=22.428800968939395 21.152617504822917 17.584247711603496 17.488512268341193 16.961074985984851 1.0000000180025095e-35 14.907197508869951 7.9355152145495547 8.5365679663499581 13.228987892569622 17.665320699778459
decision_type=2 2 2 2 2 2 2 2 2 2 2
left_child=1 2 3 4 5 -1 7 -7 -9 -10 -4
right_child=-2 -3 10 -5 -6 6 -8 8 9 -11 -12
leaf_value=-0.0044170280462621494 0.0080855569670451218 -0.010777023552534704 0.025642582783067427 -0.0069407625971774347 0.0075384449827537005 -0.0022979724958362212 -0.0042430667008256252 0.0065504374428544763 -0.0078700577874423801 0.016518130855476775 -8.8316381622653792e-05
leaf_weight=145 114 150 102 102 132 151 163 132 100 193 150
leaf_count=145 114 150 102 102 132 151 163 132 100 193 150
internal_value=-0.000201835 -0.000295858 -0.000182348 -0.000366398 -0.000167158 -0.000372881 -7.43241e-05 0.000225303 0.000528169 -0.000119047 0.000632411
internal_weight=1634 1520 1370 1118 1016 884 739 576 425 293 252
internal_count=1634 1520 1370 1118 1016 884 739 576 425 293 252
is_linear=0
shrinkage=0.05


Tree=93
num_leaves=13
num_cat=0
split_feature=4 5 4 4 5 5 4 5 5 3 3 4
split_gain=0.0449832 0.12298 0.0687997 0.129904 0.151146 0.20037 0.114337 0.218719 0.138205 0.107437 0.0845257 0.205949
threshold=22.234985477437345 21.446624878282829 14.295170096058037 9.1568347796090013 8.1146864367708602 7.9262988196632644 15.099030993217969 15.731084995238097 14.597324738613883 3.5000000000000004 2.5000000000000004 17.494653818684906
decision_type=2 2 2 2 2 2 2 2 2 2 2 2
left_child=1 2 3 4 5 -1 8 -8 -4 10 11 -9
right_child=-2 -3 6 -5 -6 -7 7 9 -10 -11 -12 -13
leaf_value=-0.0015810278765981793 -0.0094448955913293952 0.027500758488621803 -0.011780210967902147 0.0071276662166646024 -0.012641425325848114 0.0062658807806533325 0.041207218427718323 -0.0092066717937361441 -0.0014253618642401551 -0.023504972858374287 0.020468386710434022 0.003934465138958735
leaf_weight=168 132 114 102 132 119 105 100 117 122 124 123 176
leaf_count=168 132 114 102 132 119 105 100 117 122 124 123 176
internal_value=-0.000171254 -9.31469e-05 -0.000223182 0.000228572 -0.000229007 0.000419708 -0.00049711 -0.000156006 -0.00146667 -0.000554528 -0.000167866 -0.000629252
internal_weight=1634 1502 1388 524 392 273 864 640 224 540 416 293
internal_count=1634 1502 1388 524 392 273 864 640 224 540 416 293
is_linear=0
shrinkage=0.05


Tree=94
num_leaves=12
num_cat=0
split_feature=2 5 5 2 4 4 3 4 4 3 4
split_gain=0.0487739 0.0848929 0.201815 0.195502 0.143847 0.157225 0.198885 0.140072 0.157922 0.120035 0.086502
threshold=13.500000000000002 22.253380063164155 20.986271060539 12.500000000000002 17.719123501176821 17.382193482405981 1.0000000180025095e-35 15.037886921495934 14.295170096058037 3.5000000000000004 8.2866159418511014
decision_type=2 2 2 2 2 2 2 2 2 2 2
left_child=1 2 3 4 5 6 -1 8 9 10 -8
right_child=-2 -3 -4 -5 -6 -7 7 -9 -10 -11 -12
leaf_value=-0.0090534896178919213 -0.0039873715384259548 0.056236662274041886 -0.030868654449162272 0.022908423829244406 0.026314498374719456 -0.0077668399970921608 0.0028560458524525922 0.024984823491555366 -0.0059705936701638946 0.0075607385049074119 -0.0044887873820298081
leaf_weight=160 129 116 141 101 134 102 147 165 158 117 164
leaf_count=160 129 116 141 101 134 102 147 165 158 117 164
internal_value=-0.000262997 -0.000182603 -0.000291367 -8.80703e-05 -0.00027439 -0.000478304 -0.00026864 7.31385e-05 -0.000289608 0.00020979 -0.000304487
internal_weight=1634 1505 1389 1248 1147 1013 911 751 586 428 311
internal_count=1634 1505 1389 1248 1147 1013 911 751 586 428 311
is_linear=0
shrinkage=0.05


Tree=95
num_leaves=12
num_cat=0
split_feature=4 2 3 5 5 5 4 5 5 5 5
split_gain=0.0745864 0.0785851 0.176057 0.478762 0.108217 0.365097 0.162846 0.133636 0.218242 0.0971439 0.0408992
threshold=22.234985477437345 9.5000000000000018 1.5000000000000002 14.398914561941007 7.9262988196632644 8.3072345288194462 15.099030993217969 17.535098129917376 20.926525299141453 16.961074985984851 14.290151156309724
decision_type=2 2 2 2 2 2 2 2 2 2 2
left_child=1 2 -1 -4 -3 -6 10 9 -9 -8 -7
right_child=-2 4 3 -5 5 6 7 8 -10 -11 -12
leaf_value=-0.0077376577766684876 -0.011415268513549978 -0.0066509649622695163 0.0060402423514778932 -0.015813206303708201 0.006769700622172992 -0.01641527898797264 0.0083020170656366611 -0.0065103099755127658 0.024616025509596198 0.020002064074455074 -0.0011452940535308462
leaf_weight=138 132 108 155 113 102 133 100 157 192 151 153
leaf_count=138 132 108 155 113 102 133 100 157 192 151 153
internal_value=-0.000293578 -0.000192947 -0.000786241 -3.71745e-05 2.73475e-05 0.000192113 -0.000135287 0.000332779 -0.0003 0.00121032 -0.00111498
internal_weight=1634 1502 406 268 1096 988 886 600 349 251 286
internal_count=1634 1502 406 268 1096 988 886 600 349 251 286
is_linear=0
shrinkage=0.05


Tree=96
num_leaves=14
num_cat=0
split_feature=4 4 1 4 5 5 2 5 5 4 4 4 2
split_gain=0.0680066 0.247889 0.160361 0.147727 0.169214 0.0849321 0.118331 0.213121 0.0980626 0.275842 0.157658 0.0632697 0.00905923
threshold=8.1805245558975042 8.5365679663499581 1.0000000180025095e-35 13.228987892569622 14.202021404250479 14.542063893871431 12.500000000000002 17.63419262555173 17.584247711603496 17.148793509109804 20.542559915480933 21.953813894242437 10.500000000000002
decision_type=2 2 2 2 2 2 2 2 2 2 2 2 2
left_child=2 -2 -1 -3 -5 -6 8 -8 9 12 -10 -12 -7
right_child=1 3 -4 4 5 6 7 -9 10 -11 11 -13 -14
leaf_value=-0.0028126813833343161 0.01370103935800715 -0.0087501762572206997 0.0010577708950881245 0.022885411167823153 -0.019055925860176782 0.013067929784506913 0.0091529318987212047 -0.014175486382173669 0.027192084122574935 -0.0085663841160764 -0.032490490943572758 0.033174079389658738 0.013436141075584308
leaf_weight=115 119 105 116 107 104 108 111 141 123 147 129 108 101
leaf_count=115 119 105 116 107 104 108 111 141 123 147 129 108 101
internal_value=-0.000262997 -0.000131766 -0.00105603 -0.00033463 -0.000173729 -0.000363467 -0.000216718 -0.00114624 0.000111576 -0.00047619 0.000692521 -6.3025e-05 0.000690476
internal_weight=1634 1403 231 1284 1179 1072 968 252 716 356 360 237 209
internal_count=1634 1403 231 1284 1179 1072 968 252 716 356 360 237 209
is_linear=0
shrinkage=0.05


Tree=97
num_leaves=13
num_cat=0
split_feature=1 5 3 4 4 5 5 5 5 4 4 4
split_gain=0.104784 0.119211 0.108386 0.0842906 0.098813 0.149707 0.121824 0.22487 0.0580712 0.101261 0.074947 0.0244685
threshold=1.0000000180025095e-35 21.152617504822917 1.0000000180025095e-35 8.1805245558975042 14.902861214457038 15.956111674887557 17.535098129917376 19.992415925000003 17.538010117690959 15.099030993217969 8.2866159418511014 13.228987892569622
decision_type=2 2 2 2 2 2 2 2 2 2 2 2
left_child=3 2 -2 -1 11 -6 -7 -8 9 10 -4 -5
right_child=1 -3 8 4 5 6 7 -9 -10 -11 -12 -13
leaf_value=-0.0026720473141676041 -0.0046991346647249407 -0.0069546578242114772 0.0052531744239380168 0.0023850921655914907 -0.0095683608400059239 0.013342329243660859 -0.0075963669344079306 0.0074067902921469038 -0.0022156146842420999 0.02005680673510234 -0.00028681766072593515 0.018188619794693946
leaf_weight=115 126 127 101 108 106 102 102 193 123 137 194 100
leaf_count=115 126 127 101 108 106 102 102 193 123 137 194 100
internal_value=-0.000293578 0.000111249 0.0003739 -0.000689238 -0.00048455 -0.000863095 -0.000414573 -0.000929054 0.000674461 0.000946882 0.000422297 0.000430622
internal_weight=1634 808 681 826 711 503 397 295 555 432 295 208
internal_count=1634 808 681 826 711 503 397 295 555 432 295 208
is_linear=0
shrinkage=0.05


Tree=98
num_leaves=13
num_cat=0
split_feature=1 4 3 4 4 5 5 5 2 4 4 4
split_gain=0.121208 0.1661 0.097008 0.0762984 0.114534 0.135321 0.0894604 0.202102 0.0675962 0.0843674 0.0286046 0.0244685
threshold=1.0000000180025095e-35 20.562915444313223 1.0000000180025095e-35 8.1805245558975042 14.902861214457038 19.992415925000003 17.535098129917376 15.956111674887557 10.500000000000002 14.195092025950304 17.148793509109804 13.228987892569622
decision_type=2 2 2 2 2 2 2 2 2 2 2 2
left_child=3 2 -2 -1 11 6 7 -6 9 -4 -10 -5
right_child=1 -3 8 4 5 -7 -8 -9 10 -11 -12 -13
leaf_value=-0.0025384449484592412 -0.0087083070439561757 -0.0074574824381273656 0.0049920117617220632 0.0022658375573118956 -0.0090899427980056166 0.0070364507775395159 -0.0072165485876875468 0.012675212781477789 0.0082491954440067523 -0.0042635790835927655 0.018666330930509231 0.017279188804959239
leaf_weight=115 121 176 162 108 106 193 102 102 135 112 102 100
leaf_count=115 121 176 162 108 106 193 102 102 135 112 102 100
internal_value=-0.000324159 0.000111249 0.000489732 -0.000749697 -0.000554775 -0.000962301 -0.00160772 -0.00100478 0.000791016 0.000254546 0.00140756 0.000430622
internal_weight=1634 808 632 826 711 503 310 208 511 274 237 208
internal_count=1634 808 632 826 711 503 310 208 511 274 237 208
is_linear=0
shrinkage=0.05


Tree=99
num_leaves=11
num_cat=0
split_feature=4 1 5 5 5 2 3 3 2 4
split_gain=0.10744 0.0738838 0.14274 0.220531 0.137217 0.154107 0.421387 0.356545 0.0811105 0.144184
threshold=21.672450850510177 1.0000000180025095e-35 13.032917169333336 8.0278157527847238 19.992415925000003 10.500000000000002 1.5000000000000002 2.5000000000000004 10.500000000000002 17.526674035289862
decision_type=2 2 2 2 2 2 2 2 2 2
left_child=1 4 3 -3 5 7 -7 -1 -4 -10
right_child=-2 2 8 -5 -6 6 -8 -9 9 -11
leaf_value=-0.0010895293801742752 -0.0038268535715331835 0.00015322414996507186 -0.0072550637471922091 0.0070435898580323538 0.045192949247217187 0.016598881672839155 -0.014190315509675991 0.012658491403675002 0.0095751864348743911 -0.0075065579304960835
leaf_weight=185 180 125 200 116 106 101 188 155 172 106
leaf_count=185 180 125 200 116 106 101 188 155 172 106
internal_value=-0.000232416 -8.93469e-05 0.000270834 0.00126033 -0.000441576 -0.000722222 -0.00156897 1.85718e-10 -0.000229645 0.000322581
internal_weight=1634 1454 719 241 735 629 289 340 478 278
internal_count=1634 1454 719 241 735 629 289 340 478 278
is_linear=0
shrinkage=0.05


end of trees

feature_importances:
pat_historical_dur=421
doc_shrunk_avg=382
type_encoded=129
day_of_week=105
hour=75
department_encoded=17

parameters:
[boosting: gbdt]
[objective: quantile]
[metric: quantile]
[tree_learner: serial]
[device_type: cpu]
[data_sample_strategy: bagging]
[data: ]
[valid: ]
[num_iterations: 100]
[learning_rate: 0.05]
[num_leaves: 31]
[num_threads: 10]
[seed: 0]
[deterministic: 0]
[force_col_wise: 0]
[force_row_wise: 0]
[histogram_pool_size: -1]
[max_depth: -1]
[min_data_in_leaf: 100]
[min_sum_hessian_in_leaf: 0.001]
[bagging_fraction: 1]
[pos_bagging_fraction: 1]
[neg_bagging_fraction: 1]
[bagging_freq: 0]
[bagging_seed: 3]
[bagging_by_query: 0]
[feature_fraction: 1]
[feature_fraction_bynode: 1]
[feature_fraction_seed: 2]
[extra_trees: 0]
[extra_seed: 6]
[early_stopping_round: 0]
[early_stopping_min_delta: 0]
[first_metric_only: 0]
[max_delta_step: 0]
[lambda_l1: 0]
[lambda_l2: 1]
[linear_lambda: 0]
[min_gain_to_split: 0]
[drop_rate: 0.1]
[max_drop: 50]
[skip_drop: 0.5]
[xgboost_dart_mode: 0]
[uniform_drop: 0]
[drop_seed: 4]
[top_rate: 0.2]
[other_rate: 0.1]
[min_data_per_group: 100]
[max_cat_threshold: 32]
[cat_l2: 10]
[cat_smooth: 10]
[max_cat_to_onehot: 4]
[top_k: 20]
[monotone_constraints: ]
[monotone_constraints_method: basic]
[monotone_penalty: 0]
[feature_contri: ]
[forcedsplits_filename: ]
[refit_decay_rate: 0.9]
[cegb_tradeoff: 1]
[cegb_penalty_split: 0]
[cegb_penalty_feature_lazy: ]
[cegb_penalty_feature_coupled: ]
[path_smooth: 0]
[interaction_constraints: ]
[verbosity: 1]
[saved_feature_importance_type: 0]
[use_quantized_grad: 0]
[num_grad_quant_bins: 4]
[quant_train_renew_leaf: 0]
[stochastic_rounding: 1]
[linear_tree: 0]
[max_bin: 255]
[max_bin_by_feature: ]
[min_data_in_bin: 3]
[bin_construct_sample_cnt: 200000]
[data_random_seed: 1]
[is_enable_sparse: 1]
[enable_bundle: 1]
[use_missing: 1]
[zero_as_missing: 0]
[feature_pre_filter: 1]
[pre_partition: 0]
[two_round: 0]
[header: 0]
[label_column: ]
[weight_column: ]
[group_column: ]
[ignore_column: ]
[categorical_feature: ]
[forcedbins_filename: ]
[precise_float_parser: 0]
[parser_config_file: ]
[objective_seed: 5]
[num_class: 1]
[is_unbalance: 0]
[scale_pos_weight: 1]
[sigmoid: 1]
[boost_from_average: 1]
[reg_sqrt: 0]
[alpha: 0.1]
[fair_c: 1]
[poisson_max_delta_step: 0.7]
[tweedie_variance_power: 1.5]
[lambdarank_truncation_level: 30]
[lambdarank_norm: 1]
[label_gain: ]
[lambdarank_position_bias_regularization: 0]
[eval_at: ]
[multi_error_top_k: 1]
[auc_mu_weights: ]
[num_machines: 1]
[local_listen_port: 12400]
[time_out: 120]
[machine_list_filename: ]
[machines: ]
[gpu_platform_id: -1]
[gpu_device_id: -1]
[gpu_device_id_list: ]
[gpu_use_dp: 0]
[num_gpu: 1]

end of parameters

pandas_categorical:[]
