tree
version=v4
num_class=1
num_tree_per_iteration=1
label_index=0
max_feature_idx=5
objective=quantile
feature_names=department_encoded type_encoded hour day_of_week doc_shrunk_avg pat_historical_dur
feature_infos=[0:3] [0:1] [9:16] [0:4] [6.6778384499999985:30.514829083333332] [4.3504021333333336:36.708713016666671]
tree_sizes=2611 2770 2767 2777 2778 2793 2772 2803 2799 2815 2801 2789 2784 2800 2813 2813 2800 2817 2796 2808 2802 2812 2826 2815 2824 2837 2812 2811 2808 2805 2825 2842 2809 2818 2819 2824 2833 2839 2833 2844 2813 2844 2844 2841 2837 2837 2814 2842 2850 2842 2875 2833 2827 2852 2853 2840 2818 2843 2825 2823 2842 2826 2845 2843 2831 2860 2838 2829 2839 2852 2823 2854 2831 2830 2854 2833 2870 2846 2852 2815 2847 2830 2830 2849 2857 2856 2831 2859 2842 2823 2843 2828 2830 2820 2851 2857 2851 2844 2862 2823

Tree=0
num_leaves=31
num_cat=0
split_feature=5 1 4 5 5 4 4 3 4 3 4 5 5 5 1 2 4 4 5 5 5 2 4 4 2 4 4 3 5 3
split_gain=7.37966 8.55399 1.41323 1.50341 1.1242 1.32615 0.46162 0.348587 0.277015 0.213333 0.173134 0.311565 0.0890917 0.190389 0.774446 0.190075 0.0707842 0.0800569 0.115702 0.241588 0.0807024 0.130189 0.0680298 0.289403 0.0616953 0.11589 0.0290084 0.025188 0.0199853 0.0930954
threshold=9.9491918083333335 1.0000000180025095e-35 8.2042198701034739 8.0617085956632835 8.0212768612002119 7.5577506640880356 20.491858216648414 2.5000000000000004 7.567321002717593 1.5000000000000002 8.3190743427159308 7.9897162130585526 20.949966580083771 21.040815150554661 1.0000000180025095e-35 14.500000000000002 7.5577506640880356 7.6123109890964491 8.0117185127893737 8.0407843482211785 8.266594988470322 9.5000000000000018 22.60877347675147 22.182657255829699 9.5000000000000018 20.809343447938371 21.239492679033511 2.5000000000000004 14.354176996385094 1.0000000180025095e-35
decision_type=2 2 2 2 2 2 2 2 2 2 2 2 2 2 2 2 2 2 2 2 2 2 2 2 2 2 2 2 2 2
left_child=1 2 4 10 5 -1 28 -5 -6 -7 -4 -12 26 14 -14 22 -3 -18 -19 -20 -21 -22 23 24 -15 -26 -8 -24 29 -2
right_child=6 16 3 7 8 9 12 -9 -10 -11 11 -13 13 15 -16 -17 17 18 19 20 21 -23 27 -25 25 -27 -28 -29 -30 -31
leaf_value=5.6096185793329667 5.7753279715284753 5.8098973824423075 5.6635282517156327 5.5441366160146472 5.6334344749696958 5.5873289120362113 5.85934059993488 5.6688870433771426 5.6238733830916612 5.5738335047273697 5.7606229687359489 5.6683320193905535 5.5062228202819821 5.8760386143370766 6.2058473970670889 5.6626850988779545 5.717947817479482 5.8303270060689503 5.6562228202819824 5.8478795387889457 5.8566362857830487 5.657352030331471 5.9416490963535988 5.6037781831363311 5.7263810012343344 6.0477058606811394 5.9820242793259348 6.1232166290866097 6.0371548656470795 5.8711252071929412
leaf_weight=37 31 70 21 34 26 20 24 21 30 30 25 34 26 30 33 24 21 77 20 48 23 30 67 30 27 97 55 28 953 187
leaf_count=37 31 70 21 34 26 20 24 21 30 30 25 34 26 30 33 24 21 77 20 48 23 30 67 30 27 97 55 28 953 187
internal_value=5.72913 5.71932 5.7068 5.71414 5.69987 5.69276 5.73259 5.70141 5.71092 5.68214 5.72289 5.72566 5.72983 5.72916 5.72397 5.73018 5.73137 5.73048 5.73111 5.72918 5.73117 5.72848 5.73091 5.72979 5.73154 5.73252 5.73287 5.73308 5.73362 5.73276
internal_weight=2179 567 278 135 143 87 1612 55 56 50 80 59 441 362 59 303 289 219 198 121 101 53 279 184 154 124 79 95 1171 218
internal_count=2179 567 278 135 143 87 1612 55 56 50 80 59 441 362 59 303 289 219 198 121 101 53 279 184 154 124 79 95 1171 218
is_linear=0
shrinkage=1


Tree=1
num_leaves=31
num_cat=0
split_feature=5 1 4 5 4 5 5 3 3 5 1 4 5 2 4 4 3 4 4 5 5 5 2 1 5 4 1 4 1 5
split_gain=5.649 6.6676 1.5834 1.08202 1.06073 0.641321 0.591896 0.406349 0.210873 0.190227 0.760621 0.186864 0.311565 0.169543 0.0884709 0.229202 0.513984 0.0707842 0.0800569 0.115702 0.241588 0.0807024 0.130189 0.0576219 0.075 0.0482143 0.0448513 0.0797101 0.0290413 0.0426183
threshold=9.9491918083333335 1.0000000180025095e-35 8.1931745393710909 8.0212768612002119 7.5577506640880356 8.0617085956632835 20.949966580083771 2.5000000000000004 2.5000000000000004 21.040815150554661 1.0000000180025095e-35 8.3190743427159308 7.9897162130585526 14.500000000000002 21.738113586558729 22.60877347675147 2.5000000000000004 7.5577506640880356 7.6123109890964491 8.0117185127893737 8.0407843482211785 8.266594988470322 9.5000000000000018 1.0000000180025095e-35 21.86037211941829 20.809343447938371 1.0000000180025095e-35 23.233825698598146 1.0000000180025095e-35 19.861967316666671
decision_type=2 2 2 2 2 2 2 2 2 2 2 2 2 2 2 2 2 2 2 2 2 2 2 2 2 2 2 2 2 2
left_child=1 2 3 4 -1 11 28 -5 -7 10 -8 -4 -13 14 23 16 -16 -3 -19 -20 -21 -22 -23 -11 25 -25 27 -17 29 -2
right_child=6 17 5 7 -6 8 9 -9 -10 13 -12 12 -14 -15 15 26 -18 18 19 20 21 22 -24 24 -26 -27 -28 -29 -30 -31
leaf_value=-0.10756609888231239 0.16470378197524019 0.072684823916094307 -0.077175578576141393 -0.072670703474453993 -0.15508812165687308 -0.16649986586879956 -0.20062228202819821 -0.12988988591031628 -0.054224481242553947 0.14539450138835594 0.43131003498057335 0.028337851580371432 -0.054724002830484425 -0.059135483524870483 -0.15424022531390685 0.32881371233045426 0.24964393281707764 -0.010069784550448269 0.091071485180072465 -0.065622282028198239 0.10686876462806892 0.11474983692276108 -0.064605992983658475 -0.072638100123433441 0.75877575330025682 0.43425261974073409 0.32680312858089045 0.020920113528851838 0.43406855810520312 0.12921062066407582
leaf_weight=37 555 70 27 36 44 34 34 20 21 84 38 25 34 25 23 22 37 21 77 20 48 23 30 20 32 28 49 24 590 51
leaf_count=37 555 70 27 36 44 34 34 20 21 84 38 25 34 25 23 22 37 21 77 20 48 23 30 20 32 28 49 24 590 51
internal_value=0.000181276 -0.00840388 -0.0194604 -0.0271168 -0.0345062 -0.0120213 0.00320099 -0.0164286 -0.0204545 -4.80768e-05 -0.00472222 -0.00662791 -0.00347458 0.000930233 0.00155172 -0.00016129 -0.005 0.00223183 0.00134703 0.0019697 4.13224e-05 0.0020297 -0.000660377 0.00317073 0.00125 -0.00125 0.00289474 0.000652174 0.0043311 0.00384488
internal_weight=2179 567 278 137 81 141 1612 56 55 416 72 86 59 344 319 155 60 289 219 198 121 101 53 164 80 48 95 46 1196 606
internal_count=2179 567 278 137 81 141 1612 56 55 416 72 86 59 344 319 155 60 289 219 198 121 101 53 164 80 48 95 46 1196 606
is_linear=0
shrinkage=0.1


Tree=2
num_leaves=31
num_cat=0
split_feature=5 1 4 5 4 5 5 5 5 3 4 5 4 4 4 4 5 5 4 4 5 5 5 2 1 4 1 4 5 3
split_gain=4.9265 5.81241 1.03013 1.21799 0.746232 0.641321 0.599415 0.264352 0.259766 0.210873 0.186864 0.311565 0.113095 0.251488 0.0866788 0.245539 0.122058 0.369835 0.0707842 0.0800569 0.115702 0.241588 0.0807024 0.130189 0.0661765 0.0588235 0.0514787 0.09 0.122093 0.101933
threshold=9.9491918083333335 1.0000000180025095e-35 8.1931745393710909 8.0212768612002119 7.5396213078317071 8.0617085956632835 19.861967316666671 8.1267633984212129 7.871227706840048 2.5000000000000004 8.3190743427159308 7.9897162130585526 23.233825698598146 23.92312367279704 22.60877347675147 22.182657255829699 21.040815150554661 20.987906254051993 7.5577506640880356 7.6123109890964491 8.0117185127893737 8.0407843482211785 8.266594988470322 9.5000000000000018 1.0000000180025095e-35 21.239492679033511 1.0000000180025095e-35 21.414186740531608 22.066609629307667 2.5000000000000004
decision_type=2 2 2 2 2 2 2 2 2 2 2 2 2 2 2 2 2 2 2 2 2 2 2 2 2 2 2 2 2 2
left_child=1 2 3 4 -1 10 -2 -5 -6 -7 -4 -12 14 -14 15 16 17 24 -3 -20 -21 -22 -23 -24 25 -8 -18 28 29 -28
right_child=6 18 5 7 8 9 12 -9 -10 -11 11 -13 13 -15 -16 -17 26 -19 19 20 21 22 23 -25 -26 -27 27 -29 -30 -31
leaf_value=-0.059294014608511074 0.22962460337570112 0.065416341524484875 -0.069458020718527275 -0.046176663571172727 -0.15164155299484347 -0.14984987928191959 -0.075904081744192595 -0.11932288966529531 -0.094794928044865723 -0.04880203311829856 0.025504066422334316 -0.04925160254743597 -0.1871874536243186 0.10950245483055276 0.27620710755090799 -0.11557322091644776 0.12124405952993325 -0.11296393286764675 -0.0090628060954034417 0.081964336662065221 -0.059060053825378406 0.096181888165262033 0.10327485323048498 -0.05814539368529266 0.42274643466298018 0.41178766121072763 -0.065374289770087163 0.39978569021866722 0.79043610166241818 0.45774563025267051
leaf_weight=26 1100 70 27 33 21 34 34 23 34 21 25 34 24 32 45 30 113 32 21 77 20 48 23 30 68 34 21 36 21 22
leaf_count=26 1100 70 27 33 21 34 34 23 34 21 25 34 24 32 45 30 113 32 21 77 20 48 23 30 68 34 21 36 21 22
internal_value=0.000318954 -0.00769841 -0.0180216 -0.0241971 -0.032037 -0.0120213 0.00313896 -0.0128571 -0.0386364 -0.0204545 -0.00662791 -0.00347458 0.0003125 -0.00392857 0.000833333 0.000377129 0.00106299 -0.000952381 0.00223183 0.00134703 0.0019697 4.13224e-05 0.0020297 -0.000660377 0.00132353 -0.000882353 0.00265258 0.001 -0.00125 -0.00430233
internal_weight=2179 567 278 137 81 141 1612 56 55 55 86 59 512 56 456 411 381 168 289 219 198 121 101 53 136 68 213 100 64 43
internal_count=2179 567 278 137 81 141 1612 56 55 55 86 59 512 56 456 411 381 168 289 219 198 121 101 53 136 68 213 100 64 43
is_linear=0
shrinkage=0.1


Tree=3
num_leaves=31
num_cat=0
split_feature=5 1 4 5 5 4 5 4 5 4 5 5 3 4 4 4 1 5 5 5 2 4 4 5 5 5 2 4 4 5
split_gain=4.20118 4.64666 1.41749 1.06624 0.625416 0.620081 0.471604 0.330297 0.264352 0.209201 0.314747 0.146104 0.143371 0.12331 0.0957983 0.229008 0.103969 0.383777 0.42128 0.147465 0.104083 0.0895862 0.1039 0.12053 0.211273 0.0740666 0.130189 0.04 0.0393577 0.037613
threshold=9.9491918083333335 1.0000000180025095e-35 8.1931745393710909 8.0212768612002119 8.015006641343696 7.5396213078317071 19.861967316666671 8.3190743427159308 8.1267633984212129 8.5690989285158068 8.5389133843137284 7.9072214911560748 1.0000000180025095e-35 23.464738718929173 22.60877347675147 22.182657255829699 1.0000000180025095e-35 21.040815150554661 20.949966580083771 22.504633485025305 12.500000000000002 7.5577506640880356 7.642826414045083 8.0117185127893737 8.0453506965418171 8.266594988470322 9.5000000000000018 21.281171989593407 15.463525388547213 15.162769526965944
decision_type=2 2 2 2 2 2 2 2 2 2 2 2 2 2 2 2 2 2 2 2 2 2 2 2 2 2 2 2 2 2
left_child=1 2 3 5 7 -1 28 -4 -5 -6 -11 -7 -8 14 15 16 17 18 -14 -19 -18 -3 -23 -24 -25 -26 -27 -22 29 -2
right_child=6 21 4 8 9 11 12 -9 -10 10 -12 -13 13 -15 -16 -17 20 19 -20 -21 27 22 23 24 25 26 -28 -29 -30 -31
leaf_value=-0.053364613147659945 0.10682783813286499 0.058874707372036372 -0.062512218646674542 -0.04155899721405542 -0.07159391299656237 -0.13195342406191546 0.14453305534457989 0.017513737241497917 -0.10739060069876574 -0.056501849449698674 -0.095588985462836631 -0.083559105843132808 0.025732484935499046 -0.069117164228222366 0.15671020585594755 -0.10676417254836708 0.37484875006691221 0.1960339917713273 -0.17167255078708654 -0.0013797245228561296 0.41405860871181627 -0.0066981904593662453 0.083034312782319653 -0.053154048442840551 0.091257555515612945 0.092947367907436462 -0.052330854316763369 -0.037201838627673088 0.30478849743770903 0.11273454856287018
leaf_weight=26 370 70 27 33 21 35 97 34 23 36 23 20 38 37 38 29 107 72 28 21 25 32 72 21 41 23 30 20 641 89
leaf_count=26 370 70 27 33 21 35 97 34 23 36 23 20 38 37 38 29 107 72 28 21 25 32 72 21 41 23 30 20 641 89
internal_value=0.000410739 -0.00699295 -0.016223 -0.0234672 -0.0091844 -0.0308025 0.00301489 -0.00155738 -0.0128571 -0.015 -0.0119492 -0.0368182 0.000507813 -0.000301205 0.000238095 -0.000294118 0.000498392 -0.00128931 -0.00712121 0.00284946 0.00236842 0.00188581 0.000890411 0.00179144 -0.000217391 0.00180851 -0.000660377 -0.00166667 0.00418182 0.00347495
internal_weight=2179 567 278 137 141 81 1612 61 56 80 59 55 512 415 378 340 311 159 66 93 152 289 219 187 115 94 53 45 1100 459
internal_count=2179 567 278 137 141 81 1612 61 56 80 59 55 512 415 378 340 311 159 66 93 152 289 219 187 115 94 53 45 1100 459
is_linear=0
shrinkage=0.1


Tree=4
num_leaves=31
num_cat=0
split_feature=4 1 4 5 5 4 5 4 5 5 4 5 1 3 5 3 5 4 1 2 5 4 3 4 4 4 4 5 5 5
split_gain=3.66667 3.89505 1.10137 0.615752 0.565488 0.387821 0.331915 0.25974 0.576726 0.230415 0.156383 0.153107 0.760621 0.195233 0.176042 0.132273 0.169827 0.236025 0.156863 0.123355 0.121569 0.117371 0.100817 0.218064 0.0845283 0.0590241 0.283333 0.0454406 0.092792 0.0439862
threshold=9.8499136962305673 1.0000000180025095e-35 7.9775123899013751 20.949966580083771 8.0212768612002119 7.5396213078317071 8.0571946510690733 8.5096759620854154 7.8858941212356539 8.1452772889218128 7.5772943024752992 21.040815150554661 1.0000000180025095e-35 2.5000000000000004 21.152617504822917 1.0000000180025095e-35 22.504633485025305 23.92312367279704 1.0000000180025095e-35 9.5000000000000018 22.634745314845151 7.5577506640880356 2.5000000000000004 8.1931745393710909 8.5582999337179473 8.3927907817162666 8.5479729954916923 21.776906625236375 21.91572576859669 19.861967316666671
decision_type=2 2 2 2 2 2 2 2 2 2 2 2 2 2 2 2 2 2 2 2 2 2 2 2 2 2 2 2 2 2
left_child=1 2 4 29 5 -1 -6 8 -4 -9 -7 12 -5 14 -13 20 18 -18 -17 -10 -16 -3 25 -24 -25 -23 -27 -15 -29 -2
right_child=3 21 7 11 6 10 -8 9 19 -11 -12 13 -14 27 15 16 17 -19 -20 -21 -22 22 23 24 -26 26 -28 28 -30 -31
leaf_value=-0.048028151832893953 0.19808370830731584 0.053165161270510103 -0.075563885787653259 -0.15339350015810727 -0.034578979961947545 -0.12588738566102753 -0.093622969972116471 -0.057264714632822768 0.021017115035273939 -0.08916362830272917 -0.080724606122574649 0.27492311767576338 0.30841951300952675 0.33709952733680604 -0.017230776874222687 0.10231782469261973 -0.14268040955218481 0.15849815912047852 -0.029378667669270827 -0.015636199992705185 0.38820476492327372 0.06694781470520457 -0.0071918721485027233 0.1703120464744402 -0.030475614043414236 -0.047838643598556455 0.10433094434857147 -0.058577888403151146 0.47298040061721702 0.14348678653380317
leaf_weight=26 1118 71 20 34 21 20 31 32 25 31 27 32 38 66 20 24 38 20 27 32 31 79 27 28 25 20 34 22 64 96
leaf_count=26 1118 71 20 34 21 20 31 32 25 31 27 32 38 66 20 24 38 20 27 32 31 79 27 28 25 20 34 22 64 96
internal_value=0.000410739 -0.00665756 -0.0153774 0.00279141 -0.0222 -0.0278767 -0.0142308 -0.00928571 -0.00538961 -0.0140476 -0.0332979 -0.000528846 -0.00472222 0.000348837 -0.00177083 -0.003125 -0.00509174 -0.0087931 -0.000882353 -0.000263158 0.00107843 0.00147887 0.000305164 -0.0025 0.00122642 0.00199248 -0.000555555 0.00302632 0.00151163 0.00392916
internal_weight=2179 549 265 1630 125 73 52 140 77 63 47 416 72 344 192 160 109 58 51 57 51 284 213 80 53 133 54 152 86 1214
internal_count=2179 549 265 1630 125 73 52 140 77 63 47 416 72 344 192 160 109 58 51 57 51 284 213 80 53 133 54 152 86 1214
is_linear=0
shrinkage=0.1


Tree=5
num_leaves=31
num_cat=0
split_feature=4 1 4 4 5 4 5 2 5 4 5 5 4 5 5 3 5 1 5 4 4 5 5 4 5 5 2 1 5 5
split_gain=3.21428 3.01727 1.37372 0.576067 0.457652 0.387058 0.331915 0.28926 0.249767 0.497587 0.658254 0.2405 0.150167 0.174599 0.117505 0.0907226 0.154132 0.228938 0.0803515 0.0753625 0.116351 0.0911565 0.266667 0.0595618 0.098542 0.197138 0.0548246 0.0529672 0.0618174 0.321556
threshold=11.699886576952366 1.0000000180025095e-35 7.9775123899013751 21.186699431540653 8.0212768612002119 7.5577506640880356 8.0571946510690733 14.500000000000002 7.8858941212356539 8.5096759620854154 8.1452772889218128 8.6347095093171315 22.60877347675147 22.318424906493508 9.9491918083333335 1.5000000000000002 21.040815150554661 1.0000000180025095e-35 21.776906625236375 7.5577506640880356 7.642826414045083 8.0117185127893737 8.0453506965418171 20.491858216648414 21.212653007751378 20.974502233146222 9.5000000000000018 1.0000000180025095e-35 15.185917163070986 15.162769526965944
decision_type=2 2 2 2 2 2 2 2 2 2 2 2 2 2 2 2 2 2 2 2 2 2 2 2 2 2 2 2 2 2
left_child=1 2 4 14 5 -1 -6 12 -4 26 -11 19 13 15 -2 -5 17 -17 -18 -3 -21 -22 -23 27 25 -25 -10 28 29 -16
right_child=3 11 8 7 6 -7 -8 -9 9 10 -12 -13 -14 -15 23 16 18 -19 -20 20 21 22 -24 24 -26 -27 -28 -29 -30 -31
leaf_value=-0.058620618387704139 0.034231128638357915 0.050157593073426737 -0.066702567247975894 0.17770864744638981 -0.031121081965752764 -0.11703351674131279 -0.084260672974904804 -0.03139711609689886 0.018915403531746512 -0.053493645096108634 -0.078161461782368893 -0.03389904817316973 0.16583110634241677 -0.10573643946343106 0.08917020548431058 -0.069695125625914581 0.28225830995062523 0.37500379751354018 -0.030067187085388802 -0.0053091841985793376 0.068667284904280965 -0.043141594361897254 0.08131466047635616 0.27439928464552799 0.30338449209739698 -0.10519529422129713 -0.014072579993434704 0.38638419813604863 0.18046935218536114 -0.060978530759541717
leaf_weight=37 24 68 23 52 21 36 31 24 25 29 39 47 98 39 203 30 32 26 27 32 67 20 60 31 49 37 32 561 346 33
leaf_count=37 24 68 23 52 21 36 31 24 25 29 39 47 98 39 203 30 32 26 27 32 67 20 60 31 49 37 32 561 346 33
internal_value=0.000364846 -0.00611111 -0.0136813 0.00264268 -0.0214 -0.0265068 -0.0142308 -0.00109756 -0.00716216 -0.0054 -0.0111765 0.000918367 -0.000263158 -0.00179612 0.00359813 -0.000389221 -0.00195652 -0.00571429 0.00161017 0.00216599 0.00108939 0.00227891 1.30385e-10 0.00373016 0.0015812 -0.000882353 0.00149123 0.00395013 0.00328179 0.0020339
internal_weight=2179 567 273 1612 125 73 52 328 148 125 68 294 304 206 1284 167 115 56 59 247 179 147 80 1260 117 68 57 1143 582 236
internal_count=2179 567 273 1612 125 73 52 328 148 125 68 294 304 206 1284 167 115 56 59 247 179 147 80 1260 117 68 57 1143 582 236
is_linear=0
shrinkage=0.1


Tree=6
num_leaves=31
num_cat=0
split_feature=4 1 4 5 4 4 4 5 4 5 5 1 2 2 4 4 4 5 2 4 4 4 4 2 3 3 4 4 5 5
split_gain=2.51168 2.44204 1.06113 0.685074 0.40812 0.844307 0.389595 0.286254 0.388764 0.449836 0.2405 0.189395 0.512523 0.534815 0.239087 0.18 0.126332 0.161703 0.119665 0.164268 0.0996604 0.108222 0.270399 0.126233 0.0970323 0.078341 0.0753625 0.116351 0.0911565 0.266667
threshold=11.699886576952366 1.0000000180025095e-35 7.9775123899013751 20.860216788090124 7.5271333396249132 7.5476364677995553 7.5772943024752992 7.8858941212356539 8.5096759620854154 8.1452772889218128 8.6347095093171315 1.0000000180025095e-35 10.500000000000002 9.5000000000000018 23.160782668137188 7.6566189077727076 21.186699431540653 21.012319677726317 12.500000000000002 20.736349479098198 15.586667211208335 14.941317499487722 15.185066504054875 10.500000000000002 1.5000000000000002 2.5000000000000004 7.5577506640880356 7.642826414045083 8.0117185127893737 8.0453506965418171
decision_type=2 2 2 2 2 2 2 2 2 2 2 2 2 2 2 2 2 2 2 2 2 2 2 2 2 2 2 2 2 2
left_child=1 2 4 20 -1 -6 -7 -4 -9 -10 26 12 13 -5 16 -8 -14 -18 -13 -20 21 -2 23 -23 -24 -19 -3 -28 -29 -30
right_child=3 10 7 11 5 6 15 8 9 -11 -12 18 14 -15 -16 -17 17 25 19 -21 -22 22 24 -25 -26 -27 27 28 29 -31
leaf_value=-0.11237506056290369 0.12756655254082377 0.045141833766084098 -0.060032310523178291 -0.044091382934412678 -0.0085605036721830407 -0.10298563838743979 -0.02302898699192597 0.0066198298331683033 -0.048144280586497779 -0.070345315604132042 -0.030509143355852794 0.23741709075411663 0.38466323827711285 -0.10630253551463592 -0.17205494850046421 -0.078106033669993843 -0.058849670712566172 0.0075218217781058971 0.58405017110960045 -0.045817208352674589 0.2484122314311209 0.057810453182227287 0.046479235127561927 -0.067819762937506259 0.21893608092356243 0.18540293597060278 -0.0047782657787213863 0.061800556413852847 -0.03882743492570756 0.073183194428720538
leaf_weight=22 320 68 23 48 29 24 25 57 29 39 47 168 64 27 20 25 23 28 21 47 625 35 31 27 94 34 32 67 20 60
leaf_count=22 320 68 23 48 29 24 25 57 29 39 47 168 64 27 20 25 23 28 21 47 625 35 31 27 94 34 32 67 20 60
internal_value=0.000318954 -0.00540564 -0.0122161 0.00233251 -0.019 -0.0163592 -0.022027 -0.00648649 -0.0046 -0.00970588 0.000918367 -0.000833333 -0.00278689 -0.00966667 0.000266272 -0.017 0.0016443 -0.000882353 0.00118644 -0.00235294 0.00367491 0.00263314 0.000721925 -0.00467742 0.0034 0.00177419 0.00216599 0.00108939 0.00227891 1.30385e-10
internal_weight=2179 567 273 1612 125 103 74 148 125 68 294 480 244 75 169 50 149 85 236 68 1132 507 187 62 125 62 247 179 147 80
internal_count=2179 567 273 1612 125 103 74 148 125 68 294 480 244 75 169 50 149 85 236 68 1132 507 187 62 125 62 247 179 147 80
is_linear=0
shrinkage=0.1


Tree=7
num_leaves=31
num_cat=0
split_feature=5 1 4 5 5 4 5 3 2 2 1 5 5 4 4 5 4 4 4 5 5 2 1 2 5 4 4 5 3 4
split_gain=2.0262 2.14797 0.619575 0.514747 0.492884 0.343174 0.602039 0.274887 0.397373 0.236255 0.158251 0.483547 0.217269 0.265289 0.156717 0.17928 0.136704 0.112526 0.0768345 0.0743411 0.130435 0.140635 0.0651338 0.0583406 0.0767017 0.153338 0.131284 0.0764071 0.0740157 0.0666667
threshold=10.402040591666667 1.0000000180025095e-35 8.2383828358262203 8.015006641343696 20.949966580083771 7.5271333396249132 7.871227706840048 1.5000000000000002 10.500000000000002 14.500000000000002 1.0000000180025095e-35 21.040815150554661 22.142677999947924 22.60877347675147 8.5690989285158068 8.5389133843137284 21.372896575598329 11.699886576952366 7.567321002717593 21.152617504822917 21.86037211941829 11.500000000000002 1.0000000180025095e-35 11.500000000000002 17.609598029055611 15.135349400712927 14.941317499487722 17.640653113263117 1.5000000000000002 13.872815155575783
decision_type=2 2 2 2 2 2 2 2 2 2 2 2 2 2 2 2 2 2 2 2 2 2 2 2 2 2 2 2 2 2
left_child=1 2 5 -4 17 -1 -7 8 -8 10 11 -6 -13 16 -5 -16 -14 -2 -9 -12 21 -21 23 24 25 26 28 -26 -19 -30
right_child=4 -3 3 14 9 6 7 18 -10 -11 19 12 13 -15 15 -17 -18 22 -20 20 -22 -23 -24 -25 27 -27 -28 -29 29 -31
leaf_value=-0.10113755450661338 -0.0069609852834848834 0.033655512299296843 0.010256134379853017 -0.047892457023173754 -0.11957811238196765 -0.089611047199008032 -0.055377557285407775 -0.0081738345309542645 -0.00080613997340778796 -0.018528029593531354 0.22503380556261857 0.19594873943471927 -0.00052506320464592042 0.12673696082331362 -0.032992206544243792 -0.063705991257592659 -0.10958445516697089 0.15899737448455814 -0.020917395607358127 0.74614640240181318 0.23126274153499971 -0.082332888127008841 0.327789730936831 0.14373958594255729 -0.05488492214966794 0.17141166657711732 -0.049716849939722946 0.061175808257959853 0.033899294993422834 -0.00932710789579623
leaf_weight=22 23 294 45 22 33 29 29 21 21 27 55 81 23 39 36 26 20 47 31 26 92 20 573 202 31 146 28 57 20 60
leaf_count=22 23 294 45 22 33 29 29 21 21 27 55 81 23 39 36 26 20 47 31 26 92 20 573 202 31 146 28 57 20 60
internal_value=0.000364846 -0.00472222 -0.0109574 -0.00585271 0.00219276 -0.0152614 -0.0133206 -0.00970588 -0.015 -0.000769231 -0.000141388 -0.00214286 9.20247e-05 -0.00353659 -0.0104762 -0.00790323 -0.00895349 0.00323083 -0.00461538 0.00189119 0.000652174 -0.00369565 0.0033677 0.00263113 0.00191517 0.00267442 0.000483871 -0.000681818 0.00185039 1.30385e-10
internal_weight=2179 576 282 129 1603 153 131 102 50 416 389 196 163 82 84 62 43 1187 52 193 138 46 1164 591 389 301 155 88 127 80
internal_count=2179 576 282 129 1603 153 131 102 50 416 389 196 163 82 84 62 43 1187 52 193 138 46 1164 591 389 301 155 88 127 80
is_linear=0
shrinkage=0.1


Tree=8
num_leaves=31
num_cat=0
split_feature=0 1 4 2 4 5 4 4 5 5 4 5 3 4 4 4 2 5 5 5 4 5 2 3 5 5 4 5 2 4
split_gain=1.79526 1.6006 1.24564 0.456231 0.398265 0.700275 0.344143 0.558242 0.543478 0.33535 0.262624 0.252676 0.182961 0.213517 0.498843 0.338983 0.224888 0.26087 0.22893 0.123643 0.0739216 0.118004 0.19716 0.182713 0.285057 0.0852826 0.125161 0.0680556 0.0650131 0.14773
threshold=1.5000000000000002 1.0000000180025095e-35 8.2383828358262203 11.500000000000002 7.5271333396249132 7.871227706840048 7.671673155046471 7.5476364677995553 7.9944035223765191 8.015006641343696 12.024656452076721 22.587422680330523 1.0000000180025095e-35 21.396082200610937 22.60877347675147 21.239492679033511 10.500000000000002 9.3722974925000013 8.1452772889218128 10.402040591666667 16.773250739507059 15.162769526965944 12.500000000000002 1.0000000180025095e-35 14.596519522248219 17.609598029055611 17.835895765845667 15.174470191405693 12.500000000000002 20.736349479098198
decision_type=2 2 2 2 2 2 2 2 2 2 2 2 2 2 2 2 2 2 2 2 2 2 2 2 2 2 2 2 2 2
left_child=1 2 4 9 -1 -6 7 -7 -9 -4 -2 -5 -11 15 -15 16 17 18 -14 -12 21 23 27 24 -21 -22 -27 -23 -3 -30
right_child=10 28 3 11 5 6 -8 8 -10 12 19 -13 13 14 -16 -17 -18 -19 -20 20 25 22 -24 -25 -26 26 -28 -29 29 -31
leaf_value=-0.091023799055952023 -0.009238639417035524 0.03957429861815652 0.0070510128575615146 0.18438483312850187 -0.080649942479107242 0.030601935364175555 -0.0066144553489627129 -0.036962554013210303 -0.067368859516223942 -0.010653731941313006 -0.027576905940694375 -0.079353204532949306 -0.040496008752098779 -0.080227400424925266 0.0041328811286382326 0.50421792981401681 -0.01640579773839046 -0.11258385140291743 0.018953715093637309 -0.081416979040895801 0.27568001803179237 -0.024109355063442361 -0.032058158014971437 0.15716127905350386 0.23965452255149994 0.22280343419449627 -0.012614469852915811 0.087318307818860921 0.30386146796312918 -0.030574604862266538
leaf_weight=22 24 467 38 107 29 22 36 23 23 33 21 22 26 28 23 20 29 23 20 29 343 24 22 312 31 150 39 120 22 51
leaf_count=22 24 467 38 107 29 22 36 23 23 33 21 22 26 28 23 20 29 23 20 29 343 24 22 312 31 150 39 120 22 51
internal_value=4.35981e-05 -0.00289474 -0.00683206 -0.00367209 -0.0143548 -0.0122932 -0.00846154 -0.0126471 -0.018913 -0.00625 0.00284753 0.00112403 -0.00787129 -0.00920118 -0.0146078 -0.00686441 -0.00928571 -0.0123913 -0.00804348 0.00307516 0.0032243 0.00239777 0.000180723 0.0033871 -0.00166667 0.00406015 0.0023545 0.00152778 0.000925926 -0.00184931
internal_weight=2179 1064 524 369 155 133 104 68 46 240 1115 129 202 169 51 118 98 69 46 1091 1070 538 166 372 60 532 189 144 540 73
internal_count=2179 1064 524 369 155 133 104 68 46 240 1115 129 202 169 51 118 98 69 46 1091 1070 538 166 372 60 532 189 144 540 73
is_linear=0
shrinkage=0.1


Tree=9
num_leaves=31
num_cat=0
split_feature=4 1 4 5 4 1 2 3 5 2 4 4 5 5 5 4 4 2 1 3 5 5 2 3 4 5 2 4 3 3
split_gain=1.75165 1.06183 0.760096 0.659229 0.590204 0.226658 0.218086 0.768253 0.23328 0.165259 0.162578 0.161683 0.155802 0.231903 0.33816 0.136016 0.31482 0.133085 0.122725 0.147947 0.191138 0.139013 0.114433 0.113152 0.169743 0.202261 0.19091 0.328791 0.110257 0.241071
threshold=12.024656452076721 1.0000000180025095e-35 7.5271333396249132 7.871227706840048 21.107402369817674 1.0000000180025095e-35 9.5000000000000018 1.5000000000000002 7.9458928629981891 13.500000000000002 8.2114772452009444 9.2005625012115164 20.949966580083771 21.259973055752763 22.142677999947924 8.5690989285158068 7.7773482055686145 12.500000000000002 1.0000000180025095e-35 1.5000000000000002 14.276915014741986 21.040815150554661 10.500000000000002 1.5000000000000002 15.003233094274648 15.162769526965944 10.500000000000002 17.835895765845667 2.5000000000000004 3.5000000000000004
decision_type=2 2 2 2 2 2 2 2 2 2 2 2 2 2 2 2 2 2 2 2 2 2 2 2 2 2 2 2 2 2
left_child=1 2 -1 -4 18 12 7 -5 -8 -7 -9 28 -6 -14 -15 16 -10 22 23 20 -20 -22 -16 -2 25 -25 27 -26 -3 -30
right_child=4 11 3 6 5 9 8 10 15 -11 -12 -13 13 14 17 -17 -18 -19 19 -21 21 -23 -24 24 26 -27 -28 -29 29 -31
leaf_value=-0.081921419150356833 0.12822026239654044 0.038992863308737177 -0.068278509941633647 -0.076576532835431532 0.051893665497571288 0.16453798305952455 0.0095201172199099182 -0.025237668191747598 -0.012676371671060921 -0.013340778557531456 0.012602583359737735 -0.031973415381017743 -0.044287771421871638 0.21923787104898809 -0.057497053815606269 0.018685971352490057 -0.052773226530153088 -0.07509067635861455 -0.041707431660967534 0.2936395238643606 0.31442104659667508 -0.071392883246179942 0.11715002724188567 0.022263391974299326 0.10573662252511751 -0.064249987787153809 0.1582545251770579 -0.093768162725122992 -0.0091130682875679783 0.061602675713906409
leaf_weight=22 229 163 36 29 32 140 29 21 42 26 33 22 33 32 29 38 29 21 27 405 169 20 23 99 96 27 170 25 48 64
leaf_count=22 229 163 36 29 32 140 29 21 42 26 33 22 33 32 29 38 29 21 27 405 169 20 23 99 96 27 170 25 48 64
internal_value=0.000181276 -0.00454861 -0.00897849 -0.00745136 0.00188085 -0.00184524 -0.00540724 -0.00945783 -0.00297101 0.000783133 -0.00240741 -0.000387205 -0.00441176 -0.00586957 -0.00357143 -0.00509174 -0.00767606 -0.00732877 0.00286898 0.00387279 0.00175926 0.0028836 -0.00461538 0.00190402 0.000923262 -0.00214286 0.00225086 -0.000785124 0.000272727 -0.00214286
internal_weight=2179 576 279 257 1603 336 221 83 138 166 54 297 170 138 105 109 71 73 1267 621 216 189 52 646 417 126 291 121 275 112
internal_count=2179 576 279 257 1603 336 221 83 138 166 54 297 170 138 105 109 71 73 1267 621 216 189 52 646 417 126 291 121 275 112
is_linear=0
shrinkage=0.1


Tree=10
num_leaves=31
num_cat=0
split_feature=0 1 4 2 5 4 4 5 2 5 4 2 5 3 4 4 4 5 5 5 4 4 4 5 4 2 4 4 4 3
split_gain=1.1168 0.851578 0.527248 0.292595 0.418337 0.253598 0.240772 0.805219 0.431354 0.301683 0.151941 0.181141 0.128689 0.123198 0.158196 0.335678 0.29697 0.189394 0.175089 0.107782 0.107375 0.0757576 0.0729619 0.0931984 0.118755 0.0650131 0.14773 0.10602 0.174951 0.102487
threshold=1.5000000000000002 1.0000000180025095e-35 8.2114772452009444 11.500000000000002 8.0331495694369792 12.024656452076721 7.5396213078317071 7.871227706840048 9.5000000000000018 8.0331495694369792 15.586667211208335 12.500000000000002 22.142677999947924 1.0000000180025095e-35 21.396082200610937 22.60877347675147 20.52239953422793 9.0771972839285748 8.1452772889218128 11.316286286296299 14.918783562155456 21.239492679033511 14.783523387612599 14.354176996385094 14.841387767811309 12.500000000000002 20.736349479098198 8.5690989285158068 8.5096759620854154 2.5000000000000004
decision_type=2 2 2 2 2 2 2 2 2 2 2 2 2 2 2 2 2 2 2 2 2 2 2 2 2 2 2 2 2 2
left_child=1 2 6 4 -4 -2 -1 -8 -9 -10 11 19 -5 -6 16 -16 17 18 -15 -7 -13 -18 -21 -24 -25 27 -27 28 29 -3
right_child=5 25 3 12 13 10 7 8 9 -11 -12 20 -14 14 15 -17 21 -19 -20 22 -22 -23 23 24 -26 26 -28 -29 -30 -31
leaf_value=-0.01710653325806635 -0.005786073994728475 0.035231697484124747 0.0055343317242702332 0.18219302570049739 -0.01798264001320234 -0.027888805641671312 -0.068833124586720917 -0.039509470698904522 0.0060219322020983613 -0.045192048606602309 0.1739322452630864 0.045328039386923639 -0.03625488912137579 -0.033124487150441785 -0.066917279911225397 0.0094692983973350357 -0.043331713087211912 -0.13129172527436911 0.020039503065742349 0.11742662361598287 -0.04687412277796494 0.45741772521001656 -0.064896029827152826 -0.01284075671602683 0.13026446932222172 0.24593653138707061 -0.035077003938489497 0.062820755886589572 -0.046061896905191246 -0.0054516099599923986
leaf_weight=38 24 124 53 97 32 20 24 32 28 27 589 21 32 23 28 23 24 22 21 193 20 20 36 38 174 22 51 234 22 87
leaf_count=38 24 124 53 97 32 20 24 32 28 27 589 21 32 23 28 23 24 22 21 193 20 20 36 38 174 22 51 234 22 87
internal_value=0.000456632 -0.0018609 -0.00473282 -0.00273333 -0.0047561 0.00266816 -0.0097651 -0.0121171 -0.00764368 -0.00227273 0.00289184 0.00161355 0.00112403 -0.0069171 -0.00804348 -0.0126471 -0.00590909 -0.0101515 -0.00636364 0.00218004 -0.0047561 0.000454546 0.00250567 0.00137097 0.00216981 0.000925926 -0.00184931 0.00135974 -0.000150214 0.000734597
internal_weight=2179 1064 524 375 246 1115 149 111 87 55 1091 502 129 193 161 51 110 66 44 461 41 44 441 248 212 540 73 467 233 211
internal_count=2179 1064 524 375 246 1115 149 111 87 55 1091 502 129 193 161 51 110 66 44 461 41 44 441 248 212 540 73 467 233 211
is_linear=0
shrinkage=0.1


Tree=11
num_leaves=31
num_cat=0
split_feature=4 1 4 5 5 4 1 4 4 4 3 4 4 5 5 5 4 4 3 5 4 4 2 1 4 3 3 2 1 4
split_gain=0.860438 0.467757 0.368369 0.23477 0.256762 0.306366 0.227897 0.175152 0.168717 0.329221 0.198291 0.144199 0.377675 0.12801 0.280143 0.1806 0.154952 0.158654 0.12599 0.148072 0.204016 0.117596 0.10936 0.143275 0.159128 0.178588 0.170119 0.128329 0.106431 0.10564
threshold=12.024656452076721 1.0000000180025095e-35 21.107402369817674 7.85249581732268 8.015006641343696 7.671673155046471 1.0000000180025095e-35 9.2005625012115164 8.618988160262008 9.4713446735125189 1.5000000000000002 15.260070326109242 15.003233094274648 20.949966580083771 21.259973055752763 21.86037211941829 22.60877347675147 23.233825698598146 1.5000000000000002 21.776906625236375 22.313624647386796 7.5476364677995553 10.500000000000002 1.0000000180025095e-35 16.138681244032362 1.5000000000000002 3.5000000000000004 9.5000000000000018 1.0000000180025095e-35 15.608313682647134
decision_type=2 2 2 2 2 2 2 2 2 2 2 2 2 2 2 2 2 2 2 2 2 2 2 2 2 2 2 2 2 2
left_child=1 3 11 -1 -5 21 13 -3 10 -10 -7 12 28 -4 -15 -16 -17 -18 -8 -20 -21 -6 23 24 -13 -26 27 -27 -2 -25
right_child=2 7 6 4 5 8 18 -9 9 -11 -12 22 -14 14 15 16 17 -19 19 20 -22 -23 -24 29 25 26 -28 -29 -30 -31
leaf_value=-0.0527217300789855 0.0086803817330405025 0.019256294284775058 0.039694959554926801 -0.011285563714498943 -0.01876295441583635 0.013508412757328834 0.2103403606159937 -0.028197466443443189 -0.07719230407018346 0.030173656631360058 -0.036258873550486841 0.13898679004446748 -0.055510398616919199 -0.038932618387748454 0.21264019606108581 -0.069056013857854578 0.22493403464907769 -0.098196159832113522 0.32339218276973009 -0.076479384099436512 0.068138781405074109 -0.06209084323898828 0.16215813656596084 0.083087814283039629 0.029474654122475952 -0.032338938266489037 0.1436276032442792 -0.069139639157422814 0.22424189582375079 0.34789497145691561
leaf_weight=39 190 275 32 92 21 29 61 22 22 20 36 43 36 33 24 33 22 26 52 25 28 20 538 31 47 25 28 28 161 140
leaf_count=39 190 275 32 92 21 29 61 22 22 20 36 43 36 33 24 33 22 26 52 25 28 20 538 31 47 25 28 28 161 140
internal_value=0.000502524 -0.0028125 0.0016937 -0.00575269 -0.00458333 -0.00716216 -0.00125 -5.05049e-05 -0.00434579 -0.00928571 -0.00115385 0.00247435 0.000865633 -0.00382353 -0.00514493 -0.00261905 -0.00487654 -0.00125 0.00138554 -0.000714286 -0.00443396 -0.0145122 0.00318182 0.00178363 -0.000263158 -0.00203125 -0.00487654 -0.00820755 0.0018661 0.00383041
internal_weight=2179 576 1603 279 240 148 336 297 107 42 65 1267 387 170 138 105 81 48 166 105 53 41 880 342 171 128 81 53 351 171
internal_count=2179 576 1603 279 240 148 336 297 107 42 65 1267 387 170 138 105 81 48 166 105 53 41 880 342 171 128 81 53 351 171
is_linear=0
shrinkage=0.1


Tree=12
num_leaves=31
num_cat=0
split_feature=4 4 1 4 5 5 4 5 4 5 4 4 4 4 5 4 4 4 4 5 5 2 3 3 5 5 5 1 2 5
split_gain=0.790452 0.396536 0.360665 0.293304 0.328285 0.22696 0.161683 0.159963 0.302143 0.125867 0.149765 0.225079 0.191525 0.174917 0.132275 0.119717 0.119171 0.149586 0.117596 0.117378 0.207405 0.116667 0.110257 0.241071 0.376957 0.104077 0.0975 0.0890955 0.194463 0.121315
threshold=12.024656452076721 21.107402369817674 1.0000000180025095e-35 8.2114772452009444 7.85249581732268 8.0331495694369792 9.2005625012115164 8.015006641343696 7.671673155046471 20.860216788090124 22.60877347675147 22.182657255829699 21.565024235685801 23.464738718929173 23.184640751001822 9.2005625012115164 21.396082200610937 21.256499010380026 7.5476364677995553 15.93979277126437 15.20384769730274 11.500000000000002 2.5000000000000004 3.5000000000000004 8.0331495694369792 17.535776405000203 8.0331495694369792 1.0000000180025095e-35 10.500000000000002 17.624848878678588
decision_type=2 2 2 2 2 2 2 2 2 2 2 2 2 2 2 2 2 2 2 2 2 2 2 2 2 2 2 2 2 2
left_child=2 19 3 4 -1 -5 22 -6 18 -3 11 12 16 -12 -15 -7 17 -11 -9 20 -2 -19 -4 24 -24 -21 -25 28 29 -27
right_child=1 9 6 5 7 15 -8 8 -10 10 13 -13 -14 14 -16 -17 -18 21 -20 25 -22 -23 23 26 -26 27 -28 -29 -30 -31
leaf_value=-0.052371200830587356 0.071906825951073963 0.21514677573849578 0.029644777800973507 0.0061094549232931193 -0.02588613771514775 -0.063289194270979635 -0.025377719799098843 -0.016886658974252674 0.0090323672274147445 -0.053826375444618782 0.13366837246067637 -0.066989775146479191 0.14248148902923374 -0.11936895490407594 0.056127635403770672 0.029050912729541384 -0.025044242501975129 0.31116590104165892 -0.055881758915089445 0.2269701846749142 -0.051413718709078071 -0.01204965204763238 -0.010964595109758495 0.15777227883697814 0.02945901184392552 -0.04198593857190451 -0.029754031610662701 0.21877867395837769 0.13649356284865344 -0.034322887985576887
leaf_weight=31 521 27 163 53 56 54 22 21 21 21 53 30 66 21 27 23 43 28 20 216 36 20 23 39 25 21 25 240 162 71
leaf_count=31 521 27 163 53 56 54 22 21 21 21 53 30 66 21 27 23 43 28 20 216 36 20 23 39 25 21 25 240 162 71
internal_value=0.000364846 0.00150655 -0.0028125 -0.00539427 -0.00842282 -0.00192308 -0.000387205 -0.00601695 -0.00951613 -0.00154762 -0.00211974 -0.00365385 -0.00230337 0.0010396 -0.00333333 -0.00538961 -0.00482143 -0.00224638 -0.0145122 0.0023165 0.0012298 0.000833333 0.000272727 -0.00214286 -0.0075 0.00316901 0.001875 0.00236842 0.00106299 -0.0026087
internal_weight=2179 1603 576 279 149 130 297 118 62 336 309 208 178 101 48 77 112 69 41 1267 557 48 275 112 48 710 64 494 254 92
internal_count=2179 1603 576 279 149 130 297 118 62 336 309 208 178 101 48 77 112 69 41 1267 557 48 275 112 48 710 64 494 254 92
is_linear=0
shrinkage=0.1


Tree=13
num_leaves=31
num_cat=0
split_feature=0 1 2 4 4 5 5 5 4 4 5 5 4 2 5 1 3 5 5 5 2 5 3 3 2 3 5 3 5 5
split_gain=0.641041 0.340169 0.352439 0.250275 0.377247 0.243741 0.237241 0.243917 0.262083 0.190539 0.174689 0.172427 0.119725 0.180156 0.112045 0.0873846 0.132268 0.214286 0.116954 0.293189 0.111433 0.0841152 0.171429 0.083766 0.133394 0.227104 0.0749293 0.0628802 0.166475 0.167525
threshold=1.5000000000000002 1.0000000180025095e-35 11.500000000000002 21.396082200610937 22.60877347675147 21.012319677726317 15.93979277126437 15.198433253443772 15.539285304295644 12.024656452076721 7.85249581732268 8.0331495694369792 8.3190743427159308 9.5000000000000018 7.9176211293395982 1.0000000180025095e-35 1.0000000180025095e-35 14.685934864039146 15.15513456778025 15.174470191405693 9.5000000000000018 17.674119020352393 2.5000000000000004 1.5000000000000002 9.5000000000000018 2.5000000000000004 22.587422680330523 2.5000000000000004 21.152617504822917 22.394864932489043
decision_type=2 2 2 2 2 2 2 2 2 2 2 2 2 2 2 2 2 2 2 2 2 2 2 2 2 2 2 2 2 2
left_child=1 2 3 5 -5 10 7 9 -9 -2 -1 12 13 -12 -15 18 17 -17 20 -20 -11 -8 -23 -13 -25 -26 -4 28 -3 -30
right_child=6 27 26 4 -6 -7 21 8 -10 15 11 23 -14 14 -16 16 -18 -19 19 -21 -22 22 -24 24 25 -27 -28 -29 29 -31
leaf_value=-0.042827642457965713 -0.0073821283056098898 0.033886319909048446 0.053717150259591596 -0.06131529928689209 0.039475658055456497 0.039193539590386732 0.16840379636551095 0.13011627056235589 -0.044655833346737693 0.12343316461851697 -0.033667144048231741 -0.015871593230741131 0.0055412464508288782 0.0062040668733149892 -0.027770970822010063 -0.049757378193204575 0.19682596336794358 0.194627024899863 -0.062661802779550302 0.059977134554448412 0.00027433954935258411 -0.060575182080872404 0.14337023599797372 -0.003537299424482178 -0.0772882899836142 -0.063840288491943523 -0.04714863510114084 -0.0055039880994135473 -0.086384894898355269 0.13406635087979149
leaf_weight=38 24 244 111 36 29 30 485 23 20 62 29 53 29 30 21 21 204 21 23 35 137 28 32 38 31 27 22 219 29 48
leaf_count=38 24 244 111 36 29 30 485 23 20 62 29 53 29 30 21 21 204 21 23 35 137 28 32 38 31 27 22 219 29 48
internal_value=0.000364846 -0.00139098 -0.00320611 -0.00471867 -0.0103846 -0.00358896 0.00204036 0.000614035 -0.00662791 0.00120493 -0.00445946 -0.00352713 -0.000504587 -0.0025 0.00107843 0.00162028 0.00296748 -0.00214286 0.000330739 -0.00362069 0.00148241 0.00353211 1.30385e-10 -0.00573825 -0.0075 -0.0105172 0.0012406 0.00037037 0.00126168 -0.00279221
internal_weight=2179 1064 524 391 65 326 1115 570 43 527 296 258 109 80 51 503 246 42 257 58 199 545 60 149 96 58 133 540 321 77
internal_count=2179 1064 524 391 65 326 1115 570 43 527 296 258 109 80 51 503 246 42 257 58 199 545 60 149 96 58 133 540 321 77
is_linear=0
shrinkage=0.1


Tree=14
num_leaves=31
num_cat=0
split_feature=0 1 2 5 5 4 4 5 5 5 1 4 5 5 5 5 2 5 5 3 4 4 4 5 2 4 5 4 4 4
split_gain=0.541495 0.414271 0.24333 0.157241 0.255879 0.262083 0.149783 0.359402 0.284444 0.243741 0.111626 0.0998927 0.336838 0.18089 0.350649 0.150341 0.1363 0.0996822 0.0954752 0.0965753 0.102939 0.12587 0.0929152 0.0850102 0.0802676 0.0687694 0.0948255 0.109255 0.110806 0.222527
threshold=1.5000000000000002 1.0000000180025095e-35 11.500000000000002 15.93979277126437 15.198433253443772 15.539285304295644 21.396082200610937 21.513656531479807 22.439376222417842 21.012319677726317 1.0000000180025095e-35 7.5422720276070558 7.85249581732268 8.015006641343696 8.0407843482211785 8.1129657429642297 9.5000000000000018 22.142677999947924 17.674119020352393 1.5000000000000002 17.378883012249798 17.493807334120785 7.5271333396249132 9.9491918083333335 11.500000000000002 12.024656452076721 14.087792683096522 14.783523387612599 15.260070326109242 15.003233094274648
decision_type=2 2 2 2 2 2 2 2 2 2 2 2 2 2 2 2 2 2 2 2 2 2 2 2 2 2 2 2 2 2
left_child=1 2 6 4 23 -6 9 -8 -9 11 18 22 -13 16 -15 -16 -14 -4 19 -5 -21 -22 -1 -2 -23 -25 -27 -28 29 -29
right_child=3 -3 17 10 5 -7 7 8 -10 -11 -12 12 13 14 15 -17 -18 -19 -20 20 21 24 -24 25 -26 26 27 28 -30 -31
leaf_value=-0.069063278120020888 -0.033186079800850865 0.014526844761808348 0.0578321232179849 0.16770682475534129 0.11710464350612032 -0.040190250012063895 -0.018615862463035333 0.010447309839256388 -0.084454886432056953 0.035274185631348064 0.30970918551941184 -0.047772960261232435 -0.021566253918012913 -0.014125003446245989 0.01506073957233503 -0.047718073630216719 0.004758301878690023 -0.020581563240504315 -0.035035969539304712 0.075294458977357037 -0.044946167996155369 0.026235647008663855 0.036774406936129003 -0.007061071487922223 0.16506859941205446 0.19935078156952274 0.086458140881150447 0.04020491103415208 0.067496304406954324 -0.044321076788605369
leaf_weight=21 20 540 101 94 23 20 20 20 25 30 267 23 28 22 32 100 50 32 38 43 25 46 20 23 32 82 168 100 108 26
leaf_count=21 20 540 101 94 23 20 20 20 25 30 267 23 28 22 32 100 50 32 38 43 25 46 20 23 32 82 168 100 108 26
internal_value=0.000410739 -0.00120301 -0.00320611 0.00195067 0.000789474 -0.00662791 -0.00446292 -0.00884615 -0.00388889 -0.00358896 0.00316514 -0.00445946 -0.00519608 -0.00405172 -0.00603896 -0.00409091 -0.000128205 0.000488722 0.00176259 0.0025 0.000890411 -0.000825243 0.000121951 0.00139469 0.00115385 0.00164694 0.00190083 0.00126866 -0.000128205 -0.00214286
internal_weight=2179 1064 524 1115 570 43 391 65 45 326 545 296 255 232 154 132 78 133 278 240 146 103 41 527 78 507 484 402 234 126
internal_count=2179 1064 524 1115 570 43 391 65 45 326 545 296 255 232 154 132 78 133 278 240 146 103 41 527 78 507 484 402 234 126
is_linear=0
shrinkage=0.1


Tree=15
num_leaves=31
num_cat=0
split_feature=5 1 5 4 4 1 5 3 4 5 4 5 2 5 3 4 3 3 5 3 5 1 3 0 4 5 3 4 5 2
split_gain=0.571804 0.384308 0.349286 0.292524 0.209376 0.209968 0.207582 0.268307 0.170153 0.23711 0.19697 0.281764 0.182462 0.237037 0.161019 0.304762 0.152011 0.277448 0.27979 0.105861 0.0923077 0.0813719 0.117491 0.232005 0.452864 0.169466 0.105527 0.149904 0.255924 0.127278
threshold=10.402040591666667 1.0000000180025095e-35 8.9058024442708348 21.396082200610937 21.565024235685801 1.0000000180025095e-35 22.318424906493508 1.0000000180025095e-35 8.2114772452009444 8.0331495694369792 7.5422720276070558 7.8623845497699003 9.5000000000000018 8.0117185127893737 2.5000000000000004 23.92312367279704 2.5000000000000004 3.5000000000000004 8.0331495694369792 2.5000000000000004 8.0331495694369792 1.0000000180025095e-35 1.5000000000000002 2.5000000000000004 15.003233094274648 21.040815150554661 1.5000000000000002 14.841387767811309 14.86880307100037 11.500000000000002
decision_type=2 2 2 2 2 2 2 2 2 2 2 2 2 2 2 2 2 2 2 2 2 2 2 2 2 2 2 2 2 2
left_child=1 2 8 21 5 -5 -6 -8 10 -10 -1 -12 -13 -14 15 -9 -3 18 -18 -11 -19 26 23 25 -25 -23 -2 28 -28 -29
right_child=3 16 -4 4 6 -7 7 14 9 19 11 12 13 -15 -16 -17 17 20 -20 -21 -22 22 -24 24 -26 -27 27 29 -30 -31
leaf_value=-0.0035449025218599745 0.084871347076499418 0.023358310028253511 -0.088857901422497998 -0.03307473381828039 0.12217779780404997 0.072859889149860552 0.41296212846546931 -0.071923138619092095 0.0047701839550668831 -0.0086591436718925913 -0.044226075174984295 -0.028143804251607313 0.0087148281691263544 -0.021137977750501247 0.039759094965169432 0.14089882172302712 -0.010766799219255404 0.14109276528704093 0.0069574403815236309 -0.025109244896560134 -0.023270205430487658 0.28534313171396247 0.16343842768246231 0.15793619770074019 -0.12545987962917191 -0.092143259227032454 0.0052852352963608223 -0.011873925798978363 -0.048333840078120652 0.052101717617345236
leaf_weight=39 238 174 23 27 98 20 28 35 60 30 21 29 24 30 23 21 24 39 31 26 26 111 451 59 26 20 75 207 23 141
leaf_count=39 238 174 23 27 98 20 28 35 60 30 21 29 24 30 23 21 24 39 31 26 26 111 451 59 26 20 75 207 23 141
internal_value=0.000410739 -0.00229167 -0.00492908 0.00138178 -0.00174603 -0.00776596 -0.000365854 -0.00341121 -0.00388031 -0.00103448 -0.00618881 -0.00846154 -0.00584337 -0.00240741 -0.0063924 -0.00928571 0.000238095 -0.0025 -0.00772727 -0.00571429 0.00192308 0.00196521 0.00275112 0.000833333 -0.00323529 0.00347328 0.00119883 0.00029148 -0.00316327 0.00126437
internal_weight=2179 576 282 1603 252 47 205 107 259 116 143 104 83 54 79 56 294 120 55 56 65 1351 667 216 85 131 684 446 98 348
internal_count=2179 576 282 1603 252 47 205 107 259 116 143 104 83 54 79 56 294 120 55 56 65 1351 667 216 85 131 684 446 98 348
is_linear=0
shrinkage=0.1


Tree=16
num_leaves=31
num_cat=0
split_feature=1 0 0 4 4 4 3 2 5 5 5 4 4 5 3 5 5 4 5 2 4 4 3 4 4 2 4 3 3 5
split_gain=0.514584 0.327469 0.18407 0.176961 0.138535 0.160499 0.233418 0.135001 0.255534 0.694096 0.220688 0.178503 0.505853 0.140542 0.106443 0.120611 0.184874 0.101368 0.328163 0.131642 0.351906 0.129054 0.0766667 0.0753496 0.0880372 0.129222 0.11932 0.142857 0.262987 0.0888384
threshold=1.0000000180025095e-35 1.5000000000000002 1.5000000000000002 13.695659204184041 15.135349400712927 14.918783562155456 1.5000000000000002 11.500000000000002 20.974502233146222 21.078610070338364 22.142677999947924 21.635349459375078 22.730197376018268 7.85249581732268 3.5000000000000004 14.86880307100037 14.208081974174865 9.2005625012115164 8.1129657429642297 9.5000000000000018 8.2114772452009444 8.3772114634455885 1.5000000000000002 7.5577506640880356 8.5690989285158068 11.500000000000002 8.5096759620854154 2.5000000000000004 3.5000000000000004 7.892862858404742
decision_type=2 2 2 2 2 2 2 2 2 2 2 2 2 2 2 2 2 2 2 2 2 2 2 2 2 2 2 2 2 2
left_child=1 7 23 -4 5 6 -3 8 13 -10 -9 -11 -13 -1 15 16 -8 18 19 20 -15 -20 -21 -2 26 -26 27 29 -29 -25
right_child=2 4 3 -5 -6 -7 14 10 9 11 -12 12 -14 17 -16 -17 -18 -19 21 22 -22 -23 -24 24 25 -27 -28 28 -30 -31
leaf_value=-0.029344974668547422 0.023509929162600557 0.098506767000943615 -0.023497698697864958 0.16564566259739855 0.062588380160862087 -0.037003364163482433 -0.018895925093767574 0.055356383966657943 -0.057413512716720717 0.13854322636784677 -0.027822935182283084 -0.062687695294083287 0.033075216394005756 -0.024112230118325001 0.024255817241366207 -0.039726126840061465 0.21421026068685586 0.0093969217825949532 -0.037315820466168909 0.0066312144957878837 0.015410899324303742 -0.07766846163045027 -0.0023799707114409152 -0.02356328320965817 0.05074315951250067 -0.013287997826375703 -0.052667294995153949 -0.01157741890691185 0.058476573595578521 0.027161180891288501
leaf_weight=38 71 57 34 510 358 41 34 101 20 31 32 20 26 31 33 26 22 44 31 46 24 26 54 23 204 103 22 22 28 67
leaf_count=38 71 57 34 510 358 41 34 101 20 31 32 20 26 31 33 26 22 44 31 46 24 26 54 23 204 103 22 22 28 67
internal_value=0.000318954 -0.00121005 0.00186347 0.00316176 0.000446585 -0.00157277 -0.000232558 -0.00301527 -0.00395141 -0.00840206 -0.000263158 -0.00409091 -0.00804348 -0.00248299 -0.00282609 -0.0047561 -0.00214286 -0.00164062 -0.00254717 -0.00016129 -0.00409091 -0.00903509 0.002 0.000555556 9.5949e-05 0.00109121 -0.00179012 -0.000714286 -0.005 0.00166667
internal_weight=2179 1095 1084 544 571 213 172 524 391 97 133 77 46 294 115 82 56 256 212 155 55 57 100 540 469 307 162 140 50 90
internal_count=2179 1095 1084 544 571 213 172 524 391 97 133 77 46 294 115 82 56 256 212 155 55 57 100 540 469 307 162 140 50 90
is_linear=0
shrinkage=0.1


Tree=17
num_leaves=31
num_cat=0
split_feature=0 1 5 4 4 4 2 2 1 5 5 3 3 4 4 2 2 2 4 4 5 4 5 5 3 4 5 5 4 4
split_gain=0.454392 0.240882 0.206265 0.202756 0.19109 0.203578 0.189568 0.161972 0.135032 0.114894 0.110926 0.168764 0.452005 0.13663 0.142653 0.341502 0.133663 0.109533 0.104818 0.223606 0.10352 0.096857 0.145224 0.344048 0.0958512 0.13477 0.246645 0.281609 0.14153 0.162276
threshold=1.5000000000000002 1.0000000180025095e-35 22.760432649247686 12.024656452076721 7.6810434633312257 7.567321002717593 11.500000000000002 10.500000000000002 1.0000000180025095e-35 8.015006641343696 7.9458928629981891 3.5000000000000004 2.5000000000000004 7.7773482055686145 8.5690989285158068 9.5000000000000018 11.500000000000002 9.5000000000000018 8.618988160262008 9.4713446735125189 8.0858784609774776 21.738113586558729 21.062575191229161 20.959092680146352 1.5000000000000002 14.955590939810294 15.162769526965944 14.208081974174865 17.362791340077301 17.493807334120785
decision_type=2 2 2 2 2 2 2 2 2 2 2 2 2 2 2 2 2 2 2 2 2 2 2 2 2 2 2 2 2 2
left_child=1 2 4 -2 5 7 18 9 24 -1 11 12 17 -12 15 -15 -16 -3 -6 -20 -17 22 23 -21 -5 26 27 -26 -27 -30
right_child=3 10 -4 8 6 -7 -8 -9 -10 -11 13 -13 -14 14 16 20 -18 -19 19 21 -22 -23 -24 -25 25 28 -28 -29 29 -31
leaf_value=0.016751673689551664 -0.01178842587259612 0.049740391416109753 -0.033603914088430428 0.070863026954102418 1.1047171476731566e-05 -0.034462087690631575 0.11807347063920499 -0.038103744710799602 0.14065925204830235 -0.015498341862701459 0.023097862051964669 0.10501320677872135 -0.010857169926183142 -0.049080089344303489 0.045550914355764735 0.17856338118014531 -0.012088292071273517 -0.0089423390933960206 -0.048667750193629546 0.025190140786366246 -0.047909540326681294 -0.053636056330729015 0.092118758763376773 -0.050250255075990014 -0.029831300143497858 0.057458215663457018 -0.08427818779161643 0.0070241255974240555 -0.041063326399277504 0.10023408240420942
leaf_weight=27 24 24 41 198 126 43 111 20 532 20 68 22 23 20 202 25 101 34 21 35 21 32 27 21 29 125 23 58 32 94
leaf_count=27 24 24 41 198 126 43 111 20 532 20 68 22 23 20 202 25 101 34 21 35 21 32 27 21 29 125 23 58 32 94
internal_value=0.000181276 -0.00129699 -0.00282443 0.00159193 -0.00224638 -0.00590909 -0.00116622 -0.00246269 0.00179193 0.000744681 0.000185185 -0.00276699 -0.00487654 0.000881007 0.000121951 -0.00409091 0.0010396 -0.000172414 -0.00263359 -0.00455882 0.000652174 -0.00282609 -0.0010241 -0.00392857 0.000706619 -0.000263158 -0.00318182 -0.000747126 0.00101594 -0.00134921
internal_weight=2179 1064 524 1115 483 110 373 67 1091 47 540 103 81 437 369 66 303 58 262 136 46 115 83 56 559 361 110 87 251 126
internal_count=2179 1064 524 1115 483 110 373 67 1091 47 540 103 81 437 369 66 303 58 262 136 46 115 83 56 559 361 110 87 251 126
is_linear=0
shrinkage=0.1


Tree=18
num_leaves=31
num_cat=0
split_feature=4 5 2 5 2 1 4 3 1 3 3 5 3 2 3 3 5 4 3 1 3 5 5 5 2 4 0 5 3 5
split_gain=0.414138 0.274892 0.408979 0.198409 0.407425 0.144228 0.206242 0.304513 0.12828 0.189443 0.308486 0.269029 0.113287 0.121225 0.475259 0.152309 0.109397 0.09699 0.086298 0.0793815 0.138031 0.15702 0.293556 0.105344 0.118225 0.0738916 0.0697081 0.278747 0.113199 0.225
threshold=12.780793317207225 22.000987995625003 13.500000000000002 9.0771972839285748 10.500000000000002 1.0000000180025095e-35 22.60877347675147 2.5000000000000004 1.0000000180025095e-35 2.5000000000000004 3.5000000000000004 8.0331495694369792 3.5000000000000004 9.5000000000000018 1.5000000000000002 1.5000000000000002 8.0331495694369792 7.9775123899013751 1.0000000180025095e-35 1.0000000180025095e-35 1.5000000000000002 21.212653007751378 20.974502233146222 21.152617504822917 11.500000000000002 7.671673155046471 2.5000000000000004 15.20384769730274 1.0000000180025095e-35 14.685934864039146
decision_type=2 2 2 2 2 2 2 2 2 2 2 2 2 2 2 2 2 2 2 2 2 2 2 2 2 2 2 2 2 2
left_child=3 19 5 8 -5 6 7 -3 12 18 11 -11 13 14 -1 25 -12 -14 -10 20 -2 22 -22 26 -25 -15 -21 28 29 -28
right_child=1 2 -4 4 -6 -7 -8 -9 9 10 16 -13 17 15 -16 -17 -18 -19 -20 23 21 -23 -24 24 -26 -27 27 -29 -30 -31
leaf_value=-0.032124849941214915 0.06227019150394808 -0.045290162891223222 -0.026351126245333163 0.0028418528044571456 -0.040416268026251076 0.10104619629997476 0.087400121246508033 0.4456368321695407 -0.00754563898487195 -0.0097714529335648399 0.11378150881887304 0.0031906553457766995 -0.027278501998398902 0.00051100577033922419 0.011308257903573047 -0.026649790447732559 -0.025980987416230106 0.0034717862827429316 0.024320244423492288 0.20425510642717928 -0.0057358272697671138 0.14881241977096182 -0.053328630650133574 0.4182608936343753 -0.073048052504068317 0.018278721655513731 -0.080081150344921914 -0.11205202724025974 0.13226222176228394 0.11580324038186494
leaf_weight=33 253 24 26 48 28 77 35 22 50 23 39 28 23 28 40 67 23 29 105 391 380 50 24 34 25 30 20 20 184 20
leaf_count=33 253 24 26 48 28 77 35 22 50 23 39 28 23 28 40 67 23 29 105 391 380 50 24 34 25 30 20 20 184 20
internal_value=0.000181276 0.00102524 -0.0026087 -0.00207071 -0.00684211 -0.000696202 -0.00364198 -0.00804348 -0.00137066 0.000149254 -0.0029646 -0.00872549 -0.003 -0.00409091 -0.00732877 -0.0022 0.00177419 0.00115385 0.00241935 0.0015025 0.000756719 -0.000286343 -0.000940594 0.00226225 -0.00177966 0.00155172 0.0026378 0.00131148 0.00232143 -0.0025
internal_weight=2179 1585 184 594 76 158 81 46 518 268 113 51 250 198 73 125 62 52 155 1401 707 454 404 694 59 58 635 244 224 40
internal_count=2179 1585 184 594 76 158 81 46 518 268 113 51 250 198 73 125 62 52 155 1401 707 454 404 694 59 58 635 244 224 40
is_linear=0
shrinkage=0.1


Tree=19
num_leaves=31
num_cat=0
split_feature=5 4 2 5 2 5 5 3 5 5 4 4 3 2 1 4 5 4 4 1 0 5 5 4 4 2 4 2 5 5
split_gain=0.294407 0.431045 0.279018 0.216878 0.295609 0.211575 0.169726 0.231268 0.191852 0.220574 0.195399 0.355748 0.183511 0.12688 0.134319 0.254841 0.117117 0.107375 0.0952381 0.0950928 0.108232 0.239813 0.138127 0.330782 0.0832275 0.130447 0.08 0.0750994 0.126766 0.131104
threshold=21.776906625236375 12.780793317207225 12.500000000000002 8.1867033147119361 10.500000000000002 22.214540239447736 8.0212768612002119 3.5000000000000004 8.0003317027705148 7.9612264240396424 7.6810434633312257 7.5577506640880356 2.5000000000000004 11.500000000000002 1.0000000180025095e-35 21.635349459375078 7.871227706840048 22.60877347675147 7.6042107187853585 1.0000000180025095e-35 2.5000000000000004 15.20384769730274 15.110329821683846 15.135349400712927 20.491858216648414 11.500000000000002 21.332922180526769 11.500000000000002 17.535776405000203 17.624848878678588
decision_type=2 2 2 2 2 2 2 2 2 2 2 2 2 2 2 2 2 2 2 2 2 2 2 2 2 2 2 2 2 2
left_child=1 3 13 6 -5 -4 7 8 9 10 11 12 -1 14 15 -2 -12 -7 -13 27 24 22 23 -22 -21 -26 -27 28 -3 -30
right_child=2 19 5 4 -6 17 -8 -9 -10 -11 16 18 -14 -15 -16 -17 -18 -19 -20 20 21 -23 -24 -25 25 26 -28 -29 29 -31
leaf_value=0.014906922553881553 0.21682870758394135 0.039532202752364666 -0.0076523214612320978 -0.011859273757666478 -0.031742091599841198 0.10687175477856868 0.0089421730188644216 0.0092727162714761596 -0.05998082190333235 0.02574798345917334 0.0075999914379806148 -0.021128282025436918 -0.0085217973635137948 0.20945700586672014 0.067910418179031914 -0.049665122264751171 -0.0059757461818698973 -0.015671328358246212 -0.013299655847236292 0.22029222561739581 0.074739481665913488 -0.10084682451623372 0.277242667051945 -0.06008230264664062 0.12156658065037158 -0.087629246479930742 0.22527442119997693 0.038824967337258848 -0.050888845794337528 -0.0081209084362675044
leaf_weight=23 28 275 23 119 40 21 159 59 23 31 26 21 24 27 68 37 48 20 21 305 114 20 73 37 73 25 25 255 40 119
leaf_count=23 28 275 23 119 40 21 159 59 23 31 26 21 24 27 68 37 48 20 21 305 114 20 73 37 73 25 25 255 40 119
internal_value=-4.81871e-05 0.000345269 -0.00348214 -0.00190236 -0.00506289 -0.0090625 -0.000747126 -0.00224638 -0.00375576 -0.00273196 -0.00420245 -0.00735955 -0.00138298 -0.00125 -0.0025188 -0.00576923 -0.000405405 -0.0047561 -0.0140476 0.00132623 0.00217262 0.000491803 0.00142857 -0.000298013 0.00313084 0.000934959 -0.003 0.000500726 -0.000299539 -0.00254717
internal_weight=2179 1955 224 594 159 64 435 276 217 194 163 89 47 160 133 65 74 41 42 1361 672 244 224 151 428 123 50 689 434 159
internal_count=2179 1955 224 594 159 64 435 276 217 194 163 89 47 160 133 65 74 41 42 1361 672 244 224 151 428 123 50 689 434 159
is_linear=0
shrinkage=0.1


Tree=20
num_leaves=31
num_cat=0
split_feature=5 4 2 4 5 1 4 5 2 1 4 5 5 5 3 3 5 4 4 5 2 5 5 2 4 4 5 5 5 5
split_gain=0.302328 0.338055 0.279018 0.257829 0.211575 0.172435 0.159468 0.148295 0.12688 0.134319 0.254841 0.121991 0.123537 0.123163 0.109588 0.186794 0.158018 0.107375 0.100595 0.0975 0.0913528 0.149053 0.340725 0.163122 0.0930323 0.212281 0.19961 0.0827372 0.165035 0.102772
threshold=21.776906625236375 15.260070326109242 12.500000000000002 14.990057217968426 22.214540239447736 1.0000000180025095e-35 14.260145221225788 12.986649338157896 11.500000000000002 1.0000000180025095e-35 21.635349459375078 15.185917163070986 15.159992790204313 15.058472634422651 2.5000000000000004 3.5000000000000004 8.0331495694369792 22.60877347675147 13.695659204184041 8.0331495694369792 11.500000000000002 9.6718167666666677 8.1129657429642297 9.5000000000000018 7.6810434633312257 7.5422720276070558 7.9397029604318909 17.63673691248847 17.646751450589893 21.259973055752763
decision_type=2 2 2 2 2 2 2 2 2 2 2 2 2 2 2 2 2 2 2 2 2 2 2 2 2 2 2 2 2 2
left_child=1 3 8 5 -4 11 7 14 9 10 -2 12 13 20 -7 16 -16 -6 -9 -17 21 22 24 -24 25 -1 -27 -3 -29 -30
right_child=2 27 4 -5 17 6 -8 18 -10 -11 -12 -13 -14 -15 15 19 -18 -19 -20 -21 -22 -23 23 -25 -26 26 -28 28 29 -31
leaf_value=0.019334795549427033 0.1951458368255472 0.066412850914720642 -0.0068870893151088911 -0.079693687721775361 0.096184579300711837 0.016495429369122124 0.1288437589081298 -0.022084069213886937 0.18851130528004806 0.061119376361128699 -0.044698610038276042 0.044344149289841435 -0.08568953253055471 0.15274900685720441 -0.0067597657122787759 0.10147608630983816 0.0067909714113146575 -0.014104195522421554 0.069954503615962518 -0.01662241785226164 -0.0016254244825307193 0.031245650889901822 -0.0043415916843881795 -0.068529251877134961 0.0014311896616990571 -0.027585248052810509 -0.0055327788492442395 -0.012189000962845108 0.011467182378087915 0.18153624594402579
leaf_weight=38 28 616 23 45 21 176 111 28 27 68 37 24 20 24 23 39 31 20 20 25 32 106 24 37 99 27 30 24 300 56
leaf_count=38 28 616 23 45 21 176 111 28 27 68 37 24 20 24 23 39 31 20 20 25 32 106 24 37 99 27 30 24 300 56
internal_value=-2.2945e-06 0.00039642 -0.00348214 -0.000943691 -0.0090625 -0.000579869 0.00080574 -0.000263158 -0.00125 -0.0025188 -0.00576923 -0.00194143 -0.00232265 -0.00195444 0.000578231 -0.00177966 -0.00611111 -0.0047561 -0.00541667 0.001875 -0.00237913 -0.00192521 -0.00323529 -0.0097541 -0.00118557 -0.00342105 -0.0072807 0.00168675 0.000526316 0.00106742
internal_weight=2179 1955 224 959 64 914 453 342 160 133 65 461 437 417 294 118 54 41 48 64 393 361 255 61 194 95 57 996 380 356
internal_count=2179 1955 224 959 64 914 453 342 160 133 65 461 437 417 294 118 54 41 48 64 393 361 255 61 194 95 57 996 380 356
is_linear=0
shrinkage=0.1


Tree=21
num_leaves=31
num_cat=0
split_feature=1 5 2 5 5 2 5 5 5 4 3 5 4 2 4 2 4 5 4 5 5 4 4 5 4 5 4 5 5 2
split_gain=0.211054 0.26281 0.267029 0.262734 0.381278 0.334588 0.313416 0.13345 0.144798 0.126482 0.11406 0.112072 0.200188 0.228803 0.119586 0.147683 0.129444 0.668605 0.159525 0.119161 0.344954 0.0981223 0.189921 0.20119 0.0954962 0.123101 0.0921053 0.0825274 0.196599 0.0787009
threshold=1.0000000180025095e-35 22.142677999947924 12.500000000000002 10.402040591666667 8.1129657429642297 9.5000000000000018 8.5389133843137284 21.259973055752763 20.949966580083771 22.60877347675147 1.5000000000000002 15.110329821683846 20.491858216648414 11.500000000000002 7.5577506640880356 11.500000000000002 15.135349400712927 13.845102936944446 7.642826414045083 22.066609629307667 21.152617504822917 7.6810434633312257 7.5422720276070558 7.9397029604318909 14.841387767811309 14.398914561941007 14.036429049775316 15.15513456778025 15.187858021025077 11.500000000000002
decision_type=2 2 2 2 2 2 2 2 2 2 2 2 2 2 2 2 2 2 2 2 2 2 2 2 2 2 2 2 2 2
left_child=1 3 9 4 21 -6 -7 8 10 -3 -5 14 -13 -14 -2 16 18 -18 -16 20 -15 22 -1 -24 25 26 -12 -26 -29 -30
right_child=11 2 -4 7 5 6 -8 -9 -10 -11 24 12 13 19 15 -17 17 -19 -20 -21 -22 -23 23 -25 27 -27 -28 28 29 -31
leaf_value=0.017401315994484339 0.016532570291405375 -0.041885821059708291 -0.040143488784879951 0.048399425452803298 0.01295167519350676 -0.024522126676282813 -0.058044034642682554 0.12514127477187578 -0.051625079872124682 0.063975577870800077 -0.0036254173092217495 0.16833704408942776 0.06470352493661774 0.097779711775540026 -0.0052428936370991445 0.069300516649339117 0.25325244474161729 -0.093475688152528588 0.0016600205203795599 0.14053040105026912 -0.061930135033193001 0.0013467178619430825 -0.024214595065035226 -0.0036312423601380359 0.076956548193542737 -0.030131132658955163 0.21159326696100833 -0.076154706628518698 -0.036456053942231267 0.062265018972341782
leaf_weight=38 71 33 25 223 32 25 21 59 63 31 36 389 132 34 32 39 23 20 296 25 23 106 28 32 66 40 21 20 110 86
leaf_count=38 71 33 25 223 32 25 21 59 63 31 36 389 132 34 32 39 23 20 296 25 23 106 28 32 66 40 21 20 110 86
internal_value=-4.81871e-05 -0.0010274 -0.00623595 -0.0005666 -0.00315603 -0.00910256 -0.0145652 0.000441989 3.75941e-05 -0.0028125 0.00051495 0.00094096 0.00184909 -0.000607476 -0.000197505 -0.000853658 -0.001469 -0.00662791 -0.000792683 -0.0047561 -0.0072807 -0.000882353 -0.00316327 -0.00666667 -0.000540897 -0.00324742 -0.000263158 0.000390071 -0.000555555 0.000408163
internal_weight=2179 1095 89 1006 282 78 46 724 665 64 602 1084 603 214 481 410 371 43 328 82 57 204 98 60 379 97 57 282 216 196
internal_count=2179 1095 89 1006 282 78 46 724 665 64 602 1084 603 214 481 410 371 43 328 82 57 204 98 60 379 97 57 282 216 196
is_linear=0
shrinkage=0.1


Tree=22
num_leaves=31
num_cat=0
split_feature=4 5 2 2 4 5 5 3 3 1 4 2 5 5 2 4 5 4 2 5 4 5 5 1 1 0 3 4 4 5
split_gain=0.244887 0.250899 0.224578 0.206707 0.196182 0.185003 0.146673 0.12055 0.212098 0.17948 0.135881 0.126482 0.106531 0.122388 0.100189 0.12987 0.0952192 0.0965073 0.0874959 0.184256 0.0942649 0.102702 0.104079 0.289568 0.11717 0.206494 0.105273 0.183006 0.0942469 0.171232
threshold=12.780793317207225 22.318424906493508 13.500000000000002 11.500000000000002 11.058784289134293 22.587422680330523 23.820618060044648 3.5000000000000004 2.5000000000000004 1.0000000180025095e-35 7.7773482055686145 9.5000000000000018 7.8858941212356539 8.1129657429642297 9.5000000000000018 8.299612320091212 8.0212768612002119 7.5577506640880356 11.500000000000002 17.640653113263117 21.239492679033511 14.087792683096522 14.295505232021354 1.0000000180025095e-35 1.0000000180025095e-35 1.5000000000000002 3.5000000000000004 17.804346340848593 17.762594458761729 20.878554373672518
decision_type=2 2 2 2 2 2 2 2 2 2 2 2 2 2 2 2 2 2 2 2 2 2 2 2 2 2 2 2 2 2
left_child=4 18 3 5 7 -3 -7 8 9 12 -10 -12 -1 14 -14 -16 17 -11 20 -20 21 -2 23 -23 25 -24 -26 -28 -21 -30
right_child=1 2 -4 -5 -6 6 -8 -9 10 16 11 -13 13 -15 15 -17 -18 -19 19 28 -22 22 24 -25 26 -27 27 -29 29 -31
leaf_value=-0.013885005341108581 0.16773235770949624 -0.08433679660678424 -0.041629709358090398 0.20106455495686215 -0.0070615445067876625 0.29096660295538207 -0.040712528774889706 0.0026575739640121105 -0.0091168634533760166 0.023913932658201735 0.015721545486946858 -0.0096918678119070206 -0.012417101476540758 -0.040449117711277939 0.0064091948376924128 -0.0019781750496117691 0.016768682282256281 -0.020898939421198887 0.054402320814527165 0.13718436674828513 0.025093812370740078 0.042591663688559357 -0.034440049960835273 -0.047383370542300851 0.1106799478914627 -0.010176028599092217 0.056701103953500136 -0.10307300459219451 -0.10852386156188638 0.00080563962705823176
leaf_weight=20 73 24 23 34 36 39 24 117 47 21 31 33 30 43 45 21 86 64 334 29 110 35 38 31 239 300 53 20 31 148
leaf_count=20 73 24 23 34 36 39 24 117 47 21 31 33 30 43 45 21 86 64 334 29 110 35 38 31 239 300 53 20 31 148
internal_value=-2.2945e-06 0.000646688 -0.00333333 -0.00161157 -0.00173401 -0.0041954 -0.00134921 -0.0012724 -0.00202948 -0.000757576 -0.00581081 -0.0028125 -0.0031761 -0.00219424 -0.000208333 0.0019697 0.00149123 -0.000882353 0.00104441 0.00204797 0.000439377 5.70344e-05 -0.000307262 -0.00409091 7.69232e-05 -0.00121302 0.00147436 -0.00184931 -0.000288461 -0.00114525
internal_weight=2179 1585 144 121 594 87 63 558 441 330 111 64 159 139 96 66 171 85 1441 542 899 789 716 66 650 338 312 73 208 179
internal_count=2179 1585 144 121 594 87 63 558 441 330 111 64 159 139 96 66 171 85 1441 542 899 789 716 66 650 338 312 73 208 179
is_linear=0
shrinkage=0.1


Tree=23
num_leaves=31
num_cat=0
split_feature=1 5 2 5 5 2 5 3 4 0 4 4 3 5 4 4 5 4 5 4 5 5 5 4 4 4 4 4 4 3
split_gain=0.231301 0.26281 0.267029 0.262734 0.381278 0.334588 0.313416 0.127068 0.126482 0.102651 0.156385 0.209524 0.389694 0.17991 0.0981223 0.189921 0.20119 0.0901286 0.123101 0.117589 0.107034 0.0939313 0.102976 0.0921053 0.0896358 0.114637 0.0952876 0.186558 0.0728384 0.0802156
threshold=1.0000000180025095e-35 22.142677999947924 12.500000000000002 10.402040591666667 8.1129657429642297 9.5000000000000018 8.5389133843137284 1.5000000000000002 22.60877347675147 2.5000000000000004 13.695659204184041 15.003233094274648 1.5000000000000002 15.110329821683846 7.6810434633312257 7.5422720276070558 7.9397029604318909 14.841387767811309 14.398914561941007 15.563354596465592 21.212653007751378 20.949966580083771 17.287631751581635 14.036429049775316 17.378883012249798 17.493807334120785 17.712927001579462 17.875017990643311 23.625124873717276 2.5000000000000004
decision_type=2 2 2 2 2 2 2 2 2 2 2 2 2 2 2 2 2 2 2 2 2 2 2 2 2 2 2 2 2 2
left_child=1 3 8 4 14 -6 -7 -5 -3 28 -11 -12 -13 -14 15 -1 -17 18 23 -19 21 22 -21 -9 -24 -26 -27 -28 29 -2
right_child=9 2 -4 7 5 6 -8 17 -10 10 11 12 13 -15 -16 16 -18 19 -20 20 -22 -23 24 -25 25 26 27 -29 -30 -31
leaf_value=0.01664439285554508 0.021231019913139831 -0.032907685658865683 -0.034224414872084219 0.038241789849939777 0.012815125383175946 -0.018887136148113312 -0.048194719548626197 -0.0025567211276208684 0.04670548297147778 -0.01497996175494431 0.076843770714279516 -0.14847650284121669 -0.0048174911474825255 0.13982023234375235 0.0013598532913899569 -0.021531279284188506 -0.0030618543172357179 0.050848011377029212 -0.026100416533150442 -0.042831219696374864 0.10813117722993615 -0.052578716285015328 0.057725051870078148 0.19145154304618675 -0.044072051668072418 0.16526488311269033 -0.039840670224062957 0.15624420445270562 -0.012523974088866697 0.015275750743382235
leaf_weight=38 459 33 25 254 32 25 21 36 31 33 135 27 29 40 106 28 32 76 40 38 56 35 32 21 25 33 33 45 22 339
leaf_count=38 459 33 25 254 32 25 21 36 31 33 135 27 29 40 106 28 32 76 40 38 56 35 32 21 25 33 33 45 22 339
internal_value=-2.2945e-06 -0.0010274 -0.00623595 -0.0005666 -0.00315603 -0.00910256 -0.0145652 0.000441989 -0.0028125 0.00103321 -0.000681818 0.000238095 -0.00333333 0.000652174 -0.000882353 -0.00316327 -0.00666667 -0.000531915 -0.00324742 0.000174263 -0.000723906 -0.001639 -0.000825243 -0.000263158 0.000238095 -0.000882353 0.000495496 -0.00141026 0.00158537 0.00174185
internal_weight=2179 1095 89 1006 282 78 46 724 64 1084 264 231 96 69 204 98 60 470 97 373 297 241 206 57 168 136 111 78 820 798
internal_count=2179 1095 89 1006 282 78 46 724 64 1084 264 231 96 69 204 98 60 470 97 373 297 241 206 57 168 136 111 78 820 798
is_linear=0
shrinkage=0.1


Tree=24
num_leaves=31
num_cat=0
split_feature=4 5 4 3 4 2 4 4 3 3 4 2 4 4 4 4 2 5 1 3 1 5 1 5 5 2 5 5 4 5
split_gain=0.256218 0.228101 0.21772 0.212708 0.274924 0.184544 0.117667 0.177368 0.133254 0.168554 0.151939 0.14259 0.111628 0.150842 0.259259 0.121633 0.169627 0.241804 0.152526 0.0993623 0.316089 0.170068 0.0925515 0.0896731 0.28954 0.0879638 0.0861492 0.166382 0.723214 0.0979021
threshold=15.260070326109242 21.776906625236375 14.990057217968426 1.0000000180025095e-35 21.186699431540653 12.500000000000002 14.502389119893476 14.213089934255503 3.5000000000000004 2.5000000000000004 7.7773482055686145 10.500000000000002 7.5396213078317071 7.6042107187853585 7.5577506640880356 7.6566189077727076 10.500000000000002 8.1267633984212129 1.0000000180025095e-35 2.5000000000000004 1.0000000180025095e-35 15.058472634422651 1.0000000180025095e-35 14.087792683096522 15.110329821683846 10.500000000000002 17.618873908715656 17.64390513419611 17.743853269577695 21.259973055752763
decision_type=2 2 2 2 2 2 2 2 2 2 2 2 2 2 2 2 2 2 2 2 2 2 2 2 2 2 2 2 2 2
left_child=2 23 6 -3 -5 22 7 8 9 12 -11 -10 -1 14 -14 -15 18 -18 -17 -8 21 -21 25 -2 -25 -6 -26 28 -28 -29
right_child=1 3 -4 4 5 -7 19 -9 11 10 -12 -13 13 15 -16 16 17 -19 -20 20 -22 -23 -24 24 26 -27 27 29 -30 -31
leaf_value=0.02459127888155524 0.20417705945257492 0.17907101874664139 -0.070278080449834024 0.27002212920640212 -0.022280572401947134 -0.034840929283100126 0.063080772522132761 -0.0083139893690147137 0.025297817335015817 -0.0094197499724110179 -0.0033409587202419874 -0.0096478045612438043 0.001775458217429303 0.014397174210033959 -0.059126327331773032 -0.00620503061579531 0.012134611097236398 -0.046986129010438311 0.015011132220865473 -0.02828262628434491 0.12789776025101318 -0.036509401374850738 -0.024783393759479078 -0.024909281896425051 0.053065676746907459 0.0018068134310735174 0.20092964290450732 0.018208432444995041 -0.021131838902614969 0.13815319913143151
leaf_weight=27 61 34 45 48 25 35 148 27 103 47 89 31 36 33 27 90 40 37 97 21 37 28 52 29 478 26 36 308 28 56
leaf_count=27 61 34 45 48 25 35 148 27 103 47 89 31 36 33 27 90 40 37 97 21 37 28 52 29 478 26 36 308 28 56
internal_value=-0.000323543 0.000641447 -0.00154206 -0.00227273 -0.00360215 -0.00586957 -0.00120915 -0.00187134 -0.0015449 -0.00226577 -0.00529412 0.00126866 -0.00120155 -0.00166667 -0.00611111 -0.000723906 -0.00143939 -0.00538961 0.000187166 0.000726496 -0.00197674 -0.0072449 -0.00373786 0.00128514 0.00104278 -0.00676471 0.00135762 0.000327103 -0.004375 0.00115385
internal_weight=2179 1216 963 220 186 138 918 684 657 523 136 134 387 360 63 297 264 77 187 234 86 49 103 996 935 51 906 428 64 364
internal_count=2179 1216 963 220 186 138 918 684 657 523 136 134 387 360 63 297 264 77 187 234 86 49 103 996 935 51 906 428 64 364
is_linear=0
shrinkage=0.1


Tree=25
num_leaves=31
num_cat=0
split_feature=4 4 4 4 4 4 5 5 2 5 4 3 3 1 4 4 3 1 1 3 2 5 1 5 5 2 4 5 4 3
split_gain=0.227908 0.264656 0.41233 0.296703 0.187059 0.14881 0.108939 0.142911 0.19996 0.103849 0.109825 0.227574 0.119767 0.297619 0.127931 0.171133 0.120612 0.107216 0.103119 0.0926641 0.0747778 0.0812026 0.285051 0.0587002 0.372657 0.0792221 0.138627 0.39177 0.118368 0.173048
threshold=12.780793317207225 22.182657255829699 22.60877347675147 23.233825698598146 11.058784289134293 23.92312367279704 9.6718167666666677 8.1867033147119361 9.5000000000000018 8.0481058993500412 8.5479729954916923 3.5000000000000004 2.5000000000000004 1.0000000180025095e-35 7.567321002717593 7.6123109890964491 1.0000000180025095e-35 1.0000000180025095e-35 1.0000000180025095e-35 1.5000000000000002 14.500000000000002 22.142677999947924 1.0000000180025095e-35 21.259973055752763 21.152617504822917 11.500000000000002 21.239492679033511 20.974502233146222 21.301566615836443 3.5000000000000004
decision_type=2 2 2 2 2 2 2 2 2 2 2 2 2 2 2 2 2 2 2 2 2 2 2 2 2 2 2 2 2 2
left_child=4 20 -3 -4 6 -5 7 9 -9 10 11 12 14 -14 -1 -16 -17 -11 -10 -18 21 23 -23 24 25 26 27 -2 29 -27
right_child=1 2 3 5 -6 -7 -8 8 18 17 -12 -13 13 -15 15 16 19 -19 -20 -21 -22 22 -24 -25 -26 28 -28 -29 -30 -31
leaf_value=0.0056814161596513927 0.011849925196371684 -0.047867433896434504 0.13964085315038824 -0.058478450748401058 -0.0052402356884004749 0.03540760326738935 0.016395070023638231 0.011777123285225328 -0.054244333961133276 -0.0049000290946292135 -0.00765996702743868 0.011909533398544963 0.0063207246951266617 -0.0050465478415556335 -0.056691244450714544 -0.011009317506505032 0.0087234357608947603 0.025514251725331501 -0.046939163365298381 -0.022235865412804475 0.053865182438352303 -0.021528876346525762 0.21521129948450249 0.19884621119468179 -0.061364945684141539 0.10543272992706405 0.049995594830912357 -0.05519966892565558 -0.10523455404592008 -0.0033889725917221575
leaf_weight=48 733 32 48 24 36 32 25 41 27 45 22 72 35 25 26 36 32 52 30 42 41 37 27 72 24 327 59 22 35 72
leaf_count=48 733 32 48 24 36 32 25 41 27 45 22 72 35 25 26 36 32 52 30 42 41 37 27 72 24 327 59 22 35 72
internal_value=-0.000231758 0.000394322 -0.00382353 -0.000769231 -0.00190236 -0.00571429 -0.00145161 -0.00175422 -0.00520408 -0.000977011 -0.00180473 -0.00132911 -0.00278689 -0.00666667 -0.00152174 -0.00308824 -0.00136364 0.00190722 -0.00903509 0.000945946 0.0007902 0.000667614 -0.0028125 0.000833333 0.000676101 0.000913462 0.000331695 -3.31125e-05 0.00200461 0.00249373
internal_weight=2179 1585 136 104 594 56 558 533 98 435 338 316 244 60 184 136 110 97 57 74 1449 1408 64 1344 1272 1248 814 755 434 399
internal_count=2179 1585 136 104 594 56 558 533 98 435 338 316 244 60 184 136 110 97 57 74 1449 1408 64 1344 1272 1248 814 755 434 399
is_linear=0
shrinkage=0.1


Tree=26
num_leaves=31
num_cat=0
split_feature=4 4 4 3 1 2 4 3 5 1 3 4 2 5 5 5 4 4 5 5 4 2 5 4 5 5 5 3 3 4
split_gain=0.19596 0.237905 0.192745 0.276702 0.434662 0.241234 0.183539 0.138828 0.118406 0.0945506 0.214815 0.160993 0.237863 0.237286 0.313601 0.150341 0.0981178 0.225964 0.089884 0.10255 0.0810196 0.102439 0.0754352 0.517691 0.139516 0.108061 0.144448 0.100814 0.301126 0.252801
threshold=21.738113586558729 16.773250739507059 22.60877347675147 3.5000000000000004 1.0000000180025095e-35 12.500000000000002 17.362791340077301 1.0000000180025095e-35 6.971679083333334 1.0000000180025095e-35 3.5000000000000004 17.520632892765949 10.500000000000002 17.618873908715656 17.64390513419611 22.142677999947924 17.762594458761729 20.736349479098198 21.212653007751378 19.861967316666671 21.239492679033511 11.500000000000002 15.198433253443772 15.582151516019001 14.998769083333334 14.802116892745781 14.484568824501453 1.0000000180025095e-35 1.5000000000000002 8.1755555262695534
decision_type=2 2 2 2 2 2 2 2 2 2 2 2 2 2 2 2 2 2 2 2 2 2 2 2 2 2 2 2 2 2
left_child=1 8 3 4 -2 -4 -3 -8 -1 11 -11 12 -9 -13 -15 18 -12 -18 19 -16 -21 -22 24 -24 25 26 27 29 -29 -10
right_child=2 6 5 -5 -6 -7 7 9 22 10 16 13 -14 14 15 -17 17 -19 -20 20 21 -23 23 -25 -26 -27 -28 28 -30 -31
leaf_value=0.011636877888482588 -0.04866176056483848 0.063658874249862524 0.07070728948199162 0.052362569004511299 0.018732883818814796 -0.015651583753597782 0.14030070388540958 -0.1132364832127884 0.0060194776101417675 0.17485450567051564 0.29260850374001601 0.12860868926301197 0.124200847678758 -0.025023535015230948 0.048129706359027892 -0.023494564312381734 -0.074675997055585253 0.17844335871816419 0.34473389707272667 -0.049991757089665377 0.011751945347921209 -0.047852293475623801 0.047051205843178866 -0.049615351462121912 0.037971104913228346 -0.036748436920499374 0.20204051644758733 0.0067087760585481286 -0.0049895586565131041 -0.033860153482573263
leaf_weight=32 22 153 74 25 25 30 131 20 51 218 26 86 21 21 21 22 21 22 31 35 21 20 53 23 197 33 35 123 519 68
leaf_count=32 22 153 74 25 25 30 131 20 51 218 26 86 21 21 21 22 21 22 31 35 21 20 53 23 197 33 35 123 519 68
internal_value=-0.000323543 -4.24362e-05 -0.00352273 -0.0075 -0.0120213 -0.000769231 0.00120253 0.000530726 -0.000996473 -0.000128205 0.00116725 -0.00137584 -0.00719512 -0.000447471 -0.00260234 -0.001 -0.00369565 -0.00662791 0.0003125 -0.00118557 -0.00289474 0.000121951 -0.0011706 -0.00421053 -0.000945419 -0.00151387 -0.00128141 -0.0015703 -0.00107477 -0.0042437
internal_weight=2179 2003 176 72 47 104 869 716 1134 585 287 298 41 257 171 150 69 43 128 97 76 41 1102 76 1026 829 796 761 642 119
internal_count=2179 2003 176 72 47 104 869 716 1134 585 287 298 41 257 171 150 69 43 128 97 76 41 1102 76 1026 829 796 761 642 119
is_linear=0
shrinkage=0.1


Tree=27
num_leaves=31
num_cat=0
split_feature=5 2 5 5 2 3 4 4 4 5 4 3 1 2 5 5 5 5 2 5 2 5 4 3 4 5 4 5 5 5
split_gain=0.341204 0.236161 0.212434 0.211575 0.153524 0.161022 0.165287 0.397034 0.138291 0.137831 0.284444 0.137748 0.129165 0.162331 0.254315 0.472506 0.207103 0.166129 0.162157 0.149898 0.131262 0.140334 0.216014 0.124169 0.107375 0.105238 0.0992063 0.0931034 0.243 0.103345
threshold=21.776906625236375 12.500000000000002 15.93979277126437 22.214540239447736 11.500000000000002 1.0000000180025095e-35 21.443252153884945 22.60877347675147 17.378883012249798 15.198433253443772 15.563354596465592 1.5000000000000002 1.0000000180025095e-35 9.5000000000000018 10.956055933333335 8.2056225572072439 14.189406503425344 14.998769083333334 11.500000000000002 15.110329821683846 9.5000000000000018 8.266594988470322 12.780793317207225 1.0000000180025095e-35 22.60877347675147 17.437064335127356 15.463525388547213 21.442954900189395 21.152617504822917 17.583643082863357
decision_type=2 2 2 2 2 2 2 2 2 2 2 2 2 2 2 2 2 2 2 2 2 2 2 2 2 2 2 2 2 2
left_child=2 4 9 -3 5 -2 -7 -8 -4 11 -11 23 13 17 15 -15 -16 -13 -18 20 -14 -22 -23 -1 -5 -10 -24 28 29 -27
right_child=1 3 8 24 -6 6 7 -9 25 10 -12 12 19 14 16 -17 18 -19 -20 -21 21 22 26 -25 -26 27 -28 -29 -30 -31
leaf_value=-0.00356906606271619 0.66230834564652197 -0.021367511427686611 0.053011594764484055 0.034448595117153147 0.13643025746895573 0.17124244603234168 -0.044393832034917917 0.0068216948274292706 0.23128964554912843 0.045739233459638096 -0.050194643262407759 0.0196467126908168 -0.0082402436761113661 -0.0066912658582568814 0.029323617609784754 -0.044985009048017194 -0.0086176728783091301 -0.02672634471863124 -0.010743064129603852 0.12058527221918286 0.017730347112600197 -0.032546737696188467 0.10377832535014567 0.010234675447463693 -0.019437728920211603 -0.039827822035708851 -0.00068084476748377922 0.10853505016095764 -0.046320781905063176 0.01557799472231255
leaf_weight=172 20 23 179 21 27 42 27 44 53 25 20 103 104 81 39 30 66 25 26 53 85 40 63 190 20 95 21 40 40 405
leaf_count=172 20 23 179 21 27 42 27 44 53 25 20 103 104 81 39 30 66 25 26 53 85 40 63 190 20 95 21 40 40 405
internal_value=-0.000231758 -0.00392857 0.000191816 -0.0090625 -0.001875 -0.00327068 -0.00473451 -0.00767606 0.00142857 -0.000686789 -0.00611111 -0.000464481 -0.00125 -0.00256757 -0.00409091 -0.00761261 -0.00110687 0.0003125 -0.00369565 8.19673e-05 -0.000750799 0.00069378 -0.00145161 0.0011326 -0.0047561 0.000734597 0.00142857 0.000344828 1.30385e-10 0.0006
internal_weight=2179 224 1955 64 160 133 113 71 812 1143 45 1098 736 370 242 111 131 128 92 366 313 209 124 362 41 633 84 580 540 500
internal_count=2179 224 1955 64 160 133 113 71 812 1143 45 1098 736 370 242 111 131 128 92 366 313 209 124 362 41 633 84 580 540 500
is_linear=0
shrinkage=0.1


Tree=28
num_leaves=31
num_cat=0
split_feature=5 2 5 5 2 3 4 4 4 5 4 3 3 4 2 5 5 5 5 4 2 5 5 3 1 2 4 5 4 4
split_gain=0.332785 0.236161 0.211575 0.188419 0.153524 0.161022 0.165287 0.397034 0.152519 0.137831 0.284444 0.170466 0.297484 0.174977 0.161957 0.16952 0.254159 0.263353 0.113178 0.107375 0.104378 0.100128 0.231148 0.120177 0.143563 0.218908 0.201761 0.128476 0.164706 0.103582
threshold=21.776906625236375 12.500000000000002 22.214540239447736 15.93979277126437 11.500000000000002 1.0000000180025095e-35 21.443252153884945 22.60877347675147 17.378883012249798 15.198433253443772 15.563354596465592 2.5000000000000004 3.5000000000000004 7.7773482055686145 11.500000000000002 15.075383287026836 13.328071031393298 8.6347095093171315 17.437064335127356 22.60877347675147 11.500000000000002 21.442954900189395 21.152617504822917 3.5000000000000004 1.0000000180025095e-35 11.500000000000002 21.239492679033511 17.548095038381994 17.762594458761729 17.754344416624125
decision_type=2 2 2 2 2 2 2 2 2 2 2 2 2 2 2 2 2 2 2 2 2 2 2 2 2 2 2 2 2 2
left_child=3 4 -3 9 5 -2 -7 -8 -5 11 -11 20 13 -13 15 16 17 -15 -10 -4 -1 22 23 24 25 26 29 -25 -29 -20
right_child=1 2 19 8 -6 6 7 -9 18 10 -12 12 -14 14 -16 -17 -18 -19 21 -21 -22 -23 -24 27 -26 -27 -28 28 -30 -31
leaf_value=0.00014213969093044621 0.59607751108186979 -0.019230760284917953 0.031003735605437833 0.047710435288035612 0.12278723172206019 0.15411820142910757 -0.03995444883142614 0.0061395253446863696 0.2081606809942155 0.041165310113674247 -0.04517517893616696 -0.0074292577704214782 0.0013381646749764749 0.0066375236894495541 -0.0072283276525913461 -0.059584068973590198 0.076631012197852968 -0.012944383825789996 -0.077222811675206615 -0.017493956028190479 0.028366789514991071 0.097681545144861867 -0.041688703714556873 -0.092755008315443518 0.17272816613873487 0.10901817886835111 0.031711653002265548 0.18775211506222941 -0.0067877921525374089 -0.019222109747415131
leaf_weight=550 20 23 21 179 27 42 27 44 53 25 20 47 229 47 26 29 53 31 33 20 86 40 40 20 202 94 22 28 40 61
leaf_count=550 20 23 21 179 27 42 27 44 53 25 20 47 229 47 26 29 53 31 33 20 86 40 40 20 202 94 22 28 40 61
internal_value=-0.00027765 -0.00392857 -0.0090625 0.000140665 -0.001875 -0.00327068 -0.00473451 -0.00767606 0.00130542 -0.000686789 -0.00611111 -0.000464481 -0.00192641 -0.00444206 -0.00306452 -0.001875 -0.000343511 -0.00397436 0.000576619 -0.0047561 0.000597484 0.000172414 -0.000185185 0.0004 0.0011165 -0.000714286 -0.00362069 -0.00295455 -0.000882353 -0.0056383
internal_weight=2179 224 64 1955 160 133 113 71 812 1143 45 1098 462 233 186 160 131 78 633 41 636 580 540 500 412 210 116 88 68 94
internal_count=2179 224 64 1955 160 133 113 71 812 1143 45 1098 462 233 186 160 131 78 633 41 636 580 540 500 412 210 116 88 68 94
is_linear=0
shrinkage=0.1


Tree=29
num_leaves=31
num_cat=0
split_feature=5 2 5 1 5 5 2 2 3 4 4 3 5 5 4 4 5 5 4 4 4 5 2 5 5 5 0 5 5 4
split_gain=0.28448 0.236161 0.211575 0.179669 0.163735 0.234596 0.398983 0.153524 0.161022 0.165287 0.397034 0.117958 0.135872 0.24987 0.110458 0.107375 0.105645 0.10436 0.120372 0.101511 0.10746 0.0934924 0.114651 0.241216 0.0933333 0.0913052 0.262976 0.110623 0.269491 0.109152
threshold=21.776906625236375 12.500000000000002 22.214540239447736 1.0000000180025095e-35 10.402040591666667 8.1129657429642297 10.500000000000002 11.500000000000002 1.0000000180025095e-35 21.443252153884945 22.60877347675147 1.5000000000000002 21.212653007751378 20.974502233146222 8.5690989285158068 22.60877347675147 8.266594988470322 17.596173896483936 17.933972198847581 7.5422720276070558 7.6810434633312257 15.110329821683846 11.500000000000002 14.802116892745781 21.012319677726317 15.20384769730274 2.5000000000000004 17.461852289105192 17.560321039669386 20.491858216648414
decision_type=2 2 2 2 2 2 2 2 2 2 2 2 2 2 2 2 2 2 2 2 2 2 2 2 2 2 2 2 2 2
left_child=3 7 -3 4 5 14 16 8 -2 -10 -11 17 13 -13 19 -4 -7 -6 -19 -1 -21 22 23 -5 -20 -23 27 -27 -29 -30
right_child=1 2 15 21 11 6 -8 -9 9 10 -12 12 -14 -15 -16 -17 -18 18 24 20 -22 25 -24 -25 -26 26 -28 28 29 -31
leaf_value=0.016679558417133585 0.53646975997368285 -0.017307684256426155 0.027903362044894034 0.0001806331128850696 0.035418161014900189 -0.040178369482945828 -0.020652682667752262 0.11050850854985417 0.13870638128619689 -0.035959003948283531 0.0055255728102177604 -0.0043996323934081174 0.045442244518446237 -0.024876331956494663 0.023437912349092951 -0.015744560425371399 0.0038915201410952894 -0.015129161845690587 0.1075874662921053 -0.010957089380138701 2.0850911690346516e-05 0.1856778158746594 0.050762124703251268 -0.060016928475710274 -0.0020160221610928176 0.17938884773969219 -0.10689612042983493 -0.069584156405255573 0.22931604634030706 0.0022122248116836613
leaf_weight=38 20 23 21 415 154 21 20 27 42 27 44 390 32 24 24 20 37 38 35 60 82 74 39 27 25 83 20 44 160 113
leaf_count=38 20 23 21 415 154 21 20 27 42 27 44 390 32 24 24 20 37 38 35 60 82 74 39 27 25 83 20 44 160 113
internal_value=-0.000553006 -0.00392857 -0.0090625 -0.00016624 -0.00112245 -0.00315603 -0.00782051 -0.001875 -0.00327068 -0.00473451 -0.00767606 -0.000300859 -0.00127803 -0.00176328 -0.00137255 -0.0047561 -0.00362069 0.00142857 -0.00112245 -0.00222222 -0.0034507 0.000794872 -0.000197505 -0.000656108 0.00166667 0.00176113 0.00119048 0.00175 0.000899054 0.0020696
internal_weight=2179 224 64 1955 980 282 78 160 133 113 71 698 446 414 204 41 58 252 98 180 142 975 481 442 60 494 420 400 317 273
internal_count=2179 224 64 1955 980 282 78 160 133 113 71 698 446 414 204 41 58 252 98 180 142 975 481 442 60 494 420 400 317 273
is_linear=0
shrinkage=0.1


Tree=30
num_leaves=31
num_cat=0
split_feature=1 4 4 2 4 4 4 4 4 2 4 5 3 3 4 5 3 2 2 5 5 5 4 5 5 3 3 5 4 2
split_gain=0.210458 0.343738 0.127334 0.336549 0.117604 0.109871 0.194015 0.123888 0.106135 0.128145 0.255625 0.161006 0.12492 0.146286 0.180645 0.135031 0.099654 0.154548 0.12205 0.211854 0.207617 0.151962 0.0925856 0.160597 0.167663 0.164728 0.283467 0.308581 0.0975945 0.112611
threshold=1.0000000180025095e-35 22.313624647386796 14.806082988222963 11.500000000000002 23.083378531512317 14.918783562155456 15.135349400712927 15.563354596465592 15.684318322846179 10.500000000000002 21.107402369817674 21.442954900189395 3.5000000000000004 2.5000000000000004 20.411983497285267 17.576046361396525 1.5000000000000002 9.5000000000000018 9.5000000000000018 10.956055933333335 8.2056225572072439 12.079734733333336 14.502389119893476 12.986649338157896 14.276915014741986 2.5000000000000004 3.5000000000000004 8.0331495694369792 20.491858216648414 11.500000000000002
decision_type=2 2 2 2 2 2 2 2 2 2 2 2 2 2 2 2 2 2 2 2 2 2 2 2 2 2 2 2 2 2
left_child=1 2 3 16 -3 -4 -7 -8 -9 12 -11 -12 13 14 15 -10 17 -1 21 20 -20 -18 23 25 -25 -2 27 -27 -24 -30
right_child=22 4 5 -5 -6 6 7 8 9 10 11 -13 -14 -15 -16 -17 18 -19 19 -21 -22 -23 28 24 -26 26 -28 -29 29 -31
leaf_value=-0.0015026961417011454 0.0096503827462354978 -0.033115329459138393 0.033049899458004489 -0.0037951733424555559 -0.018357134355219278 -0.054733962663583241 0.048612383343075903 -0.033727432909352484 0.068942731872588481 0.043754016367529659 -0.031017211281624508 0.040898020066601648 0.084322999421683448 -0.046899526173879512 0.012032660762684017 -0.037762903613793398 0.018647041241798924 0.0082490640031809143 -0.011522648651812687 0.053351017134621294 -0.045958882778605027 -0.023844289953621131 0.046210630562774718 -0.016016770686873679 0.056310582798522017 -0.0051382879034561641 0.047270905601562004 0.0046710116814656505 0.0096713334684951895 -0.020984256213679539
leaf_weight=46 178 20 41 28 38 42 48 26 25 235 49 32 41 35 28 37 75 75 74 49 25 26 511 33 24 23 64 31 136 84
leaf_count=46 178 20 41 28 38 42 48 26 25 235 49 32 41 35 28 37 75 75 74 49 25 26 511 33 24 23 64 31 136 84
internal_value=-0.000323543 -0.00130137 -0.000882353 -0.00228643 -0.0087931 -7.8246e-06 -0.00035117 0.000143885 -0.00031496 2.0747e-05 0.00120253 -0.00364198 -0.00222892 -0.0038 -0.00166667 -0.00467742 -0.00148649 0.000867769 -0.00263052 -0.00445946 -0.00712121 4.95051e-05 0.000664207 -0.000665722 -0.00552632 0.00027027 -0.00262712 -0.00796296 0.00130643 -0.000454545
internal_weight=2179 1095 1037 398 58 639 598 556 508 482 316 81 166 125 90 62 370 121 249 148 99 101 1084 353 57 296 118 54 731 220
internal_count=2179 1095 1037 398 58 639 598 556 508 482 316 81 166 125 90 62 370 121 249 148 99 101 1084 353 57 296 118 54 731 220
is_linear=0
shrinkage=0.1


Tree=31
num_leaves=31
num_cat=0
split_feature=5 2 5 5 5 5 5 5 5 4 5 3 2 4 4 4 5 5 5 5 2 4 4 5 5 2 5 4 4 2
split_gain=0.104945 0.280454 0.255105 0.1067 0.0958353 0.0984803 0.310399 0.134309 0.124008 0.0943065 0.163395 0.114006 0.36104 0.21368 0.110345 0.090994 0.540528 0.131565 0.132401 0.119267 0.0908274 0.276322 0.0975261 0.0843286 0.142774 0.251905 0.158552 0.203986 0.133731 0.0876646
threshold=22.000987995625003 12.500000000000002 22.912650784608672 23.820618060044648 6.971679083333334 21.259973055752763 21.152617504822917 21.02653307450333 20.987906254051993 16.773250739507059 17.437064335127356 3.5000000000000004 10.500000000000002 21.372896575598329 17.762594458761729 15.582151516019001 15.198433253443772 15.174470191405693 15.162769526965944 15.110329821683846 9.5000000000000018 17.665851831632825 20.604012224128997 8.6347095093171315 9.9491918083333335 9.5000000000000018 12.079734733333336 12.780793317207225 15.026122616283835 9.5000000000000018
decision_type=2 2 2 2 2 2 2 2 2 2 2 2 2 2 2 2 2 2 2 2 2 2 2 2 2 2 2 2 2 2
left_child=4 3 -3 -2 -1 6 7 8 9 15 -11 13 -13 20 -14 17 -17 18 19 23 21 -12 -22 -6 25 -25 -26 -28 29 -29
right_child=1 2 -4 -5 5 -7 -8 -9 -10 10 11 12 14 -15 -16 16 -18 -19 -20 -21 22 -23 -24 24 26 -27 27 28 -30 -31
leaf_value=0.013668415055981958 0.0084608570935837384 -0.019047894973207944 -0.006425011260848261 -0.069185956811125118 -0.00043341949370941687 0.047629701590141349 -0.05846908754901281 0.10385507790326483 -0.009561244622255341 0.14203453924709816 -0.069401249749242139 0.10993302997209886 -0.022116218299977269 -0.089241641047716272 -0.033583218878383718 0.037564909593559202 -0.040629669335744835 0.029480990965656997 -0.090609003838406699 0.060350624947444143 0.053299250303700724 0.21053287290609779 -0.0094852632604252671 0.012459612285519235 0.025142192242765322 -0.034347179423358846 -0.0026857556443810049 0.016799855883263957 -0.061124588321933952 -0.0025507041213333132
leaf_weight=36 106 23 27 28 463 96 24 48 24 146 26 48 29 21 20 40 23 96 22 63 300 43 37 25 35 35 35 57 45 158
leaf_count=36 106 23 27 28 463 96 24 48 24 146 26 48 29 21 20 40 23 96 22 63 300 43 37 25 35 35 35 57 45 158
internal_value=-0.000323543 -0.0026087 -0.009 -0.00022388 -0.000112782 -0.000206738 -0.000367686 -0.000220228 -0.000360134 -0.000263158 0.000671642 -0.000152672 -0.00324742 0.000550351 -0.00928571 -0.000834093 -0.00452381 -0.000609284 -0.000970149 -0.000786026 0.00105911 -0.00224638 0.00173591 -0.00109613 -0.00217949 -0.00666667 -0.00136364 -0.00211864 -0.00115385 -0.000116279
internal_weight=2179 184 50 134 1995 1959 1863 1839 1791 1767 670 524 97 427 49 1097 63 1034 938 916 406 69 337 853 390 60 330 295 260 215
internal_count=2179 184 50 134 1995 1959 1863 1839 1791 1767 670 524 97 427 49 1097 63 1034 938 916 406 69 337 853 390 60 330 295 260 215
is_linear=0
shrinkage=0.1


Tree=32
num_leaves=31
num_cat=0
split_feature=5 3 3 4 4 1 4 5 4 4 4 4 3 4 1 5 3 5 5 4 4 5 5 5 5 1 5 3 5 5
split_gain=0.204088 0.156977 0.18862 0.223693 0.587778 0.141288 0.201429 0.193971 0.129369 0.110351 0.294259 0.10373 0.143678 0.103653 0.138951 0.0895471 0.067901 0.119077 0.33285 0.149108 0.151235 0.115304 0.421964 0.126937 0.159506 0.219908 0.25 0.150815 0.0938537 0.157598
threshold=20.931965772701261 2.5000000000000004 1.5000000000000002 21.348920651109825 22.977338540954136 1.0000000180025095e-35 21.565024235685801 22.760432649247686 17.914117039176382 20.505301852960415 20.809343447938371 21.186699431540653 1.5000000000000002 21.507849904952753 1.0000000180025095e-35 6.971679083333334 1.5000000000000002 17.64390513419611 17.627209889465359 15.260070326109242 15.563354596465592 17.579739920469191 17.535776405000203 17.481682607301241 14.276915014741986 1.0000000180025095e-35 17.388673537110076 3.5000000000000004 15.185917163070986 15.15513456778025
decision_type=2 2 2 2 2 2 2 2 2 2 2 2 2 2 2 2 2 2 2 2 2 2 2 2 2 2 2 2 2 2
left_child=8 2 5 -4 -5 7 -7 -2 15 -3 -11 -10 -13 -12 -15 -1 -17 18 19 28 -21 22 23 24 -22 26 -26 -27 29 -18
right_child=1 9 3 4 -6 6 -8 -9 11 10 13 12 -14 14 -16 16 17 -19 -20 20 21 -23 -24 -25 25 27 -28 -29 -30 -31
leaf_value=0.01017712249538473 0.027878154683496623 0.25394027641519318 -0.0024031151207182279 -0.05920665656384913 -0.0064800863824750589 -0.067513884719057241 0.078119351603544024 -0.046151793115316822 0.11552036244998785 -0.05570643683488033 0.086692466547452329 0.13905050039975045 -0.029065169023823879 -0.0034007114971991905 0.21724605915454825 0.0017385993552195942 -0.0026570134655456712 0.024288852491140912 -0.027843745212602834 0.10021663061800049 0.089873404522126055 0.15685562070387471 -0.10992185344553101 0.14610265496735836 -0.035210192186892988 0.073694950836791909 0.12480167735266345 -0.0049582165096025959 0.036854741085671341 -0.051624641372218227
leaf_weight=32 37 32 40 25 20 28 47 31 89 24 62 25 29 47 39 541 546 34 22 70 33 92 28 44 25 37 20 32 20 28
leaf_count=32 37 32 40 25 20 28 47 31 89 24 62 25 29 47 39 541 546 34 22 70 33 92 28 44 25 37 20 32 20 28
internal_value=-0.000461221 -0.00240741 -0.00421053 -0.00794118 -0.0127778 -0.00199301 0.001 -0.00529412 2.00345e-05 -0.000392157 -0.00139535 0.0029021 -0.000555555 0.00027027 -0.00197674 -0.000236908 -0.000343511 -0.000819592 -0.00101805 -0.00074359 0.000800525 -0.000144694 -0.00139269 0.000287958 -0.00112245 -0.00289474 -0.00833333 0.000652174 -0.00173401 -0.00196864
internal_weight=2179 432 228 85 45 143 75 68 1747 204 172 143 54 148 86 1604 1572 1031 997 975 381 311 219 191 147 114 45 69 594 574
internal_count=2179 432 228 85 45 143 75 68 1747 204 172 143 54 148 86 1604 1572 1031 997 975 381 311 219 191 147 114 45 69 594 574
is_linear=0
shrinkage=0.1


Tree=33
num_leaves=31
num_cat=0
split_feature=4 4 4 5 4 4 5 5 2 5 1 3 5 5 4 2 5 5 5 5 3 5 4 3 5 5 4 2 5 5
split_gain=0.122769 0.161712 0.575279 0.0976795 0.106528 0.175302 0.409179 0.166011 0.112161 0.138753 0.131354 0.235317 0.117539 0.144342 0.141064 0.109644 0.127517 0.211005 0.25098 0.107375 0.104445 0.102911 0.190851 0.107439 0.1 0.0996289 0.154977 0.170874 0.143845 0.252613
threshold=23.464738718929173 22.60877347675147 22.182657255829699 6.971679083333334 16.773250739507059 15.582151516019001 15.198433253443772 17.437064335127356 10.500000000000002 15.166099065152888 1.0000000180025095e-35 1.5000000000000002 15.15513456778025 14.222920799477965 12.024656452076721 9.5000000000000018 17.583643082863357 20.974502233146222 21.078610070338364 7.9612264240396424 1.0000000180025095e-35 9.0771972839285748 14.260145221225788 1.5000000000000002 15.162769526965944 22.214540239447736 21.107402369817674 10.500000000000002 21.173928857337454 20.959092680146352
decision_type=2 2 2 2 2 2 2 2 2 2 2 2 2 2 2 2 2 2 2 2 2 2 2 2 2 2 2 2 2 2
left_child=1 2 3 -1 5 8 24 -6 9 -5 11 -10 13 14 19 16 -9 -18 -19 -13 -12 -22 -23 -24 -7 26 -17 -28 29 -29
right_child=-2 -3 -4 4 7 6 -8 15 10 -11 20 12 -14 -15 -16 25 17 18 -20 -21 21 22 23 -25 -26 -27 27 28 -30 -31
leaf_value=0.010752748537095534 -0.031378405442569833 0.097503508777327788 -0.04149983274670288 -0.00044801511386475032 0.12717904077767148 -0.00074842710282180562 -0.033415171159465913 -0.032759448649744248 0.012527312333915276 0.089787721049689961 -0.020780241117500185 -0.022616725759011858 -0.061281060401636514 0.034231588352342919 -0.016451935944131111 0.011183643628328382 0.12252387034721102 -0.058568790491113923 -0.029930210286086251 0.003087393040188588 0.022493981862117381 -0.012855338406117356 -0.10490172462355762 0.13309393672626785 0.05311145591532726 0.047129414287535622 0.076424213684980286 -0.0735660885930709 -0.015691723237439316 0.091897916083059014
leaf_weight=35 48 56 32 619 143 20 23 20 70 53 28 20 22 38 20 448 71 20 34 21 44 21 20 63 20 45 22 41 33 29
leaf_count=35 48 56 32 619 143 20 23 20 70 53 28 20 22 38 20 448 71 20 34 21 44 21 20 63 20 45 22 41 33 29
internal_value=-0.000415328 -0.000302675 -0.000445783 -0.000237396 -0.000328685 -0.000989111 -0.00611111 0.000474614 -0.000678537 8.92858e-05 -0.00208447 -0.00390052 -0.00657025 -0.00510101 -0.00811475 -0.000111402 -0.00258621 -0.0014 -0.00611111 -0.0047561 -0.000113636 0.000945946 -0.000769231 0.00138554 1.30385e-10 0.000469256 0.000113438 -0.003 -0.00470874 -0.00214286
internal_weight=2179 2131 2075 2043 2008 1102 63 906 1039 672 367 191 121 99 61 763 145 125 54 41 176 148 104 83 40 618 573 125 103 70
internal_count=2179 2131 2075 2043 2008 1102 63 906 1039 672 367 191 121 99 61 763 145 125 54 41 176 148 104 83 40 618 573 125 103 70
is_linear=0
shrinkage=0.1


Tree=34
num_leaves=31
num_cat=0
split_feature=4 5 5 5 5 2 1 5 2 5 2 4 5 5 3 5 1 2 4 5 5 4 2 5 5 2 2 5 4 4
split_gain=0.177488 0.113725 0.125968 0.124727 0.117189 0.111772 0.189349 0.229167 0.180064 0.122549 0.186012 0.108006 0.151505 0.390453 0.110611 0.137895 0.132047 0.140926 0.206982 0.196042 0.139732 0.113185 0.172265 0.134194 0.104684 0.103463 0.157003 0.116242 0.154697 0.256173
threshold=21.507849904952753 15.110329821683846 15.162769526965944 6.971679083333334 15.174470191405693 9.5000000000000018 1.0000000180025095e-35 22.760432649247686 11.500000000000002 23.065325260182242 11.500000000000002 14.941317499487722 15.93979277126437 15.198433253443772 3.5000000000000004 17.535776405000203 1.0000000180025095e-35 10.500000000000002 21.107402369817674 17.640653113263117 20.997856197281042 20.491858216648414 10.500000000000002 17.583643082863357 21.099292964717918 10.500000000000002 12.500000000000002 14.959953975510109 14.625589844292268 14.213089934255503
decision_type=2 2 2 2 2 2 2 2 2 2 2 2 2 2 2 2 2 2 2 2 2 2 2 2 2 2 2 2 2 2
left_child=1 3 -3 -1 -4 -2 7 8 -7 10 -8 -6 13 -13 15 -14 17 19 -19 -17 -21 23 -23 -18 -24 27 -27 28 29 -5
right_child=5 2 4 25 11 6 9 -9 -10 -11 -12 12 14 -15 -16 16 21 18 -20 20 -22 22 24 -25 -26 26 -28 -29 -30 -31
leaf_value=0.0096774736833859822 0.046638927778708393 0.043575768192902375 -0.059757820094233187 -9.8791151394019794e-05 0.026158327448937271 -0.023741169206923735 0.085507645082990649 -0.031301273305542242 0.0035710184333379784 0.21683431895971483 -0.028918529941778206 0.02205352153097662 0.099388923641701862 -0.073098788640877918 -0.024635566063533943 -0.13033686818839391 -0.061884316349214312 0.058732251870659113 -0.02002298343391188 0.018180867846807901 -0.0086392110469158765 0.12329059639970957 0.0012250417510106565 0.19398753864445795 -0.052319890821664154 -0.010146033805696645 0.12471345971885578 -0.048171165807896044 0.044764536603599483 -0.037566225212387463
leaf_weight=35 51 63 27 463 52 25 32 24 39 25 28 37 162 27 147 23 25 141 35 37 24 32 34 130 20 278 25 25 87 26
leaf_count=35 51 63 27 463 52 25 32 24 39 25 28 37 162 27 147 23 25 141 35 37 24 32 34 130 20 278 25 25 87 26
internal_value=-0.000369435 -6.39385e-05 0.000669291 -0.000857295 0.000383001 -0.00303571 -0.00424855 -0.0075 -0.004375 -0.000882353 -0.00333333 0.000572354 0.000308925 -0.004375 0.000679012 0.00122926 0.000409182 -0.00115385 0.000454546 -0.00452381 -0.00155738 0.00209544 -0.000813953 0.00370968 -0.00425926 -0.00108407 -0.00259076 -0.000324459 -3.47221e-05 -0.000725971
internal_weight=2179 1955 1016 939 953 224 173 88 64 85 60 926 874 64 810 663 501 260 176 84 61 241 86 155 54 904 303 601 576 489
internal_count=2179 1955 1016 939 953 224 173 88 64 85 60 926 874 64 810 663 501 260 176 84 61 241 86 155 54 904 303 601 576 489
is_linear=0
shrinkage=0.1


Tree=35
num_leaves=31
num_cat=0
split_feature=4 5 5 4 5 5 3 3 4 5 5 5 5 5 5 2 5 2 5 4 5 4 4 5 5 4 5 5 3 4
split_gain=0.151047 0.148114 0.127019 0.17016 0.119837 0.115821 0.0952714 0.18482 0.272397 0.298549 0.185684 0.119451 0.117287 0.171264 0.352651 0.129042 0.117225 0.106268 0.367991 0.325682 0.240698 0.102638 0.0886697 0.0779241 0.130489 0.105711 0.119839 0.131774 0.0897329 0.125874
threshold=21.396082200610937 20.959092680146352 21.062575191229161 21.683549492847032 15.110329821683846 6.971679083333334 3.5000000000000004 2.5000000000000004 7.7773482055686145 14.446201138224959 13.328071031393298 14.276915014741986 7.8858941212356539 8.0117185127893737 8.0268590620283824 11.500000000000002 8.6347095093171315 10.500000000000002 8.1267633984212129 14.106896704210181 14.328612195064473 14.918783562155456 7.6042107187853585 15.15513456778025 15.166099065152888 14.941317499487722 15.210723955843749 15.182662226787125 3.5000000000000004 17.267660006846544
decision_type=2 2 2 2 2 2 2 2 2 2 2 2 2 2 2 2 2 2 2 2 2 2 2 2 2 2 2 2 2 2
left_child=4 -2 -3 -4 5 -1 7 12 -9 10 16 -8 -7 -14 -15 17 -10 21 -19 -20 -21 22 -16 -6 -25 -26 27 -27 -28 -30
right_child=1 2 3 -5 23 6 11 8 9 -11 -12 -13 13 14 15 -17 -18 18 19 20 -22 -23 -24 24 25 26 28 -29 29 -31
leaf_value=0.0087097263150474041 -0.042465052276697446 0.0049011784094147746 -0.009912306159239246 -0.0016911679748531378 0.11628397883553009 -0.026188005100892392 0.0026227686712608205 -0.006092461431222088 0.0065500711210136377 -0.023584254167901008 0.030201461712293643 -0.022697404734286372 0.0078271622622021475 -0.055341684318192065 -0.00086544897752837628 0.024213863825898237 -0.0055961792147269322 0.034465893284204345 -0.039005472388978925 0.12751083661064602 -0.093971802522296755 -0.025916481709145057 0.016861997312864325 -0.0058985087138500895 0.024115664324127806 0.025703307597994038 0.013981583307578763 -0.073434890247636123 0.10968768055023653 -0.029829704777549666
leaf_weight=35 28 26 27 175 45 37 151 44 44 32 49 32 92 22 20 43 32 35 29 23 20 30 169 27 60 27 652 30 26 117
leaf_count=35 28 26 27 175 45 37 151 44 44 32 49 32 92 22 20 43 32 35 29 23 20 30 169 27 60 27 652 30 26 117
internal_value=-0.000139972 -0.00242187 -0.00157895 -0.00242574 0.000163807 -0.000644302 -0.000862832 -0.00138003 -0.00395522 -0.00200637 0.0002 0.00117486 -0.000384615 3.1056e-05 -0.000882353 -0.000149051 -0.00289474 -0.000828221 -0.00341121 -0.0075 -0.00197674 0.00043379 0.0012963 0.000934959 0.000740149 0.000942983 0.000657277 -0.00377193 0.000974843 -0.00129371
internal_weight=2179 256 228 202 1923 939 904 721 201 157 125 183 520 483 391 369 76 326 107 72 43 219 189 984 939 912 852 57 795 143
internal_count=2179 256 228 202 1923 939 904 721 201 157 125 183 520 483 391 369 76 326 107 72 43 219 189 984 939 912 852 57 795 143
is_linear=0
shrinkage=0.1


Tree=36
num_leaves=31
num_cat=0
split_feature=5 3 3 5 4 4 4 3 2 5 5 5 3 3 4 1 2 5 5 5 5 5 5 2 4 5 4 5 2 2
split_gain=0.117895 0.165577 0.14481 0.166105 0.115945 0.203453 0.112318 0.126717 0.347433 0.108258 0.113186 0.104158 0.0969073 0.11201 0.168663 0.294983 0.160158 0.157103 0.232377 0.202097 0.197727 0.122132 0.107898 0.0839349 0.154285 0.185551 0.123494 0.14444 0.315584 0.158153
threshold=20.931965772701261 2.5000000000000004 1.0000000180025095e-35 21.259973055752763 23.625124873717276 22.182657255829699 16.773250739507059 2.5000000000000004 13.500000000000002 22.271507956790128 21.152617504822917 17.493769080412463 3.5000000000000004 2.5000000000000004 15.563354596465592 1.0000000180025095e-35 11.500000000000002 13.328071031393298 7.9176211293395982 8.0407843482211785 15.102210413520472 8.6347095093171315 14.998769083333334 11.500000000000002 14.811215487648221 14.328612195064473 14.502389119893476 9.0771972839285748 10.500000000000002 9.5000000000000018
decision_type=2 2 2 2 2 2 2 2 2 2 2 2 2 2 2 2 2 2 2 2 2 2 2 2 2 2 2 2 2 2
left_child=6 2 3 -2 5 9 12 11 -9 10 -4 -8 13 14 22 -16 17 18 -15 -20 -19 -21 23 24 26 -26 27 29 -29 -1
right_child=1 -3 4 -5 -6 -7 7 8 -10 -11 -12 -13 -14 16 15 -17 -18 20 19 21 -22 -23 -24 -25 25 -27 -28 28 -30 -31
leaf_value=-0.0024530624398524676 -0.023244161648160136 0.0029716953252287379 -0.0049565986732229405 0.1244047235190998 0.0020927628322435789 -0.033681323693369271 0.10572447679446442 0.012126172519500459 -0.023772187930854241 0.038013851884588112 -0.014657805598730615 0.012674974030849684 0.0027116384807502544 0.00045358190107615509 -0.027182555072176557 0.0093480089847353953 -0.0017348311740608632 0.071015875142457593 -0.0058074551012304767 0.010176407371737292 -0.040713317511458194 -0.0052850130853868658 0.022029106385388748 0.010363954461414956 0.0019920364101067957 -0.077838421473998914 0.13093940977488544 0.0048702759893977203 -0.03640797556612365 0.0014807757561695013
leaf_weight=106 44 204 38 37 25 33 122 210 34 27 24 253 234 39 20 26 27 58 26 27 30 31 112 29 22 23 45 60 28 185
leaf_count=106 44 204 38 37 25 33 122 210 34 27 24 253 234 39 20 26 27 58 26 27 30 31 112 29 22 23 45 60 28 185
internal_value=-2.2945e-06 -0.00148148 -0.00333333 6.17285e-05 -0.00520408 -0.00647541 0.00036348 0.00144588 -0.000327869 -0.00398876 -0.00629032 0.0026 -0.000230496 -0.000704698 -3.04877e-05 -0.00586957 -0.00256303 -0.00163507 -0.00394309 -0.00690476 0.00159091 -0.00362069 0.000409836 -0.000220883 -0.00054371 -0.00611111 4.71699e-05 -0.000540897 -0.00409091 0.000532646
internal_weight=2179 432 228 81 147 122 1747 619 244 89 62 375 1128 894 656 46 238 211 123 84 88 58 610 498 469 45 424 379 88 291
internal_count=2179 432 228 81 147 122 1747 619 244 89 62 375 1128 894 656 46 238 211 123 84 88 58 610 498 469 45 424 379 88 291
is_linear=0
shrinkage=0.1


Tree=37
num_leaves=31
num_cat=0
split_feature=4 4 3 3 4 1 1 1 5 4 1 4 4 5 3 4 5 5 5 4 5 2 3 4 5 5 4 4 3 4
split_gain=0.157184 0.223953 0.373735 0.194198 0.179487 0.0909091 0.0833333 0.0831169 0.0815948 0.077294 0.0593549 0.0973924 0.123885 0.0897805 0.103133 0.212287 0.0909128 0.298538 0.140569 0.115154 0.0727982 0.264792 0.120468 0.310389 0.201242 0.29328 0.168799 0.205594 0.101995 0.0909091
threshold=21.396082200610937 22.60877347675147 3.5000000000000004 1.5000000000000002 23.464738718929173 1.0000000180025095e-35 1.0000000180025095e-35 1.0000000180025095e-35 6.971679083333334 21.318795634350685 1.0000000180025095e-35 20.411983497285267 20.576777831673464 15.110329821683846 3.5000000000000004 17.754344416624125 14.087792683096522 14.295505232021354 14.959953975510109 11.699886576952366 17.036650100000003 10.500000000000002 2.5000000000000004 15.563354596465592 14.354176996385094 8.1267633984212129 14.955590939810294 14.260145221225788 3.5000000000000004 7.6810434633312257
decision_type=2 2 2 2 2 2 2 2 2 2 2 2 2 2 2 2 2 2 2 2 2 2 2 2 2 2 2 2 2 2
left_child=8 2 3 7 -3 -5 -6 -2 -1 10 20 13 -13 16 -15 -16 19 -18 -19 -12 21 28 23 24 25 -23 27 -24 29 -10
right_child=1 4 -4 5 6 -7 -8 -9 9 -11 11 12 -14 14 15 -17 17 18 -20 -21 -22 22 26 -25 -26 -27 -28 -29 -30 -31
leaf_value=0.0076045157140869971 -0.018711134190286038 0.085654796515216292 0.019263952100733946 -0.011972256664718781 -0.032066083499724909 -0.037971058270003397 0.001737308163853233 0.083539091724800271 -0.023170102295613313 0.087382638161289272 0.00010748385083677257 -0.029215207684009894 0.0077478699067266236 0.096095764463514047 0.16825348801510126 -0.024439404611077607 -0.026442226826196149 0.018113236438415708 -0.036641985760312461 0.21103957114324406 0.0051993693136741454 0.0039763412189371223 -0.01035245356498379 -0.013016264694490973 0.023447912478170827 -0.03854710938163184 0.00022325998340868292 -0.006859480189379783 0.010906361446057515 0.0016973606651242705
leaf_weight=35 30 56 45 22 24 22 24 33 55 32 282 32 62 295 63 20 32 61 30 56 362 38 30 22 45 32 21 22 76 220
leaf_count=35 30 56 45 22 24 22 24 33 55 32 282 32 62 295 63 20 32 61 30 56 362 38 30 22 45 32 21 22 76 220
internal_value=-9.40797e-05 -0.00242187 -0.00486842 -0.00808411 0.00115385 -0.0131818 -0.00333333 -0.00452381 0.000215809 0.000127119 4.31036e-05 0.000605574 -0.00244681 0.000947557 0.00208995 -0.0010241 1.08461e-05 -0.00231707 0.000604396 0.000857988 -0.00052546 -0.00123886 -0.00404762 -0.00229927 -0.000217391 -0.00357143 -0.00732877 -0.0103846 0.000441596 -0.000454545
internal_weight=2179 256 152 107 104 44 48 63 1923 1888 1856 933 94 839 378 83 461 123 91 338 923 561 210 137 115 70 73 52 351 275
internal_count=2179 256 152 107 104 44 48 63 1923 1888 1856 933 94 839 378 83 461 123 91 338 923 561 210 137 115 70 73 52 351 275
is_linear=0
shrinkage=0.1


Tree=38
num_leaves=31
num_cat=0
split_feature=5 2 5 3 4 4 4 5 5 4 3 4 5 5 2 5 1 3 5 3 5 5 4 5 5 5 5 5 5 5
split_gain=0.210246 0.366308 0.14029 0.104206 0.116442 0.179107 0.0741018 0.142659 0.386224 0.144977 0.13839 0.112111 0.1905 0.46024 0.110175 0.119154 0.0968449 0.185582 0.189929 0.168166 0.143634 0.128399 0.109533 0.0962566 0.221415 0.101948 0.111764 0.146456 0.0941176 0.0927516
threshold=22.000987995625003 12.500000000000002 22.912650784608672 1.0000000180025095e-35 21.443252153884945 22.60877347675147 17.140226403507743 17.535776405000203 17.560321039669386 17.677495457200056 3.5000000000000004 15.582151516019001 15.93979277126437 15.182662226787125 10.500000000000002 15.166099065152888 1.0000000180025095e-35 1.5000000000000002 11.316286286296299 2.5000000000000004 15.15513456778025 9.0771972839285748 14.701643849161163 17.618873908715656 17.64390513419611 19.861967316666671 21.442954900189395 21.152617504822917 21.078610070338364 14.754370360304291
decision_type=2 2 2 2 2 2 2 2 2 2 2 2 2 2 2 2 2 2 2 2 2 2 2 2 2 2 2 2 2 2
left_child=6 3 -3 -2 -5 -6 11 10 -9 -10 -8 14 13 -13 15 -1 17 29 -19 21 22 -18 -20 -11 -25 -26 27 28 -27 -16
right_child=1 2 -4 4 5 -7 7 8 9 23 -12 12 -14 -15 16 -17 19 18 20 -21 -22 -23 -24 24 25 26 -28 -29 -30 -31
leaf_value=0.00023430883366524401 0.49364487664273943 -0.013714466187761554 -0.010212599543968368 0.15119214301109998 -0.021852481245269673 -0.0022284640295207048 0.096901773088305609 -0.12162696080590721 0.047972890375502612 0.19431979229836177 -0.022281948739732927 -0.00088933839965880512 0.027042851600112019 -0.027130762089693339 -0.0024771727530291405 0.073274886666779157 0.014220965596945726 -0.015420416296183327 -0.0022657349731117142 0.035407771214318484 -0.05378873004314582 -0.010712804382997456 0.090745583120753578 -0.022948491154755512 0.10402049829891183 -0.0078720281240315711 0.047944179508473107 -0.022688900776422591 0.35406052173413471 0.020455411697857508
leaf_weight=643 24 23 27 37 24 49 152 22 150 57 42 34 62 20 41 52 36 44 34 73 20 69 24 37 32 180 77 40 24 30
leaf_count=643 24 23 27 37 24 49 152 22 150 57 42 34 62 20 41 52 36 44 34 73 20 69 24 37 32 180 77 40 24 30
internal_value=-0.000461221 -0.00369565 -0.011 -0.000970149 -0.00227273 -0.00458904 -0.000162907 0.000571956 -0.000169628 0.000309883 0.00293814 -0.000668359 -0.00362069 -0.00796296 -0.000347092 0.000395684 -0.00173854 -0.00329016 -0.00565574 -5.61796e-05 -0.00269231 -0.00261905 -0.000172414 -0.000592841 -0.00115385 -0.000382436 -0.000919003 -0.00196721 -0.000882353 0.000774648
internal_weight=2179 184 50 134 110 73 1995 813 619 597 194 1182 116 54 1066 695 371 193 122 178 78 105 58 447 390 353 321 244 204 71
internal_count=2179 184 50 134 110 73 1995 813 619 597 194 1182 116 54 1066 695 371 193 122 178 78 105 58 447 390 353 321 244 204 71
is_linear=0
shrinkage=0.1


Tree=39
num_leaves=31
num_cat=0
split_feature=5 4 4 2 4 5 5 2 5 5 3 2 4 4 5 3 5 5 5 5 5 4 4 2 4 5 2 4 2 5
split_gain=0.207183 0.0834199 0.177484 0.4096 0.093451 0.0737877 0.195245 0.0889144 0.0607688 0.316634 0.0984032 0.23478 0.257068 0.309167 0.192857 0.155082 0.195252 0.247667 0.146432 0.131374 0.15833 0.12074 0.204828 0.108845 0.113374 0.377799 0.0803571 0.0743193 0.0717709 0.0714657
threshold=23.820618060044648 23.625124873717276 22.031919702771212 12.500000000000002 22.60877347675147 22.271507956790128 22.000987995625003 14.500000000000002 21.259973055752763 21.152617504822917 1.5000000000000002 13.500000000000002 8.5690989285158068 8.4910323659225586 17.629760684549023 3.5000000000000004 7.8317419679886413 7.9176211293395982 7.9397029604318909 8.6347095093171315 9.9491918083333335 8.1559093318014657 7.5455300337280562 12.500000000000002 21.239492679033511 20.959092680146352 9.5000000000000018 7.567321002717593 13.500000000000002 12.079734733333336
decision_type=2 2 2 2 2 2 2 2 2 2 2 2 2 2 2 2 2 2 2 2 2 2 2 2 2 2 2 2 2 2
left_child=1 2 5 4 -4 6 7 8 9 10 27 12 13 15 -13 16 -12 -18 -19 -14 -21 22 -20 24 25 29 -17 -1 -29 -22
right_child=-2 -3 3 -5 -6 -7 -8 -9 -10 -11 11 14 19 -15 -16 26 17 18 21 20 23 -23 -24 -25 -26 -27 -28 28 -30 -31
leaf_value=0.0075572513073338884 -0.023251779011721097 0.040432506718012073 -0.015232581110731298 -0.019672214017423029 0.14862532477797905 0.033916742819953584 -0.0060516358189284334 0.1233533092847947 0.15406921023179637 -0.040891099607100835 -0.0039968343348102554 0.02417960844945476 0.027568735129028649 -0.015875585128840273 -0.17546071039568145 0.050799417509468696 0.015618568925261393 -0.0046364577619914171 -0.0064763119205276283 -0.0043819139294927366 0.035178309534874989 -0.030231607463305513 0.029062764123799573 0.030336966402441868 0.011478848258494424 -0.044985414747771672 0.0017651868080649372 0.0014262778422082121 0.1284800180931838 -3.0594745441143294e-05
leaf_weight=41 40 30 32 32 44 28 20 34 54 24 23 28 60 20 20 36 34 24 25 35 29 31 33 85 43 22 48 579 35 590
leaf_count=41 40 30 32 32 44 28 20 34 54 24 23 28 60 20 20 36 34 24 25 35 29 31 33 85 43 22 48 579 35 590
internal_value=-0.000369435 -0.000236091 -0.000310574 -0.00425926 -0.000263158 -9.74511e-05 -0.000169792 -6.91243e-05 -0.000158937 -0.000254692 -0.000105921 -0.000649241 -0.000360281 -0.0030292 -0.0075 -0.00208661 -0.00382353 -0.00248299 -0.00473451 0.000486111 0.000149254 -0.00286517 -0.000172414 0.000448635 2.92399e-05 -0.000304212 0.00142857 0.000877863 0.000602606 0.000153473
internal_weight=2179 2139 2109 108 76 2001 1973 1953 1919 1865 1841 1186 1138 274 48 254 170 147 113 864 804 89 58 769 684 641 84 655 614 619
internal_count=2179 2139 2109 108 76 2001 1973 1953 1919 1865 1841 1186 1138 274 48 254 170 147 113 864 804 89 58 769 684 641 84 655 614 619
is_linear=0
shrinkage=0.1


Tree=40
num_leaves=31
num_cat=0
split_feature=4 1 2 5 5 3 5 4 4 5 3 4 4 5 5 3 5 2 5 1 2 5 5 5 5 4 4 3 5 2
split_gain=0.316262 0.170437 0.157319 0.170928 0.238343 0.0989804 0.0881951 0.15354 0.111111 0.0800285 0.350215 0.132249 0.12533 0.1905 0.46024 0.117089 0.168599 0.207021 0.15392 0.119584 0.173099 0.132738 0.287356 0.12107 0.0860832 0.253359 0.299205 0.499221 0.0868993 0.137755
threshold=21.507849904952753 1.0000000180025095e-35 9.5000000000000018 22.760432649247686 21.513656531479807 3.5000000000000004 22.394864932489043 22.313624647386796 23.625124873717276 22.000987995625003 2.5000000000000004 17.140226403507743 15.582151516019001 15.93979277126437 15.182662226787125 3.5000000000000004 20.974502233146222 10.500000000000002 17.560321039669386 1.0000000180025095e-35 11.500000000000002 17.535776405000203 17.624848878678588 21.152617504822917 7.9397029604318909 7.7773482055686145 7.5476364677995553 1.5000000000000002 7.8623845497699003 9.5000000000000018
decision_type=2 2 2 2 2 2 2 2 2 2 2 2 2 2 2 2 2 2 2 2 2 2 2 2 2 2 2 2 2 2
left_child=9 2 -2 4 -4 6 7 -3 -8 11 -11 12 24 14 -14 19 17 -17 -19 20 21 -13 -23 -21 25 26 -1 -28 -27 -30
right_child=1 5 3 -5 -6 -7 8 -9 -10 10 -12 15 13 -15 -16 16 -18 18 -20 23 -22 22 -24 -25 -26 28 27 -29 29 -31
leaf_value=0.00017949240605281605 0.081210620205268494 -0.054640984698015482 -0.0067300024940776595 -0.019162280897794794 0.0015791561782949376 0.17309919488586903 0.33390060611526134 0.03609572737163038 -0.01256728472140955 -0.014210336731425932 0.20150568083127596 0.077015684620812028 -0.00079734508514876356 0.024195938655879906 -0.024421910767055785 0.096290029349364537 -0.066640161857327129 -0.053380420978620884 0.0055438163844326472 0.13196942546467158 0.052588517179980081 -0.043925951539082568 -2.591565360768114e-05 -0.023075719331205048 0.00044799086923284531 0.011256428432277588 0.00070985625605290514 -0.015080745913766231 0.018923621769568539 -0.00075837183408445979
leaf_weight=56 23 25 28 24 36 21 25 22 20 32 26 45 34 62 20 46 20 28 27 265 145 29 87 23 867 44 28 22 21 28
leaf_count=56 23 25 28 24 36 21 25 22 20 32 26 45 34 62 20 46 20 28 27 265 145 29 87 23 867 44 28 22 21 28
internal_value=-0.000369435 -0.00392857 -0.00671171 -0.00863636 -0.0059375 -0.00119469 -0.0026087 -0.0056383 0.000555556 3.83633e-05 -0.00362069 0.000150237 -0.000499154 -0.00362069 -0.00796296 0.00122378 -0.00161157 4.95051e-05 -0.00409091 0.00180135 0.000424837 -0.0018323 -0.00362069 0.00326389 -0.000159475 -0.00203518 -0.00537736 -0.011 0.00177419 -0.00112245
internal_weight=2179 224 111 88 64 113 92 47 45 1955 58 1897 1182 116 54 715 121 101 55 594 306 161 116 288 1066 199 106 50 93 49
internal_count=2179 224 111 88 64 113 92 47 45 1955 58 1897 1182 116 54 715 121 101 55 594 306 161 116 288 1066 199 106 50 93 49
is_linear=0
shrinkage=0.1


Tree=41
num_leaves=31
num_cat=0
split_feature=4 3 4 2 3 1 5 5 5 2 4 5 5 5 5 4 3 2 5 4 5 5 5 4 4 5 4 5 3 5
split_gain=0.27566 0.186579 0.257157 0.242624 0.234142 0.107423 0.104167 0.0948033 0.130361 0.144741 0.1188 0.11856 0.128498 0.0973082 0.295934 0.250506 0.173611 0.142014 0.102273 0.0939394 0.074217 0.0996255 0.0744037 0.0987835 0.136989 0.0718248 0.148402 0.0829324 0.0711688 0.0646367
threshold=21.443252153884945 3.5000000000000004 22.60877347675147 12.500000000000002 1.5000000000000002 1.0000000180025095e-35 23.350410339097227 6.971679083333334 7.8858941212356539 9.5000000000000018 8.0630927794747631 7.9124084390999991 7.9397029604318909 20.949966580083771 21.02653307450333 20.678427435544101 2.5000000000000004 11.500000000000002 20.893804697879254 22.118945477197524 8.0117185127893737 8.0268590620283824 8.1129657429642297 8.747826847579331 8.3772114634455885 20.810136667956268 17.914117039176382 17.674119020352393 2.5000000000000004 17.650353022232085
decision_type=2 2 2 2 2 2 2 2 2 2 2 2 2 2 2 2 2 2 2 2 2 2 2 2 2 2 2 2 2 2
left_child=7 2 4 6 5 -2 -4 -1 9 -9 -11 -10 -13 18 15 -15 17 -16 20 -3 -14 -22 -23 24 28 26 27 29 -24 -25
right_child=1 19 3 -5 -6 -7 -8 8 11 10 -12 12 13 14 16 -17 -18 -19 -20 -21 21 22 23 25 -26 -27 -28 -29 -30 -31
leaf_value=0.0075772783173773802 -0.011970053630469766 0.048192545845246654 0.12285269537192989 -0.0051371544638824087 -0.017456081162963915 0.05404354972171041 0.009213166798214734 0.0091403679323014807 0.0050612277222147374 -0.031497147245536629 0.0027009449415204842 -0.0018571809245325637 0.01036635284305946 -0.022646506888456805 0.065147065025265946 -0.0049241604073183808 0.14280334604701736 -0.014906580485180156 0.38825652600619653 0.0080082673559686516 -0.04252863354259017 0.0023941489185440781 0.0061829767073113377 -7.2334226955281854e-05 -0.015692566820156826 -0.016257668911032499 0.099922579555401916 -0.058213395889281087 -0.022924383627957946 0.19283742974855886
leaf_weight=35 27 31 40 28 34 32 24 30 45 31 28 36 63 31 31 20 72 41 43 24 27 117 39 1030 39 31 61 29 34 26
leaf_count=35 27 31 40 28 34 32 24 30 45 31 28 36 63 31 31 20 72 41 43 24 27 117 39 1030 39 31 61 29 34 26
internal_value=-0.000553006 -0.00375 -0.00527027 -0.00152174 -0.00897849 -0.00516949 0.001875 -0.000157297 -0.000252101 -0.00398876 -0.00686441 -6.88704e-05 -0.00019774 -7.4971e-05 -0.00217949 -0.00872549 0.000138889 -0.00333333 0.000191683 0.00136364 5.34761e-05 -9.42078e-05 2.13373e-05 -0.000197828 -0.00303571 7.22176e-05 0.000200698 -6.91243e-05 -0.000479452 7.57577e-05
internal_weight=2179 240 185 92 93 59 64 1939 1904 89 59 1815 1770 1734 195 51 144 72 1539 55 1496 1433 1406 1289 112 1177 1146 1085 73 1056
internal_count=2179 240 185 92 93 59 64 1939 1904 89 59 1815 1770 1734 195 51 144 72 1539 55 1496 1433 1406 1289 112 1177 1146 1085 73 1056
is_linear=0
shrinkage=0.1


Tree=42
num_leaves=31
num_cat=0
split_feature=4 2 5 5 5 4 3 3 5 5 4 4 2 4 4 5 5 4 4 5 5 2 2 4 5 4 1 2 5 4
split_gain=0.337401 0.244682 0.0998965 0.0902905 0.166667 0.0788188 0.174007 0.102708 0.146198 0.0711572 0.125429 0.126886 0.204929 0.198478 0.122727 0.160053 0.121315 0.0982329 0.137132 0.120799 0.185506 0.202337 0.140533 0.126926 0.278057 0.522056 0.0958016 0.117216 0.0862792 0.164539
threshold=21.738113586558729 13.500000000000002 7.8317419679886413 7.8858941212356539 7.8623845497699003 22.60877347675147 2.5000000000000004 1.0000000180025095e-35 23.184640751001822 19.861967316666671 17.89238636172653 20.624615056151168 11.500000000000002 20.557721304179804 21.301566615836443 20.959092680146352 21.152617504822917 17.875017990643311 17.835895765845667 17.598396061764848 17.535776405000203 11.500000000000002 13.500000000000002 16.773250739507059 15.198433253443772 15.582151516019001 1.0000000180025095e-35 11.500000000000002 15.110329821683846 15.392697466538207
decision_type=2 2 2 2 2 2 2 2 2 2 2 2 2 2 2 2 2 2 2 2 2 2 2 2 2 2 2 2 2 2
left_child=2 5 -1 4 -4 6 -2 -7 -9 17 -11 13 -13 16 -14 -16 -12 18 19 20 22 -22 23 24 28 -26 27 -21 29 -5
right_child=1 -3 3 9 -6 7 -8 8 -10 10 11 12 14 -15 15 -17 -18 -19 -20 26 21 -23 -24 -25 25 -27 -28 -29 -30 -31
leaf_value=0.00081056919078424108 -0.017492767263156038 -0.0046052188001316071 0.00813334731491667 0.00010510407648873116 -0.01316212934010738 0.46407441460027904 0.00038703272806879312 0.01319336548150507 -0.021008731871483652 0.092322004877600117 0.038298143208104672 0.0021232855150519407 0.12588587095702486 -0.023754851702017417 -0.16127762678993304 0.0079120431025340148 -0.048222095139197063 0.095659083434162781 -0.022707889876372279 -0.0078624062677949552 -0.12177143721431555 -0.0040056694398057455 -0.028842002207160607 0.056278641958227953 0.0043600615931839977 -0.022239591451563717 0.13808988163960903 0.019867493322317423 0.02011718975741833 -0.0074194630305016206
leaf_weight=71 23 35 27 754 27 22 33 43 20 28 71 113 40 22 21 27 21 76 24 52 22 46 24 175 39 20 85 32 153 33
leaf_count=71 23 35 27 754 27 22 33 43 20 28 71 113 40 22 21 27 21 76 24 52 22 46 24 175 39 20 85 32 153 33
internal_value=-0.000461221 -0.00465909 -9.23613e-05 -0.000227743 -0.00425926 -0.00280142 -0.00571429 -0.000882353 -0.00293651 -0.000111821 -0.00141399 -0.00198413 -0.000472637 -0.00464912 -0.00409091 -0.0075 -0.0026087 0.000179153 -3.42687e-06 0.000121951 -0.00021327 -0.00529412 7.51253e-05 0.000229983 -0.000205205 -0.00686441 0.00263314 0.000238095 0.000212766 -0.000209657
internal_weight=2179 176 2003 1932 54 141 56 85 63 1878 343 315 201 114 88 48 92 1535 1459 1435 1266 68 1198 1174 999 59 169 84 940 787
internal_count=2179 176 2003 1932 54 141 56 85 63 1878 343 315 201 114 88 48 92 1535 1459 1435 1266 68 1198 1174 999 59 169 84 940 787
is_linear=0
shrinkage=0.1


Tree=43
num_leaves=31
num_cat=0
split_feature=4 1 2 2 2 5 3 5 4 4 4 4 2 5 4 4 5 2 4 2 1 4 4 4 5 5 5 5 5 4
split_gain=0.258667 0.180597 0.321331 0.220588 0.223545 0.0998965 0.0689515 0.0586855 0.10668 0.131553 0.100518 0.246522 0.138952 0.115703 0.0925835 0.102284 0.298968 0.109091 0.0959127 0.117703 0.142352 0.190973 0.202215 0.167017 0.125966 0.279632 0.0786259 0.0780598 0.118568 0.108665
threshold=21.738113586558729 1.0000000180025095e-35 13.500000000000002 11.500000000000002 9.5000000000000018 7.8317419679886413 1.5000000000000002 19.861967316666671 17.875017990643311 17.835895765845667 20.624615056151168 20.557721304179804 11.500000000000002 22.142677999947924 17.458738050457423 17.353262051597955 17.560321039669386 10.500000000000002 17.289787324433505 10.500000000000002 1.0000000180025095e-35 14.941317499487722 14.725939483042868 13.872815155575783 17.036650100000003 15.15513456778025 7.9612264240396424 17.461852289105192 17.583643082863357 17.677495457200056
decision_type=2 2 2 2 2 2 2 2 2 2 2 2 2 2 2 2 2 2 2 2 2 2 2 2 2 2 2 2 2 2
left_child=5 2 3 4 -2 -1 -3 8 9 14 11 13 -12 -9 15 18 -17 -18 19 -7 21 22 23 26 25 -23 -21 -16 29 -29
right_child=1 6 -4 -5 -6 7 -8 10 -10 -11 12 -13 -14 -15 27 16 17 -19 -20 20 -22 24 -24 -25 -26 -27 -28 28 -30 -31
leaf_value=0.00072951227170583728 0.073644586302459666 0.085406100295916512 -0.0046537577215326866 0.073530148777999363 -0.014785420631403409 0.00034243486425389802 -0.022954982673526053 0.058107183173979698 0.086093175090746557 -0.020437100888735061 0.0019109569635467529 -0.021379366531815654 -0.015572582014353582 -0.008179912372316786 0.13374975988473942 -0.053839545306700501 -0.015688168863540256 0.1388672669113967 0.21444583890190572 -0.012906345289095551 0.0044204139138017901 -0.0029207504351022647 0.063919325513957778 -0.004715612578690534 -0.012772889976123468 -0.038904584255982623 0.0014240940125622974 0.069146919374281038 0.021500805981531743 -0.060423150079180102
leaf_weight=71 21 38 22 20 27 710 48 97 76 24 113 22 88 23 58 21 20 24 35 29 229 26 39 26 29 27 52 25 117 22
leaf_count=71 21 38 22 20 27 710 48 97 76 24 113 22 88 23 58 21 20 24 35 29 229 26 39 26 29 27 52 25 117 22
internal_value=-0.000415328 -0.00409091 -0.00722222 -0.00382353 -0.0075 -9.23613e-05 -0.000813953 -0.000227743 2.83198e-05 -0.00015532 -0.00141399 -0.0034507 2.48758e-05 -0.00166667 -3.69374e-05 -0.000367009 -0.00423077 0.000454546 -0.00015807 -0.000312768 -0.00156455 -0.00333333 -0.00116438 -0.00341121 -0.00719512 -0.0100943 -0.00117284 0.00184685 0.000731707 -0.00351064
internal_weight=2179 176 90 68 48 2003 86 1932 1589 1513 343 142 201 120 1489 1267 65 44 1202 1167 457 228 146 107 82 53 81 222 164 47
internal_count=2179 176 90 68 48 2003 86 1932 1589 1513 343 142 201 120 1489 1267 65 44 1202 1167 457 228 146 107 82 53 81 222 164 47
is_linear=0
shrinkage=0.1


Tree=44
num_leaves=31
num_cat=0
split_feature=4 2 4 4 3 3 5 4 5 4 4 5 4 2 4 4 4 4 3 4 4 4 5 4 5 5 2 5 2 5
split_gain=0.292268 0.121356 0.273485 0.151978 0.439906 0.282322 0.0932438 0.0821729 0.0745154 0.239463 0.187321 0.63441 0.116097 0.212519 0.115605 0.0920297 0.117502 0.259681 0.123945 0.132275 0.0756436 0.130593 0.278108 0.077232 0.0856746 0.250236 0.16384 0.146453 0.127062 0.190183
threshold=21.507849904952753 13.500000000000002 22.118945477197524 22.60877347675147 3.5000000000000004 1.5000000000000002 6.971679083333334 23.464738718929173 17.618873908715656 17.721259132982748 17.743853269577695 17.64390513419611 21.239492679033511 12.500000000000002 17.665851831632825 20.998038819384593 20.624615056151168 20.557721304179804 1.5000000000000002 20.265001553198619 17.458738050457423 17.353262051597955 17.560321039669386 17.289787324433505 15.20384769730274 15.93979277126437 11.500000000000002 14.484568824501453 10.500000000000002 14.087792683096522
decision_type=2 2 2 2 2 2 2 2 2 2 2 2 2 2 2 2 2 2 2 2 2 2 2 2 2 2 2 2 2 2
left_child=6 3 -3 4 5 -2 -1 -5 9 14 -10 -12 15 -14 20 16 17 18 19 -13 21 23 -23 24 27 -26 -27 28 -8 -30
right_child=1 2 -4 7 -6 -7 8 -9 10 -11 11 12 13 -15 -16 -17 -18 -19 -20 -21 -22 22 -24 -25 25 26 -28 -29 29 -31
leaf_value=0.0066655423393906623 -0.012912435924034399 0.030408750906054046 -0.0076097348844899465 0.033736429805690464 0.060070036613693104 -0.025025750167220515 0.00024126827104202931 -0.065573036432256038 0.032077946234009079 0.090833419473926896 -0.01823207706351717 -0.083362339277487013 0.035310976075855691 -0.08671501957786637 -0.025762350239576973 -0.028168799308369352 0.033721319228713159 -0.019241429878634048 0.073493522369475914 0.047344176765068982 0.091919426565194348 -0.048455590776030392 0.069367444213563209 0.19342077395858254 -0.044122816695858248 0.05452957060593272 -0.014738677268244738 0.015441029669057502 -0.0016116891396848799 -0.015148172371415991
leaf_weight=35 41 20 24 49 28 26 543 36 109 130 27 27 63 29 25 22 44 22 62 36 60 21 27 29 33 60 54 274 168 55
leaf_count=35 41 20 24 49 28 26 543 36 109 130 27 27 63 29 25 22 44 22 62 36 60 21 27 29 33 60 54 274 168 55
internal_value=-0.000507113 -0.00392857 -0.00863636 -0.00277778 -0.00552632 -0.00992537 -0.000115089 0.000294118 -0.000208333 0.000131846 -0.00134921 -0.00253012 -0.00122951 0.00173913 -0.000263158 -0.00251174 -0.00180628 -0.00316327 -0.0014 -0.00452381 -0.000135952 -0.000300633 -0.00541667 -9.86841e-05 -0.000223252 -0.00248299 -0.000263158 9.6154e-05 -0.000613577 -0.00262332
internal_weight=2179 224 44 180 95 67 1955 85 1920 1479 441 332 305 92 1349 213 191 147 125 63 1324 1264 48 1216 1187 147 114 1040 766 223
internal_count=2179 224 44 180 95 67 1955 85 1920 1479 441 332 305 92 1349 213 191 147 125 63 1324 1264 48 1216 1187 147 114 1040 766 223
is_linear=0
shrinkage=0.1


Tree=45
num_leaves=31
num_cat=0
split_feature=4 3 3 5 2 1 4 5 4 3 1 3 4 3 2 2 4 2 4 5 5 5 4 5 2 5 5 5 4 4
split_gain=0.350746 0.163158 0.3704 0.206815 0.163496 0.0952381 0.0827985 0.101974 0.188571 0.14943 0.119555 0.306124 0.285573 0.215101 0.207871 0.12945 0.107368 0.0741519 0.0662427 0.0559937 0.128187 0.113515 0.105287 0.333333 0.109232 0.110088 0.223753 0.182916 0.10974 0.101295
threshold=21.396082200610937 2.5000000000000004 1.5000000000000002 21.099292964717918 13.500000000000002 1.0000000180025095e-35 21.318795634350685 17.618873908715656 17.754344416624125 1.0000000180025095e-35 1.0000000180025095e-35 2.5000000000000004 20.300198138332426 3.5000000000000004 10.500000000000002 12.500000000000002 20.300198138332426 12.500000000000002 22.60877347675147 15.110329821683846 15.162769526965944 15.174470191405693 15.392697466538207 14.087792683096522 10.500000000000002 9.0771972839285748 14.295505232021354 7.9612264240396424 7.5945032521064393 14.941317499487722
decision_type=2 2 2 2 2 2 2 2 2 2 2 2 2 2 2 2 2 2 2 2 2 2 2 2 2 2 2 2 2 2
left_child=6 2 4 -3 18 -4 7 8 19 16 11 12 -11 15 -13 -12 -9 -5 -2 22 -21 -22 24 -24 -1 27 -27 28 -26 -23
right_child=1 3 5 17 -6 -7 -8 9 -10 10 13 14 -14 -15 -16 -17 -18 -19 -20 20 21 29 23 -25 25 26 -28 -29 -30 -31
leaf_value=0.00031459684507042498 -0.010585611626623779 -0.0014411179825157138 -0.010419512508005296 0.0072256663800720575 -0.0062519035397751513 -0.044912472601572447 0.055847999635788639 0.12194313394408092 0.097631755872026132 -0.096828425993332634 0.11388387257682885 -0.019817185385852643 -0.01788384082120827 -0.020044561779962163 0.053139401962365031 -0.028036547767431575 -0.0096921378808220281 -0.0054351008601123234 0.076084923892293987 0.023094102750544722 -0.054820866869361717 0.027275525038113885 0.12317637253030274 -0.052593862961284148 -0.012243044132117603 -0.0046281688883390961 0.025694527780276991 0.0080014192768755477 0.0024086508249655646 0.0001106102798270886
leaf_weight=597 48 20 21 58 27 21 32 51 115 33 79 34 36 31 55 35 25 24 37 63 27 46 30 20 20 59 89 71 35 340
leaf_count=597 48 20 21 58 27 21 32 51 115 33 79 34 36 31 55 35 25 24 37 63 27 46 30 20 20 59 89 71 35 340
internal_value=-0.000507113 -0.00398437 -0.00603896 -0.000882353 -0.00303571 -0.0140476 -4.42016e-05 -0.000129561 0.000238095 -0.00159631 -0.00259076 -0.00449367 -0.00949275 -0.000517241 -0.000617977 0.00149123 0.00236842 0.00134146 -0.000882353 -8.23191e-05 0.000798319 0.000157385 -0.000537459 -0.005 -0.000281286 -0.00193431 -0.00378378 0.000238095 -0.00409091 0.000595855
internal_weight=2179 256 154 102 112 42 1923 1891 1512 379 303 158 69 145 89 114 76 82 85 1397 476 413 921 50 871 274 148 126 55 386
internal_count=2179 256 154 102 112 42 1923 1891 1512 379 303 158 69 145 89 114 76 82 85 1397 476 413 921 50 871 274 148 126 55 386
is_linear=0
shrinkage=0.1


Tree=46
num_leaves=31
num_cat=0
split_feature=5 4 5 4 5 3 4 2 5 5 5 4 3 5 4 2 4 5 1 4 4 4 5 4 3 4 4 4 5 3
split_gain=0.267634 0.237215 0.543223 0.124362 0.0956032 0.191037 0.412971 0.126993 0.121693 0.117778 0.14124 0.116595 0.120612 0.111075 0.2 0.106944 0.0763348 0.169697 0.0753259 0.0602847 0.0776924 0.105748 0.1 0.0869983 0.0704983 0.0926282 0.0665516 0.136871 0.146611 0.0613671
threshold=17.618873908715656 17.743853269577695 17.64390513419611 17.754344416624125 22.760432649247686 1.0000000180025095e-35 22.313624647386796 14.500000000000002 21.442954900189395 21.152617504822917 21.078610070338364 21.107402369817674 2.5000000000000004 20.949966580083771 20.678427435544101 9.5000000000000018 20.576777831673464 20.839312201548569 1.0000000180025095e-35 17.677495457200056 17.458738050457423 17.362791340077301 17.576046361396525 17.289787324433505 3.5000000000000004 17.105349856647795 14.955590939810294 14.213089934255503 14.484568824501453 1.5000000000000002
decision_type=2 2 2 2 2 2 2 2 2 2 2 2 2 2 2 2 2 2 2 2 2 2 2 2 2 2 2 2 2 2
left_child=3 18 -3 19 7 -6 -7 8 9 10 13 -10 -13 15 -15 -4 17 -17 -2 20 21 23 -23 24 29 26 27 -26 -29 -1
right_child=1 2 4 -5 5 6 -8 -9 11 -11 -12 12 -14 14 -16 16 -18 -19 -20 -21 -22 22 -24 -25 25 -27 -28 28 -30 -31
leaf_value=0.00022979826259913625 0.002021931776726364 -0.0091428024210732355 0.11709893258132009 0.08619056574852639 0.031014459919698853 0.30329869589199521 -0.020463869597752544 0.21649190761055551 0.14880160785095795 -0.015771441385534931 0.30415525728616777 -0.011031268873111255 0.0014086059623592848 -0.02045789547189553 -0.0029688853975194072 -0.013224329426815297 -0.030081852574390534 0.3290496655517357 0.083386819182345806 -0.014360019454123386 0.090652996577993042 -0.046288607918571638 0.022837288681835016 0.10415223650999868 0.0062701993477205942 -0.020937157228801153 0.073440001267230867 -0.041755952649682668 0.031643278456102951 -0.0016464810422457347
leaf_weight=429 57 28 22 126 29 26 34 28 39 37 23 36 74 36 45 27 35 28 52 33 68 20 20 37 134 20 59 20 27 530
leaf_count=429 57 28 22 126 29 26 34 28 39 37 23 36 74 36 45 27 35 28 52 33 68 20 20 37 134 20 59 20 27 530
internal_value=-0.000323543 -0.00201219 -0.00286106 0.000403808 -0.00212909 -0.00511236 -0.00833333 -0.00151163 -0.00196517 -0.0033004 -0.00240741 0.000302014 -0.00136364 -0.00329016 -0.00611111 -0.00125 -0.00277778 -0.000454545 0.00224771 0.000132427 0.000234604 6.17285e-05 -0.005 0.00022293 7.79329e-05 0.00153846 0.00208333 0.0011326 -0.00351064 -0.000318039
internal_weight=2179 656 547 1523 519 89 60 430 402 253 216 149 110 193 81 112 90 55 109 1397 1364 1296 40 1256 1219 260 240 181 47 959
internal_count=2179 656 547 1523 519 89 60 430 402 253 216 149 110 193 81 112 90 55 109 1397 1364 1296 40 1256 1219 260 240 181 47 959
is_linear=0
shrinkage=0.1


Tree=47
num_leaves=31
num_cat=0
split_feature=4 2 3 5 4 5 4 5 4 4 5 5 1 1 3 3 4 4 2 4 3 4 2 4 1 2 3 4 4 4
split_gain=0.259398 0.142792 0.346773 0.286818 0.0861172 0.114984 0.229624 0.590821 0.197288 0.0828422 0.180532 0.319834 0.189169 0.0753259 0.0735944 0.154821 0.0709315 0.062413 0.289346 0.259681 0.123945 0.132275 0.0594262 0.056696 0.0526878 0.0483964 0.0878456 0.0766255 0.12803 0.105593
threshold=21.529968527620294 13.500000000000002 1.5000000000000002 21.099292964717918 21.414186740531608 17.618873908715656 17.743853269577695 17.64390513419611 17.754344416624125 17.353262051597955 17.583643082863357 17.535776405000203 1.0000000180025095e-35 1.0000000180025095e-35 2.5000000000000004 1.5000000000000002 17.289787324433505 20.624615056151168 12.500000000000002 20.557721304179804 1.5000000000000002 20.265001553198619 10.500000000000002 20.411983497285267 1.0000000180025095e-35 10.500000000000002 3.5000000000000004 15.582151516019001 16.93555025470063 9.4713446735125189
decision_type=2 2 2 2 2 2 2 2 2 2 2 2 2 2 2 2 2 2 2 2 2 2 2 2 2 2 2 2 2 2
left_child=4 3 -3 -2 5 8 13 -8 9 16 11 12 -11 -7 15 24 25 19 -19 20 21 -9 -16 -22 -5 26 27 29 -29 -1
right_child=1 2 -4 14 -6 6 7 17 -10 10 -12 -13 -14 -15 22 -17 -18 18 -20 -21 23 -23 -24 -25 -26 -27 -28 28 -30 -31
leaf_value=-0.00010986632153165276 -0.010241884179375551 -0.0046749887804951968 0.0009183680467435007 0.0013035171446334039 0.0025044307732591583 0.0018197385990537591 -0.0083388925720455156 -0.088470740869041484 0.079321922445414306 -0.0048738951743852307 0.080472576445807076 -0.11787825844984552 0.2387050503252886 0.07504813726411122 0.15676563294472745 -0.026900632545186598 0.16365241188374169 0.021360845631419319 -0.046864750316417694 -0.013227676124937887 0.15136139893003661 0.01941169443564951 -0.0077943478419726184 0.030663044926163598 0.24736781910356834 -0.0015762304523823526 0.010943027490709046 -0.02190544489255708 0.013112214794740219 0.0070095735169902907
leaf_weight=321 22 22 21 23 32 57 27 27 116 38 46 34 31 52 29 29 29 94 41 22 29 36 32 33 38 465 163 20 24 226
leaf_count=321 22 22 21 23 32 57 27 27 116 38 46 34 31 52 29 29 29 94 41 22 29 36 32 33 38 465 163 20 24 226
internal_value=-0.000507113 -0.0037963 -0.00895349 -0.00251445 -0.000145186 -0.00023045 -0.00169856 -0.00309061 0.000175149 -0.000153901 -0.00238255 -0.00470874 -0.000797101 0.00224771 -0.000960265 -0.00277778 0.00011218 -0.00173759 -0.000185185 -0.00316327 -0.0014 -0.00452381 0.00172131 0.00177419 8.19673e-05 -4.10159e-06 0.000490716 -7.6142e-05 -0.00409091 0.000246801
internal_weight=2179 216 43 173 1963 1931 418 309 1513 1397 149 103 69 109 151 90 1248 282 135 147 125 63 61 62 61 1219 754 591 44 547
internal_count=2179 216 43 173 1963 1931 418 309 1513 1397 149 103 69 109 151 90 1248 282 135 147 125 63 61 62 61 1219 754 591 44 547
is_linear=0
shrinkage=0.1


Tree=48
num_leaves=31
num_cat=0
split_feature=4 4 2 4 5 5 3 5 1 4 3 3 4 1 5 5 4 4 5 4 3 2 5 1 2 3 4 5 5 4
split_gain=0.305338 0.152224 0.147294 0.0913091 0.132652 0.445789 0.171535 0.13992 0.0865801 0.0839882 0.285714 0.0952381 0.0821729 0.08 0.0743673 0.0866947 0.127392 0.110853 0.396891 0.225931 0.188265 0.150018 0.0851593 0.110335 0.104078 0.0924008 0.222647 0.0937707 0.0888444 0.0776647
threshold=21.529968527620294 21.683549492847032 13.500000000000002 21.414186740531608 20.949966580083771 21.02653307450333 2.5000000000000004 22.000987995625003 1.0000000180025095e-35 22.60877347675147 3.5000000000000004 1.5000000000000002 23.464738718929173 1.0000000180025095e-35 20.915867184710795 20.860216788090124 17.914117039176382 17.601147357158535 17.618873908715656 17.754344416624125 2.5000000000000004 10.500000000000002 17.560321039669386 1.0000000180025095e-35 10.500000000000002 1.5000000000000002 17.362791340077301 17.442991135068166 16.522279094236115 8.5690989285158068
decision_type=2 2 2 2 2 2 2 2 2 2 2 2 2 2 2 2 2 2 2 2 2 2 2 2 2 2 2 2 2 2
left_child=3 -2 9 4 14 13 7 8 -7 10 11 -3 -11 -6 15 16 17 22 19 20 -19 -20 25 24 -24 -1 27 28 29 -27
right_child=1 2 -4 -5 5 6 -8 -9 -10 12 -12 -13 -14 -15 -16 -17 -18 18 21 -21 -22 -23 23 -25 -26 26 -28 -29 -30 -31
leaf_value=0.001235194755152124 -0.011482165364594605 -0.0061570357818091399 -0.0043440142616657691 0.0022539876959332679 -0.043431592873048978 0.13264426520658884 0.11096574813633153 -0.013245911391950114 -0.021991345688868735 0.033056465908893912 0.064058263763387233 -0.025375645205440445 -0.079432974956011745 -0.008183227933250806 0.38123036977079666 -0.019234239427143151 0.043995678846358077 -0.0044769457771791452 0.0099366178978745889 0.094784335402679235 0.041063345093621077 -0.0082005662459368935 -0.04792014183424681 0.096547425361415445 0.023913635331935988 -0.0013648032472303785 -0.098700109059997612 0.053004863715313967 -0.015968697345203123 0.00060586881864939455
leaf_weight=440 32 21 36 32 25 20 69 29 22 49 21 21 36 25 28 28 81 25 23 79 26 31 30 74 43 274 27 29 26 477
leaf_count=440 32 21 36 32 25 20 69 29 22 49 21 21 36 25 28 28 81 25 23 79 26 31 30 74 43 274 27 29 26 477
internal_value=-0.000690684 -0.00425926 -0.00315217 -0.000298013 -0.00038581 -0.00289474 1.30385e-10 -0.0034507 0.000238095 -0.00175676 -0.00452381 -0.00928571 0.000294118 -0.011 -0.000112004 -0.000195563 -0.000103857 -0.000299252 -0.0026087 0.000384616 -0.00480392 -0.00981481 1.30385e-10 0.00227891 -0.000479452 -0.000263158 -0.000882353 -0.000583126 -0.000791506 -0.000592543
internal_weight=2179 216 184 1963 1931 190 140 71 42 148 63 42 85 50 1741 1713 1685 1604 184 130 51 54 1420 147 73 1273 833 806 777 751
internal_count=2179 216 184 1963 1931 190 140 71 42 148 63 42 85 50 1741 1713 1685 1604 184 130 51 54 1420 147 73 1273 833 806 777 751
is_linear=0
shrinkage=0.1


Tree=49
num_leaves=31
num_cat=0
split_feature=4 5 4 5 4 1 5 4 4 4 5 3 4 5 5 5 5 5 5 5 5 3 4 4 5 2 4 2 5 5
split_gain=0.284767 0.175 0.127633 0.162412 0.148168 0.284091 0.260417 0.250753 0.1337 0.205061 0.12077 0.14576 0.196594 0.0991532 0.187701 0.0909091 0.0836749 0.0921519 0.166667 0.118585 0.128414 0.0837517 0.0729114 0.128048 0.0916761 0.0816697 0.0644019 0.279527 0.117379 0.0917479
threshold=23.233825698598146 22.760432649247686 17.601147357158535 17.611349546148872 17.771869190887575 1.0000000180025095e-35 17.621355012700022 17.712927001579462 20.624615056151168 20.557721304179804 17.64390513419611 1.5000000000000002 20.265001553198619 22.587422680330523 22.000987995625003 17.579739920469191 7.8317419679886413 7.8858941212356539 7.8623845497699003 7.9124084390999991 7.9397029604318909 1.5000000000000002 21.529968527620294 21.635349459375078 20.893804697879254 10.500000000000002 17.362791340077301 11.500000000000002 17.442991135068166 16.522279094236115
decision_type=2 2 2 2 2 2 2 2 2 2 2 2 2 2 2 2 2 2 2 2 2 2 2 2 2 2 2 2 2 2
left_child=2 -2 3 16 5 7 -6 -4 9 10 -8 12 -12 14 22 -7 -1 18 -18 -19 -21 -22 24 -24 -10 -25 28 -28 29 -23
right_child=1 -3 4 -5 6 15 8 -9 13 -11 11 -13 -14 -15 -16 -17 17 19 -20 20 21 26 23 25 -26 -27 27 -29 -30 -31
leaf_value=0.0014286710002734116 0.15915788312254217 -0.024422409665054524 0.0079307337628111707 0.019831839875415664 0.064881022733024138 0.39302612565444905 -0.012943878831981104 -0.0045232505443593236 -0.027976817998979438 -0.01003673964448991 -0.099366360428497891 0.054181521102164946 0.019998882707847023 0.067630731670476937 -0.011185049944944004 0.0011734765487898759 0.0070946699157665135 0.0034323489422047287 -0.012426045168039305 -0.0014596881766639417 0.0013221162719690919 -0.00074636508308441199 -0.0080933376610256205 0.35988426331029949 0.0033827972795330385 -0.0042499222860447831 -0.16542959547964817 0.087035116078588992 0.039260814877540622 -0.014371827610682834
leaf_weight=65 20 36 23 105 120 22 20 21 20 22 23 62 36 55 50 22 27 45 27 36 389 621 21 20 113 38 23 33 38 26
leaf_count=65 20 36 23 105 120 22 20 21 20 22 23 62 36 55 50 22 27 45 27 36 389 621 21 20 113 38 23 33 38 26
internal_value=-0.000461221 -0.0075 -0.000275553 0.000261324 -0.00139535 -0.00522727 -0.000833333 -0.0109091 -0.001875 -0.00420245 -0.00280142 -0.00161157 -0.00516949 -0.000678233 -0.00148855 0.000454546 -3.75939e-05 -0.000217391 -0.00425926 -3.71592e-05 -0.000231561 -4.42477e-05 -0.000188679 -0.00259494 0.0012406 -0.000172414 -0.000668016 -0.00392857 -0.00040146 -0.000718702
internal_weight=2179 56 2123 1435 688 88 600 44 480 163 141 121 59 317 262 44 1330 1265 54 1211 1166 1130 212 79 133 58 741 56 685 647
internal_count=2179 56 2123 1435 688 88 600 44 480 163 141 121 59 317 262 44 1330 1265 54 1211 1166 1130 212 79 133 58 741 56 685 647
is_linear=0
shrinkage=0.1


Tree=50
num_leaves=31
num_cat=0
split_feature=4 4 4 1 2 5 4 5 5 4 4 3 4 5 5 5 4 5 5 4 1 5 5 3 5 5 5 5 4 4
split_gain=0.191515 0.131868 0.192537 0.142857 0.285714 0.140006 0.087831 0.0555558 0.117848 0.114255 0.202139 0.124876 0.0864698 0.185459 0.170253 0.122007 0.118177 0.243751 0.153724 0.135824 0.115096 0.113935 0.111439 0.0993008 0.190442 0.103823 0.0884854 0.141727 0.114372 0.111393
threshold=21.529968527620294 22.60877347675147 23.464738718929173 1.0000000180025095e-35 11.500000000000002 23.350410339097227 21.414186740531608 7.9124084390999991 7.9397029604318909 8.1931745393710909 7.5476364677995553 1.5000000000000002 7.7773482055686145 8.0407843482211785 8.0117185127893737 8.1129657429642297 8.747826847579331 8.788590746491705 12.079734733333336 12.780793317207225 1.0000000180025095e-35 8.0571946510690733 8.3803491739130447 1.0000000180025095e-35 14.596519522248219 14.189406503425344 14.295505232021354 14.398914561941007 14.625589844292268 17.552424590187645
decision_type=2 2 2 2 2 2 2 2 2 2 2 2 2 2 2 2 2 2 2 2 2 2 2 2 2 2 2 2 2 2
left_child=6 3 -3 4 -2 -4 7 9 -9 10 -1 -12 20 14 -14 -15 17 22 -18 -20 21 -10 -17 24 -21 -25 -27 -28 -29 -30
right_child=1 2 5 -5 -6 -7 -8 8 12 -11 11 -13 13 15 -16 16 18 -19 19 23 -22 -23 -24 25 -26 26 27 28 29 -31
leaf_value=0.0046124398398556775 -0.012448587974956208 0.04721106845484993 -0.027724134520502288 -0.011066274553664393 -0.001848075264695568 0.0044001316801277057 0.0024780867028339781 -0.0013137193589975664 0.0046057294699451135 0.0064142882770730769 -0.00065722087666201319 -0.0062355533022405221 0.0051171617569196557 0.0098701289527757339 -0.031998198711425362 -0.01768271928305087 0.010156347499109767 -0.010488545316955734 -0.00082232142971060585 -0.062356274445902797 0.013566013359993424 -0.0067659295501812395 0.049088261852619657 0.089679985901113493 0.0090840694290488348 -0.0046348409572268467 0.041951870864637357 -0.034843054642310314 0.0037153366378518448 -0.0059346742550357764
leaf_weight=42 28 56 26 56 28 22 32 36 41 59 39 29 34 42 31 32 86 22 34 26 68 28 21 59 204 37 40 23 491 407
leaf_count=42 28 56 26 56 28 22 32 36 41 59 39 29 34 42 31 32 86 22 34 26 68 28 21 59 204 37 40 23 491 407
internal_value=-0.000507113 -0.00333333 -0.000769231 -0.00571429 -0.00928571 -0.00541667 -0.000196128 -0.000282237 -0.000448354 0.0014497 -0.000454545 -0.00382353 -0.000330243 -0.000538074 -0.00576923 -0.00031496 -0.000465587 -0.00433333 -0.000259417 -0.000526116 0.00208029 -0.000797101 -0.000660377 -0.000361305 0.00152174 -0.00077105 -0.00101202 -0.000827263 -0.00108035 -0.000902004
internal_weight=2179 216 104 112 56 48 1963 1931 1762 169 110 68 1726 1589 65 1524 1482 75 1407 1321 137 69 53 1287 230 1057 998 961 921 898
internal_count=2179 216 104 112 56 48 1963 1931 1762 169 110 68 1726 1589 65 1524 1482 75 1407 1321 137 69 53 1287 230 1057 998 961 921 898
is_linear=0
shrinkage=0.1


Tree=51
num_leaves=31
num_cat=0
split_feature=5 4 3 3 4 5 4 2 5 5 1 2 4 5 5 2 4 5 5 4 4 1 4 2 5 3 4 4 2 5
split_gain=0.151117 0.110622 0.205895 0.197219 0.13102 0.119378 0.10529 0.0925926 0.0931938 0.144159 0.0757521 0.0909091 0.0634651 0.0689118 0.118052 0.102323 0.132722 0.542481 0.0957792 0.164603 0.13757 0.0678394 0.224693 0.174215 0.208514 0.170455 0.156961 0.578703 0.18756 0.265934
threshold=7.9176211293395982 21.588065905142749 1.0000000180025095e-35 2.5000000000000004 22.60877347675147 22.760432649247686 7.5298902957288769 9.5000000000000018 7.8786832977210901 7.8317419679886413 1.0000000180025095e-35 11.500000000000002 7.5396213078317071 15.110329821683846 15.15513456778025 12.500000000000002 15.392697466538207 13.845102936944446 15.166099065152888 14.941317499487722 15.37442062200717 1.0000000180025095e-35 20.411983497285267 10.500000000000002 20.96728541027122 2.5000000000000004 17.771869190887575 17.712927001579462 11.500000000000002 17.442991135068166
decision_type=2 2 2 2 2 2 2 2 2 2 2 2 2 2 2 2 2 2 2 2 2 2 2 2 2 2 2 2 2 2
left_child=7 6 -3 4 -4 -6 -2 -1 9 -9 11 -5 -8 15 -15 16 -14 -18 -16 -20 -21 26 -23 -24 -25 -26 27 28 -22 -30
right_child=1 2 3 10 5 -7 12 8 -10 -11 -12 -13 13 14 18 -17 17 -19 19 20 21 22 23 24 25 -27 -28 -29 29 -31
leaf_value=0.0051533593834390693 -0.037274245213566835 0.015951555617719149 -0.013153329305245621 -0.011432014995891407 0.00071629940253887809 -0.024377324486256728 0.035169062472601396 0.00073884346597268967 0.0068480710820184509 -0.011196902835531966 0.17143708882204872 0.0036108677729115579 -0.00045294367160727276 0.086150421926996248 -0.0061766725278851976 0.10660898092972389 0.052549705689349482 -0.00795220629472565 0.0112904633575199 -0.04537112685157707 0.012201608273798376 0.023489145023458821 0.014904230169449152 -0.033411203861333463 -0.035601074602145136 0.3454015918944045 0.0012234892599976709 -0.0034774580644198229 -0.01514491708970548 0.020213768270053212
leaf_weight=72 25 46 26 22 21 27 21 41 31 36 35 22 638 45 27 25 32 21 60 23 110 312 55 28 24 20 233 21 28 52
leaf_count=72 25 46 26 22 21 27 21 41 31 36 35 22 638 45 27 25 32 21 60 23 110 312 55 28 24 20 233 21 28 52
internal_value=-0.000553006 -0.000802901 -0.0030402 -0.00480392 -0.00851351 -0.00541667 -0.000555555 0.00222222 0.00037037 -0.00149351 -0.00132911 -0.00409091 -0.000464789 -0.000530217 -9.63378e-06 -0.00128492 -0.0015123 -0.00632075 -0.000236656 -7.24636e-05 -0.000408388 -0.000209513 0.000671982 -0.00287402 -0.00611111 -0.00181818 -0.00108108 -0.00305687 -0.00131579 -0.005
internal_weight=2179 1999 199 153 74 48 1800 180 108 77 79 44 1775 1754 1038 716 691 53 993 966 906 883 439 127 72 44 444 211 190 80
internal_count=2179 1999 199 153 74 48 1800 180 108 77 79 44 1775 1754 1038 716 691 53 993 966 906 883 439 127 72 44 444 211 190 80
is_linear=0
shrinkage=0.1


Tree=52
num_leaves=31
num_cat=0
split_feature=4 1 2 5 5 3 3 5 5 5 4 3 5 2 4 5 4 1 5 4 5 4 2 3 4 5 5 5 3 2
split_gain=0.179522 0.125 0.341282 0.19022 0.25974 0.133151 0.193315 0.114771 0.0629436 0.109193 0.332996 0.075875 0.150136 0.193816 0.062535 0.144456 0.105803 0.0773601 0.215037 0.189994 0.181815 0.157015 0.132285 0.292755 0.109773 0.194005 0.109547 0.2711 0.129044 0.0985401
threshold=21.588065905142749 1.0000000180025095e-35 9.5000000000000018 22.760432649247686 21.568131363191338 1.0000000180025095e-35 2.5000000000000004 7.8317419679886413 21.02653307450333 20.949966580083771 20.624615056151168 2.5000000000000004 21.152617504822917 11.500000000000002 17.914117039176382 20.810136667956268 20.576777831673464 1.0000000180025095e-35 17.596173896483936 17.601147357158535 15.110329821683846 15.392697466538207 10.500000000000002 2.5000000000000004 17.511520969895141 15.15513456778025 17.437064335127356 17.560321039669386 3.5000000000000004 11.500000000000002
decision_type=2 2 2 2 2 2 2 2 2 2 2 2 2 2 2 2 2 2 2 2 2 2 2 2 2 2 2 2 2 2
left_child=7 2 -2 4 -4 -3 -7 -1 9 14 -11 12 -10 -14 17 -16 -17 18 22 -20 21 29 -9 -24 25 -25 -22 -28 -29 -19
right_child=1 5 3 -5 -6 6 -8 8 11 10 -12 -13 13 -15 15 16 -18 20 19 -21 26 -23 23 24 -26 -27 27 28 -30 -31
leaf_value=0.0013013794982521263 0.025722299225231504 0.37558690367392455 -0.0057096489177158455 -0.013023838271831428 0.0064809120530916701 -0.0261605766806704 0.15429337993984382 0.00074162021172184428 0.21835012239050267 -0.020214750554333069 0.0018745381787794377 0.055695977849324042 0.0083750962027026223 -0.027918088333517856 0.030011992670182654 0.24827709199372158 -0.018698996643425288 -0.00035225928965809667 -0.0050146322136668444 -0.0087454608646062443 0.053073184919628417 -0.018432157147603444 0.00041672648989678841 -0.0042141429336018362 0.029034650089738857 -0.013897671753646991 -0.076711571764314812 0.087328719533921337 -0.0021920087615929121 0.020554111840227395
leaf_weight=71 22 27 20 23 35 38 35 375 31 28 33 76 31 27 64 38 40 384 58 45 154 30 181 59 20 24 56 106 21 27
leaf_count=71 22 27 20 23 35 38 35 375 31 28 33 76 31 27 64 38 40 384 58 45 154 30 181 59 20 24 56 106 21 27
internal_value=-0.000644791 -0.0035 -0.006 -0.00910256 -0.00590909 -0.001 -0.00321918 -0.00035624 -0.000503145 -0.000679862 -0.00483607 0.00136364 -0.000617977 -0.00362069 -0.000529132 0.00147887 -0.00141026 -0.000714286 -0.00143045 -0.00567961 -1.28533e-05 -0.00134921 -0.000766312 -0.00239437 -0.00665049 -0.00825301 0.00173591 8.19673e-05 0.0026378 -0.000839416
internal_weight=2179 200 100 78 55 100 73 1979 1908 1743 61 165 89 58 1682 142 78 1540 762 103 778 441 659 284 103 83 337 183 127 411
internal_count=2179 200 100 78 55 100 73 1979 1908 1743 61 165 89 58 1682 142 78 1540 762 103 778 441 659 284 103 83 337 183 127 411
is_linear=0
shrinkage=0.1


Tree=53
num_leaves=31
num_cat=0
split_feature=4 3 4 3 4 2 5 5 4 5 3 4 4 5 5 4 4 3 1 3 1 5 3 5 5 4 5 4 4 5
split_gain=0.159632 0.104836 0.276085 0.205159 0.162084 0.141176 0.104218 0.0768345 0.0764419 0.210345 0.159102 0.170806 0.125006 0.0996104 0.162521 0.099365 0.0907009 0.0802487 0.184148 0.108989 0.057931 0.051807 0.0478275 0.1877 0.12925 0.103733 0.0962326 0.0808561 0.0675565 0.0656231
threshold=21.507849904952753 3.5000000000000004 22.60877347675147 1.5000000000000002 23.985109855014674 12.500000000000002 7.8317419679886413 21.212653007751378 12.024656452076721 9.0771972839285748 1.0000000180025095e-35 7.6566189077727076 7.5772943024752992 14.087792683096522 14.222920799477965 7.5396213078317071 7.5298902957288769 2.5000000000000004 1.0000000180025095e-35 3.5000000000000004 1.0000000180025095e-35 10.402040591666667 1.0000000180025095e-35 14.398914561941007 14.998769083333334 14.783523387612599 15.20384769730274 14.841387767811309 14.811215487648221 21.012319677726317
decision_type=2 2 2 2 2 2 2 2 2 2 2 2 2 2 2 2 2 2 2 2 2 2 2 2 2 2 2 2 2 2
left_child=6 2 3 7 5 -4 -1 -2 9 10 11 -8 15 -10 -15 16 -12 -14 -19 -20 -3 -11 26 -24 27 -26 28 -25 -16 -28
right_child=1 20 4 -5 -6 -7 8 -9 13 21 12 -13 17 14 22 -17 -18 18 19 -21 -22 -23 23 24 25 -27 29 -29 -30 -31
leaf_value=0.0011504577324322352 -0.00084268910040320255 -0.0017236673654414817 0.055372887919798934 -0.019959970947605023 -0.019381669827144496 -0.0049152228412030572 0.0084831974061265244 -0.0048956729130328648 0.064184347738896613 -0.0074758109868173807 -0.0085399756893032083 -0.0025044137421290804 0.0094062806648949737 -0.010384436162314388 0.033263349366594475 -0.0058689906578349004 0.032442058355315724 0.0016052579389618923 -0.00040908727386264516 0.015979182057149221 0.10514410137732784 -0.00076076198496785813 0.010874579337271402 -0.035689219098240639 0.050360107097839495 -0.0016592220606826778 0.015505206803016564 0.17375866210513896 -0.0038413995190879828 -0.0061059440281703518
leaf_weight=70 31 29 48 30 24 20 29 21 102 26 37 54 145 45 27 44 22 62 29 36 21 32 63 39 35 846 134 20 28 30
leaf_count=70 31 29 48 30 24 20 29 21 102 26 37 54 145 45 27 44 22 62 29 36 21 32 63 39 35 846 134 20 28 30
internal_value=-0.000507113 -0.00303571 -0.0041954 -0.00841463 -0.000434782 0.00205882 -0.000217391 -0.00461538 -0.00035809 -0.00139535 -0.000676856 -0.00463855 0.0002 3.28708e-05 -0.000209155 -0.00276699 -8.47456e-05 0.00132353 -0.000511811 -0.00423077 0.001 -0.00706897 8.18344e-06 -0.000284147 -0.000638298 -0.000334847 0.00134703 -0.00516949 -0.00227273 0.00256098
internal_weight=2179 224 174 82 92 68 1955 52 1885 516 458 83 375 1369 1267 103 59 272 127 65 50 58 1222 1003 940 881 219 59 55 164
internal_count=2179 224 174 82 92 68 1955 52 1885 516 458 83 375 1369 1267 103 59 272 127 65 50 58 1222 1003 940 881 219 59 55 164
is_linear=0
shrinkage=0.1


Tree=54
num_leaves=31
num_cat=0
split_feature=4 3 2 4 5 5 5 5 2 4 3 4 4 4 5 5 4 1 3 5 4 3 4 5 4 4 2 4 1 5
split_gain=0.155154 0.27451 0.197531 0.195517 0.383383 0.113424 0.0844313 0.180852 0.487734 0.165017 0.107175 0.102667 0.0995671 0.0866326 0.107318 0.0843508 0.194491 0.160053 0.0827897 0.0823605 0.197006 0.101422 0.0751097 0.419048 0.104122 0.0905508 0.119674 0.107966 0.097738 0.119948
threshold=22.182657255829699 1.0000000180025095e-35 9.5000000000000018 23.625124873717276 22.271507956790128 7.8317419679886413 14.295505232021354 14.087792683096522 10.500000000000002 14.783523387612599 3.5000000000000004 14.7413709393212 14.395895892965571 11.058784289134293 9.6718167666666677 8.1129657429642297 8.6520765594719169 1.0000000180025095e-35 3.5000000000000004 8.0212768612002119 8.3772114634455885 1.5000000000000002 14.841387767811309 15.174470191405693 14.918783562155456 15.260070326109242 10.500000000000002 15.463525388547213 1.0000000180025095e-35 17.442991135068166
decision_type=2 2 2 2 2 2 2 2 2 2 2 2 2 2 2 2 2 2 2 2 2 2 2 2 2 2 2 2 2 2
left_child=5 -2 -3 4 -4 -1 7 10 12 18 11 13 -9 14 15 19 17 -17 -8 20 21 -7 23 -11 -24 26 -26 -27 29 -29
right_child=1 2 3 -5 -6 6 9 8 -10 22 -12 -13 -14 -15 -16 16 -18 -19 -20 -21 -22 -23 24 -25 25 27 -28 28 -30 -31
leaf_value=0.0010561957751836723 0.14052714620701759 0.0303793626609026 -0.005515639973173528 0.0055018469092922191 -0.021155347510672745 -0.0003137028671903895 0.015669187833449887 0.13337147721258757 -0.024067613503666388 -0.070636252142479414 0.0036574599389010152 0.089080877238804687 -0.010258208644862902 -0.0040395686325722302 0.01670659710589549 -0.037590328940419228 0.002410062739126946 -0.00065898066582345625 -0.0086797788741637873 0.0039394322287053972 -0.017508470064218552 0.0016854409797737377 0.068057119152807197 0.053409277160743535 -0.0012867282694003378 0.1443633458058465 -0.05620248761970266 -0.0052934082826145649 0.0024642426009121566 -0.0024655387957072633
leaf_weight=71 28 27 33 20 28 68 92 23 28 20 125 48 21 45 24 27 32 36 35 105 26 83 37 22 38 39 29 94 482 393
leaf_count=71 28 27 33 20 28 68 92 23 28 20 125 48 21 45 24 27 32 36 35 105 26 83 37 22 38 39 29 94 482 393
internal_value=-0.000553006 -0.00382353 -0.00611111 -0.00858025 -0.0113934 -0.000335291 -0.000476673 -0.00136758 -0.00611111 3.90333e-06 -0.000815832 -0.00147773 0.000454546 -0.00195067 -0.00148379 -0.00189655 -0.00447368 -0.00769841 0.0034252 -0.00102837 -0.00234463 -0.000960265 -0.000372617 -0.00452381 -0.000215827 -0.000395349 -0.00395522 -0.00015873 -0.000366357 -0.0013655
internal_weight=2179 136 108 81 61 2043 1972 691 72 1281 619 494 44 446 401 377 95 63 127 282 177 151 1154 42 1112 1075 67 1008 969 487
internal_count=2179 136 108 81 61 2043 1972 691 72 1281 619 494 44 446 401 377 95 63 127 282 177 151 1154 42 1112 1075 67 1008 969 487
is_linear=0
shrinkage=0.1


Tree=55
num_leaves=31
num_cat=0
split_feature=4 2 4 1 2 5 4 5 5 4 5 5 2 3 3 4 5 5 3 4 4 4 3 5 2 3 2 5 5 5
split_gain=0.260191 0.185714 0.230147 0.127563 0.0934425 0.117398 0.139193 0.101014 0.129277 0.250216 0.156221 0.112443 0.0789486 0.29838 0.134279 0.139654 0.11808 0.194345 0.120766 0.152788 0.0752052 0.10722 0.104302 0.0722796 0.0718057 0.0840075 0.127682 0.246212 0.07505 0.269842
threshold=22.182657255829699 9.5000000000000018 22.60877347675147 1.0000000180025095e-35 9.5000000000000018 21.012319677726317 17.579911904432802 7.8971047685930174 8.0481058993500412 7.6281454407312284 8.788590746491705 14.143805923565823 13.500000000000002 2.5000000000000004 1.5000000000000002 20.491858216648414 16.522279094236115 14.959953975510109 1.0000000180025095e-35 8.4485437025064769 21.396082200610937 21.239492679033511 1.5000000000000002 6.971679083333334 13.500000000000002 3.5000000000000004 10.500000000000002 17.402898575245519 17.674119020352393 20.915867184710795
decision_type=2 2 2 2 2 2 2 2 2 2 2 2 2 2 2 2 2 2 2 2 2 2 2 2 2 2 2 2 2 2
left_child=3 -2 -3 20 5 6 7 -5 9 -9 -10 -12 14 -14 15 16 17 18 19 -6 21 23 -22 -1 25 28 -27 -28 -25 -30
right_child=1 2 -4 4 12 -7 -8 8 10 -11 11 -13 13 -15 -16 -17 -18 -19 -20 -21 22 -23 -24 24 -26 26 27 -29 29 -31
leaf_value=0.00031415592259458752 0.028622366793868145 -0.021089499916096096 -0.0044460073656329589 0.042561591889645055 -0.013926072409835935 -0.017301929481463661 0.067152926177406647 0.00055338439904623483 0.039473255138632091 -0.036082730428873153 -0.019766680667897232 -0.0086739608266731168 0.051973387354221391 -0.040512266720842419 0.0097341073184088103 -0.033267066920545277 0.13991852858442921 -0.10315161304191607 0.031152250722678399 0.0059954829779239882 0.0069771713271653936 0.31274867241845744 -0.0079714485084660096 -0.00088334378936923998 0.015813865840728421 0.0020977506155102285 -0.008027712728695291 0.039324272821443886 -0.056446843667054394 -0.00076703941820842965
leaf_weight=21 33 25 78 23 22 24 43 22 37 20 32 74 48 26 437 24 76 30 41 34 25 33 41 609 47 103 40 26 29 56
leaf_count=21 33 25 78 23 22 24 43 22 37 20 32 74 48 26 437 24 76 30 41 34 25 33 41 609 47 103 40 26 29 56
internal_value=-0.000323543 -0.00455882 -0.00665049 -4.16054e-05 0.000755183 -0.000818182 -0.000179283 -0.00125 -0.00202703 -0.00690476 -0.000594405 -0.00254717 0.00134146 -0.00175676 0.00168675 -0.000286343 0.000566503 -0.00129921 0.000876289 -0.00214286 -0.000825243 -0.00060166 -0.00409091 -0.000800215 -0.000934066 -0.00114137 0.000857988 -0.00257576 -0.00162824 -0.00441176
internal_weight=2179 136 103 2043 1013 275 251 208 185 42 143 106 738 74 664 227 203 127 97 56 1030 964 66 931 910 863 169 66 694 85
internal_count=2179 136 103 2043 1013 275 251 208 185 42 143 106 738 74 664 227 203 127 97 56 1030 964 66 931 910 863 169 66 694 85
is_linear=0
shrinkage=0.1


Tree=56
num_leaves=31
num_cat=0
split_feature=1 4 4 5 5 2 5 5 5 4 4 4 2 5 4 5 3 3 2 5 2 4 2 3 4 5 3 2 5 5
split_gain=0.210855 0.222456 0.209341 0.133304 0.130748 0.126987 0.141218 0.316627 0.235714 0.117373 0.085432 0.136243 0.233091 0.199402 0.111228 0.076087 0.0897025 0.212281 0.103738 0.0749814 0.0760115 0.074564 0.178571 0.0914286 0.0845603 0.100134 0.0743927 0.108173 0.0719707 0.2513
threshold=1.0000000180025095e-35 20.411983497285267 23.233825698598146 17.583643082863357 17.437064335127356 11.500000000000002 22.066609629307667 21.152617504822917 20.94100800877883 15.684318322846179 22.60877347675147 21.396082200610937 10.500000000000002 21.442954900189395 21.239492679033511 20.959092680146352 1.0000000180025095e-35 2.5000000000000004 9.5000000000000018 6.971679083333334 13.500000000000002 15.003233094274648 9.5000000000000018 1.5000000000000002 14.502389119893476 14.208081974174865 3.5000000000000004 12.500000000000002 17.674119020352393 21.02653307450333
decision_type=2 2 2 2 2 2 2 2 2 2 2 2 2 2 2 2 2 2 2 2 2 2 2 2 2 2 2 2 2 2
left_child=2 3 10 4 9 15 7 8 -7 21 11 14 -13 -14 19 -3 -17 -18 -19 -1 28 24 -23 -24 25 -2 27 -6 -21 -30
right_child=1 5 -4 -5 26 6 -8 -9 -10 -11 -12 12 13 -15 -16 16 17 18 -20 20 -22 22 23 -25 -26 -27 -28 -29 29 -31
leaf_value=0.00028274033033515584 0.00068706309138693048 0.093637478529911278 -0.01115929770723045 0.058869383549508519 -0.07596763133225605 -0.048821665276218819 0.012477083010140277 -0.042618164115434176 0.34306440165744495 0.058319407312406327 0.054212805365222452 -0.0080488854840736809 -0.0030962600102024075 0.0061106468485535442 0.28147380517661164 0.38910786110038531 -0.0049347185198582695 -0.0068271159151611863 0.050861362161622958 -0.0007902432764434154 0.014232479256655568 -0.063272462463065823 -0.071485347636267516 0.01339222493906839 0.074537717573905302 -0.019707395626673521 -0.088933399786013154 0.21297058224443943 -0.03111978574676565 0.001843077066944308
leaf_weight=21 322 25 27 148 32 20 27 23 22 83 24 21 34 25 33 20 38 23 34 760 47 20 20 50 102 31 24 20 51 52
leaf_count=21 322 25 27 148 32 20 27 23 22 83 24 21 34 25 33 20 38 23 34 760 47 20 20 50 102 31 24 20 51 52
internal_value=-0.000139972 0.000848709 -0.00111872 0.00159624 0.00102273 -0.00189655 -0.00478261 -0.00730769 -0.00214286 0.00149682 -0.000898876 -0.00103448 -0.005 -0.00177966 -0.000705394 1.30385e-10 -0.00108696 -0.00236842 0.00149123 -0.000907626 -0.00104396 0.000963303 -0.00166667 0.000714286 0.00148352 0.000750708 -0.00289474 -0.000769231 -0.00125724 -0.00373786
internal_weight=2179 1084 1095 852 704 232 92 65 42 628 1068 1044 80 59 964 140 115 95 57 931 910 545 90 70 455 353 76 52 863 103
internal_count=2179 1084 1095 852 704 232 92 65 42 628 1068 1044 80 59 964 140 115 95 57 931 910 545 90 70 455 353 76 52 863 103
is_linear=0
shrinkage=0.1


Tree=57
num_leaves=31
num_cat=0
split_feature=5 5 2 4 5 4 4 4 4 4 4 4 5 5 5 3 2 4 4 4 2 5 5 4 4 4 4 3 4 4
split_gain=0.204525 0.11744 0.157219 0.158169 0.0842836 0.0799845 0.214742 0.0779825 0.166704 0.117116 0.135719 0.0906262 0.129754 0.176955 0.14218 0.141544 0.115856 0.120284 0.102083 0.285489 0.183566 0.0788557 0.434108 0.13793 0.180134 0.128536 0.17577 0.207659 0.0935931 0.0887098
threshold=23.820618060044648 8.0117185127893737 10.500000000000002 7.5945032521064393 8.0268590620283824 7.6810434633312257 7.5945032521064393 20.300198138332426 17.914117039176382 22.60877347675147 23.464738718929173 22.182657255829699 20.810136667956268 20.893804697879254 20.931965772701261 2.5000000000000004 9.5000000000000018 21.507849904952753 21.635349459375078 21.348920651109825 13.500000000000002 17.64390513419611 17.629760684549023 17.721259132982748 17.677495457200056 17.458738050457423 17.353262051597955 2.5000000000000004 17.289787324433505 14.777419602684107
decision_type=2 2 2 2 2 2 2 2 2 2 2 2 2 2 2 2 2 2 2 2 2 2 2 2 2 2 2 2 2 2
left_child=1 2 5 -4 -3 6 -1 8 21 11 -11 12 -9 -14 -15 18 -17 -18 19 20 -16 22 23 24 25 26 28 -28 29 -6
right_child=-2 4 3 -5 7 -7 -8 9 -10 10 -12 -13 13 14 15 16 17 -19 -20 -21 -22 -23 -24 -25 -26 -27 27 -29 -30 -31
leaf_value=0.0030475962912898179 -0.015200098844559334 -0.030198255100920359 -0.0086178888356298299 0.0095468153263164393 0.0003913090619273716 0.0060460968817163891 -0.036316985562879177 0.039259572038091772 0.057465833883267751 0.06147651831761887 -0.010491614047412735 -0.013533195517131252 -0.030880663199176414 0.28447727825963065 -0.010039259347895428 -0.036716330250949836 0.009878148538279341 -0.0017251794215807905 0.00071347507687930835 -0.021223494733344759 0.32127268798058561 0.0026202315440648051 -0.010805578970216112 0.030249581922249649 -0.025737985084645046 0.08524155159271303 0.017590432907262997 -0.14149013884312367 0.1488192257652339 -0.0042003434257398492
leaf_weight=76 40 27 20 46 493 103 25 25 61 51 38 32 26 28 44 27 71 35 24 31 21 84 28 108 20 73 32 21 31 438
leaf_count=76 40 27 20 46 493 103 25 25 61 51 38 32 26 28 44 27 71 35 24 31 21 84 28 108 20 73 32 21 31 438
internal_value=-0.000415328 -0.000282842 0.00166667 -0.00257576 -0.000564473 0.00303922 0.0010396 -0.00048317 -0.000111591 -0.00162252 0.00162921 -0.00241758 -0.00192771 -0.00249186 -0.00176157 -0.00250988 -0.000263158 0.00122642 -0.005 -0.00645833 -0.00269231 -0.000346385 -0.000546624 -0.000263158 -0.000595668 -0.000422794 -0.000714286 -0.00632075 -0.000405405 -0.000585392
internal_weight=2179 2139 270 66 1869 204 101 1842 1389 453 89 364 332 307 281 253 133 106 120 96 65 1328 1244 1216 1108 1088 1015 53 962 931
internal_count=2179 2139 270 66 1869 204 101 1842 1389 453 89 364 332 307 281 253 133 106 120 96 65 1328 1244 1216 1108 1088 1015 53 962 931
is_linear=0
shrinkage=0.1


Tree=58
num_leaves=31
num_cat=0
split_feature=5 5 4 4 4 5 5 5 4 4 5 3 5 4 4 4 5 5 5 5 5 4 2 4 2 1 2 5 5 5
split_gain=0.187468 0.213579 0.396825 0.196289 0.310409 0.105002 0.309415 0.291667 0.124508 0.270453 0.151875 0.429624 0.118859 0.117131 0.104396 0.0885753 0.160547 0.212082 0.108054 0.135118 0.188383 0.13691 0.36056 0.195354 0.0766172 0.0694444 0.0609037 0.149579 0.173733 0.179469
threshold=17.618873908715656 17.64390513419611 17.743853269577695 17.89238636172653 20.265001553198619 17.583643082863357 17.535776405000203 17.560321039669386 16.773250739507059 15.639749131236607 15.198433253443772 1.5000000000000002 15.126585997403495 15.313328635561378 17.396690476876302 23.985109855014674 22.504633485025305 22.000987995625003 21.442954900189395 21.152617504822917 21.040815150554661 21.239492679033511 11.500000000000002 20.545666217824643 11.500000000000002 1.0000000180025095e-35 9.5000000000000018 7.8786832977210901 8.2056225572072439 9.9491918083333335
decision_type=2 2 2 2 2 2 2 2 2 2 2 2 2 2 2 2 2 2 2 2 2 2 2 2 2 2 2 2 2 2
left_child=5 2 -2 -3 -5 6 8 -8 9 10 12 -12 13 26 -7 16 17 18 19 20 21 22 23 -6 -23 -20 -1 -28 -29 -30
right_child=1 3 -4 4 15 14 7 -9 -10 -11 11 -13 -14 -15 -16 -17 -18 -19 25 -21 -22 24 -24 -25 -26 -27 27 28 29 -31
leaf_value=0.0034890395213756351 0.04592597898119493 0.016668943265814119 -0.011107550992636609 -0.060892659168567731 -0.011627501904280996 0.016893886802274494 -0.083771986106964375 0.01027268696178452 0.0226086750515192 -0.005620808502100322 -0.047492219316571167 0.066601137874290159 0.0085375115092658164 -0.0076884537000621051 0.082919732425256298 -0.019347840384628012 0.0027830567167470136 -0.0056598090964772221 0.017157635619757378 -0.0056310448161760165 0.084804163789406015 0.005450494164820692 0.024004765930461254 -0.013845707707886951 -0.04665503436802694 0.014306616116715076 -0.0035836306824680226 0.0012842303101265975 -0.034424228234863519 -0.0011136062222301113
leaf_weight=306 36 92 28 29 20 28 24 32 244 36 26 21 141 25 76 24 85 54 40 40 40 46 33 21 36 32 70 209 61 224
leaf_count=306 36 92 28 29 20 28 24 32 244 36 26 21 141 25 76 24 85 54 40 40 40 46 33 21 36 32 70 209 61 224
internal_value=-0.000598898 -0.00201219 -0.0075 -0.00141892 -0.0022 9.84911e-06 -0.00021494 -0.0075 8.43728e-05 -0.00036193 -7.84856e-05 -0.0056383 0.000173745 -0.000251397 0.00307692 -0.00158174 -0.00126398 -0.00218232 -0.00116883 -0.00220339 -0.00112245 -0.00269231 -0.00581081 -0.0120732 0.000121951 0.00222222 -5.74711e-05 -0.000673759 -6.07286e-05 -0.00166667
internal_weight=2179 656 64 592 500 1523 1419 56 1363 1119 1083 47 1036 895 104 471 447 362 308 236 196 156 74 41 82 72 870 564 494 285
internal_count=2179 656 64 592 500 1523 1419 56 1363 1119 1083 47 1036 895 104 471 447 362 308 236 196 156 74 41 82 72 870 564 494 285
is_linear=0
shrinkage=0.1


Tree=59
num_leaves=31
num_cat=0
split_feature=5 5 4 4 4 5 3 5 5 5 5 4 4 4 4 5 1 2 5 5 4 5 5 2 1 5 4 5 5 4
split_gain=0.203905 0.201879 0.396825 0.165257 0.169528 0.105988 0.137247 0.144534 0.099814 0.157616 0.328276 0.247742 0.148187 0.116667 0.105 0.133636 0.0974026 0.0935065 0.0930991 0.111689 0.173835 0.100557 0.122586 0.0905694 0.285918 0.195347 0.259659 0.396825 0.142194 0.175325
threshold=17.618873908715656 17.64390513419611 17.743853269577695 17.754344416624125 17.712927001579462 17.674119020352393 2.5000000000000004 20.893804697879254 20.878554373672518 22.394864932489043 22.000987995625003 21.396082200610937 23.985109855014674 20.210797918814553 21.239492679033511 20.949966580083771 1.0000000180025095e-35 13.500000000000002 7.8317419679886413 7.892862858404742 8.1755555262695534 7.9124084390999991 7.9397029604318909 11.500000000000002 1.0000000180025095e-35 14.222920799477965 15.563354596465592 17.442991135068166 15.20384769730274 17.117365958948305
decision_type=2 2 2 2 2 2 2 2 2 2 2 2 2 2 2 2 2 2 2 2 2 2 2 2 2 2 2 2 2 2
left_child=3 2 -2 4 18 -3 8 -8 13 10 11 14 16 -7 15 -10 -11 -17 -1 20 -20 -21 -23 -24 25 -25 -27 -28 -26 -30
right_child=1 5 -4 -5 -6 6 7 -9 9 12 -12 -13 -14 -15 -16 17 -18 -19 19 21 -22 22 23 24 28 26 27 -29 29 -31
leaf_value=0.0010315419968891409 0.04133338108307541 0.014363963418128491 -0.0099967958933729131 0.035071055505664354 -0.0073935061168387333 -0.086293371648748007 -0.032698358512414649 0.0013444234605397031 -0.0035016948131749875 -0.0058280330374690997 -0.0046200389665047147 -0.01691603079222424 -0.018009068792695333 0.35701424721900565 0.34495163273799034 -0.013522225423218195 0.01992294646445664 0.28554913685287658 0.0035380476050815022 0.0057484628350575632 -0.00075631855242147637 -0.0012068777211751852 0.00028418929669998187 -0.0015938064065849919 0.016135406881231395 0.0055888500477971779 -0.012177728588727052 0.024436971376310825 -0.0074811537697528413 0.11251703644784977
leaf_weight=65 36 48 28 126 21 20 24 209 20 42 29 38 23 28 21 35 35 20 38 36 25 36 912 21 60 42 28 36 21 56
leaf_count=65 36 48 28 126 21 20 24 209 20 42 29 38 23 28 21 35 35 20 38 36 25 36 912 21 60 42 28 36 21 56
internal_value=-0.000690684 -0.00216463 -0.0075 -5.58108e-05 -0.000368647 -0.00158784 -0.00198529 -0.000150214 -0.00336013 -0.00412548 -0.00604294 -0.00395522 -0.001 0.000833333 -0.00125 -0.003 0.0011039 -0.000454545 -0.000232558 -0.000415713 -0.00452381 -0.000208333 -0.000363036 -0.000187075 -0.00181818 -0.00523622 -0.00349057 -0.0075 0.00135037 -0.00149351
internal_weight=2179 656 64 1523 1397 592 544 233 311 263 163 134 100 48 96 75 77 55 1376 1311 63 1248 1212 1176 264 127 106 64 137 77
internal_count=2179 656 64 1523 1397 592 544 233 311 263 163 134 100 48 96 75 77 55 1376 1311 63 1248 1212 1176 264 127 106 64 137 77
is_linear=0
shrinkage=0.1


Tree=60
num_leaves=31
num_cat=0
split_feature=5 3 4 5 4 4 5 5 5 3 5 2 5 2 1 2 4 4 4 5 5 4 4 4 2 4 4 3 5 4
split_gain=0.196202 0.207484 0.226395 0.20959 0.344496 0.190562 0.130108 0.110185 0.0949367 0.0884292 0.116553 0.106329 0.177778 0.104833 0.0990197 0.152692 0.782802 0.23869 0.176315 0.0990661 0.116167 0.232525 0.148313 0.426103 0.127174 0.0959369 0.148079 0.0914194 0.0820734 0.11984
threshold=21.012319677726317 2.5000000000000004 20.436755769688869 22.394864932489043 21.588065905142749 23.464738718929173 21.152617504822917 7.8317419679886413 22.504633485025305 1.5000000000000002 7.8858941212356539 13.500000000000002 17.640653113263117 12.500000000000002 1.0000000180025095e-35 11.500000000000002 17.289787324433505 17.835895765845667 7.5500470549361536 7.9296046805134557 15.110329821683846 15.463525388547213 17.409325411106831 17.579911904432802 10.500000000000002 8.2114772452009444 8.3927907817162666 2.5000000000000004 13.684436888498499 8.5690989285158068
decision_type=2 2 2 2 2 2 2 2 2 2 2 2 2 2 2 2 2 2 2 2 2 2 2 2 2 2 2 2 2 2
left_child=7 2 -2 4 6 -5 -4 -1 -3 10 -9 13 -13 14 15 17 -17 18 -11 -16 21 28 -22 -24 -25 -20 -27 -15 29 -21
right_child=1 8 3 5 -6 -7 -8 9 -10 11 -12 12 -14 27 19 16 -18 -19 25 20 22 -23 23 24 -26 26 -28 -29 -30 -31
leaf_value=0.0011222336209868954 -0.011766275644172184 -0.00070296731811161353 0.15073047525118677 0.0020798375181681579 -0.0058297630777764224 -0.0096558538438569208 -0.012388671261330321 -0.0092631450362085817 0.096331067119001995 -0.02163534902846688 0.0007156019160742674 0.034477573221259883 -0.1026568468004951 -0.0093528631904429317 0.0053349124636928626 -0.0037878930597726409 0.013099762318375396 -0.020439359816296979 0.013341371050650433 -0.00087694939055575497 0.063133468297510237 -0.0048149366645772497 -0.086219882759689434 0.047772659321097657 -0.0045799091011046169 -0.013002955472406361 0.002426567645381177 0.059439988992481846 -0.0047261628498309659 0.010911552259128031
leaf_weight=72 20 128 30 56 28 36 32 28 30 32 584 36 24 29 37 38 33 46 38 85 104 25 21 52 40 23 277 57 69 69
leaf_count=72 20 128 30 56 28 36 32 28 30 32 584 36 24 29 37 38 33 46 38 85 104 25 21 52 40 23 277 57 69 69
internal_value=-0.000644791 -0.00277778 -0.00490099 -0.00379121 -0.00722222 -0.000434782 -0.00306452 -0.00022265 -6.3291e-05 -0.000380652 0.000588235 -0.000903084 -0.005 -0.000674418 -0.000965622 -0.00198152 -0.00626761 -0.00125 -0.000405405 1.99204e-05 -0.000376344 -0.00185484 0.00131336 -0.00119469 0.00173913 0.000266272 -0.000333333 0.00267442 -0.000829596 0.000454546
internal_weight=2179 360 202 182 90 92 62 1819 158 1747 612 1135 60 1075 989 487 71 416 370 502 465 248 217 113 92 338 300 86 223 154
internal_count=2179 360 202 182 90 92 62 1819 158 1747 612 1135 60 1075 989 487 71 416 370 502 465 248 217 113 92 338 300 86 223 154
is_linear=0
shrinkage=0.1


Tree=61
num_leaves=31
num_cat=0
split_feature=4 3 2 5 5 5 1 5 5 4 4 5 2 4 5 4 4 5 2 4 5 2 4 4 4 5 2 5 4 5
split_gain=0.126758 0.113117 0.111772 0.126954 0.157792 0.148119 0.293478 0.110391 0.115729 0.218337 0.100692 0.0920662 0.0911609 0.250639 0.189861 0.277132 0.262318 0.370182 0.18298 0.214546 0.180383 0.192965 0.18 0.148201 0.475704 0.182308 0.169003 0.20082 0.191886 0.140724
threshold=21.507849904952753 1.0000000180025095e-35 9.5000000000000018 22.504633485025305 22.000987995625003 21.442954900189395 1.0000000180025095e-35 7.9124084390999991 7.8425892638526928 7.7773482055686145 23.464738718929173 7.9397029604318909 11.500000000000002 14.260145221225788 17.583643082863357 14.941317499487722 16.138681244032362 15.15513456778025 12.500000000000002 21.107402369817674 17.37220656832211 12.500000000000002 17.458738050457423 17.353262051597955 17.429793706412756 15.93979277126437 9.5000000000000018 20.974502233146222 17.933972198847581 20.96728541027122
decision_type=2 2 2 2 2 2 2 2 2 2 2 2 2 2 2 2 2 2 2 2 2 2 2 2 2 2 2 2 2 2
left_child=1 -1 -2 4 5 6 -4 8 9 -3 -5 -9 23 -14 15 -15 17 -17 -16 -20 -18 -22 -23 25 -25 -13 27 28 -26 -28
right_child=2 7 3 10 -6 -7 -8 11 -10 -11 -12 12 13 14 18 16 20 -19 19 -21 21 22 -24 24 26 -27 29 -29 -30 -31
leaf_value=0.00016466998833722062 0.0090298718091610768 -0.001230771279101121 -0.0049753374143352326 0.0016317475815614613 -0.013859485437167723 0.0071784849605801213 0.067836343902253182 -0.0012847600494331783 0.0027323501716320156 0.09278778444942179 -0.0054710357684809169 -0.00088617580128128037 -0.00078723738431486052 0.025698207973835575 0.091471449571577518 0.021307741466781029 0.12908343274230491 -0.051735074868805055 0.011722049145974097 -0.068702406887893142 -0.020388430779286378 -0.0089492999149192991 0.1009459598429624 -0.094795625825579488 -0.045993076765248858 0.086335519139570549 -0.0012511480436075769 -0.064428385301938687 0.15130548472512495 0.0052214985086104122
leaf_weight=337 51 35 25 39 28 29 23 36 63 32 29 649 23 48 64 24 22 23 93 28 39 25 25 24 48 74 131 31 28 53
leaf_count=337 51 35 25 39 28 29 23 36 63 32 29 649 23 48 64 24 22 23 93 28 39 25 25 24 48 74 131 31 28 53
internal_value=-0.000782469 -0.000524297 -0.00303571 -0.00424855 -0.00642857 -0.00409091 -0.0075 -0.000871446 0.00192308 -0.000970149 -0.000882353 -0.00111559 -0.000991735 -0.00224638 -0.00164962 -0.00373786 -0.00575949 -0.0120213 0.000675676 -0.00161157 -0.00310811 -0.00511236 -0.001 -0.000491329 -0.00230159 0.000297372 -0.00118557 -0.00434579 -0.00157895 0.000652174
internal_weight=2179 1955 224 173 105 77 48 1618 130 67 68 1488 1452 414 391 206 158 47 185 121 111 89 50 1038 315 723 291 107 76 184
internal_count=2179 1955 224 173 105 77 48 1618 130 67 68 1488 1452 414 391 206 158 47 185 121 111 89 50 1038 315 723 291 107 76 184
is_linear=0
shrinkage=0.1


Tree=62
num_leaves=31
num_cat=0
split_feature=4 2 5 5 5 1 5 4 3 5 4 5 4 3 2 4 4 5 5 5 2 3 5 4 4 4 4 1 4 4
split_gain=0.189918 0.111772 0.126954 0.157792 0.148119 0.293478 0.102673 0.100692 0.0959118 0.0962161 0.106727 0.0771605 0.0706965 0.35 0.187662 0.124043 0.114328 0.146377 0.543099 0.126733 0.119824 0.196353 0.305628 0.290727 0.113255 0.0868932 0.0797797 0.0766748 0.0768493 0.0687831
threshold=21.507849904952753 9.5000000000000018 22.504633485025305 22.000987995625003 21.442954900189395 1.0000000180025095e-35 21.86037211941829 23.464738718929173 1.5000000000000002 7.9176211293395982 7.5298902957288769 7.3630219833333346 20.411983497285267 3.5000000000000004 13.500000000000002 17.875017990643311 17.825154799808683 17.579739920469191 17.535776405000203 17.481682607301241 11.500000000000002 2.5000000000000004 15.058472634422651 17.105349856647795 16.93555025470063 15.639749131236607 15.521895257937146 1.0000000180025095e-35 17.540910296411852 15.586667211208335
decision_type=2 2 2 2 2 2 2 2 2 2 2 2 2 2 2 2 2 2 2 2 2 2 2 2 2 2 2 2 2 2
left_child=6 -2 3 4 5 -3 8 -4 -1 11 -11 -10 15 14 -14 16 17 18 19 20 24 29 -23 -24 25 26 -12 28 -19 -22
right_child=1 2 7 -5 -6 -7 -8 -9 9 10 12 -13 13 -15 -16 -17 -18 27 -20 -21 21 22 23 -25 -26 -27 -28 -29 -30 -31
leaf_value=0.00018617560413471761 0.00812688462824495 -0.0044778036729017498 0.0014685728234052908 -0.012473536893450937 0.0064606364645221391 0.061052709512027785 0.004191256653624395 -0.0049239321916328283 -0.0013970928897409991 -0.031822130726739173 -0.00082238441849575314 0.0010829734942371554 0.0025872631303511698 -0.022771394995592473 -0.093890840782683088 0.06825856212784516 -0.0095142728305497651 0.013862638895469676 -0.065594065514532354 0.090657333883662594 0.01973270448255314 -0.0033325603707729115 0.027175986173160461 -0.0093189136481306237 0.05129716243948821 -0.0065059311518329381 0.059731026812197267 0.065402363473777939 -0.007067309223573225 0.0089289415071426327
leaf_weight=654 51 25 39 28 29 23 75 29 27 24 465 81 90 28 22 40 24 41 24 39 28 31 29 28 39 27 27 66 20 26
leaf_count=654 51 25 39 28 29 23 75 29 27 24 465 81 90 28 22 40 24 41 24 39 28 31 29 28 39 27 27 66 20 26
internal_value=-0.00027765 -0.00303571 -0.00424855 -0.00642857 -0.00409091 -0.0075 3.83633e-05 -0.000882353 -0.000106383 -0.000628059 -0.000903399 0.00222222 -0.000758684 -0.00285714 -0.000357143 -0.000450734 -0.000689278 -0.000505618 -0.00102883 -0.000548038 -0.000857143 -0.0034507 -0.00636364 -0.00201754 -0.000197132 -0.000587668 -0.000284553 0.0026378 8.19673e-05 0.0012963
internal_weight=2179 224 173 105 77 48 1955 68 1880 1226 1118 108 1094 140 112 954 914 890 763 739 700 142 88 57 558 519 492 127 61 54
internal_count=2179 224 173 105 77 48 1955 68 1880 1226 1118 108 1094 140 112 954 914 890 763 739 700 142 88 57 558 519 492 127 61 54
is_linear=0
shrinkage=0.1


Tree=63
num_leaves=31
num_cat=0
split_feature=4 2 5 5 2 4 5 5 3 4 4 4 5 5 5 5 2 1 3 2 2 5 5 5 5 2 5 4 4 4
split_gain=0.214209 0.137344 0.174298 0.116667 0.167659 0.100692 0.0765779 0.133777 0.131312 0.134383 0.19951 0.114655 0.239497 0.35229 0.115936 0.241214 0.127437 0.252383 0.334236 0.300937 0.274032 0.149793 0.107786 0.216672 0.101076 0.0976732 0.0859705 0.2057 0.0808389 0.0875447
threshold=21.507849904952753 9.5000000000000018 22.504633485025305 22.142677999947924 11.500000000000002 23.464738718929173 21.212653007751378 21.012319677726317 1.5000000000000002 17.721259132982748 17.579911904432802 17.835895765845667 20.915867184710795 17.621355012700022 17.560321039669386 17.522861876766175 10.500000000000002 1.0000000180025095e-35 2.5000000000000004 12.500000000000002 11.500000000000002 11.316286286296299 8.0117185127893737 8.0481058993500412 15.93979277126437 9.5000000000000018 9.0771972839285748 14.260145221225788 15.026122616283835 17.117365958948305
decision_type=2 2 2 2 2 2 2 2 2 2 2 2 2 2 2 2 2 2 2 2 2 2 2 2 2 2 2 2 2 2
left_child=6 -2 3 4 -3 -4 7 8 9 10 -1 14 13 -13 15 16 22 18 -18 20 21 -20 -10 -24 -25 -8 -19 -28 -29 -30
right_child=1 2 5 -5 -6 -7 25 -9 11 -11 -12 12 -14 -15 -16 -17 17 26 19 -21 -22 -23 23 24 -26 -27 27 28 29 -31
leaf_value=0.00068036285014585628 0.0073141961654204328 0.0031677433410251979 0.0013217155410647286 -0.015622411398753873 -0.0033712512148132592 -0.0044315389724695273 -0.056275712556341943 -0.017950914404142829 0.0027905857883736909 0.0246143718609882 -0.0075360035036649902 0.010023548547193175 0.003933812575989213 -0.021540441551763826 0.0055783751735798866 -0.054098311219110608 0.0018434731880822024 0.023826806490233166 -0.0038914993845585938 0.010425803776431064 -0.00359127906495923 0.012343633916299486 -0.020062077813532985 -0.00068427503228008402 0.065377883726426542 0.0044952729342986417 -0.0014533176796789266 0.097466437593621835 -0.0039860533986643054 0.10304716384375774
leaf_weight=485 51 36 39 21 48 29 24 47 136 111 21 39 72 44 142 26 66 34 21 24 23 26 29 315 39 88 20 35 46 42
leaf_count=485 51 36 39 21 48 29 24 47 136 111 21 39 72 44 142 26 66 34 21 24 23 26 29 315 39 88 20 35 46 42
internal_value=-0.000553006 -0.00348214 -0.00482659 -0.00738095 -0.00571429 -0.000882353 -0.000217391 -0.000371676 -0.000233853 0.000948136 0.000256917 -0.000852417 -0.0033871 -0.00704819 -0.00046875 -0.000895691 -0.000607476 -0.00212166 -0.005 -0.00882979 -0.0121429 -0.00776596 0.000375723 -0.000483029 0.00019774 0.00232143 0.000480226 -0.000594405 0.000934959 -0.000681818
internal_weight=2179 224 173 105 84 68 1955 1843 1796 617 506 1179 155 83 1024 882 856 337 160 94 70 47 519 383 354 112 177 143 123 88
internal_count=2179 224 173 105 84 68 1955 1843 1796 617 506 1179 155 83 1024 882 856 337 160 94 70 47 519 383 354 112 177 143 123 88
is_linear=0
shrinkage=0.1


Tree=64
num_leaves=31
num_cat=0
split_feature=4 4 4 3 5 4 5 2 3 4 5 5 4 1 3 1 4 4 4 5 5 5 0 4 4 2 4 4 5 4
split_gain=0.120526 0.0929745 0.1072 0.329457 0.269475 0.092922 0.0832659 0.0926313 0.170651 0.1822 0.248562 0.147648 0.145125 0.153486 0.128754 0.222222 0.162037 0.190499 0.230825 0.170437 0.108657 0.163774 0.16 0.153389 0.153333 0.0922886 0.0810244 0.383857 0.152015 0.0828989
threshold=23.464738718929173 22.977338540954136 21.588065905142749 3.5000000000000004 22.587422680330523 22.313624647386796 21.212653007751378 10.500000000000002 3.5000000000000004 15.572758255468667 17.883583658333336 20.997856197281042 20.436755769688869 1.0000000180025095e-35 2.5000000000000004 1.0000000180025095e-35 7.6566189077727076 14.036429049775316 15.003233094274648 8.0617085956632835 14.372634581391436 15.182662226787125 2.5000000000000004 17.493807334120785 17.762594458761729 9.5000000000000018 7.5577506640880356 7.6042107187853585 8.0505174948567202 8.3772114634455885
decision_type=2 2 2 2 2 2 2 2 2 2 2 2 2 2 2 2 2 2 2 2 2 2 2 2 2 2 2 2 2 2
left_child=1 2 6 4 5 -4 7 11 9 14 -11 26 -12 -14 16 -16 -9 19 -19 -18 22 -22 -10 -23 -25 -8 28 -28 -1 -29
right_child=-2 -3 3 -5 -6 -7 25 8 20 10 12 -13 13 -15 15 -17 17 18 -20 -21 21 23 -24 24 -26 -27 27 29 -30 -31
leaf_value=0.0077231740502293096 -0.011337928538420788 0.043880709177989558 -0.0078168257454069578 0.0089911447165508789 0.0072964748516417162 -0.00061319571004556073 -0.041195890553900522 0.0085568914110502291 0.0012229144503962939 0.025909050073582247 -0.012286538562619704 -0.0042248042046943981 0.014551736889136531 -0.024978818672916625 -0.0036462286651006643 0.017042587260813601 0.0084851387376834453 0.049440562355521349 -0.053995822380035287 -0.01107899420924276 0.39370131661596419 -0.019044065282977526 -0.0025015507754552464 0.080722605051486485 -0.007404845507656084 0.004125339926798248 -0.026365338785211925 0.0023467978502847743 -0.0044387250968296104 0.00038494374225061536
leaf_weight=83 48 32 38 34 28 20 25 35 25 302 28 24 48 50 36 36 32 87 33 37 23 34 20 23 27 89 32 136 21 693
leaf_count=83 48 32 38 34 28 20 25 35 25 302 28 24 48 50 36 36 32 87 33 37 23 34 20 23 27 89 32 136 21 693
internal_value=-0.000461221 -0.000349601 -0.000431158 -0.00333333 -0.00662791 -0.0105172 -0.000255179 -0.000415549 -0.00116438 -0.000524862 0.000794393 0.000247725 -0.00293651 -0.00112245 -0.00243243 -0.00611111 -0.00125 -0.00240741 1.30385e-10 -0.0065942 -0.00421053 -0.00247664 -0.00833333 -0.00452381 -0.001 0.00236842 0.000440415 0.000121951 0.00307692 0.000536791
internal_weight=2179 2131 2099 120 86 58 1979 1865 876 724 428 989 126 98 296 72 224 189 120 69 152 107 45 84 50 114 965 861 104 829
internal_count=2179 2131 2099 120 86 58 1979 1865 876 724 428 989 126 98 296 72 224 189 120 69 152 107 45 84 50 114 965 861 104 829
is_linear=0
shrinkage=0.1


Tree=65
num_leaves=31
num_cat=0
split_feature=4 2 1 5 4 5 5 5 4 2 5 2 5 5 5 3 1 3 4 5 2 5 4 4 5 1 5 4 5 5
split_gain=0.26922 0.165549 0.187061 0.249351 0.3 0.124331 0.244901 0.0795545 0.106439 0.111262 0.138592 0.107456 0.101488 0.119609 0.116952 0.093738 0.102018 0.0853755 0.0777215 0.192076 0.17507 0.0711486 0.0730982 0.120273 0.125109 0.0972588 0.095097 0.214332 0.134928 0.129869
threshold=21.507849904952753 9.5000000000000018 1.0000000180025095e-35 21.513656531479807 23.233825698598146 22.394864932489043 21.513656531479807 8.6347095093171315 8.4167333121080912 9.5000000000000018 7.8232979756925483 9.5000000000000018 8.1267633984212129 7.9612264240396424 7.9124084390999991 2.5000000000000004 1.0000000180025095e-35 1.0000000180025095e-35 8.3772114634455885 10.402040591666667 9.5000000000000018 11.76181499166667 20.624615056151168 20.557721304179804 22.142677999947924 1.0000000180025095e-35 15.110329821683846 15.392697466538207 14.208081974174865 15.20384769730274
decision_type=2 2 2 2 2 2 2 2 2 2 2 2 2 2 2 2 2 2 2 2 2 2 2 2 2 2 2 2 2 2
left_child=7 -2 3 -3 -5 6 -4 8 9 15 -11 -10 13 14 17 16 -1 -12 -9 20 -20 -21 23 24 25 -23 27 28 -27 -28
right_child=1 2 5 4 -6 -7 -8 18 11 10 12 -13 -14 -15 -16 -17 -18 -19 19 21 -22 22 -24 -25 -26 26 29 -29 -30 -31
leaf_value=-0.0021154239832641038 0.0065240605377065598 -0.0028801998490038199 0.068490954350824126 0.00046507310108912984 -0.01584025734383827 0.01948855497326045 -0.01281217204341073 0.0080862986957389946 -0.0033652652714089293 -0.0033667642022015666 -0.016638612449206305 0.0068131416163461833 -0.027432890858443318 0.0081610836838813729 -0.0054621047220964787 0.005994996324329047 0.0051542448929346452 0.00092739792146183321 0.022880246862786016 0.11586021831123952 -0.018553269389083152 -0.0022658589956602647 0.0026334332723338357 -0.0017745375905071339 -0.0011671391020562209 0.00067857768728144018 0.083547131465669458 -0.024037227054042352 -0.0076410723157987227 0.0020378641870115208
leaf_weight=31 51 28 26 40 20 37 22 24 54 21 20 98 26 66 34 61 45 46 21 23 30 585 165 23 23 38 73 27 100 321
leaf_count=31 51 28 26 40 20 37 22 24 54 21 20 98 26 66 34 61 45 46 21 23 30 585 165 23 23 38 73 27 100 321
internal_value=-0.000644791 -0.00392857 -0.00540462 -0.00863636 -0.005 -0.00205882 -0.00541667 -0.000268542 0.000816733 -0.000142857 -0.00157277 0.00302632 -0.000729167 0.000180723 -0.002 0.00208029 -0.000263158 0.000454546 -0.000643496 -0.000738278 -0.00676471 -0.000515239 -0.000608856 -0.000882353 -0.000741217 -0.000594405 0.000348837 -0.00166667 -7.24636e-05 0.00119289
internal_weight=2179 224 173 88 60 85 48 1955 502 350 213 152 192 166 100 137 76 66 1453 1429 51 1378 1355 1190 1167 1144 559 165 138 394
internal_count=2179 224 173 88 60 85 48 1955 502 350 213 152 192 166 100 137 76 66 1453 1429 51 1378 1355 1190 1167 1144 559 165 138 394
is_linear=0
shrinkage=0.1


Tree=66
num_leaves=31
num_cat=0
split_feature=4 1 5 5 4 3 5 4 4 5 4 5 4 1 2 3 2 5 2 5 3 4 5 5 4 3 5 5 2 2
split_gain=0.25438 0.170437 0.222731 0.239396 0.124766 0.0989804 0.0881951 0.15354 0.111111 0.0760104 0.0626013 0.128473 0.118551 0.0993661 0.136099 0.196891 0.345427 0.340577 0.325824 0.189308 0.15273 0.131215 0.131548 0.125339 0.124183 0.115004 0.099514 0.0747537 0.0619501 0.112013
threshold=21.507849904952753 1.0000000180025095e-35 21.513656531479807 22.318424906493508 23.233825698598146 3.5000000000000004 22.394864932489043 22.313624647386796 23.625124873717276 6.3835493666666681 20.624615056151168 22.142677999947924 20.557721304179804 1.0000000180025095e-35 10.500000000000002 2.5000000000000004 12.500000000000002 17.560321039669386 11.500000000000002 17.662107457449647 3.5000000000000004 8.299612320091212 14.354176996385094 17.596173896483936 7.5772943024752992 3.5000000000000004 17.63673691248847 21.86037211941829 12.500000000000002 10.500000000000002
decision_type=2 2 2 2 2 2 2 2 2 2 2 2 2 2 2 2 2 2 2 2 2 2 2 2 2 2 2 2 2 2
left_child=9 2 -2 -4 -5 6 7 -3 -8 -1 11 12 13 14 19 21 17 18 -17 20 24 -16 -23 -24 -11 -18 -25 28 29 -12
right_child=1 5 3 4 -6 -7 8 -9 -10 10 27 -13 -14 -15 15 16 25 -19 -20 -21 -22 22 23 26 -26 -27 -28 -29 -30 -31
leaf_value=0.026705077289842196 -0.0021181664149721286 -0.028401277840282148 0.015704217111918425 -0.000501188538330094 -0.0022057627980757977 0.072969482005569505 0.21327927244433642 0.016060813446143917 -0.023928689994028252 -0.011278597348462786 -0.0012950994029378438 -0.0010504251918506328 -0.0015867057863873076 0.0002902095381055009 0.0057065162423154932 -0.0039761388007944348 0.037947053624001324 0.017420958078947509 -0.0049474313644119741 -0.029685903789496322 0.0051696397213510208 -0.012394518965529552 0.01051118954848114 -0.0097191120880575303 0.0002863781533156918 -0.0011080827871721489 0.073652713635473779 0.0058329167523626302 -0.036699172862957534 0.27217046699562769
leaf_weight=26 32 25 22 35 22 21 25 22 20 36 42 23 24 858 34 49 32 26 27 21 96 43 113 20 306 21 33 43 36 46
leaf_count=26 32 25 22 35 22 21 25 22 20 36 42 23 24 858 34 49 32 26 27 21 96 43 113 20 306 21 33 43 36 46
internal_value=-0.000736576 -0.00392857 -0.00671171 -0.00386076 -0.0072807 -0.00119469 -0.0026087 -0.0056383 0.000555556 -0.000370844 -0.000443235 -0.000618615 -0.000520414 -0.00042274 -0.00118436 -0.00253769 -0.00532258 -0.00872549 -0.0121053 -1.08931e-05 0.00043379 -0.000761317 -0.00169856 -0.000421687 -0.000555555 0.00122642 -0.00443396 0.00140719 0.00016129 0.00159091
internal_weight=2179 224 111 79 57 113 92 47 45 1955 1929 1762 1739 1715 857 398 155 102 76 459 438 243 209 166 342 53 53 167 124 88
internal_count=2179 224 111 79 57 113 92 47 45 1955 1929 1762 1739 1715 857 398 155 102 76 459 438 243 209 166 342 53 53 167 124 88
is_linear=0
shrinkage=0.1


Tree=67
num_leaves=31
num_cat=0
split_feature=5 4 5 5 2 5 4 5 5 2 5 5 5 5 4 4 4 4 4 3 5 3 1 4 4 5 5 5 3 4
split_gain=0.339346 0.136819 0.139649 0.172992 0.315844 0.116244 0.1 0.0899172 0.122978 0.105905 0.154525 0.268427 0.325136 0.21107 0.110511 0.321366 0.383394 0.092094 0.185167 0.178882 0.269651 0.282884 0.178464 0.175064 0.209091 0.0854011 0.267547 0.0792458 0.0771748 0.114009
threshold=23.820618060044648 21.507849904952753 22.587422680330523 22.271507956790128 11.500000000000002 21.099292964717918 21.239492679033511 21.212653007751378 21.012319677726317 10.500000000000002 7.8786832977210901 13.684436888498499 14.295505232021354 14.143805923565823 14.811215487648221 15.135349400712927 14.941317499487722 15.463525388547213 15.684318322846179 3.5000000000000004 17.883583658333336 2.5000000000000004 1.0000000180025095e-35 17.493807334120785 17.762594458761729 7.8623845497699003 7.892862858404742 7.9612264240396424 1.5000000000000002 17.754344416624125
decision_type=2 2 2 2 2 2 2 2 2 2 2 2 2 2 2 2 2 2 2 2 2 2 2 2 2 2 2 2 2 2
left_child=1 7 3 4 5 -3 -2 8 9 25 -11 27 13 -13 -14 16 -16 -17 -19 20 28 22 -22 -21 -25 -1 -27 -12 29 -20
right_child=6 2 -4 -5 -6 -7 -8 -9 -10 10 11 12 14 -15 15 17 -18 18 19 23 21 -23 -24 24 -26 26 -28 -29 -30 -31
leaf_value=0.0052336312667829437 -0.0038232881216051316 -0.0032870786458305784 0.0032638110663015794 -0.0069610957460189138 -0.0021433564627238223 0.012839460173053131 -0.010731181089913035 0.0027069823597898456 -0.01101350217663373 -0.0032024706898118012 -0.003521089203778513 -2.5774446640723661e-05 0.059093743581779878 -0.025786620069210998 -0.0024925799049725274 0.1703833334108677 -0.046358168813803786 -0.0040297820268356231 -0.0038540221838867083 -0.0061973882840883196 -0.038830734619757667 -0.017348767222408228 0.38917966094770234 0.07126310491261599 -0.0070732109777270312 -0.00026168263642023943 0.00025383620061264055 0.0051397120417420372 0.059358027509387672 0.057777339262438866
leaf_weight=71 20 22 68 30 50 39 20 87 47 30 30 24 75 23 38 25 20 39 88 23 37 20 26 23 22 27 871 113 137 34
leaf_count=71 20 22 68 30 50 39 20 87 47 30 30 24 75 23 38 25 20 39 88 23 37 20 26 23 22 27 871 113 137 34
internal_value=-0.000874254 -0.0007036 -0.00313397 -0.00492908 -0.00310811 0.00172131 -0.01 -0.000440414 -0.000588714 -0.00045657 -0.00128779 -0.00102258 -0.00188073 -0.00989362 -0.0012603 -0.00176692 -0.0087931 -0.000907173 -0.00123608 -0.000609756 0.000321638 -0.00463855 -0.00134921 -0.00529412 -0.00166667 0.000252838 -1.11357e-05 0.0029021 0.0019112 8.19673e-05
internal_weight=2179 2139 209 141 111 61 40 1930 1843 1796 827 797 654 47 607 532 58 474 449 410 342 83 63 68 45 969 898 143 259 122
internal_count=2179 2139 209 141 111 61 40 1930 1843 1796 827 797 654 47 607 532 58 474 449 410 342 83 63 68 45 969 898 143 259 122
is_linear=0
shrinkage=0.1


Tree=68
num_leaves=31
num_cat=0
split_feature=1 4 2 5 4 2 4 4 3 2 3 3 4 4 5 5 4 5 4 5 3 5 4 2 5 4 4 5 5 4
split_gain=0.154854 0.118927 0.106559 0.274694 0.230221 0.346785 0.226752 0.594363 0.243808 0.16 0.136414 0.139752 0.127604 0.118652 0.22703 0.107553 0.129669 0.121385 0.105018 0.104064 0.103138 0.103557 0.102904 0.228784 0.155596 0.210751 0.121429 0.0960487 0.243012 0.110739
threshold=1.0000000180025095e-35 20.411983497285267 9.5000000000000018 7.8425892638526928 21.635349459375078 11.500000000000002 17.771869190887575 17.601147357158535 1.5000000000000002 13.500000000000002 2.5000000000000004 1.0000000180025095e-35 17.858397698527522 17.289787324433505 16.522279094236115 15.110329821683846 12.024656452076721 8.0481058993500412 20.576777831673464 7.9612264240396424 1.0000000180025095e-35 15.210723955843749 12.274732501210371 10.500000000000002 14.222920799477965 14.941317499487722 8.5690989285158068 17.583643082863357 17.535776405000203 17.140226403507743
decision_type=2 2 2 2 2 2 2 2 2 2 2 2 2 2 2 2 2 2 2 2 2 2 2 2 2 2 2 2 2 2
left_child=2 27 10 -4 6 -6 7 8 20 -7 11 -1 -12 14 19 16 17 -13 -3 -10 21 -5 26 -24 -25 -26 -21 28 29 -2
right_child=1 18 3 4 5 9 -8 -9 13 -11 12 15 -14 -15 -16 -17 -18 -19 -20 22 -22 -23 23 24 25 -27 -28 -29 -30 -31
leaf_value=0.0051509111666517005 8.8803441824646405e-05 -0.019121879144448847 -0.002877115507077145 0.0015198825078679347 -0.0064319945733366428 0.070249199627287248 0.0036207773110714225 -0.0069439676380060782 -0.0072295363449886426 -0.0016380303258718533 0.016701565547707339 0.006171531019711087 -0.026742696877115713 0.0075854497634017986 -0.0048002149468110286 -0.015451313463979217 0.019321643106502407 -0.0064356180874813665 -0.0015075405111671563 -0.007002869370267905 0.0034196819143960753 -0.0027818527640578765 0.055249121245863002 -0.008200595146711195 0.0018689834223492659 -0.02940948431489674 0.0069055608495705986 0.050040428271100328 -0.076508546095628377 0.040181675141736539
leaf_weight=46 587 33 22 56 29 20 202 35 29 25 103 23 21 52 21 49 23 20 199 36 89 27 52 20 38 23 34 148 29 88
leaf_count=46 587 33 22 56 29 20 202 35 29 25 103 23 21 52 21 49 23 20 199 36 89 27 52 20 38 23 34 148 29 88
internal_value=-0.000736576 0.000110701 -0.00157534 -0.00216049 -0.00185279 -0.00716216 -0.00130252 -0.00242187 -0.00149895 -0.00166667 8.77194e-05 -0.0018323 0.00258065 -0.00319672 -0.00409091 -0.00369565 -0.00106061 -0.00430233 -0.00189655 -0.00318966 0.00151163 -0.0010241 -0.00238916 -0.00402256 -0.00734568 -0.00483607 0.000714286 0.000657277 0.000170455 0.000555556
internal_weight=2179 1084 1095 810 788 74 714 512 477 45 285 161 124 305 253 115 66 43 232 232 172 83 203 133 81 61 70 852 704 675
internal_count=2179 1084 1095 810 788 74 714 512 477 45 285 161 124 305 253 115 66 43 232 232 172 83 203 133 81 61 70 852 704 675
is_linear=0
shrinkage=0.1


Tree=69
num_leaves=31
num_cat=0
split_feature=5 5 5 5 5 2 5 5 4 5 5 4 5 2 3 3 5 3 5 4 4 4 4 1 4 5 4 4 2 4
split_gain=0.120231 0.0809524 0.530934 0.0995758 0.100781 0.10507 0.0967067 0.155419 0.0908192 0.159897 0.208524 0.247453 0.218534 0.180387 0.233766 0.1829 0.151921 0.210791 0.128496 0.12803 0.110562 0.0853264 0.140468 0.075188 0.114286 0.0688495 0.0984615 0.0745581 0.128708 0.0529778
threshold=26.086796741666671 17.535776405000203 17.560321039669386 17.5037020983061 17.461852289105192 13.500000000000002 15.93979277126437 15.20384769730274 17.242504474963919 17.618873908715656 21.259973055752763 22.182657255829699 21.132937595628011 9.5000000000000018 1.0000000180025095e-35 2.5000000000000004 17.64390513419611 2.5000000000000004 17.658138610363899 23.464738718929173 17.933972198847581 20.300198138332426 20.436755769688869 1.0000000180025095e-35 17.267660006846544 20.979587577119343 21.443252153884945 21.239492679033511 11.500000000000002 17.771869190887575
decision_type=2 2 2 2 2 2 2 2 2 2 2 2 2 2 2 2 2 2 2 2 2 2 2 2 2 2 2 2 2 2
left_child=1 3 -3 4 5 6 7 29 -4 -10 12 -12 16 -13 -15 19 17 -11 -18 -16 -20 -22 -23 24 -8 27 -27 -24 -29 -1
right_child=-2 2 8 -5 -6 -7 23 -9 9 10 11 13 -14 14 15 -17 18 -19 20 -21 21 22 25 -25 -26 26 -28 28 -30 -31
leaf_value=0.00021011917467533204 -0.062533161196864598 -0.047902443065185943 -0.0038861745041613507 0.073079462903082024 -0.039710329409781808 -0.0026125561819187169 0.014957928286950181 -0.022565308010992921 0.046770708583820847 -0.00082986983871044257 0.001933929964009224 0.038387422659584822 -0.007832741505806335 0.23153892758312786 -0.0061632731530467102 -0.0088734281048845256 0.038442331493801066 -0.008958954986081619 -0.029620481789022948 -0.0024353275182853965 0.080608662905635245 -0.0047185347389747364 -0.023522522171947259 0.03877470307332765 -0.0017129064604041848 0.0049246389333689397 -0.0015344545423945186 0.33002292345808892 -0.053465416841945959 -0.0013125794887770624
leaf_weight=1082 24 24 26 40 27 27 28 34 129 33 124 28 32 22 24 33 32 28 33 20 22 21 37 70 35 40 25 27 32 20
leaf_count=1082 24 24 26 40 27 27 28 34 129 33 124 28 32 22 24 33 32 28 33 20 22 21 37 70 35 40 25 27 32 20
internal_value=-0.000461221 -0.00038283 -0.00118687 8.43728e-05 -6.42478e-05 6.17285e-05 0.000193066 -0.000105634 -0.000729167 -0.000525606 -0.00119902 0.00101594 -0.00273481 -0.00208661 -0.00409091 -0.00668831 -0.0019697 -0.00647541 -0.000947955 -0.0109091 -0.00175105 -0.000882353 -0.00159341 0.00274436 0.000238095 -0.000590062 0.00192308 -0.00229167 -8.47456e-05 9.98186e-05
internal_weight=2179 2155 792 1363 1323 1296 1269 1136 768 742 613 251 362 127 99 77 330 61 269 44 237 204 182 133 63 161 65 96 59 1102
internal_count=2179 2155 792 1363 1323 1296 1269 1136 768 742 613 251 362 127 99 77 330 61 269 44 237 204 182 133 63 161 65 96 59 1102
is_linear=0
shrinkage=0.1


Tree=70
num_leaves=31
num_cat=0
split_feature=4 5 5 5 1 4 5 5 5 4 5 3 4 5 4 5 5 4 5 2 3 2 3 4 2 4 4 4 4 3
split_gain=0.118668 0.071878 0.530934 0.10257 0.0995352 0.142811 0.122717 0.152255 0.139922 0.132421 0.185123 0.152439 0.200334 0.125133 0.114833 0.104523 0.161312 0.192063 0.17067 0.164135 0.190909 0.20376 0.148616 0.1 0.0888899 0.0596737 0.0503929 0.0590549 0.145074 0.103349
threshold=23.985109855014674 17.535776405000203 17.560321039669386 17.5037020983061 1.0000000180025095e-35 17.396690476876302 22.394864932489043 17.618873908715656 17.632167844869617 17.762594458761729 20.878554373672518 2.5000000000000004 21.529968527620294 21.776906625236375 20.917360396281239 21.604318189176762 17.63673691248847 18.069952351527501 20.878554373672518 13.500000000000002 1.5000000000000002 10.500000000000002 1.5000000000000002 17.698233879917414 13.500000000000002 17.762594458761729 20.491858216648414 15.684318322846179 15.556599819641656 1.5000000000000002
decision_type=2 2 2 2 2 2 2 2 2 2 2 2 2 2 2 2 2 2 2 2 2 2 2 2 2 2 2 2 2 2
left_child=1 3 -3 24 5 -4 7 -6 -9 -10 -11 12 14 -13 -12 16 25 23 -19 20 -20 -22 -17 -18 26 -7 27 28 -1 -30
right_child=-2 2 4 -5 6 15 -8 8 9 10 11 13 -14 -15 -16 22 17 18 19 -21 21 -23 -24 -25 -26 -27 -28 -29 29 -31
leaf_value=0.00010503474138301253 -0.020704672745843124 -0.043112198758667432 -0.0060897551451724041 0.065771516612773737 0.1470676949498278 0.0077099934678810699 0.037395647549098895 -0.0093750692971359684 0.049442807816794027 -0.0084199528024445809 -0.019002823966923505 0.029011325561769764 -0.0067777109911740883 -0.024676619957764247 0.041562275650148986 -0.0035969190315316177 -0.006087851823466087 0.095475735634535958 0.0066880827925314386 -0.0038070398188127896 -0.019060820940595167 0.0043958979891574072 0.0028022971935578182 -0.10746801975738265 -0.0022458380859153664 0.065221871094402792 -0.0011813215398993235 0.0035672435518061419 0.0018088091239070016 -0.009683175667478186
leaf_weight=1032 24 24 40 40 75 33 51 21 34 28 33 59 25 23 24 32 20 27 28 25 23 37 78 20 28 32 20 183 22 38
leaf_count=1032 24 24 40 40 75 33 51 21 34 28 33 59 25 23 24 32 20 27 28 25 23 37 78 20 28 32 20 183 22 38
internal_value=-0.000507113 -0.000429234 -0.00118687 1.10053e-05 -0.000729167 -0.00183544 0.000442359 -0.000279503 -0.00147773 -0.000752212 -0.00177083 -0.000487805 -0.00353659 0.00256098 -0.000263158 -0.00119718 -0.00234694 -0.00388889 -0.00214286 -0.00384956 -0.00181818 -0.005 0.00136364 -0.01 -0.000139834 0.00192308 -1.93049e-05 5.88237e-05 -0.00021978 -0.005
internal_weight=2179 2155 792 1363 768 395 373 322 247 226 192 164 82 82 57 355 245 180 140 113 88 60 110 40 1323 65 1295 1275 1092 60
internal_count=2179 2155 792 1363 768 395 373 322 247 226 192 164 82 82 57 355 245 180 140 113 88 60 110 40 1323 65 1295 1275 1092 60
is_linear=0
shrinkage=0.1


Tree=71
num_leaves=31
num_cat=0
split_feature=5 5 3 5 5 3 4 5 3 4 4 5 1 5 5 4 5 2 2 5 5 3 4 4 4 4 2 5 5 4
split_gain=0.149208 0.168961 0.211847 0.190515 0.168853 0.140805 0.179206 0.219481 0.136509 0.166717 0.212828 0.202402 0.263533 0.101617 0.139086 0.189394 0.10257 0.0888899 0.0786482 0.065784 0.143054 0.0922039 0.254348 0.0503929 0.0590549 0.139389 0.0902941 0.253296 0.134915 0.400945
threshold=17.618873908715656 21.259973055752763 2.5000000000000004 21.132937595628011 23.820618060044648 1.0000000180025095e-35 21.348920651109825 22.394864932489043 1.5000000000000002 21.239492679033511 20.557721304179804 17.662107457449647 1.0000000180025095e-35 17.598396061764848 17.535776405000203 17.420835571396015 17.5037020983061 13.500000000000002 12.500000000000002 20.878554373672518 21.02653307450333 1.0000000180025095e-35 17.992588727653601 20.491858216648414 15.684318322846179 15.582151516019001 10.500000000000002 7.8786832977210901 13.684436888498499 14.036429049775316
decision_type=2 2 2 2 2 2 2 2 2 2 2 2 2 2 2 2 2 2 2 2 2 2 2 2 2 2 2 2 2 2
left_child=13 3 4 8 5 -3 -7 -8 19 10 11 12 -10 14 16 -16 17 23 -11 21 -21 -2 -23 24 25 26 -1 -28 -29 -30
right_child=1 2 -4 -5 -6 6 7 -9 9 18 -12 -13 -14 -15 15 -17 -18 -19 -20 20 -22 22 -24 -25 -26 -27 27 28 29 -31
leaf_value=0.00059098192738024364 0.050154147162520757 0.14856695027932892 0.0016213650501580796 -0.005984953121776786 -0.05226810047800115 0.0027149056035905119 -0.0027934211225409027 -0.00072882892622931216 -0.0012434252593217275 0.0051688112161716211 -0.02013417715650969 0.003570432089770462 -0.0082105984163789308 0.061525624763160203 -0.030659365542734147 -0.0045430437895808209 0.059194364951496374 -0.002021254277323806 -0.077725255100050905 -0.0038659772988348302 0.137934357421444 -0.065230295890734369 0.20875138132172749 -0.0010631893859093763 0.0032105191966254908 -0.0122325724559629 -0.0027720706613668933 0.0018974153834722411 -0.018424531373185307 -0.00052481651972235304
leaf_weight=691 41 29 137 32 27 21 21 45 37 42 26 59 23 72 24 64 40 28 20 21 29 20 26 20 183 35 25 131 27 183
leaf_count=691 41 29 137 32 27 21 21 45 37 42 26 59 23 72 24 64 40 28 20 21 29 20 26 20 183 35 25 131 27 183
internal_value=-0.000598898 -0.00185976 1.30385e-10 -0.00324468 -0.00269231 -0.00103448 -0.00304598 -0.00560606 -0.00255814 -0.00417874 -0.00603448 -0.0042437 -0.00833333 -5.58108e-05 -0.000237767 -0.00409091 1.10053e-05 -0.000139834 0.00016129 -0.000109489 -0.003 0.00155172 -0.00152174 -1.93049e-05 5.88237e-05 -0.00021978 -1.4191e-05 -0.00128415 -0.000571847 -0.00214286
internal_weight=2179 656 280 376 143 116 87 66 344 207 145 119 60 1523 1451 88 1363 1323 62 137 50 87 46 1295 1275 1092 1057 366 341 210
internal_count=2179 656 280 376 143 116 87 66 344 207 145 119 60 1523 1451 88 1363 1323 62 137 50 87 46 1295 1275 1092 1057 366 341 210
is_linear=0
shrinkage=0.1


Tree=72
num_leaves=31
num_cat=0
split_feature=4 2 5 4 3 5 5 5 4 1 5 5 2 1 4 4 4 4 5 3 4 5 5 5 4 2 5 5 4 4
split_gain=0.15975 0.162736 0.240859 0.173897 0.170683 0.213334 0.152535 0.368883 0.152094 0.245354 0.147691 0.258234 0.124615 0.0922013 0.0921053 0.085217 0.0641026 0.0544267 0.0604917 0.0532193 0.14241 0.0969336 0.0941493 0.279107 0.125918 0.418555 0.148718 0.0845965 0.121105 0.167678
threshold=17.835895765845667 10.500000000000002 17.883583658333336 23.464738718929173 2.5000000000000004 21.012319677726317 21.212653007751378 21.132937595628011 22.730197376018268 1.0000000180025095e-35 20.96728541027122 17.629760684549023 13.500000000000002 1.0000000180025095e-35 21.348920651109825 17.754344416624125 21.239492679033511 21.683549492847032 21.568131363191338 2.5000000000000004 17.601147357158535 7.8858941212356539 14.372634581391436 14.484568824501453 7.9775123899013751 10.500000000000002 8.0505174948567202 7.9124084390999991 7.5945032521064393 8.299612320091212
decision_type=2 2 2 2 2 2 2 2 2 2 2 2 2 2 2 2 2 2 2 2 2 2 2 2 2 2 2 2 2 2
left_child=15 2 -2 6 5 -4 7 10 9 -7 11 -3 16 -8 -15 19 -13 18 -6 20 21 -1 24 -24 25 26 -21 -23 -29 -30
right_child=1 3 4 -5 17 8 13 -9 -10 -11 -12 12 -14 14 -16 -17 -18 -19 -20 22 -22 27 23 -25 -26 -27 -28 28 29 -31
leaf_value=-0.0044853639875037576 -0.0074526097981563975 0.026192308421485178 0.15743241268490302 -0.012760439406781884 0.00056473727650042829 -0.019942437676773783 0.0023921057624146048 -0.010663015329179739 0.00028380188295345083 -0.0025140747148595377 0.22274601016894896 -0.020085408334539111 -0.057342647439175234 0.060469222342800277 -0.0031548141216617602 0.040198871605401448 0.069330921242726148 0.19088936593179084 -0.025218674790103771 0.0024425635785641749 -0.010166140589562667 0.0061500784854418983 -0.021423769309853666 0.00040023706110547659 0.0010978169385195977 -0.0025002536704311733 -0.033689489969686036 -0.00037892143717810063 0.0058276288728883003 -0.00018412989004996147
leaf_weight=54 37 62 31 32 33 20 80 21 27 21 44 39 25 21 36 72 26 25 20 58 34 34 26 285 229 22 20 51 67 627
leaf_count=54 37 62 31 32 33 20 80 21 27 21 44 39 25 21 36 72 26 25 20 58 34 34 26 285 229 22 20 51 67 627
internal_value=-0.00027765 -0.00166667 -0.0038785 -0.000440414 -0.00234463 -0.00510101 0.00019774 -0.00145161 -0.00823529 -0.0120732 -0.000102041 -0.00157895 -0.005 0.00281022 -0.000263158 0.000250158 -0.00269231 0.00115385 -0.000660377 8.95821e-05 -0.000420992 -0.000162065 0.00078125 -0.000466238 0.00196049 -0.001 0.0024359 0.000121951 -0.000100671 0.000244957
internal_weight=2179 600 214 386 177 99 354 217 68 41 196 152 90 137 57 1579 65 78 53 1507 867 833 640 311 329 100 78 779 745 694
internal_count=2179 600 214 386 177 99 354 217 68 41 196 152 90 137 57 1579 65 78 53 1507 867 833 640 311 329 100 78 779 745 694
is_linear=0
shrinkage=0.1


Tree=73
num_leaves=31
num_cat=0
split_feature=4 4 4 1 4 3 4 5 2 4 3 5 5 5 4 5 4 3 5 5 3 5 3 4 4 5 3 5 5 4
split_gain=0.187834 0.117361 0.170139 0.269376 0.170139 0.15744 0.137892 0.0873707 0.0749253 0.0719193 0.0923382 0.0725646 0.326496 0.0923275 0.117093 0.24375 0.555769 0.218987 0.193011 0.158654 0.0999524 0.0816743 0.157952 0.0809182 0.224124 0.107417 0.195652 0.0759957 0.0694444 0.0563472
threshold=21.443252153884945 22.730197376018268 22.118945477197524 1.0000000180025095e-35 23.985109855014674 2.5000000000000004 21.683549492847032 6.971679083333334 14.500000000000002 7.5772943024752992 3.5000000000000004 17.535776405000203 17.560321039669386 20.979587577119343 17.835895765845667 17.621355012700022 18.933661608501218 1.5000000000000002 20.915867184710795 20.949966580083771 1.5000000000000002 17.598396061764848 1.5000000000000002 17.378883012249798 17.458738050457423 17.640653113263117 1.0000000180025095e-35 17.5037020983061 22.504633485025305 8.1755555262695534
decision_type=2 2 2 2 2 2 2 2 2 2 2 2 2 2 2 2 2 2 2 2 2 2 2 2 2 2 2 2 2 2
left_child=7 2 5 -4 28 6 -2 -1 9 10 -9 27 -13 14 21 -16 -17 -18 -19 -20 -15 22 -14 -23 -25 -26 -27 29 -3 -11
right_child=1 4 3 -5 -6 -7 -8 8 -10 11 -12 12 13 20 15 16 17 18 19 -21 -22 23 -24 24 25 26 -28 -29 -30 -31
leaf_value=0.0011825143846754115 -0.01585722587403662 6.6193234401557702e-05 -0.0035924489203870086 0.034400800388995956 -0.0129044406443765 0.00097197777230485609 0.0037411353389869709 -0.00048743920160263031 -0.0021368203635126599 0.0008215181486136441 0.021469220300539823 -0.040516271711611818 -0.037246160585936244 -0.010326842406667229 0.058021913394390695 -0.069063856997199788 0.22615316281647091 -0.02860688645332006 0.24253678687165647 -0.02283529244670586 0.0038471379775360526 0.043831229105237596 0.020102469754334787 -0.007598089537650253 0.12534145907417346 0.076333778246508832 -0.0038815725831377345 0.049272939426978232 0.0059780842524861126 0.00039951119629381331
leaf_weight=35 34 32 22 26 24 40 22 104 30 122 36 23 20 40 30 26 33 23 22 26 117 47 29 21 56 23 23 39 40 1014
leaf_count=35 34 32 22 26 24 40 22 104 30 122 36 23 20 40 30 26 33 23 22 26 117 47 29 21 56 23 23 39 40 1014
internal_value=-0.00027765 -0.00291667 -0.00472222 -0.00958333 -0.000208333 -0.00229167 -0.00571429 4.89945e-05 -4.20167e-05 3.73534e-05 -0.00214286 0.00021338 -0.000724508 -0.00022388 -0.0010686 -0.003125 -0.005 -0.00173077 -0.00485915 -0.00125 0.00181529 0.00043379 -0.00316327 0.00147059 0.000121951 0.00205882 -0.00152174 0.000659575 0.00222222 0.000510564
internal_weight=2179 240 144 48 96 96 56 1939 1904 1874 140 1734 559 536 379 160 130 104 71 48 157 219 49 170 123 102 46 1175 72 1136
internal_count=2179 240 144 48 96 96 56 1939 1904 1874 140 1734 559 536 379 160 130 104 71 48 157 219 49 170 123 102 46 1175 72 1136
is_linear=0
shrinkage=0.1


Tree=74
num_leaves=31
num_cat=0
split_feature=5 4 2 1 4 5 5 4 3 4 3 3 5 3 4 3 4 3 4 4 5 5 4 3 5 4 1 2 5 5
split_gain=0.212593 0.155393 0.285714 0.230415 0.0950445 0.142706 0.0846124 0.0770434 0.0923382 0.0715505 0.185611 0.189229 0.181434 0.176327 0.105093 0.134444 0.0753683 0.0807102 0.0724917 0.0591221 0.0567408 0.0654776 0.0606131 0.157711 0.300242 0.112613 0.0398977 0.0397125 0.0972318 0.119922
threshold=17.662107457449647 20.265001553198619 12.500000000000002 1.0000000180025095e-35 23.985109855014674 22.504633485025305 6.971679083333334 7.5772943024752992 3.5000000000000004 21.348920651109825 2.5000000000000004 1.5000000000000002 20.893804697879254 3.5000000000000004 22.031919702771212 3.5000000000000004 20.809343447938371 2.5000000000000004 20.557721304179804 7.671673155046471 17.650353022232085 17.63673691248847 17.754344416624125 2.5000000000000004 17.548095038381994 17.712927001579462 1.0000000180025095e-35 13.500000000000002 17.535776405000203 17.583643082863357
decision_type=2 2 2 2 2 2 2 2 2 2 2 2 2 2 2 2 2 2 2 2 2 2 2 2 2 2 2 2 2 2
left_child=6 2 3 -2 5 9 -1 8 -8 12 11 -11 -3 16 -12 -16 17 18 -14 -9 21 22 25 -24 -25 27 -7 28 -21 -30
right_child=1 4 -4 -5 -6 26 7 19 -10 10 14 -13 13 -15 15 -17 -18 -19 -20 20 -22 -23 23 24 -26 -27 -28 -29 29 -31
leaf_value=0.0011255442242955253 -0.027269195569965689 -0.017187098794071407 -0.0023467795501336676 0.08677861867063108 -0.011613996579938821 0.00065208807875993292 -0.00043869528144235343 0.00068795609446311483 0.019322298270485802 -0.0011113028903929928 0.0033090231312127485 -0.011382386613540976 0.087933676917967593 -0.01436395188073007 0.044476929119630998 -0.0224883955888063 0.14082699510262781 0.0296413163655493 -0.016279006003324548 0.00043139652245882979 0.072924109200536658 -0.0039147451798319851 0.031078230677568697 -0.0037965543500058313 0.080236516530874935 -0.0048544020924538179 0.056781793032678801 -0.00088752741317971054 -0.051424866533147998 0.01545146173811951
leaf_weight=36 31 32 25 25 24 46 104 61 36 40 47 34 30 25 25 20 55 25 29 1026 24 32 82 28 31 26 39 37 31 73
leaf_count=36 31 32 25 25 24 46 104 61 36 40 47 34 30 25 25 20 55 25 29 1026 24 32 82 28 31 26 39 37 31 73
internal_value=-0.000369435 -0.00206522 -0.00611111 -0.00214286 -0.00136943 -0.00104027 0.000205901 9.74231e-05 -0.00214286 -0.00190608 -0.00343373 -0.00716216 -0.000612245 0.000731707 -0.000434782 -0.00388889 0.0021223 0.000238095 -0.00177966 0.000313577 0.000179856 9.51685e-05 0.000202399 0.00216312 -0.00177966 -2.93377e-05 0.00264706 0.000115681 0.000221239 -0.00269231
internal_weight=2179 552 81 56 471 447 1627 1591 140 362 166 74 196 164 92 45 139 84 59 1451 1390 1366 1334 141 59 1193 85 1167 1130 104
internal_count=2179 552 81 56 471 447 1627 1591 140 362 166 74 196 164 92 45 139 84 59 1451 1390 1366 1334 141 59 1193 85 1167 1130 104
is_linear=0
shrinkage=0.1


Tree=75
num_leaves=31
num_cat=0
split_feature=5 4 4 4 3 4 5 3 5 5 4 2 2 4 2 5 2 5 4 3 5 4 4 3 2 4 1 5 2 5
split_gain=0.287205 0.15692 0.373542 0.273751 0.226941 0.216976 0.178681 0.129068 0.216444 0.125228 0.135842 0.133415 0.122132 0.108672 0.105652 0.0836284 0.117992 0.103022 0.0814085 0.0841607 0.0893011 0.0780046 0.0680763 0.259259 0.0856192 0.0805126 0.0676119 0.115705 0.0632963 0.0631169
threshold=17.618873908715656 20.370630667583363 17.835895765845667 18.069952351527501 1.0000000180025095e-35 23.464738718929173 22.394864932489043 2.5000000000000004 22.000987995625003 20.878554373672518 21.396082200610937 13.500000000000002 10.500000000000002 7.5772943024752992 11.500000000000002 20.997856197281042 9.5000000000000018 20.96728541027122 17.721259132982748 2.5000000000000004 17.548095038381994 17.429793706412756 17.552424590187645 2.5000000000000004 13.500000000000002 17.420835571396015 1.0000000180025095e-35 7.9176211293395982 10.500000000000002 7.9176211293395982
decision_type=2 2 2 2 2 2 2 2 2 2 2 2 2 2 2 2 2 2 2 2 2 2 2 2 2 2 2 2 2 2
left_child=13 2 4 -4 -2 6 7 8 9 -3 11 12 -11 26 -7 17 -17 -9 22 -20 -21 -6 24 -24 25 -15 29 -28 -23 -1
right_child=1 5 3 -5 21 14 -8 15 -10 10 -12 -13 -14 18 -16 16 -18 -19 19 20 -22 28 23 -25 -26 -27 27 -29 -30 -31
leaf_value=-0.00063534112520087819 0.04348079228523756 0.12117661123730722 -0.065981361831034979 -0.0077564175445121652 -0.0023660872489384625 -0.1115154175501632 0.0031336263040516246 0.0021792463821198069 -0.0079262282025045015 0.078474054187627748 -0.016356487428464229 0.27351522005963308 -0.016333224695639782 0.00035606290802536083 -0.0067476230784551706 -0.0088103425827642263 0.0030848846838491114 -0.016103706818354685 0.027464327329963151 -0.0028375462617471169 0.14497154905959986 0.038611652509740468 -0.027042120771472125 0.024698956928688592 -0.0013379285820063137 0.085762982130911325 -0.00037659893780437725 0.0090489085679810628 -0.0018023741167983707 -0.027261080278755991
leaf_weight=33 38 22 25 38 40 25 82 28 23 27 38 26 31 1108 23 21 86 24 81 38 23 29 27 21 31 41 30 48 30 42
leaf_count=33 38 22 25 38 40 25 82 28 23 27 38 26 31 1108 23 21 86 24 81 38 23 29 27 21 31 41 30 48 30 42
internal_value=-0.000415328 -0.00216463 -0.0045 -0.010873 -0.00156934 -0.00114035 -0.000392157 -0.00144172 -0.00338323 -0.00194444 -0.00319672 -0.000952381 -0.00362069 0.000338149 -0.0075 0.000597484 0.00219626 -0.00269231 0.000620438 0.00288732 8.19673e-05 -0.00409091 0.000358306 -0.00333333 0.000508475 0.00064839 -0.00218954 -0.000128205 -0.00177966 -0.00433333
internal_weight=2179 656 200 63 137 456 408 326 167 144 122 84 58 1523 48 159 107 52 1370 142 61 99 1228 48 1180 1149 153 78 59 75
internal_count=2179 656 200 63 137 456 408 326 167 144 122 84 58 1523 48 159 107 52 1370 142 61 99 1228 48 1180 1149 153 78 59 75
is_linear=0
shrinkage=0.1


Tree=76
num_leaves=31
num_cat=0
split_feature=4 4 4 4 4 5 5 5 5 2 5 5 3 5 4 5 2 2 4 4 4 5 4 5 2 5 4 4 3 4
split_gain=0.1331 0.0977593 0.396748 0.140723 0.133641 0.0656713 0.134342 0.0653727 0.106564 0.405093 0.0755245 0.170475 0.0814641 0.180512 0.187217 0.0904543 0.0937646 0.0855718 0.0855665 0.0893919 0.241071 0.0692853 0.0559077 0.0742485 0.112464 0.0433807 0.0971354 0.0862279 0.15447 0.0825208
threshold=23.985109855014674 22.730197376018268 22.182657255829699 21.635349459375078 21.529968527620294 6.3835493666666681 7.8232979756925483 17.607676626962391 17.621355012700022 11.500000000000002 17.629760684549023 17.64390513419611 2.5000000000000004 20.878554373672518 20.370630667583363 20.974502233146222 13.500000000000002 10.500000000000002 17.429793706412756 21.186699431540653 21.348920651109825 17.598396061764848 17.812233855562532 17.579739920469191 13.500000000000002 7.9247216457491492 7.7773482055686145 7.567321002717593 1.0000000180025095e-35 8.5690989285158068
decision_type=2 2 2 2 2 2 2 2 2 2 2 2 2 2 2 2 2 2 2 2 2 2 2 2 2 2 2 2 2 2
left_child=1 2 3 4 5 -1 -7 21 9 -9 -10 -12 13 -13 -15 -16 17 -17 -14 -20 -21 22 23 24 25 27 -27 -8 -29 -28
right_child=-2 -3 -4 -5 -6 6 7 8 10 -11 11 12 18 14 15 16 -18 -19 19 20 -22 -23 -24 -25 -26 26 29 28 -30 -31
leaf_value=0.02308505420680719 -0.0097778346140993764 0.0021596584241846545 -0.0079293718462326006 0.0019896012566858446 -0.015924104003180391 -0.0017795439471649532 -0.00095282207078869552 -0.0080095056151710219 0.057104571036566014 0.12774255538640936 -0.0025193885481471154 0.025051195214362082 -2.5621765802297248e-05 -0.015945143413503719 -0.021922124942232196 0.006184782399880389 0.17169220899169654 -0.0099286425895388931 0.0022256187446813356 -0.0683686421349156 0.08818805872886662 0.0779412438677487 0.012812253588236094 -0.016696623503111786 -0.0015635716639021942 0.0010922028385608451 -0.0032631109378446982 -0.0074578710234550344 0.0030481699964427116 0.00059405322119365268
leaf_weight=26 24 72 40 56 24 36 39 27 24 21 31 77 21 24 36 28 25 26 100 21 27 32 59 31 27 149 126 28 59 863
leaf_count=26 24 72 40 56 24 36 39 27 24 21 31 77 21 24 36 28 25 26 100 21 27 32 59 31 27 149 126 28 59 863
internal_value=-9.40797e-05 -1.16008e-05 -0.000136822 5.62899e-05 -8.30396e-05 7.6415e-06 -5.937e-05 5.52342e-05 -0.000942623 -0.00541667 -0.000454545 -0.000769231 -0.000194805 -0.00148148 -0.00363309 -0.00195652 -6.3291e-05 -0.00240741 0.0014497 0.0022973 -0.00125 0.000399859 0.000293266 0.00015885 0.000274981 0.000411393 0.000606327 -0.00134921 0.000402299 0.000247725
internal_weight=2179 2155 2083 2043 1987 1963 1937 1901 488 48 440 416 385 216 139 115 79 54 169 148 48 1413 1381 1322 1291 1264 1138 126 87 989
internal_count=2179 2155 2083 2043 1987 1963 1937 1901 488 48 440 416 385 216 139 115 79 54 169 148 48 1413 1381 1322 1291 1264 1138 126 87 989
is_linear=0
shrinkage=0.1


Tree=77
num_leaves=31
num_cat=0
split_feature=5 5 5 2 3 4 4 4 4 4 4 4 4 4 4 5 3 5 2 4 4 4 4 4 3 5 4 4 5 2
split_gain=0.182954 0.117203 0.188578 0.129371 0.112102 0.212726 0.175301 0.219654 0.568803 0.173232 0.15722 0.141218 0.11475 0.121385 0.0974801 0.12291 0.130797 0.0946799 0.203718 0.135682 0.128974 0.112403 0.0984282 0.0904543 0.0781701 0.0731239 0.0818252 0.0824751 0.0738778 0.113604
threshold=17.607676626962391 21.212653007751378 21.690618779787187 14.500000000000002 1.0000000180025095e-35 20.300198138332426 21.396082200610937 17.96525010446366 17.835895765845667 20.505301852960415 17.771869190887575 17.353262051597955 17.429793706412756 17.563243438074181 23.985109855014674 21.86037211941829 2.5000000000000004 7.9247216457491492 9.5000000000000018 7.5455300337280562 8.2761024944505959 8.299612320091212 8.4167333121080912 21.372896575598329 1.0000000180025095e-35 17.598396061764848 17.933972198847581 17.812233855562532 17.579739920469191 13.500000000000002
decision_type=2 2 2 2 2 2 2 2 2 2 2 2 2 2 2 2 2 2 2 2 2 2 2 2 2 2 2 2 2 2
left_child=17 3 -3 4 5 -2 7 8 10 -9 11 -6 -13 -14 15 -4 23 18 19 -1 -20 -19 -23 -17 -25 26 27 28 29 -24
right_child=1 2 14 -5 6 -7 -8 9 -10 -11 -12 12 13 -15 -16 16 -18 21 20 -21 -22 22 25 24 -26 -27 -28 -29 -30 -31
leaf_value=-0.00027099657325614922 0.050331083231928898 0.0040630998685523929 -0.039113320746800545 0.13349253148355519 0.11708134712501406 -0.017133841640125377 -0.01233748261773015 0.045561153395152959 -0.063424348489777641 -0.0074010357966107498 0.23545531982961962 -0.0071641861314047433 0.026083417166241879 -0.0029481658128637459 -0.008800051152689432 -0.012025793205002539 0.027829253308641728 0.00071037622801082591 -0.0047415973395979159 0.0043992373205711454 0.012729729137839109 -0.021363168695703847 0.00048222598012743757 0.010509569034002754 -0.00011730859904532782 0.07014711948097388 -0.0011885188722442768 0.039067226260163485 -0.0150269611528006 -0.0014072144975119079
leaf_weight=21 42 56 24 20 27 39 39 42 24 90 20 22 23 20 24 36 69 183 88 52 28 28 927 22 57 32 30 36 31 27
leaf_count=21 42 56 24 20 27 39 39 42 24 90 20 22 23 20 24 36 69 183 88 52 28 28 927 22 57 32 30 36 31 27
internal_value=-0.000415328 -0.00175287 -0.000208333 -0.00284314 -0.00324742 6.17285e-05 -0.00412052 -0.00320896 -0.00602941 -0.00030303 -0.00303571 -0.00478261 -0.00730769 -0.00430233 -0.00146552 -0.000769231 0.000108696 0.000212407 -0.00187831 0.00226027 -0.00448276 0.000517774 0.000139514 -0.00195652 -6.3291e-05 0.000290859 0.000147479 0.000298727 0.000126904 0.000283019
internal_weight=2179 696 288 408 388 81 307 268 136 132 112 92 65 43 232 208 184 1483 189 73 116 1294 1111 115 79 1083 1051 1021 985 954
internal_count=2179 696 288 408 388 81 307 268 136 132 112 92 65 43 232 208 184 1483 189 73 116 1294 1111 115 79 1083 1051 1021 985 954
is_linear=0
shrinkage=0.1


Tree=78
num_leaves=31
num_cat=0
split_feature=4 2 1 2 4 4 5 4 5 5 4 5 5 5 5 4 3 4 5 4 5 4 3 4 4 5 3 4 4 5
split_gain=0.262212 0.116237 0.311889 0.277744 0.156211 0.144802 0.171207 0.124792 0.14796 0.118788 0.111896 0.107452 0.171082 0.112371 0.160848 0.167909 0.102916 0.0715588 0.0960317 0.0791473 0.150182 0.145506 0.132808 0.0692016 0.142379 0.0591819 0.0535714 0.0506877 0.0589663 0.0409632
threshold=17.89238636172653 10.500000000000002 1.0000000180025095e-35 9.5000000000000018 20.917360396281239 23.464738718929173 22.394864932489043 17.992588727653601 22.000987995625003 21.02653307450333 21.348920651109825 21.212653007751378 20.810136667956268 20.893804697879254 21.132937595628011 21.396082200610937 2.5000000000000004 7.5336329078013495 7.9247216457491492 8.3772114634455885 7.8786832977210901 8.4693291139919573 2.5000000000000004 17.771869190887575 17.743853269577695 8.015006641343696 2.5000000000000004 8.5690989285158068 8.5987378588556869 8.1672464920682746
decision_type=2 2 2 2 2 2 2 2 2 2 2 2 2 2 2 2 2 2 2 2 2 2 2 2 2 2 2 2 2 2
left_child=17 2 3 9 -4 6 7 -3 11 -2 -6 12 -9 -14 15 -15 -12 18 -1 20 22 -21 -19 24 25 -23 -25 -27 -29 -30
right_child=1 5 4 -5 10 -7 -8 8 -10 -11 16 -13 13 14 -16 -17 -18 19 -20 21 -22 23 -24 26 -26 27 -28 28 29 -31
leaf_value=-0.0014631857300980613 0.040994080575881608 -0.0045959975857122418 0.15269575713728156 -0.0031261786270617969 -0.0046498203516809741 -0.0065000008591476538 0.022461955523475338 0.069911425381565806 -0.0091676826173192061 -0.0074010847304806339 -0.0040264019018485487 0.0022245966948289792 -0.011744873921789599 0.1413318993481216 -0.007300726585893081 -0.020329672995657893 0.13978900348082143 -0.019333333078309371 0.012541821926887471 -0.0077232212613911923 0.00077564180917818288 0.057145892302770479 0.00053559545183458031 0.031189310013220419 -0.0024867470281972042 -0.0072737414233356836 0.0071761773268608497 0.022415781174028756 -0.00031214853775214381 0.00028838923001660527
leaf_weight=35 25 22 35 34 21 32 49 34 22 30 33 64 30 61 21 27 20 35 28 36 226 26 36 54 24 35 42 26 22 994
leaf_count=35 25 22 35 34 21 32 49 34 22 30 33 64 30 61 21 27 20 35 28 36 226 26 36 54 24 35 42 26 22 994
internal_value=-0.00027765 -0.00214286 -0.00409091 -0.00848315 -0.000504587 -0.00107735 -0.000454545 -0.00140569 -0.000791506 -0.00409091 -0.00310811 -6.3291e-05 -0.00135838 -0.00291367 -0.00142202 0.000454546 -0.000660377 0.000367511 -0.00293651 0.000501285 0.0019697 0.000154885 -0.00204225 0.00033933 0.000119787 0.000285585 0.00291667 0.000171774 0.000297505 0.000177165
internal_weight=2179 560 198 89 109 362 330 281 259 55 74 237 173 139 109 88 53 1619 63 1556 297 1259 71 1223 1127 1103 96 1077 1042 1016
internal_count=2179 560 198 89 109 362 330 281 259 55 74 237 173 139 109 88 53 1619 63 1556 297 1259 71 1223 1127 1103 96 1077 1042 1016
is_linear=0
shrinkage=0.1


Tree=79
num_leaves=31
num_cat=0
split_feature=4 5 4 4 5 5 5 4 4 4 5 2 5 3 4 5 5 3 3 5 4 5 5 4 4 4 4 3 4 4
split_gain=0.386065 0.234345 0.26693 0.405165 0.22185 0.15873 0.238095 0.250216 0.15683 0.153981 0.185259 0.112198 0.154477 0.236626 0.170455 0.143804 0.10384 0.0877225 0.0837821 0.0768375 0.149251 0.184897 0.214286 0.0971382 0.0786701 0.156855 0.0608187 0.0512821 0.0512306 0.0974421
threshold=17.89238636172653 23.820618060044648 22.60877347675147 22.243213547859419 21.212653007751378 21.822449661617842 22.394864932489043 21.186699431540653 7.5336329078013495 17.96525010446366 20.860216788090124 12.500000000000002 20.959092680146352 1.5000000000000002 20.576777831673464 20.987906254051993 20.959092680146352 2.5000000000000004 3.5000000000000004 14.189406503425344 14.625589844292268 14.372634581391436 14.276915014741986 14.789605174258247 17.771869190887575 17.743853269577695 23.464738718929173 2.5000000000000004 14.841387767811309 14.918783562155456
decision_type=2 2 2 2 2 2 2 2 2 2 2 2 2 2 2 2 2 2 2 2 2 2 2 2 2 2 2 2 2 2
left_child=8 2 3 4 9 -6 7 -7 18 -2 17 12 14 -14 -12 -15 -13 -11 -1 -10 21 22 -21 -22 25 28 -4 -26 -25 -30
right_child=1 -3 26 -5 5 6 -8 -9 19 10 11 16 13 15 -16 -17 -18 -19 -20 20 23 -23 -24 24 27 -27 -28 -29 29 -31
leaf_value=-0.0013233189478538869 -0.0070445340292420435 -0.029316071106125625 0.029964749070277276 -0.0025015471542279445 0.0038356383832825109 0.10764699626253205 0.20626257130111011 -0.038248267909990245 0.00037067659367412745 0.047358731265508713 0.25381299419342146 -0.041293004328736262 -0.003034599752924316 -0.017689126863784377 -0.019045568444198777 -0.011330533154291262 0.03642703591321339 -0.00011759279429658931 0.063977399087596545 -0.021748228644430316 0.048624438350570225 -0.016213379992166228 0.068141041060758148 -0.027938706307765727 0.030849678347815507 -0.0022428683031224558 -0.00016245836741590896 0.0064585595941748343 0.0072780584725801074 -3.7306178174811166e-05
leaf_weight=41 24 31 52 24 56 22 28 20 640 53 20 27 37 23 24 25 35 21 22 24 79 34 32 34 49 22 38 42 39 561
leaf_count=41 24 31 52 24 56 22 28 20 640 53 20 27 37 23 24 25 35 21 22 24 79 34 32 34 49 22 38 42 39 561
internal_value=-0.000415328 -0.00267857 -0.00218336 -0.00320046 -0.00246988 0.00103175 -0.00214286 -0.00690476 0.000367511 -0.00399654 -0.00330189 -0.00494764 -0.00662791 -0.00911765 -0.00181818 -0.01375 -0.00145161 0.000945946 -0.00452381 0.000565553 -2.18339e-05 -0.00388889 -0.000357143 0.000399516 4.68542e-05 -0.000335366 0.00277778 0.0028022 -4.73185e-05 0.000166667
internal_weight=2179 560 529 439 415 126 70 42 1619 289 265 191 129 85 44 48 62 74 63 1556 916 90 56 826 747 656 90 91 634 600
internal_count=2179 560 529 439 415 126 70 42 1619 289 265 191 129 85 44 48 62 74 63 1556 916 90 56 826 747 656 90 91 634 600
is_linear=0
shrinkage=0.1


Tree=80
num_leaves=31
num_cat=0
split_feature=5 2 1 4 4 4 3 4 4 5 5 5 5 5 5 4 4 5 5 5 5 4 5 5 2 5 5 5 5 5
split_gain=0.344732 0.162382 0.15081 0.203175 0.402041 0.309836 0.135183 0.0890854 0.143883 0.124662 0.203842 0.120321 0.215177 0.11743 0.131211 0.12281 0.0846018 0.16469 0.0842364 0.0883884 0.102201 0.123715 0.0955075 0.124136 0.170931 0.0930648 0.0879896 0.102487 0.11357 0.0978924
threshold=17.618873908715656 10.500000000000002 1.0000000180025095e-35 17.835895765845667 20.604012224128997 21.396082200610937 1.5000000000000002 17.627353575247966 17.777469960705552 20.997856197281042 20.949966580083771 19.861967316666671 20.893804697879254 21.152617504822917 21.442954900189395 21.107402369817674 20.468027206469433 20.987906254051993 17.598396061764848 6.971679083333334 7.8232979756925483 17.89238636172653 14.189406503425344 14.998769083333334 9.5000000000000018 14.802116892745781 15.102210413520472 15.130493990902481 15.162769526965944 15.174470191405693
decision_type=2 2 2 2 2 2 2 2 2 2 2 2 2 2 2 2 2 2 2 2 2 2 2 2 2 2 2 2 2 2
left_child=18 2 3 -2 -5 -6 -4 -3 -9 10 11 -10 -13 -11 -15 -16 -8 -18 19 -1 -21 22 -22 24 -24 -26 -25 -28 -29 -30
right_child=1 7 6 4 5 -7 16 8 9 13 -12 12 -14 14 15 -17 17 -19 -20 20 21 -23 23 26 25 -27 27 28 29 -31
leaf_value=0.0030802495676817932 0.013891770536005727 0.0060265567113181959 0.14542405330949298 -0.039961067155795629 0.010202922602454846 -0.0028563778199729066 -0.006663566386729357 -0.0028598966755931602 0.044963433255890216 0.10428637969002497 -0.025884823391983058 -0.023124440270058708 0.18946861459490033 -0.0063779828001164045 0.085937898643557012 -0.0021491455763389851 0.16646938367130565 -0.0092836868530900216 0.026319026854622063 -0.0057555853986990353 0.00022566807215614509 -0.00098496124777333344 0.025230019177526417 0.065117985498260533 -0.0044803107308124214 -0.043520662139765867 -0.0051985757845397175 0.023375758629473369 -0.038039716680596011 0.00049214049660910699
leaf_weight=36 36 47 42 29 21 40 20 20 20 40 23 35 33 23 38 123 20 46 72 27 647 38 43 36 109 27 27 45 27 389
leaf_count=36 36 47 42 29 21 40 20 20 20 40 23 35 33 23 38 123 20 46 72 27 647 38 43 36 109 27 27 45 27 389
internal_value=-0.000553006 -0.00246951 -0.00444882 -0.00690476 -0.00944444 -0.00483607 -0.00203125 -0.00121891 -0.00176056 -0.00126866 -0.00400901 -0.00181818 -0.00382353 8.92858e-05 -0.000978261 3.1056e-05 -0.00430233 -0.00257576 0.000272489 0.000106823 -1.76677e-05 0.000100865 0.000259259 -0.000547653 -0.00282123 -0.00455882 0.000229008 -0.000122951 0.000227766 -0.000288461
internal_weight=2179 656 254 126 90 61 128 402 355 335 111 88 68 224 184 161 86 66 1523 1451 1415 1388 1350 703 179 136 524 488 461 416
internal_count=2179 656 254 126 90 61 128 402 355 335 111 88 68 224 184 161 86 66 1523 1451 1415 1388 1350 703 179 136 524 488 461 416
is_linear=0
shrinkage=0.1


Tree=81
num_leaves=31
num_cat=0
split_feature=5 5 5 3 4 5 4 4 4 4 4 2 4 1 5 4 2 5 2 4 5 5 3 5 2 5 4 4 4 5
split_gain=0.307211 0.134689 0.242217 0.213812 0.17578 0.134185 0.286364 0.257471 0.597475 0.161434 0.334994 0.0924716 0.148485 0.0823662 0.221066 0.0849123 0.0767196 0.0767027 0.0722744 0.0909091 0.0766676 0.111896 0.280189 0.0901662 0.0705128 0.0656269 0.1284 0.113043 0.059378 0.0958638
threshold=17.616271679943051 21.212653007751378 21.690618779787187 1.0000000180025095e-35 20.300198138332426 20.987906254051993 20.736349479098198 18.069952351527501 17.843863889948754 20.505301852960415 21.239492679033511 9.5000000000000018 22.730197376018268 1.0000000180025095e-35 22.394864932489043 23.233825698598146 11.500000000000002 17.598396061764848 13.500000000000002 17.511520969895141 17.535776405000203 17.560321039669386 1.5000000000000002 17.5037020983061 11.500000000000002 17.674119020352393 17.429793706412756 17.743853269577695 7.5336329078013495 8.6347095093171315
decision_type=2 2 2 2 2 2 2 2 2 2 2 2 2 2 2 2 2 2 2 2 2 2 2 2 2 2 2 2 2 2
left_child=17 3 -3 4 -2 7 -7 8 25 -9 -11 12 -4 15 -15 -13 -12 18 20 -20 23 -22 -23 28 -16 26 -5 -28 -1 -30
right_child=1 2 11 5 -6 6 -8 9 -10 10 16 13 -14 14 24 -17 -18 -19 19 -21 21 22 -24 -25 -26 -27 27 -29 29 -31
leaf_value=-0.0010319709070699624 0.025035008168133373 0.0027886513849777403 -0.027787127883395869 -0.0042114231595713715 -0.008186242887524342 0.0082018680887165907 -0.008143251861717998 0.040123987006945895 -0.061752667353544524 -0.018952353338874902 0.13167259579352622 0.0036159643208829475 0.056447602841739955 -0.0052403160933710505 0.1604737011702288 -0.015841279162172539 -0.0057780112897056427 0.040524644082398337 -0.0017901103277263486 0.066924066008820268 -0.032384623341604427 -0.031532888454913081 0.021568867851707849 0.037875371703793737 -0.0027429410884935185 -0.010229407472637453 0.05656189681932159 -0.0018943980308860913 0.00032319398565254075 -0.00034771691951467846
leaf_weight=63 44 56 33 22 45 20 35 34 22 30 29 75 22 34 22 20 27 64 22 22 21 20 33 38 26 22 26 20 443 789
leaf_count=63 44 56 33 22 45 20 35 34 22 30 29 75 22 34 22 20 27 64 22 22 21 20 33 38 26 22 26 20 443 789
internal_value=-0.000736576 -0.00253012 -0.000902778 -0.0037766 0.000505618 -0.00510453 -0.00954545 -0.00405172 -0.0075 -0.000833333 -0.00313953 -0.00232759 -0.00590909 -0.00121469 -0.00353659 0.000789474 0.00142857 4.95051e-05 -9.9931e-05 -0.00409091 2.48758e-05 -0.00310811 -0.000660377 0.0001988 0.000833333 -0.00388889 -0.00235294 0.000652174 5.79152e-05 0.000211039
internal_weight=2179 664 288 376 89 287 55 232 112 120 86 232 55 177 82 95 56 1515 1451 44 1407 74 53 1333 48 90 68 46 1295 1232
internal_count=2179 664 288 376 89 287 55 232 112 120 86 232 55 177 82 95 56 1515 1451 44 1407 74 53 1333 48 90 68 46 1295 1232
is_linear=0
shrinkage=0.1


Tree=82
num_leaves=31
num_cat=0
split_feature=5 5 5 4 3 3 4 4 2 2 4 3 3 2 1 3 4 4 5 5 2 4 2 4 2 4 5 5 4 5
split_gain=0.258907 0.244061 0.253968 0.193895 0.230573 0.132257 0.149705 0.233333 0.171429 0.129018 0.220205 0.106124 0.208807 0.103002 0.0902686 0.0777778 0.0627987 0.147724 0.0850749 0.0988024 0.171367 0.115738 0.140152 0.0975912 0.109091 0.0898881 0.0884079 0.0888315 0.10752 0.0832862
threshold=18.638511431250006 21.212653007751378 21.776906625236375 21.396082200610937 1.5000000000000002 2.5000000000000004 21.239492679033511 20.557721304179804 11.500000000000002 12.500000000000002 22.60877347675147 2.5000000000000004 1.0000000180025095e-35 10.500000000000002 1.0000000180025095e-35 3.5000000000000004 17.429793706412756 17.378883012249798 14.189406503425344 14.998769083333334 9.5000000000000018 14.941317499487722 9.5000000000000018 17.289787324433505 12.500000000000002 7.5336329078013495 14.802116892745781 14.484568824501453 14.260145221225788 17.493769080412463
decision_type=2 2 2 2 2 2 2 2 2 2 2 2 2 2 2 2 2 2 2 2 2 2 2 2 2 2 2 2 2 2
left_child=16 3 -3 5 -5 6 7 8 -2 11 -11 12 -4 -14 -7 -13 17 18 25 20 -20 22 -21 24 29 -1 27 28 -22 -23
right_child=1 2 9 4 -6 14 -8 -9 -10 10 -12 15 13 -15 -16 -17 -18 -19 19 21 26 23 -24 -25 -26 -27 -28 -29 -30 -31
leaf_value=-0.00092877381636299883 0.15739818202752823 0.0013282586638323529 0.16920866863821693 -0.013743344680806678 -0.0090581425037852929 -0.0051981970865623483 0.12823810617298487 -0.019594262538001898 -0.018477955259479342 -0.011379312688986678 0.0015352898295672485 0.047625259098707608 -0.02366552017175232 0.01051369247681294 -0.0074628654107520209 -0.10292185147906792 0.0011174360133804071 -0.022741525989897964 0.021601873172009053 0.0073651454280554644 0.023040874584224425 -0.00020702328790732743 0.04538340569248716 0.021503679473822007 -0.020981781511706592 0.00020554532343944505 -0.039133824233837738 0.11638438232667969 -0.0043895716520085714 -0.0016353120944229357
leaf_weight=63 32 64 24 33 28 26 29 24 28 38 26 42 34 30 32 30 347 34 42 22 34 193 74 50 44 629 27 28 45 27
leaf_count=63 32 64 24 33 28 26 29 24 28 38 26 42 34 30 32 30 347 34 42 22 34 193 74 50 44 629 27 28 45 27
internal_value=-0.000553006 -0.0025 -0.000555555 -0.00491379 -0.0097541 -0.00318713 -0.00119469 -0.00333333 1.30385e-10 -0.00214286 -0.0059375 -0.000625 -0.00295455 -0.0059375 -0.00706897 0.00222222 5.72635e-05 -0.000259146 -8.60719e-05 -0.000972696 -0.00295455 -0.000121951 0.00291667 -0.00105096 -0.00181818 0.00066474 -0.00470149 -0.00341121 -0.00512658 -0.000909091
internal_weight=2179 520 288 232 61 171 113 84 60 224 64 160 88 64 58 72 1659 1312 1278 586 176 410 96 314 264 692 134 107 79 220
internal_count=2179 520 288 232 61 171 113 84 60 224 64 160 88 64 58 72 1659 1312 1278 586 176 410 96 314 264 692 134 107 79 220
is_linear=0
shrinkage=0.1


Tree=83
num_leaves=31
num_cat=0
split_feature=4 4 5 4 5 3 5 5 4 4 4 4 5 4 5 5 5 2 3 5 4 5 5 4 5 5 2 5 5 2
split_gain=0.235706 0.457791 0.125941 0.203214 0.302898 0.197524 0.185412 0.146199 0.148004 0.0833564 0.132754 0.0818542 0.0836652 0.121505 0.265292 0.100558 0.146738 0.205523 0.0956556 0.139626 0.0907854 0.0781987 0.132353 0.072217 0.0681132 0.0901354 0.156172 0.19936 0.0592593 0.0557683
threshold=17.89238636172653 17.96525010446366 23.820618060044648 20.300198138332426 21.212653007751378 3.5000000000000004 21.132937595628011 21.776906625236375 22.730197376018268 17.771869190887575 17.743853269577695 17.698233879917414 14.189406503425344 15.260070326109242 15.20384769730274 14.484568824501453 14.372634581391436 10.500000000000002 2.5000000000000004 15.102210413520472 7.5336329078013495 22.587422680330523 22.000987995625003 17.601147357158535 20.810136667956268 21.040815150554661 13.500000000000002 20.959092680146352 20.907128106231244 10.500000000000002
decision_type=2 2 2 2 2 2 2 2 2 2 2 2 2 2 2 2 2 2 2 2 2 2 2 2 2 2 2 2 2 2
left_child=9 -2 3 -3 5 6 24 -6 21 10 11 12 20 14 15 16 17 -14 -17 -20 -1 22 -9 29 -5 26 27 28 -26 -15
right_child=1 2 -4 4 7 -7 -8 8 -10 -11 -12 -13 13 23 -16 18 -18 -19 19 -21 -22 -23 -24 -25 25 -27 -28 -29 -30 -31
leaf_value=-0.00083589643472669619 -0.0069668957979291809 0.079911871571811455 -0.022127293889695546 0.036878479102780352 0.0008615968510071305 -0.0096993470893588264 -0.0058206533684173074 -0.01272618020066636 0.0017533220969977092 0.015154710779246738 -0.002066490671464521 0.011941583581328841 0.0065246852638600125 -0.0027063222427473007 -0.0060972498704717371 0.055043173309452409 -0.021171091356403736 -0.034999341788122494 0.092985672107540884 -0.038723341099815102 0.00019204899523770822 0.00026685310756097358 -0.009916364156189815 -0.0032177583414036096 0.061252864033576597 0.065588062319468524 -0.038936158077060551 -0.0077072164777817562 0.026761684811429168 0.0014407155029415972
leaf_weight=63 24 46 31 32 57 29 24 34 77 96 24 32 44 171 31 120 26 31 30 31 632 26 34 32 24 30 24 38 30 256
leaf_count=63 24 46 31 32 57 29 24 34 77 96 24 32 44 171 31 120 26 31 30 31 632 26 34 32 24 30 24 38 30 256
internal_value=-0.000553006 -0.00232143 -0.00171642 -0.00133663 -0.00197168 -0.00452381 -0.00341584 0.000614035 -0.000847953 5.86783e-05 -0.000121471 -3.33543e-06 -0.000112474 -0.000829015 -0.00234824 -0.00138298 -0.00391089 -0.00166667 2.76244e-05 -0.00319672 0.000683453 -0.00351064 -0.00529412 0.000206972 -0.00230337 -0.00321918 -0.00448276 -0.0026087 0.0012963 0.000550351
internal_weight=2179 560 536 505 459 231 202 228 171 1619 1523 1499 1467 772 313 282 101 75 181 61 695 94 68 459 178 146 116 92 54 427
internal_count=2179 560 536 505 459 231 202 228 171 1619 1523 1499 1467 772 313 282 101 75 181 61 695 94 68 459 178 146 116 92 54 427
is_linear=0
shrinkage=0.1


Tree=84
num_leaves=31
num_cat=0
split_feature=5 5 5 4 4 4 3 4 4 5 4 4 3 4 5 5 5 2 4 4 4 5 5 2 5 5 5 3 1 4
split_gain=0.161982 0.253125 0.223214 0.203125 0.125658 0.212032 0.12855 0.103258 0.116209 0.211794 0.145702 0.259057 0.23573 0.0965692 0.0859236 0.083782 0.17031 0.139535 0.0884852 0.0757625 0.0878737 0.0675488 0.0886449 0.454514 0.0997264 0.0891934 0.115815 0.150143 0.0833333 0.0629571
threshold=20.860216788090124 21.212653007751378 21.776906625236375 21.507849904952753 21.239492679033511 20.557721304179804 1.0000000180025095e-35 20.265001553198619 23.985109855014674 22.912650784608672 22.730197376018268 21.107402369817674 2.5000000000000004 17.458738050457423 14.189406503425344 10.402040591666667 9.0771972839285748 9.5000000000000018 7.5336329078013495 14.502389119893476 14.213089934255503 8.0481058993500412 8.0117185127893737 9.5000000000000018 7.9612264240396424 7.9176211293395982 7.8858941212356539 2.5000000000000004 1.0000000180025095e-35 14.777419602684107
decision_type=2 2 2 2 2 2 2 2 2 2 2 2 2 2 2 2 2 2 2 2 2 2 2 2 2 2 2 2 2 2
left_child=13 3 -3 4 5 6 -2 -4 9 10 11 -9 -13 14 15 16 18 -17 -1 20 -16 22 24 -24 25 26 27 28 -20 -21
right_child=1 2 7 -5 -6 -7 -8 8 -10 -11 -12 12 -14 -15 19 17 -18 -19 21 29 -22 -23 23 -25 -26 -27 -28 -29 -30 -31
leaf_value=-0.0011014905391081677 -0.0096539818853787433 0.0011092731123484561 -0.0029985879307794969 -0.012883027812282477 0.00026727837543982053 -0.012247237367901434 0.22881231583247597 0.18006091627061116 -0.0043795493319790718 0.0042341993175329055 0.0016716818024933547 -0.015592331034095281 -0.0082669048128378581 0.00087283507056320131 -0.0034082587240789608 -0.0043316729113929567 -0.0032856861552515351 0.0072241479942342229 -0.0021208825552742785 0.018755274534723643 -0.0057349496275934308 0.0017902157183399929 -0.029302703396714369 0.0025305488311178322 0.023049556908882763 -0.0008757763292375465 0.0024033139817331664 0.00065857881171308091 0.0022947024131750454 -0.0024363427548856204
leaf_weight=60 24 64 23 36 62 36 34 20 24 56 40 24 37 365 43 43 33 86 20 88 20 182 27 46 45 29 44 47 30 491
leaf_count=60 24 64 23 36 62 36 34 20 24 56 40 24 37 365 43 43 33 86 20 88 20 182 27 46 45 29 44 47 30 491
internal_value=-0.000461221 -0.00208333 -0.000208333 -0.00489583 -0.00333333 -0.0056383 -0.00189655 -0.00169643 -0.000970149 -8.47456e-05 -0.00243802 -0.00487654 -0.00811475 -2.94278e-06 -0.000397301 0.000375723 -0.000150977 0.00267442 0.000283019 -0.00123053 -0.00452381 0.000744681 -0.000208333 -0.00321918 0.000813954 -0.000294118 0.000744681 -0.00118557 -0.005 -0.000872193
internal_weight=2179 480 288 192 156 94 58 224 201 177 121 81 61 1699 1334 692 563 129 530 642 63 470 288 73 215 170 141 97 50 579
internal_count=2179 480 288 192 156 94 58 224 201 177 121 81 61 1699 1334 692 563 129 530 642 63 470 288 73 215 170 141 97 50 579
is_linear=0
shrinkage=0.1


Tree=85
num_leaves=31
num_cat=0
split_feature=5 5 5 4 4 4 3 2 5 5 1 4 5 5 5 5 5 4 4 5 4 4 3 5 4 4 5 4 4 3
split_gain=0.200719 0.168056 0.253968 0.235577 0.109547 0.212374 0.119403 0.185202 0.151438 0.126607 0.107375 0.0900966 0.295166 0.14537 0.159781 0.0843347 0.144253 0.0839795 0.201613 0.125305 0.0807418 0.157719 0.0623068 0.0988699 0.180936 0.0923463 0.172952 0.0608558 0.226449 0.167702
threshold=20.860216788090124 21.212653007751378 21.776906625236375 21.507849904952753 22.730197376018268 23.985109855014674 2.5000000000000004 10.500000000000002 22.394864932489043 22.394864932489043 1.0000000180025095e-35 17.140226403507743 17.437064335127356 15.93979277126437 15.20384769730274 6.971679083333334 7.8232979756925483 20.491858216648414 21.239492679033511 20.979587577119343 8.3772114634455885 8.4693291139919573 3.5000000000000004 15.174470191405693 15.392697466538207 14.955590939810294 14.372634581391436 14.648580761804292 14.841387767811309 1.5000000000000002
decision_type=2 2 2 2 2 2 2 2 2 2 2 2 2 2 2 2 2 2 2 2 2 2 2 2 2 2 2 2 2 2
left_child=11 3 -3 17 6 -6 7 -4 10 -9 -8 12 13 14 15 -1 -17 -2 19 -19 -18 -22 23 24 27 26 -24 -23 29 -29
right_child=1 2 4 -5 5 -7 8 9 -10 -11 -12 -13 -14 -15 -16 16 20 18 -20 -21 21 22 25 -25 -26 -27 -28 28 -30 -31
leaf_value=0.002106309817545257 0.1031518704048948 0.00099834580111362431 -0.015929114110486173 -0.01159472503105421 0.0016290920604066809 -0.0039415943987811562 0.0034884811681569873 -0.0062980806339378598 0.072663493223446132 0.0016004593266723212 -0.058428021215269424 0.00069274344962730642 -0.0070470058071573239 0.051643013862128412 -0.020899134948443272 -0.0060943846993694786 4.4266354812092155e-05 -0.020780715183372264 0.00024055053789590001 -0.0037308362661230749 -0.011707684948243164 0.00055392299568236944 0.0026611586908047297 0.010272453959945449 -0.029328949744279825 0.04378729977669446 -0.024924179421907194 -0.0028811842423670641 0.0068792944047611077 -0.016302547445426543
leaf_weight=32 32 64 20 36 66 24 21 21 26 26 20 518 25 55 33 23 322 28 62 34 32 237 56 55 39 50 38 48 115 21
leaf_count=32 32 64 20 36 66 24 21 21 26 26 20 518 25 55 33 23 322 28 62 34 32 237 56 55 39 50 38 48 115 21
internal_value=-0.00027765 -0.00208333 -0.000555555 -0.004375 -0.00214286 0.000555556 -0.00395522 -0.0069403 -0.000970149 -0.00351064 -0.0047561 0.00023249 -0.000249788 -1.73009e-05 -0.000267938 -5.61796e-05 -0.000212355 -0.00269231 -0.00387097 -0.00790323 -3.45507e-05 -0.000643994 -0.000311077 -0.000825243 -0.00130435 0.00152778 -0.000319149 -0.000700712 -0.00206522 -0.0065942
internal_weight=2179 480 288 192 224 90 134 67 67 47 41 1699 1181 1156 1101 1068 1036 156 124 62 1013 691 659 515 460 144 94 421 184 69
internal_count=2179 480 288 192 224 90 134 67 67 47 41 1699 1181 1156 1101 1068 1036 156 124 62 1013 691 659 515 460 144 94 421 184 69
is_linear=0
shrinkage=0.1


Tree=86
num_leaves=31
num_cat=0
split_feature=4 4 4 4 2 3 5 4 4 5 2 4 3 4 5 3 4 5 5 4 5 5 5 5 2 4 4 4 4 5
split_gain=0.126584 0.108034 0.145376 0.461506 0.145476 0.0913567 0.225182 0.186307 0.235204 0.151211 0.153573 0.135477 0.143267 0.103981 0.182449 0.1 0.0931475 0.189867 0.245436 0.273529 0.122366 0.0826465 0.088901 0.138013 0.116614 0.276793 0.285394 0.125259 0.10926 0.08577
threshold=23.985109855014674 22.730197376018268 21.507849904952753 21.683549492847032 10.500000000000002 2.5000000000000004 20.949966580083771 7.5577506640880356 7.6042107187853585 21.040815150554661 11.500000000000002 7.5298902957288769 3.5000000000000004 21.239492679033511 20.878554373672518 3.5000000000000004 17.223384112800058 15.20384769730274 17.036650100000003 17.105349856647795 17.662107457449647 7.9124084390999991 17.640653113263117 21.02653307450333 10.500000000000002 14.941317499487722 17.444147608638612 15.684318322846179 14.625589844292268 8.0331495694369792
decision_type=2 2 2 2 2 2 2 2 2 2 2 2 2 2 2 2 2 2 2 2 2 2 2 2 2 2 2 2 2 2
left_child=1 2 5 -4 -5 6 7 -1 -9 -8 -11 15 -13 14 16 -7 17 -10 -19 -20 -18 -14 24 -24 28 -26 27 -27 29 -23
right_child=-2 -3 3 4 -6 11 9 8 13 10 -12 12 21 -15 -16 -17 20 18 19 -21 -22 22 23 -25 25 26 -28 -29 -30 -31
leaf_value=0.0020881647007145602 -0.0035474349589029752 0.0015659714993071115 -0.0063974476966920449 -0.0065442763823622772 0.00040461900679160563 -0.026834302619079365 -0.020283656548241522 -0.032028176960347134 -0.00056608082981734369 0.012709408154357775 -0.00566827258703307 0.00058134701335215994 -8.539140268824402e-05 0.065243047532892395 -0.010224032773028628 0.053988004983713193 0.0083932772844990088 -0.014915819588529888 0.037250775136715743 -0.023275319760723629 -0.030711330585627441 0.043967350560798701 -0.0069287806215768133 0.017291889785245963 0.014984643222101621 -0.00017608433684974668 0.0019124392118560361 -0.0049024644086043999 0.038023360029854993 -0.023993948579786324
leaf_weight=63 24 72 40 29 59 20 23 27 528 33 41 429 28 35 20 20 234 36 31 20 31 22 30 28 41 21 33 25 82 54
leaf_count=63 24 72 40 29 59 20 23 27 528 33 41 429 28 35 20 20 234 36 31 20 31 22 30 28 41 21 33 25 82 54
internal_value=-0.00027765 -0.000197216 -0.000328852 -0.00359375 0.000454546 -0.000115089 -0.0007041 -0.000268293 -0.000613305 -0.00530928 -0.00310811 0.000678271 0.000964691 -0.000347593 -0.000555555 -0.005 -0.000340909 -0.00101626 -0.00534483 -0.000882353 0.00122642 -0.000494505 -5.95237e-05 -0.00362069 0.000683453 -0.00166667 -0.00512658 -0.0102174 0.00246835 -0.000263158
internal_weight=2179 2155 2083 128 88 1955 1122 1025 962 97 74 833 793 935 900 40 880 615 87 51 265 364 336 58 278 120 79 46 158 76
internal_count=2179 2155 2083 128 88 1955 1122 1025 962 97 74 833 793 935 900 40 880 615 87 51 265 364 336 58 278 120 79 46 158 76
is_linear=0
shrinkage=0.1


Tree=87
num_leaves=31
num_cat=0
split_feature=5 5 4 5 5 1 3 4 5 4 5 2 4 5 4 4 3 5 4 5 5 4 5 5 5 4 4 5 3 3
split_gain=0.129822 0.129426 0.35782 0.118934 0.112427 0.0895595 0.182112 0.17577 0.136787 0.196653 0.181972 0.273144 0.272701 0.231447 0.225618 0.225957 0.221235 0.141705 0.134127 0.126984 0.122505 0.147156 0.11818 0.233333 0.117399 0.220237 0.121147 0.232536 0.120282 0.114502
threshold=26.086796741666671 21.212653007751378 21.529968527620294 21.012319677726317 21.02653307450333 1.0000000180025095e-35 1.0000000180025095e-35 7.7773482055686145 17.63673691248847 18.069952351527501 17.442991135068166 11.500000000000002 15.563354596465592 15.075383287026836 7.9775123899013751 7.642826414045083 2.5000000000000004 17.607676626962391 7.5271333396249132 20.878554373672518 17.583643082863357 17.804346340848593 14.959953975510109 15.174470191405693 17.535776405000203 17.140226403507743 15.582151516019001 15.210723955843749 1.0000000180025095e-35 2.5000000000000004
decision_type=2 2 2 2 2 2 2 2 2 2 2 2 2 2 2 2 2 2 2 2 2 2 2 2 2 2 2 2 2 2
left_child=1 2 3 5 -4 6 -1 -7 10 -10 11 14 13 -13 15 18 22 -12 -8 -11 21 24 -16 -24 25 26 28 -28 -9 -21
right_child=-2 -3 4 -5 -6 7 8 20 9 19 17 12 -14 -15 16 -17 -18 -19 -20 29 -22 -23 23 -25 -26 -27 27 -29 -30 -31
leaf_value=0.0019551250416421713 -0.030920529221737155 0.00037453843378416213 -0.0062901380194888131 -0.0058710172414529966 -0.0026347685728863369 0.0019965459638206138 -0.024120499547579281 -0.010825747865151175 -0.052977051324298065 0.034599776082397331 0.008442629609665811 -0.00053700882792340893 -0.0057555828367248409 0.013165127255762271 0.00076263446243040873 -0.00021360989971237412 0.0018576511039758792 -0.00037041836607390086 0.0016281412069847894 -0.019587190780365551 0.002943800602829802 -0.0081721585109386444 -0.0056575857564848016 -0.0006986456853336425 -0.047470456898907498 0.030989083111021876 -0.023573194120873633 0.0010555579562946114 0.00071607157548615329 0.024459469018248071
leaf_weight=153 24 264 20 50 21 122 21 66 39 21 82 30 31 23 117 21 165 42 60 20 187 22 21 35 25 76 22 38 339 22
leaf_count=153 24 264 20 50 21 122 21 66 39 21 82 30 31 23 117 21 165 42 60 20 187 22 21 35 25 76 22 38 339 22
internal_value=-0.000185865 -0.000104408 -0.000393971 -0.000189189 -0.00963415 -5.55554e-05 -0.000758582 0.000652174 -0.0014 -0.00480392 -0.000864197 -0.00167939 -0.00690476 -0.00254717 -0.000681818 -0.00480392 0.00056213 0.00258065 -0.00240741 -0.00134921 9.67743e-05 -0.000612245 -0.00193642 -0.00571429 -0.000300353 9.24227e-06 -0.000806451 -0.005 -0.000185185 -0.00452381
internal_weight=2179 2155 1891 1850 41 1800 903 897 750 102 648 524 84 53 440 102 338 124 81 63 775 588 173 56 566 541 465 60 405 42
internal_count=2179 2155 1891 1850 41 1800 903 897 750 102 648 524 84 53 440 102 338 124 81 63 775 588 173 56 566 541 465 60 405 42
is_linear=0
shrinkage=0.1


Tree=88
num_leaves=31
num_cat=0
split_feature=1 4 4 5 4 5 4 4 4 4 5 4 2 3 3 2 4 2 4 4 4 4 5 5 5 5 2 5 4 4
split_gain=0.109045 0.186041 0.121524 0.12002 0.112464 0.293459 0.151112 0.111896 0.190189 0.0945124 0.0938943 0.39494 0.164979 0.10784 0.119937 0.159236 0.531463 0.114006 0.126305 0.160084 0.178922 0.158542 0.148897 0.112037 0.109974 0.112427 0.0910343 0.12221 0.110282 0.162406
threshold=1.0000000180025095e-35 8.4693291139919573 7.7773482055686145 8.0617085956632835 7.642826414045083 7.892862858404742 7.5271333396249132 7.708945046671082 8.299612320091212 8.1931745393710909 21.259973055752763 21.529968527620294 9.5000000000000018 1.0000000180025095e-35 2.5000000000000004 11.500000000000002 17.310031313710422 9.5000000000000018 17.601147357158535 16.93555025470063 14.918783562155456 17.96525010446366 14.295505232021354 20.878554373672518 14.998769083333334 17.571499862113807 9.5000000000000018 8.0375442920429609 15.185066504054875 17.140226403507743
decision_type=2 2 2 2 2 2 2 2 2 2 2 2 2 2 2 2 2 2 2 2 2 2 2 2 2 2 2 2 2 2
left_child=1 4 -2 -3 6 -6 -1 -7 -9 -4 11 13 -12 23 17 -16 -17 24 19 20 22 -20 -19 -5 -15 -26 27 -11 -29 -30
right_child=2 3 9 10 5 7 -8 8 -10 26 12 -13 -14 14 15 16 -18 18 21 -21 -22 -23 -24 -25 25 -27 -28 28 29 -31
leaf_value=-0.021079216213195071 0.0017968913674385211 0.019494720092729224 -0.0049154031284933822 0.0037827957961804014 -0.00017507991673685933 -0.00012833394126140438 0.0022835354021639525 0.018353490414836943 -0.0074862170479394093 -0.023486098011974627 -0.010169590446387482 -0.0024249738091355263 0.00049637303010005302 -0.001883928068191057 0.0014950471095501912 -0.0030793464297245525 0.0019007917665941607 -0.0011089810883143027 -0.0064101156606514512 0.056589129167897934 -0.028503543883047447 -0.0033255021661536808 0.07462423201905749 -0.009360798459028331 -0.0050716855372812779 -0.0036035041133301612 0.00037747435402962293 0.018289147417314477 -0.047828368095194168 -0.0025401548718094013
leaf_weight=22 122 39 28 108 24 21 72 28 25 22 30 20 118 30 188 42 56 32 33 45 29 36 36 20 20 21 705 74 28 105
leaf_count=22 122 39 28 108 24 21 72 28 25 22 30 20 118 30 188 42 56 32 33 45 29 36 36 20 20 21 705 74 28 105
internal_value=-0.000323543 -0.0010274 0.000387454 -0.000426356 -0.00385417 -0.00622449 -0.00138298 -0.00310811 -0.000660377 1.03951e-05 -0.000671296 -0.00114525 0.00162162 -0.000747126 -0.00133803 0.000104895 -0.00316327 -0.00280142 -0.00163507 7.04227e-05 -0.00221649 -0.00514493 0.000588235 0.001875 -0.00626761 -0.00963415 0.000182013 -0.00155022 -0.000797101 -0.0025188
internal_weight=2179 1095 1084 903 192 98 94 74 53 962 864 716 148 696 568 286 98 282 211 142 97 69 68 128 71 41 934 229 207 133
internal_count=2179 1095 1084 903 192 98 94 74 53 962 864 716 148 696 568 286 98 282 211 142 97 69 68 128 71 41 934 229 207 133
is_linear=0
shrinkage=0.1


Tree=89
num_leaves=31
num_cat=0
split_feature=2 5 3 5 5 5 4 4 5 5 4 4 3 2 4 5 4 4 5 5 5 4 5 2 5 5 3 4 0 4
split_gain=0.0964748 0.188213 0.195902 0.171832 0.2421 0.155437 0.129202 0.17313 0.127862 0.428724 0.206216 0.107293 0.103337 0.160053 0.102771 0.121509 0.0938592 0.108751 0.169328 0.152169 0.18172 0.0894444 0.196904 0.120057 0.108332 0.293025 0.107267 0.147516 0.121385 0.0914141
threshold=9.5000000000000018 7.9247216457491492 3.5000000000000004 20.974502233146222 21.078610070338364 22.504633485025305 17.875017990643311 17.511520969895141 21.02653307450333 20.979587577119343 20.557721304179804 17.140226403507743 1.5000000000000002 11.500000000000002 14.783523387612599 15.170489740093009 14.260145221225788 9.8499136962305673 8.1267633984212129 8.0117185127893737 8.0375442920429609 15.135349400712927 15.20384769730274 11.500000000000002 14.998769083333334 14.802116892745781 3.5000000000000004 17.89238636172653 1.5000000000000002 17.242504474963919
decision_type=2 2 2 2 2 2 2 2 2 2 2 2 2 2 2 2 2 2 2 2 2 2 2 2 2 2 2 2 2 2
left_child=3 2 -2 6 -5 -6 7 11 9 10 21 14 -12 -14 16 -16 17 18 19 -1 -21 22 24 -23 25 -3 27 29 -29 -25
right_child=1 8 -4 4 5 -7 -8 -9 -10 -11 12 -13 13 -15 15 -17 -18 -19 -20 20 -22 23 -24 26 -26 -27 -28 28 -30 -31
leaf_value=0.0017189060115528978 -0.00017391126935365874 0.00013362584131257815 -0.00015757192506317733 -0.024800339835097138 0.084350842133928294 -0.020714049545688885 0.021995184750228637 -0.024982096567980755 0.00031885275230409256 -0.0041569859113691782 0.034619681994019623 0.018275711221036415 -0.015380162921174084 0.045610541051554536 -0.016765692257957866 0.022502423874634563 0.21626034011376805 -0.0043769845764569546 0.014476305154745654 -0.022352355082225436 0.00047719871738296794 0.0017108927645072731 -0.0052088679227734573 -0.00019615331698775285 0.049628038680736127 -0.043348078647182021 -0.0015212398910116652 0.0032769391021381655 -0.017404110738762479 0.031597475790377159
leaf_weight=99 92 393 24 20 35 32 39 41 279 21 23 34 21 27 62 29 34 38 56 23 34 295 20 68 74 25 57 23 20 141
leaf_count=99 92 393 24 20 35 32 39 41 279 21 23 34 21 27 62 29 34 38 56 23 34 295 20 68 74 25 57 23 20 141
internal_value=-0.000139972 0.00025889 -0.00362069 -0.00125 -0.00534483 -0.00246269 -0.000521472 -0.001 0.000561533 0.000115894 0.00036647 -0.000378973 -0.00485915 -0.0075 -0.000866667 -0.00379121 7.04227e-05 -0.0006 0.000283019 -0.00141026 -0.00552632 0.000698925 -0.000273437 0.00152318 0.000121951 -0.000502392 0.000145631 0.00103175 -0.00430233 0.00212919
internal_weight=2179 1603 116 576 87 67 489 450 1487 1208 1187 409 71 48 375 91 284 250 212 156 57 1116 512 604 492 418 309 252 43 209
internal_count=2179 1603 116 576 87 67 489 450 1487 1208 1187 409 71 48 375 91 284 250 212 156 57 1116 512 604 492 418 309 252 43 209
is_linear=0
shrinkage=0.1


Tree=90
num_leaves=31
num_cat=0
split_feature=2 5 5 5 3 5 4 5 2 5 4 5 4 1 5 5 4 5 4 2 4 5 5 5 4 5 3 5 4 5
split_gain=0.136337 0.245753 0.187888 0.182209 0.195902 0.13693 0.361933 0.12242 0.224224 0.432143 0.116026 0.164188 0.106232 0.152754 0.206424 0.150966 0.138889 0.110485 0.292971 0.104684 0.10214 0.103081 0.131105 0.159388 0.101276 0.153906 0.183645 0.165289 0.11952 0.143678
threshold=9.5000000000000018 20.974502233146222 21.078610070338364 7.9247216457491492 3.5000000000000004 21.02653307450333 21.477533529154652 18.638511431250006 12.500000000000002 20.893804697879254 17.933972198847581 17.63673691248847 17.429793706412756 1.0000000180025095e-35 17.576046361396525 8.266594988470322 13.695659204184041 15.19401613661365 15.639749131236607 10.500000000000002 17.601147357158535 17.493769080412463 15.166099065152888 14.998769083333334 8.607923580547185 14.143805923565823 3.5000000000000004 14.998769083333334 8.299612320091212 8.0453506965418171
decision_type=2 2 2 2 2 2 2 2 2 2 2 2 2 2 2 2 2 2 2 2 2 2 2 2 2 2 2 2 2 2
left_child=1 10 -3 4 -2 6 7 12 -9 -10 11 20 13 14 24 -15 19 -18 -19 -17 21 22 23 -1 28 -26 27 -27 29 -5
right_child=3 2 -4 5 -6 -7 -8 8 9 -11 -12 -13 -14 15 -16 16 17 18 -20 -21 -22 -23 -24 -25 25 26 -28 -29 -30 -31
leaf_value=-0.00026499537600522947 -0.0001565201424183077 -0.022320305851587365 -0.0086135590898984895 0.0055292975134460564 -0.00014181473255682798 0.00028696747707365592 -0.0035335936586255584 0.000822912373253653 -0.052959838376504975 0.18933720680390165 0.026616138402622815 -0.044436959772304274 0.0021390558729158728 0.016164679572561593 -0.014150624698902815 0.0032218132521198706 0.011395460441442407 -0.025166100492868056 0.01149569027499096 -0.0038362127769052084 0.0093726162567966346 -0.019206015739763584 0.032466643325013735 -0.002908089400996506 0.0023652071353382938 -0.020074313306138142 -0.0035415458376379795 0.0013860408315038905 -0.002065951056299239 -0.00016721211246242145
leaf_weight=306 92 20 67 25 24 279 23 70 21 24 33 20 264 90 27 34 154 26 90 20 29 24 36 41 54 55 42 121 39 29
leaf_count=306 92 20 67 25 24 279 23 70 21 24 33 20 264 90 27 34 154 26 90 20 29 24 36 41 54 55 42 121 39 29
internal_value=-0.00027765 -0.00159722 -0.00649425 0.000196507 -0.00362069 0.000494284 3.31127e-05 0.000274262 -0.00282609 -0.00833333 -0.000725971 -0.00114035 0.000607477 3.7221e-05 -0.00137755 0.00137681 0.00037037 0.0012963 -0.00103448 -0.00425926 -0.000733945 -0.00114251 -0.000744125 -0.00134006 -0.000753425 0.000220588 -0.000963303 0.000454546 -0.00360215 -0.000555555
internal_weight=2179 576 87 1603 116 1487 1208 1185 115 45 489 456 1070 806 392 414 324 270 116 54 436 407 383 347 365 272 218 176 93 54
internal_count=2179 576 87 1603 116 1487 1208 1185 115 45 489 456 1070 806 392 414 324 270 116 54 436 407 383 347 365 272 218 176 93 54
is_linear=0
shrinkage=0.1


Tree=91
num_leaves=31
num_cat=0
split_feature=5 5 2 5 3 5 3 4 2 1 5 5 3 5 4 4 4 5 4 4 4 4 4 5 4 5 4 4 2 5
split_gain=0.1689 0.20617 0.134894 0.198153 0.155243 0.208581 0.124958 0.149569 0.179836 0.111053 0.320708 0.247057 0.363636 0.138985 0.114422 0.0998435 0.17779 0.101418 0.0998464 0.0913967 0.148904 0.0824383 0.143733 0.0779433 0.284565 0.0701788 0.0940147 0.0667929 0.0657379 0.101933
threshold=15.210723955843749 15.19401613661365 9.5000000000000018 20.974502233146222 3.5000000000000004 22.504633485025305 1.5000000000000002 15.639749131236607 10.500000000000002 1.0000000180025095e-35 15.162769526965944 7.892862858404742 3.5000000000000004 15.110329821683846 7.5455300337280562 8.3772114634455885 8.5690989285158068 8.266594988470322 7.5336329078013495 7.567321002717593 8.2114772452009444 17.875017990643311 17.511520969895141 21.212653007751378 21.529968527620294 14.998769083333334 8.5096759620854154 7.642826414045083 9.5000000000000018 12.986649338157896
decision_type=2 2 2 2 2 2 2 2 2 2 2 2 2 2 2 2 2 2 2 2 2 2 2 2 2 2 2 2 2 2
left_child=1 6 3 21 5 -5 19 9 -9 10 11 12 -8 15 -13 17 -17 18 -11 -1 27 22 -2 24 -4 26 -22 -21 29 -18
right_child=2 -3 23 4 -6 -7 7 8 -10 13 -12 14 -14 -15 -16 16 28 -19 -20 20 25 -23 -24 -25 -26 -27 -28 -29 -30 -31
leaf_value=0.003323955176972794 0.015008690954237867 -0.021038950416040657 0.00091298535996022889 0.084409124844116057 -0.025140953814092148 -0.021817282124630674 0.0027002939137594786 -0.0013109912868922774 0.0085907254600821829 0.00049964212215966759 -0.035909700301156748 -0.015770827373752676 -0.0059636488022114997 0.10028656631426752 0.00045718165360602377 -0.014485165655083074 0.013562128538737814 -0.0041599395656785011 0.01062310512707848 -0.0079389032463856712 0.043335262747394396 0.014772104888840421 -0.022462802046404509 0.00026449413636894716 -0.0029684361806880475 0.023725006611722929 -0.00034665876488512796 -0.00025193722991544192 0.00065236287030295207 -0.021364866588424833
leaf_weight=41 48 27 604 36 23 28 22 21 29 28 28 25 22 47 245 27 22 20 65 36 37 35 39 222 28 41 161 44 107 21
leaf_count=41 48 27 604 36 23 28 22 21 29 28 28 25 22 47 245 27 22 20 65 36 37 35 39 222 28 41 161 44 107 21
internal_value=-0.000323543 -0.0011828 0.000578551 -0.00169856 -0.00534483 -0.0028125 -0.000968779 -0.00172154 -0.007 -0.00133284 -0.00260234 -0.0016879 -0.00863636 -4.45103e-05 -0.000555555 -0.000862069 -0.00234463 0.00146018 0.00284946 0.000555556 -1.56739e-05 0.000901639 -0.000747126 0.00113583 0.00056962 0.00123431 0.000454546 -0.00375 -0.001 -0.00430233
internal_weight=2179 1116 1063 209 87 64 1089 729 50 679 342 314 44 337 270 290 177 113 93 360 319 122 87 854 632 239 198 80 150 43
internal_count=2179 1116 1063 209 87 64 1089 729 50 679 342 314 44 337 270 290 177 113 93 360 319 122 87 854 632 239 198 80 150 43
is_linear=0
shrinkage=0.1


Tree=92
num_leaves=31
num_cat=0
split_feature=5 4 3 2 5 5 2 5 5 3 5 5 4 2 4 4 3 3 4 5 5 5 5 5 2 5 2 5 1 3
split_gain=0.137631 0.145108 0.126613 0.217742 0.172577 0.0979132 0.0924695 0.247042 0.192885 0.263736 0.0911756 0.151861 0.0847305 0.0962889 0.0845415 0.173041 0.165189 0.0772532 0.132559 0.238804 0.10836 0.10585 0.08 0.0688701 0.140922 0.0720134 0.271943 0.0986001 0.0766667 0.0753646
threshold=15.126585997403495 14.918783562155456 3.5000000000000004 11.500000000000002 14.959953975510109 15.162769526965944 9.5000000000000018 21.02653307450333 21.86037211941829 2.5000000000000004 6.971679083333334 7.8232979756925483 14.841387767811309 11.500000000000002 14.941317499487722 15.586667211208335 2.5000000000000004 1.0000000180025095e-35 7.5945032521064393 8.1452772889218128 14.398914561941007 14.222920799477965 14.253765037747586 8.0117185127893737 10.500000000000002 8.0481058993500412 9.5000000000000018 8.0617085956632835 1.0000000180025095e-35 3.5000000000000004
decision_type=2 2 2 2 2 2 2 2 2 2 2 2 2 2 2 2 2 2 2 2 2 2 2 2 2 2 2 2 2 2
left_child=1 10 3 4 -3 -2 7 -7 -9 -10 -1 -12 13 17 -8 16 -16 18 -13 -20 21 23 -21 24 -19 26 -25 -27 -28 -29
right_child=5 2 -4 -5 -6 6 14 8 9 -11 11 12 -14 -15 15 -17 -18 20 19 22 -22 -23 -24 25 -26 27 28 29 -30 -31
leaf_value=0.0025804901210124166 0.024542819962750272 -0.0011798913385072719 -0.0011105963630520525 0.25393874691940171 -0.017499589578187889 0.0013602387179717991 0.0037081534836599984 -0.028148631432049338 -0.01963555391216763 0.13266006818992843 -0.0062401713080358131 0.010105950907781861 0.057015645758906809 -0.00036933189521987802 -0.03441979603085376 0.00020251621519937896 0.23451775407718417 0.0012372275601279612 -0.0050703016352583834 0.047719675505880833 -0.031671912966499072 0.026008305686783084 -0.014698061976304017 -0.01864210347089405 -0.0065741434574630919 0.011390774235920834 -3.5336415048126037e-05 -0.0011296251448884367 0.094247366809144972 0.02969329583896704
leaf_weight=32 54 61 27 31 32 154 52 21 28 24 22 20 30 39 26 841 25 127 51 25 28 51 25 23 34 36 25 165 23 47
leaf_count=32 54 61 27 31 32 154 52 21 28 24 22 20 30 39 26 841 25 127 51 25 28 51 25 23 34 36 25 165 23 47
internal_value=0.000135383 -0.000765199 -0.00360927 -0.00225806 -0.00467742 0.000836735 0.000644748 -0.0011674 -0.0059589 -0.00269231 -0.000230386 -0.000447471 -0.000206942 -0.0004242 0.00108051 0.000852018 -0.00480392 -0.000147059 -0.00243802 -0.00391089 0.000348837 0.00066855 0.001 0.000208333 0.00189441 -0.000642633 -0.0034507 0.00016129 0.000833333 -0.000660377
internal_weight=2179 954 151 124 93 1225 1171 227 73 52 803 771 749 719 944 892 51 680 121 101 559 531 50 480 161 319 71 248 48 212
internal_count=2179 954 151 124 93 1225 1171 227 73 52 803 771 749 719 944 892 51 680 121 101 559 531 50 480 161 319 71 248 48 212
is_linear=0
shrinkage=0.1


Tree=93
num_leaves=31
num_cat=0
split_feature=4 5 5 5 2 4 5 4 4 2 0 5 2 5 4 4 4 5 5 5 5 4 3 4 4 4 2 4 5 5
split_gain=0.13978 0.125816 0.193412 0.1875 0.36526 0.224026 0.113426 0.109489 0.164901 0.10576 0.0957917 0.177113 0.0934615 0.089163 0.0635405 0.060568 0.124084 0.138292 0.2012 0.181569 0.285375 0.198381 0.0996793 0.101652 0.164956 0.102601 0.144764 0.272801 0.0775635 0.268451
threshold=23.985109855014674 15.058472634422651 14.087792683096522 14.295505232021354 10.500000000000002 14.395895892965571 14.86880307100037 14.941317499487722 15.260070326109242 10.500000000000002 1.5000000000000002 9.0771972839285748 9.5000000000000018 6.971679083333334 7.524564635189992 22.730197376018268 21.107402369817674 22.214540239447736 21.690618779787187 21.152617504822917 20.931965772701261 21.529968527620294 2.5000000000000004 17.89238636172653 20.604012224128997 17.754344416624125 10.500000000000002 17.601147357158535 17.493769080412463 17.627209889465359
decision_type=2 2 2 2 2 2 2 2 2 2 2 2 2 2 2 2 2 2 2 2 2 2 2 2 2 2 2 2 2 2
left_child=1 2 10 4 5 -4 9 -3 -9 12 11 13 -5 -1 -15 16 22 18 19 20 -18 -22 23 25 -25 26 28 -28 -10 -30
right_child=-2 7 3 6 -6 -7 -8 8 15 -11 -12 -13 -14 14 -16 -17 17 -19 -20 -21 21 -23 -24 24 -26 -27 27 -29 29 -31
leaf_value=0.0023524862286369696 -0.0033769592802334785 0.0033565237187875609 0.11616311049222477 0.012269852985996005 -0.01225558652296894 -0.0053400971347406477 -0.016643011726432243 -0.02678373345835143 0.00098128462147451206 0.040673637707206646 0.0015781494983886941 -0.0010852460287621528 -0.016602828177188524 -0.011923996775836996 0.00018064109609452025 0.0012043136372533051 0.034615274091430656 0.00019467617193078256 -0.020403587147164504 0.00032022567553095316 -0.00063315095889909735 -0.019778160039574121 0.0015498687438008983 -0.014124435846205119 0.043523591046806233 0.025753510487273146 0.0060725689454787998 -0.0089060544166299476 -0.018453029461880831 0.015102207482168279
leaf_weight=34 24 100 23 26 28 21 36 36 58 58 125 43 24 31 460 71 46 52 34 36 38 26 350 99 25 56 149 23 21 26
leaf_count=34 24 100 23 26 28 21 36 36 58 58 125 43 24 31 460 71 46 52 34 36 38 26 350 99 25 56 149 23 21 26
internal_value=8.94907e-05 0.000174014 -0.000720572 -0.00333333 -0.0075 -0.00181818 -0.00125 0.000826645 0.000549738 0.00037037 9.37952e-05 -0.000457746 -0.003 4.76192e-05 -0.000295316 0.000765766 0.000572666 -0.00146552 -0.00277778 -0.00116438 -0.00318182 -0.0075 0.00115861 0.000185996 -0.00225806 0.0010961 0.000306859 0.00209302 -0.00261905 -0.0056383
internal_weight=2179 2155 909 216 72 44 144 1246 1146 108 693 568 50 525 491 1110 1039 232 180 146 110 64 807 457 124 333 277 172 105 47
internal_count=2179 2155 909 216 72 44 144 1246 1146 108 693 568 50 525 491 1110 1039 232 180 146 110 64 807 457 124 333 277 172 105 47
is_linear=0
shrinkage=0.1


Tree=94
num_leaves=31
num_cat=0
split_feature=5 5 2 2 3 4 4 5 5 5 4 2 4 5 4 4 4 3 5 2 4 4 4 4 1 1 5 5 5 4
split_gain=0.115328 0.165926 0.110891 0.244124 0.329221 0.11051 0.22792 0.100682 0.107869 0.152304 0.100948 0.0950981 0.0812734 0.0774229 0.0731896 0.119651 0.214367 0.0889976 0.211519 0.165909 0.121385 0.105751 0.201313 0.105022 0.0833333 0.0793879 0.314197 0.153236 0.1 0.0731063
threshold=14.998769083333334 8.0117185127893737 12.500000000000002 11.500000000000002 2.5000000000000004 14.777419602684107 14.941317499487722 14.446201138224959 14.189406503425344 12.738824625000001 14.213089934255503 10.500000000000002 14.892933536760028 8.0268590620283824 23.464738718929173 21.683549492847032 21.529968527620294 2.5000000000000004 20.878554373672518 13.500000000000002 17.771869190887575 17.914117039176382 17.835895765845667 15.260070326109242 1.0000000180025095e-35 1.0000000180025095e-35 21.062575191229161 21.152617504822917 21.944493206003902 17.754344416624125
decision_type=2 2 2 2 2 2 2 2 2 2 2 2 2 2 2 2 2 2 2 2 2 2 2 2 2 2 2 2 2 2
left_child=1 -1 3 5 -5 7 -7 8 9 11 -10 13 -2 -3 15 16 17 18 21 23 -21 22 29 -19 -16 26 -20 -27 -28 -14
right_child=12 2 -4 4 -6 6 -8 -9 10 -11 -12 -13 14 -15 24 -17 -18 19 25 20 -22 -23 -24 -25 -26 27 28 -29 -30 -31
leaf_value=0.00033809537735209299 0.0030232697059690179 -0.014632907920280283 0.066027780185190996 0.0035580838363460801 -0.0018017297136396786 -0.030311571689098229 -0.00066916197771027725 0.10354751732569555 0.026930102977955828 0.036577434080602454 -0.0066784001352170001 0.0029278694613060264 0.00086964110577997722 -0.00048678774636655344 0.00045648441641035851 0.00029363635649764987 -0.012244735801930038 -0.003150632592648825 -0.014286481080931843 -0.0015732304136025618 0.0074277029648704201 0.023216453756479245 -0.0048336538400159321 0.001533039654033023 -0.0030881290777681797 0.14306022286429618 0.031292663194392216 -0.004140989119958409 -0.013077547282569855 0.073238002710178662
leaf_weight=270 81 24 24 20 22 30 78 29 35 46 38 69 297 215 24 132 31 39 33 20 23 53 21 359 24 41 20 24 20 37
leaf_count=270 81 24 24 20 22 30 78 29 35 46 38 69 297 215 24 132 31 39 33 20 23 53 21 359 24 41 20 24 20 37
internal_value=8.94907e-05 -0.000777778 -0.00166667 -0.00193069 -0.00928571 -0.00138298 -0.00425926 -0.000701754 -0.00108899 -0.000367232 -0.00458904 -0.00116883 0.000699766 -0.00211297 0.000492488 0.000652174 0.000284872 0.000542047 -0.000311355 0.00159864 -0.00430233 0.000833333 0.000211268 0.00223618 -0.00333333 -0.00369565 -0.0059589 -0.00115385 1.30385e-10 0.000808383
internal_weight=2179 900 630 606 42 564 108 456 427 354 73 308 1279 239 1198 1150 1018 987 546 441 43 408 355 398 48 138 73 65 40 334
internal_count=2179 900 630 606 42 564 108 456 427 354 73 308 1279 239 1198 1150 1018 987 546 441 43 408 355 398 48 138 73 65 40 334
is_linear=0
shrinkage=0.1


Tree=95
num_leaves=31
num_cat=0
split_feature=5 5 2 2 4 3 4 5 4 2 4 4 4 3 5 4 5 4 4 2 1 4 4 1 4 4 5 3 5 4
split_gain=0.148953 0.159413 0.117198 0.124342 0.0985221 0.116777 0.0852562 0.210703 0.170591 0.157116 0.105955 0.0863135 0.0866139 0.0950033 0.121378 0.195377 0.347793 0.10724 0.214834 0.0836406 0.0748936 0.0699299 0.13633 0.0771605 0.0848527 0.107561 0.102029 0.0679012 0.0816464 0.0616126
threshold=14.998769083333334 8.0617085956632835 12.500000000000002 11.500000000000002 14.941317499487722 2.5000000000000004 21.635349459375078 20.931965772701261 21.348920651109825 13.500000000000002 23.985109855014674 20.624615056151168 17.89238636172653 1.0000000180025095e-35 17.618873908715656 16.773250739507059 15.19401613661365 17.552424590187645 17.712927001579462 11.500000000000002 1.0000000180025095e-35 8.5690989285158068 8.5096759620854154 1.0000000180025095e-35 7.6810434633312257 7.6042107187853585 7.9458928629981891 2.5000000000000004 7.9021217764796656 18.069952351527501
decision_type=2 2 2 2 2 2 2 2 2 2 2 2 2 2 2 2 2 2 2 2 2 2 2 2 2 2 2 2 2 2
left_child=1 21 3 -3 -2 6 7 11 9 19 -8 12 13 -6 15 16 20 -17 -19 -9 -15 22 23 24 25 -1 -26 28 -25 -14
right_child=4 2 -4 -5 5 -7 10 8 -10 -11 -12 -13 29 14 -16 17 -18 18 -20 -21 -22 -23 -24 27 26 -27 -28 -29 -30 -31
leaf_value=-0.0023895598201794195 0.0027209427765910337 -0.0011447423974066482 0.059425002166671882 -0.001141359660632301 0.0026163181310693432 0.0007099000858269113 0.00025633616127377317 -0.013096433069033325 -0.027753309332103477 0.090833749778425982 -0.0029633512973396368 0.041811126320227092 -0.0038749865151013058 -0.00072868489964265492 -0.004066747075964861 0.043174914979714901 -0.02488175194319343 -0.015863703260367297 0.0026304998394820677 -0.011598628880555253 0.023471437373262495 0.038864607279253859 -0.0032408904668618081 -0.0011432672120406382 0.00029313521811639677 -0.00036618439547263454 -0.0011164437468003344 0.00062244347128776291 0.0031556581608205986 0.010170368592834276
leaf_weight=71 101 449 24 40 104 514 91 42 32 23 23 37 24 25 37 79 20 23 28 20 22 37 26 39 44 22 25 66 57 34
leaf_count=71 101 449 24 40 104 514 91 42 32 23 23 37 24 25 37 79 20 23 28 20 22 37 26 39 44 22 25 66 57 34
internal_value=0.000318954 -0.000666667 -0.00182261 -0.00215746 0.00101251 0.000755518 -0.000120482 -0.000636363 -0.00440171 -0.00205882 0.00236842 0.000381062 -5.05049e-05 0.00056213 -0.000555555 0.000431472 -0.00395522 0.00269231 -0.000882353 -0.00467742 0.000744681 0.000865633 0.000428572 0.000987654 -0.000555555 -0.00252688 0.00210145 0.00253086 0.000833333 -0.00362069
internal_weight=2179 900 513 489 1279 1178 664 550 117 85 114 433 396 338 234 197 67 130 51 62 47 387 350 324 162 93 69 162 96 58
internal_count=2179 900 513 489 1279 1178 664 550 117 85 114 433 396 338 234 197 67 130 51 62 47 387 350 324 162 93 69 162 96 58
is_linear=0
shrinkage=0.1


Tree=96
num_leaves=31
num_cat=0
split_feature=5 5 5 2 2 4 4 1 5 5 5 3 4 4 3 5 5 5 2 2 3 5 4 4 5 5 4 4 4 1
split_gain=0.143182 0.168634 0.13024 0.117198 0.124342 0.0789443 0.125378 0.111111 0.146634 0.176626 0.111289 0.123355 0.0692804 0.0902563 0.136781 0.192682 0.19831 0.0827982 0.0783673 0.0718547 0.0679012 0.0816464 0.065645 0.180211 0.0624259 0.140534 0.351086 0.0673212 0.0775893 0.0687746
threshold=26.086796741666671 14.998769083333334 8.0617085956632835 12.500000000000002 11.500000000000002 8.5690989285158068 8.5096759620854154 1.0000000180025095e-35 7.8425892638526928 7.9176211293395982 7.9612264240396424 1.5000000000000002 21.635349459375078 20.300198138332426 2.5000000000000004 20.878554373672518 20.974502233146222 21.152617504822917 10.500000000000002 10.500000000000002 2.5000000000000004 7.9021217764796656 17.96525010446366 17.89238636172653 17.64390513419611 17.618873908715656 17.743853269577695 17.698233879917414 17.552424590187645 1.0000000180025095e-35
decision_type=2 2 2 2 2 2 2 2 2 2 2 2 2 2 2 2 2 2 2 2 2 2 2 2 2 2 2 2 2 2
left_child=1 2 5 4 -4 6 7 8 -1 -10 -11 -12 13 22 15 -15 -17 18 -18 -16 21 -9 23 24 25 27 -27 28 29 -3
right_child=-2 12 3 -5 -6 -7 -8 20 9 10 11 -13 -14 14 19 16 17 -19 -20 -21 -22 -23 -24 -25 -26 26 -28 -29 -30 -31
leaf_value=-0.0046578552512518958 -0.018632637718478912 2.9989013999285167e-05 -0.0010302681576659788 0.05348250195000475 -0.0010272236945690564 0.034978146551328478 -0.0029168014201756149 -0.0010289404908365549 0.0027186299442063483 -0.0071690921585898411 -0.0017041782990728878 0.022453444334017483 0.00023981267319327844 0.099415507643244527 -0.00011458576103858044 -0.026242841561560523 -0.01015067180761218 -0.0034599274567989249 0.085956429528210934 0.0036156505016304735 0.0005601991241589592 0.0028400923447385457 0.061992333854013662 -0.0034874878635912628 0.0031126856691496476 0.025617934715587987 -0.0051541072841077736 0.0058222775181012518 -0.009291408319450337 0.010530180648240774
leaf_weight=33 24 222 449 24 40 37 26 39 50 22 32 25 183 26 47 39 25 39 24 73 66 57 44 24 86 36 21 92 35 239
leaf_count=33 24 222 449 24 40 37 26 39 50 22 32 25 183 26 47 39 25 39 24 73 66 57 44 24 86 36 21 92 35 239
internal_value=0.000181276 0.000266821 -0.000777778 -0.00182261 -0.00215746 0.000607235 0.000142857 0.000679012 -0.00117284 0.000348837 -0.00259494 -0.000263158 0.00101594 0.000708955 -0.000860806 -0.00284314 -0.00444882 -0.00181818 0.000918367 0.00166667 0.00253086 0.000833333 0.00124531 0.00102649 0.00130643 0.000968992 -0.00377193 0.00142857 0.000967742 0.00131236
internal_weight=2179 2155 900 513 489 387 350 324 162 129 79 57 1255 1072 273 153 127 88 49 120 162 96 799 755 731 645 57 588 496 461
internal_count=2179 2155 900 513 489 387 350 324 162 129 79 57 1255 1072 273 153 127 88 49 120 162 96 799 755 731 645 57 588 496 461
is_linear=0
shrinkage=0.1


Tree=97
num_leaves=31
num_cat=0
split_feature=5 5 5 5 5 4 4 1 2 5 4 5 2 4 5 4 5 3 5 4 4 3 5 4 4 3 5 5 2 2
split_gain=0.141476 0.172368 0.13282 0.0922519 0.108928 0.0931229 0.119501 0.114219 0.111043 0.107777 0.0870467 0.187142 0.154664 0.0879385 0.152751 0.216234 0.156701 0.123977 0.123116 0.242904 0.326106 0.120583 0.0993582 0.12817 0.197566 0.0758194 0.0727596 0.111104 0.318287 0.103079
threshold=26.086796741666671 21.259973055752763 21.152617504822917 6.971679083333334 15.126585997403495 7.671673155046471 7.5298902957288769 1.0000000180025095e-35 12.500000000000002 7.871227706840048 15.313328635561378 14.087792683096522 10.500000000000002 14.841387767811309 14.398914561941007 14.625589844292268 14.295505232021354 3.5000000000000004 14.189406503425344 12.024656452076721 9.8499136962305673 1.0000000180025095e-35 8.0617085956632835 8.6520765594719169 8.3772114634455885 1.5000000000000002 17.37220656832211 17.442991135068166 11.500000000000002 11.500000000000002
decision_type=2 2 2 2 2 2 2 2 2 2 2 2 2 2 2 2 2 2 2 2 2 2 2 2 2 2 2 2 2 2
left_child=1 2 3 -1 5 6 7 -5 10 -8 13 12 -12 14 16 -16 17 18 19 20 21 -7 25 24 -24 -23 -6 28 -28 -29
right_child=-2 -3 -4 4 26 8 9 -9 -10 -11 11 -13 -14 -15 15 -17 -18 -19 -20 -21 -22 22 23 -25 -26 -27 27 29 -30 -31
leaf_value=0.0028182146949069604 -0.016769373946631 0.00028912778398102254 -0.0020227003451505489 -0.015238562673951461 0.0021270638817970783 -0.003387358220689092 -0.0041446008925820127 0.014052334534294698 0.048232772040365204 0.00062225301765064323 -0.00058536809950569455 -0.0013889445126783351 0.14883081540932627 0.00095347724073660425 -0.017215664385398257 -0.0059740050910932208 0.036841381596308891 0.0021108213940807573 -0.012644452034415095 0.21110501464515738 -0.0033112761304946088 0.046833032018253735 0.034251981035013888 0.0054285798752954639 -0.012115118328606548 0.0001580750595316662 0.041298136761003357 -0.00026039071928706187 -0.0036506524722485288 0.0013474808301280848
leaf_weight=36 24 256 24 22 270 54 22 26 26 131 26 23 21 89 20 41 38 89 29 43 27 36 23 31 30 71 22 334 32 263
leaf_count=36 24 256 24 22 270 54 22 26 26 131 26 23 21 89 20 41 38 89 29 43 27 36 23 31 30 71 22 334 32 263
internal_value=0.000135383 0.000220418 -0.000107951 -1.33332e-05 -0.000111473 -0.000882353 0.0010199 -0.00333333 -0.00141562 0.00238562 -0.00165702 -0.005 -0.00138298 -0.00128019 -0.00176692 -0.00647541 -0.00115711 -0.00169746 -0.00255814 -0.00198413 -0.00308824 -0.00193878 -0.000759162 -0.00333333 -0.00632075 0.00126168 0.000656895 8.44855e-05 -0.00425926 0.000477387
internal_weight=2179 2155 1899 1875 1839 918 201 48 717 153 691 70 47 621 532 61 471 433 344 315 272 245 191 84 53 107 921 651 54 597
internal_count=2179 2155 1899 1875 1839 918 201 48 717 153 691 70 47 621 532 61 471 433 344 315 272 245 191 84 53 107 921 651 54 597
is_linear=0
shrinkage=0.1


Tree=98
num_leaves=31
num_cat=0
split_feature=5 0 4 4 5 2 5 3 4 1 4 2 3 5 4 5 2 5 4 5 4 4 5 4 4 1 3 5 5 5
split_gain=0.138095 0.134209 0.273588 0.131247 0.0867273 0.0853937 0.0830594 0.126958 0.0897988 0.20573 0.188402 0.155172 0.098101 0.126607 0.0821209 0.0977564 0.137821 0.157051 0.0810681 0.0745709 0.114997 0.113552 0.0719712 0.0703633 0.0912432 0.0846242 0.197754 0.0969081 0.174292 0.0864379
threshold=26.086796741666671 2.5000000000000004 12.024656452076721 7.5298902957288769 15.224717662186597 14.500000000000002 15.198433253443772 2.5000000000000004 14.955590939810294 1.0000000180025095e-35 14.596612629036514 10.500000000000002 3.5000000000000004 15.102210413520472 15.313328635561378 14.998769083333334 9.5000000000000018 14.189406503425344 14.502389119893476 23.350410339097227 22.118945477197524 22.730197376018268 22.271507956790128 21.635349459375078 20.491858216648414 1.0000000180025095e-35 1.5000000000000002 20.987906254051993 20.878554373672518 20.997856197281042
decision_type=2 2 2 2 2 2 2 2 2 2 2 2 2 2 2 2 2 2 2 2 2 2 2 2 2 2 2 2 2 2
left_child=1 3 -3 -1 6 19 7 14 9 10 -9 -11 13 -10 15 16 -4 -18 -19 20 23 -22 -23 24 -5 27 -27 28 -26 -28
right_child=-2 2 4 5 -6 -7 -8 8 12 11 -12 -13 -14 -15 -16 -17 17 18 -20 -21 21 22 -24 -25 25 26 29 -29 -30 -31
leaf_value=-0.0020309972874022753 -0.015092436551967911 -0.0021816632767118769 0.088063667987704763 0.00028504076926090223 0.0061264195174573098 0.00066646338591977113 -0.015537641507488299 -0.0015531472049912641 0.11235097739490774 -0.0023316663172140463 -0.037311053940400497 0.046932322738475363 0.044451593505752451 -0.0027465016959906767 -0.00051226196192863328 0.055727992705269506 0.14842765867392024 -0.017195810879754438 -0.018445045879611911 0.055060312865071126 -0.00055075587773419175 0.16209044487179169 -1.2801659691996649e-05 0.00073537286264938441 0.1291227877252433 -0.018028711225989265 -0.00024779209457125593 0.0011848085223493709 -0.015638849924694311 0.014144612250654862
leaf_weight=54 24 24 43 1103 25 46 26 27 26 29 32 29 48 21 51 61 26 21 57 38 43 20 41 38 20 25 45 62 34 40
leaf_count=54 24 24 43 1103 25 46 26 27 26 29 32 29 48 21 51 61 26 21 57 38 43 20 41 38 20 25 45 62 34 40
internal_value=4.35981e-05 0.00012761 -0.00122711 0.000587321 -0.000747126 0.000755627 -0.00103622 -0.000732484 -0.00254717 -0.00440171 -0.00855932 -0.000172414 -0.000263158 -0.00351064 0.000752896 0.00163462 0.000238095 -0.00173077 -0.00397436 0.000626243 0.000513256 -0.00269231 8.19673e-05 0.000757133 0.000635817 -0.00119469 -0.00318182 0.000689655 -0.00240741 -0.000882353
internal_weight=2179 2155 546 1609 522 1555 497 471 212 117 59 58 95 47 259 208 147 104 78 1509 1471 104 61 1367 1329 226 110 116 54 85
internal_count=2179 2155 546 1609 522 1555 497 471 212 117 59 58 95 47 259 208 147 104 78 1509 1471 104 61 1367 1329 226 110 116 54 85
is_linear=0
shrinkage=0.1


Tree=99
num_leaves=31
num_cat=0
split_feature=0 4 5 2 5 4 2 2 5 5 5 4 4 5 5 4 4 4 5 3 5 5 5 5 5 2 4 2 4 5
split_gain=0.159339 0.270835 0.182163 0.154688 0.132172 0.129921 0.164192 0.155728 0.108669 0.11875 0.122996 0.227266 0.3025 0.178291 0.214242 0.0800081 0.113801 0.0883275 0.0789141 0.075287 0.0741868 0.186823 0.177881 0.0727007 0.282587 0.15126 0.184874 0.127225 0.105955 0.181086
threshold=2.5000000000000004 12.780793317207225 26.086796741666671 10.500000000000002 15.210723955843749 15.556599819641656 10.500000000000002 11.500000000000002 15.185917163070986 14.189406503425344 14.484568824501453 14.777419602684107 14.841387767811309 14.328612195064473 14.276915014741986 7.5298902957288769 7.567321002717593 7.5127073120549435 15.102210413520472 2.5000000000000004 17.37220656832211 7.9612264240396424 17.421147835318543 7.9897162130585526 8.0481058993500412 9.5000000000000018 8.2761024944505959 9.5000000000000018 17.858397698527522 17.883583658333336
decision_type=2 2 2 2 2 2 2 2 2 2 2 2 2 2 2 2 2 2 2 2 2 2 2 2 2 2 2 2 2 2
left_child=2 -2 3 15 5 7 -7 8 9 -3 13 -12 -13 14 -11 17 -17 -1 -14 -20 21 -5 -22 25 27 -18 -27 -25 -26 -30
right_child=1 4 -4 20 -6 6 -8 -9 -10 10 11 12 18 -15 -16 16 23 -19 19 -21 22 -23 -24 24 28 26 -28 -29 29 -31
leaf_value=0.048323051470188748 -0.003036317890279775 0.065035119396285743 -0.014964864764695641 -0.003977910896471904 0.00410521027173524 0.0083916139987935384 -0.0047337582207088395 0.0037645397106144847 0.23988458677482824 -0.011547750820205874 0.10148611495348128 -0.046422364796191155 0.093991286118650208 -0.017637772319776899 0.077441860866606427 0.00093695554283732647 0.0055529140681533215 -0.0015464520292494998 0.009118037144390901 -0.028682268526898775 -0.0033466347704403199 0.0047807237311529045 0.00024289849844639794 -0.016430311938955371 0.00024872526853505507 -0.01304093056998889 0.008971607871272165 -0.00023823270455550661 -0.0034647772794571944 -8.0437991126035385e-05
leaf_weight=20 42 60 22 61 35 35 32 94 22 31 39 20 36 36 22 71 63 21 21 23 24 151 566 21 328 34 22 33 27 167
leaf_count=20 42 60 22 61 35 35 32 94 22 31 39 20 36 36 22 71 63 21 21 23 24 151 566 21 328 34 22 33 27 167
internal_value=-9.40797e-05 -0.00156934 0.000401594 0.000525171 -0.000928854 -0.00136943 -0.00544776 -0.000693069 -0.00177419 -0.00229167 -0.00333333 -0.00147482 -0.004 -0.00623595 -0.00254717 -0.000452292 -0.000221932 -0.0047561 -0.00125 -0.00409091 0.00150873 0.00311321 0.000932204 -0.000611511 -0.00107639 0.00163866 -0.00214286 -0.00796296 -0.000363985 -0.00221649
internal_weight=2179 548 1631 1609 506 471 67 404 310 288 228 139 100 89 53 807 766 41 80 44 802 212 590 695 576 119 56 54 522 194
internal_count=2179 548 1631 1609 506 471 67 404 310 288 228 139 100 89 53 807 766 41 80 44 802 212 590 695 576 119 56 54 522 194
is_linear=0
shrinkage=0.1


end of trees

feature_importances:
pat_historical_dur=1133
doc_shrunk_avg=1031
hour=343
day_of_week=320
type_encoded=155
department_encoded=18

parameters:
[boosting: gbdt]
[objective: quantile]
[metric: quantile]
[tree_learner: serial]
[device_type: cpu]
[data_sample_strategy: bagging]
[data: ]
[valid: ]
[num_iterations: 100]
[learning_rate: 0.1]
[num_leaves: 31]
[num_threads: 10]
[seed: 0]
[deterministic: 0]
[force_col_wise: 0]
[force_row_wise: 0]
[histogram_pool_size: -1]
[max_depth: -1]
[min_data_in_leaf: 20]
[min_sum_hessian_in_leaf: 0.001]
[bagging_fraction: 1]
[pos_bagging_fraction: 1]
[neg_bagging_fraction: 1]
[bagging_freq: 0]
[bagging_seed: 3]
[bagging_by_query: 0]
[feature_fraction: 1]
[feature_fraction_bynode: 1]
[feature_fraction_seed: 2]
[extra_trees: 0]
[extra_seed: 6]
[early_stopping_round: 0]
[early_stopping_min_delta: 0]
[first_metric_only: 0]
[max_delta_step: 0]
[lambda_l1: 0]
[lambda_l2: 0]
[linear_lambda: 0]
[min_gain_to_split: 0]
[drop_rate: 0.1]
[max_drop: 50]
[skip_drop: 0.5]
[xgboost_dart_mode: 0]
[uniform_drop: 0]
[drop_seed: 4]
[top_rate: 0.2]
[other_rate: 0.1]
[min_data_per_group: 100]
[max_cat_threshold: 32]
[cat_l2: 10]
[cat_smooth: 10]
[max_cat_to_onehot: 4]
[top_k: 20]
[monotone_constraints: ]
[monotone_constraints_method: basic]
[monotone_penalty: 0]
[feature_contri: ]
[forcedsplits_filename: ]
[refit_decay_rate: 0.9]
[cegb_tradeoff: 1]
[cegb_penalty_split: 0]
[cegb_penalty_feature_lazy: ]
[cegb_penalty_feature_coupled: ]
[path_smooth: 0]
[interaction_constraints: ]
[verbosity: 1]
[saved_feature_importance_type: 0]
[use_quantized_grad: 0]
[num_grad_quant_bins: 4]
[quant_train_renew_leaf: 0]
[stochastic_rounding: 1]
[linear_tree: 0]
[max_bin: 255]
[max_bin_by_feature: ]
[min_data_in_bin: 3]
[bin_construct_sample_cnt: 200000]
[data_random_seed: 1]
[is_enable_sparse: 1]
[enable_bundle: 1]
[use_missing: 1]
[zero_as_missing: 0]
[feature_pre_filter: 1]
[pre_partition: 0]
[two_round: 0]
[header: 0]
[label_column: ]
[weight_column: ]
[group_column: ]
[ignore_column: ]
[categorical_feature: ]
[forcedbins_filename: ]
[precise_float_parser: 0]
[parser_config_file: ]
[objective_seed: 5]
[num_class: 1]
[is_unbalance: 0]
[scale_pos_weight: 1]
[sigmoid: 1]
[boost_from_average: 1]
[reg_sqrt: 0]
[alpha: 0.05]
[fair_c: 1]
[poisson_max_delta_step: 0.7]
[tweedie_variance_power: 1.5]
[lambdarank_truncation_level: 30]
[lambdarank_norm: 1]
[label_gain: ]
[lambdarank_position_bias_regularization: 0]
[eval_at: ]
[multi_error_top_k: 1]
[auc_mu_weights: ]
[num_machines: 1]
[local_listen_port: 12400]
[time_out: 120]
[machine_list_filename: ]
[machines: ]
[gpu_platform_id: -1]
[gpu_device_id: -1]
[gpu_device_id_list: ]
[gpu_use_dp: 0]
[num_gpu: 1]

end of parameters

pandas_categorical:[]
