tree
version=v4
num_class=1
num_tree_per_iteration=1
label_index=0
max_feature_idx=5
objective=quantile
feature_names=department_encoded type_encoded hour day_of_week doc_shrunk_avg pat_historical_dur
feature_infos=[0:3] [0:1] [9:16] [0:4] [6.6778384499999985:30.514829083333332] [4.3504021333333336:36.708713016666671]
tree_sizes=2536 2748 2748 2755 2757 2765 2762 2761 2774 2773 2789 2803 2784 2772 2789 2792 2802 2805 2778 2805 2801 2793 2805 2794 2805 2800 2779 2790 2768 2812 2813 2816 2820 2796 2794 2798 2809 2787 2808 2794 2797 2813 2821 2812 2809 2826 2807 2812 2792 2833 2795 2813 2831 2826 2844 2827 2836 2843 2850 2810 2826 2804 2785 2819 2809 2777 2820 2832 2827 2830 2816 2795 2821 2821 2818 2822 2806 2801 2833 2825 2800 2852 2833 2833 2816 2825 2816 2803 2837 2825 2858 2821 2832 2800 2836 2835 2829 2854 2822 2776

Tree=0
num_leaves=30
num_cat=0
split_feature=0 1 4 2 3 3 4 4 4 3 2 5 2 1 5 4 2 5 4 5 5 3 5 3 2 4 5 4 2
split_gain=11.2844 7.56629 0.610286 0.783332 0.900182 0.998517 0.738817 0.549858 0.492308 0.36807 0.363636 0.358976 0.214286 0.175351 0.344433 0.250657 0.175089 0.157027 0.154931 0.105312 0.225269 0.102682 0.108225 0.0980392 0.0859259 0.0705997 0.0464879 0.107744 0.03698
threshold=1.0000000180025095e-35 1.0000000180025095e-35 20.545666217824643 9.5000000000000018 2.5000000000000004 1.0000000180025095e-35 21.318795634350685 21.372896575598329 21.332922180526769 1.5000000000000002 11.500000000000002 21.078610070338364 10.500000000000002 1.0000000180025095e-35 14.446201138224959 14.725939483042868 11.500000000000002 21.690618779787187 22.118945477197524 16.522279094236115 17.451295077009402 3.5000000000000004 17.621355012700022 1.0000000180025095e-35 12.500000000000002 17.47738162885609 15.130493990902481 15.135349400712927 9.5000000000000018
decision_type=2 2 2 2 2 2 2 2 2 2 2 2 2 2 2 2 2 2 2 2 2 2 2 2 2 2 2 2 2
left_child=1 7 10 8 5 -5 -7 28 -4 24 -3 -6 -11 -2 -15 -16 -8 -13 -14 26 25 22 -22 -24 -9 -21 27 -17 -1
right_child=13 2 3 4 11 6 16 9 -10 12 -12 17 18 14 15 19 -18 -19 -20 20 21 -23 23 -25 -26 -27 -28 -29 -30
leaf_value=30.19841846560572 29.314290465790329 31.156719591916726 30.261852162260688 31.491802196163214 31.508768289437445 31.560317562693058 31.226471200825699 30.207443379116192 31.339180421790822 30.417155337451788 30.913571183204681 31.954602724747293 31.042003281105416 29.651811180830158 30.544929315674722 30.112002603565166 30.154672784669629 31.242390837340896 30.69338576954069 30.44333838686839 30.184453338400363 30.488528548343176 30.248322463789805 30.552852653449794 30.981467618828628 30.573317652868887 29.971773241331562 30.509708695416123 30.090303561471966
leaf_weight=22 839 22 20 26 20 28 23 29 32 28 22 21 31 412 20 32 21 20 25 39 100 39 20 34 25 20 91 22 96
leaf_count=22 839 22 20 26 20 28 23 29 32 28 22 21 31 412 20 32 21 20 25 39 100 39 20 34 25 20 91 22 96
internal_value=30.4322 30.4452 30.4574 30.4552 30.4587 30.4527 30.4467 30.4331 30.4445 30.4374 30.4681 30.4682 30.4415 30.4283 30.4293 30.4313 30.4386 30.4736 30.4451 30.4308 30.432 30.4303 30.4292 30.4328 30.4309 30.4374 30.4286 30.4309 30.4281
internal_weight=2179 511 255 211 159 98 72 256 52 138 44 61 84 1668 829 417 44 41 56 397 252 193 154 54 54 59 145 54 118
internal_count=2179 511 255 211 159 98 72 256 52 138 44 61 84 1668 829 417 44 41 56 397 252 193 154 54 54 59 145 54 118
is_linear=0
shrinkage=1


Tree=1
num_leaves=31
num_cat=0
split_feature=0 1 3 4 4 4 3 2 3 5 5 2 2 1 5 5 5 4 3 4 5 4 4 5 5 5 3 3 2 4
split_gain=9.08428 4.92461 1.15385 0.599481 0.535427 0.390767 0.554525 0.68807 0.444685 0.379149 0.30922 0.26105 0.846914 0.242701 0.392552 0.136002 0.130393 0.0943381 0.163743 0.0761201 0.148485 0.0955304 0.209091 0.075 0.0720196 0.129569 0.0652817 0.0530582 0.10352 0.0263987
threshold=1.0000000180025095e-35 1.0000000180025095e-35 1.0000000180025095e-35 22.905843738494685 21.372896575598329 20.545666217824643 2.5000000000000004 9.5000000000000018 3.5000000000000004 21.212653007751378 23.184640751001822 10.500000000000002 11.500000000000002 1.0000000180025095e-35 15.419024865833334 17.451295077009402 21.91572576859669 17.520632892765949 1.5000000000000002 17.754344416624125 17.611349546148872 17.353262051597955 17.223384112800058 21.132937595628011 13.993941867334057 14.189406503425344 3.5000000000000004 2.5000000000000004 11.500000000000002 17.601147357158535
decision_type=2 2 2 2 2 2 2 2 2 2 2 2 2 2 2 2 2 2 2 2 2 2 2 2 2 2 2 2 2 2
left_child=1 4 9 5 27 -4 16 -8 -9 -3 11 -6 -13 -2 24 17 -7 18 -16 21 -21 22 -17 -14 -15 -26 -27 -1 -29 -23
right_child=13 2 3 -5 10 6 7 8 -10 -11 -12 12 23 14 15 19 -18 -19 -20 20 -22 29 -24 -25 25 26 -28 28 -30 -31
leaf_value=-0.33070732774580275 -1.0061472935572604 0.49876378095532198 0.87474518721562622 0.43074080971250006 -0.086925832192383728 0.73920217894636842 0.63534784522271037 1.3265068221809899 0.54463483573478688 1.4504082215960601 -0.17350820271692632 0.77214313436914761 0.34222616029370934 -0.9445342384821438 -0.43559628212340162 -0.46439725687697825 1.2039229221383334 0.12697717481344525 0.042784951695842711 -0.28122995274946344 0.082554016638454727 -0.36219871683266602 0.14930142356207393 0.036040457681075222 0.028954280679769087 -0.38090115687578319 0.016727595111149185 0.0087127044869989602 -0.71115541307053831 -0.15399874051948928
leaf_weight=72 839 25 31 30 35 45 26 33 21 22 22 21 20 344 21 23 22 20 36 33 22 67 22 40 20 156 38 21 25 27
leaf_count=72 839 25 31 30 35 45 26 33 21 22 22 21 20 344 21 23 22 20 36 33 22 67 22 40 20 156 38 21 25 27
internal_value=-0.00022717 0.0114384 0.0212745 0.0180769 0.00164062 0.0202809 0.0181293 0.02375 0.0301852 0.0354255 0.00586956 0.00793103 0.0110494 -0.00380096 -0.00258746 0.000535054 0.0114179 0.00409091 0.00201754 -0.00087629 0.00227273 -0.0021223 0.00166667 0.005 -0.00410394 -0.00266355 -0.00345361 -0.00330509 -0.000652175 -0.00393617
internal_weight=2179 511 255 208 256 178 147 80 54 47 138 116 81 1668 829 271 67 77 57 194 55 139 45 60 558 214 194 118 46 94
internal_count=2179 511 255 208 256 178 147 80 54 47 138 116 81 1668 829 271 67 77 57 194 55 139 45 60 558 214 194 118 46 94
is_linear=0
shrinkage=0.1


Tree=2
num_leaves=31
num_cat=0
split_feature=0 1 3 3 5 3 4 5 4 3 1 5 5 4 4 5 5 4 3 2 5 4 5 4 5 4 4 4 3 2
split_gain=6.83882 3.81364 0.685251 0.919493 0.467749 0.773697 0.438014 0.552247 0.37963 0.289913 0.267578 0.362808 0.25 0.235103 0.20119 0.232536 0.136002 0.0943381 0.163743 0.0859259 0.0842442 0.144284 0.118225 0.0761201 0.148485 0.0955304 0.209091 0.0586263 0.0530582 0.10352
threshold=1.0000000180025095e-35 1.0000000180025095e-35 1.0000000180025095e-35 2.5000000000000004 21.442954900189395 3.5000000000000004 21.507849904952753 20.94100800877883 21.372896575598329 1.5000000000000002 1.0000000180025095e-35 15.419024865833334 22.912650784608672 22.031919702771212 22.905843738494685 21.173928857337454 17.451295077009402 17.520632892765949 1.5000000000000002 12.500000000000002 12.738824625000001 14.502389119893476 14.174833804575995 17.754344416624125 17.611349546148872 17.353262051597955 17.223384112800058 21.683549492847032 2.5000000000000004 11.500000000000002
decision_type=2 2 2 2 2 2 2 2 2 2 2 2 2 2 2 2 2 2 2 2 2 2 2 2 2 2 2 2 2 2
left_child=1 8 27 6 5 -5 7 -4 28 19 -2 20 -8 -6 15 -11 17 18 -13 -10 -12 22 -22 25 -25 26 -18 -3 -1 -30
right_child=10 2 3 4 13 -7 12 -9 9 14 11 16 -14 -15 -16 -17 23 -19 -20 -21 21 -23 -24 24 -26 -27 -28 -29 29 -31
leaf_value=-0.29763659497122247 -0.90553256420153438 0.29374426562893374 0.48109092591297231 1.3368902797425797 0.5493852032470693 0.64815606981157792 -0.17307006999001234 0.72850907084723016 -0.18842214900326759 0.2847591867359402 -1.0692049807825807 -0.39203665391106135 0.75459563450842559 0.84925967099152411 0.21320366330022986 -0.017773904297276117 -0.41795753118928042 0.11427945733210088 0.038506456526258392 0.47040423016333133 0.019780135408522373 -0.28712576061346823 -0.28016308721948607 -0.25310695747451711 0.074298614974609309 -0.19810001958074241 0.13437128120586636 1.2632084233205205 0.0078414340382990146 -0.64003987176348431
leaf_weight=72 839 23 30 32 23 21 25 31 29 22 316 21 20 26 24 38 23 20 36 25 25 183 34 33 22 94 22 24 21 25
leaf_count=72 839 23 30 32 23 21 25 31 29 22 316 21 20 26 24 38 23 20 36 25 25 183 34 33 22 94 22 24 21 25
internal_value=-0.000640203 0.00948141 0.0181373 0.0156731 0.022451 0.0289623 0.00915094 0.0146721 0.000859374 0.00442029 -0.00374101 -0.00246683 0.00166667 0.0154082 0.00809524 0.005 0.000535054 0.00409091 0.00201754 -0.0012963 -0.00392473 -0.00252066 0.00177966 -0.00087629 0.00227273 -0.0021223 0.00166667 0.0290426 -0.00330509 -0.000652175
internal_weight=2179 511 255 208 102 53 106 61 256 138 1668 829 45 49 84 60 271 77 57 54 558 242 59 194 55 139 45 47 118 46
internal_count=2179 511 255 208 102 53 106 61 256 138 1668 829 45 49 84 60 271 77 57 54 558 242 59 194 55 139 45 47 118 46
is_linear=0
shrinkage=0.1


Tree=3
num_leaves=31
num_cat=0
split_feature=4 1 2 2 1 5 4 5 5 2 3 3 5 4 5 4 3 4 5 2 3 2 4 3 0 5 4 5 3 2
split_gain=5.19828 3.09842 0.654474 0.390985 0.29138 0.355834 0.29083 0.225061 0.272143 0.223741 0.23657 0.141377 0.28946 0.582424 0.272781 0.321824 0.131378 0.164568 0.129953 0.0835267 0.118532 0.110688 0.0849771 0.154218 0.0843557 0.206023 0.0666365 0.063857 0.0491123 0.085034
threshold=20.210797918814553 1.0000000180025095e-35 12.500000000000002 11.500000000000002 1.0000000180025095e-35 12.738824625000001 21.396082200610937 21.02653307450333 21.690618779787187 10.500000000000002 1.5000000000000002 2.5000000000000004 22.634745314845151 21.348920651109825 21.86037211941829 21.107402369817674 3.5000000000000004 15.339290287293109 17.512185247081025 11.500000000000002 1.0000000180025095e-35 13.500000000000002 17.540910296411852 1.5000000000000002 2.5000000000000004 17.437064335127356 22.118945477197524 15.419024865833334 2.5000000000000004 11.500000000000002
decision_type=2 2 2 2 2 2 2 2 2 2 2 2 2 2 2 2 2 2 2 2 2 2 2 2 2 2 2 2 2 2
left_child=4 6 3 11 -1 -6 28 -4 -9 -8 -11 12 13 -3 15 -13 19 -18 -19 24 -21 22 23 -22 25 -7 -12 -25 -2 -30
right_child=1 2 7 -5 5 16 9 8 -10 10 26 14 -14 -15 -16 -17 17 18 -20 20 21 -23 -24 27 -26 -27 -28 -29 29 -31
leaf_value=-0.81493261588808685 -0.26811755299457973 0.74063225642942354 0.70489208035929918 0.25565647179942347 -0.93626448442433097 0.048720578169132979 -0.029596689823843669 0.77636724557975045 0.95031967421168706 0.04671219943240193 0.56552637604976186 0.41947424524500704 1.023155716699927 -0.0098242147126750713 0.89184636666020245 0.67789720636928485 0.14539505078352369 -0.52731077921986125 0.099196399774115818 -0.1266414955170953 0.15006699171104199 -0.2611917168285009 0.070027485327167682 -0.45051837941905304 -0.35005826018148911 -0.14868026133522319 0.18875579950371074 -0.099791490268483135 0.0054200940914625618 -0.69612862149596355
leaf_weight=841 74 25 24 29 317 39 42 22 27 38 26 22 23 30 22 26 29 51 29 33 22 20 22 25 142 76 25 29 24 25
leaf_count=841 74 25 24 29 317 39 42 22 27 38 26 22 23 30 22 26 29 51 29 33 22 20 22 25 142 76 25 29 24 25
internal_value=-0.00100734 0.00789682 0.0158 0.0125141 -0.00368657 -0.00236211 0.000118109 0.0237671 0.0276531 0.00339695 0.00623595 0.0145946 0.0116667 0.00772727 0.0178571 0.0220833 -0.000744682 0.00233945 -1.19209e-09 -0.00156863 0.000298012 0.00177966 0.00316326 0.00157895 -0.00266537 -0.000652175 0.0106863 -0.0012963 -0.00337398 -0.000918369
internal_weight=2179 504 250 177 1675 834 254 73 49 131 89 148 78 55 70 48 517 109 80 408 151 118 98 76 257 115 51 54 123 49
internal_count=2179 504 250 177 1675 834 254 73 49 131 89 148 78 55 70 48 517 109 80 408 151 118 98 76 257 115 51 54 123 49
is_linear=0
shrinkage=0.1


Tree=4
num_leaves=31
num_cat=0
split_feature=0 1 2 5 4 1 5 5 2 4 5 3 4 5 4 3 2 3 4 4 4 5 5 5 5 5 5 5 4 5
split_gain=4.36076 2.41365 0.75185 0.411704 0.344444 0.320972 0.452603 0.272143 0.25541 0.315765 0.243298 0.357746 0.184844 0.137558 0.15137 0.115214 0.188348 0.190928 0.185 0.135018 0.232508 0.123386 0.10527 0.298968 0.23223 0.0909091 0.0629694 0.278293 0.0556384 0.0425373
threshold=1.0000000180025095e-35 1.0000000180025095e-35 12.500000000000002 21.02653307450333 20.604012224128997 1.0000000180025095e-35 13.993941867334057 21.690618779787187 11.500000000000002 21.318795634350685 22.634745314845151 2.5000000000000004 20.624615056151168 23.184640751001822 22.905843738494685 3.5000000000000004 11.500000000000002 1.0000000180025095e-35 15.339290287293109 17.540910296411852 15.260070326109242 17.512185247081025 21.132937595628011 20.987906254051993 22.142677999947924 20.893804697879254 16.522279094236115 17.437064335127356 17.353262051597955 14.222920799477965
decision_type=2 2 2 2 2 2 2 2 2 2 2 2 2 2 2 2 2 2 2 2 2 2 2 2 2 2 2 2 2 2
left_child=1 12 4 -4 -3 -2 -7 -5 9 -6 11 -11 -1 14 22 16 26 -18 -17 20 -19 -20 23 25 -24 -14 29 -28 -22 -8
right_child=5 2 3 7 8 6 15 -9 -10 10 -12 -13 13 -15 -16 18 17 19 21 -21 28 -23 24 -25 -26 -27 27 -29 -30 -31
leaf_value=-0.23061046534236845 -0.73348604619257252 0.0082879081847387209 0.63440287232336912 0.69873052102177557 0.74154839336373046 -0.74202788019224741 -0.25389289494249584 0.85528770679051869 0.36596941673894196 0.18297565615993713 0.90725018051486495 0.64884715020912775 -0.0092880027417432849 -0.17011935571605777 0.16049772715385163 0.144336647402348 -0.11397734596538578 0.073421510532943976 -0.47064373672029025 0.059336578003791419 -0.15098083015652422 0.089276759796704297 -0.51499395533929371 0.20619438855972874 0.52273026226795494 -0.40131912269372888 0.094016226404927045 -0.18934272490730558 -0.21774753086263884 -0.3353762143609178
leaf_weight=56 839 41 24 22 32 344 20 27 24 33 24 28 22 28 28 27 33 28 48 27 33 29 53 21 26 22 21 77 28 114
leaf_count=56 839 41 24 22 32 344 20 27 24 33 24 28 22 28 28 27 33 28 48 27 33 29 53 21 26 22 21 77 28 114
internal_value=-0.00114502 0.00693738 0.0138235 0.0223973 0.0103846 -0.0036211 -0.00222557 0.0276531 0.0127305 0.0146581 0.0114706 0.00811475 7.81238e-05 0.0015 0.00255814 -0.000257733 -0.00106299 0.00171141 0.00269231 0.00362069 0.00174157 0.000194804 0.00125 0.00423077 -0.00120253 -0.000454547 -0.00284483 -0.000918369 -0.00172131 -0.00425373
internal_weight=2179 511 255 73 182 1668 829 49 141 117 85 61 256 200 172 485 381 149 104 116 89 77 144 65 79 44 232 98 61 134
internal_count=2179 511 255 73 182 1668 829 49 141 117 85 61 256 200 172 485 381 149 104 116 89 77 144 65 79 44 232 98 61 134
is_linear=0
shrinkage=0.1


Tree=5
num_leaves=31
num_cat=0
split_feature=0 1 2 5 1 5 3 3 5 4 4 5 5 5 5 4 5 5 5 5 4 4 5 4 4 4 4 5 2 5
split_gain=3.73814 2.14556 0.718315 0.538691 0.320972 0.393071 0.294048 0.448478 0.379064 0.951452 0.238477 0.199974 0.193311 0.152395 0.225194 0.100709 0.141911 0.100025 0.189629 0.165363 0.0846169 0.0761201 0.148485 0.0955304 0.209091 0.0705997 0.057619 0.0488041 0.0544444 0.0464891
threshold=1.0000000180025095e-35 1.0000000180025095e-35 12.500000000000002 21.040815150554661 1.0000000180025095e-35 12.738824625000001 1.0000000180025095e-35 2.5000000000000004 21.442954900189395 20.998038819384593 21.396082200610937 22.318424906493508 21.776906625236375 21.568131363191338 21.062575191229161 14.502389119893476 14.998769083333334 15.15513456778025 16.522279094236115 17.451295077009402 15.185066504054875 17.754344416624125 17.611349546148872 17.353262051597955 17.223384112800058 17.47738162885609 14.036429049775316 20.997856197281042 10.500000000000002 22.634745314845151
decision_type=2 2 2 2 2 2 2 2 2 2 2 2 2 2 2 2 2 2 2 2 2 2 2 2 2 2 2 2 2 2
left_child=1 10 6 -4 -2 -6 -3 27 9 -9 -1 13 -5 14 -12 26 -17 20 -19 25 -18 23 -23 24 -21 -20 -7 -8 -29 -13
right_child=4 2 3 12 5 15 7 8 -10 -11 11 29 -14 -15 -16 16 17 18 19 21 -22 22 -24 -25 -26 -27 -28 28 -30 -31
leaf_value=-0.12419429794579273 -0.66013744157331544 0.52019700523134593 0.52008250008898782 0.65913191494325751 -0.79445524624266506 -0.25963516595411784 -0.070095409704193964 0.30924023402568007 0.44364331818716729 0.67503213565520481 0.4198616770984589 -0.098436689340860112 0.81139331493435807 0.32061578820848191 -0.43196797866758452 -0.31242227183805799 0.016989491545513598 -0.31784498043164744 0.034415714741436558 -0.28296565908070664 -0.24335987902718711 -0.19399396310281247 0.055588451446556268 -0.16108934796124133 0.15210395780018729 0.08864469454481104 0.090205514214276306 0.65176522512784796 -0.0083311488118279261 0.025939267314330952
leaf_weight=126 839 30 27 20 316 35 28 21 38 20 29 24 26 22 20 75 22 82 39 23 21 33 22 94 22 20 25 25 20 35
leaf_count=126 839 30 27 20 316 35 28 21 38 20 29 24 26 22 20 75 22 82 39 23 21 33 22 94 22 20 25 25 20 35
internal_value=-0.00132859 0.0061546 0.0126471 0.0210274 -0.0036211 -0.00222557 0.00928571 0.0075 0.0127215 0.0193902 -0.000312501 0.00269231 0.0276087 0.0062676 0.00316326 -0.00051657 -0.00102649 -0.000238096 -0.000820897 0.000533596 0.00430232 -0.00087629 0.00227273 -0.0021223 0.00166667 0.00516949 0.00333333 0.00184931 0.00388889 -0.00161017
internal_weight=2179 511 255 73 1668 829 182 152 79 41 256 130 46 71 49 513 453 378 335 253 43 194 55 139 45 59 60 73 45 59
internal_count=2179 511 255 73 1668 829 182 152 79 41 256 130 46 71 49 513 453 378 335 253 43 194 55 139 45 59 60 73 45 59
is_linear=0
shrinkage=0.1


Tree=6
num_leaves=31
num_cat=0
split_feature=4 1 5 3 3 3 1 4 5 5 5 4 5 5 2 4 4 4 5 2 5 5 3 5 2 5 3 4 4 5
split_gain=3.23395 1.2301 0.675646 1.38328 0.826123 0.767098 0.441264 0.51564 0.288082 0.159321 0.154839 0.153328 0.269132 0.155769 0.166532 0.135694 0.15377 0.167293 0.242866 0.214819 0.159317 0.099514 0.0970497 0.112524 0.397435 0.0988701 0.0811054 0.0661525 0.04851 0.0464891
threshold=20.604012224128997 1.0000000180025095e-35 21.690618779787187 2.5000000000000004 3.5000000000000004 1.5000000000000002 1.0000000180025095e-35 12.274732501210371 21.078610070338364 20.987906254051993 22.214540239447736 21.396082200610937 22.318424906493508 20.987906254051993 11.500000000000002 14.502389119893476 14.87221651464974 15.281155794946525 16.522279094236115 10.500000000000002 17.451295077009402 14.189406503425344 1.0000000180025095e-35 17.611349546148872 11.500000000000002 17.640653113263117 3.5000000000000004 17.47738162885609 21.186699431540653 22.634745314845151
decision_type=2 2 2 2 2 2 2 2 2 2 2 2 2 2 2 2 2 2 2 2 2 2 2 2 2 2 2 2 2 2
left_child=6 11 3 9 -5 -4 -1 -8 15 -3 -7 28 13 -13 -15 21 -17 19 -19 -18 27 -9 -22 26 25 -25 -24 -20 -2 -14
right_child=1 2 5 4 -6 10 7 8 -10 -11 -12 12 29 14 -16 16 17 18 20 -21 22 -23 23 24 -26 -27 -28 -29 -30 -31
leaf_value=-0.56487964967095239 0.00081116530806343845 0.29165849324440279 0.84332615796679977 0.95611386694066702 0.38087079035551885 0.64523328519102907 -1.1588599266442177 0.074485882929978514 0.29380764880685878 0.3868932741498054 -0.093568942509079642 -0.34464701943788029 -0.088593020406774345 0.52223259373256337 0.086292756270958296 -0.20589688187089428 -0.20739205812486367 -0.2358843726775465 0.035515433287801511 0.015585881219873383 -0.071864209474542015 -0.11907122980051664 -0.13876765217433207 0.069775526574855376 0.29669447573031055 -0.074746007285090843 0.010596050086573484 0.079780225090329893 -0.27159775517986223 0.023345340582897778
leaf_weight=890 39 29 34 25 23 30 300 20 26 22 32 20 24 23 29 77 25 103 38 23 40 33 72 24 28 35 25 20 35 35
leaf_count=890 39 29 34 25 23 30 300 20 26 22 32 20 24 23 29 77 25 103 38 23 40 33 72 24 28 35 25 20 35 35
internal_value=-0.00137448 0.00675 0.0124359 0.0182323 0.0304167 0.00645833 -0.00320124 -0.00162542 9.33774e-05 0.0067647 -0.000161292 0.00134146 0.00339695 0.0075 0.0103846 -0.000381884 -0.000882354 -0.000150117 -0.000844157 0.00541667 0.000673758 0.00443396 -0.000535715 0.000434781 0.00304598 -0.00161017 -0.00190722 0.00534483 -0.0022973 -0.00161017
internal_weight=2179 400 195 99 48 96 1779 889 589 51 62 205 131 72 52 563 510 433 385 48 282 53 224 184 87 59 97 58 74 59
internal_count=2179 400 195 99 48 96 1779 889 589 51 62 205 131 72 52 563 510 433 385 48 282 53 224 184 87 59 97 58 74 59
is_linear=0
shrinkage=0.1


Tree=7
num_leaves=31
num_cat=0
split_feature=4 1 5 3 3 1 4 5 5 5 4 5 2 5 5 2 3 4 4 5 3 5 5 5 5 5 5 5 5 4
split_gain=2.55133 0.817275 0.466686 1.13729 0.544671 0.441299 0.550589 0.433929 0.154839 0.130412 0.16025 0.117365 0.283363 0.239011 0.107115 0.120693 0.27373 0.220727 0.167661 0.172489 0.18321 0.190243 0.368838 0.163522 0.104945 0.0805396 0.0568259 0.0474327 0.303287 0.0417536
threshold=20.604012224128997 1.0000000180025095e-35 21.690618779787187 2.5000000000000004 1.5000000000000002 1.0000000180025095e-35 12.274732501210371 21.012319677726317 22.214540239447736 23.184640751001822 22.905843738494685 21.078610070338364 10.500000000000002 22.142677999947924 21.078610070338364 11.500000000000002 3.5000000000000004 15.339290287293109 15.260070326109242 17.311020076807143 1.0000000180025095e-35 17.621355012700022 17.481682607301241 17.512185247081025 12.986649338157896 20.931965772701261 20.987906254051993 16.522279094236115 17.437064335127356 17.914117039176382
decision_type=2 2 2 2 2 2 2 2 2 2 2 2 2 2 2 2 2 2 2 2 2 2 2 2 2 2 2 2 2 2
left_child=5 9 3 26 -4 29 -7 -5 -6 10 11 12 -2 -13 15 16 24 -18 -17 -20 -21 22 -22 -19 -8 -14 -3 -26 -29 -1
right_child=1 2 4 7 8 6 14 -9 -10 -11 -12 13 25 -15 -16 18 17 23 19 20 21 -23 -24 -25 27 -27 -28 28 -30 -31
leaf_value=-0.53947820897032628 -0.31146196478775084 0.2624926439199623 0.75899354217011972 0.37265838235045656 0.58070995667192649 -1.0429739339797959 0.0096587829431700675 0.7635874288138228 -0.084212048258171635 -0.15803588093417484 0.11275733959574492 -0.094388788373804322 0.02319259705049859 0.46984547391071019 0.26442688392617264 0.022436919019745094 0.16131459738816953 -0.42681037451419934 -0.34213355798867151 -0.068555169787697295 0.10008324026664811 0.34747926766283882 -0.17967672140424862 0.077410337682908933 -0.22940058374992414 0.1289395372158601 0.3482039467348248 0.067772111800920243 -0.068388322152591094 -0.14994890020040935
leaf_weight=811 22 29 34 20 30 300 22 28 32 28 28 58 21 26 26 39 23 26 42 26 23 23 49 27 145 22 22 21 97 79
leaf_count=811 22 29 34 20 30 300 22 28 32 28 28 58 21 26 26 39 23 26 42 26 23 23 49 27 145 22 22 21 97 79
internal_value=-0.00146627 0.00575 0.0103846 0.015202 0.00541667 -0.00308882 -0.00151294 0.02625 -0.000161292 0.00134146 0.00234463 0.00104027 0.00423077 -0.00142857 0.000263157 -2.66442e-05 -0.00112188 0.00421053 0.00193069 0.000521471 0.00243802 0.00447368 0.00194444 0.000660376 -0.00254386 0.00895349 0.00480392 -0.00309886 -0.00161017 -0.00466292
internal_weight=2179 400 195 99 96 1779 889 48 62 205 177 149 65 84 589 563 361 76 202 163 121 95 72 53 285 43 51 263 118 890
internal_count=2179 400 195 99 96 1779 889 48 62 205 177 149 65 84 589 563 361 76 202 163 121 95 72 53 285 43 51 263 118 890
is_linear=0
shrinkage=0.1


Tree=8
num_leaves=31
num_cat=0
split_feature=4 1 5 3 5 1 4 3 5 4 2 2 5 5 4 4 5 5 2 3 5 2 4 5 3 2 4 2 5 5
split_gain=2.53683 0.56661 0.686558 1.13729 0.433929 0.27248 0.387303 0.213789 0.154839 0.146751 0.141747 0.34558 0.232759 0.159375 0.129723 0.136396 0.210684 0.187314 0.146927 0.122818 0.099514 0.0869565 0.0828885 0.0768802 0.128036 0.0705805 0.0661525 0.0578234 0.0568259 0.0378457
threshold=20.604012224128997 1.0000000180025095e-35 21.690618779787187 2.5000000000000004 21.012319677726317 1.0000000180025095e-35 12.274732501210371 1.5000000000000002 22.214540239447736 14.502389119893476 11.500000000000002 10.500000000000002 21.776906625236375 22.142677999947924 14.861596172451391 15.281155794946525 16.522279094236115 17.451295077009402 10.500000000000002 3.5000000000000004 14.189406503425344 10.500000000000002 21.396082200610937 17.621355012700022 1.0000000180025095e-35 11.500000000000002 17.47738162885609 13.500000000000002 20.987906254051993 21.604318189176762
decision_type=2 2 2 2 2 2 2 2 2 2 2 2 2 2 2 2 2 2 2 2 2 2 2 2 2 2 2 2 2 2
left_child=5 10 3 28 -5 29 -7 -4 -9 20 11 13 -13 -2 -11 18 -17 26 -16 23 -8 -21 -12 -19 -25 -26 -18 -24 -3 -1
right_child=1 2 7 4 -6 6 9 8 -10 14 22 12 -14 -15 15 16 17 19 -20 21 -22 -23 27 24 25 -27 -28 -29 -30 -31
leaf_value=-0.46607159308860163 -0.29444751350459081 0.23624337952796604 0.68309418795310795 0.33539254411541075 0.68722868593244069 -0.93867654058181638 0.088115159822241385 0.52263896100473406 -0.075790843432354302 -0.23519424064920846 -0.28761709041471745 0.020873487213107986 0.2112654191021755 0.046136412488451004 -0.16691756312067196 -0.20160654000333339 0.021955565932356393 -0.083138864795028633 0.011378755567280716 0.12154427040707672 -0.094297538949420889 -0.32420825014131416 -0.065340007643084327 -0.024601368048351436 -0.015108291824660312 0.26445879719321941 0.064863436490715881 0.28808262977774551 0.31338355206134211 -0.42960481877581069
leaf_weight=868 34 29 34 20 28 300 20 30 32 73 33 21 22 30 26 103 38 100 28 23 33 23 32 35 41 26 20 33 22 22
leaf_count=868 34 29 34 20 28 300 20 30 32 73 33 21 22 30 26 103 38 100 28 23 33 23 32 35 41 26 20 33 22 22
internal_value=-0.00169573 0.0055 0.00935897 0.015202 0.02625 -0.00331366 -0.00207537 0.00333333 -0.000161292 -0.00058574 0.00182927 0.00434579 0.0112791 -0.000312501 -0.00108209 -0.000464364 -0.00108802 0.000228757 0.00425926 -0.000967743 0.00443396 0.00369565 -0.000918369 -0.0020297 -9.80404e-05 0.00246269 0.00534483 0.00115384 0.00480392 -0.00455056
internal_weight=2179 400 195 99 48 1779 889 96 62 589 205 107 43 64 536 463 409 306 54 248 53 46 98 202 102 67 58 65 51 890
internal_count=2179 400 195 99 48 1779 889 96 62 589 205 107 43 64 536 463 409 306 54 248 53 46 98 202 102 67 58 65 51 890
is_linear=0
shrinkage=0.1


Tree=9
num_leaves=31
num_cat=0
split_feature=4 1 5 3 3 1 4 3 5 4 5 5 2 2 5 5 5 4 4 2 3 4 2 3 4 4 3 2 5 3
split_gain=2.19653 0.562852 0.57467 0.927065 0.612319 0.324263 0.44918 0.213789 0.154839 0.141979 0.342603 0.302459 0.0958844 0.220825 0.159375 0.106514 0.0859969 0.134789 0.242215 0.121281 0.116198 0.203884 0.110837 0.155172 0.108485 0.0828885 0.0783892 0.0578234 0.0568259 0.0421456
threshold=20.604012224128997 1.0000000180025095e-35 21.690618779787187 2.5000000000000004 3.5000000000000004 1.0000000180025095e-35 12.274732501210371 1.5000000000000002 22.214540239447736 14.725939483042868 14.174833804575995 14.446201138224959 11.500000000000002 10.500000000000002 22.142677999947924 21.776906625236375 16.522279094236115 15.281155794946525 15.026122616283835 11.500000000000002 1.0000000180025095e-35 17.267660006846544 12.500000000000002 2.5000000000000004 17.601147357158535 21.396082200610937 3.5000000000000004 13.500000000000002 20.987906254051993 2.5000000000000004
decision_type=2 2 2 2 2 2 2 2 2 2 2 2 2 2 2 2 2 2 2 2 2 2 2 2 2 2 2 2 2 2
left_child=5 12 3 28 -5 -1 -7 -4 -9 10 -8 -12 13 14 -2 -15 17 18 19 -11 -18 -22 24 -24 -23 -14 29 -27 -3 -26
right_child=1 2 7 4 -6 6 9 8 -10 16 11 -13 25 15 -16 -17 20 -19 -20 -21 21 22 23 -25 26 27 -28 -29 -30 -31
leaf_value=-0.41544280201846001 -0.26500276215413182 0.21261904157516975 0.61478476915779701 0.73027619378826458 0.24621477769229694 -0.84480888652363473 0.079303643840017299 0.47037506490426095 -0.068211759089119181 -0.20773285620039586 -0.22459445189209923 0.1054569022590254 -0.25885538137324582 0.018786138491797097 0.041522771239605891 0.19013887719195791 -0.014229306471406307 -0.1814458860030001 0.14736646662781094 0.0037394762976456896 0.10817195777042449 -0.42303873614955745 0.082070927540929484 -0.23047686323072303 0.015460318629022418 -0.05880600687877563 0.083834475847988157 0.25927436679997079 0.28204519685520818 -0.039218888281100144
leaf_weight=890 34 29 34 25 23 300 20 30 32 53 41 20 33 21 30 22 67 103 20 23 39 56 29 29 36 32 31 33 22 22
leaf_count=890 34 29 34 25 23 300 20 30 32 53 41 20 33 21 30 22 67 103 20 23 39 56 29 29 36 32 31 33 22 22
internal_value=-0.00169573 0.005 0.00884615 0.0141919 0.0241667 -0.00320124 -0.00185039 0.00333333 -0.000161292 -0.000246181 0.00364197 -8.19684e-05 0.00134146 0.00341121 -0.000312501 0.00895349 -0.000866143 -0.00248744 0.000208332 -0.00236842 0.000177992 0.00119835 -7.38928e-05 0.00362069 -0.00155173 -0.000918369 0.000617976 0.00115384 0.00480392 -0.00155173
internal_weight=2179 400 195 99 48 1779 889 96 62 589 81 61 205 107 64 43 508 199 96 76 309 242 203 58 145 98 89 65 51 58
internal_count=2179 400 195 99 48 1779 889 96 62 589 81 61 205 107 64 43 508 199 96 76 309 242 203 58 145 98 89 65 51 58
is_linear=0
shrinkage=0.1


Tree=10
num_leaves=31
num_cat=0
split_feature=4 1 5 5 5 1 4 3 5 3 4 4 5 4 3 5 4 5 4 4 4 4 4 5 5 4 5 5 5 5
split_gain=1.91942 0.446702 0.439633 0.920639 0.281306 0.35439 0.272927 0.189892 0.15245 0.130679 0.161656 0.129067 0.127727 0.160064 0.191684 0.120086 0.111477 0.0909091 0.0545958 0.198413 0.0576796 0.0505543 0.098602 0.0704212 0.215744 0.0750656 0.0428094 0.0326937 0.0324095 0.0263527
threshold=20.998038819384593 1.0000000180025095e-35 21.690618779787187 21.132937595628011 12.738824625000001 1.0000000180025095e-35 21.443252153884945 1.5000000000000002 22.214540239447736 3.5000000000000004 15.339290287293109 20.624615056151168 23.184640751001822 22.905843738494685 3.5000000000000004 17.512185247081025 21.793896928033508 17.640653113263117 20.210797918814553 20.468027206469433 14.502389119893476 14.861596172451391 15.185066504054875 16.522279094236115 17.461852289105192 17.353262051597955 14.174833804575995 20.907128106231244 21.604318189176762 17.576046361396525
decision_type=2 2 2 2 2 2 2 2 2 2 2 2 2 2 2 2 2 2 2 2 2 2 2 2 2 2 2 2 2 2
left_child=4 12 3 6 -1 11 -3 -4 -9 18 -11 28 13 14 16 -12 27 -17 20 -20 26 -22 -23 -24 -25 -26 -7 -2 -6 -27
right_child=1 2 7 -5 5 9 -8 8 -10 10 15 -13 -14 -15 -16 17 -18 -19 19 -21 21 22 23 24 25 29 -28 -29 -30 -31
leaf_value=-0.76020731219930093 -0.24674606878633409 0.48439659623064513 0.55330629224201766 0.64640945036028619 -0.31936945771003122 0.07137327945601557 -0.12064085383714339 0.45209908525841946 -0.057595542524959936 0.10206202153799843 -0.30030935992487218 0.00093784764494049652 -0.16194965855022792 0.10648301833233945 0.069140080893614661 0.091174627334242433 0.4784196223313637 -0.072147992270337954 0.31810754060808266 -0.012749131211787036 -0.30256348009679579 0.0053017253388818577 -0.15915213139206338 0.062705548091004357 0.026072226930249222 -0.01381490642005141 -0.19089499141374189 -0.38022913588635732 -0.06484293648435574 -0.060575564957985634
leaf_weight=615 21 33 34 22 577 20 24 29 28 29 51 25 27 28 32 22 20 22 21 42 56 37 75 39 32 29 26 46 23 94
leaf_count=615 21 33 34 22 577 20 24 29 28 29 51 25 27 28 32 22 20 22 21 42 56 37 75 39 32 29 26 46 23 94
internal_value=-0.00197109 0.00488372 0.00852941 0.0139873 -0.00325613 -0.00237705 0.0072807 0.00379121 0.000263157 -0.000630253 0.00225806 -0.00404 0.00132184 0.00248299 0.000882352 0.000263157 -0.00155173 0.00409091 -0.00139066 0.00134921 -0.00181373 -0.00223757 -0.00173203 -0.00239777 -0.00139175 -0.00306452 0.00152174 -0.00350746 -0.00433333 -0.00418699
internal_weight=2179 344 170 79 1835 1220 57 91 57 595 124 625 174 147 119 95 87 44 471 63 408 362 306 269 194 155 46 67 600 123
internal_count=2179 344 170 79 1835 1220 57 91 57 595 124 625 174 147 119 95 87 44 471 63 408 362 306 269 194 155 46 67 600 123
is_linear=0
shrinkage=0.1


Tree=11
num_leaves=31
num_cat=0
split_feature=4 1 5 5 4 1 3 4 5 4 5 5 2 4 5 5 3 5 5 4 4 3 3 4 2 5 3 3 5 2
split_gain=1.86836 0.31418 0.337251 0.668858 0.294827 0.33954 0.189892 0.157833 0.15245 0.147147 0.132621 0.311557 0.12781 0.121385 0.099514 0.0727273 0.130769 0.0716289 0.0623123 0.134093 0.244696 0.0990344 0.0941035 0.0895336 0.0728196 0.135951 0.118231 0.0555813 0.0352941 0.0349282
threshold=20.998038819384593 1.0000000180025095e-35 21.690618779787187 20.987906254051993 12.274732501210371 1.0000000180025095e-35 1.5000000000000002 17.914117039176382 22.214540239447736 14.502389119893476 21.012319677726317 21.259973055752763 9.5000000000000018 21.332922180526769 14.189406503425344 17.627209889465359 2.5000000000000004 22.318424906493508 16.522279094236115 15.281155794946525 15.026122616283835 1.0000000180025095e-35 1.0000000180025095e-35 17.267660006846544 12.500000000000002 20.96728541027122 2.5000000000000004 3.5000000000000004 17.493769080412463 11.500000000000002
decision_type=2 2 2 2 2 2 2 2 2 2 2 2 2 2 2 2 2 2 2 2 2 2 2 2 2 2 2 2 2 2
left_child=4 10 3 13 -1 7 -4 -6 -8 14 -2 -12 -13 -3 -7 -9 -17 -14 19 20 21 -11 28 -24 25 27 -26 29 -20 -25
right_child=1 2 6 -5 5 9 8 15 -10 18 11 12 17 -15 -16 16 -18 -19 22 -21 -22 -23 23 24 26 -27 -28 -29 -30 -31
leaf_value=-0.79025578819632658 -0.081345915351381345 0.43390493507325356 0.4979756630178156 0.49263074246781724 -0.29909568053609198 0.064235951510414058 0.40688917673257774 0.023545023624544716 -0.05183598827246419 -0.014675765572196027 0.078913477844387403 0.053830651006227997 0.12607705147618722 -0.48788099007052088 -0.056520882299479804 -0.021243428642128245 0.0056277240105464151 -0.15089270810418973 -0.0032938547337156622 -0.13581054657799249 0.13161584814174399 -0.087447367851926472 0.1167563773179468 -0.1082265565061919 0.042343375907503616 0.4660918096753543 -0.19372594861645381 -0.19297608977661682 -0.037033880366508502 -0.034040053230707523
leaf_weight=585 45 20 34 36 526 20 29 20 28 23 20 23 38 23 33 51 39 48 20 104 20 80 40 73 34 31 31 35 48 22
leaf_count=585 45 20 34 36 526 20 29 20 28 23 20 23 38 23 33 51 39 48 20 104 20 80 40 73 34 31 31 35 48 22
internal_value=-0.0018793 0.00488372 0.00794118 0.0127215 -0.00314714 -0.00228 0.00379121 -0.00389937 0.000263157 -0.000602607 0.00189655 0.00352713 0.00142202 0.00430232 0.00443396 -0.000454547 -0.00166667 -0.000348838 -0.00107843 -0.00235683 -0.000121952 -0.00208738 -0.000209582 0.000639097 -0.000132745 -0.00127329 0.00269231 -0.00269231 -0.00352941 -0.00394737
internal_weight=2179 344 170 79 1835 1250 91 636 57 614 174 129 109 43 53 110 90 86 561 227 123 103 334 266 226 161 65 130 68 95
internal_count=2179 344 170 79 1835 1250 91 636 57 614 174 129 109 43 53 110 90 86 561 227 123 103 334 266 226 161 65 130 68 95
is_linear=0
shrinkage=0.1


Tree=12
num_leaves=31
num_cat=0
split_feature=4 4 1 2 1 5 5 3 5 5 4 5 5 4 2 5 5 2 5 5 3 4 4 5 4 4 5 3 5 5
split_gain=1.95387 0.330533 0.409951 0.291155 0.293573 0.41094 0.613046 0.220177 0.198831 0.166667 0.163883 0.162118 0.495297 0.157833 0.111284 0.110875 0.206501 0.239673 0.132787 0.0888362 0.0793631 0.133794 0.382275 0.238389 0.0989022 0.205189 0.0727273 0.130769 0.0625053 0.0605579
threshold=20.998038819384593 12.274732501210371 1.0000000180025095e-35 14.500000000000002 1.0000000180025095e-35 21.690618779787187 20.987906254051993 1.5000000000000002 11.76181499166667 22.214540239447736 14.502389119893476 20.987906254051993 21.212653007751378 17.914117039176382 9.5000000000000018 14.802116892745781 15.15513456778025 11.500000000000002 16.522279094236115 14.208081974174865 1.5000000000000002 17.858397698527522 20.505301852960415 17.583643082863357 17.267660006846544 17.540910296411852 17.627209889465359 2.5000000000000004 22.318424906493508 17.632167844869617
decision_type=2 2 2 2 2 2 2 2 2 2 2 2 2 2 2 2 2 2 2 2 2 2 2 2 2 2 2 2 2 2
left_child=1 -1 13 4 11 6 -6 -7 -4 -9 19 -2 -13 -3 -14 -12 17 -17 -18 -10 29 23 -23 24 -22 -26 -15 -28 -16 -20
right_child=3 2 8 -5 5 7 -8 9 10 -11 15 12 14 26 28 16 18 -19 20 -21 21 22 -24 -25 25 -27 27 -29 -30 -31
leaf_value=-0.7112302093766939 -0.22157072438863792 -0.26918611248248292 0.05697853880758335 -0.61618000620266222 0.25720243932105163 0.47012422361625694 0.45711913195814252 0.42372331274848918 0.05781235635937252 -0.045703629281405762 -0.25506480219122291 0.052524522048041478 0.04844758590560537 0.02119052126209009 0.11678165307402183 -0.09804532515598717 -0.20433474144901376 0.018191003431811931 -0.0043165696625637375 -0.022984276343879895 0.10291957124714553 0.54971490842377635 -0.064183013176844952 -0.25576158382024794 -0.39800267969301034 0.098045311870456134 -0.019119085777915254 0.0050649516094916141 -0.099837500929786813 -0.033306785766301729
leaf_weight=585 40 526 21 26 37 31 34 27 20 27 65 21 23 20 37 39 82 22 67 31 22 27 36 74 29 24 51 39 41 55
leaf_count=585 40 526 21 26 37 31 34 27 20 27 65 21 23 20 37 39 82 22 67 31 22 27 36 74 29 24 51 39 41 55
internal_value=-0.00174163 -0.00303815 -0.00212 0.00517442 0.00600629 0.00910256 0.0147183 0.00441176 -0.000276874 0.000555554 -0.000615516 0.00302469 0.00483606 -0.00389937 0.00193069 -0.00112546 -0.000597485 0.00483606 -0.00139423 0.00480392 -0.000508983 0.000660376 0.00452381 -0.000973156 0.003 0.000660376 -0.000454547 -0.00166667 0.000128204 -0.00254098
internal_weight=2179 1835 1250 344 318 156 71 85 614 54 593 162 122 636 101 542 477 61 416 51 334 212 63 149 75 53 110 90 78 122
internal_count=2179 1835 1250 344 318 156 71 85 614 54 593 162 122 636 101 542 477 61 416 51 334 212 63 149 75 53 110 90 78 122
is_linear=0
shrinkage=0.1


Tree=13
num_leaves=31
num_cat=0
split_feature=4 4 1 2 5 1 4 5 3 3 4 2 5 2 4 5 4 3 5 3 2 4 4 4 4 4 4 4 2 2
split_gain=1.78392 0.30905 0.442252 0.274725 0.200535 0.184923 0.198529 0.59608 0.666445 0.349179 0.101503 0.163086 0.291667 0.147654 0.144048 0.111111 0.0902983 0.14022 0.231996 0.109989 0.138818 0.434914 0.104064 0.100386 0.0780527 0.0632472 0.102439 0.0453335 0.0824176 0.0358782
threshold=20.491858216648414 12.780793317207225 1.0000000180025095e-35 14.500000000000002 12.986649338157896 1.0000000180025095e-35 21.281171989593407 21.690618779787187 1.5000000000000002 1.5000000000000002 21.372896575598329 10.500000000000002 22.318424906493508 11.500000000000002 22.031919702771212 22.394864932489043 17.754344416624125 1.5000000000000002 17.611349546148872 3.5000000000000004 11.500000000000002 15.260070326109242 15.339290287293109 17.105349856647795 20.858280292378833 20.624615056151168 20.998038819384593 17.914117039176382 11.500000000000002 12.500000000000002
decision_type=2 2 2 2 2 2 2 2 2 2 2 2 2 2 2 2 2 2 2 2 2 2 2 2 2 2 2 2 2 2
left_child=1 -1 27 5 -4 10 25 8 -8 -9 13 15 14 24 -13 -12 19 -18 -19 20 -6 -22 -21 -24 -2 -7 -27 -3 -29 -23
right_child=3 2 4 -5 16 6 7 9 -10 -11 11 12 -14 -15 -16 -17 17 18 -20 22 21 29 23 -25 -26 26 -28 28 -30 -31
leaf_value=-0.63609147877507266 0.010870767896823759 -0.24106259269990674 0.051601714316276338 -0.58926451123652257 -0.099676604218671722 0.4244180777155937 0.011239526975400638 0.42311180125463094 0.3907800231566676 -0.038286990385869475 -0.40503190398507266 0.44644907099304487 -0.12092770394837329 -0.019662222994216064 0.091854263161304281 0.0071038885910997829 -0.02289370193525514 -0.1127141521530247 0.12366000560099964 0.13236487569104502 0.053137413047968346 -0.14185894613773908 -0.28009953769722135 0.047625646154984422 -0.19258329518581732 -0.093256406868575281 0.63262703375966378 -0.42903170586156636 0.10745626540949138 -0.024226795524670552
leaf_weight=594 24 520 32 32 217 27 24 31 37 44 25 35 28 36 21 20 40 28 31 24 32 43 26 37 23 21 20 30 26 51
leaf_count=594 24 520 32 32 217 27 24 31 37 44 25 35 28 36 21 20 40 28 31 24 32 43 26 37 23 21 20 30 26 51
internal_value=-0.00169573 -0.00315136 -0.00218558 0.00392857 -0.000187167 0.00461538 0.0067647 0.00897059 0.0163115 0.003 0.00254717 0.00430232 0.00690476 -0.000180724 0.0110714 -0.000555557 -0.000652175 0.00207071 0.00516949 -0.00127907 -0.00208455 0.000555554 0.00189655 -0.000238096 0.00351064 0.00235294 -0.000121952 -0.00413195 -0.00142857 -0.00287234
internal_weight=2179 1731 1137 448 561 416 204 136 61 75 212 129 84 83 56 45 529 99 59 430 343 126 87 63 47 68 41 576 56 94
internal_count=2179 1731 1137 448 561 416 204 136 61 75 212 129 84 83 56 45 529 99 59 430 343 126 87 63 47 68 41 576 56 94
is_linear=0
shrinkage=0.1


Tree=14
num_leaves=31
num_cat=0
split_feature=4 4 1 5 4 2 5 1 3 2 4 4 5 5 5 5 5 2 5 4 4 3 2 5 5 4 4 4 4 2
split_gain=0.999626 0.292981 0.37259 0.259467 0.245916 0.169355 0.143413 0.191287 0.207949 0.162982 0.152392 0.111195 0.105442 0.0959297 0.309599 0.177778 0.282678 0.165338 0.085451 0.140362 0.132428 0.125029 0.0869565 0.077727 0.0739475 0.293226 0.0681913 0.0579135 0.10427 0.0686945
threshold=20.604012224128997 9.2005625012115164 1.0000000180025095e-35 11.316286286296299 12.991242384062003 14.500000000000002 21.212653007751378 1.0000000180025095e-35 1.5000000000000002 10.500000000000002 20.998038819384593 21.301566615836443 15.419024865833334 23.184640751001822 22.634745314845151 22.318424906493508 22.066609629307667 12.500000000000002 17.451295077009402 17.520632892765949 17.117365958948305 3.5000000000000004 10.500000000000002 20.96728541027122 16.170766819236114 16.93555025470063 17.914117039176382 15.281155794946525 15.003233094274648 10.500000000000002
decision_type=2 2 2 2 2 2 2 2 2 2 2 2 2 2 2 2 2 2 2 2 2 2 2 2 2 2 2 2 2 2
left_child=1 -1 24 -4 -5 6 7 9 -9 -2 -8 -10 27 14 15 16 17 -12 19 20 -14 -20 -23 -11 -3 -26 -27 28 29 -6
right_child=5 2 3 4 12 -7 10 8 11 23 13 -13 18 -15 -16 -17 -18 -19 21 -21 -22 22 -24 -25 25 26 -28 -29 -30 -31
leaf_value=-0.64334132305514768 -0.17332496566723571 -0.33016147714368027 0.054577351265840061 0.047610952800823614 -0.14495323241371305 -0.50720305634345275 -0.052652454264278982 -0.044856341309992546 0.52021825702703717 -0.19395559070366941 -0.048799081044888074 0.46171373073785671 0.10143429501575983 -0.057496203430376286 0.42248173664882965 -0.059428643897435823 0.46999186503897267 0.078299246889147897 -0.022978761623056069 0.055365055552981102 -0.19961289176224681 0.049126104022910039 -0.2805840731710742 0.021124770755840006 0.042765332208567132 -0.18250112253334871 -0.018788024225865504 -0.091828354134177212 0.11150646517107297 -0.0013271398189273855
leaf_weight=531 23 310 29 20 67 28 31 27 22 29 45 21 31 52 27 30 21 24 205 20 26 23 23 20 23 224 77 84 20 66
leaf_count=531 23 310 29 20 67 28 31 27 22 29 45 21 31 52 27 30 21 24 205 20 26 23 23 20 23 224 77 84 20 66
internal_value=-0.00201698 -0.0030326 -0.00219551 -0.000439741 -0.000897437 0.0025 0.00306451 0.00556338 0.00928571 0.00194444 0.00152174 0.0136046 -0.00128319 0.00253769 0.00384354 0.00166667 0.00388889 0.0007971 -0.000121952 0.00279221 0.000263157 -0.00101594 0.00369565 0.00520408 -0.0038959 -0.00283951 -0.0036711 -0.0028903 -0.00173203 -0.00274436
internal_weight=2179 1779 1248 614 585 400 372 142 70 72 230 43 565 199 147 120 90 69 328 77 57 251 46 49 634 324 301 237 153 133
internal_count=2179 1779 1248 614 585 400 372 142 70 72 230 43 565 199 147 120 90 69 328 77 57 251 46 49 634 324 301 237 153 133
is_linear=0
shrinkage=0.1


Tree=15
num_leaves=31
num_cat=0
split_feature=4 4 1 5 5 5 5 3 4 4 4 4 2 3 2 5 4 5 3 5 5 5 4 4 4 2 5 3 5 3
split_gain=1.08001 0.358815 0.477251 0.214511 0.234267 0.436623 0.26601 0.264681 0.174199 0.13453 0.134464 0.124681 0.120508 0.118686 0.14673 0.100595 0.0816848 0.0964443 0.0592861 0.0489815 0.0411838 0.0850167 0.101135 0.197959 0.108932 0.0728196 0.165495 0.118231 0.0658226 0.0537512
threshold=20.917360396281239 9.2005625012115164 1.0000000180025095e-35 20.860216788090124 21.212653007751378 20.987906254051993 20.931965772701261 1.5000000000000002 12.991242384062003 21.186699431540653 21.920903664110195 22.243213547859419 10.500000000000002 1.0000000180025095e-35 9.5000000000000018 22.634745314845151 17.914117039176382 17.627209889465359 2.5000000000000004 22.318424906493508 14.998769083333334 15.147105736499745 15.608313682647134 17.267660006846544 17.105349856647795 12.500000000000002 20.96728541027122 2.5000000000000004 14.174833804575995 3.5000000000000004
decision_type=2 2 2 2 2 2 2 2 2 2 2 2 2 2 2 2 2 2 2 2 2 2 2 2 2 2 2 2 2 2
left_child=1 -1 16 -2 5 6 -5 -7 -4 -6 -11 -12 15 14 -10 -13 -3 -18 -19 -14 28 -22 -23 24 -24 26 29 -27 -15 -25
right_child=3 2 8 4 9 7 -8 -9 13 10 11 12 19 20 -16 -17 17 18 -20 -21 21 22 23 25 -26 27 -28 -29 -30 -31
leaf_value=-0.57900719074963303 -0.18977137022358018 -0.19729372578474563 0.047146681040522907 0.40245029619556372 0.076416397188189933 0.065665129195065855 -0.39100144445166618 0.41554237970363339 0.042770235549942859 -0.19269328411534248 0.23389127592083581 -0.01326252672950492 0.048049383101240177 0.00081784749800970641 -0.039673001988782264 0.0088622106968077371 0.036021192251756685 -0.083380387156130109 0.0029647909764877359 -0.10583497478499655 0.019383500348783667 -0.094122694433231888 -0.056511269777263388 -0.071107130882041611 0.084905432756277502 0.043667846572722685 0.39342784060164526 -0.14158835660570324 -0.14744979174043385 -0.18569624682836305
leaf_weight=531 29 555 33 29 20 23 27 21 22 51 29 20 27 46 92 28 20 49 38 48 39 61 27 97 24 34 28 31 64 36
leaf_count=531 29 555 33 29 20 23 27 21 22 51 29 20 27 46 92 28 20 49 38 48 39 61 27 97 24 34 28 31 64 36
internal_value=-0.00183341 -0.00281062 -0.00191358 0.00323864 0.00397833 0.008 0.00214286 0.0154545 4.73174e-05 0.00217489 0.00140394 0.00289474 0.00150406 -0.000341099 -0.00324562 0.00541667 -0.00379154 -0.00126168 -0.00270115 -0.001 0.000338808 0.000835543 0.000325443 0.00113718 0.0067647 -0.000132745 -0.00127329 0.00269231 -0.00136364 -0.00274436
internal_weight=2179 1827 1296 352 323 100 56 44 634 223 203 152 123 601 114 48 662 107 87 75 487 377 338 277 51 226 161 65 110 133
internal_count=2179 1827 1296 352 323 100 56 44 634 223 203 152 123 601 114 48 662 107 87 75 487 377 338 277 51 226 161 65 110 133
is_linear=0
shrinkage=0.1


Tree=16
num_leaves=31
num_cat=0
split_feature=4 4 1 1 5 5 4 3 3 5 5 4 2 4 5 4 5 4 4 2 4 2 5 5 3 4 5 4 5 3
split_gain=0.919124 0.401664 0.438117 0.309977 0.411316 0.482853 0.214995 0.185991 0.145159 0.145072 0.350424 0.121385 0.118486 0.110999 0.110969 0.216216 0.108844 0.0996524 0.232883 0.264652 0.119766 0.133659 0.121058 0.157931 0.0887287 0.0833333 0.0778089 0.183115 0.0759038 0.0751067
threshold=20.998038819384593 9.2005625012115164 1.0000000180025095e-35 1.0000000180025095e-35 21.690618779787187 20.987906254051993 14.725939483042868 3.5000000000000004 1.5000000000000002 15.210723955843749 17.036650100000003 21.332922180526769 10.500000000000002 17.914117039176382 22.142677999947924 22.977338540954136 13.573254646218489 14.861596172451391 15.281155794946525 10.500000000000002 15.608313682647134 10.500000000000002 20.96728541027122 17.437064335127356 3.5000000000000004 21.920903664110195 20.96728541027122 20.300198138332426 20.839312201548569 1.0000000180025095e-35
decision_type=2 2 2 2 2 2 2 2 2 2 2 2 2 2 2 2 2 2 2 2 2 2 2 2 2 2 2 2 2 2
left_child=1 -1 9 14 5 11 7 12 -6 -3 -11 -5 16 -12 25 -16 -4 -8 19 -19 -20 22 23 -22 -25 -2 27 -15 29 -23
right_child=3 2 6 4 8 -7 17 -9 -10 10 13 -13 -14 26 15 -17 -18 18 20 -21 21 28 -24 24 -26 -27 -28 -29 -30 -31
leaf_value=-0.52110647167466984 -0.05832448470727767 -0.29887658173264237 0.03735808496863522 0.23779804174324634 0.32190680740305827 0.27085214166540589 -0.15818600934767155 0.049621588659672852 -0.055169171608992151 0.047292968883042415 -0.144641333393529 -0.44932313944147206 0.054491623009737616 -0.26036326888554073 0.15890044034215337 -0.07646372061494755 -0.19013016247870948 -0.084737953519052056 -0.12989456134121413 0.029838687262907011 0.0040118917465544034 -0.16219532187453922 0.47188963705915121 -0.07060363280313256 0.040991052632787628 0.048071041761568109 -0.0071888905264810097 0.023376438809937485 -0.044567757946887235 0.0025502720495191259
leaf_weight=531 75 295 21 20 34 36 45 23 57 30 235 23 34 34 37 37 28 26 60 28 34 33 21 60 22 25 51 20 52 152
leaf_count=531 75 295 21 20 34 36 45 23 57 30 235 23 34 34 37 37 28 26 60 28 34 33 21 60 22 25 51 20 52 152
internal_value=-0.00160395 -0.00249319 -0.00154908 0.00313953 0.00617647 0.0114557 0.000320813 0.00443396 0.00159341 -0.00334587 -0.00202703 0.00430232 0.00222891 -0.00294118 0.000172413 0.00310811 -0.000918369 -0.000497187 -8.19684e-05 0.00611111 -0.000852536 -0.000187167 0.00229927 0.00103448 -0.00134146 -0.002 -0.000238096 0.00240741 -0.00162447 -0.000675677
internal_weight=2179 1835 1304 344 170 79 639 106 91 665 370 43 83 340 174 74 49 533 488 54 434 374 137 116 82 100 105 54 237 185
internal_count=2179 1835 1304 344 170 79 639 106 91 665 370 43 83 340 174 74 49 533 488 54 434 374 137 116 82 100 105 54 237 185
is_linear=0
shrinkage=0.1


Tree=17
num_leaves=31
num_cat=0
split_feature=4 1 5 5 4 4 5 5 4 5 5 5 4 3 3 4 5 5 2 5 5 5 5 4 4 4 2 5 5 3
split_gain=0.622761 0.386627 0.243134 0.267242 0.14247 0.173475 0.227161 0.325682 0.117093 0.131915 0.0786849 0.144628 0.127843 0.0830063 0.0758621 0.114441 0.0738453 0.0682998 0.0755735 0.0805138 0.0636339 0.0908841 0.197655 0.175089 0.0665281 0.0658077 0.101772 0.128571 0.158203 0.0887287
threshold=9.2005625012115164 1.0000000180025095e-35 15.210723955843749 17.036650100000003 12.991242384062003 20.998038819384593 21.442954900189395 20.987906254051993 17.914117039176382 17.52918205315434 23.184640751001822 22.142677999947924 22.977338540954136 3.5000000000000004 1.0000000180025095e-35 17.520632892765949 21.91572576859669 21.776906625236375 12.500000000000002 19.861967316666671 13.328071031393298 14.998769083333334 15.15513456778025 15.185066504054875 14.502389119893476 15.608313682647134 10.500000000000002 20.96728541027122 17.437064335127356 3.5000000000000004
decision_type=2 2 2 2 2 2 2 2 2 2 2 2 2 2 2 2 2 2 2 2 2 2 2 2 2 2 2 2 2 2
left_child=-1 2 -2 -4 -3 20 7 -7 9 14 11 13 -13 17 -5 -16 -8 18 19 -10 -6 24 23 -23 -22 -24 27 28 -27 -30
right_child=1 4 3 8 5 6 16 -9 10 -11 -12 12 -14 -15 15 -17 -18 -19 -20 -21 21 22 25 -25 -26 26 -28 -29 29 -31
leaf_value=-0.46899582450720279 -0.2706425953306556 0.0380108635715556 0.040842318540032459 -0.15783100153877427 0.014665587270901493 0.10806441712861502 -0.048123054860099893 0.29189705057873944 0.03150012125742712 -0.15978381279316098 -0.11729780537090678 0.2974847145636394 -0.045695200801844443 -0.076696120543105289 0.007615559276051443 -0.1199603416672872 0.26688822268237583 -0.46505571149433012 0.06202640292962424 -0.02031956647719943 -0.099456224929529866 0.0067798964286424875 -0.13455431043168264 -0.060819852799133545 -0.11888590088074882 0.0050773667309279916 -0.0078031611187013268 0.4247006733532363 -0.063543269522819454 0.036891947369508925
leaf_weight=531 299 33 31 22 34 43 22 29 20 155 31 27 22 39 25 33 76 22 42 71 39 23 68 21 72 23 223 21 60 22
leaf_count=531 299 33 31 22 34 43 22 29 20 155 31 27 22 39 25 33 76 22 42 71 39 23 68 21 72 23 223 21 60 22
internal_value=-0.00183341 -0.000873788 -0.00237783 -0.00111111 0.000686031 0.00041237 0.00323529 0.0075 -0.00166012 -0.00329787 -0.000255476 0.000349793 0.00520408 -0.00087629 -1.19209e-09 0.00189655 0.00010204 0.000161289 0.00101504 -0.000604397 -0.000379539 -0.000629372 -1.08472e-05 0.00636364 -0.0031982 -0.000683454 -0.000128941 0.00214286 0.000714285 -0.00134146
internal_weight=2179 1648 839 540 809 776 170 72 509 235 274 243 49 194 80 58 98 155 133 91 606 572 461 44 111 417 349 126 105 82
internal_count=2179 1648 839 540 809 776 170 72 509 235 274 243 49 194 80 58 98 155 133 91 606 572 461 44 111 417 349 126 105 82
is_linear=0
shrinkage=0.1


Tree=18
num_leaves=31
num_cat=0
split_feature=4 1 5 5 4 5 5 5 5 4 3 4 5 5 4 5 5 5 2 0 4 4 2 4 5 5 4 4 3 5
split_gain=0.749877 0.500513 0.251635 0.256375 0.178846 0.384966 0.223116 0.263639 0.212095 0.159103 0.136055 0.237201 0.128257 0.11669 0.135131 0.273102 0.243266 0.204545 0.135641 0.107445 0.103009 0.239823 0.285142 0.122 0.108925 0.137289 0.107398 0.210064 0.250508 0.14406
threshold=12.024656452076721 1.0000000180025095e-35 15.210723955843749 17.036650100000003 14.725939483042868 14.174833804575995 20.810136667956268 20.931965772701261 14.446201138224959 21.920903664110195 2.5000000000000004 23.160782668137188 17.548095038381994 23.614247353693305 21.332922180526769 21.86037211941829 21.690618779787187 21.132937595628011 10.500000000000002 1.5000000000000002 14.861596172451391 15.281155794946525 10.500000000000002 15.608313682647134 17.640653113263117 17.621355012700022 17.825154799808683 17.53040841431142 2.5000000000000004 17.326993645532053
decision_type=2 2 2 2 2 2 2 2 2 2 2 2 2 2 2 2 2 2 2 2 2 2 2 2 2 2 2 2 2 2
left_child=-1 2 -2 -4 5 -3 20 -8 -7 12 11 -11 -5 14 15 -9 17 -16 -18 -14 -6 22 -22 -23 25 26 27 29 -29 -25
right_child=1 4 3 9 6 8 7 13 -10 10 -12 -13 19 -15 16 -17 18 -19 -20 -21 21 23 -24 24 -26 -27 -28 28 -30 -31
leaf_value=-0.41126633653771522 -0.23239515650228287 0.050543869913220664 0.036758086686029152 0.004666357325225275 -0.13314985509291702 -0.13076653275617048 0.32761902068882132 -0.050334894211607008 0.12268098002413344 0.3261389589380676 -0.037216218160948902 -0.074173250996384901 -0.013315643314539783 -0.4212793591605703 0.10566070792970546 0.4785228395968355 0.40604642003088309 0.30717582220285644 -0.077336079926144996 -0.18853956876534977 -0.073800499132143704 -0.10344967416392459 0.028526387712328957 0.0028437925716301594 -0.11141772327366382 0.12597216661454322 -0.16841524274303285 0.050151674343924604 -0.12974428318120232 -0.086283018095685088
leaf_weight=576 276 23 31 102 45 41 29 63 20 21 34 23 166 21 22 20 25 22 39 163 26 60 27 51 39 23 37 38 29 87
leaf_count=576 276 23 31 102 45 41 29 63 20 21 34 23 166 21 22 20 25 22 39 163 26 60 27 51 39 23 37 38 29 87
internal_value=-0.00155806 -0.00044604 -0.00218137 -0.000925927 0.00135324 0.00571428 0.000832147 0.00329875 0.00155738 -0.00146366 0.00269231 0.00636364 -0.00221578 0.00207547 0.0028534 -0.000180724 0.00518518 0.0109091 0.00125 -0.00317629 -0.000454547 3.597e-05 0.00632075 -0.000879122 -6.57907e-05 0.000660376 -4.13235e-05 0.000853657 0.00544776 -0.00137681
internal_weight=2179 1603 816 540 787 84 703 241 61 509 78 44 431 212 191 83 108 44 64 329 462 417 53 364 304 265 242 205 67 138
internal_count=2179 1603 816 540 787 84 703 241 61 509 78 44 431 212 191 83 108 44 64 329 462 417 53 364 304 265 242 205 67 138
is_linear=0
shrinkage=0.1


Tree=19
num_leaves=31
num_cat=0
split_feature=4 1 4 5 5 5 4 5 4 5 3 4 5 4 4 3 5 5 5 4 4 4 4 5 5 5 5 5 5 5
split_gain=0.663554 0.366919 0.209629 0.183626 0.182875 0.267242 0.11746 0.132706 0.114904 0.149873 0.237037 0.111111 0.0983126 0.128967 0.175205 0.110409 0.0900735 0.0877469 0.0918372 0.105113 0.0920506 0.0969001 0.0791075 0.073979 0.0738453 0.05408 0.0806263 0.108989 0.0998929 0.0819195
threshold=12.024656452076721 1.0000000180025095e-35 14.560799814376409 14.174833804575995 15.210723955843749 17.036650100000003 20.505301852960415 17.548095038381994 20.998038819384593 21.442954900189395 1.5000000000000002 21.332922180526769 13.328071031393298 14.861596172451391 14.955590939810294 1.0000000180025095e-35 17.5037020983061 23.184640751001822 22.000987995625003 22.977338540954136 20.858280292378833 21.920903664110195 17.520632892765949 14.998769083333334 21.91572576859669 20.974502233146222 17.621355012700022 17.674119020352393 17.583643082863357 16.522279094236115
decision_type=2 2 2 2 2 2 2 2 2 2 2 2 2 2 2 2 2 2 2 2 2 2 2 2 2 2 2 2 2 2
left_child=-1 4 3 -3 -2 -6 7 16 12 10 -10 -12 -4 -14 -15 -16 22 18 20 -20 -8 -22 -7 -17 -11 26 28 -28 29 -25
right_child=1 2 8 -5 5 6 17 -9 9 24 11 -13 13 14 15 23 -18 -19 19 -21 21 -23 -24 25 -26 -27 27 -29 -30 -31
leaf_value=-0.37013970288394377 -0.20915564085205471 0.039081639187371703 0.020193517561797807 0.029042101545241353 0.033082278017426352 -0.0086176039205945187 0.010315165035156997 -0.1400725936786105 -0.029664571214230641 -0.071985997060391757 0.17044989378717781 0.26352299882565022 -0.22703288861063214 0.0033055624058788871 -0.025231854190546955 -0.35240858038713807 0.023271648220850163 -0.090302006274819865 0.19917084798317949 -0.051229827561431233 -0.050470263659556105 0.052587848519635133 -0.1848557646047827 -0.041400426514871809 0.21167927769221243 -0.078528052291745004 0.090086422748012929 0.08973897157352316 -0.13208598598832175 0.061889858678692233
leaf_weight=576 276 21 29 40 31 29 33 194 27 22 20 25 60 22 83 25 32 29 30 23 77 23 39 75 76 43 29 36 59 95
leaf_count=576 276 21 29 40 31 29 33 194 27 22 20 25 60 22 83 25 32 29 30 23 77 23 39 75 76 43 29 36 59 95
internal_value=-0.00174163 -0.000695572 0.00084498 0.00647541 -0.00218137 -0.00111111 -0.00166012 -0.00295918 0.0003719 0.00264706 0.00611111 0.0105556 -0.000323742 -0.000635675 -7.49477e-05 -0.000505619 -1.19209e-09 0.000116278 0.000913977 0.00443396 -0.000488723 -0.002 -0.00205882 0.000248618 0.00010204 0.000637981 0.00112245 0.00423077 0.000240173 0.00147059
internal_weight=2179 1603 787 61 816 540 509 294 726 170 72 45 556 527 467 445 100 215 186 53 133 100 68 362 98 337 294 65 229 170
internal_count=2179 1603 787 61 816 540 509 294 726 170 72 45 556 527 467 445 100 215 186 53 133 100 68 362 98 337 294 65 229 170
is_linear=0
shrinkage=0.1


Tree=20
num_leaves=31
num_cat=0
split_feature=4 1 5 5 4 5 5 5 0 5 5 4 5 4 4 4 5 3 4 3 2 5 4 4 4 2 4 4 5 5
split_gain=0.706056 0.309894 0.228191 0.245733 0.222963 0.384966 0.212095 0.143189 0.11464 0.168528 0.121741 0.115198 0.104197 0.122676 0.218129 0.134979 0.168099 0.224703 0.134426 0.119833 0.102151 0.0884262 0.0815474 0.102209 0.245155 0.285142 0.143992 0.0782295 0.0710864 0.0727929
threshold=12.024656452076721 1.0000000180025095e-35 15.210723955843749 17.036650100000003 14.725939483042868 14.174833804575995 14.446201138224959 17.611349546148872 1.5000000000000002 20.878554373672518 17.548095038381994 20.52239953422793 23.614247353693305 17.788177970260559 20.370630667583363 20.998038819384593 21.442954900189395 1.5000000000000002 17.420835571396015 1.5000000000000002 10.500000000000002 17.5037020983061 17.788177970260559 14.861596172451391 15.281155794946525 10.500000000000002 17.540910296411852 17.520632892765949 21.040815150554661 23.184640751001822
decision_type=2 2 2 2 2 2 2 2 2 2 2 2 2 2 2 2 2 2 2 2 2 2 2 2 2 2 2 2 2 2
left_child=-1 2 -2 -4 5 -3 -7 22 9 -5 21 -11 13 18 -15 20 17 -17 -9 -18 -16 27 23 -6 25 -25 -26 -10 -13 -30
right_child=1 4 3 8 7 6 -8 12 10 11 -12 28 -14 14 15 16 19 -19 -20 -21 -22 -23 -24 24 26 -27 -28 -29 29 -31
leaf_value=-0.33312573259554945 -0.1882400767668494 0.04328124945410252 0.029774050215683551 0.019229220013527362 -0.094803233195614914 -0.12059408963507756 0.10750867186719622 0.12067884336198852 -0.0077558435285350674 0.018048093196904636 -0.15602825291745565 -0.070956407113408157 -0.40031935101373439 0.026026897274322093 0.30405296828150691 -0.021965811001851271 0.3288195882290329 0.26064329518939533 -0.21038814337903081 -0.060643229366174667 -0.046907068597416141 0.020944483398765281 -0.21283265820010994 -0.063398057622803095 -0.035764166684851995 0.024161036363026227 0.049318623113751681 -0.16368751245323213 0.0016252906336720304 -0.077347458917659109
leaf_weight=576 276 23 31 22 44 41 20 20 29 29 164 43 21 31 24 22 26 41 41 59 38 32 46 26 192 27 45 38 124 28
leaf_count=576 276 23 31 22 44 41 20 20 29 29 164 43 21 31 24 22 26 41 41 59 38 32 46 26 192 27 45 38 124 28
internal_value=-0.00164984 -0.000570806 -0.00193628 -0.000740742 0.00084498 0.00571428 0.00155738 0.000263157 -0.00126719 0.000284552 -0.00271863 -0.000535715 0.00181114 0.00228477 0.00329875 0.00214286 0.00378378 0.00769841 -0.00172131 0.000882352 -0.00177419 5.05039e-05 -0.00105263 -0.000508983 0.000172413 0.00632075 -0.00120253 -0.00201493 -0.00141026 -0.000394738
internal_weight=2179 1603 816 540 787 84 61 703 509 246 263 224 323 302 241 210 148 63 61 85 62 99 380 334 290 53 237 67 195 152
internal_count=2179 1603 816 540 787 84 61 703 509 246 263 224 323 302 241 210 148 63 61 85 62 99 380 334 290 53 237 67 195 152
is_linear=0
shrinkage=0.1


Tree=21
num_leaves=31
num_cat=0
split_feature=4 1 5 5 4 4 2 5 0 4 5 5 5 3 4 5 4 3 4 5 4 4 3 5 5 4 5 2 2 4
split_gain=0.76854 0.367219 0.15954 0.158025 0.131769 0.153631 0.24117 0.12796 0.183457 0.140655 0.0998585 0.264188 0.143871 0.186163 0.352898 0.189816 0.21324 0.113554 0.0962527 0.119725 0.0991991 0.132428 0.0945122 0.0881506 0.129574 0.130086 0.140716 0.128476 0.114683 0.0988304
threshold=12.274732501210371 1.0000000180025095e-35 13.328071031393298 15.210723955843749 17.754344416624125 14.560799814376409 10.500000000000002 17.548095038381994 1.5000000000000002 20.52239953422793 22.214540239447736 21.86037211941829 21.442954900189395 1.5000000000000002 21.301566615836443 20.878554373672518 17.812233855562532 1.5000000000000002 16.773250739507059 17.37220656832211 17.788177970260559 17.520632892765949 1.0000000180025095e-35 14.802116892745781 15.147105736499745 15.608313682647134 17.517359113853114 12.500000000000002 11.500000000000002 17.353262051597955
decision_type=2 2 2 2 2 2 2 2 2 2 2 2 2 2 2 2 2 2 2 2 2 2 2 2 2 2 2 2 2 2
left_child=-1 3 -3 -2 5 6 -4 18 9 -9 11 12 13 22 15 16 -15 -12 -5 -20 21 -21 -6 -7 28 -26 27 -27 -25 -28
right_child=1 2 4 7 10 23 -8 8 -10 -11 17 -13 -14 14 -16 -17 -18 -19 19 20 -22 -23 -24 24 25 26 29 -29 -30 -31
leaf_value=-0.29935298406773841 -0.17687848492876737 0.016530559198112655 -0.12397953646305813 0.038846119377055705 0.0026540986334782487 -0.23120194754361725 0.090693432527865589 0.010472551098582033 -0.14042542762571014 -0.011342861327986058 0.1299679017199086 0.43519587999463999 -0.058751382440455219 -0.02378520312976622 0.18176558913933066 -0.13354517322972306 0.21809465049906462 -0.14397504570646982 -0.30740390135856527 0.0047661204681499099 0.038023603145235986 -0.13812112536437945 -0.14850731490264024 -0.037174693594546664 -0.11506105016681217 0.001862617092005297 0.082450987808859927 0.069031487523128807 0.0086299039117546886 -0.085262539774295876
leaf_weight=585 270 41 28 24 41 49 23 38 164 205 38 21 24 23 30 41 29 35 29 31 23 26 31 36 72 68 24 20 20 90
leaf_count=585 270 41 28 24 41 49 23 38 164 205 38 21 24 23 30 41 29 35 29 31 23 26 31 36 72 68 24 20 20 90
internal_value=-0.00155806 -0.000420327 0.00112245 -0.00191358 0.000787347 -0.000348838 0.00480392 -0.000925927 -0.0018059 -6.17296e-05 0.00234824 0.00333333 0.00230593 0.00320513 0.0055691 0.00252688 0.00653846 -0.000890412 0.00176692 0.000504586 0.0025 0.000263157 -0.000833335 -0.00104222 -0.000454547 -0.00135037 -4.95061e-05 0.00295454 0.00392857 -0.00236842
internal_weight=2179 1594 784 810 743 430 51 540 407 243 313 240 219 195 123 93 52 73 133 109 80 57 72 379 330 274 202 88 56 114
internal_count=2179 1594 784 810 743 430 51 540 407 243 313 240 219 195 123 93 52 73 133 109 80 57 72 379 330 274 202 88 56 114
is_linear=0
shrinkage=0.1


Tree=22
num_leaves=31
num_cat=0
split_feature=5 1 4 5 5 4 5 3 4 2 3 2 5 0 5 3 4 5 2 5 5 5 4 4 4 4 4 4 4 4
split_gain=0.795017 0.251487 0.474236 0.242987 0.226045 0.157605 0.186083 0.251443 0.0997104 0.444444 0.0877984 0.247149 0.0837993 0.0892099 0.152522 0.127501 0.164826 0.0921702 0.0895229 0.090111 0.123731 0.0738453 0.0688525 0.0806658 0.0675 0.27 0.0622222 0.174048 0.104322 0.0502641
threshold=10.402040591666667 1.0000000180025095e-35 12.991242384062003 13.328071031393298 15.210723955843749 20.998038819384593 21.442954900189395 1.5000000000000002 14.560799814376409 10.500000000000002 3.5000000000000004 9.5000000000000018 17.036650100000003 1.5000000000000002 20.878554373672518 1.5000000000000002 20.576777831673464 17.611349546148872 13.500000000000002 22.214540239447736 21.040815150554661 21.91572576859669 14.861596172451391 14.977966606818152 17.665851831632825 17.105349856647795 17.17972032120424 17.353262051597955 17.788177970260559 22.60877347675147
decision_type=2 2 2 2 2 2 2 2 2 2 2 2 2 2 2 2 2 2 2 2 2 2 2 2 2 2 2 2 2 2
left_child=-1 4 -3 -4 -2 8 7 -7 9 -5 22 -12 -6 14 -14 -16 -17 26 19 20 -18 -8 -10 -24 25 -13 -15 -28 -29 -23
right_child=1 2 3 5 12 6 21 -9 10 -11 11 24 13 17 15 16 18 -19 -20 -21 -22 29 23 -25 -26 -27 27 28 -30 -31
leaf_value=-0.27341759991646647 -0.14896973416841455 0.024722280844309233 0.019665497872576085 -0.1918990462103993 0.022912033256409822 -0.022874021619587816 -0.052847936173689616 0.21053425069955956 -0.21383717272443603 0.087688461427690059 0.23915876106006922 -0.26437375311529598 0.013641693647595699 -0.18193630248702883 -0.19927363722248195 0.027733248180341355 -0.071972980172831047 -0.14208843096577972 -0.092593347518508201 -0.008313298401627648 0.058458835716388324 0.21480144278681587 0.0046430085338289217 -0.0063360790425781681 -0.19624173366879699 0.062647841554203013 0.00085785137093838187 -0.11090628842170047 0.014187316197838629 -0.10842844187725185
leaf_weight=576 273 26 27 25 31 25 22 42 54 20 27 30 22 24 71 20 28 113 26 38 41 31 20 346 30 20 22 67 37 45
leaf_count=576 273 26 27 25 31 25 22 42 54 20 27 30 22 24 71 20 28 113 26 38 41 31 20 346 30 20 22 67 37 45
internal_value=-0.00146627 -0.000321274 0.000949366 0.000497381 -0.00155597 0.000156037 0.00287879 0.0069403 -0.000629372 0.00388889 -0.00101518 0.00154205 -0.000370372 -0.000677801 0.000691056 -8.92869e-05 0.00153595 -0.00195818 0.000263157 0.00154205 0.00369565 0.00010204 -0.00166667 -0.00117486 -0.00125 0.000999999 -0.000333335 0.000555554 -0.00115385 0.00157895
internal_weight=2179 1603 790 764 813 737 165 67 572 45 527 107 540 509 246 224 153 263 133 107 69 98 420 366 80 50 150 126 104 76
internal_count=2179 1603 790 764 813 737 165 67 572 45 527 107 540 509 246 224 153 263 133 107 69 98 420 366 80 50 150 126 104 76
is_linear=0
shrinkage=0.1


Tree=23
num_leaves=31
num_cat=0
split_feature=5 4 5 2 5 4 1 3 4 4 5 4 2 2 3 4 4 4 3 5 4 4 4 4 5 5 5 2 5 5
split_gain=0.647274 0.182686 0.147615 0.146286 0.135362 0.111805 0.291724 0.19961 0.186639 0.121602 0.103072 0.15873 0.119225 0.115138 0.160387 0.218329 0.158101 0.211952 0.201217 0.156161 0.26501 0.1217 0.08319 0.176702 0.110678 0.0990712 0.169033 0.089426 0.116135 0.264552
threshold=10.402040591666667 20.300198138332426 23.614247353693305 9.5000000000000018 13.328071031393298 14.560799814376409 1.0000000180025095e-35 2.5000000000000004 14.861596172451391 14.918783562155456 20.878554373672518 21.301566615836443 14.500000000000002 12.500000000000002 2.5000000000000004 21.318795634350685 21.332922180526769 21.477533529154652 2.5000000000000004 22.760432649247686 21.738113586558729 20.52239953422793 17.804346340848593 17.732789507572232 17.571499862113807 17.64390513419611 17.621355012700022 11.500000000000002 16.282532453418806 17.437064335127356
decision_type=2 2 2 2 2 2 2 2 2 2 2 2 2 2 2 2 2 2 2 2 2 2 2 2 2 2 2 2 2 2
left_child=-1 3 10 4 -2 6 -5 -8 -7 -10 11 -3 13 16 15 -15 21 -18 19 20 -19 -12 23 25 -25 26 27 28 -11 -30
right_child=1 2 -4 5 -6 8 7 -9 9 22 12 -13 -14 14 -16 -17 17 18 -20 -21 -22 -23 -24 24 -26 -27 -28 -29 29 -31
leaf_value=-0.24607583992481974 0.011710232384866931 0.25640415198897343 -0.087606244375577763 -0.12832651996729802 -0.038434377539256978 -0.20271099425776146 -0.037001137386544571 0.036199245325766939 0.003721894232655348 -0.031548771521764211 0.017552211350117634 -0.12412162188150311 -0.21355999848876259 0.064872272363882238 -0.0036696348260980339 0.10089830186810236 0.17187638544025652 -0.016800842971794201 -0.04735135969161626 -0.051536171827046062 0.23283596839171108 -0.097119117806258981 -0.034634959761596952 -0.1221902552837959 0.0052340293176956591 -0.23106075441648263 0.087949346839828149 -0.02973352900520539 0.12839099616440564 -0.028548517137489994
leaf_weight=576 22 24 37 52 228 105 30 27 27 115 21 21 30 25 41 28 25 21 60 28 25 92 112 20 27 50 23 189 32 66
leaf_count=576 22 24 37 52 228 105 30 27 27 115 21 21 30 25 41 28 25 21 60 28 25 92 112 20 27 50 23 189 32 66
internal_value=-0.00160395 -0.000570806 0.00106694 -0.00126667 -0.0034 -0.000657144 0.00233945 0.0072807 -0.00108355 -0.000461423 0.00157596 0.00611111 0.0010606 0.00155738 0.00457447 0.00820755 0.000514705 0.00254717 0.000970148 0.00445946 0.00804348 -0.00234513 -0.000741326 -0.000210729 0.0056383 -0.000789475 -0.000294119 -0.000771145 0.000633802 0.00316326
internal_weight=2179 1603 478 1125 250 875 109 57 766 661 441 45 396 366 94 53 272 159 134 74 46 113 634 522 47 475 425 402 213 98
internal_count=2179 1603 478 1125 250 875 109 57 766 661 441 45 396 366 94 53 272 159 134 74 46 113 634 522 47 475 425 402 213 98
is_linear=0
shrinkage=0.1


Tree=24
num_leaves=31
num_cat=0
split_feature=5 1 4 5 5 4 2 4 4 5 2 4 3 4 3 5 4 5 2 5 5 3 2 4 4 5 5 2 5 4
split_gain=0.606608 0.249334 0.501743 0.106517 0.110198 0.0697138 0.240085 0.0922595 0.116806 0.179288 0.173077 0.0808665 0.244379 0.0778524 0.120155 0.0878428 0.117673 0.154407 0.0934829 0.0900214 0.175439 0.0898855 0.0657795 0.0937646 0.162578 0.0484472 0.0909897 0.142017 0.052978 0.0595835
threshold=10.402040591666667 1.0000000180025095e-35 12.991242384062003 15.210723955843749 17.036650100000003 14.7413709393212 10.500000000000002 14.861596172451391 15.281155794946525 16.522279094236115 10.500000000000002 17.267660006846544 2.5000000000000004 17.540910296411852 1.5000000000000002 17.598396061764848 20.300198138332426 20.915867184710795 10.500000000000002 21.944493206003902 21.012319677726317 1.5000000000000002 11.500000000000002 20.998038819384593 21.738113586558729 23.184640751001822 21.604318189176762 12.500000000000002 17.611349546148872 17.17972032120424
decision_type=2 2 2 2 2 2 2 2 2 2 2 2 2 2 2 2 2 2 2 2 2 2 2 2 2 2 2 2 2 2
left_child=-1 3 -3 -2 -5 6 -4 -7 10 -10 -9 12 -11 14 -13 21 -17 -18 19 20 -19 -15 -20 -24 -25 26 28 -28 29 -6
right_child=1 2 5 4 25 7 -8 8 9 11 -12 13 -14 15 -16 16 17 18 22 -21 -22 -23 23 24 -26 -27 27 -29 -30 -31
leaf_value=-0.22146825593233788 -0.12511118731255064 0.019242354280653524 -0.052225061733642046 0.014015189869430247 -0.16002974745097215 -0.23047267890025536 0.05002524172008254 -0.049138214359497001 -0.027606079974169001 -0.17728435147590796 0.023764410110796542 -0.0010912718853279778 0.077033052555574577 -0.16421312510964564 -0.31366025752404703 -0.0050341971799890617 0.27372252075386044 0.096095895298699607 -0.096498834032976044 0.31016560100944923 -0.24416919271191181 0.06446691426247729 -0.024899764049535089 0.33286372099857453 -0.030831719093481775 -0.06999546896155362 -0.0198836209522021 0.093646388220646623 -0.056250323430390804 -0.0031232762349309357
leaf_weight=576 273 26 39 31 24 38 36 26 106 31 26 24 24 22 62 70 21 27 38 34 30 31 25 21 33 36 56 34 230 129
leaf_count=576 273 26 39 31 24 38 36 26 106 31 26 24 24 22 62 70 21 27 38 34 30 31 25 21 33 36 56 34 230 129
internal_value=-0.00169573 -0.000695572 0.000569619 -0.00192497 -0.00111111 0.000104711 0.003 -0.000210451 6.91232e-05 -0.000325544 0.00461538 0.000476672 0.00409091 2.28299e-05 -0.00267442 0.000681817 1.67212e-05 0.00111354 0.00028846 0.00269231 0.000263157 0.00443396 -0.0015812 6.32899e-05 0.00240741 -0.00146366 -0.0011945 0.00166667 -0.00186684 -0.000424838
internal_weight=2179 1603 790 813 540 764 75 689 651 599 52 493 55 438 86 352 299 229 208 91 57 53 117 79 54 509 473 90 383 153
internal_count=2179 1603 790 813 540 764 75 689 651 599 52 493 55 438 86 352 299 229 208 91 57 53 117 79 54 509 473 90 383 153
is_linear=0
shrinkage=0.1


Tree=25
num_leaves=31
num_cat=0
split_feature=5 1 4 4 4 5 5 4 3 2 4 5 3 4 5 4 2 4 2 2 4 4 4 4 4 4 5 5 5 5
split_gain=0.668102 0.105986 0.272526 0.170271 0.2886 0.120392 0.105425 0.0990643 0.097448 0.102564 0.102208 0.148231 0.094816 0.119332 0.0858745 0.0821401 0.444444 0.131841 0.083138 0.282837 0.126481 0.235714 0.0581973 0.105326 0.124109 0.0962429 0.0897918 0.0838265 0.149419 0.110727
threshold=10.402040591666667 1.0000000180025095e-35 12.991242384062003 15.7749817484308 17.326815694589431 20.860216788090124 13.328071031393298 17.17972032120424 1.5000000000000002 13.500000000000002 20.52239953422793 21.012319677726317 2.5000000000000004 21.588065905142749 15.210723955843749 14.560799814376409 10.500000000000002 14.861596172451391 12.500000000000002 13.500000000000002 17.743853269577695 21.256499010380026 17.601147357158535 17.797202492205422 20.491858216648414 17.267660006846544 23.184640751001822 21.944493206003902 21.152617504822917 20.96728541027122
decision_type=2 2 2 2 2 2 2 2 2 2 2 2 2 2 2 2 2 2 2 2 2 2 2 2 2 2 2 2 2 2
left_child=-1 3 -3 14 7 -6 -4 -5 9 -7 -10 -12 -13 -14 -2 16 -8 -17 22 20 -20 -22 25 -24 -25 -19 27 28 29 -26
right_child=1 2 6 4 5 8 15 -9 10 -11 11 12 13 -15 -16 17 -18 18 19 -21 21 -23 23 24 26 -27 -28 -29 -30 -31
leaf_value=-0.19932143033910404 -0.13360867207900354 0.017318118852588223 0.018229098626784897 0.0089762591866804162 -0.059050865588403639 -0.22818554378740716 -0.16367186250612931 0.0043717151929569213 0.019666468491948468 0.21104897646804194 -0.078562962964147998 0.0078223311055058975 0.008977959543436359 -0.052118125644868209 -0.001177222290197275 -0.16035513641341601 0.077251204595977188 -0.0046929646812493286 0.051541345942538154 -0.0027174528037252916 -0.47607134811083185 0.30239506094437923 0.045996128969405824 -0.016998366109603542 -0.098765732779519666 -0.2849530022432033 -0.41389384386534644 0.278804010962099 -0.039259213549983851 0.11891831413296845
leaf_weight=576 259 26 27 38 224 52 25 25 23 26 33 33 28 43 29 60 20 157 40 78 22 20 40 49 28 70 23 37 35 33
leaf_count=576 259 26 27 38 224 52 25 25 23 26 33 33 28 43 29 60 20 157 40 78 22 20 40 49 28 70 23 37 35 33
internal_value=-0.00155806 -0.000508423 0.000316455 -0.00130996 -0.000238096 -0.0011039 -2.61792e-05 0.00611111 0.000462184 -0.0024359 0.001875 0.000839415 0.00269231 0.000633802 -0.00326389 -0.000251019 0.00388889 -0.000520232 -9.49379e-05 0.001875 0.00597561 0.00214286 -0.000762713 0.000306121 -0.000609757 -0.0019163 0.00076923 0.00176692 0.000208332 0.00319672
internal_weight=2179 1603 790 813 525 462 764 63 238 78 160 137 104 71 288 737 45 692 632 160 82 42 472 245 205 227 156 133 96 61
internal_count=2179 1603 790 813 525 462 764 63 238 78 160 137 104 71 288 737 45 692 632 160 82 42 472 245 205 227 156 133 96 61
is_linear=0
shrinkage=0.1


Tree=26
num_leaves=31
num_cat=0
split_feature=5 4 4 5 3 4 5 5 5 3 2 4 5 5 5 3 5 5 4 4 3 4 4 5 5 5 4 5 4 3
split_gain=0.782109 0.205366 0.270538 0.169152 0.127975 0.235402 0.150341 0.143483 0.248086 0.141897 0.126295 0.128824 0.136686 0.294214 0.464211 0.512253 0.18 0.106668 0.164268 0.305122 0.104033 0.191341 0.171883 0.171237 0.0976974 0.133976 0.0964443 0.0943118 0.0764114 0.211304
threshold=10.402040591666667 20.491858216648414 20.545666217824643 17.583643082863357 3.5000000000000004 14.395895892965571 17.461852289105192 17.37220656832211 17.451295077009402 2.5000000000000004 14.500000000000002 20.809343447938371 20.860216788090124 21.212653007751378 20.987906254051993 1.5000000000000002 20.931965772701261 13.684436888498499 15.281155794946525 12.024656452076721 2.5000000000000004 22.730197376018268 23.92312367279704 22.634745314845151 17.37220656832211 15.126585997403495 22.977338540954136 17.548095038381994 17.353262051597955 2.5000000000000004
decision_type=2 2 2 2 2 2 2 2 2 2 2 2 2 2 2 2 2 2 2 2 2 2 2 2 2 2 2 2 2 2
left_child=-1 3 -3 4 7 -6 24 17 -9 27 11 -4 -13 14 16 -16 -14 18 19 -2 21 23 -23 -15 25 -7 -22 -10 29 -5
right_child=1 2 10 28 5 6 -8 8 9 -11 -12 12 13 20 15 -17 -18 -19 -20 -21 26 22 -24 -25 -26 -27 -28 -29 -30 -31
leaf_value=-0.17938928730519363 -0.016565588862345729 0.01860755027593956 -0.031529889707009172 0.091978887243022001 0.031209188649305875 -0.059514604852195244 0.052821671683314503 0.055770027479317058 0.007156756913989263 -0.093798680380761154 -0.42938707989045044 -0.12122000120544892 0.20752182405201325 -0.081500713803637687 0.0043674544464638483 0.25175456256134543 -0.32886797280509833 -0.049965725129625854 -0.022899927611050905 0.040121632080271891 -0.050013693847402965 -0.19695551116913362 0.011748205679012315 0.25235186798670839 -0.18136465805534327 0.00620109345754915 0.063803549314973215 -0.011597092806416709 -0.028258022234649641 -0.22082407062862833
leaf_weight=576 27 23 50 23 24 44 22 34 36 38 30 23 25 26 22 23 25 451 21 20 87 36 29 20 33 51 20 29 284 27
leaf_count=576 27 23 50 23 24 44 22 34 36 38 30 23 25 26 22 23 25 451 21 20 87 36 29 20 33 51 20 29 284 27
internal_value=-0.00114502 -9.35865e-06 0.00183371 -0.000704469 6.02398e-05 0.00247126 0.000999999 -0.000579269 0.00229927 -0.000145632 0.00125 0.00173575 0.00244047 0.00298722 0.00763158 0.015 0.000999999 -0.00133911 0.00235294 0.0056383 0.000963302 0.00310811 -0.000384617 0.00804348 -0.000312501 0.00131579 -0.00126168 0.00269231 -0.00260479 0.000999999
internal_weight=2179 1603 439 1164 830 174 150 656 137 103 416 386 336 313 95 45 50 519 68 47 218 111 65 46 128 95 107 65 334 50
internal_count=2179 1603 439 1164 830 174 150 656 137 103 416 386 336 313 95 45 50 519 68 47 218 111 65 46 128 95 107 65 334 50
is_linear=0
shrinkage=0.1


Tree=27
num_leaves=31
num_cat=0
split_feature=5 1 4 5 5 5 4 2 4 4 2 5 5 5 4 4 5 4 2 4 4 4 4 4 5 5 4 1 4 5
split_gain=0.640084 0.305672 0.241294 0.240431 0.219974 0.192019 0.18678 0.166609 0.160053 0.158944 0.0971672 0.0925209 0.156012 0.143479 0.10189 0.113952 0.173123 0.200374 0.147422 0.0919608 0.12519 0.213452 0.149722 0.14359 0.141103 0.161105 0.0613636 0.059949 0.0559037 0.0797161
threshold=10.402040591666667 1.0000000180025095e-35 15.281155794946525 14.174833804575995 14.354176996385094 15.15513456778025 15.608313682647134 11.500000000000002 14.811215487648221 23.233825698598146 9.5000000000000018 22.214540239447736 20.766763772227211 17.629760684549023 20.545666217824643 20.998038819384593 20.987906254051993 22.118945477197524 10.500000000000002 17.875017990643311 17.53040841431142 17.677495457200056 17.353262051597955 17.754344416624125 17.512185247081025 17.326993645532053 16.138681244032362 1.0000000180025095e-35 14.861596172451391 17.548095038381994
decision_type=2 2 2 2 2 2 2 2 2 2 2 2 2 2 2 2 2 2 2 2 2 2 2 2 2 2 2 2 2 2
left_child=27 9 3 -3 -5 7 -4 8 -6 10 -2 12 13 19 -14 -16 -17 18 -18 20 22 -22 24 -23 25 26 -8 -1 -12 -30
right_child=1 2 6 4 5 -7 11 -9 -10 -11 28 -13 14 -15 15 16 17 -19 -20 -21 21 23 -24 -25 -26 -27 -28 -29 29 -31
leaf_value=-0.58840018303564889 -0.079369011392279532 0.028842991108979893 -0.061226826353669384 -0.15114005310356562 0.014807393351572995 -0.21822242392096203 -0.11222151174283751 0.011017643067952821 -0.040001033821613928 0.011109108648853434 -0.11558038295743789 -0.044778708088544478 0.057473351615153302 -0.13560061403239243 -0.092514134789105515 -0.030071527252390519 0.017879604763296853 -0.089398768276805304 0.2305269192620498 -0.27347805275809528 0.034543023646984111 -0.0090817037881776499 -0.06053112236433799 0.0052571831211793325 0.09265469566453155 -0.2189437403960105 0.03813675744128283 -0.092939715183096433 0.0019999957170018959 -0.016959225998925697
leaf_weight=282 169 44 59 31 36 33 20 20 27 27 109 75 37 47 36 31 20 22 23 23 22 21 44 39 21 35 24 294 205 303
leaf_count=282 169 44 59 31 36 33 20 20 27 27 109 75 37 47 36 31 20 22 23 23 22 21 44 39 21 35 24 294 205 303
internal_value=-0.00109913 -7.17417e-05 0.00132911 0.00442408 0.00248299 0.00448276 0.000342236 0.00704819 0.00452381 -0.00143297 -0.00169211 0.000925925 0.00145161 6.75664e-05 0.00387574 0.00257576 0.004375 0.00730769 0.0112791 0.0010241 0.00163717 0.0047561 -0.00013889 0.00166667 0.002 6.32899e-05 0.00409091 -0.00395833 -0.00111021 -0.000669293
internal_weight=2179 1603 790 191 147 116 599 83 63 813 786 540 465 296 169 132 96 65 43 249 226 82 144 60 100 79 44 576 617 508
internal_count=2179 1603 790 191 147 116 599 83 63 813 786 540 465 296 169 132 96 65 43 249 226 82 144 60 100 79 44 576 617 508
is_linear=0
shrinkage=0.1


Tree=28
num_leaves=31
num_cat=0
split_feature=4 1 4 4 3 2 5 5 5 4 2 4 3 5 5 4 4 4 2 2 3 4 4 5 5 5 2 5 4 4
split_gain=0.651531 0.25627 0.261827 0.149007 0.187079 0.230453 0.102294 0.117708 0.150637 0.0756377 0.0690374 0.134018 0.22265 0.154564 0.218931 0.22809 0.412941 0.214587 0.218948 0.192717 0.179348 0.174046 0.286467 0.114502 0.103594 0.187894 0.140299 0.0782487 0.0992481 0.0687276
threshold=9.2005625012115164 1.0000000180025095e-35 12.991242384062003 21.738113586558729 2.5000000000000004 11.500000000000002 22.214540239447736 21.86037211941829 21.212653007751378 7.524564635189992 13.500000000000002 20.604012224128997 1.5000000000000002 17.583643082863357 17.311020076807143 17.409325411106831 17.677495457200056 15.281155794946525 10.500000000000002 9.5000000000000018 2.5000000000000004 14.861596172451391 14.560799814376409 14.685934864039146 17.621355012700022 17.64390513419611 11.500000000000002 15.170489740093009 16.773250739507059 13.872815155575783
decision_type=2 2 2 2 2 2 2 2 2 2 2 2 2 2 2 2 2 2 2 2 2 2 2 2 2 2 2 2 2 2
left_child=9 3 -3 29 5 -5 7 8 10 -1 11 13 -13 14 17 20 -17 18 19 23 -16 22 -20 -4 -15 -26 -27 -19 -29 -2
right_child=1 2 6 4 -6 -7 -8 -9 -10 -11 -12 12 -14 24 15 16 -18 27 21 -21 -22 -23 -24 -25 25 26 -28 28 -30 -31
leaf_value=-0.088121773932547151 -0.168458587645931 0.018346225165157059 -0.025644915106621782 0.010704038963857855 -0.038765408942496082 -0.12939562689956718 -0.043067390997523533 0.34562876103820239 -0.019490108900955906 -0.16615313951157518 -0.026308715078973179 -0.12125393102046622 0.22458414990396142 -0.18014687844478727 -0.31673864293424353 0.030001705877860788 -0.012694572422583773 -0.02074755397491828 0.088175866514569531 -0.16926036689748203 0.036578365208219776 0.013983944997463483 -0.19028393644621899 0.036581330555086743 0.079650016189270853 -0.10255767742445193 0.0038124386500535306 0.013137290252181947 -0.20937649093266783 -0.0146605864040401
leaf_weight=36 53 33 22 28 39 23 77 22 37 495 60 25 37 52 22 23 26 56 23 43 24 27 34 20 22 47 20 35 22 696
leaf_count=36 53 33 22 28 39 23 77 22 37 495 60 25 37 52 22 23 26 56 23 43 24 27 34 20 22 47 20 35 22 696
internal_value=-0.000823774 0.000157766 0.00142769 -0.00106675 0.00277778 0.0067647 0.0010567 0.00143777 0.00120384 -0.00387006 0.0015625 0.00189655 0.00629032 0.00137066 0.00242705 0.00657895 0.0113265 0.00102837 0.00328402 -0.000294119 0.00152174 0.00690476 0.00377193 0.00452381 -0.0014539 0.000617976 -0.00201493 -0.00234513 0.000263157 -0.00152871
internal_weight=2179 1648 809 839 90 51 776 699 677 531 640 580 62 518 377 95 49 282 169 85 46 84 57 42 141 89 67 113 57 749
internal_count=2179 1648 809 839 90 51 776 699 677 531 640 580 62 518 377 95 49 282 169 85 46 84 57 42 141 89 67 113 57 749
is_linear=0
shrinkage=0.1


Tree=29
num_leaves=31
num_cat=0
split_feature=4 1 4 3 4 3 4 5 5 4 4 3 4 3 3 4 2 2 5 5 4 1 5 3 5 5 4 4 4 4
split_gain=0.584177 0.168438 0.179401 0.159813 0.183566 0.204545 0.144338 0.108882 0.138674 0.0939585 0.0897066 0.142464 0.0942753 0.224043 0.27276 0.188762 0.171383 0.165865 0.147947 0.141838 0.0944725 0.0799137 0.107744 0.0748488 0.0697051 0.0608764 0.0888433 0.058083 0.120301 0.0494784
threshold=12.024656452076721 1.0000000180025095e-35 14.7413709393212 3.5000000000000004 14.036429049775316 2.5000000000000004 23.233825698598146 14.802116892745781 15.058472634422651 14.901338911389677 21.186699431540653 1.0000000180025095e-35 17.53040841431142 1.5000000000000002 2.5000000000000004 17.353262051597955 12.500000000000002 11.500000000000002 17.579739920469191 20.907128106231244 17.17972032120424 1.0000000180025095e-35 7.8232979756925483 2.5000000000000004 21.259973055752763 17.036650100000003 15.556599819641656 8.3558881138263192 8.5286304853909574 22.243213547859419
decision_type=2 2 2 2 2 2 2 2 2 2 2 2 2 2 2 2 2 2 2 2 2 2 2 2 2 2 2 2 2 2
left_child=21 6 3 4 -3 -6 29 -4 -9 -10 12 -12 15 17 -15 16 20 -14 -16 -20 25 -1 -23 -13 -25 26 -11 -24 -29 -2
right_child=1 2 7 -5 5 -7 -8 8 9 10 11 23 13 14 18 -17 -18 -19 19 -21 -22 22 27 24 -26 -27 -28 28 -30 -31
leaf_value=-0.52961038233702673 -0.013174269124477873 -0.13983627246629393 -0.019194170344660338 0.024131319880108144 0.034812199603647613 -0.01250928301457634 0.0089277938875823078 0.0085993335211959118 -0.25984482475991472 -0.05190570525910905 0.17353732529021981 -0.070384951503288704 0.0074521863228747057 0.10056080427154722 -0.18267960839875608 -0.055903252511373805 0.028043268911822794 -0.018868685404048832 0.021000008642958253 0.03865301551374805 0.036195308968102115 0.010385201998405511 -0.13724887433067431 0.062296600509639269 -0.018629013928592588 -0.29716064005905157 0.016576832082652395 0.053471307178921637 -0.019760314419459846 -0.030185106083776204
leaf_weight=279 754 21 65 23 22 22 27 22 29 42 30 66 32 40 20 54 29 46 35 37 29 22 163 21 41 29 32 36 76 35
leaf_count=279 754 21 65 23 22 22 27 22 29 42 30 66 32 40 20 54 29 46 35 37 29 22 163 21 41 29 32 36 76 35
internal_value=-0.00105324 -7.17417e-05 0.000972045 0.00522727 0.00269231 0.00636364 -0.00107843 0.000436336 0.000835961 0.000555554 0.000831903 -0.00120253 0.00158823 0.00309524 0.00560606 0.000116278 0.0018323 -0.00115385 0.00260869 0.00472222 0.000303029 -0.00378472 -0.0026431 -0.00265625 -0.000161292 -0.00111651 0.000405404 -0.00318182 -0.00142857 -0.00132446
internal_weight=2179 1603 787 88 65 44 816 699 634 612 583 158 425 210 132 215 161 78 92 72 132 576 297 128 62 103 74 275 112 789
internal_count=2179 1603 787 88 65 44 816 699 634 612 583 158 425 210 132 215 161 78 92 72 132 576 297 128 62 103 74 275 112 789
is_linear=0
shrinkage=0.1


Tree=30
num_leaves=31
num_cat=0
split_feature=4 1 4 4 3 2 5 5 4 5 5 5 3 5 4 5 4 4 4 4 5 3 2 3 5 5 4 5 5 3
split_gain=0.632048 0.231501 0.269976 0.149007 0.187079 0.230453 0.146751 0.329417 0.158267 0.0758027 0.159363 0.122601 0.142105 0.213334 0.112678 0.106603 0.0756377 0.0730815 0.135639 0.169279 0.0727084 0.169173 0.18006 0.10952 0.0866554 0.212747 0.0687276 0.0871364 0.209331 0.230245
threshold=9.2005625012115164 1.0000000180025095e-35 14.7413709393212 21.738113586558729 2.5000000000000004 11.500000000000002 14.174833804575995 14.446201138224959 12.024656452076721 17.598396061764848 17.311020076807143 15.180954652934023 1.5000000000000002 14.802116892745781 15.281155794946525 17.621355012700022 7.524564635189992 17.140226403507743 17.627353575247966 17.409325411106831 20.878554373672518 1.0000000180025095e-35 10.500000000000002 1.0000000180025095e-35 22.214540239447736 21.86037211941829 13.872815155575783 17.548095038381994 17.5037020983061 2.5000000000000004
decision_type=2 2 2 2 2 2 2 2 2 2 2 2 2 2 2 2 2 2 2 2 2 2 2 2 2 2 2 2 2 2
left_child=16 3 6 26 5 -5 8 -8 -3 10 11 12 13 -4 -14 -11 -1 -12 19 -19 21 -17 -23 -22 25 -25 -2 28 29 -28
right_child=1 2 9 4 -6 -7 7 -9 -10 15 17 -13 14 -15 -16 20 -18 18 -20 -21 23 22 -24 24 -26 -27 27 -29 -30 -31
leaf_value=-0.06927555485467822 -0.12963788945365912 0.00050934170013633895 -0.076754458805632725 0.0095144285955240295 -0.032261484667786382 -0.11734884359836893 -0.12585262182952162 0.077323027717234011 0.022291891923834545 -0.15086563965781746 -0.11337398857881323 -0.17169689350059092 0.020497557457589528 0.0055957230530732042 -0.017141508553683401 -0.016384042097011376 -0.14657442041392721 0.0072468983018595919 -0.02686722634964759 0.022998460450936661 0.061924950499256753 -0.012475524468271486 0.21244919117433089 -0.0089794917258118889 -0.091368663073099779 0.31264237474603485 -0.093372805594881314 -0.026758927649576238 0.026889189349555781 0.0092438936735517938
leaf_weight=36 53 22 26 28 39 23 41 23 24 45 23 68 34 31 61 20 495 33 46 25 46 24 32 106 57 22 207 318 32 139
leaf_count=36 53 22 26 28 39 23 41 23 24 45 23 68 34 31 61 20 495 33 46 25 46 24 32 106 57 22 207 318 32 139
internal_value=-0.000869666 9.70862e-05 0.00130408 -0.00106675 0.00277778 0.0067647 0.00590909 0.0028125 0.0102174 0.000579398 0.00162824 -1.19209e-09 0.00157895 0.00552631 -0.000789475 -0.000454547 -0.00387006 0.00444882 0.00557692 0.0087931 0.000211725 0.00289474 0.00571428 -0.000670997 -0.00175676 -0.000312501 -0.00152871 -0.00126437 -0.000238096 -0.000953758
internal_weight=2179 1648 809 839 90 51 110 64 46 699 347 220 152 57 95 352 531 127 104 58 307 76 56 231 185 128 749 696 378 346
internal_count=2179 1648 809 839 90 51 110 64 46 699 347 220 152 57 95 352 531 127 104 58 307 76 56 231 185 128 749 696 378 346
is_linear=0
shrinkage=0.1


Tree=31
num_leaves=31
num_cat=0
split_feature=4 1 4 2 3 5 4 4 3 5 5 5 4 4 3 4 4 4 0 5 5 5 4 1 5 4 4 3 4 2
split_gain=0.59203 0.166204 0.318441 0.209729 0.168498 0.163924 0.134346 0.131667 0.173545 0.233884 0.433796 0.221592 0.186741 0.336275 0.311279 0.120977 0.099962 0.152674 0.23201 0.198994 0.134559 0.103235 0.0929562 0.0859031 0.102451 0.0850985 0.0980843 0.0655003 0.169416 0.09192
threshold=9.2005625012115164 1.0000000180025095e-35 14.560799814376409 9.5000000000000018 2.5000000000000004 17.629760684549023 23.233825698598146 17.875017990643311 1.5000000000000002 17.37220656832211 15.180954652934023 16.522279094236115 17.267660006846544 17.458738050457423 3.5000000000000004 20.300198138332426 14.977966606818152 17.326815694589431 2.5000000000000004 17.036650100000003 14.959953975510109 17.517359113853114 17.698233879917414 1.0000000180025095e-35 7.8232979756925483 8.3558881138263192 8.5890721954098623 2.5000000000000004 21.738113586558729 11.500000000000002
decision_type=2 2 2 2 2 2 2 2 2 2 2 2 2 2 2 2 2 2 2 2 2 2 2 2 2 2 2 2 2 2
left_child=23 6 3 -3 -5 7 16 8 9 10 -4 -10 -13 -14 -15 -7 -2 18 19 -18 -20 -21 -19 -1 -25 -26 -27 28 29 -24
right_child=1 2 5 4 -6 15 -8 -9 11 -11 -12 12 13 14 -16 -17 17 22 20 21 -22 -23 27 24 25 26 -28 -29 -30 -31
leaf_value=-0.48236695872901197 -0.11882811643450041 -0.010514138161346005 0.0084169824487109451 0.047688421936763925 0.018901329775325611 -0.042794102908175917 0.0070835716392717079 -0.19403355125717098 -0.018971588832654845 0.055310309840600785 -0.19851810870474765 0.049854511538875268 -0.23901515445991356 0.027244587032240399 -0.13959808138873628 -0.00088734217130870686 0.039464374204425105 -0.075982734915492706 0.050201269334568414 -0.26385676440226824 -0.17207081301671334 0.0026451389634123803 -0.13387661285331726 0.016660733546925138 -0.10886654485621411 0.011413154153827588 -0.048897182669869643 -0.017266730863244015 0.10130233071671774 0.011079867928368731
leaf_weight=256 200 24 61 30 29 68 27 27 137 35 43 24 42 33 27 229 20 103 32 26 67 23 92 22 163 58 32 144 33 72
leaf_count=256 200 24 61 30 29 68 27 27 137 35 43 24 42 33 27 229 20 103 32 26 67 23 92 22 163 58 32 144 33 72
internal_value=-0.000777881 0.000157766 0.00118047 0.00704819 0.0102542 0.000509641 -0.000828368 0.00175991 0.00221393 0.00507194 0.00269231 0.000703421 0.00373016 0.00186274 0.00666667 -0.0012963 -0.00105911 -0.000424838 0.00214286 0.0065942 -0.000959597 0.00316326 -0.0013964 -0.00368173 -0.00245455 -0.00302372 -0.000555557 -0.000601174 0.000583755 -0.000731709
internal_weight=2179 1648 809 83 59 726 839 429 402 139 104 263 126 102 60 297 812 612 168 69 99 49 444 531 275 253 90 341 197 164
internal_count=2179 1648 809 83 59 726 839 429 402 139 104 263 126 102 60 297 812 612 168 69 99 49 444 531 275 253 90 341 197 164
is_linear=0
shrinkage=0.1


Tree=32
num_leaves=31
num_cat=0
split_feature=4 5 0 4 2 1 4 1 4 4 4 4 4 4 5 5 4 2 2 5 2 5 1 4 5 5 4 4 5 5
split_gain=0.608311 0.156845 0.199394 0.110463 0.114683 0.104377 0.0989129 0.253689 0.116798 0.115015 0.165772 0.116743 0.113656 0.211311 0.112724 0.0972391 0.0984402 0.135323 0.0925926 0.0904078 0.238045 0.159583 0.139435 0.137547 0.224143 0.318368 0.0897383 0.0889437 0.116173 0.311039
threshold=12.024656452076721 17.64390513419611 1.5000000000000002 23.233825698598146 10.500000000000002 1.0000000180025095e-35 14.560799814376409 1.0000000180025095e-35 14.676416191547522 14.751118591220747 14.861596172451391 14.918783562155456 15.135349400712927 15.281155794946525 14.174833804575995 7.8232979756925483 8.3558881138263192 10.500000000000002 10.500000000000002 16.282532453418806 10.500000000000002 15.187858021025077 1.0000000180025095e-35 17.289787324433505 17.512185247081025 17.326993645532053 8.5286304853909574 22.60877347675147 21.91572576859669 22.214540239447736
decision_type=2 2 2 2 2 2 2 2 2 2 2 2 2 2 2 2 2 2 2 2 2 2 2 2 2 2 2 2 2 2
left_child=5 6 3 27 -5 -1 7 18 -8 -10 -11 -12 -13 -14 -9 -7 -17 26 -2 20 21 22 -15 24 25 -21 -18 28 -3 -30
right_child=1 2 -4 4 -6 15 8 14 9 10 11 12 13 19 -16 16 17 -19 -20 23 -22 -23 -24 -25 -26 -27 -28 -29 29 -31
leaf_value=-0.42032882148501599 -0.16392669205634583 -0.0053674224681086319 -0.14283522766793874 0.021935272233310068 -0.0093129108710199304 0.014994660192232693 -0.13912970947564007 0.011652977349411744 0.024228644447184849 -0.12228069279915044 0.0063137728792508584 -0.059315411081418801 0.057917101137910612 0.017034333574862458 0.016647969336292368 -0.097979890370592682 0.022106418263228279 0.081491037426093454 0.016687954736426803 0.19029497584576582 -0.10133371744596627 -0.29339171819814114 0.0017532387116142934 0.0035883898758344891 0.029389114819751257 -0.13111518392021007 -0.045011094812100798 -0.035070998773460642 0.36118023345757111 -0.03256249297113796
leaf_weight=279 30 294 108 20 36 22 36 21 35 80 34 61 27 34 40 163 29 29 24 25 110 20 35 322 29 48 54 45 22 67
leaf_count=279 30 294 108 20 36 22 36 21 35 80 34 61 27 34 40 163 29 29 24 25 110 20 35 322 29 48 54 45 22 67
internal_value=-0.000823774 0.00017779 -0.00111487 -0.000247935 0.00392857 -0.00361111 0.000934717 0.00369565 0.000580356 0.000813952 0.000575756 0.00104027 0.000766525 0.00115384 0.00811475 -0.0023064 -0.00281818 -0.000535715 -0.0012963 0.00077849 -0.000979901 0.00286517 0.00514493 0.00160377 0.00480392 0.00184931 -0.00259036 -0.000794394 -0.000300262 0.00286517
internal_weight=2179 1603 592 484 56 576 1011 115 896 860 825 745 711 650 61 297 275 112 54 623 199 89 69 424 102 73 83 428 383 89
internal_count=2179 1603 592 484 56 576 1011 115 896 860 825 745 711 650 61 297 275 112 54 623 199 89 69 424 102 73 83 428 383 89
is_linear=0
shrinkage=0.1


Tree=33
num_leaves=31
num_cat=0
split_feature=4 1 4 4 5 5 4 4 3 4 2 5 5 5 1 4 4 4 4 4 5 4 5 3 5 5 5 5 5 5
split_gain=0.51773 0.231501 0.305166 0.143734 0.133485 0.125617 0.312138 0.187963 0.232564 0.507937 0.221612 0.152727 0.124595 0.179094 0.1122 0.104336 0.132819 0.148994 0.141191 0.187142 0.168511 0.0941247 0.106646 0.261905 0.271 0.12987 0.0913834 0.104283 0.105798 0.0822368
threshold=9.2005625012115164 1.0000000180025095e-35 14.560799814376409 23.233825698598146 13.328071031393298 17.548095038381994 15.339290287293109 17.520632892765949 2.5000000000000004 17.079090907451004 10.500000000000002 17.451295077009402 14.685934864039146 14.959953975510109 1.0000000180025095e-35 14.87221651464974 15.281155794946525 15.608313682647134 17.267660006846544 17.140226403507743 17.326993645532053 17.47738162885609 20.878554373672518 1.5000000000000002 17.571499862113807 17.571499862113807 7.8232979756925483 8.0117185127893737 8.0407843482211785 20.96728541027122
decision_type=2 2 2 2 2 2 2 2 2 2 2 2 2 2 2 2 2 2 2 2 2 2 2 2 2 2 2 2 2 2
left_child=14 3 -3 5 -4 6 -2 8 9 -8 -10 -9 -6 -14 -1 -15 -17 -18 19 20 -19 -20 23 25 -25 -23 -16 -28 -29 -24
right_child=1 2 4 -5 12 -7 7 11 10 -11 -12 -13 13 15 26 16 17 18 21 -21 -22 22 29 24 -26 -27 27 28 -30 -31
leaf_value=-0.39209738070760913 -0.071741251800178263 0.012009848586689803 0.016512726987517247 0.0041816872520135714 -0.14444982960427463 -0.02117106128925534 -0.21966103499232822 -0.1739344069835882 0.067832714957217252 0.0036711859187237572 -0.011534890547677805 0.032761999465666151 0.018882665090159699 -0.20917128119933778 0.013495194173009387 0.040350482719636968 -0.010774463332672788 0.0329899159881413 -0.059850125630262763 0.039567076313083038 -0.23134969510045544 0.011851674588943227 -0.020756977242386315 -0.057970958552674506 0.042942115319137344 -0.030675121276376078 -0.082840032022230406 0.047118110300211194 -0.040008178501204486 0.00063661570021857875
leaf_weight=256 242 83 34 27 41 380 42 42 28 21 24 33 20 34 22 34 48 25 63 23 22 21 36 29 59 45 107 33 113 192
leaf_count=256 242 83 34 27 41 380 42 42 28 21 24 33 20 34 22 34 48 25 63 23 22 21 36 29 59 45 107 33 113 192
internal_value=-0.000777881 9.70862e-05 0.00130408 -0.00106675 0.000647382 -0.00130542 -0.00013889 0.00289474 0.00543478 0.00134921 0.0103846 -0.001 0.00034682 0.000683563 -0.00349341 0.000388271 0.000695141 0.000328596 0.000825242 0.005 0.00138298 0.000168538 0.000759161 0.00279221 0.00636364 -0.0019697 -0.00209091 -0.00262846 -0.000890412 -0.000614036
internal_weight=2179 1648 809 839 726 812 432 190 115 63 52 75 692 651 531 631 597 563 515 70 47 445 382 154 88 66 275 253 146 228
internal_count=2179 1648 809 839 726 812 432 190 115 63 52 75 692 651 531 631 597 563 515 70 47 445 382 154 88 66 275 253 146 228
is_linear=0
shrinkage=0.1


Tree=34
num_leaves=31
num_cat=0
split_feature=5 5 4 4 2 4 5 3 4 5 1 4 4 1 4 3 4 5 4 2 5 3 5 5 4 4 5 4 3 2
split_gain=0.538977 0.270958 0.248166 0.481645 0.288754 0.218835 0.337494 0.187655 0.247529 0.210304 0.166525 0.163655 0.14875 0.290909 0.115073 0.190125 0.191327 0.121569 0.108185 0.114683 0.102216 0.248059 0.0897147 0.144062 0.121028 0.259845 0.0875015 0.159122 0.114286 0.0843023
threshold=10.402040591666667 17.548095038381994 17.17972032120424 17.520632892765949 11.500000000000002 17.777469960705552 17.428742986831036 2.5000000000000004 14.783523387612599 16.170766819236114 1.0000000180025095e-35 17.601147357158535 14.560799814376409 1.0000000180025095e-35 13.872815155575783 1.5000000000000002 14.502389119893476 12.986649338157896 23.233825698598146 10.500000000000002 17.612977155512716 1.5000000000000002 8.0117185127893737 7.8063541832230472 8.0630927794747631 8.5286304853909574 15.090650206906856 14.901338911389677 3.5000000000000004 9.5000000000000018
decision_type=2 2 2 2 2 2 2 2 2 2 2 2 2 2 2 2 2 2 2 2 2 2 2 2 2 2 2 2 2 2
left_child=10 2 7 4 -4 -5 -7 8 14 12 -1 -3 13 -9 17 -16 -17 -2 20 -20 21 -13 23 -12 -24 -26 -14 -28 -29 -27
right_child=1 11 3 5 -6 6 -8 9 -10 -11 22 18 26 -15 15 16 -18 -19 19 -21 -22 -23 24 -25 25 29 27 28 -30 -31
leaf_value=-0.31962301885171329 0.0060976712996360111 -0.10099529526430956 0.008422860872211578 -0.04793073199389733 0.0095798505349138155 -0.096497793683275088 0.044496243473284472 -0.070358050124807212 -0.040900934208041112 0.091847188121968001 0.010745788063908036 -0.15690749454911965 -0.077553930575969099 0.012422626694512891 0.020993220063531465 0.058134421249354522 -0.36146355590642748 -0.12156788958226093 0.019341301562241543 -0.0085339079948228754 -0.0034657578829892332 0.03467442438465522 -0.14382029041644501 -0.074597952352951857 0.1017439139703555 -0.061710855230066509 0.020709443264477153 -0.18539586448135123 0.0077998921609051313 -0.0019079808904693902
leaf_weight=282 20 166 37 59 29 31 27 30 229 33 23 23 78 36 31 24 25 31 20 36 517 38 63 111 25 29 20 28 35 43
leaf_count=282 20 166 37 59 29 31 27 30 229 33 23 23 78 36 31 24 25 31 20 36 517 38 63 111 25 29 20 28 35 43
internal_value=-0.000640203 0.000302557 0.00160025 0.00483606 0.0116667 0.000982905 0.00534483 0.00064516 -0.000833335 0.00269231 -0.00326389 -0.001 0.00160793 0.00560606 0.00263359 0.005 0.00112245 -0.00107843 -0.00026814 0.00392857 -0.000674742 0.00319672 -0.00159864 -0.00350746 -1.19209e-09 0.00221649 -3.10571e-05 0.00222891 -0.000238096 -0.000833335
internal_weight=2179 1603 803 183 66 117 58 620 360 260 576 800 227 66 131 80 49 51 634 56 578 61 294 134 160 97 161 83 63 72
internal_count=2179 1603 803 183 66 117 58 620 360 260 576 800 227 66 131 80 49 51 634 56 578 61 294 134 160 97 161 83 63 72
is_linear=0
shrinkage=0.1


Tree=35
num_leaves=31
num_cat=0
split_feature=4 5 5 1 3 5 4 3 2 4 4 4 4 4 4 4 4 3 1 5 2 3 3 2 5 5 4 4 2 5
split_gain=0.667189 0.440251 0.337398 0.310484 0.280791 0.293088 0.212393 0.274359 0.367162 0.392601 0.267857 0.141281 0.469068 0.153333 0.130314 0.151692 0.115434 0.121833 0.1122 0.110504 0.132179 0.107375 0.105186 0.16469 0.121906 0.0913834 0.14162 0.106838 0.0900551 0.0855315
threshold=9.2005625012115164 17.583643082863357 17.37220656832211 1.0000000180025095e-35 1.5000000000000002 17.481682607301241 15.313328635561378 3.5000000000000004 10.500000000000002 14.861596172451391 14.7413709393212 17.458738050457423 17.665851831632825 17.754344416624125 21.396082200610937 21.477533529154652 15.556599819641656 1.0000000180025095e-35 1.0000000180025095e-35 16.282532453418806 11.500000000000002 2.5000000000000004 3.5000000000000004 9.5000000000000018 14.398914561941007 7.8232979756925483 8.3558881138263192 8.5987378588556869 11.500000000000002 14.959953975510109
decision_type=2 2 2 2 2 2 2 2 2 2 2 2 2 2 2 2 2 2 2 2 2 2 2 2 2 2 2 2 2 2
left_child=18 2 3 22 5 -4 7 8 -5 10 -10 -6 -13 -14 -3 -16 -8 -18 -1 20 21 -19 28 -24 -25 -20 -27 -28 29 -2
right_child=1 14 4 6 11 -7 16 -9 9 -11 -12 12 13 -15 15 -17 17 19 25 -21 -22 -23 23 24 -26 26 27 -29 -30 -31
leaf_value=-0.32092534075167695 0.0053610680142108513 -0.0063596552496878846 0.032843427777142449 -0.015073758201881074 -0.068286644813916261 0.0058195490955203332 -0.11189439731326822 0.040340036068352694 0.029842322483828274 0.018482031151349842 -0.20090139325712078 0.030615036022158135 -0.092651062487100977 0.031350653720464076 0.32332465372569652 -0.0020390426353997927 -0.16798895001401842 0.0064898201714784498 0.011071095949317737 0.042087812519635386 -0.15995218711376438 -0.078543487220615479 -0.25312231852577838 -0.014486752564717653 0.017312863319181394 -0.071171933279601515 0.0060774803539661963 -0.037422116599004698 -0.11531286574130595 -0.083129477327388721
leaf_weight=256 117 515 24 92 63 37 33 32 35 25 21 21 23 27 22 223 21 20 22 20 21 21 20 20 26 163 65 25 69 100
leaf_count=256 117 515 24 92 63 37 33 32 35 25 21 21 23 27 22 223 21 20 22 20 21 21 20 20 26 163 65 25 69 100
internal_value=-0.00041074 0.000582523 0.00209459 0.0010606 0.00576923 0.0113934 0.00321114 0.0052439 0.00367052 0.00858025 0.00392857 0.00320895 0.0062676 0.000999999 -0.00118421 0.000714285 0.000147058 0.00179612 -0.00349341 0.00353658 0.00145161 0.0047561 -0.00102273 0.00257576 0.00586956 -0.00209091 -0.00262846 0.000555554 -0.00185315 -0.000852536
internal_weight=2179 1648 888 693 195 61 341 205 173 81 56 134 71 50 760 245 136 103 531 82 62 41 352 66 46 275 253 90 286 217
internal_count=2179 1648 888 693 195 61 341 205 173 81 56 134 71 50 760 245 136 103 531 82 62 41 352 66 46 275 253 90 286 217
is_linear=0
shrinkage=0.1


Tree=36
num_leaves=31
num_cat=0
split_feature=4 5 5 1 3 5 4 5 5 5 5 5 2 4 4 4 4 5 4 4 4 4 1 5 3 2 5 4 5 5
split_gain=0.515919 0.250154 0.187645 0.142003 0.131717 0.246089 0.164795 0.160714 0.210069 0.126164 0.191614 0.491738 0.211304 0.112877 0.151692 0.0909213 0.0986248 0.150213 0.115172 0.131029 0.0974843 0.169312 0.107744 0.0833333 0.0813809 0.139379 0.0920016 0.11463 0.0809486 0.141941
threshold=9.2005625012115164 17.583643082863357 17.544254732629902 1.0000000180025095e-35 2.5000000000000004 17.428742986831036 14.783523387612599 13.684436888498499 14.685934864039146 17.517359113853114 16.170766819236114 17.428742986831036 11.500000000000002 21.396082200610937 21.477533529154652 15.7749817484308 14.395895892965571 13.845102936944446 14.701643849161163 14.892933536760028 15.185066504054875 15.37442062200717 1.0000000180025095e-35 17.571499862113807 1.5000000000000002 10.500000000000002 21.330314875979724 23.233825698598146 7.8232979756925483 8.0117185127893737
decision_type=2 2 2 2 2 2 2 2 2 2 2 2 2 2 2 2 2 2 2 2 2 2 2 2 2 2 2 2 2 2
left_child=3 2 4 -1 5 6 7 -2 -9 10 15 -12 -13 -3 -15 16 17 -6 -18 -20 -21 -22 -23 -4 25 -16 -26 -28 -5 -30
right_child=1 13 23 28 9 -7 -8 8 -10 -11 11 12 -14 14 24 -17 18 -19 19 20 21 22 -24 -25 26 -27 27 -29 29 -31
leaf_value=-0.28883280667650929 0.026884210888612148 -0.0057236897247189894 0.0068458423567925369 0.0099639863543860147 -0.0070741681320676073 0.011753537370789336 -0.025722623729075012 -0.040442917650645893 0.014129652372812685 -0.1060047860752486 0.098039202628760522 0.035117079295622598 -0.21161385423914167 0.29099218835312662 0.036831478558088243 0.036002056664705441 -0.10427831466948155 0.015805324944632038 0.015881970277052775 -0.22921552501766188 0.016114570903152648 -0.00066209609343972908 -0.10308647977828062 0.020507303861902856 0.18412702458212252 -0.032465011273444165 -0.021459204806892049 0.035876650702552651 -0.059979040256752117 -0.01467618481029672
leaf_weight=256 40 515 24 22 27 40 301 64 36 21 32 23 27 22 32 24 39 37 23 31 21 22 32 24 22 67 76 26 107 146
leaf_count=256 40 515 24 22 27 40 301 64 36 21 32 23 27 22 32 24 39 37 23 31 21 22 32 24 22 67 76 26 107 146
internal_value=-0.000594311 0.000279125 0.00141892 -0.00330509 0.00107143 -1.03962e-05 -0.000691611 0.00214286 -1.19209e-09 0.00252089 0.00298816 0.00719512 0.000999999 -0.00105263 0.000714285 0.00164062 0.00103448 0.004375 -0.000238096 0.00120155 -0.00028302 0.00166667 -0.0012963 0.0075 -6.72658e-05 0.00207071 -0.00177419 -0.00303922 -0.00172727 -0.0022332
internal_weight=2179 1648 888 531 840 481 441 140 100 359 338 82 50 760 245 256 232 64 168 129 106 75 54 48 223 99 124 102 275 253
internal_count=2179 1648 888 531 840 481 441 140 100 359 338 82 50 760 245 256 232 64 168 129 106 75 54 48 223 99 124 102 275 253
is_linear=0
shrinkage=0.1


Tree=37
num_leaves=31
num_cat=0
split_feature=4 5 1 4 4 1 5 3 3 2 2 4 4 4 5 4 5 2 4 5 5 4 4 3 5 4 4 4 5 4
split_gain=0.479827 0.386604 0.177115 0.221467 0.297565 0.175312 0.166495 0.209221 0.1875 0.155024 0.118771 0.128743 0.117143 0.143838 0.118725 0.237798 0.113636 0.12803 0.0847001 0.141804 0.144537 0.139296 0.127465 0.172116 0.392208 0.219298 0.106044 0.0933707 0.16471 0.105446
threshold=9.2005625012115164 17.583643082863357 1.0000000180025095e-35 15.339290287293109 15.556599819641656 1.0000000180025095e-35 17.37220656832211 2.5000000000000004 1.5000000000000002 13.500000000000002 9.5000000000000018 14.751118591220747 8.0630927794747631 7.5271333396249132 7.9897162130585526 8.5286304853909574 17.52918205315434 11.500000000000002 14.7413709393212 14.446201138224959 14.174833804575995 12.274732501210371 14.861596172451391 1.5000000000000002 15.19401613661365 17.140226403507743 17.540910296411852 17.267660006846544 16.522279094236115 15.281155794946525
decision_type=2 2 2 2 2 2 2 2 2 2 2 2 2 2 2 2 2 2 2 2 2 2 2 2 2 2 2 2 2 2
left_child=5 2 3 10 -5 -1 7 -6 -8 18 -2 -12 13 -7 -14 -16 17 -10 19 20 21 -4 -20 24 -24 -26 27 28 29 -25
right_child=1 -3 9 4 6 12 8 -9 16 -11 11 -13 14 -15 15 -17 -18 -19 22 -21 -22 -23 23 26 25 -27 -28 -29 -30 -31
leaf_value=-0.25994952600885829 -0.11561612062807021 -0.0032650594931079545 0.00098857480832135265 0.026913718894697649 -0.1709139075674751 0.0053699922869038467 0.070759665899848542 0.0066464707117750354 0.0045430362752716278 -0.2540572559945104 0.0079208873885688071 -0.078981790117523154 -0.035860064192525146 -0.11479494976689207 0.048328777799850953 -0.027221348640318555 -0.093952725062320719 -0.12645802836026918 -0.059608350862090625 0.054608381920000539 -0.086993448321935646 0.0098997308643559278 0.0064032137767704271 0.014872896981255752 -0.23968422438384618 0.0075050144800292706 0.040108580447806547 -0.19363483606278861 0.071264604471441562 -0.060497617832086403
leaf_weight=256 75 760 25 21 60 23 32 29 20 22 77 90 53 110 35 54 20 24 40 22 41 21 34 30 25 32 34 25 20 69
leaf_count=256 75 760 25 21 60 23 32 29 20 22 77 90 53 110 35 54 20 24 40 22 41 21 34 30 25 32 34 25 20 69
internal_value=-0.000502525 0.000339805 0.00175676 0.000357142 0.00276699 -0.00311676 0.00148649 -0.00162921 0.004375 0.00318182 -0.00169422 -0.000209582 -0.00136364 -0.00349624 0.000633802 0.00286517 0.00125 0.00409091 0.00361244 0.00600917 0.0041954 0.00804348 0.00276699 0.00355018 0.00708791 0.00201754 0.00174157 0.000555554 0.00172269 5.05039e-05
internal_weight=2179 1648 888 448 206 531 185 89 96 440 242 167 275 133 142 89 64 44 418 109 87 46 309 269 91 57 178 144 119 99
internal_count=2179 1648 888 448 206 531 185 89 96 440 242 167 275 133 142 89 64 44 418 109 87 46 309 269 91 57 178 144 119 99
is_linear=0
shrinkage=0.1


Tree=38
num_leaves=31
num_cat=0
split_feature=4 5 1 1 4 5 5 5 5 4 4 5 4 4 2 5 4 4 5 4 4 3 5 5 5 5 5 4 5 3
split_gain=0.479827 0.27347 0.237523 0.175312 0.163212 0.198523 0.167828 0.321238 0.146226 0.117143 0.143838 0.118725 0.237798 0.110861 0.133997 0.251239 0.104559 0.157245 0.176441 0.102029 0.0909309 0.142451 0.231791 0.0929312 0.194586 0.0907839 0.156133 0.0852594 0.436364 0.0831508
threshold=9.2005625012115164 17.583643082863357 1.0000000180025095e-35 1.0000000180025095e-35 15.313328635561378 17.544254732629902 15.15513456778025 15.090650206906856 13.684436888498499 8.0630927794747631 7.5271333396249132 7.9897162130585526 8.5286304853909574 15.556599819641656 11.500000000000002 15.180954652934023 14.106896704210181 14.560799814376409 14.685934864039146 17.47738162885609 17.788177970260559 1.5000000000000002 17.64390513419611 23.614247353693305 23.065325260182242 22.214540239447736 21.91572576859669 17.788177970260559 17.442991135068166 3.5000000000000004
decision_type=2 2 2 2 2 2 2 2 2 2 2 2 2 2 2 2 2 2 2 2 2 2 2 2 2 2 2 2 2 2
left_child=3 2 27 -1 6 13 7 8 -4 10 -5 -11 -13 -6 15 -15 -10 -18 -19 -16 21 22 -3 24 25 26 29 -2 -29 -22
right_child=1 20 4 9 5 -7 -8 -9 16 11 -12 12 -14 14 19 -17 17 18 -20 -21 23 -23 -24 -25 -26 -27 -28 28 -30 -31
leaf_value=-0.23395457340797243 -0.0038189484662684275 0.065563388664347341 0.013326753045902834 0.0048329930582135198 -0.08434654782090463 0.02055350930736892 -0.084888824113427533 0.013087015005395664 -0.053389606946276383 -0.032274057773272684 -0.10331545479020282 0.043495900019865863 -0.024499213776286635 0.020148610042895539 -0.016008999738341502 -0.0050631640712567637 0.018489889190310128 -0.11733488374078252 0.010828647672003203 -0.016189548269567557 9.7679902281890259e-05 -0.13777037463553851 -0.21671993709199602 -0.078981312771561188 0.130772295505685 -0.07442669024839714 0.27727130738507089 -0.1329975508868666 0.03980166127164414 -0.031305678179550642
leaf_weight=256 404 35 40 23 33 28 30 22 32 53 110 35 54 31 44 74 24 22 35 25 310 122 36 41 32 77 35 24 20 72
leaf_count=256 404 35 40 23 33 28 30 22 32 53 110 35 54 31 44 74 24 22 35 25 310 122 36 41 32 77 35 24 20 72
internal_value=-0.000502525 0.000339805 0.00153153 -0.00311676 0.00318182 0.00138298 0.0052439 0.00642857 0.00480392 -0.00136364 -0.00349624 0.000633802 0.00286517 0.000314008 0.00132184 0.00357143 0.0029646 0.00487654 0.00201754 -0.00210145 -0.00105263 -0.00292746 0.000633802 -0.000414463 -5.70354e-05 -0.00054656 3.597e-05 -8.92869e-05 0.00409091 -0.000549739
internal_weight=2179 1648 888 531 440 235 205 175 153 275 133 142 89 207 174 105 113 81 57 69 760 193 71 567 526 494 417 448 44 382
internal_count=2179 1648 888 531 440 235 205 175 153 275 133 142 89 207 174 105 113 81 57 69 760 193 71 567 526 494 417 448 44 382
is_linear=0
shrinkage=0.1


Tree=39
num_leaves=31
num_cat=0
split_feature=4 1 4 1 5 2 5 4 4 4 4 4 3 5 4 5 5 5 5 3 3 5 4 5 5 4 2 5 4 5
split_gain=0.571559 0.20963 0.261827 0.1122 0.100929 0.0981832 0.0913834 0.14162 0.106838 0.0883766 0.134049 0.121102 0.115837 0.138971 0.104167 0.0791696 0.198367 0.119292 0.166475 0.111842 0.0676709 0.141569 0.106667 0.0879322 0.216041 0.0996731 0.0722418 0.256085 0.238743 0.185355
threshold=9.2005625012115164 1.0000000180025095e-35 12.991242384062003 1.0000000180025095e-35 20.878554373672518 13.500000000000002 7.8232979756925483 8.3558881138263192 8.5987378588556869 21.372896575598329 21.477533529154652 20.52239953422793 3.5000000000000004 23.184640751001822 21.920903664110195 20.96728541027122 21.012319677726317 21.91572576859669 22.271507956790128 1.5000000000000002 3.5000000000000004 17.512185247081025 15.339290287293109 13.328071031393298 14.295505232021354 14.596612629036514 11.500000000000002 15.138060233080809 17.140226403507743 17.576046361396525
decision_type=2 2 2 2 2 2 2 2 2 2 2 2 2 2 2 2 2 2 2 2 2 2 2 2 2 2 2 2 2 2
left_child=3 9 -3 -1 5 20 -5 -8 -9 11 -11 -2 13 14 -12 -6 -17 -18 -19 -20 23 22 -22 -4 -25 -26 -27 -28 -29 -30
right_child=1 2 4 6 15 -7 7 8 -10 10 12 -13 -14 -15 -16 16 17 18 19 -21 21 -23 -24 24 25 26 27 28 29 -31
leaf_value=-0.2105591160671752 -0.0039674460027595282 0.0088034247853842184 0.014792437168100898 0.0083389766820776041 -0.016809631273325125 -0.031452379680166648 -0.048873457155871929 0.011635681256870544 -0.027040230216413975 0.23615100541330822 -0.28746034450984875 -0.043883751881726732 -0.08641370493467132 -0.012793420829799524 0.053667239949251266 0.073822362084778367 -0.0052370869513021397 0.25206563026314016 0.039095537963338624 -0.1352668159952691 0.046124485295048562 0.014933468068483738 -0.085528693263291405 -0.10091044283949138 0.018824287238713641 0.0045719270228769052 0.015182393512119153 -0.15512869484398292 0.030565764795529294 -0.0066564847266091902
leaf_weight=256 622 33 31 22 36 44 163 65 25 22 24 78 32 21 40 21 82 21 38 34 25 27 50 36 20 198 20 29 30 34
leaf_count=256 622 33 31 22 36 44 163 65 25 22 24 78 32 21 40 21 82 21 38 34 25 27 50 36 20 198 20 29 30 34
internal_value=-0.000640203 0.000279125 0.00142769 -0.00349341 0.0010567 0.00180147 -0.00209091 -0.00262846 0.000555554 -0.000828368 0.00147482 -0.00128572 0.000128204 0.00205882 0.004375 -0.000689656 0.00010204 -0.001 0.00145161 -0.000833335 0.0022 -9.80404e-05 -0.00233333 0.00278894 0.00235695 0.0031571 0.00271704 0.00473451 0.00252688 0.0059375
internal_weight=2179 1648 809 531 776 544 275 253 90 839 139 700 117 85 64 232 196 175 93 72 500 102 75 398 367 331 311 113 93 64
internal_count=2179 1648 809 531 776 544 275 253 90 839 139 700 117 85 64 232 196 175 93 72 500 102 75 398 367 331 311 113 93 64
is_linear=0
shrinkage=0.1


Tree=40
num_leaves=31
num_cat=0
split_feature=4 1 5 5 4 2 3 3 5 4 4 3 4 4 2 4 5 5 4 4 5 5 2 4 5 4 5 4 4 4
split_gain=0.46175 0.307742 0.152098 0.140607 0.129164 0.127049 0.105706 0.194315 0.103927 0.100249 0.192947 0.158516 0.315946 0.215054 0.21836 0.176471 0.197138 0.112724 0.110892 0.128835 0.0911369 0.14247 0.0930466 0.102984 0.20418 0.151735 0.149787 0.124805 0.10601 0.13097
threshold=8.3190743427159308 1.0000000180025095e-35 17.640653113263117 7.9897162130585526 8.5286304853909574 9.5000000000000018 2.5000000000000004 3.5000000000000004 7.8063541832230472 12.024656452076721 14.560799814376409 1.5000000000000002 17.812233855562532 17.788177970260559 9.5000000000000018 17.140226403507743 15.159992790204313 14.174833804575995 17.458738050457423 17.665851831632825 12.738824625000001 13.993941867334057 11.500000000000002 21.414186740531608 17.611349546148872 15.339290287293109 14.959953975510109 14.701643849161163 16.138681244032362 17.712927001579462
decision_type=2 2 2 2 2 2 2 2 2 2 2 2 2 2 2 2 2 2 2 2 2 2 2 2 2 2 2 2 2 2
left_child=8 5 3 -3 -5 6 -2 -8 -1 -6 17 13 18 14 -12 16 -16 -11 -13 -20 -7 -22 23 24 25 26 27 -23 -27 -30
right_child=1 2 -4 4 9 20 7 -9 -10 10 11 12 -14 -15 15 -17 -18 -19 19 -21 21 22 -24 -25 -26 28 -28 -29 29 -31
leaf_value=0.00044767158084450397 -0.10133717338461423 -0.043213176773324785 -0.0028122720016465941 0.068853172545563446 -0.012388532286634422 -0.10068647165668042 0.0079059113746093399 -0.045161701078583576 -0.11970204977983219 0.010041577218409854 0.017586283227675876 -0.0052030561508839609 0.0074998988629037325 -0.17259025704143852 0.0068666675051026237 0.026660754868433868 -0.18689778426571718 0.016699277469024304 0.018986514409165753 -0.0091221058346474936 0.0065928419429290208 -0.059697020641817714 -0.016416559758787138 0.069042971160413899 -0.10486043878425549 0.072209342718681097 -0.20664147669674673 0.073626996345155848 -0.0028746344941742133 0.031018393184098176
leaf_weight=29 132 25 285 28 76 77 43 47 313 21 33 198 24 20 37 34 31 40 20 39 24 28 296 37 86 26 44 22 43 21
leaf_count=29 132 25 285 28 76 77 43 47 313 21 33 198 24 20 37 34 31 40 20 39 24 28 296 37 86 26 44 22 43 21
internal_value=-0.000456633 0.000171474 0.0014764 0.00234824 0.00265391 -0.00111231 -0.0031982 -0.000555557 -0.00383041 0.00232984 0.00284708 0.00211009 0.000693949 0.00467742 0.00611111 0.00382353 0.000882352 0.00811475 -0.00033074 0.00347458 -0.000454547 -5.58226e-05 -0.000356552 0.000863191 0.000185184 0.00206522 -0.000744682 0.003 0.005 0.0028125
internal_weight=2179 1837 911 626 601 926 222 90 342 573 497 436 281 155 135 102 68 61 257 59 704 627 603 307 270 184 94 50 90 64
internal_count=2179 1837 911 626 601 926 222 90 342 573 497 436 281 155 135 102 68 61 257 59 704 627 603 307 270 184 94 50 90 64
is_linear=0
shrinkage=0.1


Tree=41
num_leaves=31
num_cat=0
split_feature=4 1 5 5 4 4 3 4 2 4 4 2 1 3 4 4 3 4 2 3 3 3 4 5 4 4 2 4 4 2
split_gain=0.535564 0.186328 0.194098 0.104635 0.165559 0.158001 0.225326 0.180793 0.154912 0.129608 0.128115 0.100267 0.145243 0.172127 0.0942308 0.0911928 0.205064 0.218551 0.185771 0.183864 0.173022 0.120224 0.0905068 0.086493 0.0822242 0.145161 0.0781926 0.0767857 0.118813 0.218788
threshold=8.4693291139919573 1.0000000180025095e-35 15.187858021025077 10.402040591666667 12.991242384062003 14.106896704210181 1.5000000000000002 14.560799814376409 9.5000000000000018 14.861596172451391 8.5987378588556869 9.5000000000000018 1.0000000180025095e-35 1.5000000000000002 8.0630927794747631 21.186699431540653 1.0000000180025095e-35 17.458738050457423 11.500000000000002 2.5000000000000004 1.0000000180025095e-35 2.5000000000000004 14.87221651464974 17.621355012700022 15.281155794946525 15.572758255468667 10.500000000000002 11.058784289134293 14.260145221225788 10.500000000000002
decision_type=2 2 2 2 2 2 2 2 2 2 2 2 2 2 2 2 2 2 2 2 2 2 2 2 2 2 2 2 2 2
left_child=11 27 3 8 -5 -6 9 -8 -3 -7 -10 12 -1 -14 -15 16 -4 23 21 -20 -17 -19 -9 -18 -24 -26 -23 -2 29 -29
right_child=1 2 15 4 5 6 7 22 10 -11 -12 -13 13 14 -16 20 17 18 19 -21 -22 26 24 -25 25 -27 -28 28 -30 -31
leaf_value=-0.1973144525340445 -0.14750902725707823 -0.052785289054776301 -0.010942536151925461 0.0030524237238572297 -0.34595530008310116 0.0094807333478339681 0.013058433596026944 -0.017283312623710922 0.010431600653279152 0.0095682368334180853 -0.024187420138697339 -0.1130943775418297 -0.078803589695029097 -0.0046917782971661109 0.084074823451840572 0.14814051359758457 -0.0081257773296623832 -0.0099866867467986679 0.039506295339096567 0.0068432366384147949 -0.014157158267237083 0.015806824660020334 0.011217193114993043 0.069566277989480813 -0.14940782272226313 0.017050689513262957 -0.033303763927015381 -0.10839838180310034 -0.0059236311422310554 0.031330974841315147
leaf_weight=72 77 34 75 23 20 31 28 25 31 32 28 243 29 32 20 30 106 41 39 37 128 42 26 20 31 31 22 30 771 25
leaf_count=72 77 34 75 23 20 31 28 25 31 32 28 243 29 32 20 30 106 41 39 37 128 42 26 20 31 31 22 30 771 25
internal_value=-0.00041074 0.000328098 0.00136364 0.00323529 0.00431174 0.00348214 0.00431372 0.0020922 0.000376343 0.00928571 0.00347458 -0.00373737 -0.00173203 0.00117284 0.00461538 0.000185184 0.00102094 0.00216612 0.00439226 0.00815789 -0.00183544 0.00166667 0.000309733 -0.00103175 0.00181818 -0.000161292 0.004375 -0.000681064 -0.000399517 0.00409091
internal_weight=2179 1783 880 340 247 224 204 141 93 63 59 396 153 81 52 540 382 307 181 76 158 105 113 126 88 62 64 903 826 55
internal_count=2179 1783 880 340 247 224 204 141 93 63 59 396 153 81 52 540 382 307 181 76 158 105 113 126 88 62 64 903 826 55
is_linear=0
shrinkage=0.1


Tree=42
num_leaves=31
num_cat=0
split_feature=4 5 1 4 4 0 2 5 5 2 5 4 2 0 4 3 4 5 4 2 3 5 5 5 5 3 3 5 5 4
split_gain=0.412869 0.103927 0.102822 0.213926 0.13615 0.119198 0.252641 0.201485 0.180625 0.126482 0.0952381 0.0852992 0.0970136 0.0805256 0.142053 0.253295 0.142581 0.110018 0.0908979 0.114434 0.162077 0.300752 0.18006 0.0754805 0.185779 0.172577 0.102857 0.102505 0.0981878 0.170037
threshold=8.3190743427159308 7.8063541832230472 1.0000000180025095e-35 14.7413709393212 12.024656452076721 1.5000000000000002 9.5000000000000018 8.0858784609774776 14.174833804575995 10.500000000000002 8.0117185127893737 14.260145221225788 10.500000000000002 1.0000000180025095e-35 20.858280292378833 1.0000000180025095e-35 21.396082200610937 17.611349546148872 14.977966606818152 11.500000000000002 2.5000000000000004 17.512185247081025 15.166099065152888 15.187858021025077 14.86880307100037 1.5000000000000002 2.5000000000000004 17.428742986831036 20.878554373672518 17.732789507572232
decision_type=2 2 2 2 2 2 2 2 2 2 2 2 2 2 2 2 2 2 2 2 2 2 2 2 2 2 2 2 2 2
left_child=1 -1 4 5 -2 6 -4 10 -7 -10 -8 12 -6 14 15 -13 -16 18 -15 20 -20 22 -22 24 26 -26 -5 -25 29 -29
right_child=2 -3 3 23 11 8 7 -9 9 -11 -12 13 -14 17 16 -17 -18 -19 19 -21 21 -23 -24 27 25 -27 -28 28 -30 -31
leaf_value=0.0052081898405904065 -0.12904359596068879 -0.098479867072349084 -0.035055240389176574 -0.0172568491345471 -0.092434234298801043 0.012473177045493479 0.00251842984525914 -0.054349263059122244 -0.024456601869335043 0.027151197045471823 0.012310264383658849 -0.24777320277363507 0.032810642484450946 -0.075412086072068799 -0.043914462317771838 0.014090524451757975 0.0080105287780736691 -0.079101476359891162 -0.010336236928713202 -0.012555884357753268 0.011878735061674328 -0.11499257830922607 0.025495451680377392 -0.032213105501950404 0.014495374365765135 0.0027765089580576731 0.0070847616207247305 -0.0062739245100941615 -0.0025394903810688836 0.012833249620099128
leaf_weight=29 110 313 41 45 23 36 21 29 31 33 21 20 22 131 53 53 130 111 93 104 32 20 24 87 32 61 25 139 231 79
leaf_count=29 110 313 41 45 23 36 21 29 31 33 21 20 22 131 53 53 130 111 93 104 32 20 24 87 32 61 25 139 231 79
internal_value=-0.000640203 -0.00383041 -4.62723e-05 0.000708012 -0.000788338 0.00349056 0.00125 0.00485915 0.006 0.0028125 0.00928571 -0.000343138 0.00388889 -0.000590144 0.000859374 0.00458904 -0.000628416 -0.00131068 -0.000544556 0.000494504 0.00210059 0.00552631 0.00928571 -0.00013591 0.00174847 0.00467742 -0.00214286 -0.000708956 -0.000100224 0.00142202
internal_weight=2179 342 1837 911 926 212 112 71 100 64 42 816 45 771 256 73 183 515 404 273 169 76 56 699 163 93 70 536 449 218
internal_count=2179 342 1837 911 926 212 112 71 100 64 42 816 45 771 256 73 183 515 404 273 169 76 56 699 163 93 70 536 449 218
is_linear=0
shrinkage=0.1


Tree=43
num_leaves=31
num_cat=0
split_feature=4 1 5 2 5 5 5 4 5 5 2 5 5 4 4 4 0 5 2 4 4 5 5 4 5 3 2 4 4 4
split_gain=0.449274 0.19175 0.207568 0.14723 0.180423 0.116675 0.320037 0.10799 0.138919 0.103927 0.100202 0.104762 0.0997644 0.0913582 0.225006 0.100313 0.089001 0.205329 0.0914502 0.0844445 0.314946 0.155315 0.170512 0.120276 0.101641 0.176016 0.107423 0.0796277 0.376361 0.101353
threshold=8.3190743427159308 1.0000000180025095e-35 17.598396061764848 13.500000000000002 17.560321039669386 7.9811521856134719 8.0293670147058354 11.058784289134293 14.959953975510109 7.8063541832230472 11.500000000000002 14.685934864039146 15.166099065152888 17.458738050457423 17.721259132982748 17.267660006846544 1.5000000000000002 13.328071031393298 10.500000000000002 14.560799814376409 14.036429049775316 14.685934864039146 15.058472634422651 14.87221651464974 15.187858021025077 2.5000000000000004 10.500000000000002 15.582151516019001 15.135349400712927 21.396082200610937
decision_type=2 2 2 2 2 2 2 2 2 2 2 2 2 2 2 2 2 2 2 2 2 2 2 2 2 2 2 2 2 2
left_child=9 7 3 4 5 -3 -7 -2 10 -1 11 -9 -10 15 -15 16 18 -18 -8 20 -19 -21 -23 -24 26 -26 -25 28 -14 -29
right_child=1 2 -4 -5 -6 6 13 8 12 -11 -12 -13 27 14 -16 -17 17 19 -20 21 -22 22 23 24 25 -27 -28 29 -30 -31
leaf_value=0.0046873708565313161 -0.12014214587617825 -0.074414917537382705 -0.001050070468046258 -0.16469646577072802 0.013993627942192683 0.0090826054454335569 -0.022978036876357022 0.01649211251741765 -0.21673543341433962 -0.088631880365114157 -0.062709502801141834 0.019617529976536298 -0.071213535695351868 0.011743185678071054 0.0027908856638790866 -0.17158560392874256 0.010323795149618446 -0.00093781593361659586 0.0052355575820943884 -0.089426559016454091 0.035780866700966495 0.010195985163714592 -0.14418388307472971 0.029561484100186431 -0.18275250704338292 0.022162915757325995 0.0021519570790065347 -0.0048884444532840549 0.0057842552366017376 0.0072433727289343709
leaf_weight=29 100 21 353 26 25 20 56 112 62 313 39 20 45 21 34 22 33 31 21 37 28 28 29 27 38 29 32 398 22 128
leaf_count=29 100 21 353 26 25 20 56 112 62 313 39 20 45 21 34 22 33 31 21 37 28 28 29 27 38 29 32 398 22 128
internal_value=-0.000502525 0.000117037 0.00114709 0.00234767 0.00270677 0.00229783 0.00261317 -0.000896329 -0.000520582 -0.00383041 0.00201754 0.00333333 -0.00118321 0.00208154 0.00590909 0.00156934 0.00194087 0.00269231 -0.0011039 0.00181003 0.00516949 0.00090909 0.00210382 0.00080645 0.00214286 -0.000522389 0.00516949 -0.00078415 0.00246269 -0.00119772
internal_weight=2179 1837 911 558 532 507 486 926 826 342 171 132 655 466 55 411 389 312 77 279 59 220 183 155 126 67 59 593 67 526
internal_count=2179 1837 911 558 532 507 486 926 826 342 171 132 655 466 55 411 389 312 77 279 59 220 183 155 126 67 59 593 67 526
is_linear=0
shrinkage=0.1


Tree=44
num_leaves=31
num_cat=0
split_feature=4 4 1 5 4 4 4 3 4 4 4 5 5 4 4 2 3 4 5 3 5 5 2 5 4 2 2 5 5 4
split_gain=0.271786 0.159013 0.153059 0.18425 0.187083 0.50505 0.140146 0.178316 0.11604 0.17753 0.1466 0.193707 0.232806 0.115635 0.120599 0.134999 0.113886 0.0929152 0.0643414 0.0853232 0.197337 0.185991 0.109253 0.0846713 0.0703136 0.0683821 0.179487 0.25586 0.161064 0.173077
threshold=8.3190743427159308 7.524564635189992 1.0000000180025095e-35 17.598396061764848 17.409325411106831 17.627353575247966 15.281155794946525 1.0000000180025095e-35 8.5286304853909574 12.274732501210371 14.560799814376409 15.15513456778025 15.090650206906856 11.058784289134293 14.596612629036514 10.500000000000002 2.5000000000000004 13.695659204184041 20.810136667956268 3.5000000000000004 21.776906625236375 21.173928857337454 9.5000000000000018 17.611349546148872 20.52239953422793 10.500000000000002 9.5000000000000018 14.959953975510109 15.187858021025077 17.326815694589431
decision_type=2 2 2 2 2 2 2 2 2 2 2 2 2 2 2 2 2 2 2 2 2 2 2 2 2 2 2 2 2 2
left_child=1 -1 13 4 6 -6 7 -4 -9 16 -11 12 -12 -2 15 17 -10 -15 23 20 21 24 -22 25 -20 26 -16 -28 -27 -30
right_child=2 -3 3 -5 5 -7 -8 8 9 10 11 -13 -14 14 18 -17 -18 -19 19 -21 22 -23 -24 -25 -26 28 27 -29 29 -31
leaf_value=0.006674975775538103 -0.10812793128856042 -0.078520315756377537 -0.0036087694252506216 -0.00094506342124158523 0.01181809861183007 0.0034939190255956808 -0.0019088630916484319 0.025328327614689373 0.0055785340213317372 0.010752186261996916 0.0040850380192992133 -0.14196746587068759 0.014089449245578728 -0.1134903353694644 -0.026663700151832614 0.021468711418519176 -0.0046940063500164504 0.0043470708578591307 0.0092653454512328492 -0.020130164392988592 0.0062987018060026365 0.039018082494627564 -0.028627806980094497 -0.06883236518284612 -0.06771012498247872 -0.08023845528800666 0.083026973636242535 -0.00291826543741407 0.016698931924256095 -0.026966925839914713
leaf_weight=36 100 306 49 353 33 66 155 36 39 49 47 25 21 20 84 29 38 21 26 52 21 23 74 101 57 97 22 69 50 80
leaf_count=36 100 306 49 353 33 66 155 36 39 49 47 25 21 20 84 29 38 21 26 52 21 23 74 101 57 97 22 69 50 80
internal_value=-0.000364847 -0.00295322 0.000117037 0.00103732 0.00216846 0.00611111 0.00131808 0.00256579 0.00362745 0.00276256 0.00485915 0.00252688 0.00529412 -0.000788338 -0.000399517 0.00357143 -0.0011039 -0.000121952 -0.000767197 0.000533596 0.00146766 0.00443396 -0.00184211 -0.00142147 0.00222891 -0.000771145 0.000714285 0.00379121 -0.0019163 0.000384614
internal_weight=2179 342 1837 911 558 99 459 304 255 219 142 93 68 926 826 70 77 41 756 253 201 106 95 503 83 402 175 91 227 130
internal_count=2179 342 1837 911 558 99 459 304 255 219 142 93 68 926 826 70 77 41 756 253 201 106 95 503 83 402 175 91 227 130
is_linear=0
shrinkage=0.1


Tree=45
num_leaves=31
num_cat=0
split_feature=4 4 4 4 5 3 2 4 2 4 4 5 5 4 2 4 4 1 4 5 5 2 5 4 3 4 4 4 5 5
split_gain=0.249889 0.25244 0.171992 0.0957281 0.145959 0.118242 0.109091 0.106809 0.257814 0.154564 0.286499 0.121247 0.126607 0.109091 0.0975806 0.0911556 0.333572 0.185567 0.168824 0.089011 0.161238 0.0872165 0.130345 0.0805396 0.074888 0.0685517 0.125747 0.0902256 0.132428 0.0894992
threshold=8.0630927794747631 8.1931745393710909 7.524564635189992 11.058784289134293 17.601048098108844 1.0000000180025095e-35 9.5000000000000018 14.596612629036514 10.500000000000002 15.135349400712927 15.313328635561378 13.993941867334057 14.276915014741986 13.872815155575783 9.5000000000000018 17.17972032120424 17.326815694589431 1.0000000180025095e-35 17.627353575247966 8.1129657429642297 7.9897162130585526 11.500000000000002 17.512185247081025 17.458738050457423 1.5000000000000002 17.698233879917414 17.804346340848593 17.396690476876302 17.658138610363899 17.655344529861996
decision_type=2 2 2 2 2 2 2 2 2 2 2 2 2 2 2 2 2 2 2 2 2 2 2 2 2 2 2 2 2 2
left_child=2 -2 -1 6 5 14 -3 8 11 -9 -11 -7 -13 -10 -5 -12 -17 21 23 20 -8 22 -18 -19 -22 27 -27 28 -6 -28
right_child=1 3 -4 4 25 7 19 9 13 10 15 12 -14 -15 -16 16 17 18 -20 -21 24 -23 -24 -25 -26 26 29 -29 -30 -31
leaf_value=0.0060074781979842151 0.024532553284220611 -0.057164297305764403 -0.086800594204990492 0.003705441315949529 0.031040802282463222 -0.00044994935093699978 -0.085066450707700927 -0.030474118126678541 0.0034093059623219592 0.037900402365424593 -0.0015273276679702236 0.0098302203245995753 -0.20168179774460138 0.045589629265583236 -0.0064227742990476885 0.024938188257705551 0.0036921861242970029 0.0081333136232760467 -0.00439085872120803 -0.094811469696136172 0.00050478824604776283 -0.067969519648357721 -0.20926227251372331 0.012353981079022093 0.052786105835364798 0.011340994058715484 -0.071277987446234189 -0.13887366334606316 -0.2096119977813099 -0.00062034673578569238
leaf_weight=36 27 110 225 36 31 26 45 185 22 30 168 21 26 33 124 36 29 21 54 56 30 47 21 22 29 39 43 76 26 505
leaf_count=36 27 110 225 36 31 26 45 185 22 30 168 21 26 33 124 36 29 21 54 56 30 47 21 22 29 39 43 76 26 505
internal_value=-0.000181277 0.000213763 -0.00308429 7.66778e-05 0.000367056 0.00121532 -0.00166667 0.00174764 0.004375 0.00119902 0.00224299 0.000479451 0.00351064 0.00954545 -0.00125 0.00153266 0.00282609 0.00118557 0.00427835 -1.19209e-09 0.00173077 -0.00190722 0.000999999 0.00895349 0.00516949 -0.000694446 -0.000229984 -0.00274436 0.000263157 -0.000620439
internal_weight=2179 1918 261 1891 1621 901 270 741 128 613 428 73 47 55 160 398 230 194 97 160 104 97 50 43 59 720 587 133 57 548
internal_count=2179 1918 261 1891 1621 901 270 741 128 613 428 73 47 55 160 398 230 194 97 160 104 97 50 43 59 720 587 133 57 548
is_linear=0
shrinkage=0.1


Tree=46
num_leaves=31
num_cat=0
split_feature=4 4 4 2 5 4 4 3 3 3 2 1 0 5 2 2 5 4 4 5 4 4 5 5 5 4 4 4 2 4
split_gain=0.265941 0.246986 0.171992 0.113402 0.304004 0.283989 0.359397 0.209404 0.110589 0.154953 0.125015 0.127566 0.0846763 0.367215 0.122238 0.144823 0.188364 0.437237 0.14154 0.1373 0.106351 0.165517 0.217503 0.164626 0.225194 0.111974 0.272003 0.112199 0.238698 0.258084
threshold=8.0630927794747631 8.1931745393710909 7.524564635189992 12.500000000000002 23.065325260182242 17.47738162885609 17.310031313710422 2.5000000000000004 1.5000000000000002 3.5000000000000004 13.500000000000002 1.0000000180025095e-35 1.5000000000000002 10.956055933333335 11.500000000000002 10.500000000000002 21.212653007751378 20.624615056151168 22.46709819345298 9.0771972839285748 17.698233879917414 17.933972198847581 17.5037020983061 17.611349546148872 17.63673691248847 14.751118591220747 14.701643849161163 14.395895892965571 9.5000000000000018 13.695659204184041
decision_type=2 2 2 2 2 2 2 2 2 2 2 2 2 2 2 2 2 2 2 2 2 2 2 2 2 2 2 2 2 2
left_child=2 -2 -1 12 5 6 7 -5 -7 10 -10 -12 14 -14 15 18 17 19 -3 -17 25 22 -22 -24 -25 26 27 28 -15 -30
right_child=1 3 -4 4 -6 8 -8 -9 9 -11 11 -13 13 20 -16 16 -18 -19 -20 -21 21 -23 23 24 -26 -27 -28 -29 29 -31
leaf_value=0.0054067303781857512 0.022079297955798521 -0.021067552935386299 -0.07812053478449138 -0.040841574271636538 0.26168570196300012 -0.031485312194090023 0.013969194306444693 0.0031816551004929037 0.036306822062934001 -0.062772459246399237 -0.26420227163044591 0.26110542339556209 0.024116858594763726 -0.032939980099712184 -0.078750509666788232 0.00351514483007757 -0.014030535962224956 0.10487151957310302 0.0059681486866186842 -0.069146311673608782 -0.010063504886839159 -0.31290235173012565 0.041156573911146993 -0.056842061761066591 0.0064792451271705595 -0.0037570336048439452 0.013538294714942119 -0.011541103768583262 -0.0014337649023357759 0.039636689797057804
leaf_weight=36 27 339 225 45 22 85 31 31 42 35 29 33 22 33 71 46 51 31 47 30 37 24 35 20 29 562 24 58 42 37
leaf_count=36 27 339 225 45 22 85 31 31 42 35 29 33 22 33 71 46 51 31 47 30 37 24 35 20 29 562 24 58 42 37
internal_value=-8.94918e-05 0.000318038 -0.00308429 0.000182442 0.00179887 0.00104229 0.00528037 0.00157895 -0.000982144 0.000755394 0.00269231 -0.000161292 -0.000188558 0.000417117 -0.00109756 -0.000588236 0.00196202 0.00434579 -0.00163213 0.000263157 0.000105437 0.00258621 0.00409091 0.00690476 0.00316326 -0.000370372 0.00170103 0.000294116 0.00214286 0.00512658
internal_weight=2179 1918 261 1891 353 331 107 76 224 139 104 62 1538 923 615 544 158 107 386 76 901 145 121 84 49 756 194 170 112 79
internal_count=2179 1918 261 1891 353 331 107 76 224 139 104 62 1538 923 615 544 158 107 386 76 901 145 121 84 49 756 194 170 112 79
is_linear=0
shrinkage=0.1


Tree=47
num_leaves=31
num_cat=0
split_feature=1 4 5 5 5 4 2 4 5 4 4 3 4 5 5 2 5 5 5 0 0 4 5 5 4 4 4 3 3 4
split_gain=0.37475 0.361394 0.151264 0.144897 0.138151 0.13809 0.244379 0.135001 0.129484 0.109773 0.162464 0.225461 0.115672 0.103521 0.115165 0.119302 0.343804 0.243829 0.183119 0.298397 0.156217 0.264054 0.0986834 0.210389 0.220522 0.136704 0.121906 0.0857843 0.0964286 0.107642
threshold=1.0000000180025095e-35 11.058784289134293 14.295505232021354 14.189406503425344 15.187858021025077 15.563354596465592 10.500000000000002 15.556599819641656 22.214540239447736 17.17972032120424 17.396690476876302 2.5000000000000004 17.788177970260559 21.86037211941829 21.442954900189395 10.500000000000002 8.0293670147058354 21.078610070338364 20.878554373672518 1.0000000180025095e-35 1.5000000000000002 13.695659204184041 14.86880307100037 15.187858021025077 17.53040841431142 15.260070326109242 17.788177970260559 1.0000000180025095e-35 3.5000000000000004 17.409325411106831
decision_type=2 2 2 2 2 2 2 2 2 2 2 2 2 2 2 2 2 2 2 2 2 2 2 2 2 2 2 2 2 2
left_child=1 -1 3 5 -4 6 -3 -6 13 -9 11 -11 -12 14 15 20 -17 18 19 -18 -2 -22 -23 25 -25 -24 -26 -21 29 -29
right_child=8 2 4 -5 7 -7 -8 9 -10 10 12 -13 -14 -15 -16 16 17 -19 -20 27 21 22 23 24 26 -27 -28 28 -30 -31
leaf_value=-0.1319465727906399 -0.0018687896670340261 -0.077929307540483286 -0.053448886625739413 0.053423579372206147 0.014021940592084715 -0.097031483231358559 0.0066874205486491464 -0.11383357995215218 -0.033877530826004414 0.017652362394539333 -0.033662265562907627 -0.1163304184117433 0.0054391263438641722 0.22153299617997352 -0.025848263686342035 0.0042322250013366028 0.17223909660651859 0.0069023273269563272 -0.01277937690350543 -0.012124582852332023 0.0087048084977990308 -0.00171240166448043 0.011912204546783888 -0.19280122737950489 0.0095815583144927691 0.059621326500330966 -0.11040877433810015 0.0069637495170334811 -0.096999641510387397 0.0067593225356454099
leaf_weight=269 282 31 161 27 36 24 24 44 77 22 110 24 323 22 25 26 21 23 36 60 22 61 23 60 26 20 20 153 70 57
leaf_count=269 282 31 161 27 36 24 24 44 77 22 110 24 323 22 25 26 21 23 36 60 22 61 23 60 26 20 20 153 70 57
internal_value=0.000231756 -0.00107306 -3.63208e-05 0.00349056 -0.000555557 0.00132911 0.00409091 0.000187834 0.00154981 -0.000219886 0.000219205 0.00586956 -0.000381064 0.00185203 0.00170051 0.001875 0.00307175 0.00238095 0.00180101 0.00247922 0.000836575 0.00275862 0.00166667 0.00305369 0.000660376 0.00895349 0.00586956 0.0017647 0.0025 0.00357143
internal_weight=2179 1095 826 106 720 79 55 559 1084 523 479 46 433 1007 985 960 446 420 397 361 514 232 210 149 106 43 46 340 280 210
internal_count=2179 1095 826 106 720 79 55 559 1084 523 479 46 433 1007 985 960 446 420 397 361 514 232 210 149 106 43 46 340 280 210
is_linear=0
shrinkage=0.1


Tree=48
num_leaves=31
num_cat=0
split_feature=1 4 4 2 5 4 5 4 4 5 2 4 4 4 4 5 5 5 4 0 5 2 3 4 2 4 4 5 5 5
split_gain=0.233899 0.426275 0.17746 0.251534 0.272736 0.293962 0.243507 0.182028 0.18996 0.181975 0.145391 0.299747 0.161571 0.12803 0.121833 0.224278 0.126078 0.11847 0.0872803 0.1327 0.38114 0.228571 0.0836707 0.0834824 0.218788 0.124262 0.253165 0.142734 0.197445 0.278862
threshold=1.0000000180025095e-35 11.058784289134293 15.281155794946525 10.500000000000002 8.0293670147058354 14.861596172451391 16.522279094236115 8.0630927794747631 8.2761024944505959 17.598396061764848 12.500000000000002 17.493807334120785 17.53040841431142 7.5271333396249132 14.7413709393212 14.354176996385094 9.0771972839285748 7.9811521856134719 14.783523387612599 1.5000000000000002 14.143805923565823 9.5000000000000018 2.5000000000000004 14.260145221225788 10.500000000000002 15.135349400712927 17.396690476876302 14.998769083333334 16.170766819236114 17.52918205315434
decision_type=2 2 2 2 2 2 2 2 2 2 2 2 2 2 2 2 2 2 2 2 2 2 2 2 2 2 2 2 2 2
left_child=1 -1 3 7 -5 14 -4 13 -9 10 12 -12 22 -2 15 16 -6 -10 19 21 -21 -19 -8 24 -3 -25 27 -27 -29 -30
right_child=2 23 6 4 5 -7 9 8 17 -11 11 -13 -14 -15 -16 -17 -18 18 -20 20 -22 -23 -24 25 -26 26 -28 28 29 -31
leaf_value=-0.118751915511576 0.011789956441330253 -0.067482278784294192 -0.0088461620930607669 0.0038927805733854938 0.016268876956723761 0.014605390863476141 -0.1458328514945558 0.025922407415611883 -0.063901308493171979 -0.00034088304262027639 0.0060994225100434599 -0.14256796413442324 0.009973218561772957 -0.054345961981446714 -0.14940730762049378 0.034541151284526707 -0.044017424786301024 -0.022296868343434164 -0.016470183846034353 0.0091326773557490713 0.0012693668087756863 0.0077356819797708073 0.029208431840387884 -0.047762434614130718 0.020581010378439377 0.024942425242781147 -0.0077092322772511941 -0.093014214694829789 0.016285421266690383 -0.0062463265277950715
leaf_weight=269 20 30 111 24 32 27 31 25 23 350 23 20 43 88 21 24 26 35 33 22 45 35 26 157 25 25 448 59 42 40
leaf_count=269 20 30 111 24 32 27 31 25 23 350 23 20 43 88 21 24 26 35 33 22 45 35 26 157 25 25 448 59 42 40
internal_value=0.000231756 -0.000799088 0.00127306 0.00270833 0.00603896 0.00423077 0.000132449 0.00113497 0.00279816 0.00108519 0.00409091 0.00895349 0.002 -0.00222222 0.00179612 0.00353658 0.000172413 0.00173575 0.00264706 0.00375912 0.0069403 0.000714285 -0.00149123 0.000326875 0.00409091 5.83646e-05 0.000700325 0.00403614 0.00280142 0.00597561
internal_weight=2179 1095 1084 480 154 130 604 326 218 493 143 43 100 108 103 82 58 193 170 137 67 70 57 826 55 771 614 166 141 82
internal_count=2179 1095 1084 480 154 130 604 326 218 493 143 43 100 108 103 82 58 193 170 137 67 70 57 826 55 771 614 166 141 82
is_linear=0
shrinkage=0.1


Tree=49
num_leaves=31
num_cat=0
split_feature=4 1 5 5 5 4 4 2 1 4 4 5 3 3 5 5 5 4 4 5 4 4 4 4 4 5 5 5 5 3
split_gain=0.213693 0.347907 0.205993 0.135556 0.15873 0.129436 0.146036 0.244638 0.220487 0.106667 0.102265 0.213508 0.0894991 0.145756 0.169697 0.0872723 0.132379 0.147801 0.177503 0.103121 0.102189 0.170139 0.0901121 0.16971 0.0987658 0.081223 0.131373 0.10953 0.0827961 0.135584
threshold=8.4485437025064769 1.0000000180025095e-35 7.8425892638526928 8.0268590620283824 7.9811521856134719 8.5786883504863258 14.502389119893476 10.500000000000002 1.0000000180025095e-35 12.991242384062003 13.872815155575783 12.986649338157896 3.5000000000000004 1.0000000180025095e-35 8.0571946510690733 14.189406503425344 14.295505232021354 14.861596172451391 14.918783562155456 22.214540239447736 22.182657255829699 22.905843738494685 15.135349400712927 15.37442062200717 15.539285304295644 15.174470191405693 16.522279094236115 17.326993645532053 21.91572576859669 3.5000000000000004
decision_type=2 2 2 2 2 2 2 2 2 2 2 2 2 2 2 2 2 2 2 2 2 2 2 2 2 2 2 2 2 2
left_child=1 -1 -3 4 -2 -5 7 8 -7 -10 11 -9 13 -4 -15 -8 -17 -18 -19 22 -21 -22 -20 -24 -25 -26 -27 -28 29 -29
right_child=3 2 12 5 -6 6 15 10 9 -11 -12 -13 -14 14 -16 16 17 18 19 20 21 -23 23 24 25 26 27 28 -30 -31
leaf_value=-0.14612866509700592 -0.040826388728115157 0.0045399300464757228 -0.043134550926358893 -0.073563121160170081 0.069906156020027185 -0.11969656821040309 -0.0016497101276979492 0.02316866414733754 0.0043540472484759644 -0.061186721722412629 0.039154312255903573 -0.066801411559390733 -0.080929808889059984 0.00048700436807536107 0.028835877029551572 0.061354417580840773 -0.037398209459790027 0.012390428050256128 -0.032243767324114124 -0.16507232469140035 0.17364528122642534 -0.015940737364862411 0.062850916136010973 -0.04801371953953535 0.012370169232264017 -0.09507629555442848 0.010982138207759166 0.0052193692473454321 0.20850961557758618 -0.0085221623188120651
leaf_weight=187 21 29 33 41 24 68 88 24 50 25 29 27 33 77 28 23 134 30 53 62 24 72 40 28 26 65 34 607 38 159
leaf_count=187 21 29 33 41 24 68 88 24 50 25 29 27 33 77 28 23 134 30 53 62 24 72 40 28 26 65 34 607 38 159
internal_value=0.000231756 -0.00189923 0.000999999 0.000691963 0.00611111 0.000552374 0.000685814 0.00307175 0.000594404 0.00433333 0.0075 0.00480392 -0.000321639 0.0007971 0.00261905 0.000327039 0.000519712 0.000393585 0.000735055 0.000546356 -0.00183544 0.000208332 0.000904761 0.00111835 0.000851618 0.00102799 0.000869323 0.00120525 0.000970148 0.000744124
internal_weight=2179 387 200 1792 45 1747 1706 223 143 75 80 51 171 138 105 1483 1395 1372 1238 1208 158 96 1050 997 957 929 903 838 804 766
internal_count=2179 387 200 1792 45 1747 1706 223 143 75 80 51 171 138 105 1483 1395 1372 1238 1208 158 96 1050 997 957 929 903 838 804 766
is_linear=0
shrinkage=0.1


Tree=50
num_leaves=31
num_cat=0
split_feature=1 4 4 4 4 5 5 5 5 5 5 4 5 4 5 2 4 2 5 4 4 4 2 3 5 3 2 5 0 4
split_gain=0.299838 0.361394 0.116407 0.235958 0.128388 0.210038 0.143425 0.110095 0.110528 0.107561 0.10123 0.299433 0.159546 0.161006 0.166092 0.23778 0.10037 0.218788 0.0823315 0.104817 0.197347 0.147456 0.249836 0.162039 0.139092 0.122924 0.23088 0.110941 0.0988227 0.1176
threshold=1.0000000180025095e-35 11.058784289134293 7.5336329078013495 7.6123109890964491 14.7413709393212 14.446201138224959 14.86880307100037 22.214540239447736 21.86037211941829 21.442954900189395 8.015006641343696 8.1931745393710909 8.0675735386944059 8.0630927794747631 14.087792683096522 9.5000000000000018 14.260145221225788 10.500000000000002 23.184640751001822 15.339290287293109 17.326815694589431 17.17972032120424 11.500000000000002 2.5000000000000004 17.640653113263117 1.5000000000000002 10.500000000000002 17.658138610363899 1.5000000000000002 20.52239953422793
decision_type=2 2 2 2 2 2 2 2 2 2 2 2 2 2 2 2 2 2 2 2 2 2 2 2 2 2 2 2 2 2
left_child=1 -1 -2 -4 5 10 -6 8 9 -8 11 -5 -12 -14 15 -15 17 -3 19 25 21 22 23 -21 -22 26 -18 -26 29 -29
right_child=2 16 3 4 6 -7 7 -9 -10 -11 12 -13 13 14 -16 -17 18 -19 -20 20 24 -23 -24 -25 27 -27 -28 28 -30 -31
leaf_value=-0.093775081274185698 0.013978947059986077 -0.048764394084824497 -0.02961434921476876 0.025914158980409663 -0.0014375487270280665 0.031544277428194975 0.0040446637497235111 -0.02970406601178173 0.17856282330847964 -0.02265196380603629 -0.033322335946968526 -8.0510870949281757e-05 -0.092873923479238674 0.013990909635611101 -0.015297056441421869 0.0060858270464817545 0.033297634061890173 0.01604258883386275 -0.014317852868944395 -0.053471745936698283 -0.015173735065025685 0.012043641246538818 -0.18410835035576167 0.046699866281813662 0.01440353744248727 -0.051190802488391543 -0.038932163418671645 0.016513053556028549 -0.19504708107729718 0.001358672953535825
leaf_weight=269 33 30 60 26 70 23 506 76 22 25 34 50 24 33 48 54 33 25 36 33 170 25 31 31 24 116 30 35 30 177
leaf_count=269 33 30 60 26 70 23 506 76 22 25 34 50 24 33 48 54 33 25 36 33 170 25 31 31 24 116 30 35 30 177
internal_value=9.40787e-05 -0.00107306 0.00127306 0.00108944 0.00145812 0.00321918 0.000722459 0.00120032 0.00169078 0.00140301 0.00243494 0.00552631 0.00121762 0.00254717 0.00388889 0.00649425 -3.63208e-05 0.00409091 -0.00033074 -0.000102042 0.000575538 0.00416667 0.00236842 0.0059375 -0.000412845 -0.00220671 0.00134921 0.00101504 0.0003719 0.00113207
internal_weight=2179 1095 1084 1051 991 292 699 629 553 531 269 76 193 159 135 87 826 55 771 735 556 120 95 64 436 179 63 266 242 212
internal_count=2179 1095 1084 1051 991 292 699 629 553 531 269 76 193 159 135 87 826 55 771 735 556 120 95 64 436 179 63 266 242 212
is_linear=0
shrinkage=0.1


Tree=51
num_leaves=31
num_cat=0
split_feature=1 4 2 4 5 5 4 4 5 5 3 2 4 4 4 5 4 3 2 4 5 4 4 3 4 4 4 2 4 5
split_gain=0.233899 0.41088 0.144555 0.156069 0.137075 0.280923 0.116407 0.118446 0.112614 0.171579 0.112125 0.315953 0.237878 0.101816 0.122558 0.1245 0.106097 0.0918555 0.083278 0.0819876 0.0786852 0.127653 0.117243 0.204725 0.173913 0.543478 0.098121 0.230182 0.122392 0.0909774
threshold=1.0000000180025095e-35 8.4693291139919573 9.5000000000000018 8.5890721954098623 12.738824625000001 14.295505232021354 7.5336329078013495 7.5500470549361536 22.214540239447736 21.822449661617842 1.0000000180025095e-35 9.5000000000000018 7.642826414045083 8.0630927794747631 8.2761024944505959 7.9811521856134719 8.5096759620854154 1.5000000000000002 12.500000000000002 14.560799814376409 20.878554373672518 21.414186740531608 17.858397698527522 1.5000000000000002 15.135349400712927 17.444147608638612 17.429793706412756 11.500000000000002 17.267660006846544 13.993941867334057
decision_type=2 2 2 2 2 2 2 2 2 2 2 2 2 2 2 2 2 2 2 2 2 2 2 2 2 2 2 2 2 2
left_child=1 -1 17 -4 -5 -6 -2 -8 9 10 11 -9 -12 -14 -15 -16 -17 -3 -13 -19 22 -22 23 24 -18 -26 28 -28 29 -25
right_child=6 2 3 4 5 -7 7 8 -10 -11 12 18 13 14 15 16 20 19 -20 -21 21 -23 -24 26 25 -27 27 -29 -30 -31
leaf_value=-0.11945494868728289 0.012581052353987496 -0.054912216174870125 0.03352843784366677 -0.13054784108423709 0.041024818157620963 0.00059553206519680972 -0.087167148388596696 0.0060327160979174212 -0.026970263134385188 0.11905636350236365 0.0025937015509204606 -0.020549430749789072 -0.12275650155444347 0.020921683086684142 -0.063564613503857892 0.070106410434629479 0.0010164740860771314 -0.12765296716314184 -0.0083482981746972381 9.9655931258901869e-05 -0.015337882308751105 0.0024452741595116104 0.017520935185787078 -0.000634506593913927 0.069912893367990878 -0.14138207157667732 -0.010059499862488809 0.018346807394091766 -0.22497712420898758 0.0081383428490326062
leaf_weight=192 33 75 21 42 55 572 31 44 77 28 24 94 23 21 28 22 46 33 35 105 67 33 41 95 23 23 47 33 45 171
leaf_count=192 33 75 21 42 55 572 31 44 77 28 24 94 23 21 28 22 46 33 35 105 67 33 41 95 23 23 47 33 45 171
internal_value=0.000231756 -0.000799088 9.41295e-05 0.0007971 0.000530642 0.000901115 0.00127306 0.00108944 0.00127451 0.00157476 0.0013388 -0.000953758 0.00187331 0.00154596 0.00176259 0.00152819 0.00181114 -0.0021831 -0.00344961 -0.000652175 0.00157051 -0.001 0.00206107 0.00162526 0.00586956 0.0102174 0.000626597 0.00375 -0.00017685 0.000639097
internal_weight=2179 1095 903 690 669 627 1084 1051 1020 943 915 173 742 718 695 674 646 213 129 138 624 100 524 483 92 46 391 80 311 266
internal_count=2179 1095 903 690 669 627 1084 1051 1020 943 915 173 742 718 695 674 646 213 129 138 624 100 524 483 92 46 391 80 311 266
is_linear=0
shrinkage=0.1


Tree=52
num_leaves=31
num_cat=0
split_feature=5 1 4 4 5 4 4 4 4 4 4 4 2 4 2 4 5 5 5 5 4 2 4 4 5 5 4 2 4 4
split_gain=0.156816 0.172346 0.178135 0.132938 0.164853 0.11483 0.103355 0.122216 0.151235 0.112738 0.180472 0.110021 0.103612 0.0935463 0.0881191 0.14966 0.0735113 0.0977531 0.136691 0.206425 0.127646 0.0954724 0.0679086 0.17074 0.0688313 0.175469 0.155473 0.149868 0.0935676 0.611872
threshold=14.189406503425344 1.0000000180025095e-35 7.5336329078013495 8.3190743427159308 7.9944035223765191 14.725939483042868 14.751118591220747 14.676416191547522 14.596612629036514 14.861596172451391 14.918783562155456 14.036429049775316 10.500000000000002 7.5500470549361536 10.500000000000002 14.036429049775316 22.214540239447736 21.604318189176762 21.212653007751378 21.078610070338364 21.107402369817674 12.500000000000002 15.135349400712927 15.281155794946525 16.282532453418806 17.58783732834187 17.797202492205422 9.5000000000000018 17.429793706412756 17.552424590187645
decision_type=2 2 2 2 2 2 2 2 2 2 2 2 2 2 2 2 2 2 2 2 2 2 2 2 2 2 2 2 2 2
left_child=1 3 -3 -1 -5 13 7 8 11 -8 -11 -2 -13 -4 -6 -16 17 18 19 22 -19 -18 -12 -24 -25 26 27 -26 -29 -30
right_child=6 2 5 4 14 -7 9 -9 -10 10 16 12 -14 -15 15 -17 21 20 -20 -21 -22 -23 23 24 25 -27 -28 28 29 -31
leaf_value=-0.13948925839111323 -0.31337401186256153 0.011322947118588809 -0.078450433549737048 0.020682189943920827 -0.072389282129062427 -0.0042416105474141199 -0.061649096111835222 0.011795800484079244 -0.060171974380321902 0.010037703193180468 -0.029964816260409838 -0.037689281514355188 0.026662993391081549 0.0012280120284675899 0.02173099834928274 -0.1174930548638822 -0.019156082708588928 0.11585519682053561 -0.080916449679388963 0.010335908668196388 0.010977636332234503 3.4008064277032627e-05 0.043147028609941601 -0.0059510941301019861 -0.010362030984943867 -0.0035564957030455994 -0.010425518756202271 0.01004945206529741 0.024219663160802929 -0.00015783503201619031
leaf_weight=169 28 33 31 27 103 50 74 29 27 31 56 28 25 258 27 22 117 28 48 40 51 41 21 131 36 420 45 112 23 48
leaf_count=169 28 33 31 27 103 50 74 29 27 31 56 28 25 258 27 22 117 28 48 40 51 41 21 131 36 420 45 112 23 48
internal_value=-0.000181277 -0.00138889 0.000107526 -0.00298851 -0.00108939 -0.000575222 0.000414666 0.0030292 0.00148148 0.00014372 0.000368589 0.00364197 0.00632075 0.00019031 -0.00236842 0.00112245 0.000176663 0.000476864 0.00020408 0.000472102 0.00386076 -0.00183544 0.000156949 0.000382774 0.000153373 0.000555554 0.00257576 0.0036758 0.00483606 0.00767606
internal_weight=2179 720 372 348 179 339 1459 137 108 1322 1248 81 53 289 152 49 1217 1059 980 932 79 158 892 836 815 684 264 219 183 71
internal_count=2179 720 372 348 179 339 1459 137 108 1322 1248 81 53 289 152 49 1217 1059 980 932 79 158 892 836 815 684 264 219 183 71
is_linear=0
shrinkage=0.1


Tree=53
num_leaves=31
num_cat=0
split_feature=5 1 5 4 5 5 2 4 4 3 5 2 2 4 4 5 0 4 4 3 2 5 1 4 5 4 1 4 4 5
split_gain=0.18327 0.126508 0.13911 0.137293 0.23837 0.0888362 0.0800009 0.204726 0.184835 0.246367 0.237813 0.0856664 0.0701253 0.2467 0.289299 0.182984 0.178018 0.150323 0.123184 0.295692 0.122342 0.116755 0.113043 0.0916211 0.179984 0.0885902 0.0909091 0.0835117 0.0754148 0.0715441
threshold=13.993941867334057 1.0000000180025095e-35 10.956055933333335 8.2761024944505959 8.0331495694369792 7.9811521856134719 9.5000000000000018 8.5786883504863258 8.3927907817162666 1.5000000000000002 7.9897162130585526 10.500000000000002 12.500000000000002 17.47738162885609 17.310031313710422 22.760432649247686 1.5000000000000002 20.505301852960415 21.738113586558729 2.5000000000000004 14.500000000000002 21.604318189176762 1.0000000180025095e-35 14.751118591220747 14.685934864039146 15.37442062200717 1.0000000180025095e-35 14.861596172451391 21.396082200610937 14.314799005381655
decision_type=2 2 2 2 2 2 2 2 2 2 2 2 2 2 2 2 2 2 2 2 2 2 2 2 2 2 2 2 2 2
left_child=1 3 6 -1 5 -5 8 11 9 -3 -11 -8 15 14 25 18 17 -15 23 -20 21 28 -21 24 29 -14 -27 -25 -19 -2
right_child=12 2 -4 4 -6 -7 7 -9 -10 10 -12 -13 13 16 -16 -17 -18 20 19 22 -22 -23 -24 27 -26 26 -28 -29 -30 -31
leaf_value=-0.13509930935415379 0.0062599753166471366 -0.019084011992410551 -0.001243437090636996 -0.010458968506316306 -0.069946610237655069 0.012080305395184943 -0.042901389038532856 0.0057758714449069742 -0.020487346080765634 -0.00082640880444268504 0.10659154651913938 0.0014206679911732947 0.01186671357389643 0.087875927494204475 0.0056518425434542458 -0.054623553691192844 -0.080774784418685658 -0.041430001042253327 0.12010905264198729 -0.045179691828749848 -0.33222283610642145 0.18165505972416851 0.015393548018439019 -0.072595661049601704 0.010874142451042661 -0.2109819605411305 -0.0056113771991991137 1.6057038339454057e-05 0.12751588282629786 -0.039412251856259101
leaf_weight=160 61 29 51 31 121 20 99 36 42 24 22 49 25 30 32 66 82 25 29 26 31 46 20 70 27 22 22 795 26 60
leaf_count=160 61 29 51 31 121 20 99 36 42 24 22 49 25 30 32 66 82 25 29 26 31 46 20 70 27 22 22 795 26 60
internal_value=-0.000135384 -0.00149123 -0.000170456 -0.00289157 -0.000930234 0.00480392 0.000647839 -0.000652175 0.00269231 0.00566667 0.0102174 -0.0022973 0.000484949 0.00174487 0.00589109 0.00011265 -1.19209e-09 0.00196202 0.000422793 0.00433333 0.000468749 0.00221649 -0.000652175 0.000133266 0.00243243 0.00224638 -0.000454547 -0.000260117 -0.00107843 0.000785123
internal_weight=2179 684 352 332 172 51 301 184 117 75 46 148 1495 341 101 1154 240 158 1088 75 128 97 46 1013 148 69 44 865 51 121
internal_count=2179 684 352 332 172 51 301 184 117 75 46 148 1495 341 101 1154 240 158 1088 75 128 97 46 1013 148 69 44 865 51 121
is_linear=0
shrinkage=0.1


Tree=54
num_leaves=31
num_cat=0
split_feature=5 4 5 4 4 5 5 2 2 4 5 5 4 1 2 4 4 5 4 4 4 5 4 3 3 4 4 5 4 5
split_gain=0.14045 0.154588 0.155163 0.114561 0.212105 0.120141 0.0927221 0.0942448 0.0954958 0.140273 0.240175 0.0904664 0.115113 0.0879638 0.0824174 0.314115 0.238588 0.188457 0.136265 0.141562 0.10352 0.0956162 0.08 0.0765625 0.0756173 0.0718672 0.151476 0.0839543 0.133826 0.139934
threshold=22.214540239447736 8.0630927794747631 7.8317419679886413 14.725939483042868 14.648580761804292 21.91572576859669 13.993941867334057 13.500000000000002 12.500000000000002 17.353262051597955 21.078610070338364 21.442954900189395 21.588065905142749 1.0000000180025095e-35 9.5000000000000018 8.3772114634455885 8.4693291139919573 8.0331495694369792 8.5786883504863258 14.395895892965571 13.695659204184041 8.5389133843137284 17.732789507572232 1.0000000180025095e-35 1.5000000000000002 21.186699431540653 20.604012224128997 17.658138610363899 17.698233879917414 17.5037020983061
decision_type=2 2 2 2 2 2 2 2 2 2 2 2 2 2 2 2 2 2 2 2 2 2 2 2 2 2 2 2 2 2
left_child=1 2 -1 4 14 6 -5 8 11 13 22 12 25 -10 15 -3 24 -18 -19 20 21 -20 -11 -2 -16 26 27 28 -8 -30
right_child=23 3 -4 5 -6 -7 7 -9 9 10 -12 -13 -14 -15 16 -17 17 18 19 -21 -22 -23 -24 -25 -26 -27 -28 -29 29 -31
leaf_value=0.0022126347927058157 0.022647576006290707 0.0074918657864366427 -0.045525277553128407 -0.0056125390774258363 0.010010681878765817 0.15765199147044839 -0.0023297897125409799 -0.018545464236076694 -0.0014155235997250701 0.0025110817400220268 0.14662792423858156 -0.030599926930507077 0.04181246968879801 0.0099821495325192917 0.0018265707066207973 -0.028370278985348243 0.060413549747703077 -0.11696911536808351 0.0059254292975629555 -0.024994918221652784 0.035585512294442394 0.00036524673520793479 -0.0041710045939710406 -0.0094464762950836056 -0.053939446112156675 -0.019509658146738079 0.13837862507455945 -0.054785199250801421 -0.055210045675009284 0.022201337953675765
leaf_weight=33 32 43 228 78 26 39 510 130 26 30 20 38 26 25 32 120 23 20 31 34 42 65 45 128 49 64 23 97 35 87
leaf_count=33 32 43 228 78 26 39 510 130 26 30 20 38 26 25 32 120 23 20 31 34 42 65 45 128 49 64 23 97 35 87
internal_value=-0.000273062 -4.70542e-05 -0.00231801 0.000290101 0.00159794 -0.000208171 -0.000380876 -0.000155711 0.000165691 0.00253425 0.000263157 -0.000227274 -1.18777e-05 0.0067647 0.00110022 -0.000705523 0.00209459 0.00383721 0.0028125 0.00372093 0.00514493 0.00333333 -0.00233333 -0.003125 -0.00253087 -0.000220589 5.31903e-05 -0.000198904 0.000221518 0.00319672
internal_weight=2179 2019 261 1758 485 1273 1234 1156 1026 146 95 880 842 51 459 163 296 215 192 172 138 96 75 160 81 816 752 729 632 122
internal_count=2179 2019 261 1758 485 1273 1234 1156 1026 146 95 880 842 51 459 163 296 215 192 172 138 96 75 160 81 816 752 729 632 122
is_linear=0
shrinkage=0.1


Tree=55
num_leaves=31
num_cat=0
split_feature=1 0 4 5 0 2 2 4 5 5 5 4 4 4 4 4 5 3 4 5 5 5 4 4 4 4 5 4 4 5
split_gain=0.23369 0.266549 0.168429 0.208537 0.164879 0.246626 0.19 0.208333 0.152294 0.148227 0.138993 0.138365 0.102941 0.0981766 0.148485 0.0865385 0.0810085 0.108754 0.0981258 0.372024 0.121599 0.155502 0.0793353 0.147613 0.0771301 0.0905936 0.0722657 0.0841801 0.225481 0.114784
threshold=1.0000000180025095e-35 1.5000000000000002 14.725939483042868 14.802116892745781 1.5000000000000002 9.5000000000000018 10.500000000000002 7.671673155046471 7.8317419679886413 14.754370360304291 15.058472634422651 15.339290287293109 8.0630927794747631 14.036429049775316 14.502389119893476 17.933972198847581 21.442954900189395 1.0000000180025095e-35 21.332922180526769 20.987906254051993 20.974502233146222 20.810136667956268 8.2761024944505959 8.5890721954098623 14.87221651464974 15.281155794946525 15.170489740093009 17.797202492205422 17.732789507572232 17.629760684549023
decision_type=2 2 2 2 2 2 2 2 2 2 2 2 2 2 2 2 2 2 2 2 2 2 2 2 2 2 2 2 2 2
left_child=1 22 4 -4 6 -6 8 -8 -2 -3 -5 -11 -10 -7 -15 -13 18 -18 20 -20 21 24 -1 -24 -12 -26 -27 28 29 -28
right_child=2 9 3 10 5 13 7 -9 12 11 16 15 -14 14 -16 -17 17 -19 19 -21 -22 -23 23 -25 25 26 27 -29 -30 -31
leaf_value=-0.12050937943940365 0.0035228446361422246 0.0084453307759584911 -0.0035611455346305737 0.031168883712136469 0.0091195761836651134 -0.0042743864130436252 0.0079358282476588472 0.0040162517594660389 -0.038233992266750678 -0.035661459186708315 -0.1426590320707741 0.0018558124035554003 0.0029350633951733328 0.02908931104419157 -0.040638641312625449 -0.44784681040181762 0.18268523973606426 -0.010615722490170822 -0.22942018033991041 0.034366256725889964 -0.062066473369853874 0.1320097941001491 0.0013794292918833492 -0.0060186046954539725 0.0088885318174817575 -0.02039916496749751 0.0025765201274804504 -0.013682286143216496 0.025234096695442621 -0.3390137163918851
leaf_weight=160 23 143 68 22 25 27 20 40 96 116 24 288 106 24 20 24 20 103 20 28 35 42 66 298 26 23 185 49 26 32
leaf_count=160 23 143 68 22 25 27 20 40 96 116 24 288 106 24 20 24 20 103 20 28 35 42 66 298 26 23 185 49 26 32
internal_value=0.000139971 -0.000890412 0.00118081 0.000263157 0.00287401 0.00645833 0.00166667 0.00666667 0.000333332 0.000604202 0.00082677 -0.000327104 -0.000544556 0.0034507 0.00636364 0.00076923 0.000546491 -0.00174797 0.00112245 0.00541667 0.000656107 0.0011425 -0.00251909 -0.0017033 0.000479451 0.000865101 0.000396824 0.000821917 0.00158436 0.000529953
internal_weight=2179 1095 1084 703 381 96 285 60 225 571 635 428 202 71 44 312 613 123 490 48 442 407 524 364 365 341 315 292 243 217
internal_count=2179 1095 1084 703 381 96 285 60 225 571 635 428 202 71 44 312 613 123 490 48 442 407 524 364 365 341 315 292 243 217
is_linear=0
shrinkage=0.1


Tree=56
num_leaves=31
num_cat=0
split_feature=4 4 4 4 4 1 2 2 0 5 2 3 5 4 4 4 4 3 2 3 3 5 2 2 5 4 5 4 4 4
split_gain=0.171402 0.125106 0.12729 0.16746 0.121795 0.12062 0.128607 0.137931 0.111798 0.236018 0.154494 0.119005 0.106425 0.101542 0.092743 0.0830769 0.0783208 0.176007 0.0760916 0.086631 0.0859399 0.0648591 0.0597522 0.112765 0.1829 0.252343 0.100163 0.0893246 0.0788659 0.347793
threshold=20.411983497285267 20.265001553198619 7.524564635189992 8.2383828358262203 14.725939483042868 1.0000000180025095e-35 10.500000000000002 9.5000000000000018 1.5000000000000002 13.684436888498499 9.5000000000000018 1.0000000180025095e-35 8.1129657429642297 7.6123109890964491 14.861596172451391 8.6520765594719169 8.4485437025064769 2.5000000000000004 9.5000000000000018 3.5000000000000004 1.0000000180025095e-35 14.916274410035843 13.500000000000002 12.500000000000002 17.621355012700022 17.158399198920513 17.674119020352393 17.444147608638612 17.788177970260559 17.835895765845667
decision_type=2 2 2 2 2 2 2 2 2 2 2 2 2 2 2 2 2 2 2 2 2 2 2 2 2 2 2 2 2 2
left_child=1 2 -1 5 8 -4 7 13 10 -10 -5 -11 16 -7 21 -14 -12 -18 19 20 -16 -6 23 26 25 -25 28 -24 -20 -30
right_child=-2 -3 3 4 14 6 -8 -9 9 11 12 -13 15 -15 18 -17 17 -19 22 -21 -22 -23 27 24 -26 -27 -28 -29 29 -31
leaf_value=0.0084145203261136586 -0.0044859848603131204 0.0098323867244948914 -0.10773338094898009 -0.029617905465253194 0.00058153687488927822 -0.0077786485223924617 0.0052566399523071954 -0.04441723098440914 0.015728547928774241 -0.0059044264824176648 0.00108183604212244 0.0087794733469556893 -0.1735170204325947 0.02303709521355041 0.00019078167622967659 -0.017158160780997449 0.0012326466325806322 0.059979334512125962 0.00012554440510191184 0.014979001767172817 -0.0057147043801858283 -0.069666794734109805 -0.031273582172945159 0.0089304123743737928 0.11274495372932368 -0.0026240314527526832 -0.036820012174886327 -0.12996917114438306 0.022763119367608199 -0.0073634730896226415
leaf_weight=36 472 24 136 90 38 32 27 58 38 21 35 136 27 26 28 25 39 21 382 40 108 61 27 39 24 49 32 41 20 47
leaf_count=36 472 24 136 90 38 32 27 58 38 21 35 136 27 26 28 25 39 21 382 40 108 61 27 39 24 49 32 41 20 47
internal_value=-0.000135384 0.000330989 0.000228757 0.000100181 0.000555554 -0.00213262 -0.000104896 -0.00155173 0.00194444 0.00371795 0.000485231 0.00200637 0.00248299 0.00189655 -8.54713e-05 -0.00115385 0.00447368 0.00666667 0.000256869 -0.00159091 -0.00279412 -0.0029798 0.000748864 0.00107083 0.00392857 0.00181818 0.000405404 -0.00205882 0.000790645 0.00395522
internal_weight=2179 1707 1683 1647 1368 279 143 116 432 195 237 157 147 58 936 52 95 60 837 176 136 99 661 593 112 88 481 68 449 67
internal_count=2179 1707 1683 1647 1368 279 143 116 432 195 237 157 147 58 936 52 95 60 837 176 136 99 661 593 112 88 481 68 449 67
is_linear=0
shrinkage=0.1


Tree=57
num_leaves=31
num_cat=0
split_feature=5 5 5 5 5 4 1 2 2 3 4 5 3 5 4 5 5 1 5 5 5 3 4 5 2 3 1 4 3 4
split_gain=0.223688 0.319291 0.169702 0.127585 0.472749 0.157217 0.124788 0.364574 0.0782487 0.123355 0.0640646 0.300776 0.34255 0.122583 0.121297 0.0932411 0.119045 0.126037 0.16657 0.145029 0.0970136 0.0869565 0.0797663 0.224591 0.0917013 0.103942 0.128374 0.118246 0.163594 0.248426
threshold=20.878554373672518 20.810136667956268 17.658138610363899 7.3630219833333346 7.8317419679886413 8.2383828358262203 1.0000000180025095e-35 10.500000000000002 9.5000000000000018 1.5000000000000002 17.353262051597955 17.512185247081025 2.5000000000000004 17.388673537110076 17.105349856647795 17.63673691248847 17.598396061764848 1.0000000180025095e-35 17.571499862113807 17.451295077009402 17.287631751581635 1.5000000000000002 16.773250739507059 15.419024865833334 12.500000000000002 1.5000000000000002 1.0000000180025095e-35 15.281155794946525 2.5000000000000004 8.9633076226386343
decision_type=2 2 2 2 2 2 2 2 2 2 2 2 2 2 2 2 2 2 2 2 2 2 2 2 2 2 2 2 2 2
left_child=1 2 3 -1 -5 6 -6 8 9 -8 11 13 -13 14 22 16 17 -12 19 20 -19 -17 23 24 25 -7 -27 28 -28 -30
right_child=-2 -3 -4 4 5 10 7 -9 -10 -11 15 12 -14 -15 -16 21 -18 18 -20 -21 -22 -23 -24 -25 -26 26 27 -29 29 -31
leaf_value=-0.090890057174221731 -0.0045826677599163377 0.36402931286014295 -0.048493182175507743 0.025579851327690285 -0.10688099582247101 0.004594454611588087 -0.035050926191840227 0.0049982133122152472 -0.0393400594860078 0.01432049042073847 -0.0061892767512817309 0.04582673378445426 -0.10648273930335167 -0.091931316970240318 0.0044319758943326803 -0.092640942055635611 -0.022427045141570536 -0.012054318567623979 0.0087953725754290543 -0.0084839581567886617 0.029295798148716481 0.0123662381538014 -0.27739721512959464 0.12114692192864136 0.0080373711369365625 -0.045044500594793868 -0.00029402360635680513 -0.03043531612186769 -0.023511246771936153 0.0078487243229532957
leaf_weight=45 472 24 64 27 131 227 25 25 56 32 107 29 23 37 23 23 99 23 28 31 22 23 24 27 39 246 80 53 36 78
leaf_count=45 472 24 64 27 131 227 25 25 56 32 107 29 23 37 23 23 99 23 28 31 22 23 24 27 39 246 80 53 36 78
internal_value=-0.000318955 0.000213824 5.05039e-05 0.000250153 0.000400253 0.000171298 -0.00202602 7.24626e-05 -0.00234513 0.000263157 0.000633802 0.00107375 0.00846154 0.000632183 0.000882352 -0.000505619 -0.00112903 0.000213269 0.00269231 0.000263157 0.00388889 0.00369565 0.000679011 0.000852416 0.000533596 0.000277777 -0.000537527 0.00107287 0.00221649 0.00464912
internal_weight=2179 1707 1683 1619 1574 1547 269 138 113 57 1278 922 52 870 833 356 310 211 104 76 45 46 810 786 759 720 493 247 194 114
internal_count=2179 1707 1683 1619 1574 1547 269 138 113 57 1278 922 52 870 833 356 310 211 104 76 45 46 810 786 759 720 493 247 194 114
is_linear=0
shrinkage=0.1


Tree=58
num_leaves=31
num_cat=0
split_feature=5 5 4 4 2 1 4 4 4 5 2 3 4 4 5 4 5 0 5 1 5 5 4 4 5 3 3 5 5 3
split_gain=0.207981 0.123401 0.104071 0.457687 0.150494 0.285602 0.0846516 0.201478 0.0793808 0.0733898 0.0673646 0.189892 0.146378 0.206831 0.125312 0.0833333 0.080334 0.117384 0.0738626 0.0774767 0.114502 0.091195 0.0691775 0.102941 0.0797141 0.100304 0.0661403 0.233333 0.140996 0.132213
threshold=17.674119020352393 17.655344529861996 8.0630927794747631 8.1931745393710909 10.500000000000002 1.0000000180025095e-35 21.396082200610937 21.477533529154652 8.2383828358262203 17.64390513419611 9.5000000000000018 1.0000000180025095e-35 14.395895892965571 13.695659204184041 12.986649338157896 14.676416191547522 17.605449456286959 2.5000000000000004 15.147105736499745 1.0000000180025095e-35 14.328612195064473 14.253765037747586 14.861596172451391 14.918783562155456 14.372634581391436 1.0000000180025095e-35 1.0000000180025095e-35 17.517359113853114 17.58783732834187 2.5000000000000004
decision_type=2 2 2 2 2 2 2 2 2 2 2 2 2 2 2 2 2 2 2 2 2 2 2 2 2 2 2 2 2 2
left_child=1 2 4 -4 -1 -6 -2 -8 -5 10 11 15 13 -12 -14 -10 17 -13 19 21 -21 -19 24 -24 -16 -26 27 -25 -28 -30
right_child=6 -3 3 8 5 -7 7 -9 9 -11 12 16 14 -15 22 -17 -18 18 -20 20 -22 -23 23 26 25 -27 28 -29 29 -31
leaf_value=-0.033162148710186259 -0.0066047744928125407 0.0040382548314683636 0.0080001519360735837 -0.036431917921045623 -0.20027698041249239 0.0044983919809937854 0.17529468683944949 -0.0040267877735713871 -0.0051502223855499551 -0.31412242732657025 0.0033251878367453825 -0.011359001721509174 -0.030077559500628633 0.027543072527095803 0.0064539127398486086 0.0026946158968483517 -0.0016378104226049625 -0.024262633665126279 -0.23703071004548174 -0.00074809448329407461 0.04986364925193594 -0.18160018980547069 0.0067703450933801843 -0.12515075787542448 0.0023103629596181686 -0.06923994867550147 0.0081198273408677052 0.059466058226158594 0.0019798795744564945 -0.11118207657954932
leaf_weight=195 300 24 27 27 41 25 22 222 20 24 191 133 42 41 23 30 22 24 23 22 20 29 24 63 28 66 325 27 60 59
leaf_count=195 300 24 27 27 41 25 22 222 20 24 191 133 42 41 23 30 22 24 23 22 20 29 24 63 28 66 325 27 60 59
internal_value=-0.000181277 0.000382262 0.000276225 0.000629628 -0.00155173 0.00257576 -0.001875 -0.000491804 0.00036659 0.000478394 0.00058176 -0.000665636 0.00100632 0.00318965 0.000299859 0.005 -0.0017033 -0.00221116 8.47446e-05 0.00131579 0.00452381 -0.00122642 0.000629628 0.00109319 -0.0015812 -0.00287234 0.000805242 -0.00166667 0.00130631 -0.00163866
internal_weight=2179 1635 1611 1350 261 66 544 244 1323 1296 1272 323 949 232 717 50 273 251 118 95 42 53 675 558 117 94 534 90 444 119
internal_count=2179 1635 1611 1350 261 66 544 244 1323 1296 1272 323 949 232 717 50 273 251 118 95 42 53 675 558 117 94 534 90 444 119
is_linear=0
shrinkage=0.1


Tree=59
num_leaves=31
num_cat=0
split_feature=1 5 0 5 4 2 4 3 5 5 5 4 4 4 4 5 5 5 3 2 4 3 5 3 4 5 5 3 3 3
split_gain=0.233272 0.201976 0.158316 0.186626 0.136529 0.11584 0.148218 0.160714 0.110892 0.148885 0.135458 0.14991 0.148149 0.149004 0.144087 0.10541 0.216494 0.105402 0.147641 0.140254 0.13637 0.301339 0.310952 0.133097 0.0932479 0.0713168 0.0980467 0.505561 0.0860495 0.0801074
threshold=1.0000000180025095e-35 7.8425892638526928 1.5000000000000002 14.959953975510109 15.281155794946525 9.5000000000000018 14.260145221225788 1.5000000000000002 15.166099065152888 17.548095038381994 17.5037020983061 17.520632892765949 17.079090907451004 15.582151516019001 14.861596172451391 7.9296046805134557 7.9944035223765191 20.878554373672518 1.0000000180025095e-35 9.5000000000000018 17.732789507572232 1.5000000000000002 17.609598029055611 1.0000000180025095e-35 17.627353575247966 8.0571946510690733 8.5389133843137284 3.5000000000000004 2.5000000000000004 1.5000000000000002
decision_type=2 2 2 2 2 2 2 2 2 2 2 2 2 2 2 2 2 2 2 2 2 2 2 2 2 2 2 2 2 2
left_child=2 -2 -1 4 5 -4 -7 -8 -5 10 11 12 13 14 -10 -3 -17 18 19 -18 24 -22 -23 -19 25 28 27 -27 -20 -28
right_child=1 15 3 8 -6 6 7 -9 9 -11 -12 -13 -14 -15 -16 16 17 23 20 -21 21 22 -24 -25 -26 26 29 -29 -30 -31
leaf_value=-0.009994749077827653 0.0052999726891051289 -0.014404385610584264 -0.010962982733495589 -0.16273091281592403 0.019596215935447754 0.021820623639206102 0.034636370099857074 -0.098385882461417551 -0.044413298805186623 -0.024274512555174238 0.01502943908258547 -0.066632406819085832 0.027933886519171659 -0.18573325694284559 0.037860275455057359 0.0037813154277556702 0.0050641780360122738 0.035531157136043212 -0.0087942686661891343 -0.023285700720320445 -0.045726198891710895 0.0029045728300645516 0.067084562929262112 -0.0083094665011075718 -0.10324149440780972 0.024241607188821054 0.02141707103130187 -0.08682806868279655 0.0093741176825372537 0.0024409411600763639
leaf_weight=524 38 60 43 61 28 37 28 28 29 164 32 39 20 32 30 27 35 46 33 90 20 37 27 186 22 23 73 20 26 321
leaf_count=524 38 60 43 61 28 37 28 28 29 164 32 39 20 32 30 27 35 46 33 90 20 37 27 186 22 23 73 20 26 321
internal_value=-4.35992e-05 0.000996309 -0.00107306 7.88079e-05 0.00292683 0.00161765 0.00360215 0.000357142 -0.0010688 -0.000375724 0.00159341 0.000333332 0.00220721 0.000494504 0.00347458 0.000736136 0.000983772 0.00073514 0.00132737 -0.0018 0.00197674 0.00571428 0.0090625 -0.00112069 0.00137066 0.00165322 0.00209382 0.00662791 -0.00161017 0.00159898
internal_weight=2179 1084 1095 571 164 136 93 56 407 346 182 150 111 91 59 1046 986 959 727 125 602 84 64 232 518 496 437 43 59 394
internal_count=2179 1084 1095 571 164 136 93 56 407 346 182 150 111 91 59 1046 986 959 727 125 602 84 64 232 518 496 437 43 59 394
is_linear=0
shrinkage=0.1


Tree=60
num_leaves=31
num_cat=0
split_feature=5 4 4 2 1 0 5 4 5 2 4 4 4 2 5 2 4 4 4 1 5 3 3 4 5 4 1 4 5 5
split_gain=0.138948 0.139235 0.432919 0.150494 0.285602 0.0979512 0.204575 0.1131 0.166789 0.105214 0.0970789 0.0941275 0.284084 0.158681 0.12028 0.110565 0.142931 0.0942308 0.0930139 0.276849 0.120243 0.0896475 0.143251 0.10728 0.142765 0.207578 0.0909919 0.0795006 0.11648 0.117934
threshold=17.58783732834187 8.0630927794747631 8.1931745393710909 10.500000000000002 1.0000000180025095e-35 1.5000000000000002 10.956055933333335 14.725939483042868 16.282532453418806 9.5000000000000018 16.93555025470063 17.429793706412756 17.552424590187645 10.500000000000002 17.535776405000203 10.500000000000002 17.339223135380415 17.17972032120424 8.5786883504863258 1.0000000180025095e-35 8.0212768612002119 3.5000000000000004 1.5000000000000002 15.563354596465592 14.86880307100037 14.901338911389677 1.0000000180025095e-35 17.797202492205422 20.878554373672518 20.766763772227211
decision_type=2 2 2 2 2 2 2 2 2 2 2 2 2 2 2 2 2 2 2 2 2 2 2 2 2 2 2 2 2 2
left_child=1 3 -3 -1 -5 9 -7 -8 21 -4 -10 15 -13 -14 -15 -12 17 -17 20 -20 -11 22 23 24 -9 -26 -23 -2 29 -29
right_child=27 2 5 4 -6 6 7 8 10 18 11 12 13 14 -16 16 -18 -19 19 -21 -22 26 -24 -25 25 -27 -28 28 -30 -31
leaf_value=-0.027613609196318306 -0.019754475452903951 0.0077407695231900822 -0.023529162540131668 -0.17924980746346028 0.0036704212401189457 0.018066302048616027 0.0026046118518380582 -0.0028962451302882728 0.14132336628273673 0.0055250593224651064 -0.068563620167356204 0.014335863581964077 0.011961507511417245 -0.13577719542175223 0.038002583216439192 -0.0034072222369799297 -0.013709387593002061 0.06441499441056546 -0.017056477348448312 0.0025128641842402186 -0.032183974978949315 0.015713783109634234 -0.058783855681624086 -0.069099309788049401 -0.055270204854722095 0.026023996591645032 -0.0044629965417857954 -0.0039713571911448751 -0.0029331989184019757 0.20491099149640918
leaf_weight=195 191 27 114 41 25 27 184 43 22 59 36 29 35 43 22 32 22 20 38 33 47 38 163 28 41 32 31 76 453 32
leaf_count=195 191 27 114 41 25 27 184 43 22 59 36 29 35 43 22 32 22 20 38 33 47 38 163 28 41 32 31 76 453 32
internal_value=-4.35992e-05 0.000536089 0.00100343 -0.00155173 0.00257576 0.000706759 0.00125 0.00096833 0.000337518 -0.00087629 0.00227969 0.00169456 0.00352713 0.000999999 -0.00192308 -0.000454547 0.00175676 0.00461538 0.000649716 0.0034507 -0.00122642 -0.00101064 -0.00174267 0.000555554 0.00189655 0.00458904 0.00224638 -0.00114362 -0.000543673 0.00240741
internal_weight=2179 1427 1166 261 66 1139 848 821 637 291 261 239 129 100 65 110 74 52 177 71 106 376 307 144 116 73 69 752 561 108
internal_count=2179 1427 1166 261 66 1139 848 821 637 291 261 239 129 100 65 110 74 52 177 71 106 376 307 144 116 73 69 752 561 108
is_linear=0
shrinkage=0.1


Tree=61
num_leaves=31
num_cat=0
split_feature=5 1 0 5 4 4 3 2 4 5 4 5 5 5 4 5 5 4 4 5 5 2 2 5 4 4 5 4 4 5
split_gain=0.266251 0.138351 0.168513 0.148738 0.181276 0.196526 0.145543 0.181373 0.1488 0.126605 0.181162 0.126402 0.228988 0.164303 0.139248 0.162896 0.128548 0.178313 0.123596 0.116217 0.125058 0.181924 0.113297 0.106514 0.0899275 0.0864771 0.078853 0.0701509 0.120381 0.110804
threshold=17.601048098108844 1.0000000180025095e-35 1.5000000000000002 7.8425892638526928 17.429793706412756 17.627353575247966 1.0000000180025095e-35 9.5000000000000018 17.267660006846544 7.9296046805134557 7.642826414045083 14.959953975510109 15.187858021025077 14.685934864039146 15.563354596465592 17.344639321995064 17.52918205315434 17.520632892765949 8.0630927794747631 14.295505232021354 14.189406503425344 10.500000000000002 11.500000000000002 8.0407843482211785 21.396082200610937 17.105349856647795 20.974502233146222 8.5890721954098623 8.2761024944505959 7.8232979756925483
decision_type=2 2 2 2 2 2 2 2 2 2 2 2 2 2 2 2 2 2 2 2 2 2 2 2 2 2 2 2 2 2
left_child=1 2 27 -3 6 -6 7 -5 9 -8 23 13 -13 19 -14 -16 17 -17 -12 20 21 -4 -7 -11 26 -20 -2 28 29 -1
right_child=24 3 11 4 5 22 8 -9 -10 10 18 12 14 -15 15 16 -18 -19 25 -21 -22 -23 -24 -25 -26 -27 -28 -29 -30 -31
leaf_value=0.0024388978181024527 -0.0076522306874941722 0.0058656566952074406 -0.063676431424783006 0.00092628815761893835 0.013294228584519752 0.0054622517017104801 -0.031507515505432911 -0.022167560477917948 -0.12519811977325032 0.030344859067623312 -0.10888529613124753 -0.12405039076245501 0.032038909635466586 0.0046304645678437234 -0.18768264140032054 0.0037293444993460423 -0.021022330957133534 -0.021211957828071795 0.0019465451692033413 -0.056890546956056089 0.048701591490227049 0.0025341785514924014 -0.087182357037316527 0.0012075200193771257 0.00022962460515667745 0.0035752110667042168 -0.0044452577161204383 -0.037085804794717625 0.0033323258277090256 -0.079557422414474221
leaf_weight=22 308 38 41 34 28 34 45 74 30 21 23 95 30 25 36 31 51 35 335 39 27 32 30 22 245 22 167 55 66 138
leaf_count=22 308 38 41 34 28 34 45 74 30 21 23 95 30 25 36 31 51 35 335 39 27 32 30 22 245 22 167 55 66 138
internal_value=0.000323542 0.00110007 0.000117565 0.00206522 0.00173352 0.00586956 0.00110561 -0.00222222 0.00182731 0.00226496 0.00280142 0.00133484 3.597e-05 0.00353658 0.00210382 0.000882352 0.00269231 0.00560606 0.00210526 0.00219424 0.004 0.00184931 0.0028125 0.00895349 -0.00125 0.00256302 -0.00205263 -0.00179715 -0.0010177 -0.0025
internal_weight=2179 1459 723 736 698 92 606 108 498 468 423 442 278 164 183 153 117 66 380 139 100 73 64 43 720 357 475 281 226 160
internal_count=2179 1459 723 736 698 92 606 108 498 468 423 442 278 164 183 153 117 66 380 139 100 73 64 43 720 357 475 281 226 160
is_linear=0
shrinkage=0.1


Tree=62
num_leaves=31
num_cat=0
split_feature=5 0 5 5 5 5 4 5 4 4 3 2 5 1 2 3 4 5 5 4 4 5 2 2 5 2 4 4 3 5
split_gain=0.252679 0.28659 0.179389 0.139574 0.527609 0.125714 0.113078 0.249556 0.191832 0.589889 0.494017 0.191924 0.134843 0.127368 0.111538 0.098121 0.191136 0.109861 0.127033 0.0946753 0.0906905 0.0887191 0.165151 0.251862 0.229315 0.104444 0.0801639 0.110112 0.164672 0.0986795
threshold=17.52918205315434 1.5000000000000002 11.316286286296299 7.8317419679886413 7.3630219833333346 12.738824625000001 14.751118591220747 14.685934864039146 17.17972032120424 17.552424590187645 1.5000000000000002 10.500000000000002 14.314799005381655 1.0000000180025095e-35 10.500000000000002 3.5000000000000004 15.37442062200717 14.802116892745781 14.959953975510109 12.991242384062003 14.811215487648221 15.147105736499745 11.500000000000002 10.500000000000002 15.198433253443772 11.500000000000002 17.601147357158535 17.396690476876302 1.5000000000000002 17.583643082863357
decision_type=2 2 2 2 2 2 2 2 2 2 2 2 2 2 2 2 2 2 2 2 2 2 2 2 2 2 2 2 2 2
left_child=1 3 -3 4 -1 -4 7 12 15 10 -10 -11 13 19 -14 17 -17 -8 -19 -7 -20 25 23 24 -23 -22 27 28 -2 -28
right_child=26 2 5 -5 -6 6 8 -9 9 11 -12 -13 14 -15 -16 16 -18 18 20 -21 21 22 -24 -25 -26 -27 29 -29 -30 -31
leaf_value=-0.075943144040731089 0.046756128193129923 0.01154731544228061 -0.055093433761241831 -0.0018044818934501356 0.040101103593338697 -0.0025865190560138045 -0.19278028314546769 0.0024045487443451821 0.034515311774339218 0.014372874464792169 0.0041109003174923013 -0.1171129070679659 -0.10603942394916509 -8.0911525258760408e-05 0.0089876898811363064 0.033342396141995148 -0.018501066608421088 0.023488828355310184 -0.11007452281725937 0.043638278984886411 -0.19792864594294596 0.014435522044148545 -0.0510556085560573 0.013521755029709759 -0.059007696877520936 0.0026681935256442375 0.030249955357118774 -0.069652130569032467 -0.10063590123062019 -0.0022268664617226424
leaf_weight=43 26 34 23 512 24 22 41 27 20 29 45 47 29 45 36 25 55 24 33 28 47 20 46 29 46 25 29 98 54 617
leaf_count=43 26 34 23 512 24 22 41 27 20 29 45 47 29 45 36 25 55 24 33 28 47 20 46 29 46 25 29 98 54 617
internal_value=0.000507112 0.00134686 0.00260309 -0.000336789 0.00395522 0.00227763 0.00251043 0.00462567 0.00176692 0.00492908 0.0119231 -0.00105263 0.003125 0.00552631 -0.000384617 0.000626597 0.00375 -0.00017685 0.000555554 0.009 -0.000121952 0.000633802 0.0020922 0.00447368 0.0010606 -0.00222222 -0.000873788 -0.00275281 -1.19209e-09 -0.000356038
internal_weight=2179 1355 776 579 67 742 719 187 532 141 65 76 160 95 65 391 80 311 270 50 246 213 141 95 66 72 824 178 80 646
internal_count=2179 1355 776 579 67 742 719 187 532 141 65 76 160 95 65 391 80 311 270 50 246 213 141 95 66 72 824 178 80 646
is_linear=0
shrinkage=0.1


Tree=63
num_leaves=31
num_cat=0
split_feature=5 4 4 4 4 5 5 5 2 4 5 5 5 4 2 3 5 5 4 2 4 5 4 5 4 3 4 5 5 5
split_gain=0.179936 0.236063 0.381165 0.170044 0.458044 0.301148 0.169787 0.183965 0.137756 0.0987734 0.10163 0.0950645 0.0909091 0.0730728 0.168145 0.119209 0.0774704 0.0931989 0.0803094 0.0786589 0.0646552 0.0875081 0.127714 0.0855236 0.0629835 0.0835901 0.196227 0.258906 0.175439 0.158443
threshold=17.58783732834187 8.0630927794747631 8.1931745393710909 17.409325411106831 17.552424590187645 17.5037020983061 13.328071031393298 17.428742986831036 10.500000000000002 8.2383828358262203 17.388673537110076 16.282532453418806 17.535776405000203 21.332922180526769 9.5000000000000018 2.5000000000000004 22.214540239447736 21.173928857337454 22.118945477197524 12.500000000000002 7.671673155046471 8.0571946510690733 7.6042107187853585 7.8317419679886413 21.186699431540653 1.5000000000000002 17.788177970260559 20.974502233146222 17.63673691248847 20.878554373672518
decision_type=2 2 2 2 2 2 2 2 2 2 2 2 2 2 2 2 2 2 2 2 2 2 2 2 2 2 2 2 2 2
left_child=1 20 -3 9 5 -5 -6 -8 -9 -4 11 -11 -10 24 15 -15 17 -16 -19 -18 21 22 23 -1 25 -2 -27 28 -28 -30
right_child=13 2 3 4 6 -7 7 8 12 10 -12 -13 -14 14 16 -17 19 18 -20 -21 -22 -23 -24 -25 -26 26 27 -29 29 -31
leaf_value=0.00077473109681405652 -0.012128256763522909 0.0098277268792376499 -0.027728381579507622 0.010473031352393412 0.0012685670635336523 0.0034687945681289886 -0.15026549061147446 0.012313019504703425 -0.041221929779410263 0.0018247611975720467 -0.0079808167083061515 0.10449902955764744 0.039564763276167515 0.012164505130741344 -0.015171587570077919 -0.0030773702395549395 -0.013201959867317632 0.13722210973537133 -0.017162152508834221 0.038085762088963221 -0.077548719318608544 0.0093300471079084246 0.0035914885744723459 -0.032933194711521362 -0.1480509323688754 -0.083447782628588651 -0.0027337047449357112 -0.0012905793244714801 0.052819763718773685 0.021981405630897233
leaf_weight=29 151 27 27 23 20 21 45 30 22 807 76 46 22 36 61 22 61 22 34 33 45 34 34 119 46 116 38 75 25 32
leaf_count=29 151 27 27 23 20 21 45 30 22 807 76 46 22 36 61 22 61 22 34 33 45 34 34 119 46 116 38 75 25 32
internal_value=0.000507112 0.00116678 0.0017753 0.00149693 0.00428962 0.0131818 0.00147482 4.20156e-05 0.00310811 0.000962342 0.00113563 0.00144783 -0.000454547 -0.000744682 0.000576207 0.00534483 -0.000734598 0.000982905 0.00392857 -0.00287234 -0.00155173 -0.000833335 -0.0017033 -0.00297297 -0.00148033 -0.00110984 -0.000104896 0.00205882 0.00552631 0.00903509
internal_weight=2179 1427 1166 1139 183 44 139 119 74 956 929 853 44 752 269 58 211 117 56 94 261 216 182 148 483 437 286 170 95 57
internal_count=2179 1427 1166 1139 183 44 139 119 74 956 929 853 44 752 269 58 211 117 56 94 261 216 182 148 483 437 286 170 95 57
is_linear=0
shrinkage=0.1


Tree=64
num_leaves=31
num_cat=0
split_feature=5 4 4 5 5 5 0 2 5 5 3 5 5 4 2 5 1 5 5 3 4 5 4 4 4 3 1 2 2 3
split_gain=0.245595 0.168366 0.180722 0.31482 0.169787 0.183965 0.147912 0.137756 0.133029 0.286538 0.110385 0.151993 0.0909091 0.0905449 0.139629 0.130213 0.167153 0.288963 0.178153 0.104893 0.141057 0.100394 0.0903211 0.233507 0.175 0.0801769 0.0656047 0.124936 0.254545 0.119682
threshold=17.58783732834187 17.310031313710422 17.552424590187645 17.5037020983061 13.328071031393298 17.428742986831036 2.5000000000000004 10.500000000000002 7.8425892638526928 7.3630219833333346 3.5000000000000004 10.956055933333335 17.535776405000203 14.751118591220747 9.5000000000000018 14.86880307100037 1.0000000180025095e-35 15.180954652934023 15.138060233080809 1.5000000000000002 14.213089934255503 15.187858021025077 15.37442062200717 14.701643849161163 14.395895892965571 1.0000000180025095e-35 1.0000000180025095e-35 10.500000000000002 11.500000000000002 3.5000000000000004
decision_type=2 2 2 2 2 2 2 2 2 2 2 2 2 2 2 2 2 2 2 2 2 2 2 2 2 2 2 2 2 2
left_child=1 6 3 -3 -4 -6 8 -7 9 -1 11 -8 -9 14 -13 -15 21 18 -18 -16 -21 -17 23 24 -12 -10 -27 29 -29 -28
right_child=-2 2 4 -5 5 7 10 12 25 -11 22 13 -14 15 19 16 17 -19 -20 20 -22 -23 -24 -25 -26 26 27 28 -30 -31
leaf_value=-0.076605967763242092 -0.0023763070887211296 0.0076736576925783067 0.0011417103571803014 0.0022514154148472972 -0.13523894155032704 0.011081717554233171 0.027472793693491027 -0.037099736801469163 -0.020095337601862315 0.020165113982040461 0.0142288522160614 -0.0014450222790803691 0.03560828694855072 -0.045651683890899131 0.026375006428125437 -0.11570085197827691 0.011385596873148017 -0.0760508656432312 0.0099914785538527274 0.002005815438502792 -0.0091369470659281062 0.0038344336272236844 -0.022458531585062121 0.015418731980068087 -0.2693383906375319 -0.018206970561228979 0.00011759574161850328 0.043881806146082558 -0.013121265252642761 -0.023683551751489437
leaf_weight=37 752 29 20 42 45 30 21 22 117 32 24 40 22 53 27 82 38 27 27 44 35 23 37 34 21 235 138 55 22 48
leaf_count=37 752 29 20 42 45 30 21 22 117 32 24 40 22 53 27 82 38 27 27 44 35 23 37 34 21 235 138 55 22 48
internal_value=0.000185864 0.000956551 0.00357143 0.00767606 0.00147482 4.20156e-05 0.00050534 0.00310811 -0.000467837 0.00369565 0.00175422 0.000995203 -0.000454547 0.000555554 0.00253425 -0.000600001 0.000583755 0.00369565 0.00730769 0.00443396 0.00259494 -0.00214286 0.00448276 0.0063924 0.00166667 -0.000934961 -0.000381527 0.000703421 0.00409091 -0.000698926
internal_weight=2179 1427 210 71 139 119 1217 74 684 69 533 417 44 396 146 250 197 92 65 106 79 105 116 79 45 615 498 263 77 186
internal_count=2179 1427 210 71 139 119 1217 74 684 69 533 417 44 396 146 250 197 92 65 106 79 105 116 79 45 615 498 263 77 186
is_linear=0
shrinkage=0.1


Tree=65
num_leaves=31
num_cat=0
split_feature=5 5 0 5 4 5 5 4 2 3 1 5 4 4 2 5 4 5 5 2 4 3 4 2 2 5 5 5 3 5
split_gain=0.18874 0.298765 0.154137 0.183274 0.11704 0.155005 0.201267 0.195001 0.115007 0.115073 0.10699 0.208006 0.267923 0.25 0.178115 0.165028 0.459594 0.133507 0.142783 0.109436 0.106166 0.40655 0.359786 0.133415 0.0838657 0.147448 0.120321 0.0812204 0.0775653 0.141844
threshold=7.8425892638526928 7.3630219833333346 1.5000000000000002 17.64390513419611 14.596612629036514 14.802116892745781 14.959953975510109 14.811215487648221 10.500000000000002 1.0000000180025095e-35 1.0000000180025095e-35 15.187858021025077 17.223384112800058 15.521895257937146 9.5000000000000018 15.166099065152888 15.582151516019001 17.37220656832211 17.548095038381994 12.500000000000002 17.627353575247966 1.5000000000000002 17.429793706412756 12.500000000000002 10.500000000000002 14.328612195064473 14.314799005381655 17.571499862113807 2.5000000000000004 17.598396061764848
decision_type=2 2 2 2 2 2 2 2 2 2 2 2 2 2 2 2 2 2 2 2 2 2 2 2 2 2 2 2 2 2
left_child=1 -1 -2 4 24 8 -7 -8 9 -6 14 13 -13 -12 -9 -16 -17 -18 19 -19 21 -14 -23 27 26 -26 -4 -22 29 -20
right_child=2 -3 3 -5 5 6 7 10 -10 -11 11 12 20 -15 15 16 17 18 28 -21 23 22 -24 -25 25 -27 -28 -29 -30 -31
leaf_value=-0.06168991633813458 -0.0021315920010564269 0.028264219177108377 0.0036527774005970862 -0.038776652797743574 -0.00041660195038014297 0.017705293377643382 -0.094124896659168428 -0.037522522518315574 -0.022005138715214506 0.0019424502302576785 0.00702874642977179 -0.017490148817440564 0.055599410337087478 0.0095309264506500541 -0.11365285851111846 0.02924511120059772 -0.17097420753355422 0.011841245371005379 -0.031543725166817346 -0.0083543491904120321 -0.032674449425423059 -0.14081708307594817 0.0058357985019052341 -0.02178528744791914 0.00031376279144446388 0.014495343371125919 -0.10129560518490853 0.0075805030835606052 -0.19216847871222029 0.023630241041864231
leaf_weight=45 988 36 68 108 24 27 50 55 74 47 48 74 22 24 36 33 37 47 20 23 24 47 23 26 38 22 20 34 32 27
leaf_count=45 988 36 68 108 24 27 50 55 74 47 48 74 22 24 36 33 37 47 20 23 24 47 23 26 38 22 20 34 32 27
internal_value=0.000139971 0.00487654 -4.28992e-05 0.000765765 0.00118762 0.000737704 0.00134697 0.00101173 -0.00224138 0.000633802 0.00148734 0.00276397 0.0014 0.0075 0.000161289 0.00127451 0.00230593 0.000376343 0.00171141 0.005 0.00352273 0.00586956 0.00214286 0.00095238 0.00378378 0.00666667 0.00181818 0.00362069 -0.00120253 0.00138298
internal_weight=2179 81 2098 1110 1002 854 709 682 145 71 632 322 250 72 310 255 219 186 149 70 176 92 70 84 148 60 88 58 79 47
internal_count=2179 81 2098 1110 1002 854 709 682 145 71 632 322 250 72 310 255 219 186 149 70 176 92 70 84 148 60 88 58 79 47
is_linear=0
shrinkage=0.1


Tree=66
num_leaves=31
num_cat=0
split_feature=4 4 5 4 5 5 5 5 5 0 4 1 5 4 3 2 5 5 4 4 4 4 5 3 4 4 4 5 3 4
split_gain=0.172518 0.241592 0.133196 0.0985719 0.0843916 0.109385 0.249795 0.102878 0.0999775 0.0952336 0.0855615 0.156863 0.0708075 0.102941 0.156863 0.271559 0.0652333 0.131334 0.108886 0.10283 0.204322 0.143822 0.198449 0.119551 0.0997253 0.133929 0.0920455 0.224026 0.0837427 0.195633
threshold=8.0630927794747631 8.1931745393710909 17.58783732834187 8.2383828358262203 7.9072214911560748 7.9811521856134719 8.015006641343696 8.0675735386944059 8.1672464920682746 1.5000000000000002 8.9633076226386343 1.0000000180025095e-35 7.9612264240396424 7.671673155046471 1.5000000000000002 9.5000000000000018 17.5037020983061 17.451295077009402 17.777469960705552 17.552424590187645 17.310031313710422 16.773250739507059 15.419024865833334 3.5000000000000004 17.754344416624125 17.627353575247966 17.420835571396015 17.52918205315434 1.5000000000000002 14.596612629036514
decision_type=2 2 2 2 2 2 2 2 2 2 2 2 2 2 2 2 2 2 2 2 2 2 2 2 2 2 2 2 2 2
left_child=12 -2 3 -3 -5 -6 -7 -8 -9 10 -10 -12 -1 14 -14 -16 17 18 19 20 21 22 23 28 25 26 27 -18 -11 -30
right_child=1 2 -4 4 5 6 7 8 9 16 11 -13 13 -15 15 -17 24 -19 -20 -21 -22 -23 -24 -25 -26 -27 -28 -29 29 -31
leaf_value=-0.017607522345729348 0.01836351689152288 -0.024754143795613151 -0.001925517179743223 0.012506362015975509 -0.03408802697614248 0.043162037496362819 -0.010910947198128247 0.010012536089501032 -0.077587346591039094 0.0031429715731849245 -0.19378411631231071 0.0010948250146741308 -0.023154431887802238 -0.063383390443096307 0.026471871377543133 -0.12228848342952521 0.0036987246496940429 -0.030967064232066157 0.001813268890400215 -0.074852229256023819 0.0034668576276684297 -0.016212993891314888 0.092420726484279264 0.010882520083055498 0.038864469798425429 -0.095259782664678522 0.0024764759674432892 -0.018985952502811491 0.0029987264584319731 -0.071616914226496187
leaf_weight=117 27 27 752 37 30 25 57 24 48 173 24 27 51 42 22 29 21 35 23 27 27 66 27 112 20 20 20 23 90 156
leaf_count=117 27 27 752 37 30 25 57 24 48 173 24 27 51 42 22 29 21 35 23 27 27 66 27 112 20 20 20 23 90 156
internal_value=9.40787e-05 0.000422314 0.000288206 0.000970148 0.00111511 0.000953487 0.0011244 0.000882352 0.00112669 0.00096379 -0.0019697 0.000882352 -0.00231801 -0.000833335 0.000882352 0.00480392 0.00130952 0.00097826 0.00127675 0.0010472 0.001298 0.000929486 0.00145161 0.00102636 0.00365384 0.00214286 0.004375 0.00181818 0.000250595 -0.000934961
internal_weight=2179 1918 1891 1139 1112 1075 1045 1020 963 939 99 51 261 144 102 51 840 736 701 678 651 624 558 531 104 84 64 44 419 246
internal_count=2179 1918 1891 1139 1112 1075 1045 1020 963 939 99 51 261 144 102 51 840 736 701 678 651 624 558 531 104 84 64 44 419 246
is_linear=0
shrinkage=0.1


Tree=67
num_leaves=31
num_cat=0
split_feature=4 5 4 4 4 5 4 2 4 5 3 4 4 4 5 4 3 1 4 1 3 3 3 2 5 4 4 5 2 5
split_gain=0.128171 0.182611 0.119801 0.109034 0.166979 0.0986478 0.144739 0.104704 0.226749 0.148421 0.124675 0.118131 0.113122 0.231663 0.353921 0.165859 0.152027 0.204545 0.122933 0.273485 0.102692 0.189922 0.0980186 0.0908192 0.0909307 0.124546 0.085034 0.0819838 0.0968661 0.0753391
threshold=8.1559093318014657 7.8063541832230472 7.524564635189992 8.2383828358262203 8.3772114634455885 17.58783732834187 13.695659204184041 11.500000000000002 17.777469960705552 17.522861876766175 1.5000000000000002 14.395895892965571 15.185066504054875 16.773250739507059 15.126585997403495 14.783523387612599 2.5000000000000004 1.0000000180025095e-35 14.701643849161163 1.0000000180025095e-35 1.5000000000000002 1.0000000180025095e-35 1.5000000000000002 9.5000000000000018 9.0771972839285748 8.4693291139919573 14.596612629036514 17.512185247081025 9.5000000000000018 8.0375442920429609
decision_type=2 2 2 2 2 2 2 2 2 2 2 2 2 2 2 2 2 2 2 2 2 2 2 2 2 2 2 2 2 2
left_child=2 -2 -1 -3 -5 6 23 8 11 20 -10 -8 15 14 -14 18 17 -16 26 -20 21 -9 -11 -6 25 -25 -13 28 -15 -27
right_child=1 3 -4 4 5 -7 7 9 10 22 -12 12 13 27 16 -17 -18 -19 19 -21 -22 -23 -24 24 -26 29 -28 -29 -30 -31
leaf_value=0.013286924648188503 0.022144519195608121 -0.012159217372597578 -0.013348664095379926 0.0099056649217481377 -0.011528553360436582 -0.0017329654617689689 0.022473531910866221 -0.024510173456906779 0.010026340354909964 -0.0027405203001283703 0.0021971670398687458 0.003011730344029582 -0.053692118910507097 0.00010194575254023395 -0.048577588420851248 -0.025518371937884438 0.30596566482172538 0.0091259089120896766 -0.019362405066180387 0.0083535207578124635 -0.0092991709941771233 0.014637437836802505 0.0044301045565296763 -0.091605862132534313 -0.0062563046907181388 0.04379792337776188 -0.011190242070352697 0.00032648608310798161 -0.02505412517854836 0.0015025033609198932
leaf_weight=36 31 40 234 44 90 752 43 43 22 22 20 24 49 27 22 111 29 22 24 20 143 32 30 21 55 22 25 36 51 59
leaf_count=36 31 40 234 44 90 752 43 43 22 22 20 24 49 27 22 111 29 22 24 20 143 32 30 21 55 22 25 36 51 59
internal_value=2.29344e-06 0.000290727 -0.00203704 0.000165068 0.000277474 0.000128204 0.000758156 0.00141509 0.00223809 -0.000185186 0.00928571 0.00162526 0.00113636 0.00262712 0.00565574 -0.000588236 0.0100685 0.00636364 0.00252688 0.00636364 -0.00133028 0.00166667 0.00461538 -0.00135628 9.55402e-05 0.00186274 -0.000918369 -0.000614036 -0.0024359 0.00364197
internal_weight=2179 1909 270 1878 1838 1794 1042 795 525 270 42 483 440 236 122 204 73 44 93 44 218 75 52 247 157 102 49 114 78 81
internal_count=2179 1909 270 1878 1838 1794 1042 795 525 270 42 483 440 236 122 204 73 44 93 44 218 75 52 247 157 102 49 114 78 81
is_linear=0
shrinkage=0.1


Tree=68
num_leaves=31
num_cat=0
split_feature=4 4 5 4 2 4 5 5 5 5 5 0 5 4 4 5 5 4 4 4 5 5 4 4 4 5 4 4 1 5
split_gain=0.157445 0.228368 0.169251 0.124727 0.114683 0.11051 0.162753 0.112096 0.235483 0.11806 0.0904426 0.117107 0.0920936 0.0927925 0.294874 0.131025 0.12066 0.104821 0.153372 0.120653 0.121704 0.101668 0.16197 0.104428 0.376793 0.182307 0.109756 0.237863 0.102439 0.0991161
threshold=8.0630927794747631 8.1931745393710909 17.58783732834187 23.233825698598146 10.500000000000002 8.2383828358262203 7.9124084390999991 7.9811521856134719 8.015006641343696 8.0675735386944059 8.1672464920682746 1.5000000000000002 11.76181499166667 14.751118591220747 14.676416191547522 13.993941867334057 13.684436888498499 14.861596172451391 14.918783562155456 15.135349400712927 15.058472634422651 15.162769526965944 15.563354596465592 17.409325411106831 17.520632892765949 17.428742986831036 17.754344416624125 17.843863889948754 1.0000000180025095e-35 14.222920799477965
decision_type=2 2 2 2 2 2 2 2 2 2 2 2 2 2 2 2 2 2 2 2 2 2 2 2 2 2 2 2 2 2
left_child=-1 -2 5 -4 -5 -3 -7 -8 -9 -10 -11 -12 -13 14 16 -15 -14 -17 -19 -20 -21 -22 -23 -24 -25 -26 28 -28 -27 -18
right_child=1 2 3 4 -6 6 7 8 9 10 11 12 13 15 -16 17 29 18 19 20 21 22 23 24 25 26 27 -29 -30 -31
leaf_value=-0.0065230012790394578 0.015341826443080228 -0.021062807678792133 -0.0019547552494642738 0.0078080124907546683 -0.0071666523697499571 0.008130305415251126 -0.042075693481898609 0.035143887547736022 -0.0094411509778130499 0.0099686716084869363 -0.015355150646301491 0.0039834373386720299 0.00053065656982169635 -0.12446267126235676 0.0049905692315755732 -0.024291707029370918 -0.0029150967531413313 0.010849132251357467 -0.034694178162420181 0.013315106703014723 -0.043283943118738726 0.012408587256341802 -0.0025689117267689078 0.0021233884746906045 -0.059549952788568762 -0.021404839898055712 0.022861196748911735 -0.032704455219026679 0.0020952039197538407 0.0040970221995276527
leaf_weight=261 27 27 696 20 36 39 28 25 57 24 99 34 22 36 28 74 49 29 54 31 48 28 171 26 36 21 20 21 20 92
leaf_count=261 27 27 696 20 36 39 28 25 57 24 99 34 22 36 28 74 49 29 54 31 48 28 171 26 36 21 20 21 20 92
internal_value=0.000369434 0.000683002 0.000552616 -0.000611703 0.00392857 0.00132133 0.00147482 0.00124417 0.00141148 0.00117647 0.00143821 0.00128328 0.00166667 0.00145161 0.00337696 0.000853657 0.00174847 0.00121762 0.00173267 0.00130252 0.00187204 0.00139386 0.00199708 0.00134921 0.00333333 0.000932202 0.00353658 0.00719512 -0.000121952 0.000673758
internal_weight=2179 1918 1891 752 56 1139 1112 1073 1045 1020 963 939 840 806 191 615 163 579 505 476 422 391 343 315 144 118 82 41 41 141
internal_count=2179 1918 1891 752 56 1139 1112 1073 1045 1020 963 939 840 806 191 615 163 579 505 476 422 391 343 315 144 118 82 41 41 141
is_linear=0
shrinkage=0.1


Tree=69
num_leaves=31
num_cat=0
split_feature=1 5 4 4 3 4 5 5 4 4 5 5 3 2 2 3 2 5 4 3 5 5 4 5 5 4 5 4 5 5
split_gain=0.097364 0.147353 0.128818 0.223621 0.138814 0.126658 0.318962 0.101146 0.110508 0.405899 0.230076 0.188106 0.149603 0.145161 0.122327 0.0954969 0.0964286 0.0814878 0.211801 0.255801 0.19378 0.152837 0.188726 0.0838468 0.218005 0.20157 0.0770373 0.0733378 0.123847 0.07232
threshold=1.0000000180025095e-35 17.640653113263117 20.604012224128997 21.186699431540653 1.0000000180025095e-35 8.2761024944505959 7.9944035223765191 17.621355012700022 17.429793706412756 17.627353575247966 15.180954652934023 14.802116892745781 1.5000000000000002 10.500000000000002 12.500000000000002 2.5000000000000004 10.500000000000002 12.738824625000001 14.751118591220747 1.5000000000000002 14.253765037747586 15.187858021025077 15.556599819641656 17.344639321995064 17.52918205315434 17.520632892765949 17.571499862113807 14.560799814376409 13.328071031393298 14.295505232021354
decision_type=2 2 2 2 2 2 2 2 2 2 2 2 2 2 2 2 2 2 2 2 2 2 2 2 2 2 2 2 2 2
left_child=5 7 -3 -4 -5 -1 -7 8 10 -10 11 27 -13 -14 26 -12 -17 -8 19 -19 -21 -20 -23 -24 25 -25 -11 29 -29 -2
right_child=1 2 3 4 -6 6 17 -9 9 14 15 12 13 -15 -16 16 -18 18 21 20 -22 22 23 24 -26 -27 -28 28 -30 -31
leaf_value=-0.052393563180678338 0.00039628065183712892 -0.0071028997147059812 0.19750002444350512 0.10725214885152992 -0.010471549888795827 0.0097911280109728004 -0.044450327482689116 0.047940679153347869 0.0043904635523827843 8.2131633317253719e-05 -0.021230114523837173 0.015925751096261254 0.024161538273174358 -0.14635393558854473 -0.056415313399154871 -0.087226119153884785 0.015137659059047476 0.034469910471826258 -0.024485467392170453 0.0026855288119284424 -0.099245788684440173 0.02130286233794787 -0.14016020684782435 0.0025354732100880176 -0.002209589500465702 0.00056595150552923021 0.0097042614953510332 0.0099165283508582253 -0.024138545472594183 0.011860059188530754
leaf_weight=160 330 101 30 30 124 35 104 23 32 38 82 30 31 31 27 21 35 21 144 32 44 32 37 31 417 38 24 22 47 26
leaf_count=160 330 101 30 30 124 35 104 23 32 38 82 30 31 31 27 21 35 21 144 32 44 32 37 31 417 38 24 22 47 26
internal_value=0.000139971 0.000811807 -0.00114035 0.000434781 -0.0011039 -0.000525115 -8.02151e-05 0.00150813 0.00131443 0.00409091 0.000801526 0.00176982 0.00586956 0.00306451 0.000617976 -0.00282609 0.000357142 -0.000444446 -0.000100504 0.00427835 0.00157895 -0.000708156 4.50439e-05 -0.000411091 -6.17296e-05 0.00514493 0.00306451 0.000882352 -0.00210145 0.00146067
internal_weight=2179 1084 285 184 154 1095 935 799 776 121 655 517 92 62 89 138 56 900 796 97 76 699 555 523 486 69 62 425 69 356
internal_count=2179 1084 285 184 154 1095 935 799 776 121 655 517 92 62 89 138 56 900 796 97 76 699 555 523 486 69 62 425 69 356
is_linear=0
shrinkage=0.1


Tree=70
num_leaves=31
num_cat=0
split_feature=5 5 4 5 5 3 4 4 5 5 5 5 4 4 5 5 5 2 3 4 1 5 2 5 3 4 5 2 5 5
split_gain=0.141078 0.334259 0.155657 0.202629 0.14078 0.130537 0.176283 0.310513 0.101876 0.138178 0.107019 0.21208 0.086754 0.478178 0.137353 0.136331 0.183053 0.151045 0.205736 0.0990531 0.16035 0.256151 0.167778 0.144742 0.114433 0.0957447 0.168511 0.0835027 0.137737 0.110861
threshold=7.8317419679886413 7.3630219833333346 8.2383828358262203 7.9944035223765191 7.9296046805134557 1.5000000000000002 7.708945046671082 7.5500470549361536 17.576046361396525 17.544254732629902 12.738824625000001 13.684436888498499 17.552424590187645 17.409325411106831 17.512185247081025 14.959953975510109 14.802116892745781 9.5000000000000018 2.5000000000000004 16.773250739507059 1.0000000180025095e-35 15.187858021025077 9.5000000000000018 15.174470191405693 2.5000000000000004 17.777469960705552 17.428742986831036 12.500000000000002 23.065325260182242 21.944493206003902
decision_type=2 2 2 2 2 2 2 2 2 2 2 2 2 2 2 2 2 2 2 2 2 2 2 2 2 2 2 2 2 2
left_child=1 -1 4 -4 -2 -6 7 -7 9 10 -5 -12 13 14 15 16 17 -13 -19 20 21 -17 -22 24 -24 -14 -27 -10 29 -29
right_child=2 -3 3 8 5 6 -8 -9 27 -11 11 12 25 -15 -16 19 -18 18 -20 -21 22 -23 23 -25 -26 26 -28 28 -30 -31
leaf_value=-0.052088769830510188 -0.02365812554133849 0.026293067179053033 0.0041742000075806309 -0.002454149817841447 -0.024898441848938305 -0.022059001685334867 -0.022725046154288855 0.011629736678866158 -0.0044473320462180442 0.012723414601450501 0.0033596686386365596 -0.030989660897585897 -0.021582002260647788 0.0033093137530402737 0.0027572146881811445 -0.063285086969765453 0.016693036436806266 -0.0032097785775016571 0.010398833262037692 -0.0068994621236871728 0.0050226061322968443 0.011022966826494432 0.015145050807209449 -0.048185801923660551 -0.014418255487360147 -0.10738127238349132 0.013529355879173336 0.0022030015833803067 0.20533012807151035 -0.16906193664995139
leaf_weight=45 100 27 51 229 70 45 26 28 547 32 36 53 47 25 22 95 26 71 77 80 27 43 29 49 23 22 25 174 22 33
leaf_count=45 100 27 51 229 70 45 26 28 547 32 36 53 47 25 22 95 26 71 77 80 27 43 29 49 23 22 25 174 22 33
internal_value=0.000369434 0.00472222 0.000220692 0.000549509 -0.00202602 -0.000266273 0.00207071 0.00458904 0.000372131 0.00103363 0.000822266 0.0014 0.00102241 0.00145161 0.000882352 0.000584641 0.00248899 0.00146766 0.00310811 -0.000664741 0.000263157 -0.00210145 0.0028125 0.000940593 0.00461538 -0.00180851 0.00138298 -0.000489692 0.00111354 0.000314008
internal_weight=2179 72 2107 1838 269 169 99 73 1787 1011 979 750 714 620 595 573 227 201 148 346 266 138 128 101 52 94 47 776 229 207
internal_count=2179 72 2107 1838 269 169 99 73 1787 1011 979 750 714 620 595 573 227 201 148 346 266 138 128 101 52 94 47 776 229 207
is_linear=0
shrinkage=0.1


Tree=71
num_leaves=31
num_cat=0
split_feature=4 5 4 5 5 4 1 5 4 5 4 5 5 4 4 5 5 2 4 2 5 4 3 2 2 3 5 4 4 5
split_gain=0.122065 0.25282 0.1159 0.0900266 0.105979 0.25 0.104144 0.113317 0.268306 0.188025 0.141954 0.109013 0.270086 0.1657 0.1 0.0964429 0.154452 0.0963489 0.0931166 0.153024 0.0970136 0.0885276 0.358543 0.167647 0.085034 0.114502 0.0847062 0.219979 0.150795 0.169168
threshold=8.0630927794747631 7.9944035223765191 7.524564635189992 21.132937595628011 20.987906254051993 20.809343447938371 1.0000000180025095e-35 13.328071031393298 14.941317499487722 14.295505232021354 21.186699431540653 13.573254646218489 14.295505232021354 13.695659204184041 14.990057217968426 8.0675735386944059 9.0771972839285748 12.500000000000002 22.46709819345298 10.500000000000002 22.760432649247686 8.4485437025064769 1.5000000000000002 9.5000000000000018 13.500000000000002 2.5000000000000004 15.187858021025077 17.223384112800058 15.521895257937146 15.147105736499745
decision_type=2 2 2 2 2 2 2 2 2 2 2 2 2 2 2 2 2 2 2 2 2 2 2 2 2 2 2 2 2 2
left_child=2 21 -1 4 6 -6 11 8 15 -9 26 -3 13 -13 -15 -8 -17 18 -5 20 -20 22 -2 -24 25 -19 28 -28 29 -11
right_child=1 3 -4 17 5 -7 7 9 -10 10 -12 12 -14 14 -16 16 -18 24 19 -21 -22 -23 23 -25 -26 -27 27 -29 -30 -31
leaf_value=0.015007682959589092 0.011869943564442929 -0.034705130969386939 -0.013256736913448246 -0.021257120969258268 -0.046710754013927616 0.016342254056740776 -0.0041024806746811525 -0.0077693103489910077 0.0091496610930433403 0.012407437981067113 -0.15367516112791921 -0.020683479248366145 -0.0020672816368234133 0.033049575797700521 0.0033732999593541705 0.0075220890692355886 -0.0017481888722562556 -0.09888782953149608 0.13709274262550553 -0.018754369240093539 -0.022188982747791165 0.012929447957262842 0.003141326426988434 -0.05704632843766988 -0.01601838086461822 0.12520136617269537 -0.0040935792767230533 0.0037271182079258204 0.0043113695097081479 -0.0093400088777402784
leaf_weight=36 28 122 225 135 32 32 38 57 21 101 36 23 526 20 20 49 31 22 22 34 23 27 30 38 56 20 84 238 26 27
leaf_count=36 28 122 225 135 32 32 38 57 21 101 36 23 526 20 20 49 31 22 22 34 23 27 30 38 56 20 84 238 26 27
internal_value=9.40787e-05 0.000370176 -0.00193487 6.96367e-05 0.000394469 0.004375 0.000214939 0.00107345 0.00363309 0.000448153 0.00105469 -0.000639945 -7.64019e-05 0.00611111 0.01 0.00177966 0.00375 -0.00147436 -0.00266355 6.32899e-05 0.00388889 0.0047561 0.00333333 -0.000588236 0.00112245 0.00452381 0.0015126 0.000590061 0.00344156 0.00203125
internal_weight=2179 1918 261 1795 1483 64 1419 708 139 569 512 711 589 63 40 118 80 312 214 79 45 123 96 68 98 42 476 322 154 128
internal_count=2179 1918 261 1795 1483 64 1419 708 139 569 512 711 589 63 40 118 80 312 214 79 45 123 96 68 98 42 476 322 154 128
is_linear=0
shrinkage=0.1


Tree=72
num_leaves=31
num_cat=0
split_feature=5 4 5 4 4 4 4 3 5 2 3 5 4 1 2 5 4 4 0 5 5 5 4 5 3 2 5 5 4 3
split_gain=0.1406 0.167951 0.148594 0.148304 0.652501 0.129301 0.181936 0.171626 0.160714 0.123718 0.107153 0.106208 0.158744 0.106925 0.142721 0.163063 0.321974 0.35825 0.138932 0.335463 0.187363 0.0853823 0.0658075 0.10352 0.101298 0.106631 0.064626 0.178443 0.158791 0.122666
threshold=17.52918205315434 20.604012224128997 17.5037020983061 17.552424590187645 17.310031313710422 17.698233879917414 17.875017990643311 1.5000000000000002 17.612977155512716 12.500000000000002 3.5000000000000004 17.388673537110076 17.105349856647795 1.0000000180025095e-35 9.5000000000000018 14.86880307100037 8.3927907817162666 7.9775123899013751 2.5000000000000004 14.754370360304291 15.187858021025077 15.174470191405693 21.565024235685801 22.912650784608672 1.5000000000000002 13.500000000000002 14.295505232021354 10.956055933333335 8.747826847579331 3.5000000000000004
decision_type=2 2 2 2 2 2 2 2 2 2 2 2 2 2 2 2 2 2 2 2 2 2 2 2 2 2 2 2 2 2
left_child=1 2 3 4 11 -2 7 -7 -9 -8 22 12 13 18 15 16 17 -15 -1 -20 -21 26 24 -24 -11 -26 27 28 29 -16
right_child=5 -3 -4 -5 -6 6 9 8 -10 10 -12 -13 -14 14 21 -17 -18 -19 19 20 -22 -23 23 -25 25 -27 -28 -29 -30 -31
leaf_value=-0.023396774074755114 -0.015973138329524222 0.0093427594529524906 0.0046099553454045017 -0.013593537096273514 0.0024287846470476809 -0.010749696125683911 -0.0062158219042482898 0.019863162604856207 -0.013256628985219079 -0.013698252720591844 -0.056322380179594511 -0.060357632561229418 0.0082346950222675179 0.00024539756270665949 -0.0026105853243771279 0.010200156050548042 -0.0018414845255942088 0.02614907038977618 0.0055569419181981184 -0.026553656778936726 0.0092929213290285414 -0.070064998722665958 -0.058594868687485403 0.19640979186613428 0.097642755048470975 0.099086025623982416 0.0032221395926847283 -0.0087502895366881241 0.022829336251691725 0.0019212370952132235
leaf_weight=296 198 20 32 76 29 31 370 28 28 40 22 34 21 53 124 33 74 22 133 112 31 56 25 21 24 37 98 53 20 38
leaf_count=296 198 20 32 76 29 31 370 28 28 40 22 34 21 53 124 33 74 22 133 112 31 56 25 21 24 37 98 53 20 38
internal_value=0.000277649 0.000904058 0.000767789 0.000602455 0.000867969 -0.000752428 -4.79245e-05 0.0041954 0.0075 -0.00073284 0.00150887 0.000509181 0.000670102 0.00051181 0.00147986 0.00379121 0.00238255 0.007 -0.000454547 0.00115942 -0.0022028 0.000398456 0.00248299 -0.000652175 0.00391089 0.00647541 0.001006 0.000106382 0.00159341 0.000555554
internal_weight=2179 1355 1335 1303 1227 824 626 87 56 539 169 1198 1164 1143 571 182 149 75 572 276 143 389 147 46 101 61 333 235 182 162
internal_count=2179 1355 1335 1303 1227 824 626 87 56 539 169 1198 1164 1143 571 182 149 75 572 276 143 389 147 46 101 61 333 235 182 162
is_linear=0
shrinkage=0.1


Tree=73
num_leaves=31
num_cat=0
split_feature=5 5 5 4 5 5 3 4 4 5 5 5 4 4 1 5 5 4 3 5 5 4 2 4 4 2 2 4 4 4
split_gain=0.174394 0.298765 0.138312 0.142523 0.151715 0.12538 0.129164 0.171233 0.310513 0.10381 0.262124 0.0917097 0.25 0.0897101 0.0938213 0.130615 0.123272 0.119087 0.0969732 0.121705 0.10318 0.143995 0.120766 0.114939 0.165421 0.313601 0.188075 0.13795 0.168799 0.123249
threshold=7.8425892638526928 7.3630219833333346 21.132937595628011 8.2042198701034739 7.9072214911560748 7.9296046805134557 1.5000000000000002 7.708945046671082 7.5500470549361536 7.9811521856134719 8.015006641343696 20.987906254051993 20.809343447938371 21.414186740531608 1.0000000180025095e-35 8.0675735386944059 8.3803491739130447 9.2005625012115164 1.0000000180025095e-35 11.316286286296299 14.446201138224959 14.783523387612599 10.500000000000002 15.556599819641656 17.267660006846544 11.500000000000002 11.500000000000002 17.429793706412756 20.370630667583363 17.601147357158535
decision_type=2 2 2 2 2 2 2 2 2 2 2 2 2 2 2 2 2 2 2 2 2 2 2 2 2 2 2 2 2 2
left_child=1 -1 3 5 -5 -2 -7 8 -8 -6 -11 13 -13 14 -12 -16 -17 -18 -19 -20 22 -22 -21 -23 25 -25 29 -28 -29 -26
right_child=2 -3 -4 4 9 6 7 -9 -10 10 11 12 -14 -15 15 16 17 18 19 20 21 23 -24 24 26 -27 27 28 -30 -31
leaf_value=-0.044508003182432226 -0.040193541701605551 0.015340674807089394 -0.0066733099191206777 0.002638164187211048 -0.027968394240785815 -0.020523646621185238 -0.018644412788885258 -0.050599093794097598 0.013245982903952465 0.032094430263864306 -0.00034458055671292672 -0.040669853340475216 0.015329610841491637 -0.18921074391584733 -0.027612128029101391 0.0099725227309135651 -0.014468685701613308 -0.0016944166188176829 0.020546402626522433 0.00053221008660477855 0.0094241234800791444 -0.0022573199207248248 -0.002087770227187515 0.046871264432029047 -0.15222999109289895 -0.017121936391275953 -0.028909517645821489 0.013437731775810825 -0.020220837446482485 0.0018822084358697596
leaf_weight=45 80 36 312 21 31 68 45 25 28 25 688 32 32 29 30 21 27 101 20 56 27 78 41 38 44 25 26 52 21 75
leaf_count=45 80 36 312 21 31 68 45 25 28 25 688 32 32 29 30 21 27 101 20 56 27 78 41 38 44 25 26 52 21 75
internal_value=0.000323542 0.00487654 0.000147759 0.000487121 0.000844155 -0.00174797 -0.000180724 0.00214286 0.00458904 0.000727451 0.000846773 0.000673273 0.004375 0.00050393 0.000620437 0.00145161 0.00174847 0.00149762 0.00178808 0.00235586 0.00203934 0.00277202 -0.00087629 0.00224234 0.00318505 0.00769841 0.00188073 0.00510101 0.00732877 -0.000798321
internal_weight=2179 81 2098 1786 1540 246 166 98 73 1519 1488 1463 64 1399 1370 682 652 631 604 503 483 386 97 359 281 63 218 99 73 119
internal_count=2179 81 2098 1786 1540 246 166 98 73 1519 1488 1463 64 1399 1370 682 652 631 604 503 483 386 97 359 281 63 218 99 73 119
is_linear=0
shrinkage=0.1


Tree=74
num_leaves=31
num_cat=0
split_feature=5 4 4 4 4 5 5 3 4 4 4 5 5 5 5 5 3 5 5 5 5 5 3 5 4 3 4 5 5 5
split_gain=0.126861 0.182817 0.215572 0.111929 0.369591 0.156664 0.276144 0.728871 0.206301 0.278821 0.146608 0.134979 0.110512 0.289304 0.107241 0.127385 0.681818 0.116763 0.131104 0.126697 0.215385 0.126244 0.104157 0.103614 0.183258 0.134435 0.14359 0.0836577 0.371661 0.0814823
threshold=17.611349546148872 8.0630927794747631 8.1931745393710909 17.17972032120424 17.326815694589431 17.344639321995064 17.481682607301241 3.5000000000000004 17.732789507572232 17.804346340848593 14.7413709393212 14.685934864039146 7.8786832977210901 7.9124084390999991 7.9811521856134719 8.0331495694369792 1.5000000000000002 12.738824625000001 14.087792683096522 14.222920799477965 14.314799005381655 14.398914561941007 2.5000000000000004 7.9612264240396424 7.5368629258351563 1.5000000000000002 7.708945046671082 15.210723955843749 17.402898575245519 9.0771972839285748
decision_type=2 2 2 2 2 2 2 2 2 2 2 2 2 2 2 2 2 2 2 2 2 2 2 2 2 2 2 2 2 2
left_child=1 23 -3 10 -5 -6 7 -7 -8 -10 11 12 -4 -14 -15 16 -16 29 -19 -20 -21 -22 -12 -1 -25 -26 -27 -24 -29 -17
right_child=-2 2 3 4 5 6 8 -9 9 -11 22 -13 13 14 15 17 -18 18 19 20 21 -23 27 24 25 26 -28 28 -30 -31
leaf_value=-0.011087911953310513 -0.0041589642567124952 0.017099418594882593 -0.094424892952069989 0.0069100581068349742 -0.0017051049088183481 0.017137614877713699 -0.021188499681991196 -0.022428539289533207 0.022112163078245685 -0.027905545535519601 -0.0024779006061452034 0.00090393866718726688 0.0023099836273658457 -0.036072779780048074 -0.036614851440886033 0.00018164712582114455 0.037158208028829069 0.0019973640043854882 -0.016720594337330624 0.024775859369214465 -0.17190694443452526 0.008849235905244713 -0.00040745546086013286 0.026083110896467272 -0.022266100430043963 0.016824219318866702 -0.091742369894618925 0.083870158963359198 -0.079874994025516066 -0.030358836047862887
leaf_weight=117 680 27 28 44 62 29 91 22 21 41 264 21 23 29 24 118 20 40 28 26 31 34 131 23 61 39 21 21 20 43
leaf_count=117 680 27 28 44 62 29 91 22 21 41 264 21 23 29 24 118 20 40 28 26 31 34 131 23 61 39 21 21 20 43
internal_value=-4.35992e-05 0.000470312 0.000977382 0.000780346 0.00241935 0.00101504 0.00235294 0.00872549 0.000228757 0.00467742 0.000216425 0.00145161 0.00108108 0.00149038 0.000852416 0.00131868 0.00636364 0.000624999 0.00254717 0.000882352 0.00269231 -0.000384617 -0.00110092 -0.00193487 -0.00013889 -0.00169422 0.00166667 0.000813952 0.0047561 -0.00127329
internal_weight=2179 1499 1238 1211 310 266 204 51 153 62 901 465 444 416 393 364 44 320 159 119 91 65 436 261 144 121 60 172 41 161
internal_count=2179 1499 1238 1211 310 266 204 51 153 62 901 465 444 416 393 364 44 320 159 119 91 65 436 261 144 121 60 172 41 161
is_linear=0
shrinkage=0.1


Tree=75
num_leaves=31
num_cat=0
split_feature=4 5 1 5 5 4 5 4 4 4 4 3 4 4 5 5 5 5 2 2 4 5 4 4 4 4 3 2 4 4
split_gain=0.150372 0.23679 0.13158 0.112606 0.160411 0.205956 0.15475 0.162216 0.1546 0.415374 0.275132 0.141758 0.14094 0.120591 0.279321 0.11306 0.135395 0.110085 0.105062 0.141172 0.132646 0.186223 0.329801 0.126639 0.122727 0.173743 0.0928457 0.0903828 0.290983 0.252479
threshold=7.6042107187853585 8.0268590620283824 1.0000000180025095e-35 20.907128106231244 17.37220656832211 15.281155794946525 17.598396061764848 20.265001553198619 17.429793706412756 17.677495457200056 17.267660006846544 1.0000000180025095e-35 15.026122616283835 14.7413709393212 14.446201138224959 8.1452772889218128 8.5389133843137284 8.0375442920429609 9.5000000000000018 11.500000000000002 21.920903664110195 17.611349546148872 17.788177970260559 14.87221651464974 17.289787324433505 15.339290287293109 1.5000000000000002 9.5000000000000018 8.3558881138263192 8.4693291139919573
decision_type=2 2 2 2 2 2 2 2 2 2 2 2 2 2 2 2 2 2 2 2 2 2 2 2 2 2 2 2 2 2
left_child=17 27 18 4 5 12 8 -8 10 -10 -6 -5 13 14 15 -4 -17 -1 -3 20 21 22 24 -21 25 -20 -25 28 -2 -29
right_child=1 2 3 11 6 -7 7 -9 9 -11 -12 -13 -14 -15 -16 16 -18 -19 19 23 -22 -23 -24 26 -26 -27 -28 29 -30 -31
leaf_value=-0.014408345272622837 0.0141837106423435 -0.01050673483969369 -0.0091093619499131081 0.028498841459757975 0.0038276788340873623 -0.0012280307140530465 -0.0027500222065199899 0.041081922403173064 0.005621816918827253 0.011746898741829007 -0.074588096805816448 -0.0058468334487526306 0.039180289538420433 -0.00093104488177572103 0.0048639509947857717 0.0065394634727885649 0.00030633932998331632 0.01937941194323646 0.00045847523349162487 0.0040135996063172859 0.0036795838488169461 -0.027837075363643396 0.011165995538019493 -0.0038486358292777415 -0.018813829056228935 0.006522742917275566 -0.014853777360448815 -0.0033952587151490909 -0.019535197686991555 0.027700579466798231
leaf_weight=125 41 216 48 44 28 136 107 21 24 37 26 181 20 72 22 29 114 46 170 33 22 101 21 101 30 50 175 87 27 25
leaf_count=125 41 216 48 44 28 136 107 21 24 37 26 181 20 72 22 29 114 46 170 33 22 101 21 101 30 50 175 87 27 25
internal_value=0.000185864 0.000428286 8.75262e-05 0.000940593 0.00157895 0.000442176 0.00364197 0.00125 0.00630435 0.0097541 0.00240741 -0.001 0.00188524 0.00131579 0.00251174 0.00128272 0.00269231 -0.00266082 -0.000756258 -0.000163586 0.00109137 0.00064516 0.00201107 -0.00176376 0.000999999 0.00181818 -0.00246377 0.00388889 0.0067647 0.00214286
internal_weight=2179 2008 1828 909 684 441 243 128 115 61 54 225 305 285 213 191 143 171 919 703 394 372 271 309 250 220 276 180 68 112
internal_count=2179 2008 1828 909 684 441 243 128 115 61 54 225 305 285 213 191 143 171 919 703 394 372 271 309 250 220 276 180 68 112
is_linear=0
shrinkage=0.1


Tree=76
num_leaves=31
num_cat=0
split_feature=5 5 4 4 4 4 4 4 5 0 5 5 2 5 1 4 4 3 5 5 0 4 4 4 5 1 5 3 4 4
split_gain=0.091786 0.402216 0.150947 0.227956 0.596674 0.265044 0.165426 0.185606 0.15034 0.250484 0.136752 0.181598 0.117074 0.3552 0.164293 0.114636 0.151121 0.189804 0.121237 0.14058 0.100005 0.142287 0.224829 0.0845173 0.127949 0.082735 0.147741 0.125604 0.0952381 0.0820463
threshold=17.58783732834187 17.344639321995064 17.140226403507743 17.552424590187645 17.409325411106831 17.267660006846544 17.754344416624125 17.835895765845667 15.058472634422651 1.5000000000000002 10.956055933333335 12.738824625000001 10.500000000000002 7.8425892638526928 1.0000000180025095e-35 17.698233879917414 17.875017990643311 2.5000000000000004 20.810136667956268 20.878554373672518 2.5000000000000004 14.783523387612599 14.676416191547522 14.977966606818152 13.993941867334057 1.0000000180025095e-35 14.276915014741986 2.5000000000000004 12.991242384062003 17.396690476876302
decision_type=2 2 2 2 2 2 2 2 2 2 2 2 2 2 2 2 2 2 2 2 2 2 2 2 2 2 2 2 2 2
left_child=1 8 -3 4 5 -4 -5 -8 9 12 -11 -12 -1 -14 -15 29 17 -17 -18 -20 -13 22 25 -23 -25 26 28 -27 -22 -2
right_child=15 2 3 6 -6 -7 7 -9 -10 10 11 20 13 14 -16 16 18 -19 19 -21 21 23 -24 24 -26 27 -28 -29 -30 -31
leaf_value=-0.003642793794524592 -0.0017874226210691615 -0.033833734550359172 0.034983369316102408 -0.014286687218805725 0.0062747034489555936 -0.01052909759566833 0.016385502451684152 -0.0090793353552705344 -0.0021895386100319633 0.0091044075389800534 -0.021665450573191896 0.0010810899056394874 0.027215636634688085 -0.050859457948391223 0.0078707677344997673 -0.0013998056492260801 -0.032047435872758781 0.0077869158262007842 0.2926149677832785 -0.0022160601409018555 0.0013563641011968017 -0.016338283692170736 0.017028484569817075 -0.13348730674649267 0.016209243545835847 -0.051972429730775586 -0.032205941054990743 0.0065110081586315371 0.02499427263758883 -0.080194353810664087
leaf_weight=429 63 30 24 39 31 34 22 32 306 27 30 20 21 65 56 51 53 24 24 452 21 29 21 20 41 26 36 46 21 85
leaf_count=429 63 30 24 39 31 34 22 32 306 27 30 20 21 65 56 51 53 24 24 452 21 29 21 20 41 26 36 46 21 85
internal_value=0.000415327 0.000886474 0.00490566 0.00598901 0.00960674 0.00362069 0.00252688 0.00611111 0.000185184 0.000830582 0.00298816 0.0023955 -0.000446586 0.00204225 -4.13235e-05 -0.000478725 0.000132449 0.00433333 -0.000463139 4.20156e-05 0.00318505 0.00266283 0.00435672 -0.000555557 0.00155738 0.003 0.00525641 0.000555554 0.00928571 -0.00297297
internal_weight=2179 1427 212 182 89 58 93 54 1215 909 338 311 571 142 121 752 604 75 529 476 281 261 171 90 61 150 78 72 42 148
internal_count=2179 1427 212 182 89 58 93 54 1215 909 338 311 571 142 121 752 604 75 529 476 281 261 171 90 61 150 78 72 42 148
is_linear=0
shrinkage=0.1


Tree=77
num_leaves=31
num_cat=0
split_feature=4 5 1 5 5 5 5 4 2 4 4 2 4 5 5 4 4 4 3 4 5 5 3 3 4 5 2 4 5 4
split_gain=0.133358 0.173889 0.10097 0.102331 0.11814 0.149415 0.112238 0.179519 0.0829944 0.197543 0.141444 0.139104 0.122694 0.132239 0.260529 0.113026 0.109012 0.127226 0.106321 0.147059 0.172857 0.110476 0.0926471 0.0724503 0.105161 0.0692809 0.185368 0.456269 0.20708 0.112777
threshold=8.0630927794747631 7.8063541832230472 1.0000000180025095e-35 22.214540239447736 21.86037211941829 21.212653007751378 8.0117185127893737 8.5286304853909574 9.5000000000000018 17.310031313710422 17.665851831632825 11.500000000000002 21.920903664110195 17.522861876766175 17.421147835318543 14.87221651464974 16.138681244032362 15.339290287293109 1.5000000000000002 14.260145221225788 12.738824625000001 8.0331495694369792 1.5000000000000002 1.5000000000000002 17.797202492205422 13.684436888498499 9.5000000000000018 9.8499136962305673 9.0771972839285748 14.036429049775316
decision_type=2 2 2 2 2 2 2 2 2 2 2 2 2 2 2 2 2 2 2 2 2 2 2 2 2 2 2 2 2 2
left_child=-1 -2 8 4 5 6 -4 -8 9 -3 -11 12 13 14 16 -13 17 18 -10 20 21 -20 -12 -15 -25 26 27 -9 -28 -27
right_child=1 2 3 -5 -6 -7 7 25 11 10 22 15 -14 23 -16 -17 -18 -19 19 -21 -22 -23 -24 24 -26 29 28 -29 -30 -31
leaf_value=-0.0055862719413755889 0.016143263386059602 -0.014119528621698657 -0.0029206753286959795 -0.013967352523415279 0.12647258683958595 -0.016983181356297321 0.019859374936226151 -0.016651027416515665 0.019551046971344535 0.00064147160462969983 -0.26506724791415553 0.004819094161512924 0.0035332314780254165 -0.020710234623884098 0.0026002668971569676 -0.007666973113348634 -0.10389724847371891 0.031187761261319221 0.0090389706928241057 -0.11780059199295334 0.022139439365107833 -0.17254810414399344 0.0015591011296154625 -0.11936038112880117 0.0051411131042812157 -0.019813616654641888 0.0013017506933420057 0.0019981656251243682 -0.0062847757271351917 0.0019067204988781014
leaf_weight=261 31 144 51 77 22 37 27 23 65 22 28 33 22 44 23 276 25 31 21 49 20 29 40 27 52 29 37 20 34 579
leaf_count=261 31 144 51 77 22 37 27 23 65 22 28 33 22 44 23 276 25 31 21 49 20 29 40 27 52 29 37 20 34 579
internal_value=0.000185864 0.000474451 0.00035241 0.00108974 0.00140279 0.00121266 0.0015 0.00180908 -0.000373292 -0.00200855 0.00166667 0.000160389 0.00137255 0.000958548 0.00222433 -0.00144013 0.00125 0.00197674 0.00097826 -0.000798321 0.00214286 -0.001 -0.000588236 -0.00174797 6.32899e-05 0.00150969 0.00377193 0.00895349 0.000633802 0.00108553
internal_weight=2179 1918 1887 936 859 837 800 749 951 234 90 717 408 386 263 309 240 215 184 119 70 50 68 123 79 722 114 43 71 608
internal_count=2179 1918 1887 936 859 837 800 749 951 234 90 717 408 386 263 309 240 215 184 119 70 50 68 123 79 722 114 43 71 608
is_linear=0
shrinkage=0.1


Tree=78
num_leaves=31
num_cat=0
split_feature=4 5 5 5 5 3 2 5 4 5 5 5 3 0 4 3 3 4 1 5 4 4 3 4 3 5 4 2 4 5
split_gain=0.116506 0.264041 0.161689 0.159286 0.197709 0.247969 0.500925 0.117779 0.112993 0.104791 0.143195 0.083414 0.694444 0.157497 0.114531 0.186741 0.113666 0.106346 0.0981912 0.0761461 0.0726963 0.0944956 0.181184 0.0825738 0.142418 0.219334 0.0734187 0.0890183 0.0986289 0.111615
threshold=8.1559093318014657 14.959953975510109 14.802116892745781 17.428742986831036 17.548095038381994 2.5000000000000004 10.500000000000002 7.8063541832230472 8.2042198701034739 7.9072214911560748 7.9811521856134719 8.0331495694369792 1.5000000000000002 1.5000000000000002 8.5786883504863258 1.5000000000000002 1.0000000180025095e-35 14.701643849161163 1.0000000180025095e-35 17.5037020983061 17.601147357158535 17.444147608638612 1.5000000000000002 17.875017990643311 1.5000000000000002 17.612977155512716 21.301566615836443 14.500000000000002 21.443252153884945 23.065325260182242
decision_type=2 2 2 2 2 2 2 2 2 2 2 2 2 2 2 2 2 2 2 2 2 2 2 2 2 2 2 2 2 2
left_child=-1 2 7 -3 5 6 -5 -2 -9 -10 -11 12 -12 14 -13 -16 17 -15 -17 -7 21 22 -6 24 -22 -26 -25 28 -28 -30
right_child=1 3 -4 4 20 19 -8 8 9 10 11 13 -14 16 15 18 -18 -19 -20 -21 23 -23 -24 26 25 -27 27 -29 29 -31
leaf_value=-0.0031866245591545893 0.014528937047453684 -0.00062545217279874989 0.010776986058946419 -0.0067546750452358029 0.039259645109550149 -0.0082333294438223636 0.025052482176455761 -0.010479711752043501 0.0023885700785649042 -0.018394467893533429 -0.029227735131184512 -0.043036468382092401 0.028010984335196748 0.00025284943448967132 0.010332541558461516 -0.11909750574955905 0.0025287664890910645 -0.011681766154202631 0.00081886338962581888 0.00064870657414121263 -0.010735699341253567 -0.039870518239124408 -0.069250886249790908 -0.010246213570115096 0.013327806937414796 -0.02934490987825697 0.0025673409407646142 -0.19062770691116029 -0.0060430897003379922 0.0049816011431794071
leaf_weight=270 31 369 27 23 24 39 24 25 22 31 25 49 20 22 21 38 236 31 43 33 35 64 78 249 29 36 47 23 163 52
leaf_count=270 31 369 27 23 24 39 24 25 22 31 25 49 20 22 21 38 236 31 43 33 35 64 78 249 29 36 47 23 163 52
internal_value=0.000277649 0.000552644 0.00224638 -0.000263976 0.000440695 0.0042437 0.00989362 0.00190236 0.00157193 0.00187732 0.00158915 0.00201031 0.00611111 0.00159091 -0.00102649 0.000882352 0.00295848 -0.00122642 -0.0012963 0.000555554 -0.000125001 -0.00198795 -9.80404e-05 0.000362775 0.003 0.00576923 -0.000131087 0.000964911 0.00148855 0.000581394
internal_weight=2179 1909 621 1288 919 119 47 594 563 538 516 485 45 440 151 102 289 53 81 72 800 166 102 634 100 65 534 285 262 215
internal_count=2179 1909 621 1288 919 119 47 594 563 538 516 485 45 440 151 102 289 53 81 72 800 166 102 634 100 65 534 285 262 215
is_linear=0
shrinkage=0.1


Tree=79
num_leaves=31
num_cat=0
split_feature=1 5 3 5 5 5 5 4 4 3 5 5 5 4 5 5 5 4 3 4 5 4 2 4 4 4 5 4 4 4
split_gain=0.125938 0.102939 0.1869 0.317513 0.149169 0.432628 0.194938 0.161898 0.157864 0.141758 0.132505 0.118298 0.144643 0.0895383 0.282249 0.0872396 0.421684 0.108735 0.136055 0.237201 0.0857143 0.114706 0.0812604 0.0612064 0.195877 0.0642547 0.102285 0.230871 0.0602007 0.0837607
threshold=1.0000000180025095e-35 20.907128106231244 1.0000000180025095e-35 7.8786832977210901 17.442991135068166 17.517359113853114 15.15513456778025 17.858397698527522 7.6042107187853585 1.0000000180025095e-35 8.0375442920429609 17.58783732834187 17.621355012700022 8.2042198701034739 7.9072214911560748 13.573254646218489 14.295505232021354 21.920903664110195 2.5000000000000004 23.160782668137188 8.1129657429642297 8.4693291139919573 9.5000000000000018 21.443252153884945 21.348920651109825 14.701643849161163 15.187858021025077 15.556599819641656 16.773250739507059 15.572758255468667
decision_type=2 2 2 2 2 2 2 2 2 2 2 2 2 2 2 2 2 2 2 2 2 2 2 2 2 2 2 2 2 2
left_child=13 2 3 -2 6 -6 8 11 10 -3 -4 -7 -13 -1 -15 20 -17 23 19 -19 21 -16 -5 24 25 -18 -27 -28 29 -8
right_child=1 9 4 22 5 7 28 -9 -10 -11 -12 12 -14 14 15 16 17 18 -20 -21 -22 -23 -24 -25 -26 26 27 -29 -30 -31
leaf_value=-0.042157128229226432 0.0033175912557308119 0.026347247321517282 -0.0091066802093870119 0.0021419804707480425 0.02420348105795617 0.0040550631410699658 -0.0030684759355975883 0.0070221865846967525 0.00149462612555909 -0.010712821295199682 0.024357325999706129 -0.043304504275545858 0.014830693617083009 0.0036449114663564494 -0.018953922844883366 0.018369881891626878 0.0007138418230470886 0.1787270829711905 -0.017438083710814824 -0.02324690539772474 -0.09334716651444537 0.020394589392771969 -0.012149973292465768 -0.047527050729694764 0.14615310233276727 -0.021604670035751894 0.010959271418459713 -0.001523310702146614 -0.0059364336340687988 0.058866020180145022
leaf_weight=145 20 44 48 36 22 38 45 37 344 181 21 45 35 27 26 63 40 21 34 23 80 34 98 41 23 123 33 382 50 20
leaf_count=145 20 44 48 36 22 38 45 37 344 181 21 45 35 27 26 63 40 21 34 23 80 34 98 41 23 123 33 382 50 20
internal_value=0.000139971 0.000904058 0.00140279 -0.00175325 0.0020922 0.00460452 0.00125 0.00274193 0.00226392 -0.001 -0.00210145 0.000932202 -0.00125 -0.00061644 -0.000263159 -0.000557964 -0.000146872 -0.000833335 0.00269231 0.00636364 -0.00285714 -1.19209e-09 -0.00350746 -0.00126168 -0.00100666 -0.00136678 -0.00165428 -0.000903616 -0.00239131 -0.000384617
internal_weight=2179 1084 859 154 705 177 528 155 413 225 69 118 80 1095 950 923 783 720 78 44 140 60 134 642 601 578 538 415 115 65
internal_count=2179 1084 859 154 705 177 528 155 413 225 69 118 80 1095 950 923 783 720 78 44 140 60 134 642 601 578 538 415 115 65
is_linear=0
shrinkage=0.1


Tree=80
num_leaves=31
num_cat=0
split_feature=1 5 5 5 5 5 4 4 5 4 3 5 2 4 5 5 4 3 5 0 5 4 5 5 2 4 2 4 4 4
split_gain=0.234108 0.17308 0.116756 0.119794 0.132341 0.118428 0.134147 0.256867 0.160092 0.146669 0.334697 0.162432 0.13249 0.234667 0.132246 0.235882 0.11459 0.13809 0.328708 0.232692 0.185606 0.10332 0.125697 0.164156 0.100863 0.1033 0.156863 0.0950694 0.0914502 0.0856173
threshold=1.0000000180025095e-35 7.8232979756925483 21.012319677726317 20.96728541027122 20.907128106231244 20.766763772227211 17.914117039176382 17.777469960705552 17.629760684549023 17.17972032120424 1.5000000000000002 15.130493990902481 10.500000000000002 15.185066504054875 14.354176996385094 8.0617085956632835 7.6123109890964491 3.5000000000000004 8.5389133843137284 2.5000000000000004 8.0675735386944059 8.4693291139919573 17.548095038381994 17.5037020983061 12.500000000000002 22.182657255829699 10.500000000000002 17.540910296411852 8.2761024944505959 8.5890721954098623
decision_type=2 2 2 2 2 2 2 2 2 2 2 2 2 2 2 2 2 2 2 2 2 2 2 2 2 2 2 2 2 2
left_child=1 -1 3 4 5 6 7 8 9 11 -11 12 16 14 15 -14 -2 18 20 -19 28 -3 23 29 25 -4 -27 -12 -18 -23
right_child=2 21 24 -5 -6 -7 -8 -9 -10 10 27 -13 13 -15 -16 -17 17 19 -20 -21 -22 22 -24 -25 -26 26 -28 -29 -30 -31
leaf_value=0.0049751995099136647 -0.0048359658254572314 -0.028035803657683322 -0.012281772022578092 0.026742609150552495 -0.097703677006121911 0.0078439707570017708 -0.055965829905068466 0.0036111384068599909 -0.2566572495809748 0.021563425942976441 -0.0067691863393650048 -0.0004697405700678406 0.021095088149760799 -0.025875387001620193 0.014623811729885479 -0.010727104086789771 0.014004226659369174 -0.0028317058255719002 -0.0030383324698871578 0.021171244537294156 0.0086738898159822182 0.029112708503882617 -0.0047715366281421839 0.0018722091231452684 0.054704592132895503 0.086064930579847418 -0.39038915682914854 0.005873624773611222 -0.014149639646560214 -0.00078297389603518156
leaf_weight=36 78 168 72 21 29 21 29 41 36 32 64 131 41 22 37 47 24 32 104 20 22 29 407 32 52 27 24 36 42 423
leaf_count=36 78 168 72 21 29 21 29 41 36 32 64 131 41 22 37 47 24 32 104 20 22 29 407 32 52 27 24 36 42 423
internal_value=0.000323542 -0.000707764 0.00136531 0.00182068 0.00164414 0.00186845 0.00168258 0.00192212 0.00151042 0.0018306 0.00484848 0.00116667 0.00203625 0.00452381 0.0062 0.00409091 0.00090062 0.00196721 0.000729165 0.00653846 0.00522727 -0.000939567 -0.000510663 0.000578511 -0.001 -0.00256098 0.000882352 0.002 0.00257576 8.84944e-05
internal_weight=2179 1095 1084 909 888 859 838 809 768 732 132 600 469 147 125 88 322 244 192 52 88 1059 891 484 175 123 51 100 66 452
internal_count=2179 1095 1084 909 888 859 838 809 768 732 132 600 469 147 125 88 322 244 192 52 88 1059 891 484 175 123 51 100 66 452
is_linear=0
shrinkage=0.1


Tree=81
num_leaves=31
num_cat=0
split_feature=5 5 4 5 5 4 5 5 4 4 3 5 4 4 1 5 5 2 5 2 3 2 2 4 4 2 5 5 5 5
split_gain=0.182402 0.334259 0.145111 0.336024 0.111533 0.251097 0.111949 0.0998785 0.0891126 0.484059 0.111002 0.109938 0.130948 0.109427 0.193421 0.269228 0.3533 0.268908 0.182521 0.172145 0.0997464 0.208685 0.0923077 0.0917563 0.214179 0.164716 0.12552 0.117096 0.115249 0.129825
threshold=7.8317419679886413 7.3630219833333346 8.2042198701034739 7.9124084390999991 23.614247353693305 23.233825698598146 21.212653007751378 7.9612264240396424 17.17972032120424 17.267660006846544 1.5000000000000002 21.012319677726317 21.318795634350685 17.732789507572232 1.0000000180025095e-35 20.907128106231244 17.609598029055611 10.500000000000002 17.58783732834187 12.500000000000002 1.0000000180025095e-35 9.5000000000000018 11.500000000000002 14.725939483042868 13.695659204184041 9.5000000000000018 14.484568824501453 8.5389133843137284 7.9811521856134719 8.0268590620283824
decision_type=2 2 2 2 2 2 2 2 2 2 2 2 2 2 2 2 2 2 2 2 2 2 2 2 2 2 2 2 2 2
left_child=1 -1 7 -4 5 6 8 -2 23 -10 20 12 13 18 17 16 -16 -15 19 -12 21 -11 -23 24 27 -26 -27 28 -5 -30
right_child=2 -3 3 4 -6 -7 -8 -9 9 10 11 -13 -14 14 15 -17 -18 -19 -20 -21 -22 22 -24 -25 25 26 -28 -29 29 -31
leaf_value=-0.035460218887314834 -0.0093597907339847183 0.014682870819507721 0.0044164864479040609 -0.027396285077171213 -0.052144286761882479 0.044235158682022768 -0.012686541912575598 -0.0040234244497092415 0.037518301378071758 0.015794153742302763 -0.0014420006089848052 0.097627271378066038 -0.018257680880705004 0.016155050114669306 0.0049885325759616087 -0.057228741606211803 0.0051547988442492663 -0.15243444900899839 -0.082129562255037411 0.0085546090728748098 -0.010152699754176412 -0.0031204555131325276 0.00072011514520995822 -0.0013931062864284841 -0.00030481162069373224 0.016840810771199415 -0.096896413955186445 -0.0028121641321337838 0.010692189639095954 7.1622279260487442e-05
leaf_weight=45 105 27 24 29 48 39 201 149 26 20 62 23 34 35 37 30 31 50 81 28 123 39 65 450 34 68 22 125 32 97
leaf_count=45 105 27 24 29 48 39 201 149 26 20 62 23 34 35 37 30 31 50 81 28 123 39 65 450 34 68 22 125 32 97
internal_value=-0.00022717 0.00472222 -0.000396299 -8.9046e-05 -0.000243304 -0.000115105 -0.000292768 -0.0026378 -3.24584e-06 0.000847952 0.000319148 0.00132603 0.000927834 0.00149717 0.00319672 0.00622449 0.00970588 -0.000294119 -0.000321639 0.00277778 -0.00135628 0.00064516 -0.00115385 -0.000682615 0.000405404 0.00387097 0.00611111 -0.00111308 0.000696201 0.00197674
internal_weight=2179 72 2107 1853 1829 1781 1742 254 1541 684 658 411 388 354 183 98 68 85 171 90 247 124 104 857 407 124 90 283 158 129
internal_count=2179 72 2107 1853 1829 1781 1742 254 1541 684 658 411 388 354 183 98 68 85 171 90 247 124 104 857 407 124 90 283 158 129
is_linear=0
shrinkage=0.1


Tree=82
num_leaves=31
num_cat=0
split_feature=4 5 4 4 5 5 2 4 4 5 1 4 4 5 5 5 5 5 5 4 4 4 5 5 3 4 2 4 5 3
split_gain=0.111271 0.18379 0.0828177 0.121784 0.0783974 0.317589 0.0842965 0.173966 0.404704 0.139936 0.133618 0.125086 0.42643 0.12117 0.109685 0.163249 0.108597 0.101194 0.14151 0.125691 0.102414 0.0983115 0.0887753 0.200459 0.349806 0.131728 0.10389 0.133874 0.0827405 0.167604
threshold=8.0630927794747631 7.8063541832230472 23.233825698598146 22.60877347675147 7.8786832977210901 7.9124084390999991 10.500000000000002 14.625589844292268 13.872815155575783 15.187858021025077 1.0000000180025095e-35 14.87221651464974 15.281155794946525 15.224717662186597 20.997856197281042 20.959092680146352 12.986649338157896 17.658138610363899 17.609598029055611 17.732789507572232 8.3772114634455885 8.5786883504863258 17.37220656832211 17.52918205315434 2.5000000000000004 17.698233879917414 12.500000000000002 17.458738050457423 20.925408859001312 1.5000000000000002
decision_type=2 2 2 2 2 2 2 2 2 2 2 2 2 2 2 2 2 2 2 2 2 2 2 2 2 2 2 2 2 2
left_child=-1 -2 3 4 -3 -6 14 8 16 10 -9 -12 -13 -11 15 17 21 18 20 -20 -7 -8 -15 24 -24 26 -25 -28 29 -27
right_child=1 2 -4 -5 5 6 7 9 -10 13 11 12 -14 22 -16 -17 -18 -19 19 -21 -22 -23 23 25 -26 28 27 -29 -30 -31
leaf_value=-0.0040372429542993781 0.011546248221525852 -0.0032179947427475697 0.008945583899930748 -0.030998664484397344 0.0039748378031137345 0.00075548004045234937 -0.038070809110587127 -0.035698116354729047 0.014811955338255823 0.0052894946090859792 -0.0061399970566312408 0.013722224421770284 -0.027853243288392057 -0.0060472893159629962 -0.047660642592304778 0.045451807302586703 -0.0621908112407141 -0.079477965369979531 0.0054391097948739758 0.0071679588383187073 -0.00035765360817574814 0.038335660366973279 0.014738671295995138 -0.062384323197548587 -0.0017063633397507404 -0.0014546515387625274 0.0085275354328270235 -0.0050271254609715859 -0.0024967079385699396 0.00595805621621006
leaf_weight=261 31 29 56 47 24 30 27 89 40 23 29 20 43 55 92 23 27 47 37 28 550 24 32 73 54 66 29 22 202 69
leaf_count=261 31 29 56 47 24 30 27 89 40 23 29 20 43 55 92 23 27 47 37 28 550 24 32 73 54 66 29 22 202 69
internal_value=2.29344e-06 0.000265901 0.000140433 2.45755e-05 0.000156949 0.000242164 8.37654e-05 0.00073593 0.00432203 0.000210917 -0.00223757 0.000434781 0.00293651 0.000919999 -0.00066295 -0.000244756 0.000128204 -0.000520232 -0.0001938 0.00423077 -0.000689656 0.00284314 0.000647839 0.00103291 0.00546512 0.000206073 -0.00258065 0.000882352 0.00123145 0.00314815
internal_weight=2179 1918 1887 1831 1784 1755 1731 924 118 806 181 92 63 625 807 715 78 692 645 65 580 51 602 547 86 461 124 51 337 135
internal_count=2179 1918 1887 1831 1784 1755 1731 924 118 806 181 92 63 625 807 715 78 692 645 65 580 51 602 547 86 461 124 51 337 135
is_linear=0
shrinkage=0.1


Tree=83
num_leaves=31
num_cat=0
split_feature=5 5 4 5 5 3 4 4 5 5 2 4 4 4 4 1 3 5 4 3 5 4 4 4 5 4 4 5 5 5
split_gain=0.153229 0.334259 0.169015 0.222265 0.0919827 0.0803241 0.137787 0.160714 0.079411 0.170071 0.0767057 0.240205 0.339924 0.0988902 0.124962 0.100082 0.150752 0.25739 0.397287 0.410189 0.365765 0.092853 0.091276 0.14902 0.0865916 0.0794173 0.221166 0.0770688 0.0768293 0.0974558
threshold=7.8317419679886413 7.3630219833333346 8.1755555262695534 7.9124084390999991 7.9612264240396424 1.5000000000000002 7.708945046671082 7.5422720276070558 7.9811521856134719 8.0268590620283824 10.500000000000002 14.625589844292268 13.872815155575783 17.17972032120424 17.326815694589431 1.0000000180025095e-35 1.5000000000000002 21.442954900189395 17.429793706412756 3.5000000000000004 20.907128106231244 22.313624647386796 15.313328635561378 15.003233094274648 15.185917163070986 22.243213547859419 21.738113586558729 17.598396061764848 21.604318189176762 17.560321039669386
decision_type=2 2 2 2 2 2 2 2 2 2 2 2 2 2 2 2 2 2 2 2 2 2 2 2 2 2 2 2 2 2
left_child=1 -1 4 -4 -2 -6 7 -7 -5 -10 -11 12 -12 22 -15 25 21 18 -18 20 27 -17 23 24 -13 26 28 -20 29 -16
right_child=2 -3 3 8 5 6 -8 -9 9 10 11 13 -14 14 15 16 17 -19 19 -21 -22 -23 -24 -25 -26 -27 -28 -29 -30 -31
leaf_value=-0.03182214334405669 -0.0090159140708442106 0.012059958915404345 0.0021525737875822261 -0.024732204573499172 -0.012441221809614669 -0.040320783634294255 -0.028842604942462081 0.022489862680962938 0.011355826639927376 -0.0003226206182164531 0.0029607065405406318 -0.0095034618695822339 0.013330759804430182 0.014666285577500294 0.0012089180174242389 -0.0014263825586024619 -0.1487021999810226 -0.050854053045047455 0.013309096415056287 -0.011912207767189641 -0.0017186908890746888 0.03821184626433527 -0.0092309435418929924 0.0019735420100300766 0.0044760519953600123 -0.013587166737456894 0.16035700146551612 0.0049959009714492294 0.030316393326728409 -0.02046117673148035
leaf_weight=45 90 27 39 29 67 28 25 28 32 793 68 85 40 34 59 83 26 45 22 28 25 20 125 24 21 38 20 26 36 151
leaf_count=45 90 27 39 29 67 28 25 28 32 793 68 85 40 34 59 83 26 45 22 28 25 20 125 24 21 38 20 26 36 151
internal_value=0.000185864 0.00472222 3.08484e-05 0.000350454 -0.00247899 -0.000945947 0.00117284 0.00392857 0.000191256 0.000274846 0.000144148 0.000737704 0.00518518 0.000184331 0.000872756 0.000526769 0.00190909 0.00372093 0.00602362 0.00886138 0.0128082 -0.00111651 -0.00147059 0.000384614 -0.00122642 -0.000723685 -0.000112783 0.0179167 -0.000934961 -0.00166667
internal_weight=2179 72 2107 1869 238 148 81 56 1830 1801 1769 976 108 868 613 579 275 172 127 101 73 103 255 130 106 304 266 48 246 210
internal_count=2179 72 2107 1869 238 148 81 56 1830 1801 1769 976 108 868 613 579 275 172 127 101 73 103 255 130 106 304 266 48 246 210
is_linear=0
shrinkage=0.1


Tree=84
num_leaves=31
num_cat=0
split_feature=5 5 4 4 3 5 4 1 4 5 4 5 4 3 4 4 4 5 2 4 5 4 4 2 5 4 4 5 5 5
split_gain=0.13456 0.172502 0.111448 0.0937283 0.202098 0.16 0.11062 0.0932051 0.14062 0.105261 0.0911272 0.0968262 0.107373 0.0829164 0.138667 0.170036 0.109168 0.16 0.145234 0.164894 0.082264 0.12381 0.0760952 0.140623 0.0864968 0.112164 0.0746106 0.142821 0.167288 0.156481
threshold=15.058472634422651 14.398914561941007 23.233825698598146 15.185066504054875 2.5000000000000004 13.573254646218489 14.725939483042868 1.0000000180025095e-35 8.2042198701034739 7.8425892638526928 22.60877347675147 15.187858021025077 15.572758255468667 3.5000000000000004 7.5368629258351563 7.6042107187853585 14.106896704210181 12.986649338157896 9.5000000000000018 8.3927907817162666 8.0268590620283824 8.5890721954098623 8.3558881138263192 9.5000000000000018 12.738824625000001 8.5890721954098623 15.556599819641656 17.37220656832211 17.461852289105192 17.421147835318543
decision_type=2 2 2 2 2 2 2 2 2 2 2 2 2 2 2 2 2 2 2 2 2 2 2 2 2 2 2 2 2 2
left_child=1 3 10 6 -5 -6 7 8 -1 -9 11 12 -2 14 -11 -16 17 18 19 -17 -20 -22 -10 -24 25 -25 -13 -28 29 -29
right_child=2 -3 -4 4 5 -7 -8 9 22 13 -12 26 -14 -15 15 16 -18 -19 20 -21 21 -23 23 24 -26 -27 27 28 -30 -31
leaf_value=-0.033087646119173184 -0.011332714417860516 0.0022825400085809389 0.0076060076025449321 -0.011761741257318412 0.0059543769825612007 0.0013108320491223759 -0.042725842432122324 0.0056989291958149182 0.001010360721141203 0.026297895717929842 -0.023260210767144553 0.0060250200151892403 0.0013128494737119983 -0.003274723598758124 -0.0077326703798458116 0.013503851545577473 0.0099153786064369101 -0.016695629522616783 0.00050592321368606258 -0.0052355703656111439 -0.0087399576693687232 5.4575858653510244e-05 -0.0018529696942741953 0.014035544009454738 0.014052046199589897 -0.11187364827039802 -0.0053557681942617424 -0.0016880834733644817 -0.0003450147064989231 0.0077438539231826434
leaf_weight=145 148 99 56 33 20 25 37 33 27 20 46 60 23 66 36 29 21 30 31 30 39 21 62 34 46 25 96 27 769 45
leaf_count=145 148 99 56 33 20 25 37 33 27 20 46 60 23 66 36 29 21 30 31 30 39 21 62 34 46 25 96 27 769 45
internal_value=0.000231756 0.00116061 -0.000433072 0.000679011 0.00397436 0.00833333 0.000327868 0.00061151 -0.000575222 0.00174157 -0.000634268 -0.00046233 -0.00266082 0.00119195 0.00200389 0.00132911 0.00246269 0.00166667 0.003 0.00686441 0.000494504 -0.00166667 0.00118557 0.00038922 0.00261905 8.47446e-05 -8.5257e-05 -0.000304163 0.00011296 0.00472222
internal_weight=2179 909 1270 810 78 45 732 695 339 356 1214 1168 171 323 257 237 201 180 150 59 91 60 194 167 105 59 997 937 841 72
internal_count=2179 909 1270 810 78 45 732 695 339 356 1214 1168 171 323 257 237 201 180 150 59 91 60 194 167 105 59 997 937 841 72
is_linear=0
shrinkage=0.1


Tree=85
num_leaves=31
num_cat=0
split_feature=1 5 4 5 5 5 4 5 4 5 4 5 4 5 3 2 4 5 2 0 5 5 5 2 3 0 4 5 4 5
split_gain=0.194482 0.168475 0.153266 0.149291 0.476218 0.187475 0.184206 0.128458 0.124657 0.113017 0.147059 0.289286 0.144412 0.169802 0.0948666 0.325444 0.0925112 0.212236 0.0935733 0.129294 0.228899 0.128155 0.0896341 0.0888889 0.0776884 0.119457 0.153137 0.0730352 0.128658 0.106289
threshold=1.0000000180025095e-35 7.8232979756925483 7.6042107187853585 13.684436888498499 10.402040591666667 14.295505232021354 14.560799814376409 8.0375442920429609 8.3772114634455885 15.15513456778025 14.918783562155456 14.802116892745781 15.521895257937146 15.19401613661365 1.5000000000000002 9.5000000000000018 8.2042198701034739 7.9944035223765191 9.5000000000000018 2.5000000000000004 14.484568824501453 15.187858021025077 16.522279094236115 10.500000000000002 2.5000000000000004 2.5000000000000004 17.493807334120785 23.614247353693305 23.160782668137188 21.442954900189395
decision_type=2 2 2 2 2 2 2 2 2 2 2 2 2 2 2 2 2 2 2 2 2 2 2 2 2 2 2 2 2 2
left_child=1 -1 7 4 8 -5 -7 -2 14 10 11 -8 -11 -14 -4 -16 -3 -18 24 -20 -21 23 -15 -22 -19 26 -26 28 29 -24
right_child=2 16 3 5 -6 6 9 -9 -10 12 -12 -13 13 22 15 -17 17 18 19 20 21 -23 27 -25 25 -27 -28 -29 -30 -31
leaf_value=0.0046084744414477746 -0.0027531425927827674 -0.055705599401520291 0.001732398708387789 -0.0080118050596681718 0.0013129617381802345 0.0099445912158296693 -0.03303471636313237 0.017155472910206592 -0.0028206909608204603 -0.19306099881597188 -0.011293732781822226 0.012188988151159354 0.0023311284886875813 -0.10536053983614564 0.018343970735186184 -0.0011433037061614568 0.0023069752046420743 -0.018041287982299852 -0.0011798573795184716 0.012988141058697698 -0.00027706687903657283 0.0042693492056587387 0.0015871142983664703 -0.020936213343430481 0.0088709227641470944 -0.17087255977561724 -0.015851336749707453 -0.25851411567602317 0.10341570929910382 -0.0024141605390747669
leaf_weight=36 65 125 37 50 44 28 21 23 112 44 40 24 20 27 24 35 32 126 488 82 30 31 368 60 21 33 31 20 22 80
leaf_count=36 65 125 37 50 44 28 21 23 112 44 40 24 20 27 24 35 32 126 488 82 30 31 368 60 21 33 31 20 22 80
internal_value=0.000323542 -0.00061644 0.00127306 0.0016265 0.00373016 0.000913977 0.00134006 -0.00272727 0.00173077 0.001006 0.00441176 0.00833333 0.000507744 0.00095903 0.004375 0.00686441 -0.000845138 -0.000503213 -0.000787141 -0.000224314 0.00189655 -0.00086777 0.000609283 -0.00277778 -0.00263033 -0.000294119 0.00269231 0.000918366 0.00117021 0.00080357
internal_weight=2179 1095 1084 996 252 744 694 88 208 666 85 45 581 537 96 59 1059 934 902 691 203 121 517 90 211 85 52 490 470 448
internal_count=2179 1095 1084 996 252 744 694 88 208 666 85 45 581 537 96 59 1059 934 902 691 203 121 517 90 211 85 52 490 470 448
is_linear=0
shrinkage=0.1


Tree=86
num_leaves=31
num_cat=0
split_feature=4 5 1 5 0 4 3 3 2 3 5 3 2 5 4 4 4 4 4 4 4 3 4 2 4 4 0 5 4 2
split_gain=0.191661 0.194541 0.178356 0.110085 0.106052 0.227938 0.1739 0.156572 0.203804 0.112633 0.141414 0.0917506 0.341488 0.1448 0.195314 0.133333 0.111077 0.104458 0.186175 0.0909091 0.0838524 0.167518 0.282106 0.176441 0.173943 0.228984 0.189129 0.392968 0.18744 0.152915
threshold=7.6042107187853585 7.8232979756925483 1.0000000180025095e-35 8.0375442920429609 2.5000000000000004 14.725939483042868 3.5000000000000004 2.5000000000000004 10.500000000000002 1.5000000000000002 14.916274410035843 1.0000000180025095e-35 9.5000000000000018 17.640653113263117 17.732789507572232 17.797202492205422 17.627353575247966 20.300198138332426 20.545666217824643 14.977966606818152 7.708945046671082 1.5000000000000002 15.135349400712927 10.500000000000002 8.3558881138263192 15.281155794946525 1.5000000000000002 14.174833804575995 17.429793706412756 9.5000000000000018
decision_type=2 2 2 2 2 2 2 2 2 2 2 2 2 2 2 2 2 2 2 2 2 2 2 2 2 2 2 2 2 2
left_child=3 -2 4 -1 -3 7 9 -6 -9 10 -7 12 -4 14 16 -16 20 -15 -19 -12 -13 22 23 -22 -23 26 29 -28 -27 -26
right_child=1 2 11 -5 5 6 -8 8 -10 -11 19 13 -14 17 15 -17 -18 18 -20 -21 21 24 -24 -25 25 28 27 -29 -30 -31
leaf_value=-0.00900540210991632 0.0082440898778669645 -0.00090503328060489551 0.01340794692383237 0.012324402206602924 0.0096319834658890238 -0.036367371811842734 0.0028767657067197681 -0.17897213492599054 0.0033397516530225095 -0.089743696237633258 -0.059413187211152296 0.0025436389444689028 -0.0044976379761797096 -0.017267016789083385 0.0075881750301466351 0.0015905959161092232 -0.050725728486107229 0.10810094760477398 -0.00029115773685130551 0.0044818035139185235 0.013198238207229891 -0.0070688554004107815 0.02205043499696541 -0.0080688126030859179 -0.014777570477776288 -0.007853895498795423 0.001802803893432015 0.0092642076107751214 0.0076424596019822669 0.00031874994921557865
leaf_weight=125 39 709 39 46 49 28 39 25 23 74 22 22 136 36 20 40 20 20 167 22 35 38 32 22 30 137 33 84 24 43
leaf_count=125 39 709 39 46 49 28 39 25 23 74 22 22 136 36 20 40 20 20 167 22 35 38 32 22 30 137 33 84 24 43
internal_value=0.000553005 0.000826692 0.000688165 -0.00266082 -0.000257317 0.00138298 -0.000675677 0.00530928 0.00125 -0.00226028 0.000555554 0.00164622 -0.000428573 0.00209838 0.00293103 0.00833333 0.00230769 -6.72658e-05 0.000882352 0.00409091 0.0026 0.00232217 0.00623595 0.00201754 0.00142673 0.00212251 0.00447368 0.00696581 -0.000652175 0.000479451
internal_weight=2179 2008 1969 171 991 282 185 97 48 146 72 978 175 803 580 60 520 223 187 44 500 478 89 57 389 351 190 117 161 73
internal_count=2179 2008 1969 171 991 282 185 97 48 146 72 978 175 803 580 60 520 223 187 44 500 478 89 57 389 351 190 117 161 73
is_linear=0
shrinkage=0.1


Tree=87
num_leaves=31
num_cat=0
split_feature=5 5 5 4 0 5 3 5 2 2 4 5 2 4 5 4 5 5 5 4 4 4 5 4 4 5 4 5 3 3
split_gain=0.160615 0.298765 0.184316 0.159221 0.137343 0.183293 0.3954 0.21107 0.127225 0.157051 0.124029 0.122976 0.112186 0.372243 0.354181 0.155898 0.13558 0.124328 0.115517 0.117859 0.154459 0.153652 0.113186 0.112344 0.178538 0.289286 0.110206 0.209921 0.363462 0.108208
threshold=7.8425892638526928 7.3630219833333346 8.0571946510690733 14.789605174258247 1.5000000000000002 14.189406503425344 1.5000000000000002 14.685934864039146 9.5000000000000018 10.500000000000002 14.625589844292268 14.398914561941007 12.500000000000002 15.37442062200717 23.065325260182242 17.339223135380415 21.944493206003902 21.604318189176762 21.062575191229161 17.698233879917414 17.420835571396015 17.804346340848593 17.609598029055611 20.604012224128997 21.301566615836443 20.979587577119343 20.505301852960415 17.611349546148872 2.5000000000000004 2.5000000000000004
decision_type=2 2 2 2 2 2 2 2 2 2 2 2 2 2 2 2 2 2 2 2 2 2 2 2 2 2 2 2 2 2
left_child=1 -1 -2 4 -4 8 7 -7 -6 -10 11 -8 18 -14 15 -15 17 26 19 20 -5 22 -21 29 -25 -26 27 -17 -29 -23
right_child=2 -3 3 12 5 6 10 -9 9 -11 -12 -13 13 14 -16 16 -18 -19 -20 21 -22 23 -24 24 25 -27 -28 28 -30 -31
leaf_value=-0.028411155065661872 -0.00091464084923305897 0.0042015646008373006 -0.00088031591163301344 0.00011556550045835767 0.0024606855303710251 0.0052659754440520503 -0.045490623074499428 0.010945105442216434 -0.011165976531913964 0.0018712773086499474 -0.094848888002286913 0.0084486698123924144 0.002493775442693108 -0.010993347840957591 0.13982244229973248 -0.0026784912015001029 -0.13384221506190319 0.1064745341766288 -0.0087300758673503759 0.0072960338206891871 -0.0033834734424795319 -0.018288319235000381 0.020940186830030932 0.0067963753295769789 -0.047763577751234076 0.022907090339848481 -0.0091717000627081057 0.007938384892424627 -0.033723330511572468 0.00073979155973374379
leaf_weight=45 297 36 187 422 27 24 52 23 24 26 46 24 20 51 22 70 32 21 225 38 106 75 24 26 36 20 68 30 26 56
leaf_count=45 297 36 187 422 27 24 52 23 24 26 46 24 20 51 22 70 32 21 225 38 106 75 24 26 36 20 68 30 26 56
internal_value=0.000507112 0.00487654 0.000338416 0.000719044 0.0023903 0.00394309 0.00210059 0.00989362 0.00798701 0.005 -0.000901641 0.00157895 0.000190057 0.0017647 0.000937499 3.35559e-05 0.00107287 0.00197674 -0.00033074 0.000230385 -0.000643941 0.00190909 0.00629032 0.000633802 0.00353658 0.000357142 0.00118557 0.00293651 0.0075 -0.00118321
internal_weight=2179 81 2098 1801 433 246 169 47 77 50 122 76 1368 340 320 298 247 215 1028 803 528 275 62 213 82 56 194 126 56 131
internal_count=2179 81 2098 1801 433 246 169 47 77 50 122 76 1368 340 320 298 247 215 1028 803 528 275 62 213 82 56 194 126 56 131
is_linear=0
shrinkage=0.1


Tree=88
num_leaves=31
num_cat=0
split_feature=5 5 5 4 0 5 3 4 2 3 4 5 4 4 4 4 5 3 5 3 5 1 5 3 4 5 5 4 5 4
split_gain=0.167434 0.298765 0.169405 0.181084 0.137343 0.0904837 0.125363 0.0889548 0.0848338 0.134355 0.122064 0.147065 0.200899 0.236687 0.114219 0.0821472 0.166054 0.141061 0.115566 0.221849 0.0734894 0.124647 0.0992064 0.167659 0.0711111 0.0710963 0.187988 0.113764 0.148659 0.106736
threshold=7.8425892638526928 7.3630219833333346 8.0571946510690733 14.789605174258247 1.5000000000000002 14.314799005381655 1.5000000000000002 14.725939483042868 9.5000000000000018 1.0000000180025095e-35 23.92312367279704 20.925408859001312 20.491858216648414 21.318795634350685 17.777469960705552 7.6042107187853585 8.015006641343696 1.0000000180025095e-35 7.9612264240396424 2.5000000000000004 8.1672464920682746 1.0000000180025095e-35 8.4610108609415082 2.5000000000000004 8.1559093318014657 15.147105736499745 15.178196770310791 15.556599819641656 15.20384769730274 17.17972032120424
decision_type=2 2 2 2 2 2 2 2 2 2 2 2 2 2 2 2 2 2 2 2 2 2 2 2 2 2 2 2 2 2
left_child=1 24 15 4 20 -6 -7 -8 9 14 11 12 25 -14 -5 -2 17 -17 19 -19 21 -4 -22 -24 -1 -10 -27 28 -28 -29
right_child=2 -3 3 8 5 6 7 -9 10 -11 -12 -13 13 -15 -16 16 -18 18 -20 -21 22 -23 23 -25 -26 26 27 29 -30 -31
leaf_value=-0.075165735873436584 -0.034753003461457918 0.0037814081407535685 -0.047377952462767034 -0.00024381457292111872 0.003061109801652322 0.0066695705352042695 0.0052349490854492874 -0.10851077623367918 -0.0019288804607503519 -0.0018754843469486829 0.01472168490900138 -0.0087224348777940591 0.006020553062182455 -0.0095665454412017566 0.014051479943040561 -0.0077309937415496778 -0.0039614714046490871 0.0019203247343941585 0.026147235147277299 -0.026805579688259074 -0.067404647356581318 0.0048809277270110895 -0.039155626405962846 0.0023985891406546542 0.0012580506385103441 0.0023136128327468225 -0.026328395072513673 -0.0043577935579623903 0.013240460808582363 0.00032387371523507355
leaf_weight=20 112 36 29 26 119 32 71 24 139 237 24 316 27 22 22 27 60 35 30 33 42 32 48 36 25 39 23 94 26 373
leaf_count=20 112 36 29 26 119 32 71 24 139 237 24 316 27 22 22 27 60 35 30 33 42 32 48 36 25 39 23 94 26 373
internal_value=0.000415327 0.00487654 0.000243087 0.000607994 0.0023903 0.00394309 0.00208661 0.000263157 4.38585e-05 -0.00149123 0.000447829 0.000288006 0.00105653 0.0072449 0.00333333 -0.0019697 -0.000675677 0.0014 0.00316326 0.000882352 0.000347592 0.00319672 -0.00103175 0.00095238 -0.000555557 0.000619595 0.00112612 0.000620154 0.00520408 0.000139185
internal_weight=2179 81 2098 1801 433 246 127 95 1368 285 1083 1059 743 49 48 297 185 125 98 68 187 61 126 84 45 694 555 516 49 467
internal_count=2179 81 2098 1801 433 246 127 95 1368 285 1083 1059 743 49 48 297 185 125 98 68 187 61 126 84 45 694 555 516 49 467
is_linear=0
shrinkage=0.1


Tree=89
num_leaves=31
num_cat=0
split_feature=5 5 3 4 5 4 2 4 1 4 5 5 5 4 4 4 2 5 5 4 4 5 5 4 5 5 4 3 0 2
split_gain=0.167434 0.298765 0.0956985 0.221782 0.0924628 0.271072 0.157042 0.209235 0.321111 0.120069 0.100066 0.094954 0.0859253 0.166106 0.152061 0.0964066 0.14309 0.190675 0.116063 0.0926042 0.218185 0.133555 0.159558 0.115942 0.0856238 0.438206 0.462645 0.136253 0.371168 0.115765
threshold=7.8425892638526928 7.3630219833333346 3.5000000000000004 17.743853269577695 17.583643082863357 17.242504474963919 10.500000000000002 14.701643849161163 1.0000000180025095e-35 15.37442062200717 8.0003317027705148 8.4610108609415082 8.1452772889218128 14.7413709393212 8.0630927794747631 8.3927907817162666 10.500000000000002 14.222920799477965 8.788590746491705 8.299612320091212 8.2042198701034739 7.9296046805134557 8.015006641343696 7.5422720276070558 17.344639321995064 17.461852289105192 17.409325411106831 2.5000000000000004 2.5000000000000004 12.500000000000002
decision_type=2 2 2 2 2 2 2 2 2 2 2 2 2 2 2 2 2 2 2 2 2 2 2 2 2 2 2 2 2 2
left_child=1 -1 12 4 5 6 7 10 -9 -8 -4 -12 19 14 -14 -16 17 18 -17 20 21 -2 -23 -24 27 26 -26 -15 -29 -27
right_child=2 -3 3 -5 -6 -7 9 8 -10 -11 11 -13 13 24 15 16 -18 -19 -20 -21 -22 22 23 -25 25 29 -28 28 -30 -31
leaf_value=-0.019581945710578065 -0.029261291371540901 0.0034032673266782458 0.0032921406604189893 -0.0038113730628945353 -0.0098478852333156418 0.0081975969453901461 0.004247083753803161 0.00060978207747771956 0.031283354604585603 -0.14900045191048911 -0.07423318209183466 0.004646586921840638 -0.018153325800471673 -0.0014149527449340395 0.01676498318773776 0.00038912088860866973 0.0027685619174535742 0.012573838350147621 -0.019126880025167492 -0.0027759498465385157 0.0033052539538698691 0.0060030035688863675 0.01420410781858991 -0.032967806519409337 -0.0039112921550376765 -0.0019805111942652015 0.0087500329235370728 0.066162460505966983 -0.034612787552868667 0.00062887437903533195
leaf_weight=45 67 36 23 127 32 20 53 25 20 35 42 31 24 287 20 20 82 33 72 104 21 36 23 46 23 493 25 22 64 228
leaf_count=45 67 36 23 127 32 20 53 25 20 35 42 31 24 287 20 20 82 33 72 104 21 36 23 46 23 493 25 22 64 228
internal_value=0.000415327 0.00487654 0.000243087 0.00161765 0.00318505 0.00383534 0.00286026 0.00492908 0.0105556 -0.000454547 0.00229167 0.000479451 -8.87586e-05 0.000240487 0.00256972 0.00337004 0.00272947 0.000599999 -0.00173913 -0.001633 -0.000336789 -0.00151163 0.000714285 -0.00210145 -0.000271455 0.000331598 0.00958333 -0.00151475 0.00197674 -0.000284329
internal_weight=2179 81 2098 408 281 249 229 141 45 88 96 73 1690 1393 251 227 207 125 92 297 193 172 105 69 1142 769 48 373 86 721
internal_count=2179 81 2098 408 281 249 229 141 45 88 96 73 1690 1393 251 227 207 125 92 297 193 172 105 69 1142 769 48 373 86 721
is_linear=0
shrinkage=0.1


Tree=90
num_leaves=31
num_cat=0
split_feature=0 4 1 4 4 5 4 4 3 5 3 5 5 5 4 4 4 4 5 2 5 5 4 3 3 4 5 5 4 4
split_gain=0.113825 0.159533 0.0685692 0.0844741 0.09257 0.0922236 0.167063 0.254106 0.0977677 0.309847 0.0803776 0.107532 0.199809 0.105045 0.0745272 0.0736318 0.0664978 0.0837646 0.0826795 0.0599717 0.139007 0.116094 0.161536 0.13616 0.102755 0.164993 0.119695 0.0865923 0.105396 0.118558
threshold=2.5000000000000004 14.260145221225788 1.0000000180025095e-35 22.730197376018268 21.920903664110195 20.96728541027122 20.491858216648414 21.301566615836443 1.0000000180025095e-35 17.517359113853114 3.5000000000000004 7.9397029604318909 17.437064335127356 7.9072214911560748 23.233825698598146 8.5786883504863258 22.60877347675147 21.920903664110195 21.944493206003902 12.500000000000002 21.040815150554661 21.012319677726317 20.604012224128997 3.5000000000000004 1.0000000180025095e-35 20.370630667583363 17.583643082863357 17.629760684549023 17.754344416624125 17.242504474963919
decision_type=2 2 2 2 2 2 2 2 2 2 2 2 2 2 2 2 2 2 2 2 2 2 2 2 2 2 2 2 2 2
left_child=2 -2 3 4 5 6 8 -8 9 15 13 -12 -13 -10 16 -1 17 18 19 21 24 22 23 27 -21 26 -26 28 29 -4
right_child=1 -3 14 -5 -6 -7 7 -9 10 -11 11 12 -14 -15 -16 -17 -18 -19 -20 20 -22 -23 -24 -25 25 -27 -28 -29 -30 -31
leaf_value=-0.031324013069170348 0.0043535090679382984 0.0001001640433322998 -1.9473300997605931e-05 -0.0084661992130668409 0.068400799852697064 -0.014866392358209943 0.011733228807579965 -0.040596624182327484 0.00094720638187765398 0.030678544215168392 -0.069449374954159801 0.012123503413463271 -0.0018196604348249838 -0.010758867863350801 0.065932438215520459 -0.027467783311112548 -0.11022103232218401 0.0033810020139044099 -0.1162325976960402 -0.0042500081758251457 0.11856591767118162 -0.02452641325084742 0.0077672586956640437 0.0027629486753508303 0.0047508238954878691 -0.0083643308158049198 0.11245284857486229 -0.0083395841849150266 0.0063224608269707334 -0.0027356978599560253
leaf_weight=37 113 435 262 48 31 124 22 27 39 34 23 39 38 319 29 30 24 28 30 23 20 44 33 113 32 21 26 47 29 59
leaf_count=37 113 435 262 48 31 124 22 27 39 34 23 39 38 319 29 30 24 28 30 23 20 44 33 113 32 21 26 47 29 59
internal_value=0.000139971 0.00138686 -0.000278971 -0.000930951 -0.000674968 -0.000901641 -0.000394738 0.00520408 -0.000885511 0.00193069 -0.00150655 0.000999999 0.00279221 -0.00220671 0.000365852 -0.00201493 0.000183311 0.000345501 0.000142083 0.00035966 0.00237705 -5.96264e-05 0.000340699 -9.80404e-05 0.000882352 0.00259494 0.00534483 -0.000969774 -0.000428573 -0.000950157
internal_weight=2179 548 1631 811 763 732 608 49 559 101 458 100 77 358 820 67 791 767 739 709 122 587 543 510 102 79 58 397 350 321
internal_count=2179 548 1631 811 763 732 608 49 559 101 458 100 77 358 820 67 791 767 739 709 122 587 543 510 102 79 58 397 350 321
is_linear=0
shrinkage=0.1


Tree=91
num_leaves=31
num_cat=0
split_feature=3 2 4 5 5 5 5 4 1 5 4 5 4 4 5 5 4 5 5 5 5 4 2 5 5 5 5 2 3 4
split_gain=0.129029 0.148035 0.194837 0.199022 0.178382 0.400742 0.150151 0.128299 0.235255 0.188941 0.162927 0.2432 0.114115 0.315727 0.132991 0.144546 0.218995 0.189723 0.313485 0.148989 0.121343 0.104795 0.0979214 0.175476 0.213334 0.174521 0.336831 0.142857 0.136558 0.242424
threshold=3.5000000000000004 11.500000000000002 7.5422720276070558 8.0212768612002119 17.437064335127356 15.210723955843749 8.4610108609415082 14.260145221225788 1.0000000180025095e-35 21.330314875979724 17.665851831632825 15.138060233080809 8.1559093318014657 8.2114772452009444 7.9072214911560748 8.0675735386944059 14.625589844292268 12.738824625000001 8.4610108609415082 13.993941867334057 14.222920799477965 7.524564635189992 9.5000000000000018 23.065325260182242 23.614247353693305 20.925408859001312 18.638511431250006 12.500000000000002 1.0000000180025095e-35 17.409325411106831
decision_type=2 2 2 2 2 2 2 2 2 2 2 2 2 2 2 2 2 2 2 2 2 2 2 2 2 2 2 2 2 2
left_child=12 2 -2 -4 5 -3 -5 -8 -9 10 11 -10 21 -14 -15 -16 17 18 -17 -19 -21 -1 28 25 -25 26 -24 -28 29 -18
right_child=1 4 3 6 -6 -7 7 8 9 -11 -12 -13 13 14 15 16 22 19 -20 20 -22 -23 23 24 -26 -27 27 -29 -30 -31
leaf_value=0.058692480070790469 -0.072945196619688846 -0.065838125614147022 0.010228050375395549 -0.061183739358590561 -0.033417958930835288 0.012004281848051343 0.0087312884310242755 -0.0007373972846754555 -0.00048980118296661896 0.008399931546307594 -0.048644772051447786 0.0078108312402259102 0.0025933818511739422 0.0033367812947601495 -0.0088255896904310353 0.03048168159401636 -0.0013467011092233468 0.0014407126597476567 -0.058873559013079828 -0.01125723901621341 0.0090131322826564799 -0.0020581694561107376 -0.00020003177257812171 0.068188115762172694 -0.045752061999637425 -0.0082331270731466066 0.00072731457295404668 0.20063515496414983 -0.0057795391240162003 0.010299190789699375
leaf_weight=21 28 27 39 43 59 22 26 93 21 20 30 26 24 36 91 29 25 29 70 28 51 192 596 31 26 215 36 28 187 30
leaf_count=21 28 27 39 43 59 22 26 93 21 20 30 26 24 36 91 29 25 29 70 28 51 192 596 31 26 215 36 28 187 30
internal_value=0.000369434 0.00191244 0.00297546 0.00372483 -0.0012963 0.00316326 0.00272201 0.0037963 0.00289474 0.0063402 0.00409091 0.00776596 -1.43278e-05 0.000287205 0.0001061 -4.07621e-05 0.000213612 0.00321256 5.05039e-05 0.00611111 0.00386076 -0.0021831 -0.000315163 0.000150213 0.00552631 -0.000200001 0.000606059 0.0075 -0.00210744 0.00227273
internal_weight=2179 434 326 298 108 49 259 216 190 97 77 47 1745 1532 1508 1472 1381 207 99 108 79 213 1174 932 57 875 660 64 242 55
internal_count=2179 434 326 298 108 49 259 216 190 97 77 47 1745 1532 1508 1472 1381 207 99 108 79 213 1174 932 57 875 660 64 242 55
is_linear=0
shrinkage=0.1


Tree=92
num_leaves=31
num_cat=0
split_feature=5 5 4 3 5 1 4 4 1 4 5 4 5 5 5 5 5 4 4 5 2 4 4 1 2 1 4 4 4 4
split_gain=0.168681 0.244206 0.332411 0.153709 0.121398 0.181363 0.154226 0.15528 0.15046 0.10793 0.366268 0.201548 0.400636 0.141008 0.10675 0.220666 0.315977 0.112013 0.0971391 0.0914683 0.114239 0.0906376 0.0895522 0.148458 0.130108 0.0875584 0.137074 0.0832282 0.0796303 0.242014
threshold=17.461852289105192 17.421147835318543 17.511520969895141 3.5000000000000004 15.126585997403495 1.0000000180025095e-35 8.5479729954916923 7.5422720276070558 1.0000000180025095e-35 8.1559093318014657 7.9124084390999991 14.7413709393212 12.738824625000001 14.189406503425344 8.0212768612002119 8.6347095093171315 8.1267633984212129 8.5890721954098623 17.444147608638612 15.170489740093009 12.500000000000002 7.524564635189992 15.260070326109242 1.0000000180025095e-35 10.500000000000002 1.0000000180025095e-35 15.339290287293109 16.773250739507059 17.223384112800058 17.326815694589431
decision_type=2 2 2 2 2 2 2 2 2 2 2 2 2 2 2 2 2 2 2 2 2 2 2 2 2 2 2 2 2 2
left_child=1 3 -3 9 6 -6 7 -5 -8 21 -11 12 14 -14 -12 16 17 -16 19 22 25 -1 23 -13 -25 26 -21 -27 -2 -30
right_child=28 2 -4 4 5 -7 8 -9 -10 10 11 18 13 -15 15 -17 -18 -19 -20 20 -22 -23 -24 24 -26 27 -28 -29 29 -31
leaf_value=0.052823232063711381 -0.019870473847170785 -0.0097905615602037459 0.0066080526417924409 -0.065650676957720019 0.0001556407081438345 0.010106601514601028 0.0058266551302538563 0.014179156154809093 -0.0028420904813764298 0.0030013737664714908 -0.019069976151988882 -0.013098546531355826 0.0014583668496943305 0.0048651796344191438 0.0012662455461369979 -0.051124280838019211 0.021458820153957083 -0.022269126477751491 -0.0036251508818641227 -0.024273532238443089 -0.18154693641883266 -0.0018523525104996116 -0.013626895786504143 -0.025381026869680079 0.0067837912893820747 0.017342174308544692 0.024087257272917148 -0.086397400884313469 0.018357059835728353 -0.0014156727383178862
leaf_weight=21 41 22 23 28 30 28 51 64 47 60 47 72 44 89 33 70 20 23 60 23 24 192 67 30 32 39 35 22 30 812
leaf_count=21 41 22 23 28 30 28 51 64 47 60 47 72 44 89 33 70 20 23 60 23 24 192 67 30 32 39 35 22 30 812
internal_value=0.000369434 0.00109568 0.00833333 0.000835331 0.00306451 0.00706896 0.0018421 0.00478261 -0.000918369 0.000284146 0.000822784 0.000205478 0.00205521 0.00627819 -0.000854923 0.000479451 0.00421053 0.000357142 -0.00128713 -0.000639536 0.00129371 -0.00171362 -0.00201493 -0.000522389 0.00306451 0.00256302 0.00534483 -8.19684e-05 -0.00069649 -0.000486937
internal_weight=2179 1296 45 1251 248 58 190 92 98 1003 790 730 326 133 193 146 76 56 404 344 143 213 201 134 62 119 58 61 883 842
internal_count=2179 1296 45 1251 248 58 190 92 98 1003 790 730 326 133 193 146 76 56 404 344 143 213 201 134 62 119 58 61 883 842
is_linear=0
shrinkage=0.1


Tree=93
num_leaves=31
num_cat=0
split_feature=4 0 3 5 5 4 3 4 5 5 4 2 4 4 4 4 4 4 3 5 1 5 4 3 5 4 4 1 5 2
split_gain=0.225176 0.198366 0.169035 0.147577 0.207781 0.148485 0.136066 0.187998 0.169196 0.143128 0.147448 0.13411 0.347931 0.426175 0.107498 0.164298 0.103368 0.22225 0.651232 0.0883636 0.1 0.0850231 0.125715 0.0922804 0.0833333 0.0782269 0.0779509 0.168511 0.16204 0.07547
threshold=14.751118591220747 1.5000000000000002 3.5000000000000004 8.0331495694369792 8.0117185127893737 8.4485437025064769 3.5000000000000004 17.520632892765949 10.956055933333335 17.451295077009402 15.339290287293109 9.5000000000000018 7.6123109890964491 8.2114772452009444 17.754344416624125 17.804346340848593 17.353262051597955 17.17972032120424 1.5000000000000002 13.684436888498499 1.0000000180025095e-35 7.8858941212356539 7.567321002717593 1.5000000000000002 14.398914561941007 15.572758255468667 14.036429049775316 1.0000000180025095e-35 14.314799005381655 10.500000000000002
decision_type=2 2 2 2 2 2 2 2 2 2 2 2 2 2 2 2 2 2 2 2 2 2 2 2 2 2 2 2 2 2
left_child=1 3 19 4 11 -6 8 9 -2 10 -8 12 -1 -14 16 -16 17 -10 -19 20 -3 22 -13 -24 -4 -12 27 -21 -28 -30
right_child=6 2 24 -5 5 -7 7 -9 14 -11 25 21 13 -15 15 -17 -18 18 -20 26 -22 -23 23 -25 -26 -27 28 -29 29 -31
leaf_value=-0.023089650942195516 0.0026858812864560769 0.0021616864497659874 -0.018742617890169622 -0.0011536668615321685 -0.0003124457145588033 0.0039971967582313446 0.0098676927327311127 -0.0003432190166979441 -0.0023355461863467162 0.023260643569556455 -0.1565515675529926 0.012048404603173959 0.012885422264904673 -0.0010545535499125506 0.0076362941564052577 -0.0034104185797373884 -0.0018777608722719914 0.13616101902462971 -0.0064414299879487855 0.0021907966690898509 0.019646104243489004 -0.00696347601328894 0.0099113010488867722 -0.087530776428872206 0.0019780793215517993 0.0018824900018700409 0.009735729151937756 -0.26578040250569918 -0.0064452991720515681 0.0034159722777255029
leaf_weight=43 24 20 24 250 24 20 29 157 339 24 20 23 25 31 34 502 182 21 43 25 20 87 23 26 24 39 21 22 23 34
leaf_count=43 24 20 24 250 24 20 29 157 339 24 20 23 25 31 34 502 182 21 43 25 20 87 23 26 24 39 21 22 23 34
internal_value=0.000415327 0.00179738 0.00438967 0.0007971 0.00228477 0.00863636 -0.000332392 0.00169145 -0.000807861 0.00482143 0.00295454 0.00120155 0.00409091 0.00928571 -0.000985728 3.73122e-05 -0.00192308 -0.00102978 0.004375 0.00590909 0.01 -0.000597485 0.00194444 -0.000918369 -0.000833335 8.47446e-05 0.0046 0.00138298 0.00653846 0.00377193
internal_weight=2179 765 213 552 302 44 1414 269 1145 112 88 258 99 56 1121 536 585 403 64 165 40 159 72 49 48 59 125 47 78 57
internal_count=2179 765 213 552 302 44 1414 269 1145 112 88 258 99 56 1121 536 585 403 64 165 40 159 72 49 48 59 125 47 78 57
is_linear=0
shrinkage=0.1


Tree=94
num_leaves=31
num_cat=0
split_feature=5 5 5 5 4 4 5 5 1 3 5 4 5 0 3 4 4 5 5 2 3 2 4 5 5 5 1 5 1 1
split_gain=0.221733 0.229365 0.144304 0.298765 0.135645 0.128504 0.16369 0.111678 0.142874 0.106535 0.194537 0.214105 0.181998 0.163466 0.184836 0.232186 0.184586 0.158398 0.210097 0.185629 0.253295 0.130258 0.104207 0.103175 0.0995671 0.090431 0.181363 0.137662 0.142571 0.0883175
threshold=17.461852289105192 17.428742986831036 7.8425892638526928 7.3630219833333346 17.743853269577695 17.858397698527522 20.893804697879254 17.63673691248847 1.0000000180025095e-35 3.5000000000000004 17.37220656832211 14.789605174258247 7.9897162130585526 2.5000000000000004 1.5000000000000002 14.596612629036514 14.676416191547522 8.0407843482211785 8.0212768612002119 9.5000000000000018 2.5000000000000004 10.500000000000002 7.6123109890964491 20.959092680146352 17.601048098108844 15.126585997403495 1.0000000180025095e-35 8.1672464920682746 1.0000000180025095e-35 1.0000000180025095e-35
decision_type=2 2 2 2 2 2 2 2 2 2 2 2 2 2 2 2 2 2 2 2 2 2 2 2 2 2 2 2 2 2
left_child=1 2 3 -1 9 -2 7 24 -9 10 11 13 -11 17 16 21 -15 18 19 20 22 -16 -4 -8 -7 27 -27 -14 -29 -25
right_child=5 -3 4 -5 -6 6 23 8 -10 12 -12 -13 25 14 15 -17 -18 -19 -20 -21 -22 -23 -24 29 -26 26 -28 28 -30 -31
leaf_value=-0.017066007870030871 -0.0012303147200243413 0.004104898800192709 0.00042537980861298547 0.0071124268008223709 -0.061173588035168203 0.0028310627090348105 -0.038365277370370536 0.0025761697359817023 0.0051502587636191033 -0.0056456753524614135 0.024735956970415307 -0.0019700144691291027 0.015590055608251089 9.7287097958757851e-05 -0.00049365256380672691 -0.044854422304166641 0.011890746092703134 -0.001145942570199875 0.0011520128111514743 -0.0039718453937113108 -0.025416564777485624 0.0064360875771302594 0.0085214733544269061 -0.0059778383001730349 -0.16057099584356468 -0.00040750676180015114 0.0086282100103582098 0.0059554939295553052 -0.0029710683227103323 0.0030116607727178964
leaf_weight=45 332 36 24 36 43 21 55 40 23 27 20 310 30 28 50 39 33 199 26 101 20 36 29 193 23 30 28 54 52 196
leaf_count=45 332 36 24 36 43 21 55 40 23 27 20 310 30 28 50 39 33 199 26 101 20 36 29 193 23 30 28 54 52 196
internal_value=0.000185864 0.00101852 0.00079365 0.00487654 0.000513146 -0.00103624 -9.98197e-05 0.00341121 0.00611111 0.00072183 0.0002459 2.79318e-05 0.00269231 0.00115384 0.00360215 0.0014 0.00811475 1.25301e-05 0.002 0.000747125 0.00458904 0.00430232 0.00820755 -0.000945947 -0.000454547 0.00376289 0.00706896 0.00235294 0.000660376 -0.000372752
internal_weight=2179 1296 1260 81 1179 883 551 107 63 1136 915 895 221 585 186 125 61 399 200 174 73 86 53 444 44 194 58 136 106 389
internal_count=2179 1296 1260 81 1179 883 551 107 63 1136 915 895 221 585 186 125 61 399 200 174 73 86 53 444 44 194 58 136 106 389
is_linear=0
shrinkage=0.1


Tree=95
num_leaves=31
num_cat=0
split_feature=5 4 3 5 2 3 4 4 4 5 2 5 5 2 4 4 4 5 5 5 4 5 5 4 5 1 5 4 4 4
split_gain=0.167745 0.169542 0.134965 0.177669 0.142274 0.132853 0.154791 0.356121 0.131 0.0980745 0.0949593 0.0925203 0.173012 0.136752 0.148644 0.183154 0.145004 0.101698 0.0925099 0.29203 0.102551 0.126675 0.152106 0.229466 0.16 0.0918367 0.0914179 0.148761 0.322689 0.0965074
threshold=17.461852289105192 20.604012224128997 3.5000000000000004 17.402898575245519 12.500000000000002 1.5000000000000002 14.789605174258247 14.676416191547522 17.698233879917414 15.419024865833334 12.500000000000002 20.893804697879254 20.766763772227211 12.500000000000002 17.933972198847581 17.858397698527522 17.762594458761729 20.959092680146352 15.170489740093009 15.126585997403495 14.260145221225788 8.4610108609415082 8.1672464920682746 7.6810434633312257 7.9811521856134719 1.0000000180025095e-35 7.8623845497699003 8.1931745393710909 8.4167333121080912 8.5096759620854154
decision_type=2 2 2 2 2 2 2 2 2 2 2 2 2 2 2 2 2 2 2 2 2 2 2 2 2 2 2 2 2 2
left_child=1 2 3 4 5 6 7 26 -2 -7 18 12 13 14 15 16 -10 -13 19 20 21 22 23 -4 -25 -19 -1 -28 -29 -30
right_child=8 -3 10 -5 -6 9 -8 -9 11 -11 -12 17 -14 -15 -16 -17 -18 25 -20 -21 -22 -23 -24 24 -26 -27 27 28 29 -31
leaf_value=0.0015893159188270858 -0.0026547207361428682 0.0036438131066770883 -0.034913472520842009 0.0050665474310870873 -0.013234845545042333 -0.0007609443780899973 -0.0003975335379384035 0.010578265046791345 0.007684940533535663 0.033444449129165346 0.0066137851229333107 -0.0345287496333338 0.017380213405877056 -0.013218096593994528 -0.076403966283654215 0.0098318241309902979 -0.0019052127855902217 -0.0054193823441458407 -0.0026331461460469305 0.0052652540522603224 -0.0022811175345716999 0.0061102485306142413 -0.065445870939779632 0.0015064883823394449 0.017090704399740305 0.0027104946954458107 -0.0030704004906563155 0.0054237980621537575 -0.061925500067979714 0.0020139971146412496
leaf_weight=24 240 20 37 21 54 490 148 34 25 31 31 55 40 39 25 25 42 196 39 21 43 29 28 25 20 196 96 20 21 64
leaf_count=24 240 20 37 21 54 490 148 34 25 31 31 55 40 39 25 25 42 196 39 21 43 29 28 25 20 196 96 20 21 64
internal_value=0.000139971 0.000864196 0.000721002 0.000184445 -1.01845e-05 0.000280171 0.00163391 0.00310811 -0.000922991 -0.000777352 0.00269231 -0.00017885 0.00163265 0.000128204 0.00183761 0.00369565 0.000970148 -0.000973156 0.00202479 0.00288177 0.00159341 0.00291367 0.00136364 0.00353658 0.00833333 -0.000408164 0.00166667 0.000970148 0.00357143 0.000882352
internal_weight=2179 1296 1276 1003 982 928 407 259 883 521 273 643 196 156 117 92 67 447 242 203 182 139 110 82 45 392 225 201 105 85
internal_count=2179 1296 1276 1003 982 928 407 259 883 521 273 643 196 156 117 92 67 447 242 203 182 139 110 82 45 392 225 201 105 85
is_linear=0
shrinkage=0.1


Tree=96
num_leaves=31
num_cat=0
split_feature=3 5 2 1 4 5 5 5 5 4 5 5 5 5 4 5 5 4 4 2 2 5 4 5 5 4 4 5 5 4
split_gain=0.170259 0.13215 0.113705 0.0938832 0.161875 0.134179 0.49 0.115207 0.103292 0.124957 0.376923 0.0897436 0.0815197 0.154198 0.194613 0.118763 0.0813066 0.136338 0.190377 0.0921886 0.166781 0.0767699 0.20432 0.0750775 0.0755728 0.0767347 0.110546 0.265335 0.286081 0.115102
threshold=3.5000000000000004 22.214540239447736 13.500000000000002 1.0000000180025095e-35 7.642826414045083 7.9296046805134557 8.0407843482211785 23.350410339097227 21.690618779787187 20.624615056151168 20.878554373672518 21.040815150554661 8.1452772889218128 11.316286286296299 8.618988160262008 7.8858941212356539 21.513656531479807 17.914117039176382 17.732789507572232 12.500000000000002 11.500000000000002 14.295505232021354 14.596612629036514 20.949966580083771 17.658138610363899 7.6566189077727076 14.725939483042868 13.573254646218489 14.295505232021354 8.5890721954098623
decision_type=2 2 2 2 2 2 2 2 2 2 2 2 2 2 2 2 2 2 2 2 2 2 2 2 2 2 2 2 2 2
left_child=3 2 16 8 5 -5 -7 12 9 23 -11 -12 15 14 -14 -6 17 18 19 20 -2 -15 -23 24 25 -1 27 29 -29 -27
right_child=1 -3 -4 4 7 6 -8 -9 -10 10 11 -13 13 21 -16 -17 -18 -19 -20 -21 -22 22 -24 -25 -26 26 -28 28 -30 -31
leaf_value=-0.086896629317296206 0.0036324327022381588 -0.082515347353671747 -0.052057959770488785 -0.011285579122479447 0.0078811452166483061 0.016546120120261 -0.0023694211642886517 0.0045801927117481078 -0.0052264363426034414 0.024532620383208005 -0.39566503219063653 0.00031017031210162468 -0.00081172999790345146 -0.0020165686064586691 0.0044917665078455576 -0.0060020142607518168 0.086928597844032229 -0.016876396438476871 0.0020666439719121007 0.0082004541991493908 -0.16331422043066576 0.0084668601125961838 -0.0001484434215128328 0.049240519650519246 -0.078517772433558966 0.00055844433431467822 -0.0017110168190362235 0.0087545268571248211 -0.011675559784626354 -0.053327971560019873
leaf_weight=82 244 26 20 38 25 20 25 26 102 20 28 24 27 67 33 72 22 45 24 22 31 20 511 20 49 100 351 33 25 47
leaf_count=82 244 26 20 38 25 20 25 26 102 20 28 24 27 67 33 72 22 45 24 22 31 20 511 20 49 100 351 33 25 47
internal_value=0.000139971 0.00191244 0.00235294 -0.000300861 0.000439814 0.00463855 0.00833333 -6.40324e-06 -0.00102724 -0.000635431 0.00333333 -0.00115385 -0.000231789 0.000167172 0.005 -0.00293815 0.00273196 0.00237705 0.00309969 0.00240741 0.00190909 -0.000317727 8.47446e-05 -0.00103961 -0.00121543 -0.000924766 -0.000503598 0.00134146 0.00706896 -0.000918369
internal_weight=2179 434 408 1745 864 83 45 781 881 779 72 52 755 658 60 97 388 366 321 297 275 598 531 707 687 638 556 205 58 147
internal_count=2179 434 408 1745 864 83 45 781 881 779 72 52 755 658 60 97 388 366 321 297 275 598 531 707 687 638 556 205 58 147
is_linear=0
shrinkage=0.1


Tree=97
num_leaves=31
num_cat=0
split_feature=5 4 2 2 5 5 1 4 5 5 4 2 4 4 2 5 5 4 2 2 4 4 4 3 2 4 2 5 5 4
split_gain=0.134236 0.200449 0.198412 0.200114 0.134608 0.260173 0.0937918 0.118838 0.116151 0.0960031 0.20331 0.102043 0.094065 0.0815948 0.124229 0.103732 0.135267 0.290836 0.0812884 0.169683 0.0798185 0.0888991 0.071573 0.0780679 0.278642 0.130859 0.0720001 0.119698 0.237542 0.105825
threshold=7.892862858404742 8.1755555262695534 10.500000000000002 9.5000000000000018 7.9612264240396424 7.9944035223765191 1.0000000180025095e-35 22.243213547859419 8.0268590620283824 9.3722974925000013 14.260145221225788 9.5000000000000018 8.5479729954916923 21.396082200610937 13.500000000000002 14.959953975510109 15.187858021025077 15.586667211208335 11.500000000000002 10.500000000000002 20.858280292378833 20.491858216648414 23.233825698598146 1.0000000180025095e-35 9.5000000000000018 22.031919702771212 9.5000000000000018 8.0571946510690733 8.5389133843137284 9.2005625012115164
decision_type=2 2 2 2 2 2 2 2 2 2 2 2 2 2 2 2 2 2 2 2 2 2 2 2 2 2 2 2 2 2
left_child=1 2 3 -1 -2 -6 7 9 -8 12 -11 -12 -7 15 -15 18 -17 -18 19 -13 21 -19 23 24 -10 26 -25 -28 -29 -30
right_child=4 -3 -4 -5 5 6 8 -9 22 10 11 13 -14 14 -16 16 17 20 -20 -21 -22 -23 -24 25 -26 -27 27 28 29 -31
leaf_value=0.0024444435268570503 -0.0053301600344371263 -0.00043477891726348731 0.028251780787960024 -0.0087923462018019202 0.020555049346736565 -0.02891479276405054 0.0014091543284462365 -0.0044776850557996795 0.0058861475965352843 0.0057452297033437297 -0.0043283111775711371 0.035816625447073522 -0.014995345577817957 0.012779457721207255 0.13020391976145929 -0.015787435420143409 0.010360130910047623 -0.001564101991183702 0.0023904483355574597 -0.21548643568739023 -0.079661804262171079 0.0012083551752047601 0.050435112758205829 -0.00070160568983791271 -0.0057037834318939863 -0.041329414043022129 -0.028421050033858621 0.0093014447965737192 -0.084040526290084169 0.0027388646338122953
leaf_weight=27 90 56 20 32 27 84 24 62 37 69 144 26 57 38 20 69 27 250 23 25 43 31 29 185 117 38 26 24 24 455
leaf_count=27 90 56 20 32 27 84 24 62 37 69 144 26 57 38 20 69 27 250 23 25 43 31 29 185 117 38 26 24 24 455
internal_value=9.40787e-05 0.00314815 0.0063924 0.00347458 -0.000107633 6.6529e-05 -7.00583e-05 -0.000764464 0.000630864 -0.000474615 -3.26809e-05 -0.000545978 -0.00287234 7.24626e-05 0.00362069 -0.000344131 -0.000952382 -0.000156696 0.00310811 0.000882352 -0.000987656 -0.000373667 0.000454544 0.000298012 -0.00175325 0.000718084 0.00102241 0.00161626 0.00195825 0.00147182
internal_weight=2179 135 79 59 2044 1954 1927 968 959 906 765 696 141 552 58 494 420 351 74 51 324 281 935 906 154 752 714 529 503 479
internal_count=2179 135 79 59 2044 1954 1927 968 959 906 765 696 141 552 58 494 420 351 74 51 324 281 935 906 154 752 714 529 503 479
is_linear=0
shrinkage=0.1


Tree=98
num_leaves=31
num_cat=0
split_feature=5 4 4 4 4 3 3 4 4 5 4 4 4 5 1 2 5 5 4 0 5 4 2 5 2 5 5 5 5 2
split_gain=0.230652 0.184407 0.471889 0.232471 0.13392 0.110033 0.185257 0.132128 0.22305 0.144176 0.188907 0.164783 0.141564 0.127235 0.167389 0.100649 0.100551 0.154589 0.278246 0.123188 0.167659 0.107515 0.275016 0.0923077 0.0908688 0.177114 0.44583 0.113145 0.399356 0.0897637
threshold=17.576046361396525 17.732789507572232 17.797202492205422 20.604012224128997 17.420835571396015 3.5000000000000004 1.5000000000000002 17.079090907451004 15.556599819641656 14.802116892745781 14.7413709393212 8.5786883504863258 14.861596172451391 8.0293670147058354 1.0000000180025095e-35 9.5000000000000018 17.621355012700022 17.662107457449647 17.520632892765949 1.5000000000000002 20.878554373672518 20.545666217824643 12.500000000000002 17.63673691248847 10.500000000000002 8.6347095093171315 8.0675735386944059 7.9612264240396424 8.0407843482211785 12.500000000000002
decision_type=2 2 2 2 2 2 2 2 2 2 2 2 2 2 2 2 2 2 2 2 2 2 2 2 2 2 2 2 2 2
left_child=1 4 -3 -4 5 6 7 8 9 10 11 13 -11 14 -1 -13 -2 18 -18 20 -19 22 -22 -20 25 26 27 -8 -29 -7
right_child=16 2 3 -5 -6 29 24 -9 -10 12 -12 15 -14 -15 -16 -17 17 19 23 -21 21 -23 -24 -25 -26 -27 -28 28 -30 -31
leaf_value=-0.0098854661202263956 -0.011279648508310161 0.0045150696391498763 -0.063273601551530778 0.0029385096329564348 -0.0013132746797671346 0.0037740622109576822 -0.02095440247921395 0.00061358335334184494 -0.014984344484110464 0.0097889622963451377 -0.038927716019380734 0.00027633678780664139 0.0079727563226799705 -0.014931890514449221 0.0017420041428394513 0.0058254634162926483 0.037470218509394373 0.070728864727466742 -0.0048957862575809211 -0.058612901479098881 -0.008792794259752849 -0.0041445967818609947 0.0055818847150232572 0.0043327696849580549 0.00050033174910623366 -0.0096112281410812243 0.022818058363829819 0.021313546297058766 -0.03954343201862201 0.0073563053895501678
leaf_weight=50 128 28 47 20 65 241 73 29 43 41 38 26 38 71 59 31 31 36 26 68 39 384 25 39 212 196 20 23 31 21
leaf_count=50 128 28 47 20 65 241 73 29 43 41 38 26 38 71 59 31 31 36 26 68 39 384 25 39 212 196 20 23 31 21
internal_value=0.000507112 0.00127227 0.00552631 0.000970148 0.000963302 0.00119469 0.00070846 0.00227699 0.00180101 0.00262712 0.00154545 0.00259494 0.0063924 0.00111111 0.00325688 0.0072807 -0.00087629 -0.000370372 0.00333333 -0.00101449 -0.000454547 -0.000982144 0.0028125 -0.000384617 -0.000495497 -0.00150146 0.00112245 -0.00106299 0.00240741 0.00301527
internal_weight=2179 1403 95 67 1308 1243 981 426 397 354 275 237 79 180 109 57 776 648 96 552 484 448 64 65 555 343 147 127 54 262
internal_count=2179 1403 95 67 1308 1243 981 426 397 354 275 237 79 180 109 57 776 648 96 552 484 448 64 65 555 343 147 127 54 262
is_linear=0
shrinkage=0.1


Tree=99
num_leaves=31
num_cat=0
split_feature=5 2 4 4 4 5 3 5 2 5 4 5 5 2 4 5 5 2 0 4 5 5 4 4 4 5 4 5 5 5
split_gain=0.2678 0.169395 0.199805 0.289941 0.152877 0.149956 0.171237 0.143957 0.12067 0.3616 0.131352 0.102714 0.266783 0.327381 0.133333 0.101986 0.110384 0.100914 0.0989899 0.110728 0.0965972 0.104217 0.2 0.177778 0.132497 0.207528 0.204075 0.379842 0.112988 0.173874
threshold=17.674119020352393 13.500000000000002 17.721259132982748 17.762594458761729 17.420835571396015 17.461852289105192 1.5000000000000002 17.63673691248847 12.500000000000002 23.065325260182242 21.565024235685801 7.892862858404742 7.3630219833333346 9.5000000000000018 7.5772943024752992 17.611349546148872 17.571499862113807 11.500000000000002 1.5000000000000002 20.545666217824643 7.9612264240396424 8.0331495694369792 8.4693291139919573 7.671673155046471 7.5368629258351563 8.1452772889218128 8.2383828358262203 8.4610108609415082 8.5389133843137284 12.738824625000001
decision_type=2 2 2 2 2 2 2 2 2 2 2 2 2 2 2 2 2 2 2 2 2 2 2 2 2 2 2 2 2 2
left_child=1 2 4 -4 11 6 -5 -7 -2 10 18 12 -1 -14 -15 16 20 -6 19 -10 -13 22 23 -22 -23 -26 27 -27 -28 -30
right_child=8 -3 3 5 17 7 -8 -9 9 -11 -12 15 13 14 -16 -17 -18 -19 -20 -21 21 24 -24 -25 25 26 28 -29 29 -31
leaf_value=-0.023316412569779971 -0.0040175162232315475 -0.014290682221221313 0.001472650281915581 -0.0135345130321236 -0.0022759001471868048 -0.010051703127139213 0.0045461961115221714 0.0053313186485951843 0.045761841098198724 0.10447664555743326 -0.03555728137090116 -0.0038817118893623537 0.0020601530924631694 0.013359527779751879 -0.003426236791578538 0.050425114429114376 -0.049644861268034156 0.0117831220411099 -0.075358617311029635 0.0038044011648449062 0.0026474610166792537 0.016194014665391967 0.0078341403698071604 -0.016033830576731235 -0.012570484487620987 -0.012563509434406112 0.0024282271196054083 0.0054519410783078655 -0.012715224262062105 0.00073084886850086485
leaf_weight=39 366 64 25 26 86 75 20 23 32 22 46 90 28 20 40 23 27 42 20 58 36 21 30 24 101 23 33 22 94 623
leaf_count=39 366 64 25 26 86 75 20 23 32 22 46 90 28 20 40 23 27 42 20 58 36 21 30 24 101 23 33 22 94 623
internal_value=0.000966038 0.0016055 0.00181095 0.00505917 0.0014194 0.00333333 0.00804348 0.00112245 -0.000955884 0.00117977 -0.000512822 0.00175039 0.00444882 0.0075 0.00333333 0.00145161 0.00131672 -0.001875 0.00136364 0.00277778 0.0014722 0.00175273 0.005 0.00166667 0.00143402 0.00125 0.00179245 0.00833333 0.0014 0.00113668
internal_weight=2179 1635 1571 169 1402 144 46 98 544 178 156 1274 127 88 60 1147 1124 128 110 90 1097 1007 90 60 917 896 795 45 750 717
internal_count=2179 1635 1571 169 1402 144 46 98 544 178 156 1274 127 88 60 1147 1124 128 110 90 1097 1007 90 60 917 896 795 45 750 717
is_linear=0
shrinkage=0.1


end of trees

feature_importances:
pat_historical_dur=1099
doc_shrunk_avg=1094
day_of_week=308
hour=306
type_encoded=142
department_encoded=50

parameters:
[boosting: gbdt]
[objective: quantile]
[metric: quantile]
[tree_learner: serial]
[device_type: cpu]
[data_sample_strategy: bagging]
[data: ]
[valid: ]
[num_iterations: 100]
[learning_rate: 0.1]
[num_leaves: 31]
[num_threads: 10]
[seed: 0]
[deterministic: 0]
[force_col_wise: 0]
[force_row_wise: 0]
[histogram_pool_size: -1]
[max_depth: -1]
[min_data_in_leaf: 20]
[min_sum_hessian_in_leaf: 0.001]
[bagging_fraction: 1]
[pos_bagging_fraction: 1]
[neg_bagging_fraction: 1]
[bagging_freq: 0]
[bagging_seed: 3]
[bagging_by_query: 0]
[feature_fraction: 1]
[feature_fraction_bynode: 1]
[feature_fraction_seed: 2]
[extra_trees: 0]
[extra_seed: 6]
[early_stopping_round: 0]
[early_stopping_min_delta: 0]
[first_metric_only: 0]
[max_delta_step: 0]
[lambda_l1: 0]
[lambda_l2: 0]
[linear_lambda: 0]
[min_gain_to_split: 0]
[drop_rate: 0.1]
[max_drop: 50]
[skip_drop: 0.5]
[xgboost_dart_mode: 0]
[uniform_drop: 0]
[drop_seed: 4]
[top_rate: 0.2]
[other_rate: 0.1]
[min_data_per_group: 100]
[max_cat_threshold: 32]
[cat_l2: 10]
[cat_smooth: 10]
[max_cat_to_onehot: 4]
[top_k: 20]
[monotone_constraints: ]
[monotone_constraints_method: basic]
[monotone_penalty: 0]
[feature_contri: ]
[forcedsplits_filename: ]
[refit_decay_rate: 0.9]
[cegb_tradeoff: 1]
[cegb_penalty_split: 0]
[cegb_penalty_feature_lazy: ]
[cegb_penalty_feature_coupled: ]
[path_smooth: 0]
[interaction_constraints: ]
[verbosity: 1]
[saved_feature_importance_type: 0]
[use_quantized_grad: 0]
[num_grad_quant_bins: 4]
[quant_train_renew_leaf: 0]
[stochastic_rounding: 1]
[linear_tree: 0]
[max_bin: 255]
[max_bin_by_feature: ]
[min_data_in_bin: 3]
[bin_construct_sample_cnt: 200000]
[data_random_seed: 1]
[is_enable_sparse: 1]
[enable_bundle: 1]
[use_missing: 1]
[zero_as_missing: 0]
[feature_pre_filter: 1]
[pre_partition: 0]
[two_round: 0]
[header: 0]
[label_column: ]
[weight_column: ]
[group_column: ]
[ignore_column: ]
[categorical_feature: ]
[forcedbins_filename: ]
[precise_float_parser: 0]
[parser_config_file: ]
[objective_seed: 5]
[num_class: 1]
[is_unbalance: 0]
[scale_pos_weight: 1]
[sigmoid: 1]
[boost_from_average: 1]
[reg_sqrt: 0]
[alpha: 0.95]
[fair_c: 1]
[poisson_max_delta_step: 0.7]
[tweedie_variance_power: 1.5]
[lambdarank_truncation_level: 30]
[lambdarank_norm: 1]
[label_gain: ]
[lambdarank_position_bias_regularization: 0]
[eval_at: ]
[multi_error_top_k: 1]
[auc_mu_weights: ]
[num_machines: 1]
[local_listen_port: 12400]
[time_out: 120]
[machine_list_filename: ]
[machines: ]
[gpu_platform_id: -1]
[gpu_device_id: -1]
[gpu_device_id_list: ]
[gpu_use_dp: 0]
[num_gpu: 1]

end of parameters

pandas_categorical:[]
