tree
version=v4
num_class=1
num_tree_per_iteration=1
label_index=0
max_feature_idx=5
objective=quantile
feature_names=department_encoded type_encoded hour day_of_week doc_shrunk_avg pat_historical_dur
feature_infos=[0:3] [0:1] [9:16] [0:4] [6.6778384499999985:30.514829083333332] [4.4678697500000002:35.251340666666671]
tree_sizes=726 764 763 857 943 942 942 943 941 945 937 937 939 940 939 1027 1111 1111 1028 1022 1027 1112 1026 945 1114 1118 1034 1122 1210 1118 1037 1031 1030 1031 1124 1120 1212 1212 1125 1121 1122 1210 1212 1216 1215 1122 1121 1213 1213 1213 1216 1210 1307 1219 1210 1133 1124 1219 1213 1220 1307 1211 1214 1213 1215 1212 1216 1212 1221 1307 1310 1311 1315 1393 1220 1125 1130 1038 1218 1219 1392 1296 1221 1208 1136 1307 1216 1124 1316 1217 1304 1210 1303 1214 1221 1300 1307 1305 1306 1296

Tree=0
num_leaves=7
num_cat=0
split_feature=0 1 1 5 0 5
split_gain=19.4239 7.78176 1.97519 2.39761 0.643419 0.0260182
threshold=1.0000000180025095e-35 1.0000000180025095e-35 1.0000000180025095e-35 12.806331670833336 2.5000000000000004 17.511953692671309
decision_type=2 2 2 2 2 2
left_child=1 -1 -2 -4 5 -5
right_child=2 -3 3 4 -6 -7
leaf_value=25.932154084880949 25.413352714233177 26.417645182657861 25.1922747063835 25.843282154891902 25.797134226400885 25.868098658976294
leaf_weight=195 631 194 234 103 177 100
leaf_count=195 631 194 234 103 177 100
internal_value=25.8136 25.8234 25.8106 25.8126 25.8151 25.817
internal_weight=1634 389 1245 614 380 203
internal_count=1634 389 1245 614 380 203
is_linear=0
shrinkage=1


Tree=1
num_leaves=7
num_cat=0
split_feature=0 1 1 4 0 5
split_gain=17.5251 6.43304 1.81904 2.19099 0.413081 0.042458
threshold=1.0000000180025095e-35 1.0000000180025095e-35 1.0000000180025095e-35 12.779635423862782 2.5000000000000004 17.511953692671309
decision_type=2 2 2 2 2 2
left_child=1 -1 -2 -4 5 -5
right_child=2 -3 3 4 -6 -7
leaf_value=0.11260955965301492 -0.38025174246236698 0.57382610254108168 -0.62877402351238632 0.026431881874275476 -0.01437110894032685 0.051756905043592386
leaf_weight=195 631 194 227 107 180 100
leaf_count=195 631 194 227 107 180 100
internal_value=-0.000134558 0.00911538 -0.0030297 -0.00108943 0.00119845 0.00271634
internal_weight=1634 389 1245 614 387 207
internal_count=1634 389 1245 614 387 207
is_linear=0
shrinkage=0.05


Tree=2
num_leaves=7
num_cat=0
split_feature=0 1 1 5 5 4
split_gain=16.7929 5.92945 1.81904 2.21544 0.236348 0.174572
threshold=1.0000000180025095e-35 1.0000000180025095e-35 1.0000000180025095e-35 14.362870865864307 10.047943921666667 17.415537861126889
decision_type=2 2 2 2 2 2
left_child=1 -1 -2 4 -4 -5
right_child=2 -3 3 5 -6 -7
leaf_value=0.1069790816703641 -0.36123915533924866 0.54513479741402759 -0.63007070598692438 0.014466542024270676 -0.085849226041476712 0.079199854870384279
leaf_weight=195 631 194 212 197 101 104
leaf_count=195 631 194 212 197 101 104
internal_value=-0.00019572 0.00885897 -0.0030297 -0.00108943 -0.00402866 0.0019702
internal_weight=1634 389 1245 614 313 301
internal_count=1634 389 1245 614 313 301
is_linear=0
shrinkage=0.05


Tree=3
num_leaves=8
num_cat=0
split_feature=0 1 1 4 4 4 2
split_gain=14.4788 4.98433 1.82132 2.28346 0.35318 0.0228018 0.0118665
threshold=1.0000000180025095e-35 1.0000000180025095e-35 1.0000000180025095e-35 12.779635423862782 17.068184556441302 14.890656930694597 11.500000000000002
decision_type=2 2 2 2 2 2 2
left_child=1 -1 6 -4 5 -5 -2
right_child=2 -3 3 4 -6 -7 -8
leaf_value=0.10163012758684592 -0.37132971013189525 0.51787805754332616 -0.56872760003995393 0.0027128095488624521 0.051383847745229264 -0.0066356269692319312 -0.29768639904431016
leaf_weight=195 479 194 227 110 175 102 152
leaf_count=195 479 194 227 110 175 102 152
internal_value=-0.000318044 0.00808974 -0.00294944 -0.00100813 0.00132732 -4.69495e-05 -0.00483386
internal_weight=1634 389 1245 614 387 212 631
internal_count=1634 389 1245 614 387 212 631
is_linear=0
shrinkage=0.05


Tree=4
num_leaves=9
num_cat=0
split_feature=0 1 1 4 4 4 5 5
split_gain=12.1238 3.91814 1.74672 2.28346 0.35318 0.0228018 0.0212429 0.0360749
threshold=1.0000000180025095e-35 1.0000000180025095e-35 1.0000000180025095e-35 12.779635423862782 17.068184556441302 14.890656930694597 16.263562344318185 17.544388699806856
decision_type=2 2 2 2 2 2 2 2
left_child=1 -1 6 -4 5 -5 -2 -8
right_child=2 -3 3 4 -6 -7 7 -9
leaf_value=0.096548621207503696 -0.41950335097719726 0.4919841546661598 -0.54029122003795627 0.0025771690714192414 0.048814655357967855 -0.0063038456207703628 -0.18272346636933873 -0.26315941240056534
leaf_weight=195 425 194 227 110 175 102 103 103
leaf_count=195 425 194 227 110 175 102 103 103
internal_value=-0.00050153 0.00719231 -0.00290931 -0.00100813 0.00132732 -4.69495e-05 -0.00475475 -0.00425121
internal_weight=1634 389 1245 614 387 212 631 206
internal_count=1634 389 1245 614 387 212 631 206
is_linear=0
shrinkage=0.05


Tree=5
num_leaves=9
num_cat=0
split_feature=0 1 1 4 4 2 5 5
split_gain=11.4041 3.72061 1.59792 2.10042 0.348727 0.148914 0.0212429 0.0360749
threshold=1.0000000180025095e-35 1.0000000180025095e-35 1.0000000180025095e-35 12.779635423862782 17.245186611021783 10.500000000000002 16.263562344318185 17.544388699806856
decision_type=2 2 2 2 2 2 2 2
left_child=1 -1 6 -4 5 -5 -2 -8
right_child=2 -3 3 4 -6 -7 7 -9
leaf_value=0.091721190147128526 -0.3985281834283374 0.46738494693285182 -0.51327665903605835 -0.015817858524740994 0.072932224314209121 0.021229080055916644 -0.17358729305087178 -0.25000144178053713
leaf_weight=195 425 194 227 112 143 132 103 103
leaf_count=195 425 194 227 112 143 132 103 103
internal_value=-0.000654435 0.00680769 -0.00298957 -0.00117073 0.00106959 -8.16338e-05 -0.00475475 -0.00425121
internal_weight=1634 389 1245 614 387 244 631 206
internal_count=1634 389 1245 614 387 244 631 206
is_linear=0
shrinkage=0.05


Tree=6
num_leaves=9
num_cat=0
split_feature=0 1 1 4 4 2 5 5
split_gain=11.1076 3.52778 1.59792 2.10042 0.348727 0.148914 0.0212429 0.0360749
threshold=1.0000000180025095e-35 1.0000000180025095e-35 1.0000000180025095e-35 12.779635423862782 17.245186611021783 10.500000000000002 16.263562344318185 17.544388699806856
decision_type=2 2 2 2 2 2 2 2
left_child=1 -1 6 -4 5 -5 -2 -8
right_child=2 -3 3 4 -6 -7 7 -9
leaf_value=0.087135130639772032 -0.37860177425692054 0.44401569958620918 -0.48761282608425544 -0.01502696559850393 0.069285613098498719 0.020167626053120776 -0.16490792839832819 -0.23750136969151026
leaf_weight=195 425 194 227 112 143 132 103 103
leaf_count=195 425 194 227 112 143 132 103 103
internal_value=-0.000685016 0.00667949 -0.00298957 -0.00117073 0.00106959 -8.16338e-05 -0.00475475 -0.00425121
internal_weight=1634 389 1245 614 387 244 631 206
internal_count=1634 389 1245 614 387 244 631 206
is_linear=0
shrinkage=0.05


Tree=7
num_leaves=9
num_cat=0
split_feature=0 1 1 5 5 2 5 5
split_gain=11.1076 3.52778 1.59792 1.9428 0.291851 0.0637609 0.0212429 0.0360749
threshold=1.0000000180025095e-35 1.0000000180025095e-35 1.0000000180025095e-35 10.442003641666668 16.586670270460711 10.500000000000002 16.263562344318185 17.544388699806856
decision_type=2 2 2 2 2 2 2 2
left_child=1 -1 6 -4 5 -5 -2 -8
right_child=2 -3 3 4 -6 -7 7 -9
leaf_value=0.082778374107783395 -0.35967168554407447 0.42181491460689868 -0.49314749625993387 -0.01696312713458532 0.041732949475994374 0.010868569097989372 -0.15666253197841176 -0.22562630120693472
leaf_weight=195 425 194 216 106 183 109 103 103
leaf_count=195 425 194 216 106 183 109 103 103
internal_value=-0.000685016 0.00667949 -0.00298957 -0.00117073 0.000902254 -0.000347223 -0.00475475 -0.00425121
internal_weight=1634 389 1245 614 398 215 631 206
internal_count=1634 389 1245 614 398 215 631 206
is_linear=0
shrinkage=0.05


Tree=8
num_leaves=9
num_cat=0
split_feature=0 1 1 5 4 2 5 5
split_gain=9.32575 2.47855 1.6715 2.0266 0.323988 0.106194 0.0212429 0.0360749
threshold=1.0000000180025095e-35 1.0000000180025095e-35 1.0000000180025095e-35 10.442003641666668 17.184407044911072 10.500000000000002 16.263562344318185 17.544388699806856
decision_type=2 2 2 2 2 2 2 2
left_child=1 -1 6 -4 5 -5 -2 -8
right_child=2 -3 3 4 -6 -7 7 -9
leaf_value=0.078639455402394282 -0.34168810126687071 0.40072416887655377 -0.46849012144693725 -0.017458728088681305 0.063734678526959243 0.012693901888037679 -0.14882940537949116 -0.21434498614658803
leaf_weight=195 425 194 216 118 153 127 103 103
leaf_count=195 425 194 216 118 153 127 103 103
internal_value=-0.000837922 0.00591026 -0.00294944 -0.00108943 0.00102757 -0.000101627 -0.00475475 -0.00425121
internal_weight=1634 389 1245 614 398 245 631 206
internal_count=1634 389 1245 614 398 245 631 206
is_linear=0
shrinkage=0.05


Tree=9
num_leaves=9
num_cat=0
split_feature=0 1 1 5 5 2 5 5
split_gain=8.87591 2.16984 1.59792 1.9428 0.291851 0.0637609 0.0212429 0.0360749
threshold=1.0000000180025095e-35 1.0000000180025095e-35 1.0000000180025095e-35 10.442003641666668 16.586670270460711 10.500000000000002 16.263562344318185 17.544388699806856
decision_type=2 2 2 2 2 2 2 2
left_child=1 -1 6 -4 5 -5 -2 -8
right_child=2 -3 3 4 -6 -7 7 -9
leaf_value=0.074707482632274488 -0.32460369620352714 0.38068796043272607 -0.44506561537459038 -0.015242034373422086 0.036740884997397708 0.0096904455486879256 -0.14138793511051659 -0.20362773683925861
leaf_weight=195 425 194 216 106 183 109 103 103
leaf_count=195 425 194 216 106 183 109 103 103
internal_value=-0.000929665 0.00565384 -0.00298957 -0.00117073 0.000902254 -0.000347223 -0.00475475 -0.00425121
internal_weight=1634 389 1245 614 398 215 631 206
internal_count=1634 389 1245 614 398 215 631 206
is_linear=0
shrinkage=0.05


Tree=10
num_leaves=9
num_cat=0
split_feature=4 1 1 5 4 4 5 5
split_gain=8.12149 1.61051 1.50394 1.80782 0.417994 0.142189 0.0204584 0.0369514
threshold=20.472292505183088 1.0000000180025095e-35 1.0000000180025095e-35 10.442003641666668 17.448141006232767 15.29563058006296 16.263562344318185 17.544388699806856
decision_type=2 2 2 2 2 2 2 2
left_child=2 -2 6 -4 5 -5 -1 -8
right_child=1 -3 3 4 -6 -7 7 -9
leaf_value=-0.30837351139335073 0.077429171807722422 0.36134583095386597 -0.42281233460586076 0.010228125197801086 0.06522368652271919 -0.0051610754011506103 -0.13431853835499083 -0.1968941770414174
leaf_weight=425 191 187 216 176 100 129 103 107
leaf_count=425 191 187 216 176 100 129 103 107
internal_value=-0.00111315 0.00530343 -0.00304694 -0.00129421 0.000677339 -0.000245099 -0.00475629 -0.0042654
internal_weight=1634 378 1256 621 405 305 635 210
internal_count=1634 378 1256 621 405 305 635 210
is_linear=0
shrinkage=0.05


Tree=11
num_leaves=9
num_cat=0
split_feature=4 1 5 1 4 2 5 5
split_gain=7.055 1.57486 1.88753 1.35678 0.381901 0.133708 0.0204584 0.0369514
threshold=20.472292505183088 1.0000000180025095e-35 10.442003641666668 1.0000000180025095e-35 17.448141006232767 10.500000000000002 16.263562344318185 17.544388699806856
decision_type=2 2 2 2 2 2 2 2
left_child=1 6 -3 -2 5 -4 -1 -8
right_child=3 2 4 -5 -6 -7 7 -9
leaf_value=-0.29295483582368309 0.073557713217336312 -0.40167171787556771 -0.010877348617649073 0.34327853940617264 0.061962502196583141 0.018169564814944212 -0.12760261143724136 -0.18704946818934648
leaf_weight=425 191 216 134 187 100 171 103 107
leaf_count=425 191 216 134 187 100 171 103 107
internal_value=-0.00120489 -0.00300716 -0.00121383 0.00477572 0.000800491 -8.17005e-05 -0.00475629 -0.0042654
internal_weight=1634 1256 621 378 405 305 635 210
internal_count=1634 1256 621 378 405 305 635 210
is_linear=0
shrinkage=0.05


Tree=12
num_leaves=9
num_cat=0
split_feature=4 1 5 1 4 4 5 5
split_gain=6.35556 1.43634 1.80782 1.01889 0.417994 0.142189 0.0376464 0.0561231
threshold=20.472292505183088 1.0000000180025095e-35 10.442003641666668 1.0000000180025095e-35 17.448141006232767 15.29563058006296 15.1986558882114 17.544388699806856
decision_type=2 2 2 2 2 2 2 2
left_child=1 6 -3 -2 5 -4 -1 -8
right_child=3 2 4 -5 -6 -7 7 -9
leaf_value=-0.29661871336160467 0.069879827556469473 -0.38158813198178926 0.0095344074733202319 0.32611461243586409 0.058864377086754016 -0.0055210351697215637 -0.11098348085917067 -0.17769699477987913
leaf_weight=409 191 216 176 187 100 129 119 107
leaf_count=409 191 216 176 187 100 129 119 107
internal_value=-0.00129664 -0.00300716 -0.00129421 0.00437995 0.000677339 -0.000245099 -0.00467767 -0.00409692
internal_weight=1634 1256 621 378 405 305 635 226
internal_count=1634 1256 621 378 405 305 635 226
is_linear=0
shrinkage=0.05


Tree=13
num_leaves=9
num_cat=0
split_feature=4 1 5 1 4 4 5 5
split_gain=5.69262 1.30418 1.72981 0.729244 0.313912 0.142189 0.0391325 0.0609053
threshold=20.472292505183088 1.0000000180025095e-35 10.442003641666668 1.0000000180025095e-35 17.448141006232767 15.29563058006296 14.907197508869951 17.37651839100749
decision_type=2 2 2 2 2 2 2 2
left_child=1 6 -3 -2 5 -4 -1 -8
right_child=3 2 4 -5 -6 -7 7 -9
leaf_value=-0.29733578324541377 0.066385836178645977 -0.36250872538269974 0.0090576870996541686 0.30980888181407096 0.055921158232416383 -0.0052449834112355022 -0.18091767403521852 -0.15401518044965459
leaf_weight=347 191 216 176 187 100 129 108 180
leaf_count=347 191 216 176 187 100 129 108 180
internal_value=-0.00138838 -0.00300716 -0.0013746 0.00398417 0.000554186 -0.000245099 -0.00459906 -0.00411765
internal_weight=1634 1256 621 378 405 305 635 288
internal_count=1634 1256 621 378 405 305 635 288
is_linear=0
shrinkage=0.05


Tree=14
num_leaves=9
num_cat=0
split_feature=4 1 4 1 4 2 5 5
split_gain=5.27092 1.30418 1.53987 0.562955 0.241291 0.157545 0.0391325 0.0609053
threshold=20.472292505183088 1.0000000180025095e-35 9.0488119511972354 1.0000000180025095e-35 17.448141006232767 10.500000000000002 14.907197508869951 17.37651839100749
decision_type=2 2 2 2 2 2 2 2
left_child=1 6 -3 -2 5 -4 -1 -8
right_child=3 2 4 -5 -6 -7 7 -9
leaf_value=-0.28246899408314302 0.063066544369713637 -0.35341481493614624 -0.014273280952798662 0.29431843772336741 0.053125100320795621 0.010409564614231065 -0.17187179033345765 -0.14631442142717185
leaf_weight=347 191 200 145 187 100 176 108 180
leaf_count=347 191 200 145 187 100 176 108 180
internal_value=-0.00144954 -0.00300716 -0.0013746 0.00372032 0.000343601 -0.000326088 -0.00459906 -0.00411765
internal_weight=1634 1256 621 378 421 321 635 288
internal_count=1634 1256 621 378 421 321 635 288
is_linear=0
shrinkage=0.05


Tree=15
num_leaves=10
num_cat=0
split_feature=4 1 4 5 4 4 1 4 5
split_gain=4.94472 1.30581 1.60936 0.553745 0.222796 0.141919 0.0840283 0.0496517 0.0684868
threshold=20.472292505183088 1.0000000180025095e-35 9.0488119511972354 21.617566816071431 17.156488714258728 14.62610134333916 1.0000000180025095e-35 14.890656930694597 17.37651839100749
decision_type=2 2 2 2 2 2 2 2 2
left_child=1 7 -3 -2 5 -4 -5 -1 -9
right_child=3 2 4 6 -6 -7 -8 8 -10
leaf_value=-0.27739214290776371 0.063131456926518323 -0.33574407418933883 0.0052458562583530171 0.14028585892962706 0.053793095974926985 -0.0095218932856633853 0.29282424570198912 -0.15910635091435499 -0.1387773274619922
leaf_weight=321 176 200 100 102 167 154 100 136 178
leaf_count=321 176 200 100 102 167 154 100 136 178
internal_value=-0.00141896 -0.00292761 -0.00129421 0.00358839 0.000462084 -0.000470589 0.00536946 -0.00452044 -0.00403175
internal_weight=1634 1256 621 378 421 254 202 635 314
internal_count=1634 1256 621 378 421 254 202 635 314
is_linear=0
shrinkage=0.05


Tree=16
num_leaves=11
num_cat=0
split_feature=4 1 4 5 4 2 4 5 4 1
split_gain=4.49453 1.12015 1.53987 0.42041 0.241291 0.157545 0.0517307 0.0620556 0.0438789 0.0186329
threshold=20.472292505183088 1.0000000180025095e-35 9.0488119511972354 21.617566816071431 17.448141006232767 10.500000000000002 13.946575144744363 17.37651839100749 14.980510516165747 1.0000000180025095e-35
decision_type=2 2 2 2 2 2 2 2 2 2
left_child=1 6 -3 -2 5 -4 -1 8 -8 -5
right_child=3 2 4 9 -6 -7 7 -9 -10 -11
leaf_value=-0.46296928821778799 0.059974884080192317 -0.31895687047987187 -0.013083522240875578 0.13327156598314574 0.047779190506009456 0.0099959903899948504 -0.13395190199912452 -0.1319491475358032 -0.10544997253145245 0.27818303341688982
leaf_weight=238 176 200 145 102 100 176 113 179 105 100
leaf_count=238 176 200 145 102 100 176 113 179 105 100
internal_value=-0.00144954 -0.00288783 -0.0013746 0.00332454 0.000343601 -0.000326088 -0.00436321 -0.00398241 -0.003379 0.00487685
internal_weight=1634 1256 621 378 421 321 635 397 218 202
internal_count=1634 1256 621 378 421 321 635 397 218 202
is_linear=0
shrinkage=0.05


Tree=17
num_leaves=11
num_cat=0
split_feature=4 1 4 5 4 2 4 5 4 1
split_gain=4.49453 1.12015 1.53987 0.42041 0.241291 0.157545 0.0517307 0.0620556 0.0438789 0.0186329
threshold=20.472292505183088 1.0000000180025095e-35 9.0488119511972354 21.617566816071431 17.448141006232767 10.500000000000002 13.946575144744363 17.37651839100749 14.980510516165747 1.0000000180025095e-35
decision_type=2 2 2 2 2 2 2 2 2 2
left_child=1 6 -3 -2 5 -4 -1 8 -8 -5
right_child=3 2 4 9 -6 -7 7 -9 -10 -11
leaf_value=-0.43982082380689858 0.056976139876182774 -0.30300902695587822 -0.012429346128831766 0.12660798768398837 0.04539023098070899 0.0094961908704950613 -0.12725430689916825 -0.12535169015901307 -0.10017747390487981 0.26427388174604544
leaf_weight=238 176 200 145 102 100 176 113 179 105 100
leaf_count=238 176 200 145 102 100 176 113 179 105 100
internal_value=-0.00144954 -0.00288783 -0.0013746 0.00332454 0.000343601 -0.000326088 -0.00436321 -0.00398241 -0.003379 0.00487685
internal_weight=1634 1256 621 378 421 321 635 397 218 202
internal_count=1634 1256 621 378 421 321 635 397 218 202
is_linear=0
shrinkage=0.05


Tree=18
num_leaves=10
num_cat=0
split_feature=4 1 4 1 5 5 4 5 4
split_gain=4.36208 1.06043 1.4719 0.417408 0.132983 0.121396 0.0517307 0.0620556 0.0438789
threshold=20.472292505183088 1.0000000180025095e-35 9.0488119511972354 1.0000000180025095e-35 15.095265740253684 17.515456773192987 13.946575144744363 17.37651839100749 14.980510516165747
decision_type=2 2 2 2 2 2 2 2 2
left_child=1 6 -3 -2 -4 -6 -1 8 -8
right_child=3 2 4 -5 5 -7 7 -9 -10
leaf_value=-0.41782978261655368 0.039904946521389741 -0.28785857560808437 -0.0087882112318822987 0.23783845779395316 0.076266478282606048 -0.0020980717926287087 -0.12089159155420984 -0.11908410565106234 -0.095168600209635912
leaf_weight=238 191 200 179 187 136 106 113 179 105
leaf_count=238 191 200 179 187 136 106 113 179 105
internal_value=-0.0015107 -0.00292761 -0.00145499 0.00319261 0.000225117 0.000987653 -0.00436321 -0.00398241 -0.003379
internal_weight=1634 1256 621 378 421 242 635 397 218
internal_count=1634 1256 621 378 421 242 635 397 218
is_linear=0
shrinkage=0.05


Tree=19
num_leaves=10
num_cat=0
split_feature=4 1 4 5 2 4 4 0 4
split_gain=4.11667 1.1775 1.38373 0.21412 0.159421 0.0778831 0.0677848 0.0513561 0.0251028
threshold=20.839014387792279 1.0000000180025095e-35 9.0488119511972354 22.129313020781254 11.500000000000002 14.890656930694597 16.640665646477412 2.5000000000000004 17.749793744223719
decision_type=2 2 2 2 2 2 2 2 2
left_child=1 5 -3 -2 7 -1 -7 -4 -8
right_child=3 2 4 -5 -6 6 8 -9 -10
leaf_value=-0.22550597582639115 0.1874760263654035 -0.27346564682768015 0.00028500564924147657 0.19199334567100107 0.049280206346975247 -0.13355612201884107 -0.11268715378917603 -0.017144699300768979 -0.14851423751190171
leaf_weight=321 168 200 143 138 161 105 145 153 100
leaf_count=321 168 200 143 138 161 105 145 153 100
internal_value=-0.00157187 -0.00277652 -0.001269 0.00364821 0.000251091 -0.00424851 -0.0037037 -0.000437712 -0.00416667
internal_weight=1634 1328 657 306 457 671 350 296 245
internal_count=1634 1328 657 306 457 671 350 296 245
is_linear=0
shrinkage=0.05


Tree=20
num_leaves=10
num_cat=0
split_feature=4 1 4 1 2 4 5 5 0
split_gain=3.61873 1.06268 1.38373 0.186382 0.159421 0.10952 0.0749383 0.0847121 0.0513561
threshold=20.839014387792279 1.0000000180025095e-35 9.0488119511972354 1.0000000180025095e-35 11.500000000000002 13.946575144744363 17.544388699806856 15.1986558882114 2.5000000000000004
decision_type=2 2 2 2 2 2 2 2 2
left_child=1 5 -3 -2 8 -1 7 -7 -4
right_child=3 2 4 -5 -6 6 -8 -9 -10
leaf_value=-0.38566299469440646 0.079490473998805142 -0.25979236448629611 0.00027075536677934059 0.25415186567766662 0.046816196029626521 -0.11804607584358424 -0.12903010646345811 -0.044352423385542461 -0.016287464335730556
leaf_weight=238 155 200 143 151 161 176 136 121 153
leaf_count=238 155 200 143 151 161 176 136 121 153
internal_value=-0.00157187 -0.00270128 -0.001269 0.00332247 0.000251091 -0.0040997 -0.00360599 -0.00313759 -0.000437712
internal_weight=1634 1328 657 306 457 671 433 297 296
internal_count=1634 1328 657 306 457 671 433 297 296
is_linear=0
shrinkage=0.05


Tree=21
num_leaves=11
num_cat=0
split_feature=4 5 1 5 3 2 5 4 4 5
split_gain=3.19518 1.08543 1.24894 0.195446 0.132045 0.358492 0.096374 0.0710217 0.0479733 0.0220341
threshold=20.839014387792279 10.442003641666668 1.0000000180025095e-35 22.129313020781254 3.5000000000000004 11.500000000000002 17.469155282519811 15.186827447079041 15.272129855017726 8.1985221926064593
decision_type=2 2 2 2 2 2 2 2 2 2
left_child=1 9 6 -2 5 7 8 -4 -3 -1
right_child=3 2 4 -5 -6 -7 -8 -9 -10 -11
leaf_value=-0.28057820435791836 0.1653946317632502 -0.11067358859886689 -0.020725256615688956 0.17733478556993509 -0.012359716371470065 0.082570962416261662 -0.10713172634215065 0.0055797096918521697 -0.03867350216700232 -0.26295026455021636
leaf_weight=320 168 187 111 138 108 120 178 101 100 103
leaf_count=320 168 187 111 138 108 120 178 101 100 103
internal_value=-0.00160245 -0.00266366 -0.00168322 0.00299674 0.000226756 0.00072072 -0.00348713 -0.000516433 -0.00289931 -0.00475236
internal_weight=1634 1328 905 306 440 332 465 212 287 423
internal_count=1634 1328 905 306 440 332 465 212 287 423
is_linear=0
shrinkage=0.05


Tree=22
num_leaves=10
num_cat=0
split_feature=4 0 1 1 5 3 4 4 5
split_gain=2.60933 1.03392 1.00205 0.350102 0.130835 0.0795528 0.110166 0.065104 0.0232195
threshold=20.472292505183088 1.5000000000000002 1.0000000180025095e-35 1.0000000180025095e-35 17.544388699806856 3.5000000000000004 17.184407044911072 15.309038072497859 8.226263896078434
decision_type=2 2 2 2 2 2 2 2 2
left_child=1 8 4 -2 7 6 -4 -3 -1
right_child=3 2 5 -5 -6 -7 -8 -9 -10
leaf_value=-0.2724605838729609 0.024556387911286191 -0.10680161965543644 -0.0089255236267401592 0.19510168087146751 -0.10628531827175913 -0.007556566060929918 0.058546239459746775 -0.0439121326360358 -0.23198050386650843
leaf_weight=320 191 197 189 187 102 103 111 134 100
leaf_count=320 191 197 189 187 102 103 111 134 100
internal_value=-0.00163303 -0.00272872 -0.00170848 0.00200528 -0.00337558 8.66325e-05 0.000498338 -0.00287651 -0.0047506
internal_weight=1634 1256 836 378 433 403 300 331 420
internal_count=1634 1256 836 378 433 403 300 331 420
is_linear=0
shrinkage=0.05


Tree=23
num_leaves=9
num_cat=0
split_feature=0 0 1 1 5 3 4 4
split_gain=2.46561 1.09003 1.00532 0.315864 0.131887 0.0795528 0.110166 0.065104
threshold=1.0000000180025095e-35 1.5000000000000002 1.0000000180025095e-35 1.0000000180025095e-35 17.544388699806856 3.5000000000000004 17.184407044911072 15.309038072497859
decision_type=2 2 2 2 2 2 2 2
left_child=3 -2 4 -1 7 6 -4 -3
right_child=1 2 5 -5 -6 -7 -8 -9
leaf_value=0.019693532841530331 -0.25935065843597566 -0.10146153867266468 -0.008479247445403168 0.18590119024447035 -0.10183300911920162 -0.0071787377578833829 0.055618927486759388 -0.041716526004234082
leaf_weight=195 408 197 189 194 103 103 111 134
leaf_count=195 408 197 189 194 103 103 111 134
internal_value=-0.00166361 -0.0027488 -0.00171241 0.00180769 -0.00337931 8.66325e-05 0.000498338 -0.00287651
internal_weight=1634 1245 837 389 434 403 300 331
internal_count=1634 1245 837 389 434 403 300 331
is_linear=0
shrinkage=0.05


Tree=24
num_leaves=11
num_cat=0
split_feature=4 5 1 5 5 3 2 4 5 4
split_gain=2.48876 1.0645 1.1495 0.157333 0.129489 0.12479 0.399602 0.0616761 0.0228162 0.0225885
threshold=20.620345000225424 10.442003641666668 1.0000000180025095e-35 17.544388699806856 22.129313020781254 3.5000000000000004 11.500000000000002 15.309038072497859 8.1985221926064593 15.037886921495934
decision_type=2 2 2 2 2 2 2 2 2 2
left_child=1 8 3 7 -2 6 9 -3 -1 -4
right_child=4 2 5 -5 -6 -7 -8 -9 -10 -11
leaf_value=-0.24444291477871607 0.079622589005833688 -0.095622357256202287 -0.014223102233075789 -0.10618027921751035 0.15921207603531673 -0.011004965361955854 0.098889192911696469 -0.039630699704022422 -0.22106565157814254 -0.0066792320636718215
leaf_weight=320 198 193 104 125 138 108 111 134 101 102
leaf_count=320 198 193 104 125 138 108 111 134 101 102
internal_value=-0.00169419 -0.00268668 -0.00169135 -0.00344371 0.0021365 0.000176055 0.000676099 -0.00285061 -0.00475119 -0.000628021
internal_weight=1634 1298 877 452 336 425 317 327 421 206
internal_count=1634 1298 877 452 336 425 317 327 421 206
is_linear=0
shrinkage=0.05


Tree=25
num_leaves=11
num_cat=0
split_feature=4 5 1 5 3 2 2 4 5 4
split_gain=2.29957 1.10468 0.944651 0.141472 0.105585 0.309215 0.0955562 0.0455055 0.0228162 0.0225885
threshold=20.620345000225424 10.442003641666668 1.0000000180025095e-35 17.37651839100749 3.5000000000000004 11.500000000000002 11.500000000000002 14.980510516165747 8.1985221926064593 15.037886921495934
decision_type=2 2 2 2 2 2 2 2 2 2
left_child=1 8 3 7 5 9 -2 -3 -1 -4
right_child=6 2 4 -5 -6 -7 -8 -9 -10 -11
leaf_value=-0.23222076903978028 0.15537547419539913 -0.087615398540256795 -0.013511947121422049 -0.089118704695036299 -0.01045471709385808 0.093944733266111524 0.027424547110703273 -0.054940634597610352 -0.21001236899923545 -0.0063452704604882466
leaf_weight=320 187 150 104 199 108 111 149 103 101 102
leaf_count=320 187 150 104 199 108 111 149 103 101 102
internal_value=-0.00169419 -0.00264819 -0.0016344 -0.00322296 5.86843e-05 0.000518867 0.00198813 -0.00242126 -0.00475119 -0.000628021
internal_weight=1634 1298 877 452 425 317 336 253 421 206
internal_count=1634 1298 877 452 425 317 336 253 421 206
is_linear=0
shrinkage=0.05


Tree=26
num_leaves=10
num_cat=0
split_feature=5 4 1 5 5 3 1 4 5
split_gain=2.12881 1.1049 1.01358 0.141472 0.0834792 0.108397 0.0824187 0.0455055 0.021331
threshold=10.442003641666668 20.620345000225424 1.0000000180025095e-35 17.37651839100749 14.812494077070577 2.5000000000000004 1.0000000180025095e-35 14.980510516165747 8.1985221926064593
decision_type=2 2 2 2 2 2 2 2 2
left_child=8 2 3 7 -4 -6 -3 -2 -1
right_child=1 6 4 -5 5 -7 -8 -9 -10
leaf_value=-0.22114595875695581 -0.083234628613243877 0.053508119541710975 -0.0082015669295706951 -0.084662769460284504 0.051808550261688346 -0.0066385965576448384 0.18049275593256367 -0.052193602867729838 -0.21351426272608365
leaf_weight=322 150 166 133 199 152 140 164 103 105
leaf_count=322 150 166 133 199 152 140 164 103 105
internal_value=-0.00172477 -0.000649836 -0.00157745 -0.00322296 0.000176055 0.000648463 0.00181269 -0.00242126 -0.00475467
internal_weight=1634 1207 877 452 425 292 330 253 427
internal_count=1634 1207 877 452 425 292 330 253 427
is_linear=0
shrinkage=0.05


Tree=27
num_leaves=11
num_cat=0
split_feature=5 4 1 1 2 2 5 3 5 5
split_gain=2.17202 1.05577 0.731864 0.139866 0.0852458 0.108759 0.0566529 0.368893 0.108766 0.021331
threshold=10.442003641666668 20.839014387792279 1.0000000180025095e-35 1.0000000180025095e-35 9.5000000000000018 11.500000000000002 14.812494077070577 1.5000000000000002 17.515456773192987 8.1985221926064593
decision_type=2 2 2 2 2 2 2 2 2 2
left_child=9 2 4 -3 -2 -6 -4 -8 -9 -1
right_child=1 3 6 -5 5 -7 7 8 -10 -11
leaf_value=-0.21008866081910799 -0.1067480433536316 0.052345108308431101 -0.0077914885830921241 0.20089282787931137 -0.049118595216681063 -0.079635712846139309 0.054873558969086425 0.019099490062131637 -0.019885019008731741 -0.20283854958977945
leaf_weight=322 111 153 133 149 194 160 102 104 101 105
leaf_count=322 111 153 133 149 194 160 102 104 101 105
internal_value=-0.00169419 -0.000608445 -0.00146247 0.00194719 -0.00284335 -0.00245071 -1.18939e-09 0.000373375 -0.000849516 -0.00475467
internal_weight=1634 1207 905 302 465 354 440 307 205 427
internal_count=1634 1207 905 302 465 354 440 307 205 427
is_linear=0
shrinkage=0.05


Tree=28
num_leaves=12
num_cat=0
split_feature=5 4 1 1 5 3 4 5 3 5 5
split_gain=2.3492 0.923536 0.527599 0.139866 0.0934321 0.103433 0.159313 0.0566529 0.368893 0.108766 0.021331
threshold=10.442003641666668 20.839014387792279 1.0000000180025095e-35 1.0000000180025095e-35 17.544388699806856 1.5000000000000002 15.186827447079041 14.812494077070577 1.5000000000000002 17.515456773192987 8.1985221926064593
decision_type=2 2 2 2 2 2 2 2 2 2 2
left_child=10 2 4 -3 5 -2 -7 -4 -9 -10 -1
right_child=1 3 7 -5 -6 6 -8 8 9 -11 -12
leaf_value=-0.19958422777815255 -0.02319328380259425 0.049727852893009621 -0.0074019141539375527 0.19084818648534596 -0.08892980064832029 -0.10482126554595667 -0.042465203361712632 0.052129881020632179 0.018144515559025038 -0.018890768058295107 -0.19269662211029051
leaf_weight=322 103 153 133 149 137 123 102 102 104 101 105
leaf_count=322 103 153 133 149 137 123 102 102 104 101 105
internal_value=-0.00157187 -0.000442882 -0.00124172 0.00194719 -0.00241416 -0.00194529 -0.00254425 -1.18939e-09 0.000373375 -0.000849516 -0.00475467
internal_weight=1634 1207 905 302 465 328 225 440 307 205 427
internal_count=1634 1207 905 302 465 328 225 440 307 205 427
is_linear=0
shrinkage=0.05


Tree=29
num_leaves=11
num_cat=0
split_feature=5 4 1 1 5 3 4 5 5 5
split_gain=2.3492 0.923536 0.435446 0.139866 0.113081 0.08086 0.142624 0.0801085 0.15887 0.021331
threshold=10.442003641666668 20.839014387792279 1.0000000180025095e-35 1.0000000180025095e-35 17.544388699806856 1.5000000000000002 15.000032014917029 17.515456773192987 15.095265740253684 8.1985221926064593
decision_type=2 2 2 2 2 2 2 2 2 2
left_child=9 2 4 -3 5 -2 -7 8 -4 -1
right_child=1 3 7 -5 -6 6 -8 -9 -10 -11
leaf_value=-0.18960501638924487 -0.02203361961246451 0.047241460248359103 -0.0047911548030532287 0.18130577716107862 -0.084483310615904306 -0.098195457025220478 -0.0497085953831016 -0.0069181795523341159 0.063141090058392871 -0.18306179100477601
leaf_weight=322 103 153 163 149 137 110 115 141 136 105
leaf_count=322 103 153 163 149 137 110 115 141 136 105
internal_value=-0.00157187 -0.000442882 -0.00124172 0.00194719 -0.00230687 -0.00179331 -0.00232301 -0.00011338 0.000349999 -0.00475467
internal_weight=1634 1207 905 302 465 328 225 440 299 427
internal_count=1634 1207 905 302 465 328 225 440 299 427
is_linear=0
shrinkage=0.05


Tree=30
num_leaves=10
num_cat=0
split_feature=5 4 1 1 4 4 5 5 5
split_gain=2.39458 0.891859 0.393882 0.139866 0.107162 0.0894528 0.0801085 0.15887 0.021331
threshold=10.442003641666668 20.839014387792279 1.0000000180025095e-35 1.0000000180025095e-35 17.349250558914445 14.980510516165747 17.515456773192987 15.095265740253684 8.1985221926064593
decision_type=2 2 2 2 2 2 2 2 2
left_child=8 2 4 -3 5 -2 7 -4 -1
right_child=1 3 6 -5 -6 -7 -8 -9 -10
leaf_value=-0.18012476556978269 -0.068283814335322726 0.044879387235941197 -0.0045515970629004879 0.17224048830302469 -0.076309388037879372 -0.0061828263780916506 -0.0065722705747174774 0.059984035555473152 -0.17390870145453718
leaf_weight=322 153 153 163 149 188 124 141 136 105
leaf_count=322 153 153 163 149 188 124 141 136 105
internal_value=-0.00154129 -0.000401491 -0.00118654 0.00194719 -0.00219957 -0.00156475 -0.00011338 0.000349999 -0.00475467
internal_weight=1634 1207 905 302 465 277 440 299 427
internal_count=1634 1207 905 302 465 277 440 299 427
is_linear=0
shrinkage=0.05


Tree=31
num_leaves=10
num_cat=0
split_feature=5 4 1 2 4 4 5 5 4
split_gain=2.22362 0.800384 0.393882 0.134841 0.107162 0.0894528 0.0801085 0.15887 0.0387659
threshold=10.442003641666668 20.839014387792279 1.0000000180025095e-35 11.500000000000002 17.349250558914445 14.980510516165747 17.515456773192987 15.095265740253684 8.358641308525943
decision_type=2 2 2 2 2 2 2 2 2
left_child=8 2 4 -3 5 -2 7 -4 -1
right_child=1 3 6 -5 -6 -7 -8 -9 -10
leaf_value=-0.17604449612184184 -0.064869623618556541 0.12967188246469585 -0.0043240172097554997 0.029684659641610572 -0.07249391863598531 -0.0058736850591871352 -0.006243657045981555 0.056984833777699487 -0.14508659455688544
leaf_weight=293 153 168 163 134 188 124 141 136 134
leaf_count=293 153 168 163 134 188 124 141 136 134
internal_value=-0.00154129 -0.000442882 -0.00118654 0.00178218 -0.00219957 -0.00156475 -0.00011338 0.000349999 -0.00463785
internal_weight=1634 1207 905 302 465 277 440 299 427
internal_count=1634 1207 905 302 465 277 440 299 427
is_linear=0
shrinkage=0.05


Tree=32
num_leaves=10
num_cat=0
split_feature=5 4 1 2 4 4 5 5 4
split_gain=2.26777 0.770914 0.354403 0.134841 0.134006 0.134046 0.0801085 0.15887 0.0387659
threshold=10.442003641666668 20.839014387792279 1.0000000180025095e-35 11.500000000000002 17.349250558914445 14.980510516165747 17.515456773192987 15.095265740253684 8.358641308525943
decision_type=2 2 2 2 2 2 2 2 2
left_child=8 2 4 -3 5 -2 7 -4 -1
right_child=1 3 6 -5 -6 -7 -8 -9 -10
leaf_value=-0.16724227131574976 -0.061626142437628754 0.12318828834146092 -0.0041078163492677972 0.02820042665953006 -0.068869222704186078 -0.0055800008062278543 -0.0059314741936824745 0.054135592088814438 -0.13783226482904121
leaf_weight=293 153 168 163 134 188 124 141 136 134
leaf_count=293 153 168 163 134 188 124 141 136 134
internal_value=-0.0015107 -0.000401491 -0.00113135 0.00178218 -0.00209228 -0.00138489 -0.00011338 0.000349999 -0.00463785
internal_weight=1634 1207 905 302 465 277 440 299 427
internal_count=1634 1207 905 302 465 277 440 299 427
is_linear=0
shrinkage=0.05


Tree=33
num_leaves=10
num_cat=0
split_feature=5 4 1 4 2 4 5 5 4
split_gain=2.31235 0.741995 0.317008 0.163752 0.134841 0.0975325 0.0801085 0.15887 0.0387659
threshold=10.442003641666668 20.839014387792279 1.0000000180025095e-35 17.349250558914445 11.500000000000002 14.980510516165747 17.515456773192987 15.095265740253684 8.358641308525943
decision_type=2 2 2 2 2 2 2 2 2
left_child=8 2 3 5 -3 -2 7 -4 -1
right_child=1 4 6 -5 -6 -7 -8 -9 -10
leaf_value=-0.15888015774996225 -0.058544835315747334 0.11702887392438793 -0.0039024255318043724 -0.065425761568976726 0.02679040532655352 -0.0053010007659165378 -0.005634900483998285 0.051428812484373643 -0.13094065158758914
leaf_weight=293 153 168 163 188 134 124 141 136 134
leaf_count=293 153 168 163 188 134 124 141 136 134
internal_value=-0.00148012 -0.000360101 -0.00107616 -0.00198498 0.00178218 -0.00120504 -0.00011338 0.000349999 -0.00463785
internal_weight=1634 1207 905 465 302 277 440 299 427
internal_count=1634 1207 905 465 302 277 440 299 427
is_linear=0
shrinkage=0.05


Tree=34
num_leaves=11
num_cat=0
split_feature=5 4 5 1 2 3 5 4 5 4
split_gain=2.40282 0.685814 0.263278 0.185167 0.134841 0.0995041 0.0940655 0.0891572 0.0767391 0.0387659
threshold=10.442003641666668 20.839014387792279 17.631870244434293 1.0000000180025095e-35 11.500000000000002 1.5000000000000002 15.095265740253684 15.309038072497859 17.44445733465751 8.358641308525943
decision_type=2 2 2 2 2 2 2 2 2 2
left_child=9 2 3 5 -3 -2 -5 -7 -8 -1
right_child=1 4 -4 6 -6 7 8 -9 -10 -11
leaf_value=-0.15093614986246415 -0.0082206126550094516 0.11117743022816842 -0.052769963492413446 -0.0037073042552141014 0.025450885060225789 -0.089859931122313941 0.064227166361827556 -0.052264886467605014 -0.0035944351045503146 -0.12439361900820962
leaf_weight=293 125 168 145 163 134 137 110 123 102 134
leaf_count=293 125 168 145 163 134 137 110 123 102 134
internal_value=-0.00141896 -0.000277319 -0.000965785 -0.000591328 0.00178218 -0.0013601 0.000199467 -0.00191571 0.000892018 -0.00463785
internal_weight=1634 1207 905 760 302 385 375 260 212 427
internal_count=1634 1207 905 760 302 385 375 260 212 427
is_linear=0
shrinkage=0.05


Tree=35
num_leaves=11
num_cat=0
split_feature=5 4 4 5 5 3 5 2 1 4
split_gain=2.32045 0.658552 0.224877 0.171643 0.186122 0.250015 0.146608 0.134841 0.0271812 0.0188228
threshold=10.442003641666668 20.839014387792279 14.544575566749907 14.680676156438151 17.631870244434293 1.5000000000000002 17.428168054746852 11.500000000000002 1.0000000180025095e-35 8.2059478390374174
decision_type=2 2 2 2 2 2 2 2 2 2
left_child=8 2 -2 -4 5 -5 -7 -3 -1 -10
right_child=1 7 3 4 -6 6 -8 -9 9 -11
leaf_value=-0.32807947797057846 0.011887387840437615 0.10561855871676006 -0.059993018555957615 0.015190905729936508 -0.049727140207588567 -0.031595328862263308 -0.047210309857554124 0.024178340807214434 -0.11967804764481729 -0.077737426142917662
leaf_weight=208 144 168 107 184 143 157 170 134 119 100
leaf_count=208 144 168 107 184 143 157 170 134 119 100
internal_value=-0.0013578 -0.000235928 -0.000910597 -0.00125328 -0.000946566 -0.000498048 -0.00132622 0.00178218 -0.00452103 -0.00406818
internal_weight=1634 1207 905 761 654 511 327 302 427 219
internal_count=1634 1207 905 761 654 511 327 302 427 219
is_linear=0
shrinkage=0.05


Tree=36
num_leaves=12
num_cat=0
split_feature=5 4 1 5 3 4 2 4 4 1 4
split_gain=2.36554 0.530741 0.285762 0.202894 0.11502 0.150666 0.0998691 0.084779 0.170236 0.0271812 0.0188228
threshold=10.442003641666668 20.839014387792279 1.0000000180025095e-35 17.601411178727151 1.5000000000000002 15.309038072497859 11.500000000000002 15.29563058006296 17.494653818684906 1.0000000180025095e-35 8.2059478390374174
decision_type=2 2 2 2 2 2 2 2 2 2 2
left_child=9 2 3 4 -2 -6 -3 -4 -9 -1 -11
right_child=1 6 7 -5 5 -7 -8 8 -10 10 -12
leaf_value=-0.31167550407204947 0.00018948171947444465 0.10033763078092189 0.012747454641720083 -0.07834184765185373 -0.085961303958220256 -0.031216698721576987 0.022969423766853708 -0.026247168646168502 0.005530812506912436 -0.11369414526257647 -0.073850554835771784
leaf_weight=208 115 168 176 107 137 106 134 136 128 119 100
leaf_count=208 115 168 176 107 137 106 134 136 128 119 100
internal_value=-0.00132722 -0.000194538 -0.000800222 -0.00166309 -0.00108635 -0.00170082 0.00161716 0.000113377 -0.000452831 -0.00452103 -0.00406818
internal_weight=1634 1207 905 465 358 243 302 440 264 427 219
internal_count=1634 1207 905 465 358 243 302 440 264 427 219
is_linear=0
shrinkage=0.05


Tree=37
num_leaves=12
num_cat=0
split_feature=5 4 1 4 4 3 4 5 2 1 4
split_gain=2.50341 0.460543 0.325617 0.136428 0.108432 0.106774 0.255844 0.101402 0.0998691 0.0271812 0.0188228
threshold=10.442003641666668 20.839014387792279 1.0000000180025095e-35 17.349250558914445 15.000032014917029 2.5000000000000004 17.184407044911072 17.388673537110076 11.500000000000002 1.0000000180025095e-35 8.2059478390374174
decision_type=2 2 2 2 2 2 2 2 2 2 2
left_child=9 2 3 4 -2 6 -4 -7 -3 -1 -11
right_child=1 8 5 -5 -6 7 -8 -9 -10 10 -12
leaf_value=-0.29609172886844698 -0.04767717693886199 0.095320749241875863 -0.015035724761740331 -0.055619878738191124 0.0027179513776055941 0.011383306244307917 0.044688361586230754 -0.013410951604351622 0.021820952578511084 -0.10800943799944768 -0.07015802709398318
leaf_weight=208 165 168 130 188 112 107 100 103 134 119 100
leaf_count=208 165 168 130 188 112 107 100 103 134 119 100
internal_value=-0.00123548 -7.03654e-05 -0.000634659 -0.0015558 -0.000845325 0.000340135 0.00108225 -0.000473935 0.00161716 -0.00452103 -0.00406818
internal_weight=1634 1207 905 465 277 440 230 210 302 427 219
internal_count=1634 1207 905 465 277 440 230 210 302 427 219
is_linear=0
shrinkage=0.05


Tree=38
num_leaves=11
num_cat=0
split_feature=5 4 1 2 4 4 4 4 1 4
split_gain=2.19564 0.460746 0.219116 0.144959 0.136428 0.108933 0.121993 0.108432 0.0475041 0.00367124
threshold=10.442003641666668 20.839014387792279 1.0000000180025095e-35 11.500000000000002 17.349250558914445 15.29563058006296 17.494653818684906 15.000032014917029 1.0000000180025095e-35 8.2059478390374174
decision_type=2 2 2 2 2 2 2 2 2 2
left_child=8 2 4 -3 7 -4 -7 -2 -1 -10
right_child=1 3 5 -5 -6 6 -8 -9 9 -11
leaf_value=-0.28128714242502467 -0.045293318091918888 0.090554711779781943 0.012201386861130601 0.020729904949585484 -0.052838884801281544 -0.02567611652292336 0.0038913347041221579 0.0025820538087253549 -0.1026089660994753 -0.066650125739284014
leaf_weight=208 165 168 176 134 188 136 128 112 119 100
leaf_count=208 165 168 176 134 188 136 128 112 119 100
internal_value=-0.00132722 -0.000235928 -0.000800222 0.00145214 -0.0015558 -1.18939e-09 -0.000641511 -0.000845325 -0.00440421 -0.00384091
internal_weight=1634 1207 905 302 465 440 264 277 427 219
internal_count=1634 1207 905 302 465 440 264 277 427 219
is_linear=0
shrinkage=0.05


Tree=39
num_leaves=11
num_cat=0
split_feature=5 1 4 5 4 4 4 4 1 4
split_gain=2.23951 0.357602 0.534324 0.349712 0.227131 0.1508 0.084779 0.12718 0.0475041 0.00367124
threshold=10.442003641666668 1.0000000180025095e-35 21.442451940899051 17.610384217691543 20.839014387792279 15.309038072497859 15.29563058006296 17.456097524312455 1.0000000180025095e-35 8.2059478390374174
decision_type=2 2 2 2 2 2 2 2 2 2
left_child=8 2 3 5 6 -2 -3 -8 -1 -10
right_child=1 4 -4 -5 -6 -7 7 -9 9 -11
leaf_value=-0.26722278530377336 -0.047136168769764911 0.01159131751807415 0.076851269631508734 -0.11198837461545637 0.12486177661257387 -0.002245569034802661 -0.035181677357753384 0.0019636527766426575 -0.097478517794501507 -0.063317619452319771
leaf_weight=208 193 176 113 137 149 175 131 133 119 100
leaf_count=208 193 176 113 137 149 175 131 133 119 100
internal_value=-0.00129664 -0.000194538 -0.00103393 -0.00172925 0.000686439 -0.00092141 0.000113377 -0.000452831 -0.00440421 -0.00384091
internal_weight=1634 1207 618 505 589 368 440 264 427 219
internal_count=1634 1207 618 505 589 368 440 264 427 219
is_linear=0
shrinkage=0.05


Tree=40
num_leaves=11
num_cat=0
split_feature=5 1 4 5 4 4 3 4 1 4
split_gain=2.37371 0.395449 0.506872 0.26908 0.183577 0.1508 0.10367 0.250149 0.0475041 0.00367124
threshold=10.442003641666668 1.0000000180025095e-35 21.442451940899051 17.610384217691543 20.839014387792279 15.309038072497859 1.5000000000000002 15.254933508041164 1.0000000180025095e-35 8.2059478390374174
decision_type=2 2 2 2 2 2 2 2 2 2
left_child=8 2 3 5 6 -2 -3 -8 -1 -10
right_child=1 4 -4 -5 -6 -7 7 -9 9 -11
leaf_value=-0.25386164603858474 -0.044779360331276691 0.0042114193166346032 0.07300870614993335 -0.10638895588468351 0.11861868778194506 -0.0021332905830625721 0.023564106956327394 -0.017005003786533589 -0.092604591904776434 -0.060151738479703766
leaf_weight=208 193 139 113 137 149 175 112 189 119 100
leaf_count=208 193 139 113 137 149 175 112 189 119 100
internal_value=-0.00120489 -7.03654e-05 -0.000953151 -0.00163044 0.000855931 -0.00092141 0.000340135 -0.00018212 -0.00440421 -0.00384091
internal_weight=1634 1207 618 505 589 368 440 301 427 219
internal_count=1634 1207 618 505 589 368 440 301 427 219
is_linear=0
shrinkage=0.05


Tree=41
num_leaves=12
num_cat=0
split_feature=4 1 4 4 4 3 4 4 4 1 4
split_gain=2.45241 0.308608 0.396551 0.268171 0.191303 0.41735 0.174342 0.141711 0.0765196 0.0698849 0.0249907
threshold=12.633736863687167 1.0000000180025095e-35 21.442451940899051 17.494653818684906 17.156488714258728 1.5000000000000002 15.309038072497859 14.945092928598678 20.65541102189874 1.0000000180025095e-35 8.2371662673703891
decision_type=2 2 2 2 2 2 2 2 2 2 2
left_child=9 2 3 6 7 -6 -2 -3 -7 -1 -11
right_child=1 4 -4 -5 5 8 -8 -9 -10 10 -12
leaf_value=-0.25145382702868035 -0.0308449341775201 0.010005851776545983 0.064522132084530434 -0.074191673798655794 0.090408439592827766 -0.0042845366598937536 0.0046879602868334577 -0.03782130927750102 0.084844429419461076 -0.08746449949079782 -0.053909660598309476
leaf_weight=210 189 127 115 199 115 139 113 103 100 123 101
leaf_count=210 189 127 115 199 115 139 113 103 100 123 101
internal_value=-0.00108257 8.32628e-05 -0.000696922 -0.00130478 0.000905982 0.0016338 -0.000363037 -0.000216451 0.000437499 -0.00429885 -0.00364445
internal_weight=1634 1200 616 501 584 354 302 230 239 434 224
internal_count=1634 1200 616 501 584 354 302 230 239 434 224
is_linear=0
shrinkage=0.05


Tree=42
num_leaves=12
num_cat=0
split_feature=4 4 4 2 5 5 2 2 4 1 4
split_gain=2.3145 0.327731 0.276215 0.192006 0.234755 0.266687 0.1456 0.115063 0.0895365 0.0698849 0.0249907
threshold=12.633736863687167 20.839014387792279 14.544575566749907 12.500000000000002 17.612859971634943 16.263562344318185 11.500000000000002 10.500000000000002 17.472354126300733 1.0000000180025095e-35 8.2371662673703891
decision_type=2 2 2 2 2 2 2 2 2 2 2
left_child=9 2 -2 4 5 7 -3 -4 -7 -1 -11
right_child=1 6 3 -5 -6 8 -8 -9 -10 10 -12
leaf_value=-0.23888113567724636 0.022665902275706269 0.071625658301989914 -0.015750393673104487 0.0024031330101387236 -0.074302842358092119 -0.0067795849440238087 0.0030292137179031733 -0.063205810846623189 0.019778891851125094 -0.083091274516257932 -0.051214177568394005
leaf_weight=210 119 170 146 169 118 111 136 124 107 123 101
leaf_count=210 119 170 146 169 118 111 136 124 107 123 101
internal_value=-0.00117431 -4.16332e-05 -0.000525141 -0.000869847 -0.00128501 -0.000797547 0.00136808 -0.00184502 0.000502282 -0.00429885 -0.00364445
internal_weight=1634 1200 894 775 606 488 306 270 218 434 224
internal_count=1634 1200 894 775 606 488 306 270 218 434 224
is_linear=0
shrinkage=0.05


Tree=43
num_leaves=12
num_cat=0
split_feature=4 4 4 3 2 3 3 5 1 3 4
split_gain=2.14734 0.343288 0.283673 0.176106 0.248989 0.283594 0.157958 0.143381 0.0982068 0.0753226 0.00825947
threshold=12.633736863687167 21.143349996740081 14.544575566749907 1.5000000000000002 12.500000000000002 2.5000000000000004 1.0000000180025095e-35 17.428168054746852 1.0000000180025095e-35 2.5000000000000004 8.2371662673703891
decision_type=2 2 2 2 2 2 2 2 2 2 2
left_child=8 2 -2 6 5 -5 -4 -7 -1 -3 -10
right_child=1 9 3 4 -6 7 -8 -9 10 -11 -12
leaf_value=-0.22693707889338405 0.021532607161921031 0.030473383377098498 -0.014795568295793773 -0.13126483092380267 0.0026180298798032277 -0.011316451694091257 0.0091262262251059038 -0.036755538909304428 -0.078936710790445022 0.10591136005023878 -0.048653468689974326
leaf_weight=210 119 166 149 116 116 141 124 147 123 122 101
leaf_count=210 119 166 149 116 116 141 124 147 123 122 101
internal_value=-0.00117431 -8.32651e-05 -0.000558599 -0.000900505 -0.00143954 -0.00202469 0.000127736 -0.00117647 -0.00418391 0.00141868 -0.00342222
internal_weight=1634 1200 912 793 520 404 273 288 434 288 224
internal_count=1634 1200 912 793 520 404 273 288 434 288 224
is_linear=0
shrinkage=0.05


Tree=44
num_leaves=12
num_cat=0
split_feature=4 5 1 4 4 1 5 4 5 4 5
split_gain=2.28026 0.293101 0.267738 0.159487 0.117402 0.0982068 0.0760582 0.168701 0.0588542 0.00825947 0.00776628
threshold=12.633736863687167 21.617566816071431 1.0000000180025095e-35 17.349250558914445 17.830599065099836 1.0000000180025095e-35 17.610384217691543 15.29563058006296 14.94849391742793 8.2371662673703891 22.517701058228994
decision_type=2 2 2 2 2 2 2 2 2 2 2
left_child=5 2 3 8 -5 -1 7 -4 -2 -7 -3
right_child=1 10 6 4 -6 9 -8 -9 -10 -11 -12
leaf_value=-0.21559022494871485 0.0048460181424359542 0.066692726408448727 0.013004721007863316 -0.04837625197956015 -0.068487144572191641 -0.074989875250922738 0.045144277701260033 -0.012862714277901911 -0.064513052724107886 -0.046220795255475636 0.015569860907915394
leaf_weight=210 138 114 166 114 125 123 121 193 127 101 102
leaf_count=210 138 114 166 114 125 123 121 193 127 101 102
internal_value=-0.00108257 4.16308e-05 -0.000324874 -0.00112871 -0.0020625 -0.00418391 0.000519749 0.000152777 -0.000281956 -0.00342222 0.00170507
internal_weight=1634 1200 984 504 239 434 480 359 265 224 216
internal_count=1634 1200 984 504 239 434 480 359 265 224 216
is_linear=0
shrinkage=0.05


Tree=45
num_leaves=11
num_cat=0
split_feature=4 4 4 2 5 3 3 0 3 1
split_gain=2.15798 0.342642 0.257433 0.158536 0.249128 0.322187 0.184106 0.141404 0.0753226 0.0724395
threshold=11.178414557575758 21.143349996740081 14.544575566749907 12.500000000000002 17.631870244434293 1.5000000000000002 2.5000000000000004 2.5000000000000004 2.5000000000000004 1.0000000180025095e-35
decision_type=2 2 2 2 2 2 2 2 2 2
left_child=9 2 -2 4 5 -4 -7 -8 -3 -1
right_child=1 8 3 -5 -6 6 7 -9 -10 -11
leaf_value=-0.21210171346280893 0.01944355768899424 0.030272629766230148 0.0086795103317689332 0.0025409080106523858 -0.067745197535883636 -0.12919954062502806 0.0051503478300862909 -0.10075363619555161 0.097388901079058454 -0.060735477481278548
leaf_weight=198 140 166 178 175 103 102 125 110 122 215
leaf_count=198 140 166 178 175 103 102 125 110 122 215
internal_value=-0.00114373 -8.59259e-05 -0.000551393 -0.000900505 -0.00127625 -0.000823645 -0.00173077 -0.000953391 0.00141868 -0.00426329
internal_weight=1634 1221 933 793 618 515 337 235 288 413
internal_count=1634 1221 933 793 618 515 337 235 288 413
is_linear=0
shrinkage=0.05


Tree=46
num_leaves=11
num_cat=0
split_feature=4 4 4 2 3 3 5 2 1 4
split_gain=2.24343 0.308704 0.235953 0.175758 0.238393 0.201505 0.1607 0.1456 0.0724395 0.0485423
threshold=11.178414557575758 20.839014387792279 14.544575566749907 12.500000000000002 1.5000000000000002 2.5000000000000004 17.428168054746852 11.500000000000002 1.0000000180025095e-35 17.148793509109804
decision_type=2 2 2 2 2 2 2 2 2 2
left_child=8 2 -2 4 9 -6 -7 -3 -1 -4
right_child=1 7 3 -5 5 6 -8 -9 -10 -11
leaf_value=-0.20149662778966848 0.018471379804544521 0.058728990915258697 -0.013728782436733001 0.0030607811536017496 -0.11663760454248438 -0.0037705896998303985 -0.033621422679085883 -0.0024004811473105712 -0.057698703607214609 0.0072272155495587799
leaf_weight=198 140 170 113 169 116 140 136 136 215 101
leaf_count=198 140 170 113 169 116 140 136 136 215 101
internal_value=-0.00108257 -4.09284e-06 -0.000463975 -0.000805414 -0.00120264 -0.00193384 -0.00119134 0.00136808 -0.00426329 0.000139534
internal_weight=1634 1221 915 775 606 392 276 306 413 214
internal_count=1634 1221 915 775 606 392 276 306 413 214
is_linear=0
shrinkage=0.05


Tree=47
num_leaves=12
num_cat=0
split_feature=4 5 1 4 4 4 4 4 1 5 5
split_gain=2.24343 0.308257 0.238662 0.1585 0.117402 0.112897 0.203573 0.130944 0.0724395 0.05318 0.00776628
threshold=11.178414557575758 21.617566816071431 1.0000000180025095e-35 17.349250558914445 17.830599065099836 17.759150314908073 17.245186611021783 15.015935944971989 1.0000000180025095e-35 14.94849391742793 22.517701058228994
decision_type=2 2 2 2 2 2 2 2 2 2 2
left_child=8 2 3 9 -5 6 7 -4 -1 -2 -3
right_child=1 10 5 4 -6 -7 -8 -9 -10 -11 -12
leaf_value=-0.19142179640018508 0.0034350707653450288 0.05555219548831062 0.011644939445336976 -0.045156232504076022 -0.062276225343383979 -0.0049411425250697055 0.063706805163275634 -0.022337529221905329 -0.054813768426853843 -0.058047683549681123 0.013092105711187838
leaf_weight=198 150 114 149 114 125 122 111 107 215 127 102
leaf_count=198 150 114 149 114 125 122 111 107 215 127 102
internal_value=-0.00108257 -4.09284e-06 -0.000372765 -0.00112186 -0.0020625 0.000418366 0.000855977 7.78198e-05 -0.00426329 -0.000305757 0.00170507
internal_weight=1634 1221 1005 516 239 489 367 256 413 277 216
internal_count=1634 1221 1005 516 239 489 367 256 413 277 216
is_linear=0
shrinkage=0.05


Tree=48
num_leaves=12
num_cat=0
split_feature=4 4 4 5 3 3 5 5 1 3 4
split_gain=2.035 0.342642 0.257433 0.130857 0.271466 0.284346 0.112977 0.401132 0.101667 0.0753226 0.00498951
threshold=11.178414557575758 21.143349996740081 14.544575566749907 17.631870244434293 1.5000000000000002 1.0000000180025095e-35 17.515456773192987 16.143062023611112 1.0000000180025095e-35 2.5000000000000004 8.1721944400547297
decision_type=2 2 2 2 2 2 2 2 2 2 2
left_child=8 2 -2 4 5 -4 7 -6 -1 -3 -10
right_child=1 9 3 -5 6 -7 -8 -9 10 -11 -12
leaf_value=-0.18185070658017582 0.017043589077830008 0.028391679244735443 -0.012696921172335885 -0.031976330840745408 -0.084856001673878523 0.020033366815854367 -0.02892918262535471 0.029055780491968854 -0.066188714190872758 0.089195042508354652 -0.038841243666991709
leaf_weight=198 140 166 120 160 195 103 110 105 114 122 101
leaf_count=198 140 166 120 160 195 103 110 105 114 122 101
internal_value=-0.00111315 -8.59259e-05 -0.000551393 -0.000900505 -0.000575711 0.000825892 -0.0013382 -0.000830566 -0.00414251 0.00141868 -0.00335648
internal_weight=1634 1221 933 793 633 223 410 300 413 288 215
internal_count=1634 1221 933 793 633 223 410 300 413 288 215
is_linear=0
shrinkage=0.05


Tree=49
num_leaves=12
num_cat=0
split_feature=4 4 4 3 2 3 5 3 2 1 4
split_gain=2.118 0.308704 0.235953 0.146837 0.175686 0.232271 0.187679 0.157958 0.1456 0.101667 0.00498951
threshold=11.178414557575758 20.839014387792279 14.544575566749907 1.5000000000000002 12.500000000000002 2.5000000000000004 17.515456773192987 1.0000000180025095e-35 11.500000000000002 1.0000000180025095e-35 8.1721944400547297
decision_type=2 2 2 2 2 2 2 2 2 2 2
left_child=9 2 -2 7 5 -5 -7 -4 -3 -1 -11
right_child=1 8 3 4 -6 6 -8 -9 -10 10 -12
leaf_value=-0.17275817125116699 0.01619140962393854 0.050610708501961303 -0.011793398141157709 -0.10670438558060021 0.0042481826099733068 -0.0011959399482442492 -0.035612684445715671 0.0094368818445538308 -0.0039905197989899667 -0.062879278481329154 -0.036899181483642109
leaf_weight=198 140 170 149 116 110 169 107 124 136 114 101
leaf_count=198 140 170 149 116 110 169 107 124 136 114 101
internal_value=-0.00105199 -4.09284e-06 -0.000463975 -0.000805414 -0.00131213 -0.00180662 -0.00101083 0.000127736 0.00136808 -0.00414251 -0.00335648
internal_weight=1634 1221 915 775 502 392 276 273 306 413 215
internal_count=1634 1221 915 775 502 392 276 273 306 413 215
is_linear=0
shrinkage=0.05


Tree=50
num_leaves=12
num_cat=0
split_feature=4 5 4 1 5 5 4 1 4 5 4
split_gain=2.035 0.256966 0.231367 0.128525 0.167852 0.145829 0.115236 0.101667 0.0823909 0.0267006 0.00498951
threshold=11.178414557575758 21.617566816071431 14.544575566749907 1.0000000180025095e-35 17.610384217691543 15.182070505873051 17.494653818684906 1.0000000180025095e-35 15.29563058006296 22.517701058228994 8.1721944400547297
decision_type=2 2 2 2 2 2 2 2 2 2 2
left_child=7 2 -2 4 5 -4 8 -1 -5 -3 -9
right_child=1 9 3 6 -6 -7 -8 10 -10 -11 -12
leaf_value=-0.1641202626886086 0.01541826637652563 0.045784298163379138 -0.025118528588163581 -0.0041599451140220027 -0.071097872655954131 0.0015574835463066689 0.03854612988048331 -0.059735314557262692 -0.011694675275987337 0.011300949447036133 -0.03505422240945999
leaf_weight=198 139 114 143 105 136 169 179 114 134 102 101
leaf_count=198 139 114 143 105 136 169 179 114 134 102 101
internal_value=-0.00111315 -8.59259e-05 -0.000422466 -0.000726645 -0.00131403 -0.000670928 -9.54666e-05 -0.00414251 -0.000812501 0.00147465 -0.00335648
internal_weight=1634 1221 1005 866 448 312 418 413 239 216 215
internal_count=1634 1221 1005 866 448 312 418 413 239 216 215
is_linear=0
shrinkage=0.05


Tree=51
num_leaves=12
num_cat=0
split_feature=4 4 4 5 3 3 5 5 3 1 4
split_gain=2.035 0.26837 0.243657 0.144167 0.241823 0.284346 0.13573 0.330375 0.105855 0.101667 0.00498951
threshold=11.178414557575758 21.143349996740081 14.544575566749907 17.631870244434293 1.5000000000000002 1.0000000180025095e-35 16.143062023611112 17.515456773192987 2.5000000000000004 1.0000000180025095e-35 8.1721944400547297
decision_type=2 2 2 2 2 2 2 2 2 2 2
left_child=9 2 -2 4 5 -4 -6 -8 -3 -1 -11
right_child=1 8 3 -5 6 -7 7 -9 -10 10 -12
leaf_value=-0.15591424955417815 0.014610925823915339 0.02437947689718413 -0.010236094103094218 -0.030718480869399118 -0.080508729754777353 0.018481980205518542 0.027849959106884703 -0.025416696108806005 0.080241256578343273 -0.056748548829399593 -0.033301511288986972
leaf_weight=198 140 166 120 160 195 103 105 110 122 114 101
leaf_count=198 140 166 120 160 195 103 105 110 122 114 101
internal_value=-0.00111315 -8.59259e-05 -0.00049786 -0.000837533 -0.000496847 0.000825892 -0.00121655 -0.000347223 0.00124567 -0.00414251 -0.00335648
internal_weight=1634 1221 933 793 633 223 410 215 288 413 215
internal_count=1634 1221 933 793 633 223 410 215 288 413 215
is_linear=0
shrinkage=0.05


Tree=52
num_leaves=13
num_cat=0
split_feature=4 5 1 4 1 5 4 5 4 4 5 4
split_gain=1.99412 0.270603 0.179559 0.236533 0.101667 0.0816806 0.0805942 0.174595 0.087934 0.0783545 0.0267006 0.00498951
threshold=11.178414557575758 21.617566816071431 1.0000000180025095e-35 17.349250558914445 1.0000000180025095e-35 14.94849391742793 17.759150314908073 14.812494077070577 17.245186611021783 17.830599065099836 22.517701058228994 8.1721944400547297
decision_type=2 2 2 2 2 2 2 2 2 2 2 2
left_child=4 2 3 5 -1 -2 7 -4 -9 -5 -3 -6
right_child=1 10 6 9 11 -7 -8 8 -10 -11 -12 -13
leaf_value=-0.14811853707646927 0.0035074249939544815 0.039799007319516667 -0.013100260086598248 -0.043903144416670252 -0.053911121387929577 -0.049382648617952447 -0.0028196274021383186 0.011855031929305541 0.062679835934828107 -0.054744117919183558 0.0097924245525282672 -0.03163643572453758
leaf_weight=198 150 114 133 114 114 127 122 127 107 125 102 101
leaf_count=198 150 114 133 114 114 127 122 127 107 125 102 101
internal_value=-0.00114373 -0.000126842 -0.000472168 -0.00112186 -0.00414251 -0.0001259 0.000214285 0.000584238 0.00140425 -0.00227083 0.00147465 -0.00335648
internal_weight=1634 1221 1005 516 413 277 489 367 234 239 216 215
internal_count=1634 1221 1005 516 413 277 489 367 234 239 216 215
is_linear=0
shrinkage=0.05


Tree=53
num_leaves=12
num_cat=0
split_feature=4 1 2 4 4 1 4 5 4 5 4
split_gain=1.95365 0.193628 0.217252 0.193729 0.185942 0.101667 0.0815984 0.305371 0.0721029 0.0707723 0.00498951
threshold=11.178414557575758 1.0000000180025095e-35 9.5000000000000018 20.914154855654242 15.29563058006296 1.0000000180025095e-35 21.354949297548597 17.610384217691543 17.494653818684906 15.182070505873051 8.1721944400547297
decision_type=2 2 2 2 2 2 2 2 2 2 2
left_child=5 2 -2 4 -3 -1 7 9 -6 -4 -7
right_child=1 3 6 -5 8 10 -8 -9 -10 -11 -12
leaf_value=-0.14071261022264583 -0.05022816867461391 0.011740763766511265 -0.010452826366324034 0.08643643121530209 -0.016042411051599384 -0.051215565318533066 0.034092026909560869 -0.052837917750130949 -0.001261089534045092 0.0097618834761879925 -0.030054613938310683
leaf_weight=198 141 177 146 149 136 114 100 100 131 141 101
leaf_count=198 141 177 146 149 136 114 100 100 131 141 101
internal_value=-0.00117431 -0.000167759 -0.000779015 0.000479797 -4.4945e-05 -0.00414251 -0.000276641 -0.000605671 -0.000876867 0.000225693 -0.00335648
internal_weight=1634 1221 628 593 444 413 487 387 267 287 215
internal_count=1634 1221 628 593 444 413 487 387 267 287 215
is_linear=0
shrinkage=0.05


Tree=54
num_leaves=12
num_cat=0
split_feature=4 4 4 3 5 4 0 4 3 1 4
split_gain=1.9557 0.324276 0.17127 0.119556 0.256439 0.204002 0.185849 0.216158 0.0753226 0.0709818 0.00498951
threshold=11.178414557575758 21.143349996740081 17.923206886420711 1.5000000000000002 17.515456773192987 17.118207408218883 2.5000000000000004 14.902861214457038 2.5000000000000004 1.0000000180025095e-35 8.1721944400547297
decision_type=2 2 2 2 2 2 2 2 2 2 2
left_child=9 2 3 5 6 -2 -5 -8 -3 -1 -11
right_child=1 8 -4 4 -6 -7 7 -9 -10 10 -12
leaf_value=-0.13367697971151352 -0.012493399375989611 0.0189075220004566 -0.027799254653452302 0.020470649559080848 -0.033856429477492109 0.020490389874431275 0.0039314056594217314 -0.090667371445676118 0.073903713395037415 -0.048654787052606445 -0.028551883241395105
leaf_weight=198 145 166 126 138 153 101 155 115 122 114 101
leaf_count=198 145 166 126 138 153 101 155 115 122 114 101
internal_value=-0.00105199 -4.50094e-05 -0.00049786 -0.000228962 -0.000631674 0.000688258 2.44487e-05 -0.000738009 0.00141868 -0.00402174 -0.00335648
internal_weight=1634 1221 933 807 561 246 408 270 288 413 215
internal_count=1634 1221 933 807 561 246 408 270 288 413 215
is_linear=0
shrinkage=0.05


Tree=55
num_leaves=11
num_cat=0
split_feature=4 1 2 4 4 1 4 4 5 5
split_gain=1.79987 0.19508 0.237806 0.237742 0.107142 0.0998062 0.0839625 0.0689653 0.218109 0.0707723
threshold=11.178414557575758 1.0000000180025095e-35 9.5000000000000018 20.839014387792279 15.29563058006296 1.0000000180025095e-35 17.456097524312455 21.354949297548597 17.610384217691543 15.182070505873051
decision_type=2 2 2 2 2 2 2 2 2 2
left_child=5 2 -2 4 -3 -1 -6 8 9 -4
right_child=1 3 7 -5 6 -7 -8 -9 -10 -11
leaf_value=-0.12699313072593785 -0.045607398019177348 0.010626373887292919 -0.0073511750848222427 0.079742785664624949 -0.020927005817739111 -0.033435341984205329 0.00034860407401357768 0.028967214360807493 -0.048533485548019159 0.0082492698086570216
leaf_weight=198 141 177 146 151 131 215 134 100 100 141
leaf_count=198 141 177 146 151 131 215 134 100 100 141
internal_value=-0.00105199 -8.59259e-05 -0.000699524 0.000563972 -2.25746e-05 -0.00390097 -0.000657896 -0.000174182 -0.000476805 0.000225693
internal_weight=1634 1221 628 593 442 413 265 487 387 287
internal_count=1634 1221 628 593 442 413 265 487 387 287
is_linear=0
shrinkage=0.05


Tree=56
num_leaves=11
num_cat=0
split_feature=4 4 4 3 4 4 3 5 1 1
split_gain=1.83871 0.252145 0.182193 0.159056 0.278305 0.245647 0.16194 0.309751 0.0998062 0.0478841
threshold=11.178414557575758 21.143349996740081 17.923206886420711 1.5000000000000002 17.118207408218883 14.544575566749907 2.5000000000000004 17.428168054746852 1.0000000180025095e-35 1.0000000180025095e-35
decision_type=2 2 2 2 2 2 2 2 2 2
left_child=8 2 3 4 -2 -5 -7 -8 -1 -3
right_child=1 9 -4 5 -6 6 7 -9 -10 -11
leaf_value=-0.120643474189641 -0.010713044597527234 0.0013626821648516812 -0.025204677167928482 0.014127667018054475 0.019053406890276764 -0.089958848311813541 0.022504776244422459 -0.025517851339908883 -0.031763574884995066 0.071318624026767932
leaf_weight=198 145 143 126 117 101 129 158 157 215 145
leaf_count=198 145 143 126 117 101 129 158 157 215 145
internal_value=-0.00102141 -4.50094e-05 -0.000444327 -0.00016708 0.000890687 -0.000631674 -0.00116854 -0.000553799 -0.00390097 0.00124567
internal_weight=1634 1221 933 807 246 561 444 315 413 288
internal_count=1634 1221 933 807 246 561 444 315 413 288
is_linear=0
shrinkage=0.05


Tree=57
num_leaves=12
num_cat=0
split_feature=4 5 1 4 1 5 2 5 5 5 4
split_gain=1.87997 0.194051 0.183961 0.142157 0.133059 0.119316 0.193457 0.111821 0.162563 0.010221 0.00779428
threshold=11.178414557575758 21.617566816071431 1.0000000180025095e-35 14.902861214457038 1.0000000180025095e-35 14.812494077070577 11.500000000000002 16.143062023611112 17.610384217691543 22.428800968939395 8.1721944400547297
decision_type=2 2 2 2 2 2 2 2 2 2 2
left_child=4 2 3 -2 -1 -4 -7 -5 -9 -3 -6
right_child=1 9 5 7 10 6 -8 8 -10 -11 -12
leaf_value=-0.11461130048015891 0.0032243275572203401 0.025767511082363442 -0.011085212046340304 -0.088491532760285083 -0.042962101856516104 -0.00058222028820955327 0.065046961637819409 0.001281848733589852 -0.054102481532005475 0.010116886562380941 -0.023864343235865376
leaf_weight=198 124 102 140 108 114 192 157 149 135 114 101
leaf_count=198 124 102 140 108 114 192 157 149 135 114 101
internal_value=-0.000868503 0.000118657 -0.000173957 -0.000831723 -0.00378019 0.000520407 0.00101428 -0.00129771 -0.000771931 0.00147465 -0.00289352
internal_weight=1634 1221 1005 516 413 489 349 392 284 216 215
internal_count=1634 1221 1005 516 413 489 349 392 284 216 215
is_linear=0
shrinkage=0.05


Tree=58
num_leaves=12
num_cat=0
split_feature=4 4 4 1 3 5 4 0 2 1 4
split_gain=1.65238 0.236425 0.19345 0.17074 0.141014 0.28629 0.278305 0.269953 0.256627 0.0478841 0.0287093
threshold=11.178414557575758 21.143349996740081 17.923206886420711 1.0000000180025095e-35 1.5000000000000002 17.44445733465751 17.118207408218883 2.5000000000000004 10.500000000000002 1.0000000180025095e-35 8.1721944400547297
decision_type=2 2 2 2 2 2 2 2 2 2 2
left_child=3 2 4 -1 6 7 -2 -6 -9 -3 -5
right_child=1 9 -4 10 5 -7 -8 8 -10 -11 -12
leaf_value=-0.10888073545615101 -0.010052415497045449 0.0029872138179636233 -0.023877929146575477 -0.040813996763690331 0.031492918760971593 -0.02694533290784068 0.018036644109083452 -0.068238374627728721 0.0034998716006705028 0.06746083247094585 -0.022671126074072071
leaf_weight=198 145 143 126 114 100 191 101 137 133 145 101
leaf_count=198 145 143 126 114 100 191 101 137 133 145 101
internal_value=-0.000929665 -4.09284e-06 -0.000390793 -0.00365942 -0.000105199 -0.000542706 0.000890687 0.000269541 -0.000553507 0.00124567 -0.00266204
internal_weight=1634 1221 933 413 807 561 246 370 270 288 215
internal_count=1634 1221 933 413 807 561 246 370 270 288 215
is_linear=0
shrinkage=0.05


Tree=59
num_leaves=12
num_cat=0
split_feature=4 4 5 1 4 3 3 3 5 1 4
split_gain=1.72725 0.206498 0.292638 0.17074 0.159477 0.24707 0.225199 0.0917605 0.249466 0.0478841 0.0287093
threshold=11.178414557575758 21.143349996740081 17.631870244434293 1.0000000180025095e-35 14.581742261170929 1.5000000000000002 1.0000000180025095e-35 2.5000000000000004 17.428168054746852 1.0000000180025095e-35 8.1721944400547297
decision_type=2 2 2 2 2 2 2 2 2 2 2
left_child=3 2 4 -1 -2 6 -6 -7 -9 -3 -5
right_child=1 9 -4 10 5 7 -8 8 -10 -11 -12
leaf_value=-0.10343669868334349 0.0077307113400560852 0.0028378531270654532 -0.024108522089748747 -0.038773296925505824 -0.0084601888354757428 -0.077186494335339417 0.016685884365045051 0.027647676370202118 -0.020319498881918044 0.064087790847398726 -0.021537569770368428
leaf_weight=198 152 143 162 114 119 122 102 153 123 145 101
leaf_count=198 152 143 162 114 119 122 102 153 123 145 101
internal_value=-0.000868503 7.77402e-05 -0.000283727 -0.00365942 0.000123056 -0.000233872 0.0011036 -0.000977445 -0.000469315 0.00124567 -0.00266204
internal_weight=1634 1221 933 413 771 619 221 398 276 288 215
internal_count=1634 1221 933 413 771 619 221 398 276 288 215
is_linear=0
shrinkage=0.05


Tree=60
num_leaves=13
num_cat=0
split_feature=4 5 4 4 5 1 4 4 5 4 4 5
split_gain=1.65612 0.160518 0.174893 0.135729 0.145228 0.132408 0.114966 0.106277 0.253099 0.0475545 0.0177927 0.010221
threshold=11.178414557575758 21.617566816071431 14.581742261170929 8.3200577901016324 7.892862858404742 1.0000000180025095e-35 17.349250558914445 17.759150314908073 16.586670270460711 17.787234765186859 15.037886921495934 22.428800968939395
decision_type=2 2 2 2 2 2 2 2 2 2 2 2
left_child=3 2 -2 4 -1 6 10 8 -7 -8 -4 -3
right_child=1 11 5 -5 -6 7 9 -9 -10 -11 -12 -13
leaf_value=-0.035424444517174324 0.0068149554529236232 0.023559249261837261 -0.0081251035580264721 -0.034301984466280334 -0.081286433741646402 -0.016811684556509707 -0.033520202622513103 -0.00047945084930095972 0.04841518655903107 -0.041573015250302325 0.0050838990103024952 0.011310543493041583
leaf_weight=103 153 102 100 140 170 139 100 122 151 139 101 114
leaf_count=103 153 102 100 140 170 139 100 122 151 139 101 114
internal_value=-0.000685016 0.000241406 -2.48521e-05 -0.00341788 -0.00406934 -0.000304808 -0.000907031 0.000338982 0.000859105 -0.00164583 -2.47537e-05 0.00147465
internal_weight=1634 1221 1005 413 273 852 440 412 290 239 201 216
internal_count=1634 1221 1005 413 273 852 440 412 290 239 201 216
is_linear=0
shrinkage=0.05


Tree=61
num_leaves=12
num_cat=0
split_feature=4 4 5 4 4 3 3 5 5 5 1
split_gain=1.40858 0.206498 0.292638 0.166725 0.159477 0.24707 0.225199 0.183054 0.257018 0.142741 0.0478841
threshold=11.178414557575758 21.143349996740081 17.631870244434293 8.2866159418511014 14.581742261170929 1.5000000000000002 1.0000000180025095e-35 17.515456773192987 16.143062023611112 7.892862858404742 1.0000000180025095e-35
decision_type=2 2 2 2 2 2 2 2 2 2 2
left_child=3 2 4 9 -2 6 -6 8 -7 -1 -3
right_child=1 10 -4 -5 5 7 -8 -9 -10 -11 -12
leaf_value=-0.033653222291315614 0.0070034280004070866 0.0035049735807890919 -0.021647394919211423 -0.022918495486155002 -0.007630924215800714 -0.077681534995833065 0.015830685385137676 -0.016049773769388109 0.024240875618195629 -0.083646288300806948 0.060553676041110407
leaf_weight=103 152 143 162 147 119 183 102 110 105 163 145
leaf_count=103 152 143 162 147 119 183 102 110 105 163 145
internal_value=-0.00077676 7.77402e-05 -0.000283727 -0.0032971 0.000123056 -0.000233872 0.0011036 -0.000977445 -0.00031142 -0.00404495 0.00124567
internal_weight=1634 1221 933 413 771 619 221 398 288 266 288
internal_count=1634 1221 933 413 771 619 221 398 288 266 288
is_linear=0
shrinkage=0.05


Tree=62
num_leaves=12
num_cat=0
split_feature=4 1 5 4 1 4 4 4 4 4 5
split_gain=1.4447 0.200888 0.210495 0.167288 0.165367 0.164382 0.153997 0.208232 0.0962685 0.1055 0.0657333
threshold=11.178414557575758 1.0000000180025095e-35 17.610384217691543 15.29563058006296 1.0000000180025095e-35 21.313257434312224 14.916062690048125 21.442451940899051 17.866577459022292 17.211759895355819 7.9810331603568132
decision_type=2 2 2 2 2 2 2 2 2 2 2
left_child=4 6 3 -3 -1 -4 -2 8 9 -8 -6
right_child=1 2 5 -5 10 -7 7 -9 -10 -11 -12
leaf_value=-0.091560562044947003 0.0019754361984802688 0.0088244696558745436 0.042527534434590217 -0.0058638490288667293 -0.021473545621926188 0.044681704207878675 -0.051182804707667007 0.036243807466261893 -0.054206013768565819 -0.0017604538687924589 -0.029184265068621169
leaf_weight=198 130 175 105 193 106 120 129 115 106 148 109
leaf_count=198 130 175 105 193 106 120 129 115 106 148 109
internal_value=-0.000623854 0.000241406 0.000900672 0.0001626 -0.00317633 0.00210177 -0.000381559 -0.000781564 -0.00134115 -0.000845325 -0.00219908
internal_weight=1634 1221 593 368 413 225 628 498 383 277 215
internal_count=1634 1221 593 368 413 225 628 498 383 277 215
is_linear=0
shrinkage=0.05


Tree=63
num_leaves=12
num_cat=0
split_feature=4 4 4 4 4 3 4 5 5 5 1
split_gain=1.26019 0.202214 0.184103 0.139244 0.151076 0.24679 0.241386 0.180647 0.243239 0.108111 0.0775842
threshold=8.2866159418511014 21.143349996740081 17.923206886420711 11.178414557575758 14.581742261170929 1.5000000000000002 17.118207408218883 17.515456773192987 16.143062023611112 7.892862858404742 1.0000000180025095e-35
decision_type=2 2 2 2 2 2 2 2 2 2 2
left_child=9 2 3 -2 -5 6 -6 8 -7 -1 -3
right_child=1 10 -4 4 5 7 -8 -9 -10 -11 -12
leaf_value=-0.030196005209299416 -0.020698893430750875 0.0015175345284364791 -0.017235586384581138 0.0052563292283913038 -0.007436074398516259 -0.07128696413799325 0.015342816720982319 -0.022015576262532373 0.025466550911825526 -0.078313187921116495 0.055291907028660818
leaf_weight=103 147 143 126 154 120 177 101 151 104 163 145
leaf_count=103 147 143 126 154 120 177 101 151 104 163 145
internal_value=-0.000715598 -0.000102266 -0.000416282 -0.000178012 8.04444e-05 -0.000252295 0.0011036 -0.000946883 -0.000195037 -0.00385768 0.00107266
internal_weight=1634 1368 1080 954 807 653 221 432 281 266 288
internal_count=1634 1368 1080 954 807 653 221 432 281 266 288
is_linear=0
shrinkage=0.05


Tree=64
num_leaves=12
num_cat=0
split_feature=4 1 4 4 4 5 4 2 5 5 5
split_gain=1.13764 0.235469 0.185167 0.258211 0.166774 0.166365 0.163407 0.116955 0.0811003 0.154303 0.140164
threshold=8.2866159418511014 1.0000000180025095e-35 21.442451940899051 17.532965738664362 20.914154855654242 7.892862858404742 15.309038072497859 10.500000000000002 14.812494077070577 17.56663902427545 13.032917169333336
decision_type=2 2 2 2 2 2 2 2 2 2 2
left_child=5 2 3 6 8 -1 7 -2 10 -10 -3
right_child=1 4 -4 -5 -6 -7 -8 -9 9 -11 -12
leaf_value=-0.028686204948834428 -0.055444984083104165 0.0052383435047858914 0.034355740366526943 -0.040633318703646247 0.057940996037374064 -0.074397528525060666 0.0036001135254933123 -0.0037758576244950729 0.024013122505031008 -0.00051529185336756506 -0.043394661480832701
leaf_weight=103 162 105 115 190 149 163 122 105 191 118 111
leaf_count=103 162 105 115 190 149 163 122 105 191 118 111
internal_value=-0.000685016 -0.000102266 -0.000748203 -0.00111207 0.000562962 -0.00367041 -0.000371796 -0.00106343 0.000142584 0.000661289 -0.00059908
internal_weight=1634 1368 694 579 674 266 389 267 525 309 216
internal_count=1634 1368 694 579 674 266 389 267 525 309 216
is_linear=0
shrinkage=0.05


Tree=65
num_leaves=12
num_cat=0
split_feature=4 4 4 5 4 4 3 4 5 5 1
split_gain=1.16107 0.189848 0.193756 0.166365 0.12341 0.139862 0.24679 0.241386 0.180647 0.243239 0.0775842
threshold=8.2866159418511014 21.143349996740081 17.923206886420711 7.892862858404742 9.0488119511972354 14.581742261170929 1.5000000000000002 17.118207408218883 17.515456773192987 16.143062023611112 1.0000000180025095e-35
decision_type=2 2 2 2 2 2 2 2 2 2 2
left_child=3 2 4 -1 -2 -6 7 -7 9 -8 -3
right_child=1 10 -4 -5 5 6 8 -9 -10 -11 -12
leaf_value=-0.027251894701392665 -0.021316826125024807 -0.00027612921631172945 -0.014391747356991991 -0.070677652098807595 0.0027273418534493133 -0.0042920214744353279 -0.067804250975001895 0.01445091822724736 -0.02109479521612638 0.024013217689959544 0.0496302618753591
leaf_weight=103 119 143 126 163 182 120 177 101 151 104 145
leaf_count=103 119 143 126 163 182 120 177 101 151 104 145
internal_value=-0.000654435 -6.57426e-05 -0.000370029 -0.00367041 -0.000125656 8.97117e-05 -0.000252295 0.0011036 -0.000946883 -0.000195037 0.00107266
internal_weight=1634 1368 1080 266 954 835 653 221 432 281 288
internal_count=1634 1368 1080 266 954 835 653 221 432 281 288
is_linear=0
shrinkage=0.05


Tree=66
num_leaves=12
num_cat=0
split_feature=4 1 4 4 4 1 4 4 4 4 4
split_gain=1.30653 0.191833 0.190809 0.208232 0.181025 0.179375 0.147506 0.146109 0.0962685 0.1055 0.0182257
threshold=9.0488119511972354 1.0000000180025095e-35 14.916062690048125 21.442451940899051 17.456097524312455 1.0000000180025095e-35 21.313257434312224 15.29563058006296 17.866577459022292 17.211759895355819 8.1391200894750728
decision_type=2 2 2 2 2 2 2 2 2 2 2
left_child=5 2 -2 8 7 -1 -6 -3 9 -4 -7
right_child=1 4 3 -5 6 10 -8 -9 -10 -11 -12
leaf_value=-0.081722093506610666 0.0022526652133521012 0.0083282750989255618 -0.049490568369968617 0.032651759809016016 0.040300306887863957 -0.025043401228682066 0.024194774232632305 -0.022936900941424782 -0.049418200486098268 -0.00044277674996844903 -0.010130330808508448
leaf_weight=185 143 192 129 115 159 100 126 131 106 148 100
leaf_count=185 143 192 129 115 159 100 126 131 106 148 100
internal_value=-0.00050153 0.000283999 -0.000319316 -0.000781564 0.000919539 -0.00304404 0.00183566 0.000108024 -0.00134115 -0.000845325 -0.00199005
internal_weight=1634 1249 641 498 608 385 285 323 383 277 200
internal_count=1634 1249 641 498 608 385 285 323 383 277 200
is_linear=0
shrinkage=0.05


Tree=67
num_leaves=12
num_cat=0
split_feature=4 5 4 4 4 5 3 5 4 5 0
split_gain=1.0915 0.166365 0.110568 0.155675 0.125286 0.118696 0.114695 0.369993 0.112203 0.314903 0.260918
threshold=8.2866159418511014 7.892862858404742 9.0488119511972354 14.581742261170929 21.634836897058189 20.945684880173257 1.5000000000000002 17.344639321995064 17.705783500640976 17.515456773192987 2.5000000000000004
decision_type=2 2 2 2 2 2 2 2 2 2 2
left_child=1 -1 -2 -4 5 6 7 -5 9 10 -8
right_child=2 -3 3 4 -6 -7 8 -9 -10 -11 -12
leaf_value=-0.024070336090350405 -0.019744468278348165 -0.066040733016632866 0.0022964763384962202 -0.006513915514156296 0.036076029191798607 -0.012044910266541552 0.024686420099345765 0.04544948713033288 0.028225942496581544 -0.032597232732662032 -0.062821790313262557
leaf_weight=103 119 163 182 138 186 180 113 100 104 100 146
leaf_count=103 119 163 182 138 186 180 113 100 104 100 146
internal_value=-0.000746179 -0.00367041 -0.000175312 -3.60012e-05 -0.000266855 -0.000515874 -0.000220799 0.000669455 -0.00067888 -0.00109722 -0.000173078
internal_weight=1634 266 1368 1249 1067 881 701 238 463 359 259
internal_count=1634 266 1368 1249 1067 881 701 238 463 359 259
is_linear=0
shrinkage=0.05


Tree=68
num_leaves=12
num_cat=0
split_feature=4 1 1 2 4 5 3 5 5 2 4
split_gain=0.757379 0.192324 0.118662 0.152141 0.172428 0.145024 0.242084 0.131627 0.0784328 0.077724 0.0202616
threshold=8.2371662673703891 1.0000000180025095e-35 1.0000000180025095e-35 9.5000000000000018 14.916062690048125 14.812494077070577 1.5000000000000002 20.945684880173257 13.328071031393298 11.500000000000002 17.847610741860649
decision_type=2 2 2 2 2 2 2 2 2 2 2
left_child=1 -1 3 -2 -5 8 -7 -8 -4 -6 -11
right_child=2 -3 5 4 9 6 7 -9 -10 10 -12
leaf_value=-0.084998907726520065 -0.034401822318258189 -0.020347078636044458 0.002810955927673978 0.0013005866654210005 0.0003964396567408884 0.047513146523275582 0.011939308723883761 -0.013575263091364803 -0.038473561702154796 -0.035038174443271876 -0.020553065160733325
leaf_weight=122 176 123 126 133 177 154 189 110 106 110 108
leaf_count=122 176 123 126 133 177 154 189 110 106 110 108
internal_value=-0.000593273 -0.00315041 -0.000140289 -0.000595746 -0.000170134 0.000327987 0.000848016 1.66655e-05 -0.000686696 -0.000694446 -0.0013242
internal_weight=1634 245 1389 704 528 685 453 299 232 395 218
internal_count=1634 245 1389 704 528 685 453 299 232 395 218
is_linear=0
shrinkage=0.05


Tree=69
num_leaves=13
num_cat=0
split_feature=4 1 4 4 3 4 4 3 5 4 5 4
split_gain=0.757379 0.192324 0.109633 0.193796 0.128435 0.109763 0.139862 0.171585 0.193407 0.175143 0.1367 0.0965409
threshold=8.2371662673703891 1.0000000180025095e-35 21.143349996740081 17.923206886420711 2.5000000000000004 9.0488119511972354 14.581742261170929 1.5000000000000002 17.428168054746852 17.118207408218883 15.127326731247871 17.532965738664362
decision_type=2 2 2 2 2 2 2 2 2 2 2 2
left_child=1 -1 3 5 -4 -2 -7 9 10 -8 -9 -10
right_child=2 -3 4 -5 -6 6 7 8 11 -11 -12 -13
leaf_value=-0.080748962340194047 -0.01959327855965802 -0.019329724704242237 -0.0018793790067817306 -0.013996092832778273 0.063877802005626455 0.0038149153105096981 -0.0030474787486292087 -0.065096319093249463 -0.045671516094575385 0.012505687557527734 0.019092474683199384 -0.0035538513508198127
leaf_weight=122 140 123 166 126 122 182 120 113 102 101 108 109
leaf_count=122 140 123 166 126 122 182 120 113 102 101 108 109
internal_value=-0.000593273 -0.00315041 -0.000140289 -0.000367515 0.000726642 -0.000128075 8.97117e-05 -0.000252295 -0.00083141 0.000878377 0.000202702 -0.00191038
internal_weight=1634 245 1389 1101 288 975 835 653 432 221 221 211
internal_count=1634 245 1389 1101 288 975 835 653 432 221 221 211
is_linear=0
shrinkage=0.05


Tree=70
num_leaves=13
num_cat=0
split_feature=4 1 1 2 2 4 5 4 4 4 4 5
split_gain=0.794049 0.192324 0.159077 0.180273 0.152141 0.153774 0.12714 0.0802356 0.109529 0.0680268 0.0256787 0.0215567
threshold=8.2371662673703891 1.0000000180025095e-35 1.0000000180025095e-35 12.500000000000002 9.5000000000000018 16.640665646477412 17.56663902427545 14.50585645221898 17.494653818684906 15.29563058006296 21.332862679949049 14.303122657637829
decision_type=2 2 2 2 2 2 2 2 2 2 2 2
left_child=1 -1 4 7 -2 11 -7 -4 9 -9 -8 -6
right_child=2 -3 3 -5 5 6 10 8 -10 -11 -12 -13
leaf_value=-0.076711514223184299 -0.032242984776176674 -0.018363238469030121 0.0081839595200461756 0.043445364423201988 0.001937318943912109 -0.030424093783863806 -0.017420747128732463 -0.0094261806980510867 0.010422242186317879 -0.036825214394926448 0.012800553464273671 -0.00083969642647697864
leaf_weight=122 176 123 157 125 101 109 115 104 198 101 101 102
leaf_count=122 176 123 157 125 101 109 115 104 198 101 101 102
internal_value=-0.000532111 -0.00315041 -6.83465e-05 0.00047376 -0.000595746 -0.000170134 -0.000843559 8.91254e-05 -0.000284655 -0.00109223 -0.00013825 0.000906862
internal_weight=1634 245 1389 685 704 528 325 560 403 205 216 203
internal_count=1634 245 1389 685 704 528 325 560 403 205 216 203
is_linear=0
shrinkage=0.05


Tree=71
num_leaves=13
num_cat=0
split_feature=4 1 2 2 5 4 4 5 5 3 4 1
split_gain=0.775606 0.192324 0.111743 0.365569 0.0752515 0.462416 0.128602 0.168255 0.165005 0.0985541 0.100631 0.0464895
threshold=8.2371662673703891 1.0000000180025095e-35 13.500000000000002 12.500000000000002 17.691482265047792 21.332862679949049 17.472354126300733 16.961074985984851 14.362870865864307 2.5000000000000004 11.178414557575758 1.0000000180025095e-35
decision_type=2 2 2 2 2 2 2 2 2 2 2 2
left_child=1 -1 3 4 6 -6 7 8 9 10 -2 -10
right_child=2 -3 -4 -5 5 -7 -8 -9 11 -11 -12 -13
leaf_value=-0.072875938512025076 -0.02207882765126375 -0.01744507654557861 -0.010426364132965899 0.043668508164833454 -0.034065862975507559 0.012415253254241379 0.012012546097787017 -0.041003970773562153 0.00074023473662978797 -0.041583112899370556 0.0062979269017630103 0.012914914897826119
leaf_weight=122 102 123 129 141 106 168 160 106 112 149 106 110
leaf_count=122 102 123 129 141 106 168 160 106 112 149 106 110
internal_value=-0.000562692 -0.00315041 -0.000104318 3.96499e-05 -0.000263394 -0.000981819 -2.9552e-05 -0.00032799 8.6195e-06 -0.000656426 4.78457e-05 0.00107623
internal_weight=1634 245 1389 1260 1119 274 845 685 579 357 208 222
internal_count=1634 245 1389 1260 1119 274 845 685 579 357 208 222
is_linear=0
shrinkage=0.05


Tree=72
num_leaves=13
num_cat=0
split_feature=4 1 2 2 2 1 4 5 5 4 5 4
split_gain=0.710206 0.252985 0.123554 0.245513 0.0781244 0.179004 0.0902641 0.194547 0.191864 0.240433 0.169209 0.123977
threshold=8.2371662673703891 1.0000000180025095e-35 13.500000000000002 12.500000000000002 9.5000000000000018 1.0000000180025095e-35 14.647153352393607 15.095265740253684 17.428168054746852 21.442451940899051 17.610384217691543 12.779635423862782
decision_type=2 2 2 2 2 2 2 2 2 2 2 2
left_child=1 -1 3 4 5 -2 11 -8 -9 10 -10 -6
right_child=2 -3 -4 -5 6 -7 7 8 9 -11 -12 -13
leaf_value=-0.069232141586423809 -0.03123146284225721 -0.016572822718299653 -0.0099050459263176748 0.041485082756591712 -0.03923547499474582 0.0027181157608591197 -0.052662520212144848 0.023973020708019179 -0.00018637993912785488 0.045830431974667629 -0.041096716268789663 0.0081049056006420126
leaf_weight=122 176 123 129 141 113 166 117 113 105 105 121 103
leaf_count=122 176 123 129 141 113 166 117 113 105 105 121 103
internal_value=-0.000470949 -0.00294716 -3.23753e-05 0.000118952 -0.000129465 -0.000758019 0.000147814 -0.000186834 0.000292134 -0.000316266 -0.00123348 0.00101382
internal_weight=1634 245 1389 1260 1119 342 777 561 444 331 226 216
internal_count=1634 245 1389 1260 1119 342 777 561 444 331 226 216
is_linear=0
shrinkage=0.05


Tree=73
num_leaves=14
num_cat=0
split_feature=4 1 2 2 4 4 4 4 5 5 5 4 4
split_gain=0.763805 0.252985 0.142376 0.216601 0.0845669 0.175593 0.13113 0.088818 0.255988 0.154646 0.109187 0.0951962 0.0224
threshold=8.2371662673703891 1.0000000180025095e-35 13.500000000000002 12.500000000000002 20.676363963169837 17.759150314908073 22.027253080003771 17.448141006232767 16.961074985984851 14.362870865864307 13.653429397916669 8.7991993778378923 14.920260875602667
decision_type=2 2 2 2 2 2 2 2 2 2 2 2 2
left_child=1 -1 3 4 5 7 -6 8 9 10 11 -2 -11
right_child=2 -3 -4 -5 6 -7 -8 -9 -10 12 -12 -13 -14
leaf_value=-0.065770534507102615 -0.014785240800060051 -0.015744181582384709 -0.0094097936300018351 0.039410828618761995 0.013009929337283527 -0.020864832388744863 -0.0061858094367544742 0.01133913197711129 -0.048873109489038148 0.0039615295330687507 -0.057407046562043963 0.0028191193746300706 0.011070515926863957
leaf_weight=122 126 123 129 141 113 105 108 101 113 102 130 101 120
leaf_count=122 126 123 129 141 113 105 108 101 113 102 130 101 120
internal_value=-0.000379206 -0.00294716 7.55384e-05 0.000237905 4.46309e-06 -0.000211347 0.000878377 4.40794e-05 -0.000158731 0.00026724 -0.000377096 0.000285087 0.00130045
internal_weight=1634 245 1389 1260 1119 898 221 793 692 579 357 227 222
internal_count=1634 245 1389 1260 1119 898 221 793 692 579 357 227 222
is_linear=0
shrinkage=0.05


Tree=74
num_leaves=12
num_cat=0
split_feature=4 1 2 2 2 1 5 5 5 4 4
split_gain=0.800615 0.252985 0.15566 0.198325 0.0985065 0.137483 0.0651396 0.1961 0.1205 0.179989 0.0952334
threshold=8.2371662673703891 1.0000000180025095e-35 13.500000000000002 12.500000000000002 9.5000000000000018 1.0000000180025095e-35 21.050047303717381 17.584247711603496 15.095265740253684 14.647153352393607 12.779635423862782
decision_type=2 2 2 2 2 2 2 2 2 2 2
left_child=1 -1 3 4 5 -2 7 8 9 10 -6
right_child=2 -3 -4 -5 6 -7 -8 -9 -10 -11 -12
leaf_value=-0.062482007781747506 -0.029431753908123956 -0.014956972503265487 -0.0089393039485017155 0.037440287187823842 -0.034829572665151097 0.0028528064418930931 0.0064284359174262831 -0.032102220311885338 0.010679723890612246 -0.050582919997880796 0.0079575287340472225
leaf_weight=122 176 123 129 141 113 166 141 108 198 117 100
leaf_count=122 176 123 129 141 113 166 141 108 198 117 100
internal_value=-0.000318044 -0.00294716 0.000147481 0.000317207 9.37488e-05 -0.000612246 0.000404883 0.000188382 0.00058601 -1.18849e-09 0.000864485
internal_weight=1634 245 1389 1260 1119 342 777 636 528 330 213
internal_count=1634 245 1389 1260 1119 342 777 636 528 330 213
is_linear=0
shrinkage=0.05


Tree=75
num_leaves=11
num_cat=0
split_feature=4 1 2 4 4 4 4 4 5 5
split_gain=0.633652 0.199378 0.134331 0.127421 0.115231 0.109419 0.166394 0.116943 0.0975407 0.123911
threshold=8.103917173450478 1.0000000180025095e-35 9.5000000000000018 20.839014387792279 14.50585645221898 16.640665646477412 14.62610134333916 17.775560467622309 15.106304462765548 17.515456773192987
decision_type=2 2 2 2 2 2 2 2 2 2
left_child=-1 2 -2 4 -3 6 -4 -7 -6 -10
right_child=1 3 5 -5 8 7 -8 -9 9 -11
leaf_value=-0.047794782709802509 -0.031037095723190536 0.0081001408117006967 -0.038203596048632563 0.035568282506266737 -0.027747097025845165 -0.033027373095951516 0.018209533110036185 0.00016229860535586454 0.016414835678068729 -0.0053960918910367995
leaf_weight=182 194 190 113 151 101 128 104 197 133 141
leaf_count=182 194 190 113 151 101 128 104 197 133 141
internal_value=-0.000287463 6.19396e-05 -0.000515605 0.000655508 0.000309186 -0.000110498 0.00075688 -0.000690185 -0.000199469 0.000290908
internal_weight=1634 1452 736 716 565 542 217 325 375 274
internal_count=1634 1452 736 716 565 542 217 325 375 274
is_linear=0
shrinkage=0.05


Tree=76
num_leaves=11
num_cat=0
split_feature=4 1 3 4 4 4 4 4 0 2
split_gain=0.647704 0.135565 0.207792 0.148964 0.116811 0.229619 0.222842 0.333392 0.0556933 0.0448157
threshold=8.103917173450478 1.0000000180025095e-35 1.0000000180025095e-35 14.50585645221898 21.442451940899051 17.532965738664362 13.329445555889093 14.920260875602667 1.5000000000000002 11.500000000000002
decision_type=2 2 2 2 2 2 2 2 2 2
left_child=-1 4 -3 -4 5 6 -2 -8 -5 -10
right_child=1 2 3 8 -6 -7 7 -9 9 -11
leaf_value=-0.045405043574312388 -0.045545396113207431 0.027315852455636627 0.011432088174237423 0.00060444126880175933 0.023442019642258519 -0.03486284120001399 0.013438026200969296 -0.005456227260316325 -0.026359717552001095 -0.0046751759552046248
leaf_weight=182 136 128 162 156 115 190 106 189 161 109
leaf_count=182 136 128 162 156 115 190 106 189 161 109
internal_value=-0.000256882 9.63512e-05 0.000585773 0.000186756 -0.00037992 -0.000651127 -1.15753e-05 0.000760134 -0.000304451 -0.000738009
internal_weight=1634 1452 716 588 736 621 431 295 426 270
internal_count=1634 1452 716 588 736 621 431 295 426 270
is_linear=0
shrinkage=0.05


Tree=77
num_leaves=10
num_cat=0
split_feature=4 1 2 0 2 3 4 5 4
split_gain=0.619752 0.135038 0.15102 0.150772 0.0985466 0.13022 0.144119 0.242352 0.0588854
threshold=8.103917173450478 1.0000000180025095e-35 9.5000000000000018 2.5000000000000004 12.500000000000002 3.5000000000000004 17.759150314908073 14.812494077070577 17.775560467622309
decision_type=2 2 2 2 2 2 2 2 2
left_child=-1 2 -2 8 5 6 7 -3 -4
right_child=1 4 3 -5 -6 -7 -8 -9 -10
leaf_value=-0.043134791395596755 -0.027288611066163305 -0.0039966206327301497 -0.030094315672253659 0.003448810967056232 0.033880371390322975 0.016257402066828533 -0.016829801135356575 0.038831387472859649 0.00014816628687774165
leaf_weight=182 194 190 195 150 125 145 120 136 197
leaf_count=182 194 190 195 150 125 145 120 136 197
internal_value=-0.000318044 2.75281e-05 -0.000447762 -1.84174e-05 0.000516038 0.000244931 -0.000178972 0.000366971 -0.000534352
internal_weight=1634 1452 736 542 716 591 446 326 392
internal_count=1634 1452 736 542 716 591 446 326 392
is_linear=0
shrinkage=0.05


Tree=78
num_leaves=12
num_cat=0
split_feature=4 2 2 3 3 5 4 2 4 0 4
split_gain=0.553411 0.151843 0.203099 0.187707 0.152432 0.328951 0.322747 0.270611 0.264439 0.211638 0.0858482
threshold=8.103917173450478 13.500000000000002 12.500000000000002 1.0000000180025095e-35 3.5000000000000004 17.691482265047792 8.7991993778378923 9.5000000000000018 14.647153352393607 1.5000000000000002 17.284961266800096
decision_type=2 2 2 2 2 2 2 2 2 2 2
left_child=-1 2 3 -2 5 6 -5 -8 -9 -6 -10
right_child=1 -3 -4 4 9 -7 7 8 10 -11 -12
leaf_value=-0.04097805182581693 0.0044977392605038439 -0.0093542377159296364 0.030730054347488892 -0.028388966360114145 0.018693436518046003 -0.096268765534799489 -0.026606343742527655 0.0084482746080431752 0.0083732853081206794 -0.0085363151647054811 -0.010905110455567406
leaf_weight=182 192 129 141 102 114 164 125 100 119 162 104
leaf_count=182 192 129 141 102 114 164 125 100 119 162 104
internal_value=-0.00019572 0.000130763 0.000290784 7.60766e-05 -0.000201818 -0.000587414 -1.18993e-09 0.000579063 0.00134259 0.000794223 0.000379463
internal_weight=1634 1452 1323 1182 990 714 550 448 323 276 223
internal_count=1634 1452 1323 1182 990 714 550 448 323 276 223
is_linear=0
shrinkage=0.05


Tree=79
num_leaves=12
num_cat=0
split_feature=4 1 2 2 4 5 3 4 0 4 4
split_gain=0.614456 0.211109 0.210236 0.137246 0.107844 0.42123 0.205261 0.227154 0.150826 0.0828674 0.00472883
threshold=9.0488119511972354 1.0000000180025095e-35 13.500000000000002 12.500000000000002 21.255582029183667 17.631870244434293 1.5000000000000002 14.581742261170929 2.5000000000000004 15.015935944971989 8.1391200894750728
decision_type=2 2 2 2 2 2 2 2 2 2 2
left_child=1 -1 3 4 5 6 9 -8 -9 -2 -3
right_child=2 10 -4 -5 -6 -7 7 8 -10 -11 -12
leaf_value=-0.045130516566808249 0.0027689598200919463 -0.0056666617652616942 -0.0088865258301331611 0.029193551630114556 0.0060346826065811789 -0.026649023678791624 0.0080258586742177757 0.00062884752795950172 -0.07755138118258742 0.015947884355192132 -0.0059277406913352711
leaf_weight=185 101 100 129 141 193 110 150 192 133 100 100
leaf_count=185 101 100 129 141 193 110 150 192 133 100 100
internal_value=-0.000134558 -0.00187824 0.000403999 0.000624441 0.000413264 0.000152477 0.000620383 5.25198e-05 -0.000690185 0.00195544 -0.00074627
internal_weight=1634 385 1249 1120 979 786 676 475 325 201 200
internal_count=1634 385 1249 1120 979 786 676 475 325 201 200
is_linear=0
shrinkage=0.05


Tree=80
num_leaves=14
num_cat=0
split_feature=4 2 4 4 4 2 5 5 5 5 5 5 5
split_gain=0.593278 0.171649 0.186389 0.167058 0.138456 0.150023 0.115986 0.345332 0.158481 0.127363 0.0480991 0.0412217 0.0178703
threshold=8.103917173450478 13.500000000000002 21.255582029183667 17.866577459022292 9.0488119511972354 9.5000000000000018 14.315603609139096 15.095265740253684 17.388673537110076 17.557638088725806 22.195685133074537 7.9955219858918811 14.968434578164022
decision_type=2 2 2 2 2 2 2 2 2 2 2 2 2
left_child=-1 2 3 4 11 12 -7 -8 -9 -10 -4 -2 -6
right_child=1 -3 10 -5 5 6 7 8 9 -11 -12 -13 -14
leaf_value=-0.036672623406185691 -0.0045762213359261212 -0.0084421995386265349 0.056768157238688291 -0.016285076732305111 -0.00039577655300360236 0.0083639125211248683 -0.039568986732086142 0.038369120707157589 -0.0076401646317572174 0.013547586472068282 0.003673234099866439 -0.0402927798876586 -0.0043551445845624939
leaf_weight=182 102 129 114 119 101 136 119 119 102 101 109 101 100
leaf_count=182 102 129 114 119 101 136 119 119 102 101 109 101 100
internal_value=-0.000103977 0.000233997 0.000404077 0.000136239 0.000351323 0.000654684 0.00106401 0.00066742 0.00151703 0.000661764 0.00171875 -0.000808825 -0.000519803
internal_weight=1634 1452 1323 1100 981 778 577 441 322 203 223 203 201
internal_count=1634 1452 1323 1100 981 778 577 441 322 203 223 203 201
is_linear=0
shrinkage=0.05


Tree=81
num_leaves=13
num_cat=0
split_feature=4 2 4 4 5 3 5 5 4 2 5 5
split_gain=0.491849 0.183994 0.168306 0.182103 0.166435 0.145345 0.2585 0.222996 0.146989 0.385682 0.141788 0.0480991
threshold=8.2371662673703891 13.500000000000002 21.255582029183667 17.866577459022292 7.892862858404742 1.5000000000000002 17.515456773192987 15.1986558882114 14.920260875602667 10.500000000000002 15.002209328671329 22.195685133074537
decision_type=2 2 2 2 2 2 2 2 2 2 2 2
left_child=4 2 3 5 -1 10 7 8 9 -7 -2 -4
right_child=1 -3 11 -5 -6 6 -8 -9 -10 -11 -12 -13
leaf_value=-0.0058459178915426175 0.0017855139651372605 -0.0080200895616951411 0.053929749376753815 -0.015470822895689823 -0.039380837260105994 -0.025391988922842664 -0.014577594913720071 0.041118578064246188 -0.067382186428576699 0.010139110469529374 0.016861920287513564 0.0034895723948732056
leaf_weight=102 148 129 114 119 143 189 131 113 115 106 116 109
leaf_count=102 148 129 114 119 143 189 131 113 115 106 116 109
internal_value=-7.33957e-05 0.000291366 0.000475812 0.000207128 -0.00213415 0.000446136 4.58003e-05 0.000543892 -1.18919e-09 0.000591215 0.00143396 0.00171875
internal_weight=1634 1389 1260 1037 245 918 654 523 410 295 264 223
internal_count=1634 1389 1260 1037 245 918 654 523 410 295 264 223
is_linear=0
shrinkage=0.05


Tree=82
num_leaves=12
num_cat=0
split_feature=4 4 4 4 4 5 1 5 3 4 3
split_gain=0.478595 0.196169 0.118541 0.182888 0.102721 0.101212 0.0965691 0.0835391 0.217943 0.146889 0.0494932
threshold=8.103917173450478 21.634836897058189 16.847485287348302 12.633736863687167 14.920260875602667 17.411012907157261 1.0000000180025095e-35 21.025954728766184 2.5000000000000004 17.716777754543248 2.5000000000000004
decision_type=2 2 2 2 2 2 2 2 2 2 2
left_child=-1 2 3 6 10 -4 -2 8 -7 -10 -5
right_child=1 -3 5 4 -6 7 -8 -9 9 -11 -12
leaf_value=-0.032869950372871062 -0.036134618172136028 0.025611140642292474 -0.056623619335020692 0.0055669962614950889 -0.00098357756656031778 0.012624376772842647 0.00055303395371178021 -0.013974919731532025 -0.023528786429728728 0.0014858298737115208 0.0038171408677740806
leaf_weight=182 120 186 100 143 175 161 132 124 108 101 102
leaf_count=182 120 186 100 143 175 161 132 124 108 101 102
internal_value=-0.000103977 0.000199586 -2.36792e-05 0.000430905 0.00106888 -0.000537816 -0.000632412 -0.000242425 0.00013477 -0.000928573 0.00172764
internal_weight=1634 1452 1266 672 420 594 252 494 370 209 245
internal_count=1634 1452 1266 672 420 594 252 494 370 209 245
is_linear=0
shrinkage=0.05


Tree=83
num_leaves=12
num_cat=0
split_feature=4 1 2 2 4 3 3 5 4 0 5
split_gain=0.350671 0.30712 0.20151 0.145821 0.156034 0.509058 0.184174 0.134726 0.270143 0.14659 0.117363
threshold=9.0488119511972354 1.0000000180025095e-35 13.500000000000002 12.500000000000002 14.749127931813627 2.5000000000000004 3.5000000000000004 17.691482265047792 21.590110208630517 2.5000000000000004 17.469155282519811
decision_type=2 2 2 2 2 2 2 2 2 2 2
left_child=1 -1 3 4 5 -2 7 9 -9 10 -6
right_child=2 -3 -4 -5 6 -7 -8 8 -10 -11 -12
leaf_value=-0.038677876320122984 0.035136687241181505 -0.0032000255924217302 -0.0079843150159391758 0.026095174979445641 0.045409354198029162 -0.058626426049123603 0.0030621327758733265 -0.07898261933312932 0.0016389834337377505 -0.026139284527452112 -0.00091053815750510945
leaf_weight=185 120 200 129 141 113 102 179 109 101 131 124
leaf_count=185 120 200 129 141 113 102 179 109 101 131 124
internal_value=-4.28146e-05 -0.0013601 0.000363999 0.000579838 0.000362244 0.00152466 1.97877e-05 -0.000414509 -0.0014218 0.0001626 0.00090336
internal_weight=1634 385 1249 1120 979 222 757 578 210 368 237
internal_count=1634 385 1249 1120 979 222 757 578 210 368 237
is_linear=0
shrinkage=0.05


Tree=84
num_leaves=11
num_cat=0
split_feature=4 1 5 0 1 3 4 5 5 4
split_gain=0.350671 0.30712 0.14327 0.181594 0.173571 0.0998028 0.228509 0.158011 0.0977667 0.27721
threshold=9.0488119511972354 1.0000000180025095e-35 13.653429397916669 1.0000000180025095e-35 1.0000000180025095e-35 1.5000000000000002 17.184407044911072 17.515456773192987 16.143062023611112 14.920260875602667
decision_type=2 2 2 2 2 2 2 2 2 2
left_child=1 -1 -2 4 -4 6 -5 8 9 -7
right_child=2 -3 3 5 -6 7 -8 -9 -10 -11
leaf_value=-0.036743982504116791 0.0067115107022506747 -0.0030400243128006275 0.00010335678586058107 -0.0085582930227331173 0.024253920899738404 0.0042848604966189427 0.018827583692480304 -0.026216708891831177 0.017531278221811115 -0.071198638018032986
leaf_weight=185 105 200 189 150 188 134 101 163 104 115
leaf_count=185 105 200 189 150 188 134 101 163 104 115
internal_value=-4.28146e-05 -0.0013601 0.000363999 0.000200872 0.00109788 -0.000240887 0.000575396 -0.000638299 -4.23741e-05 -0.000580001
internal_weight=1634 385 1249 1144 377 767 251 516 353 249
internal_count=1634 385 1249 1144 377 767 251 516 353 249
is_linear=0
shrinkage=0.05


Tree=85
num_leaves=13
num_cat=0
split_feature=5 1 2 4 5 5 4 5 5 4 5 5
split_gain=0.398823 0.168001 0.158057 0.145516 0.153775 0.204002 0.110104 0.228514 0.0886457 0.0637367 0.169898 0.0890379
threshold=7.9642520510864259 1.0000000180025095e-35 13.500000000000002 21.255582029183667 17.631870244434293 17.547561808726886 16.847485287348302 15.095265740253684 22.195685133074537 14.749127931813627 8.8328029498842611 14.151599858695876
decision_type=2 2 2 2 2 2 2 2 2 2 2 2
left_child=1 -1 3 4 5 6 7 9 -5 10 -2 -12
right_child=2 -3 -4 8 -6 -7 -8 -9 -10 -11 11 -13
leaf_value=-0.031476058687054484 -0.024273080322787587 -0.0049516456082531312 -0.0064674868331202773 0.054951585515105074 -0.016526162724058404 0.011443793528284535 -0.0063493897345978396 0.034846289241019533 0.00098139405819059992 -0.028505877329146424 0.0077566041049806425 0.0022766911793551323
leaf_weight=105 171 105 128 113 140 100 197 106 109 125 103 132
leaf_count=105 171 105 128 113 140 100 197 106 109 125 103 132
internal_value=-0.000103977 -0.0021327 0.00019649 0.000362374 0.000120929 0.00035294 9.58072e-05 0.000415359 0.00152466 -9.39969e-06 0.000294839 0.00116525
internal_weight=1634 210 1424 1296 1074 934 834 637 222 531 406 235
internal_count=1634 210 1424 1296 1074 934 834 637 222 531 406 235
is_linear=0
shrinkage=0.05


Tree=86
num_leaves=12
num_cat=0
split_feature=4 1 2 5 4 5 3 5 5 4 5
split_gain=0.318879 0.30712 0.184611 0.143453 0.143879 0.122102 0.0958329 0.241961 0.121816 0.185731 0.176049
threshold=9.0488119511972354 1.0000000180025095e-35 13.500000000000002 13.653429397916669 21.634836897058189 21.010848511708822 1.5000000000000002 17.322213927671921 17.44445733465751 17.716777754543248 15.095265740253684
decision_type=2 2 2 2 2 2 2 2 2 2 2
left_child=1 -1 3 -2 5 6 7 -5 10 -10 -8
right_child=2 -3 -4 4 -6 -7 8 -9 9 -11 -12
leaf_value=-0.033549068215548282 0.0060371150225932823 -0.0024173472384575959 -0.0064555880756034054 -0.0045899117173959581 0.031496847058450843 -0.051921617956939448 -0.032469972543008145 0.020110560648138234 -0.028478362218835582 0.0094062540410910223 0.02206003737518792
leaf_weight=185 103 200 129 137 148 102 168 100 115 109 138
leaf_count=185 103 200 129 137 148 102 168 100 115 109 138
internal_value=-0.000103977 -0.0013601 0.000283999 0.000490632 0.000309429 6.32172e-05 0.000279947 0.00111344 -9.41631e-05 -0.000977779 0.000553745
internal_weight=1634 385 1249 1120 1017 869 767 237 530 224 306
internal_count=1634 385 1249 1120 1017 869 767 237 530 224 306
is_linear=0
shrinkage=0.05


Tree=87
num_leaves=11
num_cat=0
split_feature=4 1 2 4 3 2 0 2 3 4
split_gain=0.318879 0.30712 0.184611 0.116164 0.413224 0.154992 0.133425 0.133462 0.135248 0.132632
threshold=9.0488119511972354 1.0000000180025095e-35 13.500000000000002 14.749127931813627 2.5000000000000004 12.500000000000002 2.5000000000000004 11.500000000000002 3.5000000000000004 17.847610741860649
decision_type=2 2 2 2 2 2 2 2 2 2
left_child=1 -1 3 4 -2 6 7 8 9 -5
right_child=2 -3 -4 5 -6 -7 -8 -9 -10 -11
leaf_value=-0.031871614804770895 0.030014203573169536 -0.0022964798765347017 -0.0061328086718232446 0.01826892832973449 -0.039433818101465734 0.047283023429245397 -0.026672308563010984 -0.053743778434278355 0.0087712806456075338 -0.0038207856693481508
leaf_weight=185 124 200 129 158 107 132 185 128 102 184
leaf_count=185 124 200 129 158 107 132 185 128 102 184
internal_value=-0.000103977 -0.0013601 0.000283999 0.000490632 0.00148707 0.000230336 -4.61753e-05 0.000331587 0.000741572 0.000262389
internal_weight=1634 385 1249 1120 231 889 757 572 444 342
internal_count=1634 385 1249 1120 231 889 757 572 444 342
is_linear=0
shrinkage=0.05


Tree=88
num_leaves=13
num_cat=0
split_feature=5 1 4 5 1 5 4 5 4 4 5 5
split_gain=0.398823 0.168001 0.121705 0.150358 0.0979135 0.0883281 0.144986 0.207452 0.0661117 0.0637367 0.169898 0.0890379
threshold=7.9642520510864259 1.0000000180025095e-35 20.839014387792279 17.631870244434293 1.0000000180025095e-35 17.557638088725806 16.847485287348302 15.095265740253684 17.415537861126889 14.749127931813627 8.8328029498842611 14.151599858695876
decision_type=2 2 2 2 2 2 2 2 2 2 2 2
left_child=1 -1 3 5 -4 6 7 9 -8 10 -2 -12
right_child=2 -3 4 -5 -6 -7 8 -9 -10 -11 11 -13
leaf_value=-0.026631221601685792 -0.022823722648302621 -0.0044683719720908571 -0.00012026871959121963 -0.0064715430996190385 0.026258171101339513 0.0093297422385736836 -0.044936391039751493 0.027919514535805767 -0.0047815932035816903 -0.024959867110939362 0.0076578107723042927 0.00089164202759872018
leaf_weight=105 171 105 154 145 150 107 114 108 115 125 103 132
leaf_count=105 171 105 154 145 150 107 114 108 115 125 103 132
internal_value=-0.000103977 -0.0021327 0.00019649 -4.46042e-05 0.00108197 0.000179302 1.15063e-05 0.000398436 -0.00106522 -9.39969e-06 0.000294839 0.00116525
internal_weight=1634 210 1424 1120 304 975 868 639 229 531 406 235
internal_count=1634 210 1424 1120 304 975 868 639 229 531 406 235
is_linear=0
shrinkage=0.05


Tree=89
num_leaves=12
num_cat=0
split_feature=4 1 5 0 3 5 5 2 5 5 4
split_gain=0.38397 0.30712 0.130513 0.147968 0.117252 0.307407 0.134652 0.115661 0.0784626 0.0709783 0.0901123
threshold=9.0488119511972354 1.0000000180025095e-35 13.653429397916669 1.0000000180025095e-35 1.5000000000000002 17.344639321995064 17.535098129917376 12.500000000000002 22.195685133074537 15.095265740253684 17.118207408218883
decision_type=2 2 2 2 2 2 2 2 2 2 2
left_child=1 -1 -2 7 5 -5 9 8 -4 -6 -11
right_child=2 -3 3 4 6 -7 -8 -9 -10 10 -12
leaf_value=-0.029060697117893303 0.004764633616412192 -0.0011322421492985569 0.0025795787794906187 -0.0074712069412714733 -0.036272468212965307 0.014928567075463157 -0.025517510930284149 0.069556517356216777 -0.01259489242675333 0.011432094816641357 -0.023698810549091308
leaf_weight=185 105 200 153 150 167 101 143 122 102 106 100
leaf_count=185 105 200 153 150 167 101 143 122 102 106 100
internal_value=1.83474e-05 -0.0013601 0.000443999 0.000288208 -0.000110678 0.000773808 -0.000541587 0.00109788 0.00048828 -4.01081e-05 0.000579709
internal_weight=1634 385 1249 1144 767 251 516 377 255 373 206
internal_count=1634 385 1249 1144 767 251 516 377 255 373 206
is_linear=0
shrinkage=0.05


Tree=90
num_leaves=13
num_cat=0
split_feature=4 1 2 5 3 2 2 5 4 4 4 2
split_gain=0.318879 0.30712 0.184611 0.143453 0.109904 0.203891 0.16956 0.161672 0.204917 0.145936 0.0767974 0.103355
threshold=9.0488119511972354 1.0000000180025095e-35 13.500000000000002 13.653429397916669 3.5000000000000004 10.500000000000002 12.500000000000002 17.691482265047792 17.472354126300733 21.590110208630517 14.749127931813627 10.500000000000002
decision_type=2 2 2 2 2 2 2 2 2 2 2 2
left_child=1 -1 3 -2 6 -6 7 8 10 -9 -5 -12
right_child=2 -3 -4 4 5 -7 -8 9 -10 -11 11 -13
leaf_value=-0.027607662261998629 0.0048960751055582494 -0.0010756300418336528 -0.0063188295474172571 0.0077568908058514435 0.029400302439386246 -0.0074433374289659864 0.017901613926665279 -0.072503217622243266 0.027493514416952039 -0.0017716924655033111 -0.043688983338241213 0.00072181441242557989
leaf_weight=185 103 200 129 113 108 141 101 109 104 101 126 114
leaf_count=185 103 200 129 113 108 141 101 109 104 101 126 114
internal_value=-0.000103977 -0.0013601 0.000283999 0.000490632 0.000309429 0.00122 1.30027e-05 -0.000276947 0.000251091 -0.0014218 -0.00032486 -0.000829877
internal_weight=1634 385 1249 1120 1017 249 768 667 457 210 353 240
internal_count=1634 385 1249 1120 1017 249 768 667 457 210 353 240
is_linear=0
shrinkage=0.05


Tree=91
num_leaves=12
num_cat=0
split_feature=4 1 2 5 5 5 4 1 5 5 3
split_gain=0.303549 0.30712 0.176438 0.150791 0.127558 0.15715 0.123009 0.111747 0.333553 0.208449 0.121822
threshold=9.0488119511972354 1.0000000180025095e-35 13.500000000000002 13.653429397916669 20.986271060539 22.195685133074537 17.759150314908073 1.0000000180025095e-35 14.812494077070577 14.94849391742793 2.5000000000000004
decision_type=2 2 2 2 2 2 2 2 2 2 2
left_child=1 -1 3 -2 6 -6 7 9 -9 -5 -10
right_child=2 -3 -4 4 5 -7 -8 8 10 -11 -12
leaf_value=-0.026227279148898736 0.0046512713502803423 -0.0010218485397419542 -0.0060028880700463728 0.0089386347225791259 0.019378042088208279 -0.0017190409041370346 -0.015637399173727036 -0.026793322197052688 0.042292256483015489 -0.012445355812702851 0.012490458594895032
leaf_weight=185 103 200 129 121 135 122 128 100 110 197 104
leaf_count=185 103 200 129 121 135 122 128 100 110 197 104
internal_value=-0.000134558 -0.0013601 0.000243999 0.000446029 0.000260313 0.00122093 -6.57042e-05 0.000221168 0.000888888 -0.000438873 0.002
internal_weight=1634 385 1249 1120 1017 257 760 632 314 318 214
internal_count=1634 385 1249 1120 1017 257 760 632 314 318 214
is_linear=0
shrinkage=0.05


Tree=92
num_leaves=13
num_cat=0
split_feature=5 5 2 2 4 4 3 3 2 2 4 5
split_gain=0.290227 0.229701 0.138775 0.147418 0.118542 0.152251 0.321525 0.217831 0.144137 0.0955806 0.087386 0.251552
threshold=7.9642520510864259 7.8827164867462072 13.500000000000002 12.500000000000002 17.211759895355819 14.581742261170929 1.5000000000000002 2.5000000000000004 11.500000000000002 10.500000000000002 17.749793744223719 21.307212733837453
decision_type=2 2 2 2 2 2 2 2 2 2 2 2
left_child=1 -1 3 4 5 6 -2 -8 10 -7 -6 -12
right_child=2 -3 -4 -5 8 9 7 -9 -10 -11 11 -13
leaf_value=-0.002379691758959271 -0.032198646818436392 -0.015675878752366416 -0.0056178554414413511 0.019804781848379333 0.016049393558371931 -0.0016855182086255686 0.025585450989208825 -0.0044267890595900139 -0.039175084526455115 -0.026627902665506832 -0.0018557523596955394 0.011023609541576313
leaf_weight=105 102 105 128 140 125 162 106 149 111 141 135 125
leaf_count=105 102 105 128 140 125 162 106 149 111 141 135 125
internal_value=-0.000165139 -0.00189574 9.12269e-05 0.000246722 6.05001e-05 -0.000378216 0.000321228 0.00126953 0.000643862 -0.00120066 0.00110104 0.000574711
internal_weight=1634 210 1424 1296 1156 660 357 255 496 303 385 260
internal_count=1634 210 1424 1296 1156 660 357 255 496 303 385 260
is_linear=0
shrinkage=0.05


Tree=93
num_leaves=12
num_cat=0
split_feature=5 5 2 2 5 4 3 3 3 3 4
split_gain=0.321802 0.229701 0.158057 0.125911 0.0683481 0.143985 0.128279 0.128979 0.122916 0.20988 0.0520723
threshold=7.9642520510864259 7.8827164867462072 13.500000000000002 12.500000000000002 14.362870865864307 14.920260875602667 3.5000000000000004 1.5000000000000002 1.5000000000000002 2.5000000000000004 17.688984098861606
decision_type=2 2 2 2 2 2 2 2 2 2 2
left_child=1 -1 3 4 8 -6 7 -7 -2 -10 -9
right_child=2 -3 -4 -5 5 6 -8 10 9 -11 -12
leaf_value=-0.0022607071710113251 -0.030588714627385123 -0.014892084814748078 -0.0053369626693692013 0.018814542755960399 0.010886597453539301 0.009296881179824891 0.0047950918269924767 -0.043294111454798799 0.015971826564393068 -0.02344636918731817 -0.001069011474117006
leaf_weight=105 132 105 128 140 104 199 155 145 116 159 146
leaf_count=105 132 105 128 140 104 199 155 145 116 159 146
internal_value=-7.33957e-05 -0.00189574 0.00019649 0.000362374 0.000190146 0.000473332 0.000193497 -0.000203667 -0.000330884 0.000271738 -0.000873289
internal_weight=1634 210 1424 1296 1156 749 645 490 407 275 291
internal_count=1634 210 1424 1296 1156 749 645 490 407 275 291
is_linear=0
shrinkage=0.05


Tree=94
num_leaves=12
num_cat=0
split_feature=5 5 2 2 1 5 5 4 4 5 4
split_gain=0.332687 0.229701 0.164762 0.119116 0.0667107 0.17198 0.152189 0.0963667 0.14842 0.0824581 0.123193
threshold=7.9642520510864259 7.8827164867462072 13.500000000000002 12.500000000000002 1.0000000180025095e-35 14.176204656913393 13.328071031393298 17.494653818684906 15.254933508041164 17.610384217691543 15.309038072497859
decision_type=2 2 2 2 2 2 2 2 2 2 2
left_child=1 -1 3 4 5 -2 -6 8 -8 10 -7
right_child=2 -3 -4 -5 6 9 7 -9 -10 -11 -12
leaf_value=-0.0021476718124607635 -0.04001095919444566 -0.014147480574010643 -0.0050701145359008009 0.017873815618162307 0.0081477102417348846 -0.0018451798179650166 0.0058373138100292288 0.0025667528919762384 -0.034678275675871076 -0.0025694069050311158 0.012376785009044048
leaf_weight=105 148 105 128 140 142 134 145 192 100 167 128
leaf_count=105 148 105 128 140 142 134 145 192 100 167 128
internal_value=-4.28146e-05 -0.00189574 0.000231578 0.000400924 0.000233361 -0.00014706 0.000612068 0.000148401 -0.000508131 0.000360464 0.000912546
internal_weight=1634 210 1424 1296 1156 577 579 437 245 429 262
internal_count=1634 210 1424 1296 1156 577 579 437 245 429 262
is_linear=0
shrinkage=0.05


Tree=95
num_leaves=13
num_cat=0
split_feature=5 5 1 4 4 4 4 4 5 5 3 5
split_gain=0.332687 0.229701 0.199903 0.120274 0.251478 0.151604 0.242491 0.102611 0.163876 0.121114 0.172594 0.218263
threshold=7.9642520510864259 7.8827164867462072 1.0000000180025095e-35 21.442451940899051 17.526674035289862 13.329445555889093 14.920260875602667 20.839014387792279 13.032917169333336 14.680676156438151 1.5000000000000002 17.515456773192987
decision_type=2 2 2 2 2 2 2 2 2 2 2 2
left_child=1 -1 3 4 5 -2 -7 8 -4 -10 -11 -12
right_child=2 -3 7 -5 -6 6 -8 -9 9 10 11 -13
leaf_value=-0.00204028822183773 -0.028625060496432642 -0.013440106545310131 0.0072516655743245012 0.014461016005201581 -0.022884394698930763 0.012797295558632158 -0.0068288109653971002 0.023056804326389093 -0.031888271439566039 0.012419237371095342 0.029994901816294935 -0.005350142392926264
leaf_weight=105 125 105 135 114 192 105 185 150 100 113 104 101
leaf_count=105 125 105 135 114 192 105 185 150 100 113 104 101
internal_value=-4.28146e-05 -0.00189574 0.000231578 -0.000353187 -0.000633225 6.0095e-05 0.000687284 0.000830965 0.000514439 2.38652e-05 0.000501566 -0.000364079
internal_weight=1634 210 1424 721 607 415 290 703 553 418 318 205
internal_count=1634 210 1424 721 607 415 290 703 553 418 318 205
is_linear=0
shrinkage=0.05


Tree=96
num_leaves=13
num_cat=0
split_feature=5 5 2 2 4 2 4 3 3 4 5 5
split_gain=0.332687 0.229701 0.164762 0.119116 0.0910294 0.163002 0.116769 0.234038 0.217831 0.0995678 0.170944 0.0357439
threshold=7.9642520510864259 7.8827164867462072 13.500000000000002 12.500000000000002 17.211759895355819 11.500000000000002 14.581742261170929 1.5000000000000002 2.5000000000000004 17.847610741860649 21.307212733837453 14.812494077070577
decision_type=2 2 2 2 2 2 2 2 2 2 2 2
left_child=1 -1 3 4 6 9 7 -2 -9 -6 -11 -8
right_child=2 -3 -4 -5 5 -7 11 8 -10 10 -12 -13
leaf_value=-0.0019382738107458081 -0.026160501155566784 -0.012768101218044607 -0.0051710326714095936 0.017225328333260785 0.015722710713959635 -0.034526249598198944 -0.049661500340580977 0.024838513727089132 -0.003450415282866852 -0.0053123894506585971 0.0017806917869674613 -0.0029331684265352085
leaf_weight=105 102 105 128 140 152 111 104 106 149 109 124 199
leaf_count=105 102 105 128 140 152 111 104 106 149 109 124 199
internal_value=-4.28146e-05 -0.00189574 0.000231578 0.000400924 0.000233361 0.000744466 -0.000151287 0.000460893 0.00126953 0.00123057 0.000576922 -0.000871712
internal_weight=1634 210 1424 1296 1156 496 660 357 255 385 233 303
internal_count=1634 210 1424 1296 1156 496 660 357 255 385 233 303
is_linear=0
shrinkage=0.05


Tree=97
num_leaves=13
num_cat=0
split_feature=5 5 1 4 4 4 4 4 4 3 4 5
split_gain=0.311096 0.229701 0.199316 0.131735 0.226397 0.154059 0.247829 0.115656 0.16354 0.255193 0.0761779 0.0553537
threshold=7.9642520510864259 7.8827164867462072 1.0000000180025095e-35 21.442451940899051 17.349250558914445 13.329445555889093 14.920260875602667 20.839014387792279 14.50585645221898 1.5000000000000002 17.830599065099836 17.515456773192987
decision_type=2 2 2 2 2 2 2 2 2 2 2 2
left_child=1 -1 3 4 5 -2 -7 8 -4 -10 -6 -11
right_child=2 -3 7 -5 10 6 -8 -9 9 11 -12 -13
leaf_value=-0.0018413601202085267 -0.025885782413832627 -0.012129696157142359 0.010464660571247298 0.013897187503425796 -0.023092718658604475 0.012876845627022127 -0.0084182190759105029 0.022127758356126567 0.0079993411265045309 -0.044204734499114884 -0.016426326349917583 -0.0058687683013984877
leaf_weight=105 125 105 180 114 117 105 147 150 128 144 113 101
leaf_count=105 125 105 180 114 117 105 147 150 128 144 113 101
internal_value=-0.000103977 -0.00189574 0.000161402 -0.000422439 -0.000715462 3.96814e-05 0.000750987 0.000759942 0.000424187 -0.000173798 -0.00194805 -0.00111789
internal_weight=1634 210 1424 721 607 377 252 703 553 373 230 245
internal_count=1634 210 1424 721 607 377 252 703 553 373 230 245
is_linear=0
shrinkage=0.05


Tree=98
num_leaves=13
num_cat=0
split_feature=5 5 2 2 5 4 5 4 4 3 1 4
split_gain=0.332687 0.229701 0.164762 0.119116 0.0648206 0.24224 0.158798 0.106227 0.262282 0.223408 0.105243 0.00378538
threshold=7.9642520510864259 7.8827164867462072 13.500000000000002 12.500000000000002 17.631870244434293 21.255582029183667 17.344639321995064 14.749127931813627 13.946575144744363 2.5000000000000004 1.0000000180025095e-35 17.543374551958561
decision_type=2 2 2 2 2 2 2 2 2 2 2 2
left_child=1 -1 3 4 6 -6 7 8 10 -9 -2 -8
right_child=2 -3 -4 -5 5 -7 11 9 -10 -11 -12 -13
leaf_value=-0.0017492921141981227 -0.024247059223120575 -0.011523211349285238 -0.0051044285523192583 0.01736324270258504 -0.016422384960482046 0.00099679766008288939 0.0010594267794173278 -0.023037772351955928 0.010529503478982639 0.045643492621122481 0.0062810526714145 0.015507701867447047
leaf_weight=105 134 105 128 140 110 184 101 149 119 108 150 101
leaf_count=105 134 105 128 140 110 184 101 149 119 108 150 101
internal_value=-4.28146e-05 -0.00189574 0.000231578 0.000400924 0.000233361 -0.000406781 0.000451911 7.56418e-05 0.000581682 -0.000717055 -0.000245615 0.00167488
internal_weight=1634 210 1424 1296 1156 294 862 660 403 257 284 202
internal_count=1634 210 1424 1296 1156 294 862 660 403 257 284 202
is_linear=0
shrinkage=0.05


Tree=99
num_leaves=13
num_cat=0
split_feature=5 5 2 2 5 5 5 4 2 3 4 4
split_gain=0.354999 0.229701 0.178587 0.106084 0.074211 0.146063 0.13725 0.133007 0.0901039 0.139389 0.249422 0.257108
threshold=7.9642520510864259 7.8827164867462072 13.500000000000002 12.500000000000002 8.8328029498842611 13.653429397916669 14.362870865864307 14.920260875602667 11.500000000000002 3.5000000000000004 17.472354126300733 20.740797021064036
decision_type=2 2 2 2 2 2 2 2 2 2 2 2
left_child=1 -1 3 4 -2 -6 -7 -8 9 10 -9 -12
right_child=2 -3 -4 -5 5 6 7 8 -10 -11 11 -13
leaf_value=-0.0016618275084882258 -0.0144063978922196 -0.010947050781820981 -0.0048492071247032186 0.016495080567455713 0.0082126178693414115 -0.047979612508139174 0.0098686697738110014 -0.034630231212975551 -0.039297767602788747 0.01384550004801852 0.017157944209636868 -0.0035377093088425739
leaf_weight=105 172 105 128 140 103 132 104 144 144 120 107 130
leaf_count=105 172 105 128 140 103 132 104 144 144 120 107 130
internal_value=1.83474e-05 -0.00189574 0.000301753 0.000478025 0.000319791 0.000487308 0.000277777 0.000539999 0.000270897 0.000587648 0.0001178 0.00111344
internal_weight=1634 210 1424 1296 1156 984 881 749 645 501 381 237
internal_count=1634 210 1424 1296 1156 984 881 749 645 501 381 237
is_linear=0
shrinkage=0.05


end of trees

feature_importances:
doc_shrunk_avg=393
pat_historical_dur=280
type_encoded=145
hour=96
day_of_week=80
department_encoded=29

parameters:
[boosting: gbdt]
[objective: quantile]
[metric: quantile]
[tree_learner: serial]
[device_type: cpu]
[data_sample_strategy: bagging]
[data: ]
[valid: ]
[num_iterations: 100]
[learning_rate: 0.05]
[num_leaves: 31]
[num_threads: 10]
[seed: 0]
[deterministic: 0]
[force_col_wise: 0]
[force_row_wise: 0]
[histogram_pool_size: -1]
[max_depth: -1]
[min_data_in_leaf: 100]
[min_sum_hessian_in_leaf: 0.001]
[bagging_fraction: 1]
[pos_bagging_fraction: 1]
[neg_bagging_fraction: 1]
[bagging_freq: 0]
[bagging_seed: 3]
[bagging_by_query: 0]
[feature_fraction: 1]
[feature_fraction_bynode: 1]
[feature_fraction_seed: 2]
[extra_trees: 0]
[extra_seed: 6]
[early_stopping_round: 0]
[early_stopping_min_delta: 0]
[first_metric_only: 0]
[max_delta_step: 0]
[lambda_l1: 0]
[lambda_l2: 1]
[linear_lambda: 0]
[min_gain_to_split: 0]
[drop_rate: 0.1]
[max_drop: 50]
[skip_drop: 0.5]
[xgboost_dart_mode: 0]
[uniform_drop: 0]
[drop_seed: 4]
[top_rate: 0.2]
[other_rate: 0.1]
[min_data_per_group: 100]
[max_cat_threshold: 32]
[cat_l2: 10]
[cat_smooth: 10]
[max_cat_to_onehot: 4]
[top_k: 20]
[monotone_constraints: ]
[monotone_constraints_method: basic]
[monotone_penalty: 0]
[feature_contri: ]
[forcedsplits_filename: ]
[refit_decay_rate: 0.9]
[cegb_tradeoff: 1]
[cegb_penalty_split: 0]
[cegb_penalty_feature_lazy: ]
[cegb_penalty_feature_coupled: ]
[path_smooth: 0]
[interaction_constraints: ]
[verbosity: 1]
[saved_feature_importance_type: 0]
[use_quantized_grad: 0]
[num_grad_quant_bins: 4]
[quant_train_renew_leaf: 0]
[stochastic_rounding: 1]
[linear_tree: 0]
[max_bin: 255]
[max_bin_by_feature: ]
[min_data_in_bin: 3]
[bin_construct_sample_cnt: 200000]
[data_random_seed: 1]
[is_enable_sparse: 1]
[enable_bundle: 1]
[use_missing: 1]
[zero_as_missing: 0]
[feature_pre_filter: 1]
[pre_partition: 0]
[two_round: 0]
[header: 0]
[label_column: ]
[weight_column: ]
[group_column: ]
[ignore_column: ]
[categorical_feature: ]
[forcedbins_filename: ]
[precise_float_parser: 0]
[parser_config_file: ]
[objective_seed: 5]
[num_class: 1]
[is_unbalance: 0]
[scale_pos_weight: 1]
[sigmoid: 1]
[boost_from_average: 1]
[reg_sqrt: 0]
[alpha: 0.9]
[fair_c: 1]
[poisson_max_delta_step: 0.7]
[tweedie_variance_power: 1.5]
[lambdarank_truncation_level: 30]
[lambdarank_norm: 1]
[label_gain: ]
[lambdarank_position_bias_regularization: 0]
[eval_at: ]
[multi_error_top_k: 1]
[auc_mu_weights: ]
[num_machines: 1]
[local_listen_port: 12400]
[time_out: 120]
[machine_list_filename: ]
[machines: ]
[gpu_platform_id: -1]
[gpu_device_id: -1]
[gpu_device_id_list: ]
[gpu_use_dp: 0]
[num_gpu: 1]

end of parameters

pandas_categorical:[]
